{"paths":{"0":["Animate/aotu/Aotu_tex",1],"1":["Texture/bgbg",1],"2":["audio/superwin_sound_w",8],"3":["audio/Bet_pls",8],"4":["audio/Stop_spin",8],"5":["Animate/lunpan/lunpan_tex",1],"6":["Font/shuzi02_0",1],"7":["audio/bigwin_sound_w",8],"8":["audio/But_spin",8],"9":["audio/pointer_swing",8],"10":["audio/UIspin",8],"11":["audio/Bg_nm",8],"12":["audio/btn_touch",8],"13":["Animate/bigwin/Bigwin_tex",1],"14":["audio/Sp_stop",8],"15":["audio/lights",8],"16":["audio/Win_nm",8],"17":["Animate/suprewin/superwin_tex",1],"18":["Font/gold",1],"19":["Font/MyriadPro-Bold",4],"20":["Texture/jbd",1],"21":["Animate/smailwin/money_tex",1],"22":["audio/lights_roll",8],"23":["audio/superwin",8],"24":["audio/Bet_rdc",8],"25":["Animate/winwin/winwin_tex",1],"26":["audio/bigwin",8],"27":["Texture/superspin",1],"28":["audio/Bet_max",8],"29":["audio/roll_number",8],"30":["Animate/winwin/winwin_tex",3,1],"34":["Animate/smailwin/money_tex",3,1],"35":["Texture/superspin",7],"37":["Animate/bigwin/Bigwin_tex",2],"38":["Animate/aotu/Aotu_tex",2],"39":["Animate/bigwin/Bigwin_tex",3,1],"40":["Animate/lunpan/lunpan_tex",3,1],"41":["Animate/suprewin/superwin_tex",2],"42":["Font/shuzi02_0",3,1],"43":["Animate/suprewin/superwin_tex",3,1],"44":["Prefabs/help",6],"46":["Animate/lunpan/lunpan_tex",2],"47":["Prefabs/winNode",6],"48":["Animate/winwin/winwin_ske",0],"49":["Texture/bgbg",3,1],"50":["Animate/suprewin/superwin_ske",0],"51":["Font/gold",5],"52":["Animate/winwin/winwin_tex",2],"53":["Texture/jbd",3,1],"54":["Font/gold",3,1],"55":["Animate/smailwin/money_ske",0],"56":["Animate/lunpan/lunpan_ske",0],"57":["Animate/aotu/Aotu_ske",0],"58":["Animate/smailwin/money_tex",2],"60":["Animate/bigwin/Bigwin_ske",0],"63":["Font/shuzi02_0",5],"64":["Animate/aotu/Aotu_tex",3,1]},"types":["dragonBones.DragonBonesAsset","cc.Texture2D","dragonBones.DragonBonesAtlasAsset","cc.SpriteFrame","cc.TTFFont","cc.BitmapFont","cc.Prefab","cc.SpriteAtlas","cc.AudioClip"],"uuids":["05XISvIOxIbJ8p/xEWENJo","1aUoVLVUZHm4dJZYwRdEQC","1b4ORccYpAkIUl/64cF7v8","288GojArlEioOuR47GfhWx","2ernsPrI5AbrL78cgiaj4W","2fe1pjvUxC57r/DY4KElzu","67lkRqLn1OApIqiDNHnni2","6baYMlZENHX6WYioGmbsI1","6cPO4EcVBNxZiV1PiLZYsN","6cooG/M2hMroIcDB2tWI5b","6eVLSs9JxEP64dQIu/2UL8","7cFdcF50tDOZacqZUfgtSQ","7fjXCJz5dBTZUkD3/CG/1p","95RlUrfiJFLYp07xdFq3f8","98I4Wf+JhLAp080cEL1Vtl","9ai3360yRM84Rt6PEr2luZ","9d8G/pjY9Cwab2RMGOXNtg","a1CT6981hKVI/G/Khn7BU2","beAkae9BNL2bpOsh7IEvG5","c7b5h84sdN+Y03YtM1cbwv","cbC2GUm/RAe74/R8h0Y9nu","d0LbRzmnBCBKihQbQfjwii","d0b30O7PlCNYMsQObCT0yH","daJADTBnBH2bqem0l7h10B","e0ITkCv5NG3KCoDpYSu61n","e7doSZHjlMWpmoK4S4U2JC","eb3PfcgAxJc7E9RB6z1V02","ec350glzJHoIPZM98o4K/i","f0wFqgt5hAbJpKeG4N99MH","fbVFJqNz1I3I5yQDryJa2m","10uHGwyxdLx6lu38VFtiBo","1a159edee","1d5v0Gb1ZFIrYWawhLYFgh","21sto/yRVHw7i8bO83O3F2","28DdFVNLhBRp9WxViv9tM8","2fLhq4ftVER6f57EtijyGo","30ifunASRErbiFgk9qYb9i","36SiguAKtCkaVtQZv8QgH7","51tVb821tOF75M/ll0GNBE","58xHfmifNCE4snx8bwR6su","6biWtZ3/hE+6b++BuveGCi","6e4bR1uS5LEJDFjz/gTq+f","73lcJ8NBdBb57Mf6AcLSAA","7e8/+NqUVI1bMMqoyMS3gH","87hQ7r7tZAV6k1YSsoJJa0","8dXfGycbZNR6u8V4DEpyot","94TsqyXTtKhZKaLP260btO","94UWkcgUtLnbSo3itDlL1J","9cw5mVYTJNPKdqebyTGltr","a8HLhTnlJP5Jnv8CKGRsUa","afz0iqWiFN6I0lGq/LiCyY","b1X/lpZ8tB+YwJokQpd9T3","b4v4iEO91DGbI0GPqJxcum","b9qPGHjy9BrqSraHIjCUgE","bc2ft0WuhBPLd/2guKmEYM","bfUwLjKcRP/7QXKKE0d3+w","bfpRz4hT1IObYy93ji9qja","c4Cy9dGiZEra2a/9CoDBoy","cdARIXLUNEGbehtm9ZQoMy","ceW67okbJGbJxYwd4aEcCz","d512tMoOdF1rUpZJlw8MS9","d8Ack9BFJDjaJQJRdIOhE9","f7oGiAsDpMqoi8JbBdpXX0","f9fR0xiBZLIK9ocRuWkhfA","f9rA8fFsZINLJoMmifcL1h","065qQC0DVGhpaAWQ4Ycamt","07cMK0sDFD7oHRs8jrjIi3","0eZMtPfzpOh6Row4fdC9Oc","0emybv/v9FLLFTJQeeRIdq","0e+rvMGMRK1pFyibrYkNmM","13G/QDsaRNSqn7RETG10x3","18hEK0islDkbJJ9mZRJUhs","1bwvPT4G9IGqxngT8PQ1eC","1f9digCeBBPYVoY7TmUph5","21MM67bLhDe61d4ePPHfYe","21RjDZK8BOroekGXLBlT+/","28oreHLB9MmJFVf9JexlTd","29FYIk+N1GYaeWH/q1NxQO","35BYiUu2BJQLQR3XoLHEj4","37VaQDpgVDH7YPh1GZMbfz","3eMitrPmFCeI0MtgkWbBTQ","41SQitFAFC+5d8OeJ0ItVS","43aq/PtR1LIrhj040Mujq1","4cvAZRXfhK6KvcOC8P/KPm","4e9Ee1/N1DFKcdkTfmxDcw","53APp8SMNBdJBgUDDYdqXq","5bgyULDCJHjo5SSBYy5cPD","5cqXC1KYNBi6a7hpL+b5Mw","65TaNl1WdBzYmQyE02vH0C","68nS1dF0RIj5KjgP6UYRC1","72QuhCZnZA8o6kVo9VicGZ","73Lr6ivY1Hl4YwPtCSwVJW","78lSQH995MXYQyNu2gd2NZ","85CpU9A1NIeaVEEBKcMY5w","8fn98P6adO5aAAPxyBxFOe","99KBq4qr1Moa2MRg+yW47Y","9anAcikFFL+72GVgcp5foa","a2MjXRFdtLlYQ5ouAFv/+R","a9cNWqur9KXJor3fP63NMi","abUDghrqxNPIiCIARm9F9d","b7/2u4mw1D+IqKrMbPTYbc","bbKydFc8RN4K3c14srPHhw","bdxs4k1LpI2ZG56UVMjmoY","caCsHOs+FJx4On7NeAJewf","caQKP4jJ1MZp42e3R7sjRN","ccCrWZfSJGx7l7T3GQLa5l","d3H8p2Vn5HSIzcDvldtgPe","d78RzQv9REWbmADz7+r1W/","dd87lr1vhMd4TqBhIZ/AgK","e1hDp+CYtLdoqmbjEP6Hl6","e97GVMl6JHh5Ml5qEDdSGa","eaXdnWWupGsZy72/ujAcZj","ecpdLyjvZBwrvm+cedCcQy","f0BIwQ8D5Ml7nTNQbh1YlS","f2IjBFyY9EAbFu2vrgIXRs","f8G7G4GgxJCIeG6GI7RYiU","feO2XcMX9Hco1EUnyIIvcW","ffDdntJ4NEc6teA7E9r42+"],"scenes":{"db://assets/Turntable/TurntableScene.fire":61},"redirect":[77,0,97,1,110,0,111,1,112,2,113,0],"deps":["main","resources","internal"],"packs":{"0163c9df9":[44,104],"01a7ce5a4":[65,67,72,2,73,76,3,4,78,87,88,7,8,9,10,92,11,12,14,95,15,48,16,49,98,53,56,57,59,22,61,23,24,26,28,115,29,117],"04a6c0b3b":[66,68,69,70,74,79,81,82,83,84,91,93,96,99,100,103,107,109,114],"051caae50":[35,80,85,94,101,116],"09ffe7a18":[42,63],"0dac4c0c5":[51,54],"0e2657615":[0,31,1,32,33,5,36,6,45,13,17,18,20,21,25,27,62],"0ec054772":[47,50,55,60]},"name":"Turntable","importBase":"import","nativeBase":"native","debug":false,"isZip":false,"encrypted":false,"versions":{"import":["0163c9df9","66faa","01a7ce5a4","9048e","04a6c0b3b","002ed","051caae50","53ccd","09ffe7a18","be8b5","0dac4c0c5","fc05e","0e2657615","3e4d0","0ec054772","58066",30,"fdee7",71,"3f57a",75,"9bc97",34,"7019b",37,"12601",38,"04ff2",39,"9a9f3",86,"7b7ca",89,"452a4",40,"85bd3",41,"639ed",90,"c6650",43,"724ca",46,"8e640",52,"6ecb7",102,"a8c2a",19,"eead5",105,"68ac4",58,"5b973",106,"3495e",108,"03104",64,"35a8b"],"native":[0,"c967f",31,"7ffa5",1,"a9200",2,"b362f",32,"cb1b7",33,"4d2cf",3,"54781",4,"4f1d8",5,"7eb2b",36,"96ca6",6,"36d61",7,"7fca1",8,"66491",9,"d433a",10,"7b240",11,"9ad00",12,"3fe66",45,"3f7ac",13,"3c9a6",14,"40f96",15,"eb78b",16,"d130d",17,"bf103",18,"90e1e",19,"2cf8f",20,"6121a",59,"2cf8f",21,"7d3f8",22,"3d3e4",23,"46280",24,"77c3a",25,"1ee67",26,"0d124",27,"a8461",28,"90bf2",62,"838a8",29,"f023c"]}}