[1,0,0,[["cc.AnimationClip",["_name","_duration","wrapMode","curveData"],0,11]],[[0,0,1,2,3,4]],[[0,"wd",1.3333333333333333,2,[{},"paths",11,[{"WILD_2222":{"props":{"scale":[],"opacity":[]}}},"WILD_1111",11,[{},"props",11,[{"position":[{"frame":0.5,"value":[0,-57.302,0]},{"frame":1.3333333333333333,"value":[0,-57.302,0]}],"opacity":[{"frame":0.25,"value":0},{"frame":0.5,"value":150},{"frame":1,"value":0}]},"scale",12,[[[{"frame":0},"value",8,[0,1,1]],[{"frame":0.25},"value",8,[0,1.25,1.25]],[{"frame":0.3},"value",8,[0,1.15,1.15]],[{"frame":0.5833333333333334},"value",8,[0,1.15,1.15]],[{"frame":1},"value",8,[0,1,1]]],11,11,11,11,11]]],"WILD_1",11,[{},"props",11,[{"position":[],"opacity":[{"frame":0,"value":255}]},"scale",12,[[[{"frame":0},"value",8,[0,1,1]],[{"frame":0.25},"value",8,[0,1.25,1.25]],[{"frame":0.3},"value",8,[0,1.15,1.15]],[{"frame":0.5833333333333334},"value",8,[0,1.15,1.15]],[{"frame":1},"value",8,[0,1,1]]],11,11,11,11,11]]],"WILD_3333",11,[{},"props",11,[{"opacity":[{"frame":0,"value":0},{"frame":0.36666666666666664,"value":255},{"frame":1.1833333333333333,"value":0}]},"scale",12,[[[{"frame":0},"value",8,[0,0,0]],[{"frame":1.1833333333333333},"value",8,[0,3,3]],[{"frame":1.3333333333333333},"value",8,[0,0,0]]],11,11,11]]],"WILD_2",11,[{},"props",11,[{},"scale",12,[[[{"frame":0},"value",8,[0,1,1]],[{"frame":0.7},"value",8,[0,1.1,1.1]],[{"frame":1.3333333333333333},"value",8,[0,1,1]]],11,11,11]]]]]]],0,0,[],[],[]]