[1,["ecpdLyjvZBwrvm+cedCcQy","131e4306b","a2MjXRFdtLlYQ5ouAFv/+R","6eGfPQdN5F/L2Kgf2gZZJD","4e9hv8XT5IpqQi2CqXdMMH","dcSKL7tENL4Lk4goi/EGmg","88Dl4I6GxHvJwj6N8AkGjG","173nMFVuJBHo3jcwJnFNzF","c0wFKdrFZIbY+ysIvk1GkO","c9rLkYc1BF756jluHUrDB3","72Ibny40NDw63kOnIhaTqY","827DjP89BAEpJv1WePWdq6","496/OFMWpGqZoKxkaSLING","a7S5LTkvtDabIP70NI5Qy+","1b705998f","09o+Wm7UpLurkvWaLY61qc","caEqyvz7pBUbmfW3Ai0Lxa","2agheqW69PorVfHWKn5smM","bf8aJ0yIlCPJES1YKqLr4n"],["node","_textureSetter","_spriteFrame","root","data","_parent","_pageView","indicator","indicator1","spriteFrame"],["cc.SpriteFrame",["cc.Node",["_name","_opacity","_prefab","_contentSize","_components","_parent","_children","_trs","_anchorPoint","_color"],1,4,5,9,1,2,7,5,5],["cc.Sprite",["_sizeMode","_type","node","_materials","_spriteFrame"],1,1,3,6],["cc.Node",["_name","_parent","_components","_prefab","_contentSize","_trs","_children","_anchorPoint"],2,1,2,4,5,7,2,5],["cc.Widget",["_alignFlags","_originalWidth","_originalHeight","node"],0,1],["cc.PrefabInfo",["fileId","root"],2,1],["cc.Prefab",["_name"],2],["c512aoqRxNAuKzHQfqNVpxo",["node","indicator","indicator1"],3,1,6,6],["cc.Layout",["_resize","_N$layoutType","_N$spacingY","node","_layoutSize"],0,1,5],["cc.BlockInputEvents",["node"],3,1],["cc.Button",["zoomScale","_N$transition","node","clickEvents"],1,1,9],["cc.ClickEvent",["_componentId","handler","target"],1,1],["cc.Mask",["_N$alphaThreshold","node","_materials"],2,1,3],["cc.PageViewIndicator",["spacing","node","cellSize"],2,1,5],["cc.PageView",["bounceDuration","node","_N$content","pageEvents","_N$indicator"],2,1,1,9,1]],[[5,0,1,2],[2,0,2,3,4,2],[1,0,5,4,2,3,2],[1,0,5,6,2,3,7,2],[1,0,5,6,4,2,3,7,2],[11,0,1,2,3],[6,0,2],[1,0,6,4,2,3,7,2],[1,0,6,4,2,3,8,2],[1,0,1,5,4,2,9,3,3],[1,0,5,6,4,2,3,8,7,2],[1,0,5,4,2,3,7,2],[3,0,1,6,2,3,4,7,5,2],[3,0,1,2,3,4,5,2],[4,0,3,2],[4,0,1,2,3,4],[7,0,1,2,1],[5,1,1],[8,0,1,2,3,4,4],[2,2,3,4,1],[2,1,0,2,3,3],[9,0,1],[10,0,1,2,3,3],[12,0,1,2,2],[13,0,1,2,2],[14,0,1,2,3,4,2]],[[[[6,"CandySagaRuleNode"],[7,"CandySagaRuleNode",[-4,-5],[[14,45,-2],[16,-3,18,19]],[17,-1],[5,1520,720],[760,360,0,0,0,0,1,1,1,1]],[8,"content",[-7,-8,-9,-10],[[18,1,1,15,-6,[5,3800,350]]],[0,"10Rew7MDBGOpsmjPUpnl55",1],[5,3800,350],[0,0,0.5]],[4,"content",1,[-12,-13,-14],[[1,2,-11,[16],17]],[0,"46apkN1IFD+5Dr+hQ13n92",1],[5,1053,606],[0,-6,0,0,0,0,1,1,1,1]],[12,"New PageView",3,[-16,-17,-18],[-15],[0,"4fZr76l/ZFO7D10LtrX2u2",1],[5,950,460],[0,0,0.5],[-472.261,-8.89,0,0,0,0,1,1,1,1]],[9,"bg",96,1,[[1,0,-19,[0],1],[15,45,100,100,-20],[21,-21]],[0,"ab9XmE+39Heq3MMvOZ9i61",1],[4,4278190080],[5,1520,720]],[4,"box_close",3,[-23],[[22,1.1,3,-22,[[5,"c512aoqRxNAuKzHQfqNVpxo","onHide",1]]]],[0,"13nlsnO/pMS4F3ZvlPVwgU",1],[5,83,86],[524.923,244.971,0,0,0,0,1,1,1,0]],[10,"view",4,[2],[[23,0,-24,[15]]],[0,"94GRZABelHAZZ7tV9vNpMS",1],[5,950,460],[0,0,0.5],[0,-5,0,0,0,0,1,1,1,1]],[11,"title_paytable",3,[[1,2,-25,[2],3]],[0,"d4ND7ahc5ElZS5YBrEb7Hw",1],[5,619,64],[-6,291.255,0,0,0,0,1,1,1,1]],[2,"box_close",6,[[19,-26,[4],5]],[0,"c2kNNRvDxAQIaafB3twsya",1],[5,70,71]],[2,"background",4,[[20,1,0,-27,[6]]],[0,"3dOZH6/ntJ/avr4EpAqP/D",1],[5,400,350]],[3,"page_1",2,[-28],[0,"f1CTBR9xNH1aoMOqQxrlnl",1],[5,950,460],[475,-8.776,0,0,0,0,1,1,1,1]],[2,"page_1",11,[[1,0,-29,[7],8]],[0,"c9pOwfcQJHR4Ql0N9I8O11",1],[5,860,460]],[3,"page_2",2,[-30],[0,"b7zF9loVFCBLNMzxiEMzof",1],[5,950,460],[1425,-8.776,0,0,0,0,1,1,1,1]],[2,"page_2",13,[[1,2,-31,[9],10]],[0,"b1q7FZ6yZAHL/a5BFMFrRm",1],[5,780,442]],[3,"page_3",2,[-32],[0,"965FJgCqFPxY82XmJaEAGm",1],[5,950,460],[2375,-8.776,0,0,0,0,1,1,1,1]],[2,"page_3",15,[[1,0,-33,[11],12]],[0,"02QkrbowpIObGE9SMpGq8K",1],[5,890,409]],[3,"page_4",2,[-34],[0,"6c4ewcfENOurdoazudWlfT",1],[5,950,460],[3325,-8.776,0,0,0,0,1,1,1,1]],[2,"page_4",17,[[1,0,-35,[13],14]],[0,"bdomgRT01A1JbfLu69ETmh",1],[5,890,409]],[13,"indicator",4,[-36],[0,"e0NSikWYVBzqdeiBge58sl",1],[5,33,33],[446.801,-254.081,0,0,0,0,1,1,1,1]],[24,10,19,[5,33,33]],[25,0.5,4,2,[[5,"c512aoqRxNAuKzHQfqNVpxo","pageViewClick",1]],20]],0,[0,3,1,0,0,1,0,0,1,0,-1,5,0,-2,3,0,0,2,0,-1,11,0,-2,13,0,-3,15,0,-4,17,0,0,3,0,-1,8,0,-2,6,0,-3,4,0,-1,21,0,-1,10,0,-2,7,0,-3,19,0,0,5,0,0,5,0,0,5,0,0,6,0,-1,9,0,0,7,0,0,8,0,0,9,0,0,10,0,-1,12,0,0,12,0,-1,14,0,0,14,0,-1,16,0,0,16,0,-1,18,0,0,18,0,-1,20,0,4,1,2,5,7,20,6,21,36],[0,0,0,0,0,0,0,0,0,0,0,0,0,0,0,0,0,0,0,0,20],[-1,2,-1,2,-1,2,-1,-1,2,-1,2,-1,2,-1,2,-1,-1,2,7,8,9],[0,2,0,3,0,4,0,0,5,0,6,0,7,0,8,0,0,9,10,11,12]],[[{"name":"3","rect":[0,8,792,433],"offset":[0,-2],"originalSize":[792,445],"capInsets":[0,0,0,0]}],[0],0,[0],[1],[13]],[[{"name":"qieye1","rect":[3,3,33,33],"offset":[0,0],"originalSize":[33,33],"capInsets":[0,0,0,0]}],[0],0,[0],[1],[14]],[[{"name":"rule","rect":[3,3,524,59],"offset":[-0.5,-0.5],"originalSize":[619,64],"capInsets":[0,0,0,0]}],[0],0,[0],[1],[1]],[[{"name":"qieye2","rect":[981,296,74,16],"offset":[0,0],"originalSize":[74,16],"rotated":1,"capInsets":[0,0,0,0]}],[0],0,[0],[1],[1]],[[{"name":"qieye1","rect":[981,274,33,16],"offset":[-20.5,0],"originalSize":[74,16],"capInsets":[0,0,0,0]}],[0],0,[0],[1],[1]],[[{"name":"2","rect":[0,0,776,435],"offset":[-2,3.5],"originalSize":[780,442],"capInsets":[0,0,0,0]}],[0],0,[0],[1],[15]],[[{"name":"4","rect":[3,2,803,372],"offset":[0,-1],"originalSize":[809,374],"capInsets":[0,0,0,0]}],[0],0,[0],[1],[16]],[[{"name":"rule0","rect":[1,0,1051,606],"offset":[0,0],"originalSize":[1053,606],"capInsets":[0,0,0,0]}],[0],0,[0],[1],[17]],[[{"name":"1","rect":[0,0,860,459],"offset":[0,0],"originalSize":[860,459],"capInsets":[0,0,0,0]}],[0],0,[0],[1],[18]]]]