[1,["bf/V3ox7tD2ILcYrS1oCrR"],["_texture"],[["dragonBones.DragonBonesAtlasAsset",["_name","_atlasJson"],1]],[[0,0,1,3]],[[0,"Freespin_tex","{\"width\":2048,\"SubTexture\":[{\"width\":718,\"y\":580,\"height\":201,\"name\":\"totalwin-fb/caop\",\"x\":1},{\"width\":1011,\"y\":830,\"height\":210,\"name\":\"totalwin-fb/组_131\",\"x\":1},{\"width\":1022,\"y\":458,\"height\":370,\"name\":\"totalwin-fb/组_132\",\"x\":937},{\"width\":934,\"y\":1,\"height\":577,\"name\":\"totalwin-fb/组_133\",\"x\":1},{\"width\":904,\"y\":1,\"height\":455,\"name\":\"totalwin-fb/men\",\"x\":937},{\"width\":266,\"y\":1175,\"height\":278,\"name\":\"totalwin-fb/ren2\",\"x\":1370},{\"width\":354,\"y\":830,\"height\":344,\"name\":\"totalwin-fb/ren1\",\"x\":1014},{\"width\":223,\"y\":1425,\"height\":222,\"name\":\"totalwin-fb/bo\",\"x\":1638},{\"width\":548,\"y\":1042,\"height\":130,\"name\":\"totalwin-fb/banzi\",\"x\":1},{\"width\":649,\"y\":830,\"height\":170,\"name\":\"totalwin-fb/FREE__SPIN\",\"x\":1370},{\"width\":633,\"y\":1002,\"height\":171,\"name\":\"totalwin-fb/totalwin\",\"x\":1370},{\"width\":218,\"y\":1175,\"height\":248,\"name\":\"ggg\",\"x\":1638}],\"height\":2048,\"name\":\"Freespin\",\"imagePath\":\"Freespin_tex.png\"}"]],0,0,[0],[0],[0]]