[1,["b2R8Y2ztBN1ZDdUMvvm25d","ae/44YF/5IBre1TqFUQ2pi"],["_textureSetter","spriteFrame"],["cc.SpriteFrame",["cc.BitmapFont",["_name","fontSize","_fntConfig"],0]],[[1,0,1,2,4]],[[[{"name":"font2","rect":[0,0,128,128],"offset":[0,0],"originalSize":[128,128],"capInsets":[0,0,0,0]}],[0],0,[0],[0],[0]],[[[0,"font2",32,{"commonHeight":70,"fontSize":32,"atlasName":"C:\\Users\\Administrator\\Desktop\\补充切图\\font2.png","fontDefDictionary":{"9":{"xOffset":0,"yOffset":0,"xAdvance":0,"rect":{"x":0,"y":0,"width":0,"height":0}},"32":{"xOffset":0,"yOffset":0,"xAdvance":22,"rect":{"x":0,"y":0,"width":0,"height":0}},"48":{"xOffset":0,"yOffset":37,"xAdvance":22,"rect":{"x":0,"y":78,"width":22,"height":33}},"49":{"xOffset":0,"yOffset":38,"xAdvance":15,"rect":{"x":82,"y":77,"width":15,"height":32}},"50":{"xOffset":0,"yOffset":37,"xAdvance":21,"rect":{"x":56,"y":0,"width":21,"height":33}},"51":{"xOffset":0,"yOffset":37,"xAdvance":21,"rect":{"x":55,"y":77,"width":21,"height":33}},"52":{"xOffset":0,"yOffset":38,"xAdvance":22,"rect":{"x":28,"y":39,"width":22,"height":32}},"53":{"xOffset":0,"yOffset":38,"xAdvance":21,"rect":{"x":56,"y":39,"width":21,"height":32}},"54":{"xOffset":0,"yOffset":37,"xAdvance":22,"rect":{"x":28,"y":0,"width":22,"height":33}},"55":{"xOffset":0,"yOffset":38,"xAdvance":21,"rect":{"x":28,"y":77,"width":21,"height":32}},"56":{"xOffset":0,"yOffset":37,"xAdvance":22,"rect":{"x":0,"y":39,"width":22,"height":33}},"57":{"xOffset":0,"yOffset":37,"xAdvance":22,"rect":{"x":0,"y":0,"width":22,"height":33}}},"kerningDict":{}}]],0,0,[0],[1],[1]]]]