[1,["adn2XBO49FurOhPGO2UHif","21Pfv3i6xOnZioniRFy7pr"],["_textureSetter","spriteFrame"],["cc.SpriteFrame",["cc.BitmapFont",["_name","fontSize","_fntConfig"],0]],[[1,0,1,2,4]],[[[{"name":"font4","rect":[0,0,128,128],"offset":[0,0],"originalSize":[128,128],"capInsets":[0,0,0,0]}],[0],0,[0],[0],[0]],[[[0,"font4",32,{"commonHeight":70,"fontSize":32,"atlasName":"C:\\Users\\Administrator\\Desktop\\板球切图\\font4.png","fontDefDictionary":{"9":{"xOffset":0,"yOffset":0,"xAdvance":0,"rect":{"x":0,"y":0,"width":0,"height":0}},"32":{"xOffset":0,"yOffset":0,"xAdvance":22,"rect":{"x":0,"y":0,"width":0,"height":0}},"48":{"xOffset":0,"yOffset":42,"xAdvance":21,"rect":{"x":48,"y":0,"width":17,"height":28}},"49":{"xOffset":0,"yOffset":42,"xAdvance":17,"rect":{"x":68,"y":68,"width":13,"height":28}},"50":{"xOffset":0,"yOffset":42,"xAdvance":22,"rect":{"x":24,"y":34,"width":18,"height":28}},"51":{"xOffset":0,"yOffset":42,"xAdvance":21,"rect":{"x":48,"y":34,"width":17,"height":28}},"52":{"xOffset":0,"yOffset":42,"xAdvance":22,"rect":{"x":24,"y":68,"width":18,"height":28}},"53":{"xOffset":0,"yOffset":42,"xAdvance":22,"rect":{"x":0,"y":68,"width":18,"height":28}},"54":{"xOffset":0,"yOffset":42,"xAdvance":22,"rect":{"x":24,"y":0,"width":18,"height":28}},"55":{"xOffset":0,"yOffset":42,"xAdvance":18,"rect":{"x":48,"y":68,"width":14,"height":28}},"56":{"xOffset":0,"yOffset":42,"xAdvance":22,"rect":{"x":0,"y":34,"width":18,"height":28}},"57":{"xOffset":0,"yOffset":42,"xAdvance":22,"rect":{"x":0,"y":0,"width":18,"height":28}}},"kerningDict":{}}]],0,0,[0],[1],[1]]]]