[1,["ecpdLyjvZBwrvm+cedCcQy","1aeb76e70","ceW67okbJGbJxYwd4aEcCz","87qTnYXQ9C4bi6wsDKV3AX","ae+rW/kHRBDJ+4Ov5bgm/h","40HDT/cNlPsaVNUOKcKVjI","4bPR7x9MdBCoZeQbdsJH0T","842VX/VFdLU7KJi6Ud/0C3","a2MjXRFdtLlYQ5ouAFv/+R","ceEy1Ue3dO04DSkwrlWrUa"],["node","_spriteFrame","_textureSetter","_N$file","root","data"],[["cc.Node",["_name","_opacity","_prefab","_contentSize","_components","_parent","_trs","_children","_color","_anchorPoint"],1,4,5,9,1,7,2,5,5],["6dbaacb0j9CkpNlQEFpLMCG",["_string","_N$verticalAlign","_N$cacheMode","_N$textKey","_fontSize","_N$horizontalAlign","_N$overflow","_enableWrapText","_styleFlags","_lineHeight","node","_materials"],-7,1,3],"cc.SpriteFrame",["cc.Sprite",["_sizeMode","_type","node","_materials","_spriteFrame"],1,1,3,6],["cc.PrefabInfo",["fileId","root"],2,1],["cc.Label",["_string","_fontSize","_isSystemFontUsed","_N$horizontalAlign","_N$verticalAlign","_N$cacheMode","node","_materials","_N$file"],-3,1,3,6],["cc.Prefab",["_name"],2],["74f27Wmhl9N+b3nBSpWXSgt",["node"],3,1],["cc.Button",["zoomScale","_N$transition","node","clickEvents"],1,1,9],["cc.ClickEvent",["_componentId","handler","target"],1,1],["cc.Widget",["_alignFlags","_originalWidth","node"],1,1]],[[4,0,1,2],[0,0,5,4,2,8,3,6,2],[0,0,5,4,2,3,6,2],[3,1,0,2,3,4,3],[1,0,4,7,8,5,1,6,2,3,10,11,10],[1,0,4,9,5,1,6,2,3,10,11,9],[0,0,5,4,2,3,2],[3,2,3,4,1],[3,0,2,3,4,2],[10,0,1,2,3],[1,0,4,7,5,1,6,2,3,10,11,9],[5,0,1,2,3,4,5,6,7,8,7],[6,0,2],[0,0,7,4,2,3,2],[0,0,5,7,2,3,6,2],[0,0,1,5,4,2,8,3,6,3],[0,0,5,4,2,3,9,6,2],[7,0,1],[4,1,1],[8,0,1,2,3,3],[9,0,1,2,3],[1,0,4,7,5,1,2,3,10,11,8],[1,0,1,6,2,3,10,11,6],[5,0,1,2,3,4,6,7,8,6]],[[[{"name":"box_record_line1","rect":[689,3,34,65],"offset":[0,0],"originalSize":[34,65],"rotated":1,"capInsets":[10,13,8,18]}],[2],0,[0],[2],[1]],[[[12,"FirstRule"],[13,"FirstRule",[-3,-4,-5,-6],[[17,-2]],[18,-1],[5,800,620]],[14,"box_record_line1",1,[-7,-8,-9,-10,-11,-12,-13,-14,-15,-16,-17,-18,-19,-20,-21,-22,-23,-24],[0,"76xwfrJjdJTKtPcPjv4FuO",1],[5,710,250],[0,90.245,0,0,0,0,1,1,1,1]],[2,"bounscard_btn_help",1,[[7,-25,[2],3],[19,1.1,3,-26,[[20,"74f27Wmhl9N+b3nBSpWXSgt","closeBtnClick",1]]]],[0,"f4iCeIh4NKiLucX5HLyPvn",1],[5,81,81],[384.612,301.236,0,0,0,0,1,1,1,0]],[6,"box_line",2,[[3,1,0,-27,[8],9],[9,40,20,-28]],[0,"456Vx2TUxG368fRc4sXgUj",1],[5,710,2]],[2,"box_line",2,[[3,1,0,-29,[10],11],[9,40,20,-30]],[0,"f5Y69Ug6JPR5Viu/1Ob795",1],[5,710,2],[0,-66,0,0,0,0,1,1,1,1]],[6,"bg",1,[[8,0,-31,[0],1]],[0,"1egT+p6edMPZYNxFaq4rok",1],[5,800,630]],[2,"box_record_line1",2,[[3,1,0,-32,[4],5]],[0,"8fnukCUMFPNI7IgCx+hykh",1],[5,710,60],[0,96,0,0,0,0,1,1,1,1]],[2,"box_record_line2",2,[[3,1,0,-33,[6],7]],[0,"665IZ81OpPdYrCExpG5AjU",1],[5,710,200],[0,-34,0,0,0,0,1,1,1,1]],[15,"New Sprite(Splash)",50,2,[[8,0,-34,[12],13]],[0,"cez8cvDZNEjJKJqo6RI2+S",1],[4,4278190080],[5,228,260],[24,-4,0,0,0,0,1,1,1,1]],[1,"tit1",2,[[10,"Add cash amount",24,false,1,1,2,1,"HallScene/Prefabs/FirstAddCash/FirstRule/Add cash amount",-35,[14]]],[0,"c8eMwFZdxNpYbPrvLTyKdm",1],[4,4292927015],[5,233.48,50.4],[-223,95,0,0,0,0,1,1,1,1]],[1,"tit1",2,[[10,"gift ratio",24,false,1,1,2,1,"HallScene/Prefabs/FirstAddCash/FirstRule/Welcome bonus",-36,[15]]],[0,"a9vFWmKsdPt6yL5/y7bJ6e",1],[4,4292927015],[5,214.56,50.4],[23,95,0,0,0,0,1,1,1,1]],[1,"tit1",2,[[21,"amount of reward",18,false,1,1,1,"HallScene/Prefabs/FirstAddCash/FirstRule/Instant Cash",-37,[16]]],[0,"78hKSLP+FDWbz8Qf0QH0gW",1],[4,4292927015],[5,140.07,50.4],[247.17,95,0,0,0,0,1,1,1,1]],[2,"tit1",2,[[11,"20-50",30,false,1,1,1,-38,[17],18]],[0,"b6qT5WlcJNQ686wGHEH9lu",1],[5,76.26,50.4],[-227,35,0,0,0,0,1,1,1,1]],[1,"bountLab0",2,[[4,"40%",30,false,1,1,1,2,1,"HallScene/Prefabs/FirstAddCash/FirstRule/upto1",-39,[19]]],[0,"16831iGOFP4K8Rmg7/f58t",1],[4,4285300001],[5,200.07,50.4],[23,35,0,0,0,0,1,1,1,1]],[1,"cashLab0",2,[[5,"Up to Rs 20, received within 5 days",28,26,1,1,3,1,"HallScene/Prefabs/FirstAddCash/FirstRule/upto4",-40,[20]]],[0,"8dOGj3U6xLT5S7zuc8mCWn",1],[4,4285300001],[5,180,84.75999999999999],[249.714,35,0,0,0,0,1,1,1,1]],[2,"tit1",2,[[23,"100-500",30,false,1,1,-41,[21],22]],[0,"29UGetxIdJI7wV6UxXdyZ9",1],[5,109.56,50.4],[-227,-32,0,0,0,0,1,1,1,1]],[1,"bountLab1",2,[[4,"50%",30,false,1,1,1,2,1,"HallScene/Prefabs/FirstAddCash/FirstRule/upto2",-42,[23]]],[0,"d6slnhFpRAG5ytiM8quRcv",1],[4,4285300001],[5,200.07,50.4],[23,-32,0,0,0,0,1,1,1,1]],[1,"cashLab0",2,[[5,"Up to Rs 250, received within 5 days",28,26,1,1,3,1,"HallScene/Prefabs/FirstAddCash/FirstRule/upto5",-43,[24]]],[0,"eep0UXBS1JYLYWWsZNxrjR",1],[4,4285300001],[5,180,84.75999999999999],[249.714,-33,0,0,0,0,1,1,1,1]],[2,"tit1",2,[[11,">1000",30,false,1,1,1,-44,[25],26]],[0,"b2kriV+b9LQoTMEN9xcVyx",1],[5,84.48,50.4],[-227,-98,0,0,0,0,1,1,1,1]],[1,"bountLab2",2,[[4,"60%",28,false,1,1,1,2,1,"HallScene/Prefabs/FirstAddCash/FirstRule/upto3",-45,[27]]],[0,"fbhkX10OtAO6QKZXK9nJ/D",1],[4,4285300001],[5,217.88,50.4],[25.374,-98,0,0,0,0,1,1,1,1]],[1,"cashLab0",2,[[5,"Up to Rs 1800, received within 5 days",28,26,1,1,3,1,"HallScene/Prefabs/FirstAddCash/FirstRule/upto6",-46,[28]]],[0,"3dck/HlfpFTY9ZU65WSZ0l",1],[4,4285300001],[5,180,110.75999999999999],[249.714,-98,0,0,0,0,1,1,1,1]],[16,"tit",2,[[22,"1.Enter the mall for the first time to recharge and participate in activities. \r\n2.The wider the top-up range, the more rewards you get. \r\n3.Activity reward deposits are divided into 5 days and collected. \r\n4.There is an opportunity to participate in this activity",1,2,1,"HallScene/Prefabs/FirstAddCash/FirstRule/rule",-47,[29]]],[0,"0fhNvhPMFJd7cQXk8/SE7c",1],[5,710,230],[0,0,0.5],[-354,-263,0,0,0,0,1,1,1,1]],[2,"title_cips",1,[[7,-48,[30],31]],[0,"cdlboLCNpGsbzlkp7eV8bL",1],[5,134,33],[0,261.306,0,0,0,0,1,1,1,1]]],0,[0,4,1,0,0,1,0,-1,6,0,-2,3,0,-3,2,0,-4,23,0,-1,7,0,-2,8,0,-3,4,0,-4,5,0,-5,9,0,-6,10,0,-7,11,0,-8,12,0,-9,13,0,-10,14,0,-11,15,0,-12,16,0,-13,17,0,-14,18,0,-15,19,0,-16,20,0,-17,21,0,-18,22,0,0,3,0,0,3,0,0,4,0,0,4,0,0,5,0,0,5,0,0,6,0,0,7,0,0,8,0,0,9,0,0,10,0,0,11,0,0,12,0,0,13,0,0,14,0,0,15,0,0,16,0,0,17,0,0,18,0,0,19,0,0,20,0,0,21,0,0,22,0,0,23,0,5,1,48],[0,0,0,0,0,0,0,0,0,0,0,0,0,0,0,0,0,0,0,0,0,0,0,0,0,0,0,0,0,0,0,0],[-1,1,-1,1,-1,1,-1,1,-1,1,-1,1,-1,1,-1,-1,-1,-1,3,-1,-1,-1,3,-1,-1,-1,3,-1,-1,-1,-1,1],[0,4,0,5,0,6,0,7,0,3,0,3,0,8,0,0,0,0,2,0,0,0,2,0,0,0,2,0,0,0,0,9]],[[{"name":"box_record_line2","rect":[827,55,164,100],"offset":[0,0],"originalSize":[164,100],"capInsets":[27,20,32,27]}],[2],0,[0],[2],[1]],[[{"name":"box_line","rect":[3,3,20,2],"offset":[0,0],"originalSize":[20,2],"capInsets":[0,0,0,0]}],[2],0,[0],[2],[1]],[[{"name":"title_tips","rect":[587,3,96,32],"offset":[0,-1],"originalSize":[134,34],"capInsets":[0,0,0,0]}],[2],0,[0],[2],[1]]]]