[1,["ecpdLyjvZBwrvm+cedCcQy","1d5b06c04","11950c273","09sS8YD4BOMYApJQxHgFzV","54dZMFWc5MkJAiZayWN41A","16mNeCAUdC2Lmwxq8MZgzk","8dT1EnM1ZPS6RKRD9JQJA5","7elkquufJHbIQFygLbvzZG","a2MjXRFdtLlYQ5ouAFv/+R","9e9tus0oxI26oZZtLEBx9s","75K+v92vxKVr5gyVF98aQL","de7KAF9HRAJLclUKKnpC8d","d0X0KUcsFNa7zaPSqtsRSA","d4y34DHuFFWY8yCcJSaylj","a2NiQMX8RKU6cTy2zdEKTC","90x+YdJDZJKJ7itsbSG4BM","f3eZJU1LNO/6VC3UlDi2Wr","a3lKgVmLhMn6WJPGMunZCv","c8nYCamcBMwrG1l9EPJ9UQ","a22VTPpGRCspwXYmeNpKsH","f5m3kGfPpHD6JvWVcnqGhf","99BQR7wTtOkIn9cJzZ7/rF","5ffAA50ztDnKmDzSDVm838","91vg7LbltFxqAg9Ej6F0hI","a0RIUXMK9JXIxLO5LqOVIZ","4ebZpTtp9Jx4StsBvB3GDU","93cvkt7bhASqUVpJugl4OI","a4csjAHUNDq6DP0n0A3ksp","8aRbk0v9VEfql7TOS1njLk","eaz319nUBA6bPCnRxlu5cU","168ea7419"],["node","_textureSetter","_spriteFrame","root","_parent","_N$file","vipHead","imgIcon","_N$placeholderLabel","_N$textLabel","data"],["cc.SpriteFrame",["cc.Node",["_name","_active","_opacity","_prefab","_components","_contentSize","_parent","_trs","_children","_color","_anchorPoint"],0,4,9,5,1,7,2,5,5],["cc.Sprite",["_sizeMode","_type","_isTrimmedMode","node","_materials","_spriteFrame"],0,1,3,6],["cc.Label",["_fontSize","_N$verticalAlign","_string","_N$horizontalAlign","_lineHeight","_styleFlags","_enableWrapText","_N$overflow","_isSystemFontUsed","node","_materials","_N$file"],-6,1,3,6],["6dbaacb0j9CkpNlQEFpLMCG",["_string","_fontSize","_enableWrapText","_N$verticalAlign","_N$textKey","_N$overflow","_styleFlags","_N$horizontalAlign","node","_materials"],-5,1,3],["cc.Widget",["_alignFlags","_originalWidth","_originalHeight","alignMode","_left","node"],-2,1],["cc.PrefabInfo",["fileId","root","asset"],2,1,1],["cc.Button",["_N$transition","zoomScale","node","clickEvents"],1,1,9],["cc.Node",["_name","_objFlags","_active","_parent","_components","_prefab","_contentSize","_anchorPoint","_trs","_color"],0,1,12,4,5,5,7,5],["cc.ClickEvent",["_componentId","handler","customEventData","target"],0,1],["cc.Prefab",["_name"],2],["cc.Node",["_name","_parent","_components","_prefab","_contentSize","_trs"],2,1,2,4,5,7],["9eb83+ad9ZOmL/GYIJVAYYw",["node","vipHead"],3,1,1],["cc.Layout",["_N$layoutType","_N$spacingY","node"],1,1],["46ba2MIG3RE3IcQtFWoWBNQ",["node","imgIcon","imgFrame"],3,1,1,3],["cc.BlockInputEvents",["node"],3,1],["cc.EditBox",["maxLength","_N$inputMode","node","editingDidBegan","textChanged","editingDidEnded","editingReturn","_N$textLabel","_N$placeholderLabel"],1,1,9,9,9,9,1,1],["cc.LabelOutline",["_width","node"],2,1],["cc.LabelShadow",["_blur","node","_color","_offset"],2,1,5,5]],[[6,0,1,2,2],[2,3,4,5,1],[9,0,1,3,3],[1,0,6,4,3,5,7,2],[1,0,6,8,4,3,5,7,2],[1,0,6,4,3,5,10,7,2],[2,1,0,3,4,5,3],[7,1,0,2,3,3],[1,0,1,6,8,4,3,5,7,3],[7,2,3,1],[9,0,1,2,3,4],[1,0,6,4,3,5,2],[1,0,6,4,3,9,5,10,7,2],[6,0,1,2],[3,2,0,5,3,1,9,10,6],[3,2,0,4,8,3,1,9,10,11,7],[1,0,8,4,3,5,7,2],[1,0,6,8,3,5,7,2],[2,3,4,1],[2,0,3,4,5,2],[5,0,1,2,5,4],[5,3,0,4,1,2,5,6],[3,2,0,1,9,10,4],[3,0,4,6,1,7,9,10,6],[3,0,3,1,9,10,4],[18,0,1,2,3,2],[4,0,1,2,3,5,4,8,9,7],[10,0,2],[1,0,8,3,2],[1,0,1,8,4,3,7,3],[1,0,2,6,4,3,9,5,3],[1,0,1,6,8,4,3,5,10,7,3],[1,0,6,4,3,9,5,7,2],[1,0,1,6,4,3,5,3],[1,0,1,6,4,3,5,7,3],[8,0,1,2,3,4,5,6,7,8,4],[8,0,1,3,4,5,9,6,7,8,3],[11,0,1,2,3,4,5,2],[2,0,2,3,4,5,3],[12,0,1,1],[5,0,5,2],[6,1,2,1],[13,0,1,2,3],[14,0,1,2,1],[15,0,1],[7,0,2,3,2],[16,0,1,2,3,4,5,6,7,8,3],[17,0,1,2],[4,0,1,2,3,4,8,9,6],[4,0,1,2,6,3,5,4,8,9,8],[4,0,1,2,6,7,3,5,4,8,9,9]],[[[{"name":"v1","rect":[3,3,152,159],"offset":[0,-3.5],"originalSize":[204,172],"rotated":1,"capInsets":[0,0,0,0]}],[0],0,[0],[1],[2]],[[{"name":"btn_wenhao","rect":[503,630,40,42],"offset":[0,0],"originalSize":[40,42],"rotated":1,"capInsets":[0,0,0,0]}],[0],0,[0],[1],[1]],[[{"name":"01","rect":[503,573,45,51],"offset":[0,0],"originalSize":[45,51],"capInsets":[0,0,0,0]}],[0],0,[0],[1],[1]],[[[27,"UserInfoPopup"],[16,"UserInfoPopup",[-6,-7],[[18,-2,[71]],[39,-4,-3],[20,45,860,540,-5]],[41,-1,0],[5,1520,720],[760,360,0,0,0,0,1,1,1,1]],[28,"mainNode",[-8,-9,-10,-11,-12,-13,-14,-15,-16,-17,-18,-19,-20,-21],[0,"64tmOnxqpJCZS+xgp7NFyx",1,0]],[4,"labelNode",2,[-23,-24,-25,-26,-27],[[42,2,15.4,-22]],[0,"cedsF4ZoxMPYtw4meHp+an",1,0],[5,300,200],[-25.576,26.079,0,0,0,0,1,1,1,1]],[29,"ViperHeadNode",false,[-31],[[43,-30,-29,[9,10,11,12,13,14,15,16,17,18]]],[13,"a8e01qgQNDlaO5A8GmHJsn",-28],[-0.137,-2.948,0,0,0,0,1,1,1,1]],[16,"node",[-34,2],[[6,1,2,-32,[69],70],[44,-33]],[0,"1eggfUBs9FK4e0y6blaiuC",1,0],[5,426,712],[-141.5,0,0,0,0,0,1,1,1,1]],[4,"xinxidi",3,[-36,-37,-38],[[6,1,0,-35,[36],37]],[0,"55Dl3M8ZlBmLdlIgPXrb7S",1,0],[5,362.4,47.4],[25.7,76.3,0,0,0,0,1,1,1,1]],[8,"xinxidi1",false,3,[-40,-41,-42],[[6,1,0,-39,[43],44]],[0,"14pLUESGtDI5L6r0sZ65t6",1,0],[5,362.4,47.4],[25.7,13.499999999999995,0,0,0,0,1,1,1,1]],[8,"xinxidi3",false,3,[-44,-45,-46],[[6,1,0,-43,[54],55]],[0,"b2sFp0vtBD7osoYNVVOu/2",1,0],[5,396,66],[24.001,-85,0,0,0,0,1,1,1,1]],[30,"New Sprite(Splash)",180,1,[[19,0,-47,[0],1],[20,45,100,100,-48],[9,-49,[[2,"9eb83+ad9ZOmL/GYIJVAYYw","onHide",1]]]],[0,"77Himw2yhPArJ93b4jCy3a",1,0],[4,4278190080],[5,1520,720]],[17,"imgHeadBg",2,[-50,-51,4],[0,"24yT3JjLtLWLM2Wk7HQ/Nm",1,0],[5,91,91],[-158.209,285.726,0,0,0,0,1,1,1,1]],[31,"nameEdit",false,2,[-55,-56],[[46,13,6,-54,[[2,"9eb83+ad9ZOmL/GYIJVAYYw","onEditBoxBegin",1]],[[2,"9eb83+ad9ZOmL/GYIJVAYYw","editChangeEnd",1]],[[2,"9eb83+ad9ZOmL/GYIJVAYYw","onEditBoxEnd",1]],[[2,"9eb83+ad9ZOmL/GYIJVAYYw","onEditBoxReturn",1]],-53,-52]],[0,"25kQs8JrlNarkhy6s0djDl",1,0],[5,300,40],[0,0,0.5],[-109.576,313,0,0,0,0,1,1,1,1]],[4,"xinxidi2",3,[-58,-59],[[6,1,0,-57,[48],49]],[0,"34I0zlwFpOvagsKkV3Ag2o",1,0],[5,362.4,47.4],[25.7,13.499999999999995,0,0,0,0,1,1,1,1]],[8,"xinxidi4",false,3,[-61,-62],[[6,1,0,-60,[58],59]],[0,"5cnI0vEH9AlJwQyuXrkeEC",1,0],[5,396,92],[24.001,-240,0,0,0,0,1,1,1,1]],[8,"btn_lingqu_02",false,2,[-65],[[1,-63,[61],62],[45,3,-64,[[2,"9eb83+ad9ZOmL/GYIJVAYYw","onBindMobile",1]]]],[0,"dcI5YgWatBYq4h39P9NwnQ",1,0],[5,223,74],[81.775,-192.394,0,0,0,0,1,1,1,0]],[32,"bindBonus",14,[[14,"4",20,1,1,1,-67,[60]],[47,1.2,-68]],[13,"efgZPCo7BBtJGjF04PXh3t",-66],[4,4280678143],[5,13.52,52.8],[-34.62,2.644,0,0,0,0,1,1,1,1]],[3,"label",2,[[14,"Change Password",32.8,1,1,1,-69,[67]],[9,-70,[[2,"9eb83+ad9ZOmL/GYIJVAYYw","onBtnEditPassword",1]]],[25,1,-71,[4,4278190080],[0,0,-1]]],[0,"1eFS6x0xRGhp40KX7UeP07",1,0],[5,284.34,50.4],[-1.393,-290.781,0,0,0,0,1,1,1,1]],[3,"label",2,[[14,"                                ",32.8,5,1,1,-72,[68]],[9,-73,[[2,"9eb83+ad9ZOmL/GYIJVAYYw","onBtnEditPassword",1]]],[25,1,-74,[4,4278190080],[0,0,-1]]],[0,"0foOpNC+NE9JguEtJL0eDp",1,0],[5,291.61,50.4],[-1.393,-296.942,0,0,0,0,1,1,1,1]],[4,"content",1,[5],[[40,9,-75]],[0,"31IwrHxrtNEIUE6h2umxRl",1,0],[5,720,720],[-400,0,0,0,0,0,1,1,1,1]],[3,"btn_copy",2,[[1,-76,[21],22],[7,1.1,3,-77,[[2,"9eb83+ad9ZOmL/GYIJVAYYw","onCopyCb",1]]]],[0,"1fLmpXB9hLdaMsnjKxTCOB",1,0],[5,45,51],[160.138,302.933,0,0,0,0,1,1,1,0]],[4,"btn_Male",2,[-79],[[9,-78,[[10,"9eb83+ad9ZOmL/GYIJVAYYw","onSetSex","1",1]]]],[0,"2fpO6PMPxLaoBkwwvtZ7MA",1,0],[5,142.6,49.8],[-65.6,182.1,0,0,0,0,1,1,1,1]],[4,"btn_Female",2,[-81],[[9,-80,[[10,"9eb83+ad9ZOmL/GYIJVAYYw","onSetSex","2",1]]]],[0,"c3eaKU/mNLGqUeJHieIzgg",1,0],[5,135.3,54.9],[71.7,182.3,0,0,0,0,1,1,1,1]],[35,"TEXT_LABEL",512,false,11,[[-82,[21,0,45,2,158,40,-83]],1,4],[0,"9daV0DnSBB55E/s4PSGhsW",1,0],[5,298,40],[0,0,1],[2,20,0,0,0,0,1,1,1,1]],[36,"PLACEHOLDER_LABEL",512,11,[[-84,[21,0,45,2,158,40,-85]],1,4],[0,"b3Ejann6NMHpmqJlNBDTd5",1,0],[4,4290493371],[5,298,40],[0,0,1],[2,20,0,0,0,0,1,1,1,1]],[8,"btn_help",false,6,[-87],[[7,1.1,3,-86,[[10,"9eb83+ad9ZOmL/GYIJVAYYw","onHelpCb","1",1]]]],[0,"918WKs+r9HFos20kso+Bqf",1,0],[5,60,60],[154.03,0.325,0,0,0,0,1,1,1,0]],[4,"btn_help",7,[-89],[[7,1.1,3,-88,[[10,"9eb83+ad9ZOmL/GYIJVAYYw","onHelpCb","2",1]]]],[0,"52uxmL3GZFVquG/cE8jQjR",1,0],[5,60,60],[153.591,-0.375,0,0,0,0,1,1,1,0]],[4,"btn_help",8,[-91],[[7,1.1,3,-90,[[10,"9eb83+ad9ZOmL/GYIJVAYYw","onHelpCb","3",1]]]],[0,"a8thj+rLVDBbaPyaiFg9qe",1,0],[5,60,60],[-51.713,-3.15,0,0,0,0,1,1,1,0]],[3,"btn_transations",2,[[1,-92,[63],64],[7,0.95,3,-93,[[2,"9eb83+ad9ZOmL/GYIJVAYYw","onBtnTransations",1]]]],[0,"5dQKlFUxVBd7oGRSv+dlqV",1,0],[5,331,62],[-0.88,-130.656,0,0,0,0,1,1,1,0]],[3,"btn_bet_history",2,[[1,-94,[65],66],[7,0.95,3,-95,[[2,"9eb83+ad9ZOmL/GYIJVAYYw","onBtnBetHistory",1]]]],[0,"557s6PuoFLZaHQmJXn9D0q",1,0],[5,331,62],[-0.958,-215.9,0,0,0,0,1,1,1,0]],[5,"New Label copy",5,[[1,-96,[2],3]],[0,"89xg0TySJDY4ZBrXZs1VhH",1,0],[5,62,19],[0,0,0.5],[-82.488,260.787,0,0,0,0,1,1,1,1]],[17,"nodeHead",10,[-97],[0,"351KyUZxhIKL3thmSJZDzA",1,0],[5,86,86],[20.982,-4.553,0,0,0,0,1,1,1,1]],[11,"imgHead",30,[[38,0,false,-98,[4],5]],[0,"cdYR6qYnZGSKIRFSd5cJCg",1,0],[5,83.3,83.1]],[33,"avatar_frame_2",false,10,[[19,0,-99,[6],7]],[0,"caheM63u1EwatDeUzKKQhU",1,0],[5,96,96]],[37,"imgIcon",4,[-100],[13,"598b88X+xI/qiI8M51ozfO",4],[5,152,159],[0,0,0,0,0,0,1,0.68,0.68,1]],[18,33,[8]],[34,"icon_revise",false,2,[[1,-101,[19],20]],[0,"ecX4Znf+tPg55sZdK8YlDL",1,0],[5,49,54],[172.188,313.838,0,0,0,0,1,1,1,1]],[3,"choose1",20,[[1,-102,[23],24]],[0,"e0+BUpVXBHh5NgYKegNchg",1,0],[5,279,54],[65.934,0.688,0,0,0,0,1,1,1,1]],[3,"choose2",21,[[1,-103,[25],26]],[0,"adpggf9CZE7qfb1G9l7pcQ",1,0],[5,279,54],[-71.455,0.468,0,0,0,0,1,1,1,1]],[5,"playerIdLabel",2,[[22,"001245323123",28,1,-104,[27]]],[0,"23vooeWT5Mwr6AcxP+gEuI",1,0],[5,186.87,50.4],[0,0,0.5],[-13.308,262.179,0,0,0,0,1,1,1,1]],[5,"nameLabel",2,[[22,"sdfsgsdfg",30,1,-105,[28]]],[0,"94d2rWz2NKGIhwyMu71DS9",1,0],[5,128.41,50.4],[0,0,0.5],[-85.133,302.156,0,0,0,0,1,1,1,1]],[23,35,35,false,1,1,22,[29]],[23,35,35,false,1,1,23,[30]],[5,"New Label",6,[[26,"Deposit",26.2,false,1,2,"HallScene/Prefabs/UserInfo/UserInfoPopup/Deposit",-106,[31]]],[0,"c0k2sySyBNwrZK0X5gBrGc",1,0],[5,140,50.4],[0,0,0.5],[-170.999,-1.038,0,0,0,0,1,1,1,1]],[3,"balanceLabel",6,[[15,"11",37.8,40.4,false,2,1,-107,[32],33]],[0,"1fa6/5nThDZoNWDArAHYhP",1,0],[5,42.7,40.4],[21.862,-4.052,0,0,0,0,1,1,1,1]],[11,"btn_help copy",24,[[1,-108,[34],35]],[0,"69E+SDlpBKXrFgFIF1dlEf",1,0],[5,42,41]],[5,"New Label copy",7,[[48,"Winnings",26.2,false,1,"HallScene/Prefabs/UserInfo/UserInfoPopup/Winnings",-109,[38]]],[0,"ebh2WfRXVH95cAxQHifQup",1,0],[5,107.76,50.4],[0,0,0.5],[-171.733,0,0,0,0,0,1,1,1,1]],[3,"withLabel",7,[[15,"11",37.8,40.4,false,2,1,-110,[39],40]],[0,"eeLJMfgQxDf6U+UZUsvzi0",1,0],[5,42.7,40.4],[22.12,-3.689,0,0,0,0,1,1,1,1]],[11,"btn_help copy",25,[[1,-111,[41],42]],[0,"0cEwOUAD5BxKIgOZZyfMhu",1,0],[5,42,41]],[5,"New Label copy",12,[[26,"TotalCash",26.2,false,1,2,"HallScene/Prefabs/UserInfo/UserInfoPopup/TotalCash",-112,[45]]],[0,"4a9dLGZXFOD7UE41zRk7Z/",1,0],[5,200,50.4],[0,0,0.5],[-171.07,-1.163,0,0,0,0,1,1,1,1]],[3,"totalLabel",12,[[15,"11",37.8,40.4,false,2,1,-113,[46],47]],[0,"b6eGCxPGlJJo4Z1uQQKNlh",1,0],[5,42.7,40.4],[22.234,-4.026,0,0,0,0,1,1,1,1]],[12,"New Label copy",8,[[49,"Bonus",28,false,1,1,2,"HallScene/Prefabs/UserInfo/UserInfoPopup/Bonus",-114,[50]]],[0,"44u763H3xCBIDgsrVoj5WS",1,0],[4,4282179318],[5,200,50.4],[0,0,0.5],[-173.421,0,0,0,0,0,1,1,1,1]],[12,"bonusLabel",8,[[24,28,2,1,-115,[51]]],[0,"9alaXszpxHMoidVOqD+iXa",1,0],[4,4282179318],[5,0,50.4],[0,1,0.5],[166.999,0,0,0,0,0,1,1,1,1]],[11,"btn_help copy",26,[[1,-116,[52],53]],[0,"0b1LYcvB9PbYCGdNq3eL8O",1,0],[5,40,42]],[12,"New Label copy",13,[[50,"Mobile",28,false,1,1,1,2,"HallScene/Prefabs/BindMobile/BindMobilePopup/Mobile",-117,[56]]],[0,"349pShfOJLZaoDn7CiJbpM",1,0],[4,4282179318],[5,95,50.4],[0,0,0.5],[-173.421,0,0,0,0,0,1,1,1,1]],[12,"mobileLabel",13,[[24,28,2,1,-118,[57]]],[0,"73IxUNvx1Kkp+y9Tx/4fRn",1,0],[4,4282179318],[5,0,50.4],[0,1,0.5],[166.999,0,0,0,0,0,1,1,1,1]]],0,[0,3,1,0,0,1,0,6,4,0,0,1,0,0,1,0,-1,9,0,-2,18,0,-1,10,0,-2,35,0,-3,19,0,-4,20,0,-5,21,0,-6,38,0,-7,39,0,-8,11,0,-9,3,0,-10,14,0,-11,27,0,-12,28,0,-13,16,0,-14,17,0,0,3,0,-1,6,0,-2,7,0,-3,12,0,-4,8,0,-5,13,0,3,4,0,7,34,0,0,4,0,-1,33,0,0,5,0,0,5,0,-1,29,0,0,6,0,-1,42,0,-2,43,0,-3,24,0,0,7,0,-1,45,0,-2,46,0,-3,25,0,0,8,0,-1,50,0,-2,51,0,-3,26,0,0,9,0,0,9,0,0,9,0,-1,30,0,-2,32,0,8,41,0,9,40,0,0,11,0,-1,22,0,-2,23,0,0,12,0,-1,48,0,-2,49,0,0,13,0,-1,53,0,-2,54,0,0,14,0,0,14,0,-1,15,0,3,15,0,0,15,0,0,15,0,0,16,0,0,16,0,0,16,0,0,17,0,0,17,0,0,17,0,0,18,0,0,19,0,0,19,0,0,20,0,-1,36,0,0,21,0,-1,37,0,-1,40,0,0,22,0,-1,41,0,0,23,0,0,24,0,-1,44,0,0,25,0,-1,47,0,0,26,0,-1,52,0,0,27,0,0,27,0,0,28,0,0,28,0,0,29,0,-1,31,0,0,31,0,0,32,0,-1,34,0,0,35,0,0,36,0,0,37,0,0,38,0,0,39,0,0,42,0,0,43,0,0,44,0,0,45,0,0,46,0,0,47,0,0,48,0,0,49,0,0,50,0,0,51,0,0,52,0,0,53,0,0,54,0,10,1,2,4,5,4,4,10,5,4,18,118],[0,0,0,0,0,0,0,0,0,0,0,0,0,0,0,0,0,0,0,0,0,0,0,0,0,0,0,0,0,0,0,0,0,0,0,0,0,0,0,0,0,0,0,0,0,0,0,0,0,0,0,0,0,0,0,0,0,0,0,0,0,0,0,0,0,0,0,0,0,0,0,0,34],[-1,2,-1,2,-1,2,-1,2,-1,-1,-2,-3,-4,-5,-6,-7,-8,-9,-10,-1,2,-1,2,-1,2,-1,2,-1,-1,-1,-1,-1,-1,5,-1,2,-1,2,-1,-1,5,-1,2,-1,2,-1,-1,5,-1,2,-1,-1,-1,2,-1,2,-1,-1,-1,2,-1,-1,2,-1,2,-1,2,-1,-1,-1,2,-1,2],[0,8,0,9,0,10,0,11,0,5,12,13,14,15,16,17,18,19,20,0,21,0,22,0,23,0,24,0,0,0,0,0,0,3,0,6,0,4,0,0,3,0,6,0,4,0,0,3,0,4,0,0,0,25,0,7,0,0,0,7,0,0,26,0,27,0,28,0,0,0,29,0,5]],[[{"name":"img_di1","rect":[372,721,30,30],"offset":[0,0],"originalSize":[30,30],"capInsets":[0,0,0,0]}],[0],0,[0],[1],[1]],[[{"name":"05","rect":[435,3,331,62],"offset":[0,0],"originalSize":[331,62],"rotated":1,"capInsets":[0,0,0,0]}],[0],0,[0],[1],[1]],[[{"name":"03","rect":[706,452,42,41],"offset":[0,0],"originalSize":[42,41],"rotated":1,"capInsets":[0,0,0,0]}],[0],0,[0],[1],[1]],[[{"name":"v5","rect":[168,3,152,172],"offset":[0,0],"originalSize":[204,172],"rotated":1,"capInsets":[0,0,0,0]}],[0],0,[0],[1],[2]],[[{"name":"07","rect":[503,3,279,54],"offset":[0,0],"originalSize":[279,54],"rotated":1,"capInsets":[0,0,0,0]}],[0],0,[0],[1],[1]],[[{"name":"btn_he10bonus","rect":[435,677,223,74],"offset":[0,0],"originalSize":[223,74],"capInsets":[0,0,0,0]}],[0],0,[0],[1],[1]],[[{"name":"btn_copy","rect":[706,392,49,54],"offset":[0,0],"originalSize":[49,54],"capInsets":[0,0,0,0]}],[0],0,[0],[1],[1]],[[{"name":"02","rect":[268,721,62,19],"offset":[0,0],"originalSize":[62,19],"capInsets":[0,0,0,0]}],[0],0,[0],[1],[1]],[[{"name":"07a","rect":[503,288,279,54],"offset":[0,0],"originalSize":[279,54],"rotated":1,"capInsets":[0,0,0,0]}],[0],0,[0],[1],[1]],[[{"name":"v4","rect":[346,3,152,162],"offset":[0,-5],"originalSize":[204,172],"rotated":1,"capInsets":[0,0,0,0]}],[0],0,[0],[1],[2]],[[{"name":"v9","rect":[176,319,204,158],"offset":[0,-3],"originalSize":[204,172],"capInsets":[0,0,0,0]}],[0],0,[0],[1],[2]],[[{"name":"v7","rect":[3,161,152,168],"offset":[0,2],"originalSize":[204,172],"rotated":1,"capInsets":[0,0,0,0]}],[0],0,[0],[1],[2]],[[{"name":"04","rect":[435,340,331,62],"offset":[0,0],"originalSize":[331,62],"rotated":1,"capInsets":[0,0,0,0]}],[0],0,[0],[1],[1]],[[{"name":"v8","rect":[3,483,188,158],"offset":[0,-3],"originalSize":[204,172],"capInsets":[0,0,0,0]}],[0],0,[0],[1],[2]],[[{"name":"v2","rect":[177,161,152,159],"offset":[0,-3.5],"originalSize":[204,172],"rotated":1,"capInsets":[0,0,0,0]}],[0],0,[0],[1],[2]],[[{"name":"v3","rect":[342,161,152,162],"offset":[0,-5],"originalSize":[204,172],"rotated":1,"capInsets":[0,0,0,0]}],[0],0,[0],[1],[2]],[[{"name":"avatar_frame_2","rect":[501,752,91,91],"offset":[0,0],"originalSize":[91,91],"capInsets":[0,0,0,0]}],[0],0,[0],[1],[30]],[[{"name":"08","rect":[3,3,426,712],"offset":[0,0],"originalSize":[426,712],"capInsets":[173,105,215,442]}],[0],0,[0],[1],[1]],[[{"name":"v6","rect":[3,319,152,167],"offset":[0,1.5],"originalSize":[204,172],"rotated":1,"capInsets":[0,0,0,0]}],[0],0,[0],[1],[2]],[[{"name":"v10","rect":[197,483,178,168],"offset":[0,2],"originalSize":[204,172],"capInsets":[0,0,0,0]}],[0],0,[0],[1],[2]]]]