[1,["1d6f9b4d5"],["_textureSetter"],["cc.SpriteFrame"],0,[[[{"name":"巴西","rect":[3,545,98,62],"offset":[0,0],"originalSize":[98,62],"capInsets":[0,0,0,0]}],[0],0,[0],[0],[0]],[[{"name":"美国","rect":[3,3,536,282],"offset":[0,0],"originalSize":[536,282],"rotated":1,"capInsets":[0,0,0,0]}],[0],0,[0],[0],[0]],[[{"name":"南非","rect":[107,545,98,62],"offset":[0,0],"originalSize":[98,62],"capInsets":[0,0,0,0]}],[0],0,[0],[0],[0]],[[{"name":"尼日","rect":[211,545,98,62],"offset":[0,0],"originalSize":[98,62],"capInsets":[0,0,0,0]}],[0],0,[0],[0],[0]],[[{"name":"肯尼","rect":[3,613,98,62],"offset":[0,0],"originalSize":[98,62],"capInsets":[0,0,0,0]}],[0],0,[0],[0],[0]],[[{"name":"加纳","rect":[107,613,98,62],"offset":[0,0],"originalSize":[98,62],"capInsets":[0,0,0,0]}],[0],0,[0],[0],[0]]]]