[1,["ecpdLyjvZBwrvm+cedCcQy","f0BIwQ8D5Ml7nTNQbh1YlS","b18OPhQn1F+J2P07CQy+EA","39Bnts8lZIe6Ry9WGfe6Ve","e97GVMl6JHh5Ml5qEDdSGa","29FYIk+N1GYaeWH/q1NxQO","62DcKPCPBD/5VlBFGduyoj","e6jlbuOBRAR6vUXu9Q36uA"],["node","_spriteFrame","_textureSetter","root","_N$target","data","_N$normalSprite","_N$pressedSprite","_N$hoverSprite","_N$disabledSprite"],[["cc.Node",["_name","_active","_components","_prefab","_contentSize","_trs","_children","_parent","_color"],1,9,4,5,7,2,1,5],"cc.SpriteFrame",["cc.PrefabInfo",["fileId","root"],2,1],["cc.Prefab",["_name"],2],["cc.Button",["zoomScale","_N$transition","node","_N$normalColor","_N$pressedColor","_N$disabledColor","_N$target","_N$normalSprite","_N$pressedSprite","_N$hoverSprite","_N$disabledSprite"],1,1,5,5,5,1,6,6,6,6],["cc.Sprite",["_sizeMode","_isTrimmedMode","node","_materials","_spriteFrame"],1,1,3,6],["cc.Label",["_fontSize","_lineHeight","_styleFlags","_N$horizontalAlign","_N$verticalAlign","_N$overflow","node","_materials"],-3,1,3],["cc.LabelOutline",["_width","node","_color"],2,1,5]],[[2,0,1,2],[0,0,7,2,3,8,4,5,2],[5,0,1,2,3,4,3],[6,0,1,2,3,4,5,6,7,7],[7,0,1,2,2],[3,0,2],[0,0,6,2,3,4,5,2],[0,0,7,6,2,3,4,5,2],[0,0,1,7,6,2,3,4,5,3],[4,0,1,2,3,4,5,6,7,8,9,10,3],[2,1,1]],[[[[5,"LeftItem"],[6,"LeftItem",[-4,-5],[[9,1.05,3,-3,[4,4293322470],[4,4291348680],[4,3363338360],-2,6,7,8,9]],[10,-1],[5,239,79],[0,-49.5,0,0,0,0,1,0.92,0.92,0]],[7,"Background",1,[-7],[[2,2,false,-6,[1],2]],[0,"c8rNE5tLFCkqpxdqzEBCZq",1],[5,239,79],[0,0,0,0,0,0,1,0.92,0.92,1]],[1,"Label",2,[[3,30,30,1,1,1,2,-8,[0]],[4,2,-9,[4,2147483648]]],[0,"540sXwd95EiaH33UDudlx1",1],[4,4290379261],[5,202,78],[-11,0,0,0,0,0,1,1,1,1]],[8,"checkmark",false,1,[-11],[[2,2,false,-10,[4],5]],[0,"b43eJASEBL6aHh1h/YIPWS",1],[5,239,79],[0,0,0,0,0,0,1,0.92,0.92,1]],[1,"Label",4,[[3,30,30,1,1,1,2,-12,[3]],[4,2,-13,[4,2147483648]]],[0,"17fN4YpO1NM6twJKqk0L5h",1],[4,4290379261],[5,202,78],[-11,0,0,0,0,0,1,1,1,1]]],0,[0,3,1,0,4,1,0,0,1,0,-1,2,0,-2,4,0,0,2,0,-1,3,0,0,3,0,0,3,0,0,4,0,-1,5,0,0,5,0,0,5,0,5,1,13],[0,0,0,0,0,0,0,0,0,0],[-1,-1,1,-1,-1,1,6,7,8,9],[0,0,2,0,0,3,1,4,1,5]],[[{"name":"btn_honf","rect":[0,0,239,79],"offset":[0,0],"originalSize":[239,79],"capInsets":[0,0,0,0]}],[1],0,[0],[2],[6]],[[{"name":"btn_lan","rect":[0,0,219,79],"offset":[-10,0],"originalSize":[239,79],"capInsets":[0,0,0,0]}],[1],0,[0],[2],[7]]]]