[1,["e2mIApGc1A4Lm4EvHGiCHh","63rSqk4N5G345GcfF/WBna"],["_textureSetter","spriteFrame"],["cc.SpriteFrame",["cc.BitmapFont",["_name","fontSize","_fntConfig"],0]],[[1,0,1,2,4]],[[[{"name":"wheelNum","rect":[4,3,196,99],"offset":[-3,4],"originalSize":[210,113],"capInsets":[0,0,0,0]}],[0],0,[0],[0],[0]],[[[0,"wheelNum",49,{"commonHeight":49,"fontSize":49,"atlasName":"wheelNum.png","fontDefDictionary":{"48":{"xOffset":0,"yOffset":0,"xAdvance":38,"rect":{"x":2,"y":53,"width":38,"height":49}},"49":{"xOffset":0,"yOffset":0,"xAdvance":38,"rect":{"x":42,"y":53,"width":38,"height":49}},"50":{"xOffset":0,"yOffset":0,"xAdvance":38,"rect":{"x":82,"y":53,"width":38,"height":49}},"51":{"xOffset":0,"yOffset":0,"xAdvance":38,"rect":{"x":122,"y":53,"width":38,"height":49}},"52":{"xOffset":0,"yOffset":0,"xAdvance":38,"rect":{"x":162,"y":53,"width":38,"height":49}},"53":{"xOffset":0,"yOffset":0,"xAdvance":38,"rect":{"x":2,"y":2,"width":38,"height":49}},"54":{"xOffset":0,"yOffset":0,"xAdvance":38,"rect":{"x":42,"y":2,"width":38,"height":49}},"55":{"xOffset":0,"yOffset":0,"xAdvance":38,"rect":{"x":82,"y":2,"width":38,"height":49}},"56":{"xOffset":0,"yOffset":0,"xAdvance":38,"rect":{"x":122,"y":2,"width":38,"height":49}},"57":{"xOffset":0,"yOffset":0,"xAdvance":38,"rect":{"x":162,"y":2,"width":38,"height":49}}},"kerningDict":{}}]],0,0,[0],[1],[1]]]]