[1,["ecpdLyjvZBwrvm+cedCcQy","1d5b06c04","7bdT19/tNCtqHyqwTmOLoZ","f0BIwQ8D5Ml7nTNQbh1YlS","86hVV+rz9Ocqw8gq0ru/h2","c8Q9cTTo5HIrZxzjdN/PC2","2cHHn7x6pMkr3X6Tpy/4W2","c6ilyVNPhJ1728bb4ckcoD","e97GVMl6JHh5Ml5qEDdSGa","29FYIk+N1GYaeWH/q1NxQO","c5swP8iqhDvqIAvUsn2P/V","10WsQHT7tK+KynSfChjHfR"],["node","_spriteFrame","_textureSetter","_parent","root","txNoRecord","record","_N$target","data","_N$normalSprite","_N$pressedSprite","_N$hoverSprite","_N$disabledSprite"],[["cc.Node",["_name","_active","_components","_prefab","_contentSize","_parent","_trs","_children","_anchorPoint","_color"],1,9,4,5,1,7,2,5,5],["cc.Widget",["_alignFlags","_right","_top","_left","_originalWidth","node"],-2,1],"cc.SpriteFrame",["cc.Sprite",["_type","_enabled","_sizeMode","node","_materials","_spriteFrame"],0,1,3,6],["6dbaacb0j9CkpNlQEFpLMCG",["_string","_N$textKey","_fontSize","_lineHeight","_N$horizontalAlign","_N$overflow","node","_materials"],-3,1,3],["cc.PrefabInfo",["fileId","root","asset"],2,1,1],["cc.Label",["_string","_fontSize","_lineHeight","_N$horizontalAlign","_N$verticalAlign","_N$overflow","node","_materials"],-3,1,3],["cc.Prefab",["_name"],2],["db5142D90VLo4vc9bmYFiKc",["node","record","txNoRecord"],3,1,1,1],["cc.Layout",["_resize","_N$layoutType","_N$spacingY","node","_layoutSize"],0,1,5],["cc.Button",["zoomScale","_N$transition","node","clickEvents","_N$normalColor","_N$pressedColor","_N$disabledColor","_N$target","_N$normalSprite","_N$pressedSprite","_N$hoverSprite","_N$disabledSprite"],1,1,9,5,5,5,1,6,6,6,6],["cc.ClickEvent",["_componentId","handler","target"],1,1],["cc.LabelShadow",["node","_color","_offset"],3,1,5,5],["4a9ccyG1wZHZoUU1BHvpISv",["horizontal","_spaceX","_spaceY","_totalCount","_showCount","node","_N$content"],-2,1,1],["cc.Mask",["_N$alphaThreshold","node","_materials"],2,1,3]],[[5,0,1,2,2],[0,0,5,2,3,4,6,2],[3,3,4,5,1],[0,0,1,5,2,3,4,6,3],[0,0,5,7,2,3,4,8,6,2],[4,0,2,3,4,5,1,6,7,7],[0,0,7,2,3,4,8,2],[6,0,1,2,3,4,6,7,6],[7,0,2],[0,0,7,2,3,4,2],[0,0,5,7,2,3,9,4,6,2],[0,0,5,2,3,4,2],[0,0,5,2,3,4,8,6,2],[8,0,1,2,1],[5,1,2,1],[1,0,3,1,2,5,5],[1,0,3,1,2,4,5,6],[1,0,5,2],[1,0,1,2,5,4],[3,1,0,2,3,4,5,4],[3,0,3,4,5,2],[9,0,1,2,3,4,4],[10,0,1,2,3,4,5,6,7,8,9,10,11,3],[11,0,1,2,3],[4,0,1,6,7,3],[4,0,2,3,1,6,7,5],[12,0,1,2,1],[13,0,1,2,3,4,5,6,6],[14,0,1,2,2],[6,0,1,2,3,4,5,6,7,7]],[[[{"name":"xinxidi","rect":[336,721,30,30],"offset":[0,0],"originalSize":[30,30],"capInsets":[8,9,9,10]}],[2],0,[0],[2],[1]],[[[8,"OrderHistoryPopup"],[9,"OrderHistoryPopup",[-5,-6,-7,-8,-9],[[13,-4,-3,-2]],[14,-1,0],[5,798,530]],[4,"top_option",1,[-11,-12,-13,-14,-15,-16,-17],[[15,41,2.9480000000000226,-2.9480000000000226,77.601,-10]],[0,"0b0sBxnDRFxq5VBkhhOXj5",1,0],[5,798,45],[0,0.5,1],[2.948000000000036,187.399,0,0,0,0,1,1,1,1]],[6,"item",[-19,-20,-21,-22],[[19,false,1,0,-18,[28],29]],[0,"a2N5pELmpAM58YWJ/G8a/f",1,0],[5,780,73],[0,0.5,1]],[4,"popup_top",1,[-24,-25,-26,-27],[[16,41,-9,-9,-40.60000000000002,900,-23]],[0,"5fhtOATSlC/KMxM5wMAqn8",1,0],[5,816,68],[0,0.5,1],[0,305.6,0,0,0,0,1,1,1,1]],[6,"content",[3],[[17,1,-28],[21,1,2,5,-29,[5,780,73]]],[0,"18oE6f5rFJXrfC284QPyYk",1,0],[5,780,73],[0,0.5,1]],[10,"btnClose",4,[-33],[[22,0.95,3,-31,[[23,"db5142D90VLo4vc9bmYFiKc","onClose",1]],[4,4293322470],[4,4291348680],[4,3363338360],-30,8,9,10,11],[18,33,-121.60500000000002,-7.320999999999998,-32]],[0,"b0FOu0CFFEordFe6kcj1vA",1,0],[4,4294704123],[5,80,80],[489.605,-32.679,0,0,0,0,1,1,1,1]],[3,"txNoRecord",false,1,[[24,"No record","assets/HallScene/Prefabs/UserInfo/OrderHistoryPopup/Norecord",-34,[31]],[26,-35,[4,4278190080],[0,0,-2]]],[0,"ca9CJd549GL75vuKGF19s6",1,0],[5,175.63,50.4],[0,17.188,0,0,0,0,1,1,1,1]],[1,"Background",6,[[2,-36,[6],7]],[0,"ceXEhlR0ZH75gjsJSlRJ65",1,0],[5,41,41],[0,0,0,0,0,0,1,1,1,0]],[4,"ScrollView",1,[-38],[[27,false,100,7,15,15,-37,5]],[0,"beA1Bb/qRCapSFQ2RMizB+",1,0],[5,780,388],[0,0.5,1],[2.947,162.87,0,0,0,0,1,1,1,1]],[4,"view",9,[5],[[28,0,-39,[30]]],[0,"c7aWz19XdOEryVFXGGHOv4",1,0],[5,995,388],[0,0.5,1],[-2,0,0,0,0,0,1,1,1,1]],[11,"bg",1,[[20,1,-40,[0],1]],[0,"8fnSo092hN07CumVejkzEX",1,0],[5,1051,612]],[1,"01",4,[[2,-41,[2],3]],[0,"c47wPXZ9NH9J1dVCQ5GwT1",1,0],[5,383,36],[0,-30.218,0,0,0,0,1,1,1,1]],[12,"bg",4,[[2,-42,[4],5]],[0,"3eaqTa2atGo6dd2B5uTtw5",1,0],[5,998,459],[0,0.5,1],[0,-93,0,0,0,0,1,1,1,1]],[3,"title_setting",false,4,[[2,-43,[12],13]],[0,"49OG3D5FZH04QHasPDpgSU",1,0],[5,259,33],[0,-40.52,0,0,0,0,1,1,1,1]],[3,"line",false,2,[[2,-44,[14],15]],[0,"a2qos6jtpLUbXgNF7dGL6+",1,0],[5,3,26],[-209.305,-23,0,0,0,0,1,1,1,1]],[3,"line",false,2,[[2,-45,[16],17]],[0,"82VjqhU4hD45neF/0uJ6aG",1,0],[5,3,26],[19,-23,0,0,0,0,1,1,1,1]],[3,"line",false,2,[[2,-46,[18],19]],[0,"33ZIa2KZxA+64NTsw4/ecj",1,0],[5,3,26],[208,-23,0,0,0,0,1,1,1,1]],[1,"New Label",2,[[5,"Time",25,25,1,2,"assets/HallScene/Prefabs/UserInfo/OrderHistoryPopup/Time",-47,[20]]],[0,"73gQ4jHERFb5blJEf4Ogqq",1,0],[5,150,31.5],[-380,0,0,0,0,0,1,1,1,1]],[1,"New Label",2,[[5,"Type",25,25,1,2,"assets/HallScene/Prefabs/UserInfo/OrderHistoryPopup/Type",-48,[21]]],[0,"2dX1NDcCVIPYAoCnLE/03G",1,0],[5,150,31.5],[-136,0,0,0,0,0,1,1,1,1]],[1,"New Label",2,[[5,"Amount",25,25,1,2,"assets/HallScene/Prefabs/UserInfo/OrderHistoryPopup/Amount",-49,[22]]],[0,"8a3Wf71+pLiJ05C7PIZA9U",1,0],[5,150,31.5],[109,0,0,0,0,0,1,1,1,1]],[1,"New Label",2,[[5,"State",25,25,1,2,"assets/HallScene/Prefabs/UserInfo/OrderHistoryPopup/State",-50,[23]]],[0,"95J8uQvQ1G3b4jP4zpx+4b",1,0],[5,150,31.5],[354,0,0,0,0,0,1,1,1,1]],[1,"time",3,[[7,"2002/11/2 10:10:10",23,23,1,1,-51,[24]]],[0,"10vhIkbj1I6aWpEAVdxlrS",1,0],[5,196.53,28.98],[-371,-35,0,0,0,0,1,1,1,1]],[1,"type",3,[[29,"111",23,23,1,1,2,-52,[25]]],[0,"8c6qen/OdBrZC0X+yRDhWA",1,0],[5,200,28.98],[-129,-35,0,0,0,0,1,1,1,1]],[1,"amount",3,[[7,"1111",23,23,1,1,-53,[26]]],[0,"a8aOPNwFRH25hmvuJKctc3",1,0],[5,46.04,28.98],[114,-35,0,0,0,0,1,1,1,1]],[1,"state",3,[[25,"Success",23,23,"assets/HallScene/Prefabs/UserInfo/OrderHistoryPopup/Success",-54,[27]]],[0,"bcUc1JuBtADp5cXF1vk4is",1,0],[5,86.92,28.98],[356,-35,0,0,0,0,1,1,1,1]]],0,[0,4,1,0,5,7,0,6,3,0,0,1,0,-1,11,0,-2,4,0,-3,2,0,-4,9,0,-5,7,0,0,2,0,-1,15,0,-2,16,0,-3,17,0,-4,18,0,-5,19,0,-6,20,0,-7,21,0,0,3,0,-1,22,0,-2,23,0,-3,24,0,-4,25,0,0,4,0,-1,12,0,-2,13,0,-3,6,0,-4,14,0,0,5,0,0,5,0,7,8,0,0,6,0,0,6,0,-1,8,0,0,7,0,0,7,0,0,8,0,0,9,0,-1,10,0,0,10,0,0,11,0,0,12,0,0,13,0,0,14,0,0,15,0,0,16,0,0,17,0,0,18,0,0,19,0,0,20,0,0,21,0,0,22,0,0,23,0,0,24,0,0,25,0,8,1,3,3,5,5,3,10,54],[0,0,0,0,0,0,0,0,0,0,0,0,0,0,0,0,0,0,0,0,0,0,0,0,0,0,0,0,0,0,0,0],[-1,1,-1,1,-1,1,-1,1,9,10,11,12,-1,1,-1,1,-1,1,-1,1,-1,-1,-1,-1,-1,-1,-1,-1,-1,1,-1,-1],[0,4,0,5,0,6,0,7,3,8,3,9,0,10,0,2,0,2,0,2,0,0,0,0,0,0,0,0,0,11,0,0]],[[{"name":"wz_Transactions","rect":[3,721,259,33],"offset":[0,0],"originalSize":[259,33],"capInsets":[0,0,0,0]}],[2],0,[0],[2],[1]],[[{"name":"09","rect":[706,3,383,36],"offset":[0,0],"originalSize":[383,36],"rotated":1,"capInsets":[0,0,0,0]}],[2],0,[0],[2],[1]]]]