[1,["18WSEAWWlLWreFWzWsfbm4"],["_effectAsset"],[["cc.EffectAsset",["_name","shaders","techniques"],0],["cc.Material",["_name","_techniqueData"],1]],[[0,0,1,2,4],[1,0,1,3]],[[[[0,"TimeLight",[{"hash":775888916,"record":null,"name":"TimeLight|vs|fs","glsl3":{"vert":"\nprecision highp float;\nuniform CCGlobal {\n  mat4 cc_matView;\n  mat4 cc_matViewInv;\n  mat4 cc_matProj;\n  mat4 cc_matProjInv;\n  mat4 cc_matViewProj;\n  mat4 cc_matViewProjInv;\n  vec4 cc_cameraPos;\n  vec4 cc_time;\n  mediump vec4 cc_screenSize;\n  mediump vec4 cc_screenScale;\n};\nuniform CCLocal {\n  mat4 cc_matWorld;\n  mat4 cc_matWorldIT;\n};\nin vec3 a_position;\nin vec4 a_color;\nout vec4 v_color;\n#if USE_TEXTURE\nin vec2 a_uv0;\nout vec2 v_uv0;\n#endif\nvoid main () {\n  vec4 pos = vec4(a_position, 1);\n  #if CC_USE_MODEL\n  pos = cc_matViewProj * cc_matWorld * pos;\n  #else\n  pos = cc_matViewProj * pos;\n  #endif\n  #if USE_TEXTURE\n  v_uv0 = a_uv0;\n  #endif\n  v_color = a_color;\n  gl_Position = pos;\n}","frag":"\nprecision highp float;\n#if USE_ALPHA_TEST\n  uniform ALPHA_TEST {\n    float alphaThreshold;\n  };\n#endif\nuniform CCGlobal {\n  mat4 cc_matView;\n  mat4 cc_matViewInv;\n  mat4 cc_matProj;\n  mat4 cc_matProjInv;\n  mat4 cc_matViewProj;\n  mat4 cc_matViewProjInv;\n  vec4 cc_cameraPos;\n  vec4 cc_time;\n  mediump vec4 cc_screenSize;\n  mediump vec4 cc_screenScale;\n};\nin vec4 v_color;\n#if USE_TEXTURE\nin vec2 v_uv0;\nuniform sampler2D texture;\n#endif\nuniform ARGS{\n  float width;\n  float strength;\n  float offset;\n  float speed;\n  vec4  colorr;\n  float distancee;\n};\nvoid main () {\n  vec4 color = colorr;\n  color *= texture(texture, v_uv0);\n  float k = offset;\n  float time_step = -width;\n  time_step += mod(cc_time.x, distancee + 0.2 * width)/speed;\n  if (v_uv0.x >= -v_uv0.y * k + time_step && v_uv0.x <= -v_uv0.y * k + width + time_step ) {\n    color *= strength;\n  }\n  gl_FragColor = color;\n}"},"glsl1":{"vert":"\nprecision highp float;\nuniform mat4 cc_matViewProj;\nuniform mat4 cc_matWorld;\nattribute vec3 a_position;\nattribute vec4 a_color;\nvarying vec4 v_color;\n#if USE_TEXTURE\nattribute vec2 a_uv0;\nvarying vec2 v_uv0;\n#endif\nvoid main () {\n  vec4 pos = vec4(a_position, 1);\n  #if CC_USE_MODEL\n  pos = cc_matViewProj * cc_matWorld * pos;\n  #else\n  pos = cc_matViewProj * pos;\n  #endif\n  #if USE_TEXTURE\n  v_uv0 = a_uv0;\n  #endif\n  v_color = a_color;\n  gl_Position = pos;\n}","frag":"\nprecision highp float;\n#if USE_ALPHA_TEST\n#endif\nuniform vec4 cc_time;\nvarying vec4 v_color;\n#if USE_TEXTURE\nvarying vec2 v_uv0;\nuniform sampler2D texture;\n#endif\nuniform float width;\nuniform float strength;\nuniform float offset;\nuniform float speed;\nuniform vec4 colorr;\nuniform float distancee;\nvoid main () {\n  vec4 color = colorr;\n  color *= texture2D(texture, v_uv0);\n  float k = offset;\n  float time_step = -width;\n  time_step += mod(cc_time.x, distancee + 0.2 * width)/speed;\n  if (v_uv0.x >= -v_uv0.y * k + time_step && v_uv0.x <= -v_uv0.y * k + width + time_step ) {\n    color *= strength;\n  }\n  gl_FragColor = color;\n}"},"builtins":{"globals":{"blocks":[{"name":"CCGlobal","defines":[]}],"samplers":[]},"locals":{"blocks":[{"name":"CCLocal","defines":[]}],"samplers":[]}},"defines":[{"name":"USE_TEXTURE","type":"boolean","defines":[]},{"name":"CC_USE_MODEL","type":"boolean","defines":[]},{"name":"USE_ALPHA_TEST","type":"boolean","defines":[]}],"blocks":[{"name":"ALPHA_TEST","binding":0,"members":[{"name":"alphaThreshold","type":13,"count":1}],"defines":["USE_ALPHA_TEST"]},{"name":"ARGS","binding":1,"members":[{"name":"width","type":13,"count":1},{"name":"strength","type":13,"count":1},{"name":"offset","type":13,"count":1},{"name":"speed","type":13,"count":1},{"name":"colorr","type":16,"count":1},{"name":"distancee","type":13,"count":1}],"defines":[]}],"samplers":[{"name":"texture","type":29,"count":1,"binding":30,"defines":["USE_TEXTURE"]}]}],[{"passes":[{"program":"TimeLight|vs|fs","blendState":{"targets":[{"blend":true}]},"rasterizerState":{"cullMode":0},"properties":{"texture":{"value":"white","type":29},"colorr":{"type":16,"value":[1,1,1,1],"editor":{"tooltip":"颜色"}},"width":{"type":13,"value":[0.05],"editor":{"tooltip":"流光宽度"}},"strength":{"type":13,"value":[0.05],"editor":{"tooltip":"流光增亮强度"}},"offset":{"type":13,"value":[1.5],"editor":{"tooltip":"流光偏移值"}},"speed":{"type":13,"value":[1.5],"editor":{"tooltip":"速度"}},"distancee":{"type":13,"value":[2.5],"editor":{"tooltip":"距离长度"}}}}]}]]],0,0,[],[],[]],[[[1,"Specular_gloss",{"0":{"props":{"strength":1.3,"width":0.02,"speed":2,"distancee":5,"offset":2},"defines":{"USE_TEXTURE":true}}}]],0,0,[0],[0],[0]]]]