[1,["86gDsq9hlCxZvLljZHeGDx","fci4jmZbhDU58/wPjIznJf","7fWY2V2gdHlJ0SaHmRIX9U"],["_textureSetter","spriteFrame"],["cc.SpriteFrame",["cc.BitmapFont",["_name","fontSize","_fntConfig"],0]],[[1,0,1,2,4]],[[[{"name":"number2","rect":[2,2,314,319],"offset":[-16,13.5],"originalSize":[350,350],"capInsets":[0,0,0,0]}],[0],0,[0],[0],[0]],[[{"name":"02_5","rect":[0,0,35,35],"offset":[0,0],"originalSize":[35,35],"capInsets":[0,0,0,0]}],[0],0,[0],[0],[1]],[[[0,"number2",105,{"commonHeight":105,"fontSize":105,"atlasName":"number2.png","fontDefDictionary":{"46":{"xOffset":-25,"yOffset":0,"xAdvance":30,"rect":{"x":162,"y":216,"width":78,"height":105}},"48":{"xOffset":0,"yOffset":0,"xAdvance":78,"rect":{"x":2,"y":2,"width":78,"height":105}},"49":{"xOffset":-9,"yOffset":0,"xAdvance":70,"rect":{"x":82,"y":2,"width":78,"height":105}},"50":{"xOffset":0,"yOffset":0,"xAdvance":78,"rect":{"x":162,"y":2,"width":78,"height":105}},"51":{"xOffset":0,"yOffset":0,"xAdvance":78,"rect":{"x":242,"y":2,"width":78,"height":105}},"52":{"xOffset":0,"yOffset":0,"xAdvance":78,"rect":{"x":2,"y":109,"width":78,"height":105}},"53":{"xOffset":0,"yOffset":0,"xAdvance":78,"rect":{"x":82,"y":109,"width":78,"height":105}},"54":{"xOffset":0,"yOffset":0,"xAdvance":78,"rect":{"x":162,"y":109,"width":78,"height":105}},"55":{"xOffset":0,"yOffset":0,"xAdvance":78,"rect":{"x":242,"y":109,"width":78,"height":105}},"56":{"xOffset":0,"yOffset":0,"xAdvance":78,"rect":{"x":2,"y":216,"width":78,"height":105}},"57":{"xOffset":0,"yOffset":0,"xAdvance":78,"rect":{"x":82,"y":216,"width":78,"height":105}}},"kerningDict":{}}]],0,0,[0],[1],[2]]]]