[1,["92w9g7eK9IMLVsNp5HtQJy","782oyq359EuJffXQMjElQ5"],["_textureSetter","spriteFrame"],["cc.SpriteFrame",["cc.BitmapFont",["_name","fontSize","_fntConfig"],0]],[[1,0,1,2,4]],[[[{"name":"win","rect":[0,0,256,256],"offset":[0,0],"originalSize":[256,256],"capInsets":[0,0,0,0]}],[0],0,[0],[0],[0]],[[[0,"win",32,{"commonHeight":62,"fontSize":32,"atlasName":"C:\\Users\\Administrator\\Desktop\\win.png","fontDefDictionary":{"9":{"xOffset":0,"yOffset":0,"xAdvance":0,"rect":{"x":0,"y":0,"width":0,"height":0}},"32":{"xOffset":0,"yOffset":0,"xAdvance":22,"rect":{"x":0,"y":0,"width":0,"height":0}},"43":{"xOffset":0,"yOffset":3,"xAdvance":48,"rect":{"x":163,"y":0,"width":46,"height":49}},"44":{"xOffset":0,"yOffset":36,"xAdvance":24,"rect":{"x":201,"y":55,"width":22,"height":39}},"45":{"xOffset":0,"yOffset":21,"xAdvance":43,"rect":{"x":60,"y":0,"width":41,"height":25}},"46":{"xOffset":0,"yOffset":36,"xAdvance":24,"rect":{"x":60,"y":31,"width":22,"height":26}},"48":{"xOffset":0,"yOffset":-12,"xAdvance":50,"rect":{"x":109,"y":0,"width":48,"height":75}},"49":{"xOffset":0,"yOffset":-11,"xAdvance":34,"rect":{"x":163,"y":55,"width":32,"height":73}},"50":{"xOffset":0,"yOffset":-12,"xAdvance":50,"rect":{"x":55,"y":79,"width":48,"height":74}},"51":{"xOffset":0,"yOffset":-12,"xAdvance":51,"rect":{"x":0,"y":79,"width":49,"height":75}},"52":{"xOffset":0,"yOffset":-11,"xAdvance":56,"rect":{"x":0,"y":0,"width":54,"height":73}},"53":{"xOffset":0,"yOffset":-11,"xAdvance":49,"rect":{"x":162,"y":161,"width":47,"height":74}},"54":{"xOffset":0,"yOffset":-11,"xAdvance":50,"rect":{"x":109,"y":81,"width":48,"height":74}},"55":{"xOffset":0,"yOffset":-11,"xAdvance":49,"rect":{"x":109,"y":161,"width":47,"height":73}},"56":{"xOffset":0,"yOffset":-12,"xAdvance":51,"rect":{"x":0,"y":160,"width":49,"height":75}},"57":{"xOffset":0,"yOffset":-12,"xAdvance":50,"rect":{"x":55,"y":159,"width":48,"height":74}}},"kerningDict":{}}]],0,0,[0],[1],[1]]]]