[1,["2bzD35OdFCNqWfhW14Lyxq","baVPbfK4FCV4wCiC+nUKuy","2a/7/YLhxApKc9bnas+KAq","35lc3oyENIMq+oi+cJd7/h","af/WfmfzlPJKHF6qTFnOeG","c6RvZy4eFD+6wORiALR1sB","52X9bCN4tKroJdEM4ZTXnt","0epzRocbhOErqytEE+PyJR","4fNIWvSbVD/rm3c7eBy0GE","29Beu3hxdJeoXTadzMfpTX","d3RudwwlhGhJQ+BwS8JPiN","ecNlGPf+hKFJmnUKLb2klM","8eVgfFWDpGXo6bXTJOe9bx","5dq/h/nxBFZpVy1sn9o1E0","3ejuBAhbtGvKWlHC+NodoY","efVzmxCohDA6rLWCJvS7uV","b2FFrzGGlBxrTxcqtbKvST","a5Bmj1B+dBY7jbGeQYAOhr","dcv0mcsxJJTZYzI9/jS+47","a9kMkepDdI8LMSzUsu/S+Q","7fV8asWaRHMLXduGpWK1qo","b32+8s00JFCINMLH7yM0Hm","5dN9igpupDbLWHacruHICH","54vI6bNWZML5NxQ2LLfq9d","052Inww21B05V88rPVbyt+","375SGRYqxPbarj/Vk4iFEP"],["value","_textureSetter"],["cc.SpriteFrame",["cc.AnimationClip",["_name","_duration","sample","wrapMode","curveData"],-1,11]],[[1,0,1,2,3,4,5]],[[[[0,"fire",0.65,20,2,[{},"comps",11,[{},"cc.Sprite",11,[{},"spriteFrame",12,[[[{"frame":0},"value",6,0],[{"frame":0.05},"value",6,1],[{"frame":0.1},"value",6,2],[{"frame":0.15},"value",6,3],[{"frame":0.2},"value",6,4],[{"frame":0.25},"value",6,5],[{"frame":0.3},"value",6,6],[{"frame":0.35},"value",6,7],[{"frame":0.4},"value",6,8],[{"frame":0.45},"value",6,9],[{"frame":0.5},"value",6,10],[{"frame":0.55},"value",6,11],[{"frame":0.6},"value",6,12]],11,11,11,11,11,11,11,11,11,11,11,11,11]]]]]],0,0,[0,0,0,0,0,0,0,0,0,0,0,0,0],[0,0,0,0,0,0,0,0,0,0,0,0,0],[0,1,2,3,4,5,6,7,8,9,10,11,12]],[[{"name":"08","rect":[3,13,155,328],"offset":[1.5,-6],"originalSize":[158,342],"capInsets":[0,0,0,0]}],[0],0,[0],[1],[13]],[[{"name":"10","rect":[29,0,108,341],"offset":[4,0.5],"originalSize":[158,342],"capInsets":[0,0,0,0]}],[0],0,[0],[1],[14]],[[{"name":"03","rect":[1,0,142,338],"offset":[-7,2],"originalSize":[158,342],"capInsets":[0,0,0,0]}],[0],0,[0],[1],[15]],[[{"name":"01","rect":[19,51,113,285],"offset":[-3.5,-22.5],"originalSize":[158,342],"capInsets":[0,0,0,0]}],[0],0,[0],[1],[16]],[[{"name":"04","rect":[0,53,146,286],"offset":[-6,-25],"originalSize":[158,342],"capInsets":[0,0,0,0]}],[0],0,[0],[1],[17]],[[{"name":"09","rect":[28,5,103,337],"offset":[0.5,-2.5],"originalSize":[158,342],"capInsets":[0,0,0,0]}],[0],0,[0],[1],[18]],[[{"name":"07","rect":[4,26,153,315],"offset":[1.5,-12.5],"originalSize":[158,342],"capInsets":[0,0,0,0]}],[0],0,[0],[1],[19]],[[{"name":"13","rect":[28,20,119,316],"offset":[8.5,-7],"originalSize":[158,342],"capInsets":[0,0,0,0]}],[0],0,[0],[1],[20]],[[{"name":"05","rect":[5,66,144,274],"offset":[-2,-32],"originalSize":[158,342],"capInsets":[0,0,0,0]}],[0],0,[0],[1],[21]],[[{"name":"02","rect":[1,19,138,318],"offset":[-9,-7],"originalSize":[158,342],"capInsets":[0,0,0,0]}],[0],0,[0],[1],[22]],[[{"name":"06","rect":[0,54,154,286],"offset":[-2,-26],"originalSize":[158,342],"capInsets":[0,0,0,0]}],[0],0,[0],[1],[23]],[[{"name":"11","rect":[33,34,106,304],"offset":[7,-15],"originalSize":[158,342],"capInsets":[0,0,0,0]}],[0],0,[0],[1],[24]],[[{"name":"12","rect":[36,23,110,314],"offset":[12,-9],"originalSize":[158,342],"capInsets":[0,0,0,0]}],[0],0,[0],[1],[25]]]]