[1,["e74Gi8sShC56g1iGg9amA8","21pELJiZhIWqGxWzAm8HMy","57XvpelDlNArQXz0SQ6wg7","7aC/ESzNFDC7QEO4dCxejF","dfH+863V9CCa1alPLfb3i0","b1DTdBfthELoN0K412o6/g","38GD51Kf5Oa41h9urh4SRF","5fymbYwmRJU5muX5lp6iRC","86HSnMjM9NE64aSsQAxmQO"],["_textureSetter"],["cc.SpriteFrame"],0,[[[{"name":"拉动条02","rect":[0,0,83,12],"offset":[0,0],"originalSize":[83,12],"capInsets":[39,0,39,0]}],[0],0,[0],[0],[0]],[[{"name":"拉动按钮01","rect":[0,0,52,52],"offset":[0,0],"originalSize":[52,52],"capInsets":[0,0,0,0]}],[0],0,[0],[0],[1]],[[{"name":"减02","rect":[0,0,59,52],"offset":[0,0],"originalSize":[59,52],"capInsets":[0,0,0,0]}],[0],0,[0],[0],[2]],[[{"name":"拉动底框","rect":[0,0,164,108],"offset":[0,0],"originalSize":[164,108],"capInsets":[60,0,67,0]}],[0],0,[0],[0],[3]],[[{"name":"拉动按钮02","rect":[0,0,52,52],"offset":[0,0],"originalSize":[52,52],"capInsets":[0,0,0,0]}],[0],0,[0],[0],[4]],[[{"name":"减01","rect":[0,0,59,52],"offset":[0,0],"originalSize":[59,52],"capInsets":[0,0,0,0]}],[0],0,[0],[0],[5]],[[{"name":"拉动条01","rect":[0,0,83,12],"offset":[0,0],"originalSize":[83,12],"capInsets":[39,0,40,0]}],[0],0,[0],[0],[6]],[[{"name":"加02","rect":[0,0,59,52],"offset":[0,0],"originalSize":[59,52],"capInsets":[0,0,0,0]}],[0],0,[0],[0],[7]],[[{"name":"加01","rect":[0,0,59,52],"offset":[0,0],"originalSize":[59,52],"capInsets":[0,0,0,0]}],[0],0,[0],[0],[8]]]]