[1,["73HuVbQ+ZFqo3w1aXuqmy8"],["_texture"],[["dragonBones.DragonBonesAtlasAsset",["_name","_atlasJson"],1]],[[0,0,1,3]],[[0,"mini_tex","{\"width\":256,\"SubTexture\":[{\"width\":130,\"y\":1,\"height\":64,\"name\":\"MIN/组_50\",\"x\":1},{\"width\":113,\"y\":67,\"height\":60,\"name\":\"MIN/组_1\",\"x\":1},{\"width\":56,\"y\":67,\"height\":57,\"name\":\"MIN/qiu\",\"x\":116},{\"width\":74,\"y\":67,\"height\":36,\"name\":\"MIN/MINI\",\"x\":174}],\"height\":128,\"name\":\"mini\",\"imagePath\":\"mini_tex.png\"}"]],0,0,[0],[0],[0]]