[1,0,0,[["cc.AnimationClip",["_name","_duration","wrapMode","curveData"],0,11]],[[0,0,1,2,3,4]],[[0,"dt",1,2,[{"props":{"scale":[],"position":[],"opacity":[]}},"paths",11,[{},"deng_3",11,[{},"props",11,[{"position":[{"frame":0,"value":[0,0,0]},{"frame":0.25,"value":[0,18,0]},{"frame":0.5833333333333334,"value":[0,18,0]},{"frame":1,"value":[0,0,0]}],"opacity":[]},"scale",12,[[[{"frame":0},"value",8,[0,1,1]],[{"frame":0.25},"value",8,[0,1.25,1.25]],[{"frame":0.3},"value",8,[0,1.15,1.15]],[{"frame":0.5833333333333334},"value",8,[0,1.15,1.15]],[{"frame":1},"value",8,[0,1,1]]],11,11,11,11,11]]],"deng_31",11,[{},"props",11,[{"position":[{"frame":0,"value":[0,0,0]},{"frame":0.25,"value":[0,18,0]},{"frame":0.5833333333333334,"value":[0,18,0]},{"frame":1,"value":[0,0,0]}],"opacity":[{"frame":0.25,"value":0},{"frame":0.5,"value":150},{"frame":1,"value":0}]},"scale",12,[[[{"frame":0},"value",8,[0,1,1]],[{"frame":0.25},"value",8,[0,1.25,1.25]],[{"frame":0.3},"value",8,[0,1.15,1.15]],[{"frame":0.5833333333333334},"value",8,[0,1.15,1.15]],[{"frame":1},"value",8,[0,1,1]]],11,11,11,11,11]]]]]]],0,0,[],[],[]]