[1,["ecpdLyjvZBwrvm+cedCcQy","f0BIwQ8D5Ml7nTNQbh1YlS","90tRC18/1HsJDp9TsoazUW","bdu8lOiMdOkr4g4xSE8a7b","a4Ve2q8N9PKqsBFjBL2xk9","c69PxwtDxLT7j1DYyEwlrZ"],["node","_spriteFrame","_textureSetter","root","data"],[["cc.Node",["_name","_opacity","_components","_prefab","_parent","_contentSize","_children","_color","_trs"],1,9,4,1,5,2,5,7],"cc.SpriteFrame",["cc.PrefabInfo",["fileId","root","asset"],2,1,1],["cc.Sprite",["_type","_sizeMode","node","_materials","_spriteFrame"],1,1,3,6],["cc.Prefab",["_name"],2],["6297dwKa1NNooARYpAFeeq8",["node"],3,1],["cc.Widget",["_alignFlags","_left","_right","_top","_bottom","_originalWidth","_originalHeight","node"],-4,1],["cc.Button",["clickEvents","node"],2,1],["cc.Button",["node","clickEvents"],3,1,9],["cc.ClickEvent",["_componentId","handler","target"],1,1],["cc.Label",["_string","_styleFlags","_N$horizontalAlign","_N$verticalAlign","node","_materials"],-1,1,3]],[[2,0,1,2,2],[0,0,4,2,3,5,8,2],[3,2,3,4,1],[4,0,2],[0,0,6,2,3,2],[0,0,1,4,2,3,7,5,3],[0,0,4,2,3,5,2],[5,0,1],[2,1,2,1],[3,0,1,2,3,4,3],[6,0,1,2,3,4,5,6,7,8],[7,0,1,2],[8,0,1,1],[9,0,1,2,3],[10,0,1,2,3,4,5,5]],[[[[3,"RechargeNotice"],[4,"RechargeNotice",[-3,-4,-5,-6],[[7,-2]],[8,-1,0]],[5,"first_launch",180,1,[[9,1,0,-7,[0],1],[10,45,-819.5,-819.5,-400,-400,360,640,-8],[11,[null],-9]],[0,"162quK9P9FgIPWH9NN9AVT",1,0],[4,4278190080],[5,1639,800]],[1,"Btn_ok",1,[[2,-10,[5],6],[12,-11,[[13,"6297dwKa1NNooARYpAFeeq8","toPay",1]]]],[0,"1aA6T9jIFCwqx/ihHMGjAM",1,0],[5,271,68],[4.76,-113.435,0,0,0,0,1,1,1,1]],[6,"游戏框",1,[[2,-12,[2],3]],[0,"1b51YXB81LvKWoEGvom7Pe",1,0],[5,774,456]],[1,"label",1,[[14,"Click OK to buy coins",3,1,1,-13,[4]]],[0,"0b5qJ/B2tJOJRBndQ+WUiD",1,0],[5,421.9022624567956,50.4],[3.071,33.144,0,0,0,0,1,1,1,1]]],0,[0,3,1,0,0,1,0,-1,2,0,-2,4,0,-3,5,0,-4,3,0,0,2,0,0,2,0,0,2,0,0,3,0,0,3,0,0,4,0,0,5,0,4,1,13],[0,0,0,0,0,0,0],[-1,1,-1,1,-1,-1,1],[0,1,0,2,0,0,3]],[[{"name":"popBorder","rect":[0,0,774,456],"offset":[0,0],"originalSize":[774,456],"capInsets":[0,0,0,0]}],[1],0,[0],[2],[4]],[[{"name":"Btn_ok","rect":[0,0,271,68],"offset":[0,0],"originalSize":[271,68],"capInsets":[0,0,0,0]}],[1],0,[0],[2],[5]]]]