[1,["ecpdLyjvZBwrvm+cedCcQy","8aCB9U3CFJFpOjyAwld7d2","258FdYiGlDR57n47AdxWGC","11cfb9fea","b0kk6nx09JYbjY9ZYIUTGZ","b1wj24JddIF4ATksfMviUF","beGvEHKzRKG6Vzlue739WJ","2cxmQRmV9OgpmD08CiMBwC","43cGgnPs9ODJgGp/ZNH+if","05PUPXnZZC0pQie48A6A/m","0fp5AJQppGYZywmJURzskK","62/VrerUdGSL4IglpUlx2t","8avIfDLH9MrakSo6AvzzDk","02y3GRJ3JIQZ+ATfm+Ouwu","75euFnBFxD+YYJpt5u5b93","572ZTq5MVLObGL3q8aOfLZ","9aF5xfxX9GD46Mxc7mUAD3","ffUKyFr6pGa4M8Bcx6ik9P"],["node","_spriteFrame","_textureSetter","_N$file","_normalMaterial","spriteFrame","root","textTips1","textMaxTips","textTips","textLeftTime","textBuyNum","selectNode","normalNode","buyNode","closeNode","spinNode","turnBgNode","data"],["cc.SpriteFrame",["cc.Node",["_name","_active","_prefab","_trs","_parent","_children","_components","_contentSize","_eulerAngles","_color"],1,4,7,1,2,9,5,5,5],["cc.Label",["_fontSize","_N$horizontalAlign","_N$verticalAlign","_N$cacheMode","_isSystemFontUsed","_styleFlags","node","_materials","_N$file"],-3,1,3,6],["cc.Sprite",["_sizeMode","node","_materials","_spriteFrame"],2,1,3,6],["cc.Node",["_name","_active","_parent","_components","_prefab","_contentSize","_trs","_anchorPoint"],1,1,2,4,5,7,5],["cc.PrefabInfo",["fileId","root","asset"],2,1,1],["cc.Button",["_N$enableAutoGrayEffect","_N$transition","zoomScale","node","_normalMaterial"],0,1,6],["cc.RichText",["_N$string","_N$cacheMode","_N$lineHeight","_N$maxWidth","_N$fontSize","node"],-2,1],["cc.LabelAtlas",["_name","fontSize","_fntConfig"],0],["cc.Prefab",["_name"],2],["cc.Node",["_name","_parent","_components","_prefab","_contentSize","_trs"],2,1,12,4,5,7],["cc.Widget",["_alignFlags","_left","_right","node"],0,1],["76b18z+UE9Fa6AuGCxJD6es",["node","turnBgNode","spinNode","closeNode","buyNode","normalNode","selectNode","textBuyNum","textLeftTime","textTips","textMaxTips","textTips1"],3,1,1,1,1,1,1,1,1,1,1,1,1],["cc.Layout",["_resize","_N$layoutType","node","_layoutSize"],1,1,5],["cc.LabelOutline",["_width","node","_color"],2,1,5]],[[5,0,1,2,2],[1,0,1,4,6,2,7,3,3],[14,0,1,2,2],[1,0,4,5,6,2,7,3,2],[3,1,2,3,1],[1,0,4,6,2,9,7,3,2],[13,0,1,2,3,3],[2,0,1,2,6,7,4],[2,0,4,1,2,6,7,8,5],[1,0,4,5,2,3,8,2],[3,0,1,2,3,2],[3,1,2,1],[1,0,4,6,2,7,3,2],[4,0,2,3,4,5,7,6,2],[1,0,4,5,2,2],[6,2,0,1,3,4,4],[2,0,1,2,3,6,7,5],[8,0,1,2,4],[9,0,2],[1,0,5,6,2,7,3,2],[1,0,4,5,2,3,2],[1,0,1,4,5,2,3,3],[10,0,1,2,3,4,5,2],[4,0,1,2,3,4,5,6,3],[11,0,1,2,3,4],[12,0,1,2,3,4,5,6,7,8,9,10,11,1],[5,1,2,1],[6,0,1,3,4,3],[2,0,5,1,2,3,6,7,6],[7,0,1,3,2,5,5],[7,0,4,1,2,5,5]],[[[{"name":"img_daojishi2","rect":[326,347,31,31],"offset":[0,0],"originalSize":[31,31],"capInsets":[0,0,0,0]}],[0],0,[0],[2],[3]],[[{"name":"bg_sp","rect":[0,0,1037,540],"offset":[0,0],"originalSize":[1037,540],"capInsets":[0,0,0,0]}],[0],0,[0],[2],[4]],[[{"name":"img_zp_zhou","rect":[622,556,191,241],"offset":[0,0],"originalSize":[193,241],"capInsets":[0,0,0,0]}],[0],0,[0],[2],[5]],[[{"name":"sp_img_zhizhen","rect":[3,161,191,240],"offset":[0,0],"originalSize":[193,240],"rotated":1,"capInsets":[0,0,0,0]}],[0],0,[0],[2],[3]],[[{"name":"wz_sp","rect":[3,3,452,152],"offset":[0.5,-2.5],"originalSize":[463,197],"capInsets":[0,0,0,0]}],[0],0,[0],[2],[3]],[[{"name":"sp_btn_spin","rect":[249,161,180,182],"offset":[0,-0.5],"originalSize":[184,183],"rotated":1,"capInsets":[0,0,0,0]}],[0],0,[0],[2],[3]],[[{"name":"sp_img_zhuanpa","rect":[461,3,412,412],"offset":[0,0],"originalSize":[412,412],"capInsets":[0,0,0,0]}],[0],0,[0],[2],[3]],[[{"name":"img_zp_zz","rect":[249,347,45,71],"offset":[0,0],"originalSize":[45,71],"rotated":1,"capInsets":[0,0,0,0]}],[0],0,[0],[2],[3]],[[[17,"rewarNum",20.24,{"commonHeight":23,"fontSize":20,"atlasName":"shuzi2","fontDefDictionary":{"48":{"xOffset":0,"yOffset":0,"xAdvance":19,"rect":{"x":0,"y":0,"width":19,"height":23}},"49":{"xOffset":0,"yOffset":0,"xAdvance":19,"rect":{"x":19,"y":0,"width":19,"height":23}},"50":{"xOffset":0,"yOffset":0,"xAdvance":19,"rect":{"x":38,"y":0,"width":19,"height":23}},"51":{"xOffset":0,"yOffset":0,"xAdvance":19,"rect":{"x":57,"y":0,"width":19,"height":23}},"52":{"xOffset":0,"yOffset":0,"xAdvance":19,"rect":{"x":76,"y":0,"width":19,"height":23}},"53":{"xOffset":0,"yOffset":0,"xAdvance":19,"rect":{"x":95,"y":0,"width":19,"height":23}},"54":{"xOffset":0,"yOffset":0,"xAdvance":19,"rect":{"x":114,"y":0,"width":19,"height":23}},"55":{"xOffset":0,"yOffset":0,"xAdvance":19,"rect":{"x":133,"y":0,"width":19,"height":23}},"56":{"xOffset":0,"yOffset":0,"xAdvance":19,"rect":{"x":152,"y":0,"width":19,"height":23}},"57":{"xOffset":0,"yOffset":0,"xAdvance":19,"rect":{"x":171,"y":0,"width":19,"height":23}}},"kerningDict":{}}]],0,0,[0],[5],[6]],[[{"name":"shijian","rect":[3,358,214,62],"offset":[0,0],"originalSize":[214,62],"capInsets":[0,0,0,0]}],[0],0,[0],[2],[3]],[[{"name":"shuzi2","rect":[0,0,189,23],"offset":[-0.5,0],"originalSize":[190,23],"capInsets":[0,0,0,0]}],[0],0,[0],[2],[7]],[[[18,"DailyTurnGiftPopup"],[19,"DailyTurnGiftPopup",[-15,-16,-17,-18,-19],[[24,45,-1.655999999999949,1.655999999999949,-2],[25,-14,-13,-12,-11,-10,-9,-8,-7,-6,-5,-4,-3]],[26,-1,0],[5,1560,720],[778.344,360,0,0,0,0,1,1,1,1]],[3,"img_zhuanpandi1",1,[-21,-22,-23,-24,-25,-26,-27,-28],[[10,2,-20,[53],54]],[0,"23gqPCLtdLT5U1GFRTVV8M",1,0],[5,412,412],[-254.49,-27.646,0,0,0,0,1,1,1,1]],[14,"upNode",1,[-29,-30,-31,-32,-33,-34,-35],[0,"5cdiJrUgtBYYrnQ7aHVLHp",1,0]],[3,"buy",3,[-38],[[4,-36,[68],69],[15,1.08,true,3,-37,70]],[0,"65qx7dlIhLiKB3Az6+gyA8",1,0],[5,250,89],[180.841,-258.842,0,0,0,0,1,1,1,0]],[14,"item0",2,[-39,-40,-41],[0,"ddMpBJTNdFFIiWT33Q5ZyU",1,0]],[3,"rewardNode",5,[-43,-44],[[6,1,2,-42,[5,100,55.4]]],[0,"0amfyUCmdAbbCU1/bdMGTn",1,0],[5,100,55.4],[0.074,160.394,0,0,0,0,1,1,1,1]],[9,"item1",2,[-45,-46,-47],[0,"5bhPaqpp9E5Y8e6kurtSB+",1,0],[0,0,0,0,0,-0.374606593415912,0.9271838545667874,1,1,1],[1,0,0,-44]],[3,"rewardNode",7,[-49,-50],[[6,1,2,-48,[5,100,55.4]]],[0,"99WB+2qpZNi62Dr+Q8LP8Q",1,0],[5,100,55.4],[0.646,160.063,0,0,0,0,1,1,1,1]],[9,"item2",2,[-51,-52,-53],[0,"d8SaRw/L1FpZPFkaAZtAP2",1,0],[0,0,0,0,0,-0.7071067811865475,0.7071067811865476,1,1,1],[1,0,0,-90]],[3,"rewardNode",9,[-55,-56],[[6,1,2,-54,[5,100,55.4]]],[0,"d44pVxc/lGa7Labn/vbuh5",1,0],[5,100,55.4],[-1.757,160.924,0,0,0,0,1,1,1,1]],[9,"item3",2,[-57,-58,-59],[0,"c7PCau9apKwInyACP/WeJy",1,0],[0,0,0,0,0,-0.9205048534524404,0.3907311284892737,1,1,1],[1,0,0,-134]],[3,"rewardNode",11,[-61,-62],[[6,1,2,-60,[5,100,55.4]]],[0,"1fjxRyOKRLs4CjROuBtbe8",1,0],[5,100,55.4],[0.661,159.951,0,0,0,0,1,1,1,1]],[9,"item4",2,[-63,-64,-65],[0,"22vqwFzh9E1JdX2lKzjfx4",1,0],[0,0,0,0,0,-0.9998476951563913,0.0174524064372836,1,1,1],[1,0,0,-178]],[3,"rewardNode",13,[-67,-68],[[6,1,2,-66,[5,100,55.4]]],[0,"5f7bfGvB5McrisEqYDD2wI",1,0],[5,100,55.4],[3.386,161.238,0,0,0,0,1,1,1,1]],[9,"item5",2,[-69,-70,-71],[0,"edIKY+UehI6IVioBgbee1o",1,0],[0,0,0,0,0,-0.9304175679820246,-0.3665012267242972,1,1,1],[1,0,0,-223]],[3,"rewardNode",15,[-73,-74],[[6,1,2,-72,[5,100,55.4]]],[0,"de7jhAepxHMJxjo+wc9TSn",1,0],[5,100,55.4],[-2.836,160.242,0,0,0,0,1,1,1,1]],[9,"item6",2,[-75,-76,-77],[0,"a75Lxdfu5AKpVjCuapS6XE",1,0],[0,0,0,0,0,-0.7132504491541816,-0.7009092642998509,1,1,1],[1,0,0,-269]],[3,"rewardNode",17,[-79,-80],[[6,1,2,-78,[5,100,55.4]]],[0,"deR2ApoPlJ0ayMRwwgxiTv",1,0],[5,100,55.4],[1.083,161.815,0,0,0,0,1,1,1,1]],[9,"item7",2,[-81,-82,-83],[0,"9b8bsiX8hLBrTVFdIxMKj0",1,0],[0,0,0,0,0,-0.39073112848927377,-0.9205048534524404,1,1,1],[1,0,0,-314]],[3,"rewardNode",19,[-85,-86],[[6,1,2,-84,[5,100,55.4]]],[0,"75JAVUPDNK6ZwB+2kQusSp",1,0],[5,100,55.4],[2.109,159.715,0,0,0,0,1,1,1,1]],[12,"spin_img",3,[[10,0,-87,[61],62],[15,0.9,true,3,-88,63]],[0,"41KGBOFLZLh52FLyuP+D7s",1,0],[5,184,183],[-249.647,-25.069,0,0,0,0,1,1,1,0]],[12,"close",3,[[10,0,-89,[64],65],[27,true,3,-90,66]],[0,"cf4H/SNEJP2q77QTKn0P1+",1,0],[5,89,91],[495.713,201.987,0,0,0,0,1,1,1,0]],[20,"tipsSelect",1,[-91,-92],[0,"4f9WKDfGZBSJ9P1UUplbHd",1,0],[-22.227,0,0,0,0,0,1,1,1,1]],[3,"bg_lucky package",1,[-94],[[10,2,-93,[2],3]],[0,"daTPq2UWJDOY1f0ssf+pYJ",1,0],[5,1037,540],[0,-21.338,0,0,0,0,1,1,1,1]],[5,"textReward",6,[[7,38,1,1,-95,[4]],[2,2.5,-96,[4,1845493760]]],[0,"b2kJrLTpdJ1YLKBC16Yjq7",1,0],[4,4285397499],[5,5,55.4],[3.77,0,0,0,0,0,1,1,1,1]],[1,"textNum",false,6,[[8,26,false,1,1,-97,[5],6],[2,2,-98,[4,1845493760]]],[0,"1ctvTcvLdOj4+Fo6AGfahs",1,0],[5,0,40],[2.774,-27.699999999999996,0,0,0,0,1,1,1,1]],[5,"textReward",8,[[7,38,1,1,-99,[10]],[2,2.5,-100,[4,1795162112]]],[0,"48xg6N765G0bRqqyAGNOuK",1,0],[4,4285397499],[5,5,55.4],[3.77,0,0,0,0,0,1,1,1,1]],[1,"textNum",false,8,[[8,26,false,1,1,-101,[11],12],[2,2,-102,[4,1845493760]]],[0,"b7LjAX8TRKIpixdOBUOcRh",1,0],[5,0,40],[2.774,-27.699999999999996,0,0,0,0,1,1,1,1]],[5,"textReward",10,[[7,38,1,1,-103,[16]],[2,2.5,-104,[4,1795162112]]],[0,"6cwPTB0mNFcLKZgQMleB7v",1,0],[4,4285397499],[5,5,55.4],[3.77,0,0,0,0,0,1,1,1,1]],[1,"textNum",false,10,[[8,26,false,1,1,-105,[17],18],[2,2,-106,[4,1845493760]]],[0,"83N+6pZlJImbYwagAReGJY",1,0],[5,0,40],[2.774,-27.699999999999996,0,0,0,0,1,1,1,1]],[5,"textReward",12,[[7,38,1,1,-107,[22]],[2,2.5,-108,[4,1795162112]]],[0,"cceqjvURVPPaxK/YylZ5J3",1,0],[4,4285397499],[5,5,55.4],[3.77,0,0,0,0,0,1,1,1,1]],[1,"textNum",false,12,[[8,26,false,1,1,-109,[23],24],[2,2,-110,[4,1845493760]]],[0,"e9+8rQLphLxb3tM5UqGFqc",1,0],[5,0,40],[2.774,-27.699999999999996,0,0,0,0,1,1,1,1]],[5,"textReward",14,[[7,38,1,1,-111,[28]],[2,2.5,-112,[4,1795162112]]],[0,"9eBD166lpJYKXAJNdf+mVf",1,0],[4,4285397499],[5,5,55.4],[3.77,0,0,0,0,0,1,1,1,1]],[1,"textNum",false,14,[[8,26,false,1,1,-113,[29],30],[2,2,-114,[4,1845493760]]],[0,"b6DWdBrxpPLqknUnaLgO6q",1,0],[5,0,40],[2.774,-27.699999999999996,0,0,0,0,1,1,1,1]],[5,"textReward",16,[[7,38,1,1,-115,[35]],[2,2.5,-116,[4,1795162112]]],[0,"1255VMRVNAkbX2HzxWfYM/",1,0],[4,4285397499],[5,5,55.4],[9.715,0,0,0,0,0,1,1,1,1]],[1,"textNum",false,16,[[8,26,false,1,1,-117,[36],37],[2,2,-118,[4,1845493760]]],[0,"b85HYSMURMdamgs0kThDis",1,0],[5,0,40],[2.774,-27.699999999999996,0,0,0,0,1,1,1,1]],[5,"textReward",18,[[7,38,1,1,-119,[41]],[2,2.5,-120,[4,1795162112]]],[0,"65qY8IvLJDVLD4xIo/3lOY",1,0],[4,4285397499],[5,5,55.4],[3.77,0,0,0,0,0,1,1,1,1]],[1,"textNum",false,18,[[8,26,false,1,1,-121,[42],43],[2,2,-122,[4,1845493760]]],[0,"9fk2AYX/lFSbjpvROLzwcj",1,0],[5,0,40],[2.774,-27.699999999999996,0,0,0,0,1,1,1,1]],[5,"textReward",20,[[7,38,1,1,-123,[47]],[2,2.5,-124,[4,1795162112]]],[0,"e1cm7a3F5G05Joy5RyYx4u",1,0],[4,4285397499],[5,5,55.4],[3.77,0,0,0,0,0,1,1,1,1]],[1,"textNum",false,20,[[8,26,false,1,1,-125,[48],49],[2,2,-126,[4,1845493760]]],[0,"8e00cMPy1MdYo2T14hLt0u",1,0],[5,0,40],[2.774,-27.699999999999996,0,0,0,0,1,1,1,1]],[22,"textBuyNum",4,[[-127,[2,2,-128,[4,2516582400]]],1,4],[0,"15dIJ/YYBDp4DuKObX5ywm",1,0],[5,4,44],[0,8.4,0,0,0,0,1,1,1,1]],[21,"tipsNormal",false,1,[-129],[0,"2aZIbPGCVAZL8RpzMdoeYh",1,0],[-22.227,0,0,0,0,0,1,1,1,1]],[12,"title_lucky package",24,[[10,2,-130,[0],1]],[0,"95C1+sFCFJFoKlVojHsqV2",1,0],[5,463,197],[193.789,215.463,0,0,0,0,1,1,1,1]],[1,"img_zp_zg",false,5,[[4,-131,[7],8]],[0,"57t9LK/ZhGZIL+PMC/NzMf",1,0],[5,191,240],[2.483,104.289,0,0,0,0,1,1,1,1]],[1,"img_zp_zhou",false,5,[[11,-132,[9]]],[0,"049j7V66pP1rhL3uxZG6FS",1,0],[5,191,241],[2.483,104.289,0,0,0,0,1,1,1,1]],[1,"img_zp_zg",false,7,[[4,-133,[13],14]],[0,"bfPeHaLI5FmreU5bETsoRQ",1,0],[5,191,240],[2.483,104.289,0,0,0,0,1,1,1,1]],[1,"img_zp_zhou",false,7,[[11,-134,[15]]],[0,"6ayDoo2xdAH574eucDHVDx",1,0],[5,191,241],[2.483,104.289,0,0,0,0,1,1,1,1]],[1,"img_zp_zg",false,9,[[4,-135,[19],20]],[0,"7ch0sDeUlIPYMALwcsCkTL",1,0],[5,191,240],[2.483,104.289,0,0,0,0,1,1,1,1]],[1,"img_zp_zhou",false,9,[[11,-136,[21]]],[0,"56A5zYV2ZO97oNYQCtYZm3",1,0],[5,191,241],[2.483,104.289,0,0,0,0,1,1,1,1]],[1,"img_zp_zg",false,11,[[4,-137,[25],26]],[0,"abAA4GJ2BGR4PIPVrPvQHg",1,0],[5,191,240],[2.483,104.289,0,0,0,0,1,1,1,1]],[1,"img_zp_zhou",false,11,[[11,-138,[27]]],[0,"20nVQd5hBNx6PidQZq8ey/",1,0],[5,191,241],[2.483,104.289,0,0,0,0,1,1,1,1]],[1,"img_zp_zg",false,13,[[4,-139,[31],32]],[0,"7daW063ddEQ6sGBq9zE09s",1,0],[5,191,240],[4.313,104.289,0,0,0,0,1,1,1,1]],[1,"img_zp_zhou",false,13,[[4,-140,[33],34]],[0,"8b/jZ0W6hDZ63AlcxY2Pt2",1,0],[5,191,241],[2.483,104.289,0,0,0,0,1,1,1,1]],[1,"img_zp_zg",false,15,[[4,-141,[38],39]],[0,"62yZ4CMYRFqYraaEabAZcb",1,0],[5,191,240],[5.596,104.289,0,0,0,0,1,1,1,1]],[1,"img_zp_zhou",false,15,[[11,-142,[40]]],[0,"72B7RykYBLHb6s9rmPtTta",1,0],[5,191,241],[2.483,104.289,0,0,0,0,1,1,1,1]],[1,"img_zp_zg",false,17,[[4,-143,[44],45]],[0,"82n12hHKNGIZPQBndwfgKX",1,0],[5,191,240],[2.483,104.289,0,0,0,0,1,1,1,1]],[1,"img_zp_zhou",false,17,[[11,-144,[46]]],[0,"94qtyvANFPJ7GTA1NRqkfe",1,0],[5,191,241],[2.483,104.289,0,0,0,0,1,1,1,1]],[1,"img_zp_zg",false,19,[[4,-145,[50],51]],[0,"00EnwimTZDSbSVrIauQLEZ",1,0],[5,191,240],[2.483,104.289,0,0,0,0,1,1,1,1]],[1,"img_zp_zhou",false,19,[[11,-146,[52]]],[0,"33t0BUu5FL+7iB94yEYKW3",1,0],[5,191,241],[2.483,104.289,0,0,0,0,1,1,1,1]],[1,"img_daojishi",false,3,[[4,-147,[55],56]],[0,"f0TMjFIn9J5o6rKONrig8V",1,0],[5,214,62],[-258.977,-240.795,0,0,0,0,1,1,1,1]],[1,"img_daojishi2",false,3,[[10,2,-148,[57],58]],[0,"26a8MfRkpNTqJSWrpDLFNP",1,0],[5,31,31],[-334.292,-240.408,0,0,0,0,1,1,1,1]],[12,"img_zp_zz",3,[[10,0,-149,[59],60]],[0,"33o9koD8xNFL+YkGSfcMT+",1,0],[5,45,85],[-256.109,199.212,0,0,0,0,1,1,1,1]],[16,42,1,1,2,41,[67]],[23,"textLeftTime",false,3,[-150],[0,"35zwVaeSxITYgC1/k7qRIm",1,0],[5,0,40],[-237.016,-240.265,0,0,0,0,1,1,1,1]],[28,32,1,1,1,2,64,[71]],[13,"text",42,[-151],[0,"3cVCTOoyJNu63EoL87sBlY",1,0],[5,420,88.2],[0,0,0.5],[44.835,-24.21,0,0,0,0,1,1,1,1]],[29,"",2,420,70,66],[13,"text",23,[-152],[0,"8d5X4kz9VE35YH4Su8QXvW",1,0],[5,0,40],[0,0,0.5],[38.299,15.355,0,0,0,0,1,1,1,1]],[16,30,1,1,2,68,[72]],[13,"richtext",23,[-153],[0,"7cMjamcihDY7hSN/wlz1Z7",1,0],[5,0,63],[0,0,0.5],[39.853,-63.094,0,0,0,0,1,1,1,1]],[30,"",32,2,50,70]],0,[0,6,1,0,0,1,0,7,69,0,8,67,0,9,71,0,10,65,0,11,63,0,12,23,0,13,42,0,14,4,0,15,22,0,16,21,0,17,2,0,0,1,0,-1,24,0,-2,2,0,-3,3,0,-4,42,0,-5,23,0,0,2,0,-1,5,0,-2,7,0,-3,9,0,-4,11,0,-5,13,0,-6,15,0,-7,17,0,-8,19,0,-1,60,0,-2,61,0,-3,62,0,-4,21,0,-5,22,0,-6,4,0,-7,64,0,0,4,0,0,4,0,-1,41,0,-1,6,0,-2,44,0,-3,45,0,0,6,0,-1,25,0,-2,26,0,-1,8,0,-2,46,0,-3,47,0,0,8,0,-1,27,0,-2,28,0,-1,10,0,-2,48,0,-3,49,0,0,10,0,-1,29,0,-2,30,0,-1,12,0,-2,50,0,-3,51,0,0,12,0,-1,31,0,-2,32,0,-1,14,0,-2,52,0,-3,53,0,0,14,0,-1,33,0,-2,34,0,-1,16,0,-2,54,0,-3,55,0,0,16,0,-1,35,0,-2,36,0,-1,18,0,-2,56,0,-3,57,0,0,18,0,-1,37,0,-2,38,0,-1,20,0,-2,58,0,-3,59,0,0,20,0,-1,39,0,-2,40,0,0,21,0,0,21,0,0,22,0,0,22,0,-1,68,0,-2,70,0,0,24,0,-1,43,0,0,25,0,0,25,0,0,26,0,0,26,0,0,27,0,0,27,0,0,28,0,0,28,0,0,29,0,0,29,0,0,30,0,0,30,0,0,31,0,0,31,0,0,32,0,0,32,0,0,33,0,0,33,0,0,34,0,0,34,0,0,35,0,0,35,0,0,36,0,0,36,0,0,37,0,0,37,0,0,38,0,0,38,0,0,39,0,0,39,0,0,40,0,0,40,0,-1,63,0,0,41,0,-1,66,0,0,43,0,0,44,0,0,45,0,0,46,0,0,47,0,0,48,0,0,49,0,0,50,0,0,51,0,0,52,0,0,53,0,0,54,0,0,55,0,0,56,0,0,57,0,0,58,0,0,59,0,0,60,0,0,61,0,0,62,0,-1,65,0,-1,67,0,-1,69,0,-1,71,0,18,1,153],[0,0,0,0,0,0,0,0,0,0,0,0,0,0,0,0,0,0,0,0,0,0,0,0,0,0,0,0,0,0,0,0,0,0,0,0,0,0,0,0,0,0,0,0,0,0,0,0,0,0,0,0,0,0,0,0,0,0,0,0,0,0,0,0,0,0,0,0,0,0,0,0,0],[-1,1,-1,1,-1,-1,3,-1,1,-1,-1,-1,3,-1,1,-1,-1,-1,3,-1,1,-1,-1,-1,3,-1,1,-1,-1,-1,3,-1,1,-1,1,-1,-1,3,-1,1,-1,-1,-1,3,-1,1,-1,-1,-1,3,-1,1,-1,-1,1,-1,1,-1,1,-1,1,-1,1,4,-1,1,4,-1,-1,1,4,-1,-1],[0,8,0,9,0,0,1,0,2,0,0,0,1,0,2,0,0,0,1,0,2,0,0,0,1,0,2,0,0,0,1,0,2,0,10,0,0,1,0,2,0,0,0,1,0,2,0,0,0,1,0,2,0,0,11,0,12,0,13,0,14,0,15,0,0,16,0,0,0,17,0,0,0]]]]