[1,["ecpdLyjvZBwrvm+cedCcQy","1a3b93f0a","347DcwJvBFBqWTZctVATiC","78VLO2xdtFaZWeJWpubeno","681UgCINNP0JtV6aauAEAv","b1OAh0ZH5MmZc0j8Oq7vDZ","c1medDac9Mb7sanWjIoLbt","f0BIwQ8D5Ml7nTNQbh1YlS","69NUt7u/BHSYdsI1A+3h3u","8aBR5/9j9NHIyJaZBcYC9t","08MhK4dMhFCKU+8aLd2t1T","3e+N57hYdK5pCtv2tGnRGe","e9qlZv+bFDm5ujaI+Pz1Js","8atA1d21BCRpPe4H11gfjS","93Qq09T49GO7+ejp7qVweL","bdxMQ2kWBEv6YkIoilbkFH","5dot5vJ4VNI7wt6r4nCE5s","ccUjOQ+vhB2ZmQnfbOWTsQ","e8dGfv6B1OFY2Q844S5fnn","bbrYafFp5M1Lz79wukT0BF","83rxM994tCsIuPx2F+4rRO","e0N0Q9cTdMZKfWGbsnIfct","7dRBIxge5HQqOaV2gc46iQ","68hO9j6kRCe6QIIC65ZqyZ","75zqU+YYtIQarGdGkoh7fd","beoaqHULFIr71u61AO3hi8","92YWfoNB9LE44DkW+CnLHp","c6ilyVNPhJ1728bb4ckcoD","e97GVMl6JHh5Ml5qEDdSGa","29FYIk+N1GYaeWH/q1NxQO"],["node","_spriteFrame","_textureSetter","root","_parent","_N$file","priceLabel","_N$target","confirmGiveLabel","confirmCoinLabel","paymentPop","rechargeNotice","leftContent","scrollContent","giveLabel","coinLabel","extraLabel","extra","title","data","_normalMaterial","_N$normalSprite","_N$pressedSprite","_N$hoverSprite","_N$disabledSprite"],["cc.SpriteFrame",["cc.Node",["_name","_active","_prefab","_contentSize","_children","_components","_parent","_trs"],1,4,5,2,9,1,7],["cc.Widget",["_alignFlags","_originalHeight","_originalWidth","_left","_top","_verticalCenter","_horizontalCenter","_enabled","_bottom","node"],-6,1],["cc.Node",["_name","_active","_components","_prefab","_contentSize","_parent","_trs","_color","_children"],1,12,4,5,1,7,5,2],["cc.Label",["_N$horizontalAlign","_N$verticalAlign","_string","_N$cacheMode","_fontSize","_styleFlags","_isSystemFontUsed","_lineHeight","node","_materials"],-5,1,3],["cc.Sprite",["_sizeMode","_type","_isTrimmedMode","node","_materials","_spriteFrame"],0,1,3,6],["cc.Button",["zoomScale","_N$transition","_N$enableAutoGrayEffect","node","clickEvents","_N$target","_normalMaterial","_N$normalColor","_N$pressedColor","_N$disabledColor","_N$normalSprite","_N$pressedSprite","_N$hoverSprite","_N$disabledSprite"],0,1,9,1,6,5,5,5,6,6,6,6],["cc.LabelOutline",["_width","_enabled","node","_color"],1,1,5],["cc.PrefabInfo",["fileId","root","asset"],2,1,1],["cc.Layout",["_N$layoutType","_N$spacingY","_resize","_N$spacingX","node","_layoutSize"],-1,1,5],["cc.ClickEvent",["_componentId","handler","customEventData","target"],0,1],["cc.Prefab",["_name"],2],["cc.Node",["_name","_parent","_components","_prefab","_contentSize","_trs"],2,1,2,4,5,7],["42fc8R4rTJMQ7DKM8VBEptL",["node","scrollContent","leftContent","rechargeNotice","paymentPop","priceLabel","selectPaymentsNodes","confirmCoinLabel","confirmGiveLabel"],3,1,1,1,1,1,1,2,1,1],["cc.Mask",["node","_materials"],3,1,3],["63a19HPZaFNnbCbf9MEqtLH",["node","bk","title","titleImages","priceLabel","extra","extraLabel","coinLabel","giveLabel"],3,1,1,1,3,1,1,1,1,1],["cc.ScrollView",["horizontal","node","_N$content"],2,1,1],["cc.LabelShadow",["node","_color","_offset"],3,1,5,5],["cc.BlockInputEvents",["node"],3,1],["00c1dvYtKNFgo9Vgp4PrfH8",["node","nameLabel","bk"],3,1,1,3]],[[8,0,1,2,2],[5,3,4,5,1],[1,0,6,5,2,3,7,2],[2,0,9,2],[8,0,1,2],[6,3,4,1],[1,0,4,5,2,3,7,2],[1,0,6,4,5,2,3,7,2],[3,0,1,5,8,2,3,4,6,3],[3,0,5,2,3,4,2],[10,0,1,2,3,4],[10,0,1,3,3],[7,1,0,2,3,3],[19,0,1,2,1],[4,2,6,0,1,3,8,9,6],[2,0,2,1,9,4],[1,0,6,5,2,3,2],[1,0,6,4,2,3,7,2],[5,1,0,3,4,5,3],[7,0,2,3,2],[4,2,4,0,1,3,8,9,6],[3,0,5,2,3,7,4,6,2],[9,0,1,4,5,3],[14,0,1,1],[5,0,2,3,4,5,3],[4,2,0,1,3,8,9,5],[4,4,7,0,1,8,9,5],[11,0,2],[1,0,4,2,2],[1,0,1,6,4,2,3],[1,0,1,6,4,5,2,3,3],[1,0,6,4,5,2,3,2],[1,0,5,2,3,2],[3,0,2,3,7,4,6,2],[3,0,2,3,4,2],[3,0,2,3,7,4,2],[3,0,5,2,3,4,6,2],[12,0,1,2,3,4,5,2],[13,0,1,2,3,4,5,6,7,8,1],[2,0,3,2,9,4],[2,0,4,1,9,4],[2,0,5,6,9,4],[2,0,3,9,3],[2,7,0,4,8,9,5],[2,0,1,9,3],[8,1,2,1],[9,0,4,5,2],[9,2,0,3,4,5,4],[5,0,3,4,5,2],[5,1,0,2,3,4,5,4],[6,2,3,4,6,2],[6,0,1,3,4,5,3],[6,0,1,3,4,7,8,9,5,10,11,12,13,3],[7,2,3,1],[7,0,2,2],[15,0,1,2,3,4,5,6,7,8,1],[16,0,1,2,2],[17,0,1,2,1],[18,0,1],[4,2,5,0,1,8,9,5],[4,4,5,0,1,8,9,5]],[[[{"name":"02","rect":[144,117,250,31],"offset":[0,0],"originalSize":[250,31],"rotated":1,"capInsets":[0,0,0,0]}],[0],0,[0],[2],[1]],[[[27,"RechargePopup"],[6,"RechargePopup",[-17,-18,-19,-20],[[38,-15,-14,-13,-12,-11,-10,[-4,-5,-6,-7,-8,-9],-3,-2],[15,45,1520,720,-16]],[45,-1,0],[5,1520,720],[760,360,0,0,0,0,1,1,1,0]],[6,"left",[-23,-24,-25,-26,-27,-28],[[22,2,19.5,-21,[5,190,600]],[23,-22,[41]]],[0,"b0lgUSn51LiJAVaeQS8793",1,0],[5,190,600],[-625,-12.137,0,0,0,0,1,1,1,1]],[28,"pop",[-29,-30,-31,-32,-33,-34,-35],[0,"d1RNjWh+hOGJY2wFHOodkV",1,0]],[6,"bk",[-37,-38,-39,-40],[[18,1,0,-36,[52],53]],[0,"2fIKBSjsZH1oshmq9w6ID3",1,0],[5,1109.8,90],[-2.258,0,0,0,0,0,1,1,1,1]],[6,"popup_up",[-42,-43,-44,-45],[[39,41,3.907985046680551e-14,1446,-41]],[0,"4dqXyuBRBHorp6p99j+5JK",1,0],[5,1520,78],[0,321,0,0,0,0,1,1,1,1]],[6,"content",[-48],[[22,2,15,-46,[5,900,1000]],[3,1,-47]],[0,"91Q/k1khdAjKwoV6qiioLi",1,0],[5,900,1000],[0.162,-184.90700000000004,0,0,0,0,1,1,1,1]],[6,"popup_info",[2,-51],[[46,1,-49,[5,1440,640]],[40,5,80,649.9999999999999,-50]],[0,"64UiMgKGdOp4XJHLzLSYDh",1,0],[5,1440,640],[39,-40,0,0,0,0,1,1,1,1]],[8,"tab0",false,2,[-55],[[[1,-52,[11],12],-53,[5,-54,[[10,"42fc8R4rTJMQ7DKM8VBEptL","selectPayment","0",1]]]],4,1,4],[0,"0bttaP4/1AhawcMeOAncKq",1,0],[5,190,95],[0,252.5,0,0,0,0,1,1,1,1]],[9,"label",8,[[-57,[3,18,-58],[12,false,2,-59,[4,4280707026]]],1,4,4],[4,"f8dGhR6fBNnqyz5klN4Jpc",-56],[5,91.8,50.4]],[8,"tab1",false,2,[-63],[[[1,-60,[16],17],-61,[5,-62,[[10,"42fc8R4rTJMQ7DKM8VBEptL","selectPayment","1",1]]]],4,1,4],[0,"1fdbU4Lb5GcLoqoIQqe9fn",1,0],[5,190,95],[0,138,0,0,0,0,1,1,1,1]],[9,"label",10,[[-65,[3,18,-66],[12,false,2,-67,[4,4280707026]]],1,4,4],[4,"f8dGhR6fBNnqyz5klN4Jpc",-64],[5,83.04,50.4]],[8,"tab2",false,2,[-71],[[[1,-68,[21],22],-69,[5,-70,[[10,"42fc8R4rTJMQ7DKM8VBEptL","selectPayment","2",1]]]],4,1,4],[0,"fagNTjp1pN96/9HkT57uq0",1,0],[5,190,95],[0,23.5,0,0,0,0,1,1,1,1]],[9,"label",12,[[-73,[3,18,-74],[12,false,2,-75,[4,4280707026]]],1,4,4],[4,"f8dGhR6fBNnqyz5klN4Jpc",-72],[5,91.8,50.4]],[8,"tab3",false,2,[-79],[[[1,-76,[26],27],-77,[5,-78,[[10,"42fc8R4rTJMQ7DKM8VBEptL","selectPayment","3",1]]]],4,1,4],[0,"2cl1f+c6hLb6Xhmx/C23f5",1,0],[5,190,95],[0,-91,0,0,0,0,1,1,1,1]],[9,"label",14,[[-81,[3,18,-82],[12,false,2,-83,[4,4280707026]]],1,4,4],[4,"f8dGhR6fBNnqyz5klN4Jpc",-80],[5,91.8,50.4]],[8,"tab4",false,2,[-87],[[[1,-84,[31],32],-85,[5,-86,[[10,"42fc8R4rTJMQ7DKM8VBEptL","selectPayment","4",1]]]],4,1,4],[0,"cd9Gl0QDtBJLin5fBXCeze",1,0],[5,190,95],[0,-205.5,0,0,0,0,1,1,1,1]],[9,"label",16,[[-89,[3,18,-90],[12,false,2,-91,[4,4280707026]]],1,4,4],[4,"f8dGhR6fBNnqyz5klN4Jpc",-88],[5,91.8,50.4]],[8,"tab5",false,2,[-95],[[[1,-92,[36],37],-93,[50,true,-94,[[10,"42fc8R4rTJMQ7DKM8VBEptL","selectPayment","5",1]],40]],4,1,4],[0,"c5UozlDcZP4aa9dv0Y6atw",1,0],[5,190,95],[0,-320,0,0,0,0,1,1,1,1]],[9,"label",18,[[-97,[3,18,-98],[12,false,2,-99,[4,4280707026]]],1,4,4],[4,"f8dGhR6fBNnqyz5klN4Jpc",-96],[5,97.87,50.4]],[7,"recharge_item",6,[4],[[55,-106,4,-105,[54,55,56,57,58,59],-104,-103,-102,-101,-100],[51,1.05,3,-108,[[11,"42fc8R4rTJMQ7DKM8VBEptL","processToPayment",1]],-107]],[0,"d6fSdX/CJJK6k0v2tfR50q",1,0],[5,1134,110],[134,445,0,0,0,0,1,1,1,0]],[33,"label",[[-110,[41,18,1.417,-49.44,-111],[19,2,-112,[4,4280645082]]],1,4,4],[4,"a0gcCixLdE0ZZBGbUIfjk7",-109],[4,4288735476],[5,176.95,54.4],[-49.44,1.417,0,0,0,0,1,1,1,1]],[34,"label",[[-114,[3,18,-115],[19,2,-116,[4,4280256220]]],1,4,4],[4,"b9wadLDEtCX5b5/1EvHAsu",-113],[5,26.25,54.4]],[29,"RechargeNotice",false,1,[-117,-118,-119],[0,"bdwtLoI3FNm6AzEhjrcG0H",1,0]],[30,"ConfirmNode",false,1,[-121,3],[[3,45,-120]],[0,"0dNYRQLBNItZSroiRjNAWh",1,0],[5,1520,720]],[31,"popupNode",1,[5,7],[[15,45,1520,720,-122]],[0,"48gynLZWFNWJU20hfqUdaz",1,0],[5,1520,720]],[2,"popup_back",5,[[1,-123,[6],7],[42,8,24.575000000000045,-124],[5,-125,[[11,"42fc8R4rTJMQ7DKM8VBEptL","goBack",1]]]],[0,"d0AI+4azlDlbZkDUFFmcSU",1,0],[5,71,58],[-699.925,11.001,0,0,0,0,1,1,1,1]],[7,"payment",7,[-128],[[56,false,-126,6],[43,false,5,32.38699999999997,-22.38699999999997,-127]],[0,"58BFD9wy9O7oYnTXZWMTsK",1,0],[5,900,630.1859999999999],[-80,-17.25,0,0,0,0,1,1,1,1]],[7,"View",27,[6],[[23,-129,[60]],[44,5,500,-130]],[0,"e8ZsMq2DVD/bA2v9iMFqk8",1,0],[5,1400,630.1859999999999],[27.276,0,0,0,0,0,1,1,1,1]],[32,"04",[[1,-131,[42],43],[3,18,-132]],[0,"4cCd/uvxdCvr8BLbf9S0Dz",1,0],[5,92,107]],[35,"label",[[-134,[53,-135,[4,4290544501]]],1,4],[4,"63Skb3j1BNIpxCfyc2SoMl",-133],[4,4290544501],[5,132.14,52.4]],[6,"16",[-137],[[24,2,false,-136,[47],48]],[0,"c0cddjn3RP/LY2PpX0yDB3",1,0],[5,176,69],[241.248,19.524,0,0,0,0,1,1,1,1]],[36,"label",31,[[-139,[57,-140,[4,4280427042],[0,0,-2]]],1,4],[4,"55uuPaZSFEKKITs3oCRwRi",-138],[5,61.17,50.4],[1.121,11.773,0,0,0,0,1,1,1,1]],[16,"first_launch",24,[[48,0,-141,[66],67],[15,45,360,640,-142],[58,-143]],[0,"55UBzSCFZNIrO2njXVcJN7",1,0],[5,1520,720]],[7,"New Node",3,[-145,-146],[[47,1,1,20,-144,[5,24,60]]],[0,"e5BNFGwlJG3YsVj29emmRf",1,0],[5,24,60],[8.242,-47.995,0,0,0,0,1,1,1,1]],[21,"label",34,[[-148,[19,2,-149,[4,4280645082]]],1,4],[4,"c2gt9nLtZJJ4Vl2iqZqEtE",-147],[4,4288735476],[5,4,67],[10,2.005,0,0,0,0,1,1,1,1]],[16,"bg",1,[[49,1,0,false,-150,[0],1],[15,45,1415,720,-151]],[0,"148Fq2vwFB9YzJ1SAjRNlo",1,0],[5,1520,720]],[2,"01",5,[[1,-152,[2],3],[3,9,-153]],[0,"c8nPws81xDU4LN5oIe2t/0",1,0],[5,483,71],[-518.5,3.5,0,0,0,0,1,1,1,1]],[2,"01",5,[[24,2,false,-154,[8],9],[5,-155,[[11,"42fc8R4rTJMQ7DKM8VBEptL","showCustomService",1]]]],[0,"a218bhuaxO0Z4qz3H2ni2j",1,0],[5,69,69],[632.984,0,0,0,0,0,1,1,1,1]],[17,"right",4,[21,31],[0,"6fN1K7/klIb73GJZq14vlv",1,0],[5,330,0],[-99.89999999999998,0,0,0,0,0,1,1,1,1]],[7,"button",4,[22],[[1,-156,[50],51]],[0,"5aapt66bFIH4rS0HWcvoWK",1,0],[5,250,85],[427.233,2.7,0,0,0,0,1,1,1,1]],[2,"Btn_ok",23,[[1,-157,[64],65],[5,-158,[[11,"42fc8R4rTJMQ7DKM8VBEptL","toPay",1]]]],[0,"78G+9Bxc5Dq5UaasdzxYbr",1,0],[5,271,68],[4.76,-113.435,0,0,0,0,1,1,1,1]],[7,"popup_bk",3,[-160],[[18,1,0,-159,[70],71]],[0,"afV3d78X1BJ5yhEG67NaBv",1,0],[5,778.2,470.8],[1.7,-3.2,0,0,0,0,1,1,1,1]],[2,"13",3,[[1,-161,[72],73],[5,-162,[[11,"42fc8R4rTJMQ7DKM8VBEptL","makePayment",1]]]],[0,"19qYyozYZEHLWxaAm3YCES",1,0],[5,174,67],[0.783,-131.735,0,0,0,0,1,1,1,1]],[21,"label",3,[[-163,[54,2,-164]],1,4],[0,"a3M0tCXopE4LdKmSh8GfEF",1,0],[4,4281267199],[5,4,54.4],[-5.538,-63.038,0,0,0,0,1,1,1,1]],[7,"closeConfirmBtn",3,[-167],[[52,1.1,3,-166,[[11,"42fc8R4rTJMQ7DKM8VBEptL","hidePaymentPop",1]],[4,4293322470],[4,4291348680],[4,3363338360],-165,83,84,85,86]],[0,"24/TkXsgNJlKH1tZUroC/j",1,0],[5,82,82],[340.906,184.306,0,0,0,0,1,1,1,1]],[2,"New Sprite",45,[[1,-168,[81],82]],[0,"47RAGKXppJPZ7gX5wBH0It",1,0],[5,41,41],[0,0,0,0,0,0,1,1,1,0]],[2,"popup_title",5,[[1,-169,[4],5]],[0,"46tq2/AZdFv7PeZ53rAJjy",1,0],[5,250,31],[-510.624,8.855,0,0,0,0,1,1,1,1]],[14,"Label",false,1,1,1,9,[10]],[13,8,48,[13,14]],[14,"label",false,1,1,1,11,[15]],[13,10,50,[18,19]],[14,"Label",false,1,1,1,13,[20]],[13,12,52,[23,24]],[14,"Label",false,1,1,1,15,[25]],[13,14,54,[28,29]],[14,"Label",false,1,1,1,17,[30]],[13,16,56,[33,34]],[25,"Label",1,1,1,19,[35]],[13,18,58,[38,39]],[17,"title",4,[29],[0,"36N9498PZMMbqVZAejvA0m",1,0],[5,160,0],[-474.9,0,0,0,0,0,1,1,1,1]],[17,"left",4,[30],[0,"b18r1+kP5L0ZgRd+DCpiZc",1,0],[5,130,0],[-329.9,0,0,0,0,0,1,1,1,1]],[20,"00000",46.8,1,1,1,30,[44]],[20,"+50000",51.4,1,1,1,21,[45]],[20,"Label",25,1,1,1,32,[46]],[25,"$",1,1,1,22,[49]],[16,"游戏框",23,[[1,-170,[61],62]],[0,"60yZTuVfdCn4XwW+SX7Oom",1,0],[5,774,456]],[2,"label",23,[[59,"Click OK to buy coins",3,1,1,-171,[63]]],[0,"4c71riEvFN04JHx3MizXBE",1,0],[5,421.9022624567956,50.4],[3.071,33.144,0,0,0,0,1,1,1,1]],[2,"01a",42,[[18,1,0,-172,[68],69]],[0,"b9aoten1VEs73maH8Acrqg",1,0],[5,700.7,318.9],[-0.8,-14.3,0,0,0,0,1,1,1,1]],[2,"15",3,[[1,-173,[74],75]],[0,"e39ZVKwNBPsqw29fl5uLSc",1,0],[5,405,44],[0.527,179.953,0,0,0,0,1,1,1,1]],[2,"金币01",3,[[1,-174,[76],77]],[0,"0ctOPdIRZO3YEDlCtAIRzK",1,0],[5,100,89],[2.068,63.13,0,0,0,0,1,1.5,1.5,1]],[37,"label",34,[-175],[0,"24o+CMZt1JXr6oi86kW1gp",1,0],[5,0,63],[-12,2.784,0,0,0,0,1,1,1,1]],[26,50,50,1,1,71,[78]],[26,50,50,1,1,35,[79]],[60,60,1,1,1,44,[80]]],0,[0,3,1,0,8,73,0,9,72,0,-1,49,0,-2,51,0,-3,53,0,-4,55,0,-5,57,0,-6,59,0,6,74,0,10,24,0,11,23,0,12,2,0,13,6,0,0,1,0,0,1,0,-1,36,0,-2,25,0,-3,23,0,-4,24,0,0,2,0,0,2,0,-1,8,0,-2,10,0,-3,12,0,-4,14,0,-5,16,0,-6,18,0,-1,42,0,-2,43,0,-3,69,0,-4,70,0,-5,34,0,-6,44,0,-7,45,0,0,4,0,-1,60,0,-2,61,0,-3,39,0,-4,40,0,0,5,0,-1,37,0,-2,47,0,-3,26,0,-4,38,0,0,6,0,0,6,0,-1,20,0,0,7,0,0,7,0,-2,27,0,0,8,0,-2,49,0,0,8,0,-1,9,0,3,9,0,-1,48,0,0,9,0,0,9,0,0,10,0,-2,51,0,0,10,0,-1,11,0,3,11,0,-1,50,0,0,11,0,0,11,0,0,12,0,-2,53,0,0,12,0,-1,13,0,3,13,0,-1,52,0,0,13,0,0,13,0,0,14,0,-2,55,0,0,14,0,-1,15,0,3,15,0,-1,54,0,0,15,0,0,15,0,0,16,0,-2,57,0,0,16,0,-1,17,0,3,17,0,-1,56,0,0,17,0,0,17,0,0,18,0,-2,59,0,0,18,0,-1,19,0,3,19,0,-1,58,0,0,19,0,0,19,0,14,63,0,15,62,0,16,64,0,17,31,0,6,65,0,18,29,0,0,20,0,7,20,0,0,20,0,3,21,0,-1,63,0,0,21,0,0,21,0,3,22,0,-1,65,0,0,22,0,0,22,0,-1,66,0,-2,67,0,-3,41,0,0,24,0,-1,33,0,0,25,0,0,26,0,0,26,0,0,26,0,0,27,0,0,27,0,-1,28,0,0,28,0,0,28,0,0,29,0,0,29,0,3,30,0,-1,62,0,0,30,0,0,31,0,-1,32,0,3,32,0,-1,64,0,0,32,0,0,33,0,0,33,0,0,33,0,0,34,0,-1,71,0,-2,35,0,3,35,0,-1,73,0,0,35,0,0,36,0,0,36,0,0,37,0,0,37,0,0,38,0,0,38,0,0,40,0,0,41,0,0,41,0,0,42,0,-1,68,0,0,43,0,0,43,0,-1,74,0,0,44,0,7,46,0,0,45,0,-1,46,0,0,46,0,0,47,0,0,66,0,0,67,0,0,68,0,0,69,0,0,70,0,-1,72,0,19,1,2,4,7,3,4,24,4,4,20,5,4,25,6,4,28,7,4,25,21,4,39,22,4,40,29,4,60,30,4,61,31,4,39,175],[0,0,0,0,0,0,0,0,0,0,0,0,0,0,0,0,0,0,0,0,0,0,0,0,0,0,0,0,0,0,0,0,0,0,0,0,0,0,0,0,0,0,0,0,0,0,0,0,0,0,0,0,0,0,0,0,0,0,0,0,0,0,0,0,0,0,0,0,0,0,0,0,0,0,0,0,0,0,0,0,0,0,0,0,0,0,0,48,50,52,54,56],[-1,1,-1,1,-1,1,-1,1,-1,1,-1,-1,1,-1,-2,-1,-1,1,-1,-2,-1,-1,1,-1,-2,-1,-1,1,-1,-2,-1,-1,1,-1,-2,-1,-1,1,-1,-2,20,-1,-1,1,-1,-1,-1,-1,1,-1,-1,1,-1,1,-1,-2,-3,-4,-5,-6,-1,-1,1,-1,-1,1,-1,1,-1,1,-1,1,-1,1,-1,1,-1,1,-1,-1,-1,-1,1,21,22,23,24,5,5,5,5,5],[0,8,0,9,0,10,0,11,0,12,0,0,2,3,2,0,0,2,3,2,0,0,2,3,2,0,0,2,3,2,0,0,2,3,2,0,0,2,3,2,0,0,0,5,0,0,0,0,13,0,0,14,0,15,5,6,16,17,18,19,0,0,20,0,0,21,0,22,0,23,0,24,0,25,0,26,0,6,0,0,0,0,27,7,28,7,29,4,4,4,4,4]],[[{"name":"04","rect":[358,3,190,95],"offset":[0,2],"originalSize":[194,99],"rotated":1,"capInsets":[0,0,0,0]}],[0],0,[0],[2],[1]],[[{"name":"01","rect":[433,312,71,58],"offset":[0,0],"originalSize":[71,58],"capInsets":[0,0,0,0]}],[0],0,[0],[2],[1]],[[{"name":"金币02","rect":[459,109,89,81],"offset":[3,4],"originalSize":[107,107],"capInsets":[0,0,0,0]}],[0],0,[0],[2],[1]],[[{"name":"03","rect":[58,373,194,99],"offset":[0,0],"originalSize":[194,99],"rotated":1,"capInsets":[0,0,0,0]}],[0],0,[0],[2],[1]],[[{"name":"07","rect":[358,199,176,69],"offset":[0,0],"originalSize":[176,69],"rotated":1,"capInsets":[0,0,0,0]}],[0],0,[0],[2],[1]],[[{"name":"04_2","rect":[3,117,405,44],"offset":[0,0],"originalSize":[405,44],"rotated":1,"capInsets":[0,0,0,0]}],[0],0,[0],[2],[1]],[[{"name":"06","rect":[53,117,250,85],"offset":[-1,2.5],"originalSize":[252,90],"rotated":1,"capInsets":[0,0,0,0]}],[0],0,[0],[2],[1]],[[{"name":"04_1","rect":[433,199,92,107],"offset":[0.5,0],"originalSize":[107,107],"capInsets":[0,0,0,0]}],[0],0,[0],[2],[1]],[[{"name":"金币05","rect":[3,528,49,33],"offset":[1,0],"originalSize":[107,107],"capInsets":[0,0,0,0]}],[0],0,[0],[2],[1]],[[{"name":"05","rect":[188,3,562,90],"offset":[0,0],"originalSize":[562,90],"rotated":1,"capInsets":[144,31,127,43]}],[0],0,[0],[2],[1]],[[{"name":"03_2","rect":[358,381,174,67],"offset":[0,0],"originalSize":[174,67],"capInsets":[0,0,0,0]}],[0],0,[0],[2],[1]],[[{"name":"金币01","rect":[459,3,100,89],"offset":[0.5,0],"originalSize":[107,107],"rotated":1,"capInsets":[0,0,0,0]}],[0],0,[0],[2],[1]],[[{"name":"金币03","rect":[501,454,76,61],"offset":[-3.5,0],"originalSize":[107,107],"rotated":1,"capInsets":[0,0,0,0]}],[0],0,[0],[2],[1]],[[{"name":"金币04","rect":[510,312,55,42],"offset":[1,-0.5],"originalSize":[107,107],"rotated":1,"capInsets":[0,0,0,0]}],[0],0,[0],[2],[1]]]]