[1,0,0,[["dragonBones.DragonBonesAsset",["_name","_dragonBonesJson"],1]],[[0,0,1,3]],[[0,"Jackpot-fb_ske","{\"frameRate\":24,\"isGlobal\":0,\"armature\":[{\"ik\":[],\"type\":\"Armature\",\"frameRate\":24,\"skin\":[{\"name\":\"\",\"slot\":[{\"display\":[{\"path\":\"JACKPOT-fb/shua\",\"type\":\"image\",\"name\":\"JACKPOT-fb/shua\",\"transform\":{\"x\":6.8196}}],\"blendMode\":\"add\",\"name\":\"shua\"},{\"display\":[{\"path\":\"JACKPOT-fb/grandwin\",\"type\":\"image\",\"name\":\"JACKPOT-fb/grandwin\",\"transform\":{\"y\":2.55,\"x\":-2.5}},{\"path\":\"JACKPOT-fb/minorwin\",\"type\":\"image\",\"name\":\"JACKPOT-fb/minorwin\",\"transform\":{\"y\":3.55,\"x\":-4.5}},{\"path\":\"JACKPOT-fb/mini\",\"type\":\"image\",\"name\":\"JACKPOT-fb/mini\",\"transform\":{\"y\":3.55,\"x\":-3}},{\"path\":\"JACKPOT-fb/majorwin\",\"type\":\"image\",\"name\":\"JACKPOT-fb/majorwin\",\"transform\":{\"y\":4.05,\"x\":-5}}],\"name\":\"bone1\"},{\"display\":[{\"path\":\"JACKPOT-fb/banzi\",\"type\":\"image\",\"name\":\"JACKPOT-fb/banzi\",\"transform\":{\"y\":5.9,\"x\":0.85}}],\"name\":\"banzi\"},{\"display\":[{\"path\":\"JACKPOT-fb/qiu\",\"type\":\"image\",\"name\":\"JACKPOT-fb/qiu\",\"transform\":{\"y\":-23.7,\"x\":1.35}}],\"name\":\"qiu\"},{\"display\":[{\"path\":\"JACKPOT-fb/yuan\",\"type\":\"image\",\"name\":\"JACKPOT-fb/yuan\",\"transform\":{\"y\":-97.5,\"x\":-3.8}}],\"name\":\"yuan\"},{\"display\":[{\"path\":\"JACKPOT-fb/图层_801\",\"type\":\"image\",\"name\":\"JACKPOT-fb/图层_801\",\"transform\":{\"y\":-80.6752,\"x\":-158.53}}],\"name\":\"图层_801\"},{\"display\":[{\"path\":\"JACKPOT-fb/cban\",\"type\":\"image\",\"name\":\"JACKPOT-fb/cban\",\"transform\":{\"y\":-76.5783,\"x\":152.3332}}],\"name\":\"cban\"}]}],\"animation\":[{\"ik\":[],\"frame\":[],\"playTimes\":0,\"ffd\":[],\"duration\":40,\"slot\":[{\"frame\":[{\"tweenEasing\":0,\"color\":{\"aM\":0},\"duration\":5},{\"tweenEasing\":null,\"duration\":35}],\"name\":\"cban\"},{\"frame\":[{\"tweenEasing\":0,\"color\":{\"aM\":0},\"duration\":5},{\"tweenEasing\":null,\"duration\":35}],\"name\":\"图层_801\"},{\"frame\":[{\"tweenEasing\":0,\"color\":{\"aM\":0},\"duration\":5},{\"tweenEasing\":null,\"duration\":35}],\"name\":\"yuan\"},{\"frame\":[{\"tweenEasing\":0,\"color\":{\"aM\":0},\"duration\":7},{\"tweenEasing\":0,\"color\":{\"aM\":0},\"duration\":5},{\"tweenEasing\":null,\"duration\":28}],\"name\":\"qiu\"},{\"frame\":[{\"tweenEasing\":0,\"displayIndex\":2,\"color\":{\"aM\":0},\"duration\":5},{\"tweenEasing\":null,\"displayIndex\":2,\"duration\":35}],\"name\":\"bone1\"},{\"frame\":[{\"tweenEasing\":0,\"color\":{\"aM\":0},\"duration\":10},{\"tweenEasing\":0,\"color\":{\"aM\":0},\"duration\":15},{\"tweenEasing\":0,\"color\":{\"aM\":90},\"duration\":15},{\"tweenEasing\":null,\"color\":{\"aM\":0},\"duration\":0}],\"name\":\"shua\"}],\"bone\":[{\"frame\":[{\"transform\":{},\"duration\":40}],\"name\":\"root\"},{\"frame\":[{\"transform\":{},\"duration\":40}],\"name\":\"bone\"},{\"frame\":[{\"tweenEasing\":0,\"transform\":{\"scX\":2.5,\"scY\":2.5},\"duration\":5},{\"tweenEasing\":0,\"transform\":{},\"duration\":2},{\"tweenEasing\":0,\"transform\":{\"scX\":0.9,\"scY\":0.9},\"duration\":2},{\"tweenEasing\":0,\"transform\":{\"scX\":1.2,\"scY\":1.2},\"duration\":2},{\"transform\":{},\"duration\":29}],\"name\":\"bone1\"},{\"frame\":[{\"tweenEasing\":0,\"transform\":{\"y\":-453.33},\"duration\":5},{\"tweenEasing\":0,\"transform\":{},\"duration\":2},{\"tweenEasing\":0,\"transform\":{\"y\":35.6684},\"duration\":2},{\"tweenEasing\":0,\"transform\":{\"y\":-28.6621},\"duration\":2},{\"transform\":{},\"duration\":29}],\"name\":\"bone2\"},{\"frame\":[{\"transform\":{},\"duration\":7},{\"tweenEasing\":0,\"transform\":{\"y\":10.8669,\"x\":-124.9691},\"duration\":5},{\"transform\":{},\"duration\":28}],\"name\":\"bone3\"},{\"frame\":[{\"tweenEasing\":0,\"transform\":{\"skX\":-75.7089,\"skY\":-75.7089},\"duration\":5},{\"tweenEasing\":0,\"transform\":{},\"duration\":2},{\"tweenEasing\":0,\"transform\":{\"skX\":13.2642,\"skY\":13.2642},\"duration\":2},{\"tweenEasing\":0,\"transform\":{\"skX\":-8.9458,\"skY\":-8.9458},\"duration\":2},{\"transform\":{},\"duration\":29}],\"name\":\"bone4\"},{\"frame\":[{\"tweenEasing\":0,\"transform\":{\"skX\":76.3901,\"skY\":76.3901},\"duration\":5},{\"tweenEasing\":0,\"transform\":{},\"duration\":2},{\"tweenEasing\":0,\"transform\":{\"skX\":-14.5024,\"skY\":-14.5024},\"duration\":2},{\"tweenEasing\":0,\"transform\":{\"skX\":9.0703,\"skY\":9.0703},\"duration\":2},{\"transform\":{},\"duration\":29}],\"name\":\"bone5\"},{\"frame\":[{\"tweenEasing\":0,\"transform\":{\"scX\":0.01,\"scY\":0.01},\"duration\":5},{\"tweenEasing\":0,\"transform\":{},\"duration\":20},{\"transform\":{},\"duration\":15}],\"name\":\"bone6\"},{\"frame\":[{\"transform\":{},\"duration\":10},{\"tweenEasing\":0,\"transform\":{},\"duration\":30},{\"transform\":{\"x\":515.9976},\"duration\":0}],\"name\":\"bone7\"}],\"name\":\"miniwin\"},{\"ik\":[],\"frame\":[],\"playTimes\":0,\"ffd\":[],\"duration\":40,\"slot\":[{\"frame\":[{\"tweenEasing\":0,\"color\":{\"aM\":0},\"duration\":5},{\"tweenEasing\":null,\"duration\":35}],\"name\":\"cban\"},{\"frame\":[{\"tweenEasing\":0,\"color\":{\"aM\":0},\"duration\":5},{\"tweenEasing\":null,\"duration\":35}],\"name\":\"图层_801\"},{\"frame\":[{\"tweenEasing\":0,\"color\":{\"aM\":0},\"duration\":5},{\"tweenEasing\":null,\"duration\":35}],\"name\":\"yuan\"},{\"frame\":[{\"tweenEasing\":0,\"color\":{\"aM\":0},\"duration\":7},{\"tweenEasing\":0,\"color\":{\"aM\":0},\"duration\":5},{\"tweenEasing\":null,\"duration\":28}],\"name\":\"qiu\"},{\"frame\":[{\"tweenEasing\":0,\"displayIndex\":1,\"color\":{\"aM\":0},\"duration\":5},{\"tweenEasing\":null,\"displayIndex\":1,\"duration\":35}],\"name\":\"bone1\"},{\"frame\":[{\"tweenEasing\":0,\"color\":{\"aM\":0},\"duration\":10},{\"tweenEasing\":0,\"color\":{\"aM\":0},\"duration\":15},{\"tweenEasing\":0,\"color\":{\"aM\":90},\"duration\":15},{\"tweenEasing\":null,\"color\":{\"aM\":0},\"duration\":0}],\"name\":\"shua\"}],\"bone\":[{\"frame\":[{\"transform\":{},\"duration\":40}],\"name\":\"root\"},{\"frame\":[{\"transform\":{},\"duration\":40}],\"name\":\"bone\"},{\"frame\":[{\"tweenEasing\":0,\"transform\":{\"scX\":2.5,\"scY\":2.5},\"duration\":5},{\"tweenEasing\":0,\"transform\":{},\"duration\":2},{\"tweenEasing\":0,\"transform\":{\"scX\":0.9,\"scY\":0.9},\"duration\":2},{\"tweenEasing\":0,\"transform\":{\"scX\":1.2,\"scY\":1.2},\"duration\":2},{\"transform\":{},\"duration\":29}],\"name\":\"bone1\"},{\"frame\":[{\"tweenEasing\":0,\"transform\":{\"y\":-453.33},\"duration\":5},{\"tweenEasing\":0,\"transform\":{},\"duration\":2},{\"tweenEasing\":0,\"transform\":{\"y\":35.6684},\"duration\":2},{\"tweenEasing\":0,\"transform\":{\"y\":-28.6621},\"duration\":2},{\"transform\":{},\"duration\":29}],\"name\":\"bone2\"},{\"frame\":[{\"transform\":{},\"duration\":7},{\"tweenEasing\":0,\"transform\":{\"y\":10.8669,\"x\":-124.9691},\"duration\":5},{\"transform\":{},\"duration\":28}],\"name\":\"bone3\"},{\"frame\":[{\"tweenEasing\":0,\"transform\":{\"skX\":-75.7089,\"skY\":-75.7089},\"duration\":5},{\"tweenEasing\":0,\"transform\":{},\"duration\":2},{\"tweenEasing\":0,\"transform\":{\"skX\":13.2642,\"skY\":13.2642},\"duration\":2},{\"tweenEasing\":0,\"transform\":{\"skX\":-8.9458,\"skY\":-8.9458},\"duration\":2},{\"transform\":{},\"duration\":29}],\"name\":\"bone4\"},{\"frame\":[{\"tweenEasing\":0,\"transform\":{\"skX\":76.3901,\"skY\":76.3901},\"duration\":5},{\"tweenEasing\":0,\"transform\":{},\"duration\":2},{\"tweenEasing\":0,\"transform\":{\"skX\":-14.5024,\"skY\":-14.5024},\"duration\":2},{\"tweenEasing\":0,\"transform\":{\"skX\":9.0703,\"skY\":9.0703},\"duration\":2},{\"transform\":{},\"duration\":29}],\"name\":\"bone5\"},{\"frame\":[{\"tweenEasing\":0,\"transform\":{\"scX\":0.01,\"scY\":0.01},\"duration\":5},{\"tweenEasing\":0,\"transform\":{},\"duration\":20},{\"transform\":{},\"duration\":15}],\"name\":\"bone6\"},{\"frame\":[{\"transform\":{},\"duration\":10},{\"tweenEasing\":0,\"transform\":{},\"duration\":30},{\"transform\":{\"x\":515.9976},\"duration\":0}],\"name\":\"bone7\"}],\"name\":\"miorwin\"},{\"ik\":[],\"frame\":[],\"playTimes\":0,\"ffd\":[],\"duration\":40,\"slot\":[{\"frame\":[{\"tweenEasing\":0,\"color\":{\"aM\":0},\"duration\":5},{\"tweenEasing\":null,\"duration\":35}],\"name\":\"cban\"},{\"frame\":[{\"tweenEasing\":0,\"color\":{\"aM\":0},\"duration\":5},{\"tweenEasing\":null,\"duration\":35}],\"name\":\"图层_801\"},{\"frame\":[{\"tweenEasing\":0,\"color\":{\"aM\":0},\"duration\":5},{\"tweenEasing\":null,\"duration\":35}],\"name\":\"yuan\"},{\"frame\":[{\"tweenEasing\":0,\"color\":{\"aM\":0},\"duration\":7},{\"tweenEasing\":0,\"color\":{\"aM\":0},\"duration\":5},{\"tweenEasing\":null,\"duration\":28}],\"name\":\"qiu\"},{\"frame\":[{\"tweenEasing\":0,\"displayIndex\":3,\"color\":{\"aM\":0},\"duration\":5},{\"tweenEasing\":null,\"displayIndex\":3,\"duration\":35}],\"name\":\"bone1\"},{\"frame\":[{\"tweenEasing\":0,\"color\":{\"aM\":0},\"duration\":10},{\"tweenEasing\":0,\"color\":{\"aM\":0},\"duration\":15},{\"tweenEasing\":0,\"color\":{\"aM\":90},\"duration\":15},{\"tweenEasing\":null,\"color\":{\"aM\":0},\"duration\":0}],\"name\":\"shua\"}],\"bone\":[{\"frame\":[{\"transform\":{},\"duration\":40}],\"name\":\"root\"},{\"frame\":[{\"transform\":{},\"duration\":40}],\"name\":\"bone\"},{\"frame\":[{\"tweenEasing\":0,\"transform\":{\"scX\":2.5,\"scY\":2.5},\"duration\":5},{\"tweenEasing\":0,\"transform\":{},\"duration\":2},{\"tweenEasing\":0,\"transform\":{\"scX\":0.9,\"scY\":0.9},\"duration\":2},{\"tweenEasing\":0,\"transform\":{\"scX\":1.2,\"scY\":1.2},\"duration\":2},{\"transform\":{},\"duration\":29}],\"name\":\"bone1\"},{\"frame\":[{\"tweenEasing\":0,\"transform\":{\"y\":-453.33},\"duration\":5},{\"tweenEasing\":0,\"transform\":{},\"duration\":2},{\"tweenEasing\":0,\"transform\":{\"y\":35.6684},\"duration\":2},{\"tweenEasing\":0,\"transform\":{\"y\":-28.6621},\"duration\":2},{\"transform\":{},\"duration\":29}],\"name\":\"bone2\"},{\"frame\":[{\"transform\":{},\"duration\":7},{\"tweenEasing\":0,\"transform\":{\"y\":10.8669,\"x\":-124.9691},\"duration\":5},{\"transform\":{},\"duration\":28}],\"name\":\"bone3\"},{\"frame\":[{\"tweenEasing\":0,\"transform\":{\"skX\":-75.7089,\"skY\":-75.7089},\"duration\":5},{\"tweenEasing\":0,\"transform\":{},\"duration\":2},{\"tweenEasing\":0,\"transform\":{\"skX\":13.2642,\"skY\":13.2642},\"duration\":2},{\"tweenEasing\":0,\"transform\":{\"skX\":-8.9458,\"skY\":-8.9458},\"duration\":2},{\"transform\":{},\"duration\":29}],\"name\":\"bone4\"},{\"frame\":[{\"tweenEasing\":0,\"transform\":{\"skX\":76.3901,\"skY\":76.3901},\"duration\":5},{\"tweenEasing\":0,\"transform\":{},\"duration\":2},{\"tweenEasing\":0,\"transform\":{\"skX\":-14.5024,\"skY\":-14.5024},\"duration\":2},{\"tweenEasing\":0,\"transform\":{\"skX\":9.0703,\"skY\":9.0703},\"duration\":2},{\"transform\":{},\"duration\":29}],\"name\":\"bone5\"},{\"frame\":[{\"tweenEasing\":0,\"transform\":{\"scX\":0.01,\"scY\":0.01},\"duration\":5},{\"tweenEasing\":0,\"transform\":{},\"duration\":20},{\"transform\":{},\"duration\":15}],\"name\":\"bone6\"},{\"frame\":[{\"transform\":{},\"duration\":10},{\"tweenEasing\":0,\"transform\":{},\"duration\":30},{\"transform\":{\"x\":515.9976},\"duration\":0}],\"name\":\"bone7\"}],\"name\":\"majorwin\"},{\"ik\":[],\"frame\":[],\"playTimes\":0,\"ffd\":[],\"duration\":40,\"slot\":[{\"frame\":[{\"tweenEasing\":0,\"color\":{\"aM\":0},\"duration\":5},{\"tweenEasing\":null,\"duration\":35}],\"name\":\"cban\"},{\"frame\":[{\"tweenEasing\":0,\"color\":{\"aM\":0},\"duration\":5},{\"tweenEasing\":null,\"duration\":35}],\"name\":\"图层_801\"},{\"frame\":[{\"tweenEasing\":0,\"color\":{\"aM\":0},\"duration\":5},{\"tweenEasing\":null,\"duration\":35}],\"name\":\"yuan\"},{\"frame\":[{\"tweenEasing\":0,\"color\":{\"aM\":0},\"duration\":7},{\"tweenEasing\":0,\"color\":{\"aM\":0},\"duration\":5},{\"tweenEasing\":null,\"duration\":28}],\"name\":\"qiu\"},{\"frame\":[{\"tweenEasing\":0,\"color\":{\"aM\":0},\"duration\":5},{\"tweenEasing\":null,\"duration\":35}],\"name\":\"bone1\"},{\"frame\":[{\"tweenEasing\":0,\"color\":{\"aM\":0},\"duration\":10},{\"tweenEasing\":0,\"color\":{\"aM\":0},\"duration\":15},{\"tweenEasing\":0,\"color\":{\"aM\":90},\"duration\":15},{\"tweenEasing\":null,\"color\":{\"aM\":0},\"duration\":0}],\"name\":\"shua\"}],\"bone\":[{\"frame\":[{\"transform\":{},\"duration\":40}],\"name\":\"root\"},{\"frame\":[{\"transform\":{},\"duration\":40}],\"name\":\"bone\"},{\"frame\":[{\"tweenEasing\":0,\"transform\":{\"scX\":2.5,\"scY\":2.5},\"duration\":5},{\"tweenEasing\":0,\"transform\":{},\"duration\":2},{\"tweenEasing\":0,\"transform\":{\"scX\":0.9,\"scY\":0.9},\"duration\":2},{\"tweenEasing\":0,\"transform\":{\"scX\":1.2,\"scY\":1.2},\"duration\":2},{\"transform\":{},\"duration\":29}],\"name\":\"bone1\"},{\"frame\":[{\"tweenEasing\":0,\"transform\":{\"y\":-453.33},\"duration\":5},{\"tweenEasing\":0,\"transform\":{},\"duration\":2},{\"tweenEasing\":0,\"transform\":{\"y\":35.6684},\"duration\":2},{\"tweenEasing\":0,\"transform\":{\"y\":-28.6621},\"duration\":2},{\"transform\":{},\"duration\":29}],\"name\":\"bone2\"},{\"frame\":[{\"transform\":{},\"duration\":7},{\"tweenEasing\":0,\"transform\":{\"y\":10.8669,\"x\":-124.9691},\"duration\":5},{\"transform\":{},\"duration\":28}],\"name\":\"bone3\"},{\"frame\":[{\"tweenEasing\":0,\"transform\":{\"skX\":-75.7089,\"skY\":-75.7089},\"duration\":5},{\"tweenEasing\":0,\"transform\":{},\"duration\":2},{\"tweenEasing\":0,\"transform\":{\"skX\":13.2642,\"skY\":13.2642},\"duration\":2},{\"tweenEasing\":0,\"transform\":{\"skX\":-8.9458,\"skY\":-8.9458},\"duration\":2},{\"transform\":{},\"duration\":29}],\"name\":\"bone4\"},{\"frame\":[{\"tweenEasing\":0,\"transform\":{\"skX\":76.3901,\"skY\":76.3901},\"duration\":5},{\"tweenEasing\":0,\"transform\":{},\"duration\":2},{\"tweenEasing\":0,\"transform\":{\"skX\":-14.5024,\"skY\":-14.5024},\"duration\":2},{\"tweenEasing\":0,\"transform\":{\"skX\":9.0703,\"skY\":9.0703},\"duration\":2},{\"transform\":{},\"duration\":29}],\"name\":\"bone5\"},{\"frame\":[{\"tweenEasing\":0,\"transform\":{\"scX\":0.01,\"scY\":0.01},\"duration\":5},{\"tweenEasing\":0,\"transform\":{},\"duration\":20},{\"transform\":{},\"duration\":15}],\"name\":\"bone6\"},{\"frame\":[{\"transform\":{},\"duration\":10},{\"tweenEasing\":0,\"transform\":{},\"duration\":30},{\"transform\":{\"x\":515.9976},\"duration\":0}],\"name\":\"bone7\"}],\"name\":\"Grandwin\"}],\"defaultActions\":[{\"gotoAndPlay\":\"miniwin\"}],\"bone\":[{\"name\":\"root\",\"transform\":{}},{\"transform\":{\"y\":-159,\"x\":-5},\"name\":\"bone\",\"parent\":\"root\"},{\"transform\":{\"y\":-79,\"x\":8},\"name\":\"bone1\",\"parent\":\"bone\"},{\"transform\":{\"y\":77.15,\"x\":3.65},\"name\":\"bone6\",\"parent\":\"bone\"},{\"transform\":{\"y\":-22.45,\"x\":2.3},\"name\":\"bone2\",\"parent\":\"bone\"},{\"transform\":{\"y\":-21.6916,\"x\":-88.0676},\"name\":\"bone5\",\"parent\":\"bone2\"},{\"transform\":{\"y\":-25.8774,\"x\":90.6851},\"name\":\"bone4\",\"parent\":\"bone2\"},{\"transform\":{\"y\":-2.6777,\"x\":-268.9561},\"name\":\"bone7\",\"parent\":\"bone1\"},{\"transform\":{\"y\":-147.3,\"x\":-13.65},\"name\":\"bone3\",\"parent\":\"bone2\"}],\"aabb\":{\"width\":916.115899965084,\"y\":-432.95,\"height\":433,\"x\":-462.7975515013967},\"name\":\"Armature\",\"slot\":[{\"name\":\"cban\",\"parent\":\"bone4\",\"color\":{}},{\"z\":1,\"name\":\"图层_801\",\"parent\":\"bone5\",\"color\":{}},{\"z\":2,\"name\":\"yuan\",\"parent\":\"bone2\",\"color\":{}},{\"z\":3,\"name\":\"qiu\",\"parent\":\"bone3\",\"color\":{}},{\"z\":4,\"name\":\"banzi\",\"parent\":\"bone6\",\"color\":{}},{\"z\":5,\"displayIndex\":2,\"name\":\"bone1\",\"parent\":\"bone1\",\"color\":{}},{\"blendMode\":\"add\",\"z\":6,\"parent\":\"bone7\",\"name\":\"shua\",\"color\":{\"aM\":0}}]}],\"name\":\"Jackpot-fb\",\"version\":\"4.0\"}"]],0,0,[],[],[]]