[1,["44T8nk/uNJuKCfScIOfDCL"],["_textureSetter"],["cc.SpriteFrame"],0,[[[{"name":"bn_towin","rect":[368,5,93,37],"offset":[0,0],"originalSize":[93,37],"capInsets":[0,0,0,0]}],[0],0,[0],[0],[0]],[[{"name":"jb","rect":[466,5,29,29],"offset":[0,0],"originalSize":[29,29],"capInsets":[0,0,0,0]}],[0],0,[0],[0],[0]],[[{"name":"rounds_bg_small","rect":[5,795,627,90],"offset":[0,0],"originalSize":[627,90],"capInsets":[0,0,0,0]}],[0],0,[0],[0],[0]],[[{"name":"rounds_bg","rect":[93,74,657,716],"offset":[0,0],"originalSize":[657,716],"capInsets":[0,0,0,0]}],[0],0,[0],[0],[0]],[[{"name":"bn_toget","rect":[270,5,93,37],"offset":[0,0],"originalSize":[93,37],"capInsets":[0,0,0,0]}],[0],0,[0],[0],[0]],[[{"name":"avatar","rect":[5,5,62,62],"offset":[0,0],"originalSize":[62,62],"capInsets":[0,0,0,0]}],[0],0,[0],[0],[0]],[[{"name":"rounds_gb","rect":[637,795,57,57],"offset":[0,0],"originalSize":[57,57],"capInsets":[0,0,0,0]}],[0],0,[0],[0],[0]],[[{"name":"jb02","rect":[500,5,117,26],"offset":[0,0],"originalSize":[117,26],"capInsets":[0,0,0,0]}],[0],0,[0],[0],[0]]]]