[1,["16C4x26U1JJo6fRe/ManP6"],["_texture"],[["dragonBones.DragonBonesAtlasAsset",["_name","_atlasJson"],1]],[[0,0,1,3]],[[0,"qiuyuan_tex","{\"width\":1024,\"imagePath\":\"qiuyuan_tex.png\",\"height\":512,\"name\":\"qiuyuan\",\"SubTexture\":[{\"width\":77,\"y\":441,\"height\":30,\"name\":\"fb/qiuying\",\"x\":453},{\"frameHeight\":248,\"y\":1,\"frameX\":-26,\"width\":192,\"frameY\":0,\"height\":248,\"name\":\"ggg\",\"frameWidth\":218,\"x\":301},{\"width\":74,\"y\":251,\"height\":201,\"name\":\"zuoshou\",\"x\":377},{\"width\":74,\"y\":251,\"height\":201,\"name\":\"左手_10hao01\",\"x\":301},{\"width\":148,\"y\":1,\"height\":455,\"name\":\"shenti10hao\",\"x\":151},{\"width\":148,\"y\":1,\"height\":455,\"name\":\"shenti9hao\",\"x\":1},{\"width\":60,\"y\":346,\"height\":93,\"name\":\"you\",\"x\":453},{\"width\":60,\"y\":251,\"height\":93,\"name\":\"neimaer_头\",\"x\":453},{\"width\":60,\"y\":1,\"height\":93,\"name\":\"luonaerduo_头\",\"x\":495}]}"]],0,0,[0],[0],[0]]