[1,["4eMdHf0/FC8rbSiItdi5SL"],["_texture"],[["dragonBones.DragonBonesAtlasAsset",["_name","_atlasJson"],1]],[[0,0,1,3]],[[0,"sshoumenyuan_tex","{\"SubTexture\":[{\"width\":113,\"y\":304,\"height\":30,\"name\":\"球员/yingzi\",\"x\":1},{\"width\":123,\"y\":1,\"height\":282,\"name\":\"组3\",\"x\":294},{\"frameWidth\":296,\"y\":285,\"frameHeight\":286,\"width\":124,\"frameX\":-80,\"height\":209,\"name\":\"待机\",\"frameY\":-66,\"x\":203},{\"width\":275,\"y\":496,\"height\":79,\"name\":\"图层27\",\"x\":1},{\"width\":200,\"y\":132,\"height\":170,\"name\":\"图层28\",\"x\":1},{\"width\":291,\"y\":1,\"height\":129,\"name\":\"图层30\",\"x\":1}],\"width\":512,\"height\":1024,\"name\":\"sshoumenyuan\",\"imagePath\":\"sshoumenyuan_tex.png\"}"]],0,0,[0],[0],[0]]