[1,["ecpdLyjvZBwrvm+cedCcQy","1f8e0a66d","a2MjXRFdtLlYQ5ouAFv/+R","42YkfU2opG0IWAre/d/w/h","d4TiUrniVHgI37rr6uheW1","57kpdQS/ND0J0w4ayRXByK","7bstfpuGdMKpAHM5hxsPIH"],["node","_spriteFrame","_textureSetter","root","data","_parent","_N$dragonAsset","_N$dragonAtlasAsset","_N$file"],[["cc.Node",["_name","_active","_opacity","_prefab","_components","_contentSize","_trs","_parent","_children","_color"],0,4,9,5,7,1,2,5],["cc.Widget",["_alignFlags","_originalWidth","_originalHeight","node"],0,1],["cc.PrefabInfo",["fileId","root"],2,1],["cc.Sprite",["_sizeMode","node","_materials","_spriteFrame"],2,1,3,6],["cc.Label",["_string","_N$horizontalAlign","_N$verticalAlign","_fontSize","_isSystemFontUsed","node","_materials","_N$file"],-2,1,3,6],"cc.SpriteFrame",["cc.Prefab",["_name"],2],["cc.BlockInputEvents",["node"],3,1],["cc.Button",["zoomScale","_N$transition","node"],1,1],["dragonBones.ArmatureDisplay",["_armatureName","_preCacheMode","_armatureKey","node","_materials","_N$dragonAsset","_N$dragonAtlasAsset"],0,1,3,6,6]],[[2,0,1,2],[0,0,7,4,3,5,6,2],[0,0,1,7,4,3,5,6,3],[4,0,1,2,5,6,4],[6,0,2],[0,0,1,8,4,3,5,6,3],[0,0,2,7,4,3,9,5,3],[0,0,1,8,3,6,3],[0,0,7,8,4,3,5,6,2],[0,0,7,8,3,2],[1,0,3,2],[1,0,1,2,3,4],[2,1,1],[3,0,1,2,3,2],[3,1,2,3,1],[7,0,1],[8,0,1,2,3],[9,0,1,2,3,4,5,6,4],[4,0,3,4,1,2,5,6,7,6]],[[[{"name":"Star_img","rect":[324,707,226,74],"offset":[0,0],"originalSize":[226,74],"rotated":1,"capInsets":[0,0,0,0]}],[5],0,[0],[2],[1]],[[[4,"freespinNode"],[5,"freespinNode",false,[-3,-4],[[10,45,-2]],[12,-1],[5,1520,720],[760,360,0,0,0,0,1,1,1,1]],[6,"bg",160,1,[[13,0,-5,[0],1],[11,45,100,100,-6],[15,-7]],[0,"b97DKNeNZDYKzSN3v5KGrU",1],[4,4278190080],[5,1520,720]],[7,"freeConten",false,[-8,-9,-10],[0,"c71FSc8DRNi5WWfZcc+kOX",1],[0,106.77,0,0,0,0,1,1,1,1]],[8,"freeStartBtn",3,[-13],[[14,-11,[7],8],[16,1.1,3,-12]],[0,"e9O8Eq0Q5PXYi2euoYEL75",1],[5,226,74],[0,-258.286,0,0,0,0,1,1,1,0]],[9,"node",1,[-14,3],[0,"fcWemAL/FJPZ0+WjpYvxX/",1]],[1,"freeSpinAni",5,[[17,"Armature",0,"426247d4-da8a-46d0-8580-adefddff0fe1#d44e252b-9e25-4780-8dfb-aebeae85e5b5",-15,[2],3,4]],[0,"c1lAcyZKJPq6Ac5lwSJSqB",1],[5,1087.7604666088787,581],[0,-241.516,0,0,0,0,1,1,1,1]],[1,"freeSpinTimeLabel",4,[[18,"5",28,false,1,1,-16,[5],6]],[0,"34Dwllg0dOYqYpaNCn95VP",1],[5,16.63,40],[39.197,25.608,0,0,0,0,1,1,1,1]],[2,"getFreeCountLabel",false,3,[[3,"10",1,1,-17,[9]]],[0,"65HyhxvEpLDa9T3lZbJRlA",1],[5,44.49,50.4],[-227.145,-115.965,0,0,0,0,1,1,1,1]],[2,"machLabel",false,3,[[3,"6",1,1,-18,[10]]],[0,"8cF2fKXGZHQ6MlQfl5DV8N",1],[5,22.25,50.4],[20,-115.965,0,0,0,0,1,1,1,1]]],0,[0,3,1,0,0,1,0,-1,2,0,-2,5,0,0,2,0,0,2,0,0,2,0,-1,4,0,-2,8,0,-3,9,0,0,4,0,0,4,0,-1,7,0,-1,6,0,0,6,0,0,7,0,0,8,0,0,9,0,4,1,3,5,5,18],[0,0,0,0,0,0,0,0,0,0,0],[-1,1,-1,6,7,-1,8,-1,1,-1,-1],[0,2,0,3,4,0,5,0,6,0,0]]]]