[1,["ecpdLyjvZBwrvm+cedCcQy","a2MjXRFdtLlYQ5ouAFv/+R","02gb3T0mhHpZ6Pp4fRrKan","badN1P2PtEA4fJd9KadG6a","3e55nuTkNOIZEUW4VMSuLG","b4QJIjcwREELD8Dmk1vvp5","e7SwwejLlBaZhzUOqBR3im","2cX3F6lHxKqbSa1x8HXTr4","84iScrhVRPr4CoVio+Qj6I","6eyQ16OWhPpa5aur4fgF/N","5ckis9fDNIwLXXJpI2fbgb","cbU/DygfFGd5Uqex2LORFZ"],["node","_spriteFrame","_N$file","root","data","_parent","_file","_N$dragonAsset","_N$dragonAtlasAsset"],[["cc.Node",["_name","_active","_opacity","_prefab","_parent","_components","_trs","_children","_contentSize","_color"],0,4,1,9,7,2,5,5],["cc.Label",["_fontSize","_isSystemFontUsed","_N$horizontalAlign","_N$verticalAlign","_string","_spacingX","node","_materials","_N$file"],-3,1,3,6],["cc.Widget",["_alignFlags","_originalWidth","_originalHeight","node"],0,1],["cc.PrefabInfo",["fileId","root"],2,1],["cc.Sprite",["_sizeMode","node","_materials","_spriteFrame"],2,1,3,6],["dragonBones.DragonBonesAsset",["_name","_dragonBonesJson"],1],["cc.Prefab",["_name"],2],["cc.BlockInputEvents",["node"],3,1],["cc.Button",["zoomScale","_N$transition","node"],1,1],["cc.ParticleSystem",["_custom","playOnLoad","totalParticles","duration","emissionRate","life","lifeVar","angleVar","startSize","startSizeVar","endSize","startSpinVar","endSpin","_positionType","speed","speedVar","tangentialAccel","tangentialAccelVar","radialAccel","node","_materials","_startColor","_startColorVar","_endColor","_endColorVar","gravity","_file","_spriteFrame"],-16,1,3,8,8,8,8,5,6,6],["dragonBones.ArmatureDisplay",["_armatureName","_animationName","_preCacheMode","_armatureKey","node","_materials","_N$dragonAsset","_N$dragonAtlasAsset"],-1,1,3,6,6]],[[3,0,1,2],[0,0,4,5,3,8,6,2],[4,1,2,3,1],[0,0,1,7,5,3,8,6,3],[0,0,4,7,3,6,2],[5,0,1,3],[6,0,2],[0,0,2,4,5,3,9,8,3],[0,0,1,4,7,3,6,3],[0,0,4,7,5,3,8,6,2],[0,0,4,5,3,2],[2,0,3,2],[2,0,1,2,3,4],[3,1,1],[4,0,1,2,3,2],[7,0,1],[8,0,1,2,3],[9,0,1,2,3,4,5,6,7,8,9,10,11,12,13,14,15,16,17,18,19,20,21,22,23,24,25,26,27,20],[10,0,1,2,3,4,5,6,7,5],[1,4,0,1,2,3,6,7,8,6],[1,0,1,5,2,3,6,7,8,6],[1,0,1,2,3,6,7,8,5]],[[[[5,"megawin_ske","{\"frameRate\":24,\"isGlobal\":0,\"armature\":[{\"skin\":[{\"name\":\"\",\"slot\":[{\"display\":[{\"path\":\"megawin/1\",\"type\":\"image\",\"name\":\"megawin/1\",\"transform\":{\"skX\":-36.8699,\"y\":-80.2566,\"skY\":-36.8699,\"x\":111.1755}}],\"name\":\"1\"},{\"display\":[{\"path\":\"megawin/t1\",\"type\":\"image\",\"name\":\"megawin/t1\",\"transform\":{\"skX\":25.4633,\"y\":-6.7929,\"skY\":25.4633,\"x\":-3.1917}}],\"name\":\"t1\"},{\"display\":[{\"path\":\"megawin/4\",\"type\":\"image\",\"name\":\"megawin/4\",\"transform\":{\"skX\":72.646,\"y\":0.865,\"skY\":72.646,\"x\":-21.2074}}],\"name\":\"4\"},{\"display\":[{\"path\":\"megawin/G3\",\"type\":\"image\",\"name\":\"megawin/G3\",\"transform\":{\"skX\":67.8906,\"y\":56.4673,\"skY\":67.8906,\"x\":18.8327}}],\"name\":\"G3\"},{\"display\":[{\"path\":\"megawin/3\",\"type\":\"image\",\"name\":\"megawin/3\",\"transform\":{\"skX\":115.7693,\"y\":-8.3379,\"skY\":115.7693,\"x\":-11.5209}}],\"name\":\"3\"},{\"display\":[{\"path\":\"megawin/2\",\"type\":\"image\",\"name\":\"megawin/2\",\"transform\":{\"skX\":-156.5014,\"y\":-2.5718,\"skY\":-156.5014,\"x\":-2.1531}}],\"name\":\"2\"},{\"display\":[{\"path\":\"megawin/G2\",\"type\":\"image\",\"name\":\"megawin/G2\",\"transform\":{\"skX\":90,\"skY\":90,\"scX\":0.9,\"scY\":0.9}}],\"name\":\"G21\"},{\"display\":[{\"path\":\"megawin/mw\",\"type\":\"image\",\"name\":\"megawin/mw\",\"transform\":{\"skX\":90,\"y\":80.0262,\"skY\":90,\"x\":-0.2464}}],\"name\":\"mw\"},{\"display\":[{\"path\":\"megawin/G2\",\"type\":\"image\",\"name\":\"megawin/G2\",\"transform\":{\"skX\":90,\"skY\":90}}],\"name\":\"G2\"},{\"display\":[{\"path\":\"megawin/kk\",\"type\":\"image\",\"name\":\"megawin/kk\",\"transform\":{\"skX\":90,\"skY\":90}}],\"name\":\"kk\"},{\"display\":[{\"path\":\"megawin/t2\",\"type\":\"image\",\"name\":\"megawin/t2\",\"transform\":{\"skX\":84.053,\"y\":-7.9705,\"skY\":84.053,\"x\":-5.311}}],\"name\":\"t2\"}]}],\"type\":\"Armature\",\"name\":\"Armature\",\"defaultActions\":[{\"gotoAndPlay\":\"newAnimation\"}],\"animation\":[{\"frame\":[],\"playTimes\":0,\"ffd\":[],\"duration\":60,\"slot\":[{\"frame\":[{\"tweenEasing\":null,\"displayIndex\":-1,\"duration\":8},{\"tweenEasing\":0,\"duration\":14},{\"tweenEasing\":0,\"duration\":14},{\"tweenEasing\":null,\"color\":{\"aM\":0},\"duration\":24}],\"name\":\"G3\"},{\"frame\":[{\"tweenEasing\":null,\"displayIndex\":-1,\"duration\":8},{\"tweenEasing\":null,\"duration\":52}],\"name\":\"G2\"},{\"frame\":[{\"tweenEasing\":null,\"duration\":16},{\"tweenEasing\":null,\"duration\":44}],\"name\":\"mw\"},{\"frame\":[{\"tweenEasing\":null,\"displayIndex\":-1,\"duration\":8},{\"tweenEasing\":0,\"duration\":18},{\"tweenEasing\":0,\"color\":{\"aM\":31},\"duration\":34},{\"tweenEasing\":null,\"color\":{\"aM\":56},\"duration\":0}],\"name\":\"G21\"}],\"bone\":[{\"frame\":[{\"transform\":{},\"duration\":60}],\"name\":\"root\"},{\"frame\":[{\"tweenEasing\":0,\"transform\":{\"scY\":0.01},\"duration\":6},{\"tweenEasing\":0,\"transform\":{},\"duration\":1},{\"tweenEasing\":0,\"transform\":{\"scY\":1.1},\"duration\":1},{\"tweenEasing\":0,\"transform\":{},\"duration\":52},{\"transform\":{},\"duration\":0}],\"name\":\"kk\"},{\"frame\":[{\"transform\":{},\"duration\":8},{\"tweenEasing\":0,\"transform\":{},\"duration\":12},{\"tweenEasing\":0,\"transform\":{\"y\":-16.0036,\"scX\":1.15,\"scY\":1.15},\"duration\":12},{\"transform\":{},\"duration\":28}],\"name\":\"mw\"},{\"frame\":[{\"transform\":{},\"duration\":60}],\"name\":\"4\"},{\"frame\":[{\"transform\":{},\"duration\":60}],\"name\":\"3\"},{\"frame\":[{\"transform\":{},\"duration\":8},{\"tweenEasing\":0,\"transform\":{},\"duration\":8},{\"tweenEasing\":0,\"transform\":{\"skX\":-28.2492,\"skY\":-28.2492,\"scX\":1.05,\"scY\":1.05},\"duration\":8},{\"tweenEasing\":0,\"transform\":{\"skX\":-56.4983,\"skY\":-56.4983},\"duration\":8},{\"tweenEasing\":0,\"transform\":{\"skX\":-84.7475,\"skY\":-84.7475,\"scX\":0.95,\"scY\":0.95},\"duration\":8},{\"transform\":{\"skX\":-112.9967,\"skY\":-112.9967},\"duration\":20}],\"name\":\"t1\"},{\"frame\":[{\"transform\":{},\"duration\":8},{\"tweenEasing\":0,\"transform\":{},\"duration\":8},{\"tweenEasing\":0,\"transform\":{\"skX\":32.25,\"skY\":32.25,\"scX\":1.05,\"scY\":1.05},\"duration\":8},{\"tweenEasing\":0,\"transform\":{\"skX\":64.5,\"skY\":64.5},\"duration\":8},{\"tweenEasing\":0,\"transform\":{\"skX\":96.75,\"skY\":96.75,\"scX\":0.95,\"scY\":0.95},\"duration\":8},{\"transform\":{\"skX\":129,\"skY\":129},\"duration\":20}],\"name\":\"t2\"},{\"frame\":[{\"transform\":{},\"duration\":60}],\"name\":\"2\"},{\"frame\":[{\"transform\":{},\"duration\":8},{\"tweenEasing\":0,\"transform\":{},\"duration\":8},{\"tweenEasing\":0,\"transform\":{\"scX\":1.05,\"scY\":1.05},\"duration\":8},{\"tweenEasing\":0,\"transform\":{},\"duration\":8},{\"tweenEasing\":0,\"transform\":{\"scX\":0.95,\"scY\":0.95},\"duration\":8},{\"transform\":{},\"duration\":20}],\"name\":\"1\"},{\"frame\":[{\"tweenEasing\":0,\"transform\":{\"scX\":0.01,\"scY\":0.01},\"duration\":6},{\"transform\":{\"scY\":1.05},\"duration\":54}],\"name\":\"bone\"},{\"frame\":[{\"transform\":{},\"duration\":8},{\"tweenEasing\":0,\"transform\":{},\"duration\":52},{\"transform\":{\"skX\":53,\"skY\":53},\"duration\":0}],\"name\":\"G2\"},{\"frame\":[{\"transform\":{},\"duration\":8},{\"tweenEasing\":0,\"transform\":{},\"duration\":14},{\"tweenEasing\":0,\"transform\":{\"skX\":-13.9997,\"y\":-10.0048,\"skY\":-13.9997,\"scX\":0.8832,\"scY\":0.8832},\"duration\":14},{\"transform\":{\"skX\":-27.9994,\"y\":-32.6348,\"skY\":-27.9994,\"scX\":0.7664,\"scY\":0.7664,\"x\":-39.985},\"duration\":24}],\"name\":\"bone1\"},{\"frame\":[{\"transform\":{},\"duration\":8},{\"tweenEasing\":0,\"transform\":{},\"duration\":18},{\"tweenEasing\":0,\"transform\":{\"skX\":-19.3846,\"skY\":-19.3846,\"scX\":0.9,\"scY\":0.9},\"duration\":34},{\"transform\":{\"skX\":-56,\"skY\":-56},\"duration\":0}],\"name\":\"G21\"}],\"name\":\"newAnimation\",\"ik\":[]}],\"bone\":[{\"name\":\"root\",\"transform\":{}},{\"length\":53,\"transform\":{\"skX\":-90,\"y\":184.0921,\"skY\":-90,\"x\":-5.5237},\"parent\":\"root\",\"name\":\"kk\"},{\"length\":80,\"transform\":{\"skX\":-91.7389,\"y\":-243.3,\"skY\":-91.7389,\"x\":2.45},\"parent\":\"root\",\"name\":\"bone\"},{\"length\":70,\"transform\":{\"skX\":-67.8906,\"y\":-134.8052,\"skY\":-67.8906,\"x\":-9.4033},\"parent\":\"root\",\"name\":\"bone1\"},{\"length\":43,\"transform\":{\"skX\":-90,\"skY\":-90},\"parent\":\"root\",\"name\":\"G21\"},{\"length\":43,\"transform\":{\"skX\":-90,\"skY\":-90},\"parent\":\"root\",\"name\":\"G2\"},{\"length\":183,\"transform\":{\"skX\":1.7389,\"y\":-92.3127,\"skY\":1.7389,\"x\":-240.3631},\"parent\":\"bone\",\"name\":\"mw\"},{\"length\":48,\"transform\":{\"skX\":7.7389,\"y\":-154.5559,\"skY\":7.7389,\"x\":-264.7752},\"parent\":\"bone\",\"name\":\"t2\"},{\"length\":25,\"transform\":{\"skX\":128.6088,\"y\":-13.5516,\"skY\":128.6088,\"x\":-346.0481},\"parent\":\"bone\",\"name\":\"1\"},{\"length\":46,\"transform\":{\"skX\":66.2756,\"y\":140.9659,\"skY\":66.2756,\"x\":-294.9743},\"parent\":\"bone\",\"name\":\"t1\"},{\"length\":32,\"transform\":{\"skX\":-152.6392,\"y\":-114.5566,\"skY\":-152.6392,\"x\":-243.9245},\"parent\":\"1\",\"name\":\"3\"},{\"length\":33,\"transform\":{\"skX\":-109.5159,\"y\":-265.9566,\"skY\":-109.5159,\"x\":-43.7245},\"parent\":\"1\",\"name\":\"4\"},{\"length\":25,\"transform\":{\"skX\":119.6315,\"y\":85.6434,\"skY\":119.6315,\"x\":-112.5245},\"parent\":\"1\",\"name\":\"2\"}],\"aabb\":{\"width\":515,\"y\":-255,\"height\":510,\"x\":-257.5},\"frameRate\":24,\"slot\":[{\"name\":\"G2\",\"parent\":\"G2\",\"color\":{}},{\"z\":1,\"name\":\"G21\",\"parent\":\"G21\",\"color\":{}},{\"z\":2,\"name\":\"G3\",\"parent\":\"bone1\",\"color\":{}},{\"z\":3,\"name\":\"t2\",\"parent\":\"t2\",\"color\":{}},{\"z\":4,\"name\":\"t1\",\"parent\":\"t1\",\"color\":{}},{\"z\":5,\"name\":\"4\",\"parent\":\"4\",\"color\":{}},{\"z\":6,\"name\":\"3\",\"parent\":\"3\",\"color\":{}},{\"z\":7,\"name\":\"2\",\"parent\":\"2\",\"color\":{}},{\"z\":8,\"name\":\"1\",\"parent\":\"1\",\"color\":{}},{\"z\":9,\"name\":\"mw\",\"parent\":\"mw\",\"color\":{}},{\"z\":10,\"name\":\"kk\",\"parent\":\"kk\",\"color\":{}}],\"ik\":[]}],\"name\":\"megawin\",\"version\":\"5.0\"}"]],0,0,[],[],[]],[[[6,"megaWinNode"],[3,"megaWinNode",false,[-3,-4],[[11,45,-2]],[13,-1],[5,1520,720],[760,360,0,0,0,0,1,1,1,1]],[4,"node",1,[-5,-6,-7,-8],[0,"fbWY6g5ThB65j82FWgQSjW",1],[0,87.422,0,0,0,0,1,1,1,1]],[7,"bg",68,1,[[14,0,-9,[0],1],[12,45,100,100,-10],[15,-11]],[0,"16Dbpt6pZEqq3pythWBfql",1],[4,4278190080],[5,1520,720]],[3,"WinCloseBtn",false,[-14],[[2,-12,[10],11],[16,1.1,3,-13]],[0,"acFMb22ndIuq2qZX3SokKN",1],[5,226,74],[25.195,-306.623,0,0,0,0,1,1,1,0]],[4,"winConten",2,[4,-15],[0,"b9/d/fd+dNvJcJDorb5BHb",1],[0,-21,0,0,0,0,1,1,1,1]],[8,"luckyBall",false,2,[-16,-17],[0,"08OBw9Su5I356dzLbjv4Pj",1],[15.421,-326.01,0,0,0,0,1,1,1,1]],[9,"luckbtn",6,[-19],[[2,-18,[16],17]],[0,"51Vp2c7z1FTInrVoedCd+9",1],[5,245,88],[150,0,0,0,0,0,1,1,1,1]],[10,"particle",2,[[17,true,false,55,25,22,2,0.25,60,56,30,-1,720,360,1,540,20,12,12,6,-20,[2],[4,4294967295],[4,0],[4,4294967295],[4,0],[0,2,-450],3,4]],[0,"5dXLc6bG9NSJSVIii2rblV",1]],[1,"win",2,[[18,"Armature","newAnimation",0,"3ee799ee-4e43-4e21-9114-5b854c4ae2c6#b4409223-7304-4410-b0fc-0e6935befa79",-21,[5],6,7]],[0,"629X+v7JFJ/6m+WbeIbB/B",1],[5,515,510],[22,-26,0,0,0,0,1,1,1,1]],[1,"WinTimeLabel",4,[[19,"0",28,false,1,1,-22,[8],9]],[0,"a6UzQapMpBeaNmrEe/457e",1],[5,17.5,40],[57.197,25.608,0,0,0,0,1,1,1,1]],[1,"WinLabel",5,[[20,32,false,-40,1,1,-23,[12],13]],[0,"73LzSwOIFE0Lu4czomb3g/",1],[5,158,40],[22,-123.2,0,0,0,0,1,1,1,1]],[1,"timeLab",7,[[21,25,false,1,1,-24,[14],15]],[0,"a8htcGsclOarocU6yvEon0",1],[5,0,40],[81.003,-5,0,0,0,0,1,1,1,1]],[1,"closebtn",6,[[2,-25,[18],19]],[0,"beacL2RSpAVIRBeu+ZOyU8",1],[5,227,86],[-150,0,0,0,0,0,1,1,1,1]]],0,[0,3,1,0,0,1,0,-1,3,0,-2,2,0,-1,8,0,-2,9,0,-3,5,0,-4,6,0,0,3,0,0,3,0,0,3,0,0,4,0,0,4,0,-1,10,0,-2,11,0,-1,7,0,-2,13,0,0,7,0,-1,12,0,0,8,0,0,9,0,0,10,0,0,11,0,0,12,0,0,13,0,4,1,4,5,5,25],[0,0,0,0,0,0,0,0,0,0,0,0,0,0,0,0,0,0,0,0],[-1,1,-1,6,1,-1,7,8,-1,2,-1,1,-1,2,-1,2,-1,1,-1,1],[0,1,0,2,3,0,4,5,0,6,0,7,0,8,0,9,0,10,0,11]]]]