[1,["20adtHP+JHtbzok4RH4QbX","27FBXmcw9I4qmNfOu9FtXi"],["_textureSetter","spriteFrame"],["cc.SpriteFrame",["cc.BitmapFont",["_name","fontSize","_fntConfig"],0]],[[1,0,1,2,4]],[[[{"name":"beishuFont","rect":[0,0,99,228],"offset":[-14.5,14],"originalSize":[128,256],"capInsets":[0,0,0,0]}],[0],0,[0],[0],[0]],[[[0,"beishuFont",32,{"commonHeight":30,"fontSize":32,"atlasName":"D:\\子项目-LUDO\\切图\\beishuFont.png","fontDefDictionary":{"9":{"xOffset":0,"yOffset":0,"xAdvance":160,"rect":{"x":0,"y":0,"width":0,"height":0}},"32":{"xOffset":0,"yOffset":0,"xAdvance":20,"rect":{"x":0,"y":0,"width":0,"height":0}},"48":{"xOffset":0,"yOffset":-27,"xAdvance":37,"rect":{"x":67,"y":115,"width":32,"height":57}},"49":{"xOffset":0,"yOffset":-26,"xAdvance":31,"rect":{"x":68,"y":0,"width":26,"height":55}},"50":{"xOffset":0,"yOffset":-27,"xAdvance":37,"rect":{"x":35,"y":0,"width":32,"height":56}},"51":{"xOffset":0,"yOffset":-27,"xAdvance":38,"rect":{"x":0,"y":115,"width":33,"height":57}},"52":{"xOffset":0,"yOffset":-26,"xAdvance":38,"rect":{"x":0,"y":173,"width":33,"height":55}},"53":{"xOffset":0,"yOffset":-26,"xAdvance":39,"rect":{"x":0,"y":0,"width":34,"height":56}},"54":{"xOffset":0,"yOffset":-27,"xAdvance":38,"rect":{"x":34,"y":57,"width":33,"height":57}},"55":{"xOffset":0,"yOffset":-26,"xAdvance":32,"rect":{"x":67,"y":173,"width":27,"height":55}},"56":{"xOffset":0,"yOffset":-27,"xAdvance":37,"rect":{"x":34,"y":163,"width":32,"height":57}},"57":{"xOffset":0,"yOffset":-27,"xAdvance":38,"rect":{"x":0,"y":57,"width":33,"height":57}},"77":{"xOffset":0,"yOffset":-18,"xAdvance":37,"rect":{"x":34,"y":115,"width":32,"height":47}}},"kerningDict":{}}]],0,0,[0],[1],[1]]]]