[1,["fb+I0AaWZNzZVMXgk+UWJq"],["_texture"],[["dragonBones.DragonBonesAtlasAsset",["_name","_atlasJson"],1]],[[0,0,1,3]],[[0,"totalwin_tex","{\"width\":1024,\"SubTexture\":[{\"width\":457,\"y\":1,\"height\":458,\"name\":\"totalwn-jk/zhuang\",\"x\":1},{\"width\":413,\"y\":1,\"height\":106,\"name\":\"totalwn-jk/dz\",\"x\":460},{\"width\":792,\"y\":461,\"height\":127,\"name\":\"totalwn-jk/TOTAL_WIN\",\"x\":1},{\"width\":87,\"y\":1,\"height\":105,\"name\":\"totalwn-jk/图层-1\",\"x\":875}],\"height\":1024,\"name\":\"totalwin\",\"imagePath\":\"totalwin_tex.png\"}"]],0,0,[0],[0],[0]]