[1,["cbGEPl5wZG24SGI9cwe0rJ"],["_texture"],[["dragonBones.DragonBonesAtlasAsset",["_name","_atlasJson"],1]],[[0,0,1,3]],[[0,"CartaSorte_tex","{\"width\":256,\"SubTexture\":[{\"width\":132,\"y\":1,\"height\":86,\"name\":\"zhouka/hezi\",\"x\":1},{\"width\":96,\"y\":1,\"height\":76,\"name\":\"zhouka/zhouka\",\"x\":135},{\"width\":28,\"y\":190,\"height\":23,\"name\":\"zhouka/rs\",\"x\":1},{\"width\":36,\"y\":89,\"height\":24,\"name\":\"zhouka/jinbi1\",\"x\":89},{\"width\":38,\"y\":89,\"height\":50,\"name\":\"zhouka/jinbi\",\"x\":49},{\"width\":113,\"y\":79,\"height\":20,\"name\":\"zhouka/cs\",\"x\":135},{\"width\":46,\"y\":89,\"height\":45,\"name\":\"zhouka/g2\",\"x\":1},{\"width\":31,\"y\":136,\"height\":52,\"name\":\"zhouka/g1\",\"x\":1}],\"height\":256,\"name\":\"CartaSorte\",\"imagePath\":\"CartaSorte_tex.png\"}"]],0,0,[0],[0],[0]]