[1,["4al6AAYzNNBKAhL7DdHTkC"],["_effectAsset"],[["cc.EffectAsset",["_name","shaders","techniques"],0],["cc.Material",["_name","_techniqueData"],1]],[[0,0,1,2,4],[1,0,1,3]],[[[[0,"gardenMaskEffect",[{"hash":2589848329,"record":null,"name":"gardenMaskEffect|vs|fs","glsl3":{"vert":"\nprecision highp float;\nuniform CCGlobal {\n  mat4 cc_matView;\n  mat4 cc_matViewInv;\n  mat4 cc_matProj;\n  mat4 cc_matProjInv;\n  mat4 cc_matViewProj;\n  mat4 cc_matViewProjInv;\n  vec4 cc_cameraPos;\n  vec4 cc_time;\n  mediump vec4 cc_screenSize;\n  mediump vec4 cc_screenScale;\n};\nuniform CCLocal {\n  mat4 cc_matWorld;\n  mat4 cc_matWorldIT;\n};\nin vec3 a_position;\nin vec4 a_color;\nout vec4 v_color;\n#if USE_TEXTURE\nin vec2 a_uv0;\nout vec2 v_uv0;\n#endif\nvoid main () {\n  vec4 pos = vec4(a_position, 1);\n  #if CC_USE_MODEL\n  pos = cc_matViewProj * cc_matWorld * pos;\n  #else\n  pos = cc_matViewProj * pos;\n  #endif\n  #if USE_TEXTURE\n  v_uv0 = a_uv0;\n  #endif\n  v_color = a_color;\n  gl_Position = pos;\n}","frag":"\nprecision highp float;\n#if USE_ALPHA_TEST\n  uniform ALPHA_TEST {\n    float alphaThreshold;\n  };\n#endif\nvoid ALPHA_TEST (in vec4 color) {\n  #if USE_ALPHA_TEST\n      if (color.a < alphaThreshold) discard;\n  #endif\n}\nvoid ALPHA_TEST (in float alpha) {\n  #if USE_ALPHA_TEST\n      if (alpha < alphaThreshold) discard;\n  #endif\n}\nuniform Properties {\n  vec4 u_uvOffset;\n  vec2 leftTop;\n  vec2 rightTop;\n  vec2 rightBottom;\n  vec2 leftBottom;\n  float u_uvRotated;\n  float m_on_script;\n};\nvec2 size = vec2(1.0, 1.0);\nin vec4 v_color;\n#if USE_TEXTURE\nin vec2 v_uv0;\nuniform sampler2D texture;\n#endif\nfloat inEllipse(vec2 origin, float radius_a, float radius_b, vec2 coordinate) {\n  coordinate.x -= origin.x;\n  coordinate.y -= origin.y;\n  return pow(coordinate.x, 2.0) / pow(radius_a, 2.0) + pow(coordinate.y, 2.0) / pow(radius_b, 2.0);\n}\nvoid main () {\n  vec4 o = vec4(1, 1, 1, 1);\n  float _on_script = 0.0;\n  if(m_on_script == 1.0) {\n    _on_script = 1.0;\n  }\n  #if USE_TEXTURE\n  vec4 texture_tmp = texture(texture, v_uv0);\n  #if CC_USE_ALPHA_ATLAS_texture\n      texture_tmp.a *= texture(texture, v_uv0 + vec2(0, 0.5)).r;\n  #endif\n  #if INPUT_IS_GAMMA\n    o.rgb *= (texture_tmp.rgb * texture_tmp.rgb);\n    o.a *= texture_tmp.a;\n  #else\n    o *= texture_tmp;\n  #endif\n  #endif\n  o *= v_color;\n  ALPHA_TEST(o);\n  if(_on_script == 1.0) {\n    vec2 uvOffset;\n    uvOffset.x = (v_uv0.x-u_uvOffset.x)/(u_uvOffset.z-u_uvOffset.x);\n    uvOffset.y = (v_uv0.y-u_uvOffset.y)/(u_uvOffset.w-u_uvOffset.y);\n    if(u_uvRotated > 0.5) {\n      float temp = uvOffset.x;\n      uvOffset.x = uvOffset.y;\n      uvOffset.y = 1.0 - temp;\n    }\n    if(uvOffset.x < leftTop.x && uvOffset.y > size.y - leftTop.y) {\n      if(inEllipse(vec2(leftTop.x, size.y - leftTop.y), leftTop.x, leftTop.y, uvOffset) > 1.0) {\n        o.a = 0.0;\n      };\n    }\n    if(uvOffset.x > size.x - rightTop.x && uvOffset.y > size.y - rightTop.y) {\n      if(inEllipse(vec2(size.x - rightTop.x, size.y - rightTop.y), rightTop.x, rightTop.y, uvOffset) > 1.0) {\n        o.a = 0.0;\n      };\n    }\n    if(uvOffset.x > size.x - rightBottom.x && uvOffset.y < rightBottom.y) {\n      if(inEllipse(vec2(size.x - rightBottom.x, rightBottom.y), rightBottom.x, rightBottom.y, uvOffset) > 1.0) {\n        o.a = 0.0;\n      };\n    }\n    if(uvOffset.x < leftBottom.x && uvOffset.y < leftBottom.y) {\n      if(inEllipse(vec2(leftBottom.x, leftBottom.y), leftBottom.x, leftBottom.y, uvOffset) > 1.0) {\n        o.a = 0.0;\n      };\n    }\n  }\n  #if USE_BGRA\n    gl_FragColor = o.bgra;\n  #else\n    gl_FragColor = o.rgba;\n  #endif\n}"},"glsl1":{"vert":"\nprecision highp float;\nuniform mat4 cc_matViewProj;\nuniform mat4 cc_matWorld;\nattribute vec3 a_position;\nattribute vec4 a_color;\nvarying vec4 v_color;\n#if USE_TEXTURE\nattribute vec2 a_uv0;\nvarying vec2 v_uv0;\n#endif\nvoid main () {\n  vec4 pos = vec4(a_position, 1);\n  #if CC_USE_MODEL\n  pos = cc_matViewProj * cc_matWorld * pos;\n  #else\n  pos = cc_matViewProj * pos;\n  #endif\n  #if USE_TEXTURE\n  v_uv0 = a_uv0;\n  #endif\n  v_color = a_color;\n  gl_Position = pos;\n}","frag":"\nprecision highp float;\n#if USE_ALPHA_TEST\n  uniform float alphaThreshold;\n#endif\nvoid ALPHA_TEST (in vec4 color) {\n  #if USE_ALPHA_TEST\n      if (color.a < alphaThreshold) discard;\n  #endif\n}\nvoid ALPHA_TEST (in float alpha) {\n  #if USE_ALPHA_TEST\n      if (alpha < alphaThreshold) discard;\n  #endif\n}\nuniform vec4 u_uvOffset;\nuniform vec2 leftTop;\nuniform vec2 rightTop;\nuniform vec2 rightBottom;\nuniform vec2 leftBottom;\nuniform float u_uvRotated;\nuniform float m_on_script;\nvec2 size = vec2(1.0, 1.0);\nvarying vec4 v_color;\n#if USE_TEXTURE\nvarying vec2 v_uv0;\nuniform sampler2D texture;\n#endif\nfloat inEllipse(vec2 origin, float radius_a, float radius_b, vec2 coordinate) {\n  coordinate.x -= origin.x;\n  coordinate.y -= origin.y;\n  return pow(coordinate.x, 2.0) / pow(radius_a, 2.0) + pow(coordinate.y, 2.0) / pow(radius_b, 2.0);\n}\nvoid main () {\n  vec4 o = vec4(1, 1, 1, 1);\n  float _on_script = 0.0;\n  if(m_on_script == 1.0) {\n    _on_script = 1.0;\n  }\n  #if USE_TEXTURE\n  vec4 texture_tmp = texture2D(texture, v_uv0);\n  #if CC_USE_ALPHA_ATLAS_texture\n      texture_tmp.a *= texture2D(texture, v_uv0 + vec2(0, 0.5)).r;\n  #endif\n  #if INPUT_IS_GAMMA\n    o.rgb *= (texture_tmp.rgb * texture_tmp.rgb);\n    o.a *= texture_tmp.a;\n  #else\n    o *= texture_tmp;\n  #endif\n  #endif\n  o *= v_color;\n  ALPHA_TEST(o);\n  if(_on_script == 1.0) {\n    vec2 uvOffset;\n    uvOffset.x = (v_uv0.x-u_uvOffset.x)/(u_uvOffset.z-u_uvOffset.x);\n    uvOffset.y = (v_uv0.y-u_uvOffset.y)/(u_uvOffset.w-u_uvOffset.y);\n    if(u_uvRotated > 0.5) {\n      float temp = uvOffset.x;\n      uvOffset.x = uvOffset.y;\n      uvOffset.y = 1.0 - temp;\n    }\n    if(uvOffset.x < leftTop.x && uvOffset.y > size.y - leftTop.y) {\n      if(inEllipse(vec2(leftTop.x, size.y - leftTop.y), leftTop.x, leftTop.y, uvOffset) > 1.0) {\n        o.a = 0.0;\n      };\n    }\n    if(uvOffset.x > size.x - rightTop.x && uvOffset.y > size.y - rightTop.y) {\n      if(inEllipse(vec2(size.x - rightTop.x, size.y - rightTop.y), rightTop.x, rightTop.y, uvOffset) > 1.0) {\n        o.a = 0.0;\n      };\n    }\n    if(uvOffset.x > size.x - rightBottom.x && uvOffset.y < rightBottom.y) {\n      if(inEllipse(vec2(size.x - rightBottom.x, rightBottom.y), rightBottom.x, rightBottom.y, uvOffset) > 1.0) {\n        o.a = 0.0;\n      };\n    }\n    if(uvOffset.x < leftBottom.x && uvOffset.y < leftBottom.y) {\n      if(inEllipse(vec2(leftBottom.x, leftBottom.y), leftBottom.x, leftBottom.y, uvOffset) > 1.0) {\n        o.a = 0.0;\n      };\n    }\n  }\n  #if USE_BGRA\n    gl_FragColor = o.bgra;\n  #else\n    gl_FragColor = o.rgba;\n  #endif\n}"},"builtins":{"globals":{"blocks":[{"name":"CCGlobal","defines":[]}],"samplers":[]},"locals":{"blocks":[{"name":"CCLocal","defines":[]}],"samplers":[]}},"defines":[{"name":"USE_TEXTURE","type":"boolean","defines":[]},{"name":"CC_USE_MODEL","type":"boolean","defines":[]},{"name":"USE_ALPHA_TEST","type":"boolean","defines":[]},{"name":"CC_USE_ALPHA_ATLAS_texture","type":"boolean","defines":["USE_TEXTURE"]},{"name":"INPUT_IS_GAMMA","type":"boolean","defines":["USE_TEXTURE"]},{"name":"USE_BGRA","type":"boolean","defines":[]}],"blocks":[{"name":"ALPHA_TEST","binding":0,"members":[{"name":"alphaThreshold","type":13,"count":1}],"defines":["USE_ALPHA_TEST"]},{"name":"Properties","binding":1,"members":[{"name":"u_uvOffset","type":16,"count":1},{"name":"leftTop","type":14,"count":1},{"name":"rightTop","type":14,"count":1},{"name":"rightBottom","type":14,"count":1},{"name":"leftBottom","type":14,"count":1},{"name":"u_uvRotated","type":13,"count":1},{"name":"m_on_script","type":13,"count":1}],"defines":[]}],"samplers":[{"name":"texture","type":29,"count":1,"binding":30,"defines":["USE_TEXTURE"]}]}],[{"passes":[{"program":"gardenMaskEffect|vs|fs","blendState":{"targets":[{"blend":true}]},"rasterizerState":{"cullMode":0},"properties":{"texture":{"value":"white","type":29},"alphaThreshold":{"type":13,"value":[0.5]}}}]}]]],0,0,[],[],[]],[[[1,"gardenMaskMaterial",{"0":{"defines":{"USE_TEXTURE":true}}}]],0,0,[0],[0],[0]]]]