[1,["ecpdLyjvZBwrvm+cedCcQy","f0BIwQ8D5Ml7nTNQbh1YlS","32YozsztRL8oTxr3zfEp+T","1d6394958","e97GVMl6JHh5Ml5qEDdSGa","29FYIk+N1GYaeWH/q1NxQO","8dxU30KtdJTauGNwTaZ1e+","3ae7efMv1CLq2ilvUY/tQi","a7oUdiWAxIQpf0UByopDFT","7fMVTqYXhOxLRzmH+L6Sr8","77vUuuSA9Lgabwv8AilBKz","9cymyiRfJDXZ8c2GS0zAS/","2611stNKRCfI4xxDwD7rli","baNzFWM6hDq4qfRT3MHp9y","98Maj5/eZHNrcTPHr8KWHh","e3AZH2LiVOnobEj3RMg2xN","cdQIClCd9Ns5BLhMa54eu7","94r6UY7pFOqbqTH7Y/a8aA","3bM/hjGuZMUrA50IHNiP6s"],["node","_spriteFrame","_textureSetter","_N$normalSprite","_N$pressedSprite","_N$hoverSprite","_N$disabledSprite","_normalMaterial","_grayMaterial","_defaultClip","_N$file","root","textVipLevl","vipNode","normalNode","mainNode","_N$target","data","_parent"],[["cc.Node",["_name","_active","_prefab","_parent","_contentSize","_components","_trs","_children","_color","_anchorPoint"],1,4,1,5,9,7,2,5,5],"cc.SpriteFrame",["cc.Label",["_string","_N$verticalAlign","_fontSize","_N$horizontalAlign","_N$cacheMode","_enableWrapText","_lineHeight","_styleFlags","_isSystemFontUsed","_N$overflow","_spacingX","node","_materials","_N$file"],-8,1,3,6],["cc.Sprite",["_sizeMode","_isTrimmedMode","_type","node","_materials","_spriteFrame"],0,1,3,6],["cc.Button",["zoomScale","_N$enableAutoGrayEffect","_N$transition","node","clickEvents","_N$normalColor","_N$pressedColor","_N$disabledColor","_N$normalSprite","_N$pressedSprite","_N$hoverSprite","_N$disabledSprite","_normalMaterial","_grayMaterial","_N$target"],0,1,9,5,5,5,6,6,6,6,6,6,1],["cc.PrefabInfo",["fileId","root","asset"],2,1,1],["cc.AnimationClip",["_name","_duration","wrapMode","curveData"],0,11],["cc.Prefab",["_name"],2],["cc.Node",["_name","_parent","_components","_prefab","_contentSize","_anchorPoint","_trs"],2,1,2,4,5,5,7],["68028scei5Fq7WgQi2NoJjU",["node","mainNode","normalNode","vipNode","textVipLevl"],3,1,1,1,1,1],["cc.Animation",["node","_clips","_defaultClip"],3,1,3,6],["cc.Layout",["_resize","_N$layoutType","_N$spacingX","node","_layoutSize"],0,1,5],["cc.ClickEvent",["_componentId","handler","customEventData","target"],0,1],["cc.Widget",["alignMode","_alignFlags","_left","_right","_top","_bottom","_originalWidth","_originalHeight","node"],-5,1],["cc.LabelOutline",["_width","node","_color"],2,1,5],["6dbaacb0j9CkpNlQEFpLMCG",["_string","_fontSize","_enableWrapText","_N$horizontalAlign","_N$verticalAlign","_N$overflow","_N$textKey","node","_materials"],-4,1,3]],[[5,0,1,2,2],[0,0,3,5,2,4,6,2],[3,3,4,5,1],[0,0,1,3,5,2,4,6,3],[0,0,3,7,5,2,4,6,2],[3,0,3,4,5,2],[14,0,1,2,2],[12,0,1,2,3,4],[10,0,1,2,1],[4,0,1,3,4,5,6,7,12,13,8,9,10,11,3],[2,0,3,1,11,12,4],[0,0,1,3,5,2,4,3],[2,0,2,7,11,12,4],[13,0,1,2,3,4,5,6,7,8,9],[3,3,4,1],[2,5,8,3,1,9,4,11,12,13,7],[0,0,7,5,2,4,6,2],[3,0,3,4,2],[6,0,1,2,3,4],[7,0,2],[0,0,3,7,2,4,6,2],[0,0,1,3,7,2,3],[0,0,1,3,7,5,2,4,6,3],[0,0,3,7,2,2],[0,0,3,7,5,2,8,4,6,2],[0,0,3,5,2,8,4,6,2],[0,0,1,3,5,2,4,9,6,3],[8,0,1,2,3,4,5,6,2],[3,0,1,3,4,5,3],[3,2,0,3,4,5,3],[3,2,0,1,3,4,5,4],[9,0,1,2,3,4,1],[5,1,2,1],[11,0,1,2,3,4,4],[4,3,4,1],[4,0,2,3,4,5,6,7,14,8,9,10,11,3],[2,0,2,6,7,11,12,5],[2,0,5,8,3,1,4,11,12,13,7],[2,0,2,10,3,1,11,12,6],[2,0,2,3,1,4,11,12,6],[2,0,2,6,5,1,9,4,11,12,8],[15,0,1,2,3,4,5,6,7,8,8]],[[[{"name":"礼包","rect":[255,241,135,123],"offset":[0,0],"originalSize":[135,123],"capInsets":[0,0,0,0]}],[1],0,[0],[2],[3]],[[[18,"dayAni",0.6333333333333333,22,[{"paths":{"btn/light":{"props":{"opacity":[{"frame":0,"value":100},{"frame":0.6333333333333333,"value":255}]}}}},"props",11,[{},"scale",12,[[[{"frame":0},"value",8,[1,1,1,1]],[{"frame":0.6333333333333333},"value",8,[1,1.02,1.02,1]]],11,11]]]]],0,0,[],[],[]],[[{"name":"金币","rect":[255,370,106,103],"offset":[0,0],"originalSize":[106,103],"rotated":1,"capInsets":[0,0,0,0]}],[1],0,[0],[2],[3]],[[{"name":"06","rect":[245,741,177,224],"offset":[0,3],"originalSize":[185,232],"capInsets":[0,0,0,0]}],[1],0,[0],[2],[3]],[[[19,"DailyLoginPopup"],[16,"DailyLoginPopup",[-8,-9,-10,-11,-12,-13],[[17,2,-2,[154]],[31,-7,-6,-5,-4,-3]],[32,-1,0],[5,943,619],[0,1,0,0,0,0,1,1,1,1]],[20,"mainNode",1,[-14,-15,-16,-17,-18,-19,-20],[0,"a73RtOGjNEtbVQCjIj7hvZ",1,0],[5,750,500],[209.606,-88.335,0,0,0,0,1,1,1,1]],[4,"btnDay0",2,[-22,-23,-24,-25,-26,-27],[[8,-21,[29],28]],[0,"1cF+xxzMBHWZZQTy2Orryh",1,0],[5,174,182],[-558.345,199.5,0,0,0,0,1,1,1,1]],[4,"btnDay1",2,[-29,-30,-31,-32,-33,-34],[[8,-28,[49],48]],[0,"38Ud3PrN9OaKN0USV/Sp0c",1,0],[5,174,182],[-345.926,199.5,0,0,0,0,1,1,1,1]],[4,"btnDay2",2,[-36,-37,-38,-39,-40,-41],[[8,-35,[69],68]],[0,"eacbHHq71LToO/1ARB86g0",1,0],[5,174,182],[-132.062,199.5,0,0,0,0,1,1,1,1]],[4,"btnDay3",2,[-43,-44,-45,-46,-47,-48],[[8,-42,[89],88]],[0,"47cPzBB39OaqxTXmyoqjRX",1,0],[5,174,182],[-558.936,-49.5,0,0,0,0,1,1,1,1]],[4,"btnDay4",2,[-50,-51,-52,-53,-54,-55],[[8,-49,[109],108]],[0,"04k6ID52xEJZkx+I++y2lV",1,0],[5,174,182],[-347.031,-49.5,0,0,0,0,1,1,1,1]],[4,"btnDay5",2,[-57,-58,-59,-60,-61,-62],[[8,-56,[129],128]],[0,"f7o30lE3NBP6FXGWBkXIw8",1,0],[5,174,182],[-129.46,-49.5,0,0,0,0,1,1,1,1]],[4,"btnDay6",2,[-64,-65,-66,-67,-68,-69],[[8,-63,[147],146]],[0,"d3r34bV7pFRalH+82AfGZW",1,0],[5,224,380],[111.033,72.766,0,0,0,0,1,1,1,1]],[16,"nodeTitle",[-71,-72,-73],[[33,1,1,5,-70,[5,326.8,200]]],[0,"876Xb7QBtAPZtW6WuwOXo1",1,0],[5,326.8,200],[0,244.182,0,0,0,0,1,1,1,1]],[21,"vipNode",false,1,[-74,10],[0,"17j89gbdxD1YQeqhll/66M",1,0]],[4,"btn",3,[-76,-77],[[9,0.95,true,-75,[[7,"68028scei5Fq7WgQi2NoJjU","onClickItem","GetChips",1]],[4,4293322470],[4,4291348680],[4,3363338360],15,16,17,18,19,20]],[0,"e6vlJOq9dOkp+OC0b6VCio",1,0],[5,192,209],[0,1.449,0,0,0,0,1,1,1,1]],[4,"btn",4,[-79,-80],[[9,0.95,true,-78,[[7,"68028scei5Fq7WgQi2NoJjU","onClickItem","GetChips",1]],[4,4293322470],[4,4291348680],[4,3363338360],35,36,37,38,39,40]],[0,"0bA4a2OUFGqYffdlLt+eN1",1,0],[5,192,209],[0.426,0.785,0,0,0,0,1,1,1,0.8]],[4,"btn",5,[-82,-83],[[9,0.95,true,-81,[[7,"68028scei5Fq7WgQi2NoJjU","onClickItem","GetChips",1]],[4,4293322470],[4,4291348680],[4,3363338360],55,56,57,58,59,60]],[0,"0c2xyznspC/aze88+q3qH/",1,0],[5,192,209],[-1.699,0.481,0,0,0,0,1,1,1,0.8]],[4,"btn",6,[-85,-86],[[9,0.95,true,-84,[[7,"68028scei5Fq7WgQi2NoJjU","onClickItem","GetChips",1]],[4,4293322470],[4,4291348680],[4,3363338360],75,76,77,78,79,80]],[0,"c71UvzW/5JCJaySqsvWqtj",1,0],[5,192,209],[0,-0.692,0,0,0,0,1,1,1,0.8]],[4,"btn",7,[-88,-89],[[9,0.95,true,-87,[[7,"68028scei5Fq7WgQi2NoJjU","onClickItem","GetChips",1]],[4,4293322470],[4,4291348680],[4,3363338360],95,96,97,98,99,100]],[0,"35lE43oDRHYZM94wkS120Q",1,0],[5,192,209],[0.3460000000000001,-0.599,0,0,0,0,1,1,1,0.8]],[4,"btn",8,[-91,-92],[[9,0.95,true,-90,[[7,"68028scei5Fq7WgQi2NoJjU","onClickItem","GetChips",1]],[4,4293322470],[4,4291348680],[4,3363338360],115,116,117,118,119,120]],[0,"89zC9Gg5JBmqu/ieV1Af41",1,0],[5,192,209],[-1,0.30800000000000005,0,0,0,0,1,1,1,0.8]],[22,"btn",false,9,[-94,-95],[[9,0.95,true,-93,[[7,"68028scei5Fq7WgQi2NoJjU","onClickItem","GetChips",1]],[4,4293322470],[4,4291348680],[4,3363338360],135,136,137,138,139,140]],[0,"a3Yr1o5gJFJpfL+V+3QYLL",1,0],[5,280,600],[-0.621,-0.348,0,0,0,0,1,0.8,0.8,0.8]],[23,"normalNode",1,[-96],[0,"8dBddpZwNFVKOgK+T5lTz+",1,0]],[4,"title_dailydash",19,[-98],[[5,0,-97,[2],3]],[0,"12CQzVlCRGw7wSfurHBQjO",1,0],[5,968,641],[0,-4,0,0,0,0,1,1,1,1]],[1,"Background",3,[[5,2,-99,[10],11],[13,0,45,-5.5,-5.5,-25,-25,100,40,-100]],[0,"c3cF5tjppEBqnz1yiLTMYf",1,0],[5,185,232],[0,0,0,0,0,0,1,1,1,0]],[1,"day_xiao",3,[[36,"DAY1",31.5,32.6,1,-101,[23]],[6,2.5,-102,[4,4280057784]]],[0,"22RFV6Rv9F4YCq3kr2D/wV",1,0],[5,86.13,45.32],[0.65,-84.849,0,0,0,0,1,1,1,1]],[1,"txChips",3,[[37,"200",false,false,1,1,1,-103,[24],25],[6,2,-104,[4,4278190080]]],[0,"00VQyC2B9CcaUtIO6kRpGD",1,0],[5,91.76,40],[0,76,0,0,0,0,1,1,1,1]],[1,"Background",4,[[5,2,-105,[30],31],[13,0,45,-5.5,-5.5,-25,-25,100,40,-106]],[0,"05rGSmTl1Ph5aWEf3vxO47",1,0],[5,185,232],[0,0,0,0,0,0,1,1,1,0]],[1,"day_xiao",4,[[12,"DAY2",31.5,1,-107,[43]],[6,2.5,-108,[4,4280057784]]],[0,"91Yk7q4jxK0Y9bjoDv60i/",1,0],[5,86.13,55.4],[0,-92.502,0,0,0,0,1,1,1,1]],[1,"Background",5,[[5,2,-109,[50],51],[13,0,45,-6.5,-4.5,-26,-24,100,40,-110]],[0,"bbaeaXhIpLEITP36OXpJbo",1,0],[5,185,232],[-1,1,0,0,0,0,1,1,1,0]],[1,"txChips",5,[[15,false,false,1,1,1,1,-111,[61],62],[6,2,-112,[4,4278190080]]],[0,"5aBuNu12hEGr70v706joLp",1,0],[5,100,40],[0,76,0,0,0,0,1,1,1,1]],[1,"day_xiao",5,[[12,"DAY3",31.5,1,-113,[65]],[6,2.5,-114,[4,4280057784]]],[0,"ebtPzTcxBKQ6yWpgQN04BA",1,0],[5,86.13,55.4],[0,-91.388,0,0,0,0,1,1,1,1]],[1,"Background",6,[[5,2,-115,[70],71],[13,0,45,-5.5,-5.5,-25,-25,100,40,-116]],[0,"3fowOoBwlOgIMTW4Lo5fNc",1,0],[5,185,232],[0,0,0,0,0,0,1,1,1,0]],[1,"txChips",6,[[15,false,false,1,1,1,1,-117,[83],84],[6,2,-118,[4,4278190080]]],[0,"aaxan1HjRBuJVY+Mr2gZhB",1,0],[5,100,40],[0,76,0,0,0,0,1,1,1,1]],[1,"day_xiao",6,[[12,"DAY4",31.5,1,-119,[85]],[6,2.5,-120,[4,4280057784]]],[0,"60SMXFqxVBj66gs4DR+O4k",1,0],[5,86.13,55.4],[0,-92.183,0,0,0,0,1,1,1,1]],[1,"day_xiao",7,[[12,"DAY5",31.5,1,-121,[105]],[6,2.5,-122,[4,4280057784]]],[0,"f4ux97jnNJhIhgF+P6ZF9V",1,0],[5,86.13,55.4],[0,-92.183,0,0,0,0,1,1,1,1]],[1,"txChips",8,[[15,false,false,1,1,1,1,-123,[121],122],[6,2,-124,[4,4278190080]]],[0,"acJ5n+je5OIYmWdIMKNO3n",1,0],[5,100,40],[0,76,0,0,0,0,1,1,1,1]],[1,"day_xiao",8,[[12,"DAY6",31.5,1,-125,[123]],[6,2.5,-126,[4,4280057784]]],[0,"00U0qe8AZF0LBTwmnEnexU",1,0],[5,86.13,55.4],[0,-89.491,0,0,0,0,1,1,1,1]],[1,"Background",9,[[28,0,false,-127,[130],131],[34,-128,[[7,"68028scei5Fq7WgQi2NoJjU","onClickItem","GetChips",1]]]],[0,"c2qrKAnh9AqJFmxPmGCZTo",1,0],[5,258.2,509],[0,0,0,0,0,0,1,0.9499999999999998,0.9499999999999998,0.9499999999999998]],[1,"day_da",9,[[12,"DAY7",31.5,1,-129,[145]],[6,2.5,-130,[4,4280057784]]],[0,"24UVqd5KhAq6OoAQ8p4SYr",1,0],[5,86.13,55.4],[-1.171,151.492,0,0,0,0,1,1,1,1]],[24,"btnClose",1,[-133],[[35,0.95,3,-132,[[7,"68028scei5Fq7WgQi2NoJjU","onClickItem","Close",1]],[4,4293322470],[4,4291348680],[4,3363338360],-131,150,151,152,153]],[0,"81y71E7QFNn6IQOy4XMbTU",1,0],[4,4294704123],[5,90,90],[423.825,279.226,0,0,0,0,1,1,1,1]],[1,"Background",37,[[2,-134,[148],149]],[0,"76ZsIPB+JEzKkhcfBse1eZ",1,0],[5,51,51],[6.349,-6.209,0,0,0,0,1,1,1,0]],[1,"02",20,[[2,-135,[0],1]],[0,"3d/jtVhwlHoqwZUkb7kIGu",1,0],[5,333,38],[1.251,277.744,0,0,0,0,1,1,1,1]],[1,"img_vip_bg",11,[[14,-136,[4]]],[0,"f3LqEiRjpOy68iwRTnY7Ip",1,0],[5,1040,645],[14.705,-11.029,0,0,0,0,1,1,1,1]],[1,"title_0",10,[[14,-137,[5]]],[0,"90lLgxd85O/aiC/scWGIpY",1,0],[5,112,74],[-107.4,0,0,0,0,0,1,1,1,1]],[27,"textLevel",10,[-138],[0,"98jo57zbBITKgEOQD7Y1Pe",1,0],[5,17.8,50.4],[0,0,0.5],[-46.400000000000006,35.882,0,0,0,0,1,1,1,1]],[38,"1",32,-35,1,1,42,[6]],[1,"img_vip_title",10,[[14,-139,[7]]],[0,"4ferWWisBDfZzqHg9XeNOr",1,0],[5,187,73],[69.89999999999999,4.251,0,0,0,0,1,1,1,1]],[3,"New Label",false,1,[[41,"Collect all these prizes ! Continue to play 7 days",26,false,1,1,2,"HallScene/Prefabs/DailyLogin/DailyLoginPopup/label1",-140,[8]]],[0,"3dn2mlEzpAnKOsuZ0yepSL",1,0],[5,638.67,50.4],[0,-261.073,0,0,0,0,1,1,1,1]],[25,"New Label",1,[[39,"Collect all these prizes ! Continue to play 7 days",25.9,1,1,1,-141,[9]]],[0,"c9RTjexAFNXqk7Civw7JJq",1,0],[4,4279124373],[5,551.39,50.4],[6.132,-280.757,0,0,0,0,1,1,1,1]],[3,"label",false,12,[[10,"Label",1,1,-142,[12]]],[0,"f8fFtEhY9NN6mblRAcvmwI",1,0],[5,97.87,50.4],[0,61,0,0,0,0,1,1,1,1]],[11,"light",false,12,[[2,-143,[13],14]],[0,"5fvO1bfrRDSokpsZIaM6zI",1,0],[5,195,242]],[1,"imgIcon",3,[[5,2,-144,[21],22]],[0,"aaK/fPr5VPe5s0WeetQI6r",1,0],[5,106,103],[0,-9.262,0,0,0,0,1,1,1,1]],[3,"imgGet",false,3,[[2,-145,[26],27]],[0,"f47leuOghA3qSOJGeM3xBP",1,0],[5,177,224],[0,3,0,0,0,0,1,1,1,1]],[3,"label",false,13,[[10,"Label",1,1,-146,[32]]],[0,"38gEL/4CtG2ob9qeGI6jzE",1,0],[5,97.87,50.4],[0,61,0,0,0,0,1,1,1,1]],[11,"light",false,13,[[2,-147,[33],34]],[0,"b4hsXkcExOyJZ8oOcFZrF7",1,0],[5,195,242]],[1,"imgIcon",4,[[5,2,-148,[41],42]],[0,"a0G78uJhFG3J0SvRFKkoRU",1,0],[5,135,123],[6.077,-14.774,0,0,0,0,1,1,1,1]],[1,"txChips",4,[[2,-149,[44],45]],[0,"86uRvkvT5NWalmMTqTHc9H",1,0],[5,118,34],[0,76,0,0,0,0,1,1,1,1]],[3,"imgGet",false,4,[[2,-150,[46],47]],[0,"d40PKKSAJF3qV0y+5IUEkg",1,0],[5,177,224],[0,3,0,0,0,0,1,1,1,1]],[3,"label",false,14,[[10,"Label",1,1,-151,[52]]],[0,"adOkULpx1LTJjUAPLyLo4l",1,0],[5,97.87,50.4],[0,62.946,0,0,0,0,1,1,1,1]],[11,"light",false,14,[[2,-152,[53],54]],[0,"c32VhVPhxOWppf4aCHUq6d",1,0],[5,195,242]],[1,"imgIcon",5,[[5,2,-153,[63],64]],[0,"18bbpC2ENHNK+Um2VWWW9s",1,0],[5,106,103],[-7.097,-9.495,0,0,0,0,1,1,1,1]],[3,"imgGet",false,5,[[2,-154,[66],67]],[0,"65Luw1u5BIToGr210rVZDX",1,0],[5,177,224],[-1,4,0,0,0,0,1,1,1,1]],[3,"label",false,15,[[10,"Label",1,1,-155,[72]]],[0,"90EggmyANM/67EIfwz9YHV",1,0],[5,97.87,50.4],[0,61.892,0,0,0,0,1,1,1,1]],[11,"light",false,15,[[2,-156,[73],74]],[0,"3bK7Mavd5L/aFQ23N4MJza",1,0],[5,195,242]],[1,"imgIcon",6,[[2,-157,[81],82]],[0,"2eb3RzwTVPU6CziGYqXH2Q",1,0],[5,106,103],[-5.384,-13.904,0,0,0,0,1,1,1,1]],[3,"imgGet",false,6,[[2,-158,[86],87]],[0,"c4qc2/U9xAWrH5WT5RBgBU",1,0],[5,177,224],[0,3,0,0,0,0,1,1,1,1]],[1,"Background",7,[[5,2,-159,[90],91]],[0,"3579cgrPVIwo2WE1IRwUMJ",1,0],[5,185,232],[0,0,0,0,0,0,1,1,1,0]],[3,"label",false,16,[[10,"Label",1,1,-160,[92]]],[0,"de52JhUyBI4raEiBAh/L4I",1,0],[5,97.87,50.4],[0,61.799,0,0,0,0,1,1,1,1]],[11,"light",false,16,[[2,-161,[93],94]],[0,"a5PZeoqEhBo7ADaIQ07F+w",1,0],[5,195,242]],[1,"imgIcon",7,[[5,2,-162,[101],102]],[0,"d9GgRWE3lLsrsFntNTzt6a",1,0],[5,135,123],[6.73,-12.65,0,0,0,0,1,1,1,1]],[1,"txChips",7,[[2,-163,[103],104]],[0,"40bWRd4d5EdanMOVUYmlz2",1,0],[5,118,34],[0,76,0,0,0,0,1,1,1,1]],[3,"imgGet",false,7,[[2,-164,[106],107]],[0,"2eDI/EJ/hMMJw4dTJjhLaf",1,0],[5,177,224],[0,3,0,0,0,0,1,1,1,1]],[1,"Background",8,[[5,2,-165,[110],111]],[0,"e3lYPLJrxGj4A2OVwjrEzO",1,0],[5,185,232],[0,0,0,0,0,0,1,1,1,0]],[3,"label",false,17,[[10,"Label",1,1,-166,[112]]],[0,"15L8Gw7IVPTqbMjhoFipsL",1,0],[5,97.87,50.4],[0,61.892,0,0,0,0,1,1,1,1]],[11,"light",false,17,[[2,-167,[113],114]],[0,"feAh80LDxKT63eIpiEGMRM",1,0],[5,195,242]],[1,"imgIcon",8,[[5,2,-168,[124],125]],[0,"e9yKm9h9pMxKIkrVDplImW",1,0],[5,106,103],[-5.055,-11.111,0,0,0,0,1,1,1,1]],[3,"imgGet",false,8,[[2,-169,[126],127]],[0,"0fHSsaPx1Ejqgyu1ld3ZgJ",1,0],[5,177,224],[0,3,0,0,0,0,1,1,1,1]],[3,"label",false,18,[[10,"Label",1,1,-170,[132]]],[0,"1cy8yACIpN3aW30l0U2Xlj",1,0],[5,97.87,50.4],[0,160,0,0,0,0,1,1,1,1]],[1,"light",18,[[29,1,0,-171,[133],134]],[0,"baCYZHcMdJE6Fvhn2W/lgD",1,0],[5,253.7,506.2],[0,0,0,0,0,0,1,1.258,1.222,0.997]],[3,"imgIcon",false,9,[[17,2,-172,[141]]],[0,"65lLqhfIxLF6vYMNRaQiGj",1,0],[5,168,163],[0,-10.85,0,0,0,0,1,1,1,1]],[3,"imgGet",false,9,[[30,1,0,false,-173,[142],143]],[0,"0epKguqX9M1I9OpMvHngRX",1,0],[5,237.3,475.88],[0.05,3.16,0,0,0,0,1,1,1,1]],[26,"txChips",false,9,[[40,"1",30,30,false,1,1,1,-174,[144]]],[0,"65gHGADktGjY1Hu0At5Glm",1,0],[5,100,40],[0,0,0.5],[0,76,0,0,0,0,1,1,1,1]]],0,[0,11,1,0,0,1,0,12,43,0,13,11,0,14,19,0,15,2,0,0,1,0,-1,19,0,-2,11,0,-3,45,0,-4,46,0,-5,2,0,-6,37,0,-1,3,0,-2,4,0,-3,5,0,-4,6,0,-5,7,0,-6,8,0,-7,9,0,0,3,0,-1,21,0,-2,12,0,-3,49,0,-4,22,0,-5,23,0,-6,50,0,0,4,0,-1,24,0,-2,13,0,-3,53,0,-4,25,0,-5,54,0,-6,55,0,0,5,0,-1,26,0,-2,14,0,-3,27,0,-4,58,0,-5,28,0,-6,59,0,0,6,0,-1,29,0,-2,15,0,-3,62,0,-4,30,0,-5,31,0,-6,63,0,0,7,0,-1,64,0,-2,16,0,-3,67,0,-4,68,0,-5,32,0,-6,69,0,0,8,0,-1,70,0,-2,17,0,-3,33,0,-4,34,0,-5,73,0,-6,74,0,0,9,0,-1,35,0,-2,18,0,-3,77,0,-4,78,0,-5,79,0,-6,36,0,0,10,0,-1,41,0,-2,42,0,-3,44,0,-1,40,0,0,12,0,-1,47,0,-2,48,0,0,13,0,-1,51,0,-2,52,0,0,14,0,-1,56,0,-2,57,0,0,15,0,-1,60,0,-2,61,0,0,16,0,-1,65,0,-2,66,0,0,17,0,-1,71,0,-2,72,0,0,18,0,-1,75,0,-2,76,0,-1,20,0,0,20,0,-1,39,0,0,21,0,0,21,0,0,22,0,0,22,0,0,23,0,0,23,0,0,24,0,0,24,0,0,25,0,0,25,0,0,26,0,0,26,0,0,27,0,0,27,0,0,28,0,0,28,0,0,29,0,0,29,0,0,30,0,0,30,0,0,31,0,0,31,0,0,32,0,0,32,0,0,33,0,0,33,0,0,34,0,0,34,0,0,35,0,0,35,0,0,36,0,0,36,0,16,38,0,0,37,0,-1,38,0,0,38,0,0,39,0,0,40,0,0,41,0,-1,43,0,0,44,0,0,45,0,0,46,0,0,47,0,0,48,0,0,49,0,0,50,0,0,51,0,0,52,0,0,53,0,0,54,0,0,55,0,0,56,0,0,57,0,0,58,0,0,59,0,0,60,0,0,61,0,0,62,0,0,63,0,0,64,0,0,65,0,0,66,0,0,67,0,0,68,0,0,69,0,0,70,0,0,71,0,0,72,0,0,73,0,0,74,0,0,75,0,0,76,0,0,77,0,0,78,0,0,79,0,17,1,10,18,11,174],[0,0,0,0,0,0,0,0,0,0,0,0,0,0,0,0,0,0,0,0,0,0,0,0,0,0,0,0,0,0,0,0,0,0,0,0,0,0,0,0,0,0,0,0,0,0,0,0,0,0,0,0,0,0,0,0,0,0,0,0,0,0,0,0,0,0,0,0,0,0,0,0,0,0,0,0,0,0,0,0,0,0,0,0,0,0,0,0,0,0,0,0,0,0,0,0,0,0,0,0,0,0,0,0,0,0,0,0,0,0,0,0,0,0,0,0,0,0,0,0,0,0,0,0,0,0,0,0,0,0,0,0,0,0,0,0,0,0,0,0,0,0,0,0,0,0,0,0,0,0,0,0,0,0,0],[-1,1,-1,1,-1,-1,-1,-1,-1,-1,-1,1,-1,-1,1,7,8,3,4,5,6,-1,1,-1,-1,10,-1,1,9,-1,-1,1,-1,-1,1,7,8,3,4,5,6,-1,1,-1,-1,1,-1,1,9,-1,-1,1,-1,-1,1,7,8,3,4,5,6,-1,10,-1,1,-1,-1,1,9,-1,-1,1,-1,-1,1,7,8,3,4,5,6,-1,1,-1,10,-1,-1,1,9,-1,-1,1,-1,-1,1,7,8,3,4,5,6,-1,1,-1,1,-1,-1,1,9,-1,-1,1,-1,-1,1,7,8,3,4,5,6,-1,10,-1,-1,1,-1,1,9,-1,-1,1,-1,-1,1,7,8,3,4,5,6,-1,-1,1,-1,-1,9,-1,-1,1,3,4,5,6,-1],[0,14,0,15,0,0,0,0,0,0,0,8,0,0,6,0,7,1,4,1,5,0,10,0,0,11,0,9,2,2,0,8,0,0,6,0,7,1,4,1,5,0,12,0,0,13,0,9,2,2,0,8,0,0,6,0,7,1,4,1,5,0,11,0,10,0,0,9,2,2,0,8,0,0,6,0,7,1,4,1,5,0,10,0,11,0,0,9,2,2,0,8,0,0,6,0,7,1,4,1,5,0,12,0,13,0,0,9,2,2,0,8,0,0,6,0,7,1,4,1,5,0,11,0,0,10,0,9,2,2,0,16,0,0,6,0,7,1,4,1,5,0,0,17,0,0,2,2,0,18,1,4,1,5,0]],[[{"name":"05","rect":[245,493,195,242],"offset":[0,0],"originalSize":[195,242],"capInsets":[75,99,67,100]}],[1],0,[0],[2],[3]],[[{"name":"07a","rect":[3,493,236,474],"offset":[0,3],"originalSize":[246,484],"capInsets":[0,0,0,0]}],[1],0,[0],[2],[3]],[[{"name":"02","rect":[3,973,333,38],"offset":[0,0],"originalSize":[333,38],"capInsets":[0,0,0,0]}],[1],0,[0],[2],[3]],[[{"name":"03","rect":[255,3,185,232],"offset":[0,0],"originalSize":[185,232],"capInsets":[0,0,0,0]}],[1],0,[0],[2],[3]],[[{"name":"08","rect":[396,241,118,34],"offset":[0,0],"originalSize":[118,34],"rotated":1,"capInsets":[0,0,0,0]}],[1],0,[0],[2],[3]],[[{"name":"07","rect":[3,3,246,484],"offset":[0,0],"originalSize":[246,484],"capInsets":[0,0,0,0]}],[1],0,[0],[2],[3]]]]