[1,["89fSCT6QtBDLgYFx7cohQJ","6aCMmSSyBMrLIfqXuGSGGi"],["_textureSetter","spriteFrame"],["cc.SpriteFrame",["cc.BitmapFont",["_name","fontSize","_fntConfig"],0]],[[1,0,1,2,4]],[[[{"name":"hall_b_fnt","rect":[0,0,300,23],"offset":[0,0],"originalSize":[300,23],"capInsets":[0,0,0,0]}],[0],0,[0],[0],[0]],[[[0,"hall_b_fnt",32,{"commonHeight":45,"fontSize":32,"atlasName":"C:\\Users\\40315\\Desktop\\ziti\\hall_b_fnt.png","fontDefDictionary":{"9":{"xOffset":0,"yOffset":0,"xAdvance":104,"rect":{"x":0,"y":0,"width":0,"height":0}},"32":{"xOffset":0,"yOffset":0,"xAdvance":13,"rect":{"x":0,"y":0,"width":0,"height":0}},"43":{"xOffset":0,"yOffset":26,"xAdvance":20,"rect":{"x":0,"y":108,"width":19,"height":19}},"44":{"xOffset":0,"yOffset":35,"xAdvance":10,"rect":{"x":34,"y":107,"width":9,"height":15}},"45":{"xOffset":0,"yOffset":31,"xAdvance":14,"rect":{"x":20,"y":108,"width":13,"height":8}},"46":{"xOffset":0,"yOffset":35,"xAdvance":10,"rect":{"x":20,"y":117,"width":9,"height":10}},"48":{"xOffset":0,"yOffset":20,"xAdvance":21,"rect":{"x":46,"y":53,"width":20,"height":25}},"49":{"xOffset":0,"yOffset":20,"xAdvance":16,"rect":{"x":67,"y":52,"width":15,"height":25}},"50":{"xOffset":0,"yOffset":20,"xAdvance":21,"rect":{"x":50,"y":0,"width":20,"height":25}},"51":{"xOffset":0,"yOffset":20,"xAdvance":22,"rect":{"x":28,"y":0,"width":21,"height":25}},"52":{"xOffset":0,"yOffset":20,"xAdvance":22,"rect":{"x":23,"y":81,"width":21,"height":25}},"53":{"xOffset":0,"yOffset":20,"xAdvance":22,"rect":{"x":24,"y":54,"width":21,"height":25}},"54":{"xOffset":0,"yOffset":20,"xAdvance":21,"rect":{"x":47,"y":26,"width":20,"height":25}},"55":{"xOffset":0,"yOffset":20,"xAdvance":20,"rect":{"x":66,"y":79,"width":19,"height":25}},"56":{"xOffset":0,"yOffset":20,"xAdvance":22,"rect":{"x":25,"y":27,"width":21,"height":25}},"57":{"xOffset":0,"yOffset":20,"xAdvance":21,"rect":{"x":45,"y":80,"width":20,"height":25}},"66":{"xOffset":0,"yOffset":19,"xAdvance":24,"rect":{"x":0,"y":54,"width":23,"height":26}},"75":{"xOffset":0,"yOffset":19,"xAdvance":25,"rect":{"x":0,"y":27,"width":24,"height":26}},"77":{"xOffset":0,"yOffset":19,"xAdvance":28,"rect":{"x":0,"y":0,"width":27,"height":26}},"84":{"xOffset":0,"yOffset":19,"xAdvance":23,"rect":{"x":0,"y":81,"width":22,"height":26}}},"kerningDict":{}}]],0,0,[0],[1],[1]]]]