[1,["72Fr69rs5AMo++NNy8AH5Y"],["_texture"],[["dragonBones.DragonBonesAtlasAsset",["_name","_atlasJson"],1]],[[0,0,1,3]],[[0,"wild_tex","{\"width\":256,\"imagePath\":\"wild_tex.png\",\"height\":256,\"name\":\"wild\",\"SubTexture\":[{\"width\":134,\"y\":1,\"height\":134,\"name\":\"zhunshi/图层_778_拷贝\",\"x\":1},{\"width\":153,\"y\":137,\"height\":115,\"name\":\"zhunshi/图层_776\",\"x\":1},{\"width\":45,\"y\":53,\"height\":50,\"name\":\"zhunshi/D\",\"x\":137},{\"width\":34,\"y\":1,\"height\":45,\"name\":\"zhunshi/L\",\"x\":200},{\"width\":18,\"y\":1,\"height\":45,\"name\":\"zhunshi/I\",\"x\":236},{\"width\":61,\"y\":1,\"height\":50,\"name\":\"zhunshi/W\",\"x\":137}]}"]],0,0,[0],[0],[0]]