[1,["ecpdLyjvZBwrvm+cedCcQy","158c51fa0","6fzZVP3LVI3qnVAJ6cQDiX","aaYgy9PdVLLZJ84ErHgH+B","ceRYOJRSFEL7FoR6CKjKH/","fdsQb7qoRMVojbiBYu491e","1aeff5118"],["node","_textureSetter","root","imgBg","data","_spriteFrame"],[["cc.Node",["_name","_opacity","_components","_prefab","_contentSize","_trs","_parent","_anchorPoint","_color","_children"],1,9,4,5,7,1,5,5,2],"cc.SpriteFrame",["cc.PrefabInfo",["fileId","root"],2,1],["cc.Label",["_string","_fontSize","_N$cacheMode","_N$horizontalAlign","_N$verticalAlign","node","_materials"],-2,1,3],["cc.Prefab",["_name"],2],["cc.Node",["_name","_parent","_components","_prefab","_contentSize","_trs"],2,1,2,4,5,7],["537bb014ZJOQa82b0AeDE/d",["node","imgBg","bgFrame"],3,1,1,3],["cc.Sprite",["_type","_sizeMode","node","_materials"],1,1,3]],[[2,0,1,2],[3,0,1,2,5,6,4],[0,0,6,2,3,8,4,5,2],[0,0,6,2,3,8,4,7,5,2],[0,0,6,2,3,4,7,5,2],[4,0,2],[0,0,9,2,3,4,5,2],[0,0,1,6,2,3,4,7,5,3],[5,0,1,2,3,4,5,2],[6,0,1,2,1],[2,1,1],[7,0,1,2,3,3],[3,0,1,3,4,2,5,6,6]],[[[[5,"historyItem"],[6,"historyItem",[-4,-5,-6,-7,-8,-9,-10,-11,-12,-13,-14,-15,-16,-17,-18,-19],[[9,-3,-2,[16,17,18,19]]],[10,-1],[5,436,220],[-255.187,0,0,0,0,0,1,1,1,1]],[8,"img_blue_bg",1,[-20],[0,"d5ciExJEVIs7XCU/Ax2UCN",1],[5,436,220],[0,0.066,0,0,0,0,1,1,1,1]],[11,1,0,2,[0]],[4,"textCost",1,[[1,"256",30,2,-21,[1]]],[0,"4dV3jQ4OJKCLM65Nj4NQp5",1],[5,50.04,40],[0,0,0.5],[-202.829,82.737,0,0,0,0,1,1,1,1]],[7,"textTime",152,1,[[12,"256",26,1,1,2,-22,[2]]],[0,"66jaYm4qVGs59cnjJSPkaK",1],[5,43.38,40],[0,1,0.5],[208.107,87.233,0,0,0,0,1,1,1,1]],[4,"textReward",1,[[1,"256",30,2,-23,[3]]],[0,"7ceKywzj5Ap5lJPgRJkfzq",1],[5,50.04,40],[0,1,0.5],[206.55,-93.486,0,0,0,0,1,1,1,1]],[2,"num_1",1,[[1,"256",28,2,-24,[4]]],[0,"81dW4sNRdHA5CM3hpNOQNG",1],[4,4289928559],[5,46.71,40],[-162,37,0,0,0,0,1,1,1,1]],[2,"num_2",1,[[1,"256",28,2,-25,[5]]],[0,"7a0PQbHadBt6CSc8VctUP3",1],[4,4289928559],[5,46.71,40],[-61,37,0,0,0,0,1,1,1,1]],[2,"num_3",1,[[1,"256",28,2,-26,[6]]],[0,"d7IR8gYgdIrK53OhkHC0Bc",1],[4,4289928559],[5,46.71,40],[39,37.028,0,0,0,0,1,1,1,1]],[2,"num_4",1,[[1,"256",28,2,-27,[7]]],[0,"39YD9LIL9PKrIXSBwwHRxj",1],[4,4289928559],[5,46.71,40],[-162,-8,0,0,0,0,1,1,1,1]],[2,"num_5",1,[[1,"256",28,2,-28,[8]]],[0,"000rdjgXJCK6UtMUCwO6GB",1],[4,4289928559],[5,46.71,40],[-61,-8,0,0,0,0,1,1,1,1]],[2,"num_6",1,[[1,"256",28,2,-29,[9]]],[0,"5bj55QpoxPzJO0y5uD1v7T",1],[4,4289928559],[5,46.71,40],[38.017,-7.526,0,0,0,0,1,1,1,1]],[2,"num_7",1,[[1,"256",28,2,-30,[10]]],[0,"49sKXeVQlEWZL09t+5llvW",1],[4,4289928559],[5,46.71,40],[-162,-52,0,0,0,0,1,1,1,1]],[2,"num_8",1,[[1,"256",28,2,-31,[11]]],[0,"39jTNZ7txGIoQfS9kuWeoU",1],[4,4289928559],[5,46.71,40],[-61,-51,0,0,0,0,1,1,1,1]],[2,"num_9",1,[[1,"256",28,2,-32,[12]]],[0,"aaXB9j+BZNh5Jj4YRTQFNM",1],[4,4289928559],[5,46.71,40],[39.467,-51.564,0,0,0,0,1,1,1,1]],[3,"reward_1",1,[[1,"256",28,2,-33,[13]]],[0,"990fcr88ZM/Zj5IKdWe3HE",1],[4,4289928559],[5,46.71,40],[0,1,0.5],[203.081,39.612,0,0,0,0,1,1,1,1]],[3,"reward_2",1,[[1,"256",28,2,-34,[14]]],[0,"0bzENOu+FMg6eyhwRCuPI6",1],[4,4289928559],[5,46.71,40],[0,1,0.5],[203.081,-5.88,0,0,0,0,1,1,1,1]],[3,"reward_3",1,[[1,"256",28,2,-35,[15]]],[0,"dcdk+DnkxJPJCeyMEWUsjh",1],[4,4289928559],[5,46.71,40],[0,1,0.5],[205.103,-49.655,0,0,0,0,1,1,1,1]]],0,[0,2,1,0,3,3,0,0,1,0,-1,2,0,-2,4,0,-3,5,0,-4,6,0,-5,7,0,-6,8,0,-7,9,0,-8,10,0,-9,11,0,-10,12,0,-11,13,0,-12,14,0,-13,15,0,-14,16,0,-15,17,0,-16,18,0,-1,3,0,0,4,0,0,5,0,0,6,0,0,7,0,0,8,0,0,9,0,0,10,0,0,11,0,0,12,0,0,13,0,0,14,0,0,15,0,0,16,0,0,17,0,0,18,0,4,1,35],[0,0,0,0,0,0,0,0,0,0,0,0,0,0,0,0,0,0,0,0,3],[-1,-1,-1,-1,-1,-1,-1,-1,-1,-1,-1,-1,-1,-1,-1,-1,-1,-2,-3,-4,5],[0,0,0,0,0,0,0,0,0,0,0,0,0,0,0,0,3,4,5,2,2]],[[{"name":"img_3","rect":[933,3,58,290],"offset":[0,0],"originalSize":[58,290],"capInsets":[11,0,15,0]}],[1],0,[0],[1],[6]],[[{"name":"img_0","rect":[301,867,58,290],"offset":[0,0],"originalSize":[58,290],"rotated":1,"capInsets":[22,15,19,0]}],[1],0,[0],[1],[1]],[[{"name":"img_1","rect":[301,931,58,290],"offset":[0,0],"originalSize":[58,290],"rotated":1,"capInsets":[26,0,15,0]}],[1],0,[0],[1],[1]],[[{"name":"img_2","rect":[597,867,58,290],"offset":[0,0],"originalSize":[58,290],"rotated":1,"capInsets":[13,0,18,0]}],[1],0,[0],[1],[1]]]]