[1,0,0,[["dragonBones.DragonBonesAsset",["_name","_dragonBonesJson"],1]],[[0,0,1,3]],[[0,"Vault_ske","{\"frameRate\":24,\"isGlobal\":0,\"armature\":[{\"defaultActions\":[{\"gotoAndPlay\":\"newAnimation\"}],\"ik\":[],\"type\":\"Armature\",\"frameRate\":24,\"skin\":[{\"name\":\"\",\"slot\":[{\"display\":[{\"path\":\"Golden Vault/men\",\"type\":\"image\",\"name\":\"Golden Vault/men\",\"transform\":{\"y\":-0.85,\"x\":20.85}}],\"name\":\"men\"},{\"display\":[{\"path\":\"Golden Vault/kkkkk\",\"type\":\"image\",\"name\":\"Golden Vault/kkkkk\",\"transform\":{\"y\":-108,\"x\":-7}}],\"name\":\"kkkkk\"},{\"display\":[{\"path\":\"Golden Vault/bgbga\",\"type\":\"image\",\"name\":\"Golden Vault/bgbga\",\"transform\":{\"y\":-96,\"x\":-2.5}}],\"name\":\"bgbga\"},{\"display\":[{\"path\":\"Golden Vault/Golden_Vault\",\"type\":\"image\",\"name\":\"Golden Vault/Golden_Vault\",\"transform\":{\"y\":-57,\"x\":-2}}],\"name\":\"Golden_Vault\"},{\"display\":[{\"path\":\"Golden Vault/gggg\",\"type\":\"image\",\"name\":\"Golden Vault/gggg\",\"transform\":{\"y\":1.45,\"x\":1.05}}],\"name\":\"gggg1\"},{\"display\":[{\"path\":\"Golden Vault/jb1\",\"type\":\"image\",\"name\":\"Golden Vault/jb1\",\"transform\":{\"y\":3.25,\"x\":1.25}}],\"name\":\"jb1\"},{\"display\":[{\"path\":\"Golden Vault/jb2\",\"type\":\"image\",\"name\":\"Golden Vault/jb2\",\"transform\":{\"y\":3.35,\"x\":3.05}}],\"name\":\"jb2\"},{\"display\":[{\"path\":\"Golden Vault/jinzhu\",\"type\":\"image\",\"name\":\"Golden Vault/jinzhu\",\"transform\":{\"y\":-11.5,\"x\":-11.85}}],\"name\":\"jinzhu\"},{\"display\":[{\"path\":\"Golden Vault/jb3\",\"type\":\"image\",\"name\":\"Golden Vault/jb3\",\"transform\":{\"y\":4.3,\"x\":1.5}}],\"name\":\"jb3\"},{\"display\":[{\"path\":\"Golden Vault/gggg\",\"type\":\"image\",\"name\":\"Golden Vault/gggg\",\"transform\":{\"y\":1.45,\"x\":1.05}}],\"name\":\"gggg\"}]}],\"animation\":[{\"frame\":[],\"playTimes\":0,\"ik\":[],\"ffd\":[],\"duration\":80,\"slot\":[{\"frame\":[{\"tweenEasing\":0,\"color\":{\"aM\":30},\"duration\":30},{\"tweenEasing\":0,\"duration\":30},{\"tweenEasing\":0,\"color\":{\"aM\":30},\"duration\":17},{\"tweenEasing\":null,\"color\":{\"aM\":0},\"duration\":3}],\"name\":\"gggg\"},{\"frame\":[{\"tweenEasing\":0,\"color\":{\"aM\":0},\"duration\":30},{\"tweenEasing\":0,\"duration\":30},{\"tweenEasing\":null,\"color\":{\"aM\":0},\"duration\":20}],\"name\":\"gggg1\"}],\"bone\":[{\"frame\":[{\"transform\":{},\"duration\":80}],\"name\":\"root\"},{\"frame\":[{\"transform\":{},\"duration\":80}],\"name\":\"bone\"},{\"frame\":[{\"tweenEasing\":0,\"transform\":{\"y\":-1.5559,\"x\":-5.8348},\"duration\":30},{\"tweenEasing\":0,\"transform\":{\"scX\":0.8226,\"scY\":0.8226,\"x\":8.9467},\"duration\":30},{\"transform\":{\"y\":-1.5559,\"x\":-5.8348},\"duration\":20}],\"name\":\"bone1\"},{\"frame\":[{\"tweenEasing\":0,\"transform\":{},\"duration\":60},{\"transform\":{\"skX\":20.578,\"skY\":20.578},\"duration\":20}],\"name\":\"bone2\"},{\"frame\":[{\"tweenEasing\":0,\"transform\":{},\"duration\":30},{\"tweenEasing\":0,\"transform\":{\"scX\":1.2766},\"duration\":30},{\"transform\":{},\"duration\":20}],\"name\":\"bone3\"},{\"frame\":[{\"tweenEasing\":0,\"transform\":{},\"duration\":30},{\"tweenEasing\":0,\"transform\":{\"y\":10.5026,\"x\":-11.2806},\"duration\":30},{\"transform\":{},\"duration\":20}],\"name\":\"bone4\"},{\"frame\":[{\"tweenEasing\":0,\"transform\":{\"y\":8.9467,\"x\":10.1136},\"duration\":30},{\"tweenEasing\":0,\"transform\":{\"y\":0.389,\"x\":-3.1119},\"duration\":30},{\"transform\":{\"y\":8.9467,\"x\":10.1136},\"duration\":20}],\"name\":\"bone5\"},{\"frame\":[{\"tweenEasing\":0,\"transform\":{},\"duration\":30},{\"tweenEasing\":0,\"transform\":{\"y\":-7.0017,\"x\":12.8171},\"duration\":30},{\"transform\":{},\"duration\":20}],\"name\":\"bone6\"},{\"frame\":[{\"tweenEasing\":0,\"transform\":{},\"duration\":60},{\"transform\":{\"skX\":-19.1383,\"skY\":-19.1383},\"duration\":20},{\"transform\":{\"skX\":-19.1383,\"skY\":-19.1383},\"duration\":0}],\"name\":\"bone21\"}],\"name\":\"newAnimation\"}],\"bone\":[{\"name\":\"root\",\"transform\":{}},{\"transform\":{},\"name\":\"bone\",\"parent\":\"root\"},{\"transform\":{\"skX\":-75.8617,\"y\":-106.95,\"skY\":-75.8617,\"scX\":0.8,\"scY\":0.8,\"x\":-5.05},\"name\":\"bone21\",\"parent\":\"root\"},{\"transform\":{\"skX\":-97.578,\"y\":-106.95,\"skY\":-97.578,\"scX\":0.8,\"scY\":0.8,\"x\":-5.05},\"name\":\"bone2\",\"parent\":\"bone\"},{\"transform\":{\"y\":-108.5,\"x\":-38.15},\"name\":\"bone1\",\"parent\":\"bone\"},{\"transform\":{\"y\":-108.15,\"x\":46.65},\"name\":\"bone3\",\"parent\":\"bone\"},{\"transform\":{\"y\":-153.25,\"x\":-79.75},\"name\":\"bone5\",\"parent\":\"bone\"},{\"transform\":{\"y\":-74.3,\"x\":-49},\"name\":\"bone6\",\"parent\":\"bone\"},{\"transform\":{\"y\":-138.85,\"x\":36.95},\"name\":\"bone4\",\"parent\":\"bone\"}],\"aabb\":{\"width\":275,\"y\":-191.4356398867559,\"height\":190.4356398867559,\"x\":-140},\"name\":\"Armature\",\"slot\":[{\"name\":\"bgbga\",\"parent\":\"root\",\"color\":{}},{\"z\":1,\"name\":\"kkkkk\",\"parent\":\"root\",\"color\":{}},{\"z\":2,\"name\":\"men\",\"parent\":\"bone3\",\"color\":{}},{\"z\":3,\"name\":\"gggg\",\"parent\":\"bone2\",\"color\":{}},{\"z\":4,\"name\":\"gggg1\",\"parent\":\"bone21\",\"color\":{}},{\"z\":5,\"name\":\"jb3\",\"parent\":\"bone6\",\"color\":{}},{\"z\":6,\"name\":\"jb2\",\"parent\":\"bone4\",\"color\":{}},{\"z\":7,\"name\":\"jb1\",\"parent\":\"bone5\",\"color\":{}},{\"z\":8,\"name\":\"jinzhu\",\"parent\":\"bone1\",\"color\":{}},{\"z\":9,\"name\":\"Golden_Vault\",\"parent\":\"root\",\"color\":{}}]}],\"name\":\"Vault\",\"version\":\"5.0\"}"]],0,0,[],[],[]]