[1,["5ccwYcd8NLMof4JPhFsg2d","a4Mb62ITlPLZmJw+avtaqr","06DfnuAXVEb4rw6j1AV0XV","36tlaeL4BBeZF7YPn7opNv","73RkewLPRJlI0I+T2EvjHz","f8dManpE1J7IJufbwgixZi","9acpRRH9RJgL5pZ9854WLP","aaNoxvJQNBx6CrHorRorTq","d1Y/FGGitIiKgl9AkJPfEB","adZzeCmQtEZ7MuXZMB9BcC","83qR30WVFE8bf/VLSL57UM","e3DlJHgklFwK7O4tXmXgFk","5aFLd7UgJEJICGqpGHQNCm","dbRtZiT1hO9qnHrYxPf1z9","e8fXjubGNBMb9h/QB4aHF2","4ak3SImjhOfYTH2Is8RUAb","d9HYNZwZVArIrvaBzMiKdF","d6l51Gw6xLKZg6Mch8daOh","b5goaBUk5N+Zpxyyz2ht6/","faf1V3AzpEwqIY4w+fA18z","00gWPSCnpMd4H8ZhlFRp7G","70h4MKMo5G+ovJCRZqpbF2","banIU/CghHepLm+F/BZkay","66vJF07eVJYbhALD0xZiqV","e0I1zZ/H1HBazwO6jEGo7q","76UZq7yMpIpJn/98l1V0CM","f2WAhI+EVAIqoQF049KkYm","a8d60JVQNJGpr/Ul8TLi0X","6bJfl3++NFR7jfCCuCG1e6","918V0cWxNAxI7w4FMWt68d","8aYBjX8HpASrvT9JpUaFtP","cf+gb5MnhDyLeRfRFhyq9X","d5vmk4UhxGhplWMdcp7rZq","ffn0AzE6tLq4TFKg64mycw","deTkFMhdJEErj/JGGn2GK2","ddUL/zB5ZI9YyFaES7s7tz","bcOui8uxZARb1ugR8MO3Qx","27lvDyzExEBLqwdnfxzI5a","9eTo9XyfJJ0rsVXH2X42JP","75dKX3QWxAlLUu9SrSqEoP","a2TElXOLpIl7gRQzQ3iNPv","0cu30O1TNBh5cpodfNFQZR","a7ENIjYBVEq7G0VSPWAe5u","5eGwr+RxtEHJywXAq/o/mw"],["_textureSetter","Bo","Close_img","Collect_img","Fruit_back_img","Fruit_btn_add0","Fruit_btn_add1","Fruit_btn_anto","Fruit_btn_anto1","Fruit_btn_bet","Fruit_btn_fast","Fruit_btn_fast1","Fruit_btn_freespin","Fruit_btn_freespin1","Fruit_btn_help","Fruit_btn_spin","Fruit_btn_stop0","Fruit_btn_stop1","Fruit_btn_sub0","Fruit_btn_sub1","Fruit_btn_top+","Fruit_img_below","Fruit_img_bet","Fruit_img_luck","Fruit_img_top","JACKPOTCLÁSSICO","JACKPOTCOMUM","JACKPOTFANTÁSTICO","SUPERMEJACKPOT","Star_img","bg4_img","free spin","fruit_btn_freespin2","fruit_btn_winner","good luck","img_suo","img_wzzsk","img_zhanshi","jackpot_bg","jiangc","line","tishiyu2","win_img","zhenzhao2"],["cc.SpriteFrame",["cc.SpriteAtlas",["_name","_spriteFrames"],2,11]],[[1,0,1,2]],[[[{"name":"Close_img","rect":[777,221,226,74],"offset":[0,0],"originalSize":[226,74],"rotated":1,"capInsets":[0,0,0,0]}],[0],0,[0],[0],[0]],[[{"name":"Fruit_btn_freespin","rect":[777,657,233,81],"offset":[0,0],"originalSize":[233,81],"capInsets":[0,0,0,0]}],[0],0,[0],[0],[0]],[[[0,"Game.plist",[{},"Bo",6,0,"Close_img",6,1,"Collect_img",6,2,"Fruit_back_img",6,3,"Fruit_btn_add0",6,4,"Fruit_btn_add1",6,5,"Fruit_btn_anto",6,6,"Fruit_btn_anto1",6,7,"Fruit_btn_bet",6,8,"Fruit_btn_fast",6,9,"Fruit_btn_fast1",6,10,"Fruit_btn_freespin",6,11,"Fruit_btn_freespin1",6,12,"Fruit_btn_help",6,13,"Fruit_btn_spin",6,14,"Fruit_btn_stop0",6,15,"Fruit_btn_stop1",6,16,"Fruit_btn_sub0",6,17,"Fruit_btn_sub1",6,18,"Fruit_btn_top+",6,19,"Fruit_img_below",6,20,"Fruit_img_bet",6,21,"Fruit_img_luck",6,22,"Fruit_img_top",6,23,"JACKPOTCLÁSSICO",6,24,"JACKPOTCOMUM",6,25,"JACKPOTFANTÁSTICO",6,26,"SUPERMEJACKPOT",6,27,"Star_img",6,28,"bg4_img",6,29,"free spin",6,30,"fruit_btn_freespin2",6,31,"fruit_btn_winner",6,32,"good luck",6,33,"img_suo",6,34,"img_wzzsk",6,35,"img_zhanshi",6,36,"jackpot_bg",6,37,"jiangc",6,38,"line",6,39,"tishiyu2",6,40,"win_img",6,41,"zhenzhao2",6,42]]],0,0,[0,0,0,0,0,0,0,0,0,0,0,0,0,0,0,0,0,0,0,0,0,0,0,0,0,0,0,0,0,0,0,0,0,0,0,0,0,0,0,0,0,0,0],[1,2,3,4,5,6,7,8,9,10,11,12,13,14,15,16,17,18,19,20,21,22,23,24,25,26,27,28,29,30,31,32,33,34,35,36,37,38,39,40,41,42,43],[1,2,3,4,5,6,7,8,9,10,11,12,13,14,15,16,17,18,19,20,21,22,23,24,25,26,27,28,29,30,31,32,33,34,35,36,37,38,39,40,41,42,43]],[[{"name":"Fruit_btn_add1","rect":[527,957,59,65],"offset":[0,0],"originalSize":[59,65],"capInsets":[0,0,0,0]}],[0],0,[0],[0],[0]],[[{"name":"fruit_btn_freespin2","rect":[235,887,208,88],"offset":[0,0],"originalSize":[208,88],"capInsets":[0,0,0,0]}],[0],0,[0],[0],[0]],[[{"name":"Fruit_btn_stop1","rect":[445,874,233,81],"offset":[0,0],"originalSize":[233,81],"capInsets":[0,0,0,0]}],[0],0,[0],[0],[0]],[[{"name":"Fruit_btn_sub1","rect":[792,154,59,65],"offset":[0,0],"originalSize":[59,65],"capInsets":[0,0,0,0]}],[0],0,[0],[0],[0]]]]