[1,["2aiFIbrHVHvrjwW48DvDMx"],["_textureSetter"],["cc.SpriteFrame"],0,[[[{"name":"1_00007","rect":[606,284,280,300],"offset":[0,0],"originalSize":[280,300],"rotated":1,"capInsets":[0,0,0,0]}],[0],0,[0],[0],[0]],[[{"name":"1_00011","rect":[304,2,280,300],"offset":[0,0],"originalSize":[280,300],"rotated":1,"capInsets":[0,0,0,0]}],[0],0,[0],[0],[0]],[[{"name":"1_00000","rect":[2,1130,280,300],"offset":[0,0],"originalSize":[280,300],"capInsets":[0,0,0,0]}],[0],0,[0],[0],[0]],[[{"name":"1_00004","rect":[606,566,280,300],"offset":[0,0],"originalSize":[280,300],"rotated":1,"capInsets":[0,0,0,0]}],[0],0,[0],[0],[0]],[[{"name":"1_00005","rect":[304,566,280,300],"offset":[0,0],"originalSize":[280,300],"rotated":1,"capInsets":[0,0,0,0]}],[0],0,[0],[0],[0]],[[{"name":"1_00001","rect":[606,848,280,300],"offset":[0,0],"originalSize":[280,300],"rotated":1,"capInsets":[0,0,0,0]}],[0],0,[0],[0],[0]],[[{"name":"1_00003","rect":[2,848,280,300],"offset":[0,0],"originalSize":[280,300],"rotated":1,"capInsets":[0,0,0,0]}],[0],0,[0],[0],[0]],[[{"name":"1_00008","rect":[304,284,280,300],"offset":[0,0],"originalSize":[280,300],"rotated":1,"capInsets":[0,0,0,0]}],[0],0,[0],[0],[0]],[[{"name":"1_00006","rect":[2,566,280,300],"offset":[0,0],"originalSize":[280,300],"rotated":1,"capInsets":[0,0,0,0]}],[0],0,[0],[0],[0]],[[{"name":"1_00010","rect":[606,2,280,300],"offset":[0,0],"originalSize":[280,300],"rotated":1,"capInsets":[0,0,0,0]}],[0],0,[0],[0],[0]],[[{"name":"1_00012","rect":[2,2,280,300],"offset":[0,0],"originalSize":[280,300],"rotated":1,"capInsets":[0,0,0,0]}],[0],0,[0],[0],[0]],[[{"name":"1_00009","rect":[2,284,280,300],"offset":[0,0],"originalSize":[280,300],"rotated":1,"capInsets":[0,0,0,0]}],[0],0,[0],[0],[0]],[[{"name":"1_00002","rect":[304,848,280,300],"offset":[0,0],"originalSize":[280,300],"rotated":1,"capInsets":[0,0,0,0]}],[0],0,[0],[0],[0]]]]