[1,["b1LNlw0HRMpaKo3Oc+VIcc"],["_texture"],[["dragonBones.DragonBonesAtlasAsset",["_name","_atlasJson"],1]],[[0,0,1,3]],[[0,"waideng_tex","{\"width\":2048,\"imagePath\":\"waideng_tex.png\",\"height\":1024,\"name\":\"waideng\",\"SubTexture\":[{\"frameHeight\":633,\"y\":1,\"frameX\":-4,\"width\":584,\"frameY\":0,\"height\":628,\"name\":\"底光\",\"frameWidth\":593,\"x\":1},{\"frameHeight\":559,\"y\":1,\"frameX\":-2,\"width\":570,\"frameY\":-2,\"height\":554,\"name\":\"外光\",\"frameWidth\":575,\"x\":587}]}"]],0,0,[0],[0],[0]]