[1,["62t4DDs1tE36rPcYR1iQ3g"],["_textureSetter"],["cc.SpriteFrame"],0,[[[{"name":"fanhui","rect":[2,1214,75,75],"offset":[0,0],"originalSize":[75,75],"capInsets":[0,0,0,0]}],[0],0,[0],[0],[0]],[[{"name":"hong","rect":[2,1136,76,76],"offset":[0,1],"originalSize":[76,78],"capInsets":[0,0,0,0]}],[0],0,[0],[0],[0]],[[{"name":"COLLECT1-pot","rect":[779,758,177,61],"offset":[0,0],"originalSize":[177,61],"capInsets":[0,0,0,0]}],[0],0,[0],[0],[0]],[[{"name":"langzi","rect":[887,1283,76,76],"offset":[0,1],"originalSize":[76,78],"capInsets":[0,0,0,0]}],[0],0,[0],[0],[0]],[[{"name":"ADD","rect":[933,154,82,44],"offset":[0,0],"originalSize":[86,48],"capInsets":[0,0,0,0]}],[0],0,[0],[0],[0]],[[{"name":"-","rect":[933,78,84,74],"offset":[0,-1],"originalSize":[86,80],"capInsets":[0,0,0,0]}],[0],0,[0],[0],[0]],[[{"name":"bgxiazhu","rect":[807,1029,348,78],"offset":[-1,0],"originalSize":[354,84],"rotated":1,"capInsets":[0,0,0,0]}],[0],0,[0],[0],[0]],[[{"name":"POT","rect":[680,814,174,95],"offset":[0,0],"originalSize":[176,97],"rotated":1,"capInsets":[0,0,0,0]}],[0],0,[0],[0],[0]],[[{"name":"fenhong","rect":[887,1049,76,78],"offset":[0,0],"originalSize":[76,78],"rotated":1,"capInsets":[0,0,0,0]}],[0],0,[0],[0],[0]],[[{"name":"bangzu","rect":[2,1291,75,75],"offset":[0,0],"originalSize":[75,75],"capInsets":[0,0,0,0]}],[0],0,[0],[0],[0]],[[{"name":"lu","rect":[887,1205,76,76],"offset":[0,1],"originalSize":[76,78],"capInsets":[0,0,0,0]}],[0],0,[0],[0],[0]],[[{"name":"huang","rect":[2,1439,76,76],"offset":[0,1],"originalSize":[76,78],"capInsets":[0,0,0,0]}],[0],0,[0],[0],[0]],[[{"name":"lan","rect":[887,1361,76,76],"offset":[0,1],"originalSize":[76,78],"capInsets":[0,0,0,0]}],[0],0,[0],[0],[0]],[[{"name":"gggg","rect":[779,438,236,235],"offset":[0,0],"originalSize":[236,235],"capInsets":[0,0,0,0]}],[0],0,[0],[0],[0]],[[{"name":"win","rect":[2,324,775,488],"offset":[0,0],"originalSize":[775,488],"capInsets":[0,0,0,0]}],[0],0,[0],[0],[0]],[[{"name":"zise","rect":[887,1127,76,76],"offset":[0,1],"originalSize":[76,78],"capInsets":[0,0,0,0]}],[0],0,[0],[0],[0]],[[{"name":"+","rect":[933,2,85,74],"offset":[0,-1],"originalSize":[87,80],"capInsets":[0,0,0,0]}],[0],0,[0],[0],[0]]]]