[1,0,0,[["dragonBones.DragonBonesAsset",["_name","_dragonBonesJson"],1]],[[0,0,1,3]],[[0,"Amazon_freespin_ske","{\"armature\":[{\"skin\":[{\"name\":\"\",\"slot\":[{\"display\":[{\"path\":\"发散光\",\"type\":\"image\",\"name\":\"发散光\",\"transform\":{\"skY\":-90,\"y\":1.4886300000000001,\"skX\":-90,\"x\":5.74374}}],\"name\":\"发散光\"},{\"display\":[{\"path\":\"图层21\",\"type\":\"image\",\"name\":\"图层21\",\"transform\":{\"skY\":170.1061,\"y\":-61.406549999999996,\"scX\":1.15,\"scY\":1.15,\"skX\":170.1061,\"x\":130.86686999999998}}],\"name\":\"图层21\"},{\"display\":[{\"path\":\"e1a199beb57cd8c8e2c8509157461f316433353d9932b6-fjb16l拷贝\",\"type\":\"image\",\"name\":\"e1a199beb57cd8c8e2c8509157461f316433353d9932b6-fjb16l拷贝\",\"transform\":{\"skY\":91.9768,\"y\":16.109309999999997,\"skX\":91.9768,\"x\":70.58685}}],\"name\":\"e1a199beb57cd8c8e2c8509157461f316433353d9932b6-fjb16l拷贝\"},{\"display\":[{\"path\":\"图层15\",\"type\":\"image\",\"name\":\"图层15\",\"transform\":{\"skY\":-88.4533,\"y\":21.38676,\"skX\":-88.4533,\"x\":57.38865}}],\"name\":\"图层15\"},{\"display\":[{\"path\":\"图层19\",\"type\":\"image\",\"name\":\"图层17\",\"transform\":{\"skY\":-90,\"y\":-26.33889,\"skX\":-90,\"x\":63.0042}}],\"blendMode\":\"add\",\"name\":\"图层171\"},{\"display\":[{\"path\":\"图层15\",\"type\":\"image\",\"name\":\"图层15\",\"transform\":{\"skY\":-90,\"y\":5.76,\"skX\":-90,\"x\":-49.035}}],\"blendMode\":\"add\",\"name\":\"图层151\"},{\"display\":[{\"path\":\"FREESPIN\",\"type\":\"image\",\"name\":\"FREESPLN\",\"transform\":{\"skY\":-90,\"y\":26.08215,\"skX\":-90,\"x\":11.346749999999998}}],\"name\":\"FREESPLN\"},{\"display\":[{\"path\":\"图层17\",\"type\":\"image\",\"name\":\"图层17\",\"transform\":{\"skY\":-90,\"y\":-26.33889,\"skX\":-90,\"x\":63.0042}}],\"name\":\"图层17\"}]}],\"type\":\"Armature\",\"frameRate\":24,\"ik\":[],\"defaultActions\":[{\"gotoAndPlay\":\"newAnimation\"}],\"bone\":[{\"name\":\"root\",\"transform\":{}},{\"length\":61.5,\"transform\":{\"skY\":88.4533,\"y\":-160.845,\"skX\":88.4533,\"x\":18.33},\"parent\":\"root\",\"name\":\"图层15\"},{\"length\":50.699999999999996,\"transform\":{\"skY\":90,\"y\":28.335,\"skX\":90,\"x\":7.5},\"parent\":\"root\",\"name\":\"图层17\"},{\"length\":50.699999999999996,\"transform\":{\"skY\":90,\"y\":28.335,\"skX\":90,\"x\":7.5},\"parent\":\"root\",\"name\":\"图层171\"},{\"length\":24.9,\"transform\":{\"skY\":90,\"y\":-23.82,\"skX\":90,\"x\":28.349999999999998},\"parent\":\"root\",\"name\":\"FREESPLN\"},{\"length\":38.1,\"transform\":{\"skY\":90,\"y\":-53.865,\"skX\":90,\"x\":4.26},\"parent\":\"root\",\"name\":\"图层1511\"},{\"length\":39.6,\"transform\":{\"skY\":90,\"y\":-53.865,\"skX\":90,\"x\":5.669999999999999},\"parent\":\"root\",\"name\":\"发散光\"},{\"length\":63.3,\"transform\":{\"skY\":-91.9768,\"y\":238.45499999999998,\"skX\":-91.9768,\"x\":-6.555000000000001},\"parent\":\"root\",\"name\":\"e1a199beb57cd8c8e2c8509157461f316433353d9932b6-fjb16l拷贝\"},{\"length\":312,\"transform\":{\"skY\":-170.1061,\"y\":30.629999999999995,\"skX\":-170.1061,\"x\":161.89499999999998},\"parent\":\"root\",\"name\":\"图层21\"}],\"aabb\":{\"width\":562.1999999999999,\"y\":-331.0212598370911,\"height\":592.875720522575,\"x\":-276.91862396113635},\"slot\":[{\"name\":\"发散光\",\"parent\":\"发散光\",\"color\":{}},{\"z\":1,\"name\":\"图层21\",\"parent\":\"图层21\",\"color\":{}},{\"z\":2,\"name\":\"e1a199beb57cd8c8e2c8509157461f316433353d9932b6-fjb16l拷贝\",\"parent\":\"e1a199beb57cd8c8e2c8509157461f316433353d9932b6-fjb16l拷贝\",\"color\":{}},{\"z\":3,\"name\":\"图层15\",\"parent\":\"图层15\",\"color\":{}},{\"z\":4,\"displayIndex\":-1,\"name\":\"root\",\"parent\":\"root\",\"color\":{}},{\"blendMode\":\"add\",\"z\":5,\"parent\":\"图层1511\",\"name\":\"图层151\",\"color\":{}},{\"z\":6,\"name\":\"FREESPLN\",\"parent\":\"FREESPLN\",\"color\":{}},{\"z\":7,\"name\":\"图层17\",\"parent\":\"图层17\",\"color\":{}},{\"blendMode\":\"add\",\"z\":8,\"parent\":\"图层171\",\"name\":\"图层171\",\"color\":{}}],\"animation\":[{\"playTimes\":0,\"frame\":[],\"ffd\":[],\"ik\":[],\"bone\":[{\"frame\":[{\"duration\":65,\"transform\":{}}],\"name\":\"root\"},{\"frame\":[{\"tweenEasing\":0,\"duration\":5,\"transform\":{\"y\":-5.8333200000000005,\"x\":86.66667}},{\"tweenEasing\":0,\"duration\":5,\"transform\":{\"y\":-0.7696799999999999,\"x\":0.46238999999999997}},{\"tweenEasing\":0,\"duration\":5,\"transform\":{\"y\":-0.43971,\"x\":0.27486}},{\"tweenEasing\":0,\"duration\":15,\"transform\":{\"y\":0.45924,\"x\":-0.28749}},{\"tweenEasing\":0,\"duration\":5,\"transform\":{\"y\":-0.43971,\"x\":-0.13149}},{\"tweenEasing\":0,\"duration\":6,\"transform\":{\"y\":-0.43971,\"x\":-0.13149}},{\"tweenEasing\":0,\"duration\":8,\"transform\":{\"y\":-0.43971,\"x\":-0.13149}},{\"tweenEasing\":0,\"duration\":10,\"transform\":{\"y\":-0.43971,\"x\":-0.13149}},{\"duration\":6,\"transform\":{\"y\":-0.43971,\"x\":-0.13149}}],\"name\":\"图层15\"},{\"frame\":[{\"tweenEasing\":0,\"duration\":5,\"transform\":{\"y\":-1.66668,\"x\":-107.08331999999999}},{\"tweenEasing\":0,\"duration\":5,\"transform\":{\"y\":-1.3317599999999998,\"x\":-20.10426}},{\"duration\":49,\"transform\":{\"y\":-1.4045699999999999,\"x\":-8.51025}},{\"duration\":6,\"transform\":{\"y\":-1.4045699999999999,\"x\":-8.51025}}],\"name\":\"图层17\"},{\"frame\":[{\"tweenEasing\":0,\"duration\":5,\"transform\":{\"y\":-1.66668,\"x\":-107.08331999999999}},{\"tweenEasing\":0,\"duration\":5,\"transform\":{\"y\":-1.66668,\"x\":-24.54168}},{\"tweenEasing\":0,\"duration\":20,\"transform\":{\"y\":-1.66668,\"x\":-7.838639999999999}},{\"tweenEasing\":0,\"duration\":11,\"transform\":{\"y\":-0.82941,\"x\":-8.634}},{\"tweenEasing\":0,\"duration\":8,\"transform\":{\"y\":-0.82941,\"scX\":1.1,\"scY\":1.1,\"x\":-8.634}},{\"duration\":16,\"transform\":{\"y\":-0.82941,\"scX\":1.3,\"scY\":1.3,\"x\":-8.634}}],\"name\":\"图层171\"},{\"frame\":[{\"tweenEasing\":0,\"duration\":10,\"transform\":{\"y\":-225.65256,\"x\":-6.2366399999999995}},{\"tweenEasing\":0,\"duration\":20,\"transform\":{\"y\":-13.46538,\"x\":-12.85845}},{\"tweenEasing\":0,\"duration\":29,\"transform\":{\"y\":-13.46538,\"x\":-12.85845}},{\"duration\":6,\"transform\":{\"y\":-13.46538,\"x\":-12.85845}}],\"name\":\"FREESPLN\"},{\"frame\":[{\"duration\":65,\"transform\":{}}],\"name\":\"图层1511\"},{\"frame\":[{\"tweenEasing\":0,\"duration\":16,\"transform\":{}},{\"tweenEasing\":0,\"duration\":17,\"transform\":{\"skY\":41.2004,\"skX\":41.2004}},{\"tweenEasing\":0,\"duration\":16,\"transform\":{\"skY\":-267.63,\"skX\":-267.63}},{\"tweenEasing\":0,\"duration\":16,\"transform\":{\"skY\":-231.1273,\"skX\":-231.1273}},{\"duration\":0,\"transform\":{\"skY\":-180.9759,\"skX\":-180.9759}}],\"name\":\"发散光\"},{\"frame\":[{\"duration\":65,\"transform\":{}}],\"name\":\"e1a199beb57cd8c8e2c8509157461f316433353d9932b6-fjb16l拷贝\"},{\"frame\":[{\"duration\":65,\"transform\":{}}],\"name\":\"图层21\"}],\"slot\":[{\"frame\":[{\"tweenEasing\":0,\"duration\":5,\"color\":{\"aM\":0}},{\"tweenEasing\":null,\"duration\":44},{\"tweenEasing\":0,\"duration\":16}],\"name\":\"图层15\"},{\"frame\":[{\"tweenEasing\":0,\"duration\":5,\"color\":{\"aM\":0}},{\"tweenEasing\":null,\"duration\":44},{\"tweenEasing\":0,\"duration\":16}],\"name\":\"图层17\"},{\"frame\":[{\"tweenEasing\":0,\"duration\":2,\"color\":{\"aM\":0}},{\"tweenEasing\":0,\"duration\":3,\"color\":{\"aM\":0}},{\"tweenEasing\":0,\"duration\":19,\"color\":{\"aM\":0}},{\"tweenEasing\":0,\"duration\":3,\"color\":{\"aM\":76}},{\"tweenEasing\":0,\"duration\":3,\"color\":{\"aM\":88}},{\"tweenEasing\":0,\"duration\":11},{\"tweenEasing\":0,\"duration\":8,\"color\":{\"aM\":23}},{\"tweenEasing\":null,\"duration\":5,\"color\":{\"aM\":0}},{\"tweenEasing\":0,\"duration\":10,\"color\":{\"aM\":0}},{\"tweenEasing\":0,\"duration\":1,\"color\":{\"aM\":0}}],\"name\":\"图层151\"},{\"frame\":[{\"tweenEasing\":0,\"duration\":5,\"color\":{\"aM\":0}},{\"tweenEasing\":0,\"duration\":25,\"color\":{\"aM\":0}},{\"tweenEasing\":0,\"duration\":8},{\"tweenEasing\":0,\"duration\":3,\"color\":{\"bM\":65,\"gM\":98}},{\"tweenEasing\":0,\"duration\":8,\"color\":{\"aM\":44}},{\"tweenEasing\":null,\"duration\":5,\"color\":{\"aM\":0}},{\"tweenEasing\":0,\"duration\":11,\"color\":{\"aM\":0}}],\"name\":\"图层171\"},{\"frame\":[{\"tweenEasing\":0,\"duration\":2,\"color\":{\"aM\":0}},{\"tweenEasing\":0,\"duration\":8,\"color\":{\"aM\":20}},{\"tweenEasing\":null,\"duration\":14},{\"tweenEasing\":0,\"duration\":25},{\"tweenEasing\":0,\"duration\":5},{\"tweenEasing\":0,\"duration\":10},{\"tweenEasing\":0,\"duration\":1}],\"name\":\"FREESPLN\"},{\"frame\":[{\"tweenEasing\":0,\"duration\":2,\"color\":{\"aM\":0}},{\"tweenEasing\":0,\"duration\":8,\"color\":{\"aM\":10}},{\"tweenEasing\":0,\"duration\":10,\"color\":{\"aM\":52}},{\"tweenEasing\":null,\"duration\":44},{\"tweenEasing\":0,\"duration\":1}],\"name\":\"发散光\"},{\"frame\":[{\"tweenEasing\":0,\"duration\":10,\"color\":{\"aM\":0}},{\"tweenEasing\":0,\"duration\":44},{\"tweenEasing\":0,\"duration\":10},{\"tweenEasing\":0,\"duration\":1},{\"tweenEasing\":null,\"duration\":0}],\"name\":\"e1a199beb57cd8c8e2c8509157461f316433353d9932b6-fjb16l拷贝\"},{\"frame\":[{\"tweenEasing\":0,\"duration\":10,\"color\":{\"aM\":0}},{\"tweenEasing\":null,\"duration\":14},{\"tweenEasing\":0,\"duration\":3},{\"tweenEasing\":0,\"duration\":27},{\"tweenEasing\":0,\"duration\":10},{\"tweenEasing\":0,\"duration\":1}],\"name\":\"图层21\"}],\"duration\":65,\"name\":\"newAnimation\"}],\"name\":\"Armature\"}],\"frameRate\":24,\"name\":\"Amazon_freespin\",\"version\":\"5.0\",\"isGlobal\":0}"]],0,0,[],[],[]]