[1,0,0,[["dragonBones.DragonBonesAsset",["_name","_dragonBonesJson"],1]],[[0,0,1,3]],[[0,"qiu_ske","{\"frameRate\":24,\"isGlobal\":0,\"name\":\"qiu\",\"version\":\"5.0\",\"armature\":[{\"slot\":[{\"name\":\"bone3\",\"parent\":\"bone3\",\"color\":{}},{\"z\":1,\"name\":\"football\",\"parent\":\"bone2\",\"color\":{}},{\"z\":2,\"name\":\"zhezhao\",\"parent\":\"bone1\",\"color\":{}},{\"displayIndex\":-1,\"z\":3,\"name\":\"bone4\",\"parent\":\"bone4\",\"color\":{}}],\"type\":\"Armature\",\"frameRate\":24,\"ik\":[],\"bone\":[{\"name\":\"root\",\"transform\":{\"scX\":0.8,\"scY\":0.8}},{\"transform\":{},\"name\":\"bone\",\"parent\":\"root\"},{\"transform\":{\"x\":-2.5375},\"name\":\"bone1\",\"parent\":\"bone\"},{\"transform\":{\"y\":0.0752,\"x\":-2.5375},\"name\":\"bone2\",\"parent\":\"bone\"},{\"transform\":{},\"name\":\"bone3\",\"parent\":\"bone\"},{\"transform\":{},\"name\":\"bone4\",\"parent\":\"bone\"}],\"aabb\":{\"width\":91,\"y\":-26.88258563491316,\"height\":49,\"x\":-67.23146046514577},\"defaultActions\":[{\"gotoAndPlay\":\"fly\"}],\"skin\":[{\"name\":\"\",\"slot\":[{\"display\":[{\"path\":\"yanhua/02\",\"type\":\"image\",\"name\":\"yanhua/02\",\"transform\":{\"y\":2.5,\"x\":-12}},{\"path\":\"yanhua/04\",\"type\":\"image\",\"name\":\"yanhua/04\",\"transform\":{\"y\":1,\"x\":-11.5}},{\"path\":\"yanhua/06\",\"type\":\"image\",\"name\":\"yanhua/06\",\"transform\":{\"y\":-1,\"x\":-10}},{\"path\":\"yanhua/08\",\"type\":\"image\",\"name\":\"yanhua/08\",\"transform\":{\"y\":2.5,\"x\":-7}},{\"path\":\"yanhua/09\",\"type\":\"image\",\"name\":\"yanhua/09\",\"transform\":{\"y\":-4}},{\"path\":\"yanhua/07\",\"type\":\"image\",\"name\":\"yanhua/07\",\"transform\":{\"y\":-2,\"x\":-10.5}},{\"path\":\"yanhua/05\",\"type\":\"image\",\"name\":\"yanhua/05\",\"transform\":{\"y\":1.5,\"x\":-11}},{\"path\":\"yanhua/03\",\"type\":\"image\",\"name\":\"yanhua/03\",\"transform\":{\"y\":-1.5,\"x\":-11.5}},{\"path\":\"yanhua/01\",\"type\":\"image\",\"name\":\"yanhua/01\",\"transform\":{\"x\":-9.5}}],\"name\":\"bone4\"},{\"display\":[{\"path\":\"huo/zhezhao\",\"type\":\"image\",\"name\":\"huo/zhezhao\",\"transform\":{\"y\":0.0218,\"x\":-0.1643}}],\"name\":\"zhezhao\"},{\"display\":[{\"path\":\"huo/football\",\"type\":\"image\",\"name\":\"huo/football\",\"transform\":{\"y\":-0.0257,\"x\":-0.0168}}],\"name\":\"football\"},{\"display\":[{\"path\":\"huo/huo01\",\"type\":\"image\",\"name\":\"huo/huo01\",\"transform\":{\"y\":-2.9782,\"x\":-27.1643}},{\"path\":\"huo/huo03\",\"type\":\"image\",\"name\":\"huo/huo03\",\"transform\":{\"y\":1.0218,\"x\":-32.1643}},{\"path\":\"huo/huo05\",\"type\":\"image\",\"name\":\"huo/huo05\",\"transform\":{\"y\":2.5218,\"x\":-35.6643}},{\"path\":\"huo/huo07\",\"type\":\"image\",\"name\":\"huo/huo07\",\"transform\":{\"y\":-2.9782,\"x\":-35.6643}},{\"path\":\"huo/huo08\",\"type\":\"image\",\"name\":\"huo/huo08\",\"transform\":{\"y\":-3.4782,\"x\":-38.6643}},{\"path\":\"huo/huo06\",\"type\":\"image\",\"name\":\"huo/huo06\",\"transform\":{\"y\":0.0218,\"x\":-31.1643}},{\"path\":\"huo/huo04\",\"type\":\"image\",\"name\":\"huo/huo04\",\"transform\":{\"y\":1.0218,\"x\":-33.6643}},{\"path\":\"huo/huo02\",\"type\":\"image\",\"name\":\"huo/huo02\",\"transform\":{\"y\":-2.9782,\"x\":-28.6643}}],\"name\":\"bone3\"}]}],\"animation\":[{\"slot\":[{\"frame\":[{\"tweenEasing\":null,\"duration\":1},{\"tweenEasing\":null,\"displayIndex\":7,\"duration\":1},{\"tweenEasing\":null,\"displayIndex\":1,\"duration\":1},{\"tweenEasing\":null,\"displayIndex\":6,\"duration\":1},{\"tweenEasing\":null,\"displayIndex\":2,\"duration\":1},{\"tweenEasing\":null,\"displayIndex\":5,\"duration\":1},{\"tweenEasing\":null,\"displayIndex\":3,\"duration\":1},{\"tweenEasing\":null,\"displayIndex\":4,\"duration\":1},{\"tweenEasing\":null,\"duration\":1},{\"tweenEasing\":null,\"displayIndex\":7,\"duration\":1},{\"tweenEasing\":null,\"displayIndex\":1,\"duration\":1},{\"tweenEasing\":null,\"displayIndex\":6,\"duration\":1},{\"tweenEasing\":null,\"displayIndex\":2,\"duration\":1},{\"tweenEasing\":null,\"displayIndex\":5,\"duration\":1},{\"tweenEasing\":null,\"displayIndex\":3,\"duration\":1},{\"tweenEasing\":null,\"displayIndex\":4,\"duration\":1},{\"tweenEasing\":null,\"duration\":1},{\"tweenEasing\":null,\"displayIndex\":7,\"duration\":1},{\"tweenEasing\":null,\"displayIndex\":1,\"duration\":1},{\"tweenEasing\":null,\"displayIndex\":6,\"duration\":1},{\"tweenEasing\":null,\"displayIndex\":2,\"duration\":1},{\"tweenEasing\":null,\"displayIndex\":5,\"duration\":1},{\"tweenEasing\":null,\"displayIndex\":3,\"duration\":1},{\"tweenEasing\":null,\"displayIndex\":4,\"duration\":0}],\"name\":\"bone3\"}],\"frame\":[],\"ik\":[],\"bone\":[{\"frame\":[{\"duration\":23,\"transform\":{}}],\"name\":\"root\"},{\"frame\":[{\"duration\":23,\"transform\":{}}],\"name\":\"bone\"},{\"frame\":[{\"duration\":23,\"transform\":{}}],\"name\":\"bone1\"},{\"frame\":[{\"tweenEasing\":0,\"duration\":12,\"transform\":{}},{\"tweenEasing\":0,\"duration\":11,\"transform\":{\"skY\":180,\"skX\":180}},{\"duration\":0,\"transform\":{}}],\"name\":\"bone2\"},{\"frame\":[{\"tweenEasing\":0,\"duration\":12,\"transform\":{}},{\"tweenEasing\":0,\"duration\":11,\"transform\":{\"scX\":1.3013,\"scY\":1.1133,\"x\":-3.8062}},{\"duration\":0,\"transform\":{}}],\"name\":\"bone3\"},{\"frame\":[{\"duration\":23,\"transform\":{}}],\"name\":\"bone4\"}],\"ffd\":[],\"duration\":23,\"name\":\"fly\",\"playTimes\":0},{\"slot\":[{\"frame\":[{\"tweenEasing\":null,\"duration\":0,\"color\":{\"aM\":0}}],\"name\":\"bone3\"},{\"frame\":[{\"tweenEasing\":null,\"duration\":0,\"color\":{\"aM\":0}}],\"name\":\"zhezhao\"}],\"frame\":[],\"ik\":[],\"bone\":[{\"frame\":[{\"duration\":0,\"transform\":{}}],\"name\":\"root\"},{\"frame\":[{\"duration\":0,\"transform\":{}}],\"name\":\"bone\"},{\"frame\":[{\"duration\":0,\"transform\":{}}],\"name\":\"bone1\"},{\"frame\":[{\"duration\":0,\"transform\":{}}],\"name\":\"bone2\"},{\"frame\":[{\"duration\":0,\"transform\":{}}],\"name\":\"bone3\"},{\"frame\":[{\"duration\":0,\"transform\":{}}],\"name\":\"bone4\"}],\"ffd\":[],\"duration\":0,\"name\":\"daiji\",\"playTimes\":0},{\"slot\":[{\"frame\":[{\"tweenEasing\":null,\"duration\":20,\"color\":{\"aM\":0}}],\"name\":\"bone3\"},{\"frame\":[{\"tweenEasing\":0,\"duration\":5,\"color\":{\"aM\":0}},{\"tweenEasing\":0,\"duration\":7,\"color\":{\"aM\":0}},{\"tweenEasing\":0,\"duration\":5,\"color\":{\"aM\":52}},{\"tweenEasing\":null,\"duration\":3,\"color\":{\"aM\":0}}],\"name\":\"football\"},{\"frame\":[{\"tweenEasing\":null,\"duration\":20,\"color\":{\"aM\":0}}],\"name\":\"zhezhao\"},{\"frame\":[{\"tweenEasing\":null,\"displayIndex\":-1,\"duration\":2},{\"tweenEasing\":null,\"displayIndex\":8,\"duration\":2},{\"tweenEasing\":null,\"duration\":2},{\"tweenEasing\":null,\"displayIndex\":7,\"duration\":2},{\"tweenEasing\":null,\"displayIndex\":1,\"duration\":2},{\"tweenEasing\":null,\"displayIndex\":6,\"duration\":2},{\"tweenEasing\":null,\"displayIndex\":2,\"duration\":2},{\"tweenEasing\":null,\"displayIndex\":5,\"duration\":2},{\"tweenEasing\":null,\"displayIndex\":3,\"duration\":2},{\"tweenEasing\":null,\"displayIndex\":4,\"duration\":2},{\"tweenEasing\":null,\"displayIndex\":-1,\"duration\":0}],\"name\":\"bone4\"}],\"frame\":[{\"tweenEasing\":null,\"duration\":20},{\"tweenEasing\":null,\"duration\":0,\"events\":[{\"name\":\"zhating\"}]}],\"ik\":[],\"bone\":[{\"frame\":[{\"duration\":20,\"transform\":{}}],\"name\":\"root\"},{\"frame\":[{\"duration\":20,\"transform\":{}}],\"name\":\"bone\"},{\"frame\":[{\"duration\":20,\"transform\":{}}],\"name\":\"bone1\"},{\"frame\":[{\"duration\":5,\"transform\":{}},{\"tweenEasing\":0,\"duration\":8,\"transform\":{}},{\"tweenEasing\":0,\"duration\":4,\"transform\":{\"y\":74.0624,\"scX\":0.452}},{\"duration\":3,\"transform\":{\"y\":113.668,\"scX\":0.4884}}],\"name\":\"bone2\"},{\"frame\":[{\"duration\":20,\"transform\":{}}],\"name\":\"bone3\"},{\"frame\":[{\"duration\":20,\"transform\":{\"x\":8.9429}}],\"name\":\"bone4\"}],\"ffd\":[],\"duration\":20,\"name\":\"baoza\",\"playTimes\":0}],\"name\":\"Armature\"}]}"]],0,0,[],[],[]]