[1,["d2cQEaS0tJcbPGih/mAp/S"],["_texture"],[["dragonBones.DragonBonesAtlasAsset",["_name","_atlasJson"],1]],[[0,0,1,3]],[[0,"money_tex","{\"width\":256,\"SubTexture\":[{\"width\":160,\"y\":1,\"height\":112,\"name\":\"money/bgg\",\"x\":1},{\"width\":135,\"y\":115,\"height\":109,\"name\":\"money/dggg\",\"x\":1},{\"width\":109,\"y\":115,\"height\":91,\"name\":\"money/qt2\",\"x\":138},{\"width\":94,\"y\":208,\"height\":94,\"name\":\"money/qq1\",\"x\":138}],\"imagePath\":\"money_tex.png\",\"name\":\"money\",\"height\":512}"]],0,0,[0],[0],[0]]