[1,["d0h7VlH/VEHb0dAv5W85AL"],["_texture"],[["dragonBones.DragonBonesAtlasAsset",["_name","_atlasJson"],1]],[[0,0,1,3]],[[0,"freespin_tex","{\"width\":2048,\"imagePath\":\"freespin_tex.png\",\"height\":2048,\"name\":\"freespin\",\"SubTexture\":[{\"width\":475,\"y\":480,\"height\":463,\"name\":\"free spin 拷贝/free_img9\",\"x\":1071},{\"width\":526,\"y\":893,\"height\":182,\"name\":\"free spin 拷贝/组_76\",\"x\":1},{\"width\":555,\"y\":1,\"height\":477,\"name\":\"free spin 拷贝/4e0e5262961cebb77f85fb47d4f817b\",\"x\":1071},{\"width\":250,\"y\":1058,\"height\":187,\"name\":\"free spin 拷贝/图层_824_拷贝\",\"x\":529},{\"width\":1009,\"y\":680,\"height\":211,\"name\":\"free spin 拷贝/图层_541\",\"x\":1},{\"width\":619,\"y\":945,\"height\":111,\"name\":\"free spin 拷贝/FREE_拷贝_2\",\"x\":529},{\"width\":1068,\"y\":1,\"height\":677,\"name\":\"free spin 拷贝/bigwin_12\",\"x\":1}]}"]],0,0,[0],[0],[0]]