[1,["7cBaonYUhPd6BfR1ZlFB4S"],["_texture"],[["dragonBones.DragonBonesAtlasAsset",["_name","_atlasJson"],1]],[[0,0,1,3]],[[0,"gold_tex","{\"width\":256,\"SubTexture\":[{\"width\":141,\"y\":1,\"height\":140,\"name\":\"jngbi/ddd\",\"x\":1},{\"width\":50,\"y\":1,\"height\":50,\"name\":\"jngbi/xg\",\"x\":144},{\"width\":44,\"y\":53,\"height\":51,\"name\":\"jngbi/04\",\"x\":144},{\"width\":32,\"y\":106,\"height\":45,\"name\":\"jngbi/02\",\"x\":144},{\"width\":38,\"y\":105,\"height\":50,\"name\":\"jngbi/06\",\"x\":190},{\"width\":46,\"y\":1,\"height\":51,\"name\":\"jngbi/05\",\"x\":196},{\"width\":23,\"y\":105,\"height\":37,\"name\":\"jngbi/01\",\"x\":230},{\"width\":39,\"y\":54,\"height\":49,\"name\":\"jngbi/03\",\"x\":190},{\"width\":42,\"y\":175,\"height\":24,\"name\":\"jngbi/图层_2\",\"x\":1},{\"width\":41,\"y\":201,\"height\":24,\"name\":\"jngbi/图层_1\",\"x\":1},{\"width\":58,\"y\":143,\"height\":30,\"name\":\"jngbi/图层_4\",\"x\":1},{\"width\":41,\"y\":174,\"height\":27,\"name\":\"jngbi/图层_6\",\"x\":61},{\"width\":51,\"y\":153,\"height\":28,\"name\":\"jngbi/图层_3\",\"x\":121},{\"width\":58,\"y\":143,\"height\":29,\"name\":\"jngbi/图层_5\",\"x\":61}],\"imagePath\":\"gold_tex.png\",\"name\":\"gold\",\"height\":256}"]],0,0,[0],[0],[0]]