[1,["8eIMJV8+tC84iH+UVQfNan"],["_texture"],[["dragonBones.DragonBonesAtlasAsset",["_name","_atlasJson"],1]],[[0,0,1,3]],[[0,"Amazon_xiyi_tex","{\"width\":256,\"imagePath\":\"Amazon_xiyi_tex.png\",\"name\":\"Amazon_xiyi\",\"SubTexture\":[{\"width\":159,\"y\":1,\"height\":127,\"name\":\"slots_1/图层_6_拷贝\",\"x\":1},{\"width\":8,\"y\":86,\"height\":10,\"name\":\"slots_1/图层_14\",\"x\":232},{\"width\":9,\"y\":92,\"height\":8,\"name\":\"slots_1/图层_13\",\"x\":219},{\"width\":9,\"y\":72,\"height\":12,\"name\":\"slots_1/图层_12\",\"x\":232},{\"width\":15,\"y\":59,\"height\":7,\"name\":\"slots_1/图层_11\",\"x\":191},{\"width\":11,\"y\":72,\"height\":18,\"name\":\"slots_1/图层_10\",\"x\":219},{\"width\":20,\"y\":72,\"height\":25,\"name\":\"slots_1/图层_9\",\"x\":197},{\"width\":33,\"y\":96,\"height\":16,\"name\":\"slots_1/图层_8\",\"x\":162},{\"width\":34,\"y\":37,\"height\":33,\"name\":\"slots_1/图层_7\",\"x\":208},{\"width\":27,\"y\":59,\"height\":35,\"name\":\"slots_1/图层_6\",\"x\":162},{\"width\":37,\"y\":1,\"height\":34,\"name\":\"slots_1/图层_5\",\"x\":208},{\"width\":84,\"y\":130,\"height\":89,\"name\":\"slots_1/图层_3_拷贝\",\"x\":155},{\"width\":44,\"y\":1,\"height\":56,\"name\":\"slots_1/图层_2\",\"x\":162},{\"width\":152,\"y\":130,\"height\":127,\"name\":\"slots_1/图层_4_拷贝_2\",\"x\":1}],\"height\":512}"]],0,0,[0],[0],[0]]