[1,["1aIuCfWIZOLr7enMvtF/2o"],["_texture"],[["dragonBones.DragonBonesAtlasAsset",["_name","_atlasJson"],1]],[[0,0,1,3]],[[0,"superwin_tex","{\"width\":1024,\"imagePath\":\"superwin_tex.png\",\"height\":1024,\"name\":\"superwin\",\"SubTexture\":[{\"width\":395,\"y\":1,\"height\":391,\"name\":\"superwin/fg\",\"x\":498},{\"width\":274,\"y\":394,\"height\":196,\"name\":\"superwin/fly02\",\"x\":534},{\"width\":274,\"y\":667,\"height\":127,\"name\":\"superwin/fly01\",\"x\":201},{\"width\":87,\"y\":796,\"height\":84,\"name\":\"superwin/laba2\",\"x\":403},{\"width\":87,\"y\":796,\"height\":64,\"name\":\"superwin/laba1\",\"x\":201},{\"width\":531,\"y\":498,\"height\":167,\"name\":\"superwin/图层_3\",\"x\":1},{\"width\":378,\"y\":592,\"height\":125,\"name\":\"superwin/图层_1\",\"x\":534},{\"width\":400,\"y\":877,\"height\":100,\"name\":\"superwin/图层_2\",\"x\":1},{\"width\":495,\"y\":1,\"height\":495,\"name\":\"superwin/yrrm\",\"x\":1},{\"width\":198,\"y\":667,\"height\":208,\"name\":\"superwin/gggg\",\"x\":1}]}"]],0,0,[0],[0],[0]]