[1,["4dLyXIrKxCbK1zzn8zuaQt"],["_texture"],[["dragonBones.DragonBonesAtlasAsset",["_name","_atlasJson"],1]],[[0,0,1,3]],[[0,"neideng_tex","{\"width\":512,\"imagePath\":\"neideng_tex.png\",\"height\":256,\"name\":\"neideng\",\"SubTexture\":[{\"frameHeight\":250,\"y\":1,\"frameX\":-3,\"width\":240,\"frameY\":0,\"height\":247,\"name\":\"zhizhen\",\"frameWidth\":246,\"x\":1},{\"frameHeight\":133,\"y\":1,\"frameX\":-2,\"width\":142,\"frameY\":-2,\"height\":128,\"name\":\"内光\",\"frameWidth\":147,\"x\":243}]}"]],0,0,[0],[0],[0]]