[1,0,0,[["dragonBones.DragonBonesAsset",["_name","_dragonBonesJson"],1]],[[0,0,1,3]],[[0,"King_ske","{\"frameRate\":24,\"isGlobal\":0,\"name\":\"King\",\"version\":\"4.0\",\"armature\":[{\"skin\":[{\"name\":\"\",\"slot\":[{\"display\":[{\"path\":\"MAOZI/G\",\"type\":\"image\",\"name\":\"MAOZI/G\",\"transform\":{\"y\":0.065,\"x\":0.03}}],\"blendMode\":\"add\",\"name\":\"G\"},{\"display\":[{\"path\":\"MAOZI/DDDD\",\"type\":\"image\",\"name\":\"MAOZI/DDDD\",\"transform\":{\"y\":-5.6,\"x\":4.35}}],\"name\":\"DDDD\"},{\"display\":[{\"path\":\"MAOZI/BGA\",\"type\":\"image\",\"name\":\"MAOZI/BGA\",\"transform\":{\"y\":-56}}],\"name\":\"BGA\"},{\"display\":[{\"path\":\"MAOZI/HG\",\"type\":\"image\",\"name\":\"MAOZI/HG\",\"transform\":{\"y\":-6.1,\"x\":4.35}}],\"blendMode\":\"add\",\"name\":\"HG1\"},{\"display\":[{\"path\":\"MAOZI/HG\",\"type\":\"image\",\"name\":\"MAOZI/HG\",\"transform\":{\"y\":-6.1,\"x\":4.35}}],\"name\":\"HG\"}]}],\"type\":\"Armature\",\"name\":\"Armature\",\"defaultActions\":[{\"gotoAndPlay\":\"win\"}],\"bone\":[{\"name\":\"root\",\"transform\":{}},{\"transform\":{\"y\":-59.4,\"x\":-3.35},\"name\":\"bone\",\"parent\":\"root\"},{\"transform\":{},\"name\":\"bone1\",\"parent\":\"bone\"},{\"transform\":{},\"name\":\"bone2\",\"parent\":\"bone\"},{\"transform\":{\"y\":-9.5,\"x\":-21.85},\"name\":\"bone3\",\"parent\":\"bone\"}],\"aabb\":{\"width\":160.66999108876846,\"y\":-131,\"height\":132,\"x\":-80.66999108876846},\"slot\":[{\"name\":\"BGA\",\"parent\":\"root\",\"color\":{}},{\"z\":1,\"name\":\"DDDD\",\"parent\":\"bone2\",\"color\":{}},{\"z\":2,\"name\":\"HG\",\"parent\":\"bone1\",\"color\":{}},{\"blendMode\":\"add\",\"z\":3,\"parent\":\"bone3\",\"name\":\"G\",\"color\":{}},{\"blendMode\":\"add\",\"z\":4,\"parent\":\"bone1\",\"name\":\"HG1\",\"color\":{\"aM\":0}}],\"animation\":[{\"frame\":[],\"duration\":45,\"bone\":[{\"frame\":[{\"duration\":45,\"transform\":{}}],\"name\":\"root\"},{\"frame\":[{\"tweenEasing\":0,\"duration\":3,\"transform\":{}},{\"tweenEasing\":0,\"duration\":3,\"transform\":{\"y\":-5.6713,\"scX\":1.1,\"scY\":1.1,\"x\":6.4815}},{\"tweenEasing\":0,\"duration\":3,\"transform\":{\"skY\":-9.9471,\"y\":-5.6713,\"scX\":1.1,\"scY\":1.1,\"skX\":-9.9471,\"x\":6.4815}},{\"tweenEasing\":0,\"duration\":3,\"transform\":{\"y\":-5.6713,\"scX\":1.1,\"scY\":1.1,\"x\":6.4815}},{\"tweenEasing\":0,\"duration\":3,\"transform\":{\"skY\":10.3735,\"y\":-5.6713,\"scX\":1.1,\"scY\":1.1,\"skX\":10.3735,\"x\":6.4815}},{\"tweenEasing\":0,\"duration\":3,\"transform\":{\"y\":-5.6713,\"scX\":1.1,\"scY\":1.1,\"x\":6.4815}},{\"tweenEasing\":0,\"duration\":3,\"transform\":{\"skY\":-9.9471,\"y\":-5.6713,\"scX\":1.1,\"scY\":1.1,\"skX\":-9.9471,\"x\":6.4815}},{\"tweenEasing\":0,\"duration\":3,\"transform\":{\"y\":-5.6713,\"scX\":1.1,\"scY\":1.1,\"x\":6.4815}},{\"tweenEasing\":0,\"duration\":3,\"transform\":{\"skY\":10.3735,\"y\":-5.6713,\"scX\":1.1,\"scY\":1.1,\"skX\":10.3735,\"x\":6.4815}},{\"tweenEasing\":0,\"duration\":3,\"transform\":{\"y\":-5.6713,\"scX\":1.1,\"scY\":1.1,\"x\":6.4815}},{\"duration\":15,\"transform\":{}}],\"name\":\"bone\"},{\"frame\":[{\"duration\":45,\"transform\":{}}],\"name\":\"bone1\"},{\"frame\":[{\"duration\":45,\"transform\":{}}],\"name\":\"bone2\"},{\"frame\":[{\"duration\":26,\"transform\":{}},{\"tweenEasing\":0,\"duration\":8,\"transform\":{\"scX\":0.7,\"scY\":0.7}},{\"tweenEasing\":0,\"duration\":7,\"transform\":{\"skY\":45,\"skX\":45}},{\"duration\":4,\"transform\":{\"skY\":90,\"scX\":0.7,\"scY\":0.7,\"skX\":90}}],\"name\":\"bone3\"}],\"slot\":[{\"frame\":[{\"tweenEasing\":0,\"duration\":11},{\"tweenEasing\":0,\"duration\":11,\"color\":{\"aM\":0}},{\"tweenEasing\":0,\"duration\":12},{\"tweenEasing\":0,\"duration\":11,\"color\":{\"aM\":0}},{\"tweenEasing\":null,\"duration\":0}],\"name\":\"DDDD\"},{\"frame\":[{\"tweenEasing\":0,\"duration\":26,\"color\":{\"aM\":0}},{\"tweenEasing\":0,\"duration\":4,\"color\":{\"aM\":0}},{\"tweenEasing\":0,\"duration\":7},{\"tweenEasing\":0,\"duration\":4},{\"tweenEasing\":null,\"duration\":4,\"color\":{\"aM\":0}}],\"name\":\"G\"},{\"frame\":[{\"tweenEasing\":0,\"duration\":11,\"color\":{\"aM\":0}},{\"tweenEasing\":0,\"duration\":11,\"color\":{\"aM\":90}},{\"tweenEasing\":0,\"duration\":12,\"color\":{\"aM\":0}},{\"tweenEasing\":0,\"duration\":11,\"color\":{\"aM\":90}},{\"tweenEasing\":null,\"duration\":0,\"color\":{\"aM\":0}}],\"name\":\"HG1\"}],\"ffd\":[],\"name\":\"win\",\"ik\":[],\"playTimes\":0},{\"frame\":[],\"duration\":0,\"bone\":[{\"frame\":[{\"duration\":0,\"transform\":{}}],\"name\":\"root\"},{\"frame\":[{\"duration\":0,\"transform\":{}}],\"name\":\"bone\"},{\"frame\":[{\"duration\":0,\"transform\":{}}],\"name\":\"bone1\"},{\"frame\":[{\"duration\":0,\"transform\":{}}],\"name\":\"bone2\"},{\"frame\":[{\"duration\":0,\"transform\":{}}],\"name\":\"bone3\"}],\"slot\":[],\"ffd\":[],\"name\":\"Standby\",\"ik\":[],\"playTimes\":0}],\"frameRate\":24,\"ik\":[]}]}"]],0,0,[],[],[]]