[1,["bc2ft0WuhBPLd/2guKmEYM","beAkae9BNL2bpOsh7IEvG5"],["spriteFrame","_textureSetter"],["cc.SpriteFrame",["cc.BitmapFont",["_name","fontSize","_fntConfig"],0]],[[1,0,1,2,4]],[[[[0,"gold",32,{"commonHeight":45,"fontSize":32,"atlasName":"C:\\Users\\40315\\Desktop\\ziti\\新建文件夹\\新建文件夹\\gold.png","fontDefDictionary":{"9":{"xOffset":0,"yOffset":0,"xAdvance":104,"rect":{"x":0,"y":0,"width":0,"height":0}},"32":{"xOffset":0,"yOffset":0,"xAdvance":13,"rect":{"x":0,"y":0,"width":0,"height":0}},"43":{"xOffset":0,"yOffset":7,"xAdvance":35,"rect":{"x":0,"y":104,"width":34,"height":34}},"44":{"xOffset":0,"yOffset":29,"xAdvance":15,"rect":{"x":35,"y":105,"width":14,"height":22}},"45":{"xOffset":0,"yOffset":17,"xAdvance":21,"rect":{"x":33,"y":241,"width":20,"height":13}},"46":{"xOffset":0,"yOffset":30,"xAdvance":15,"rect":{"x":50,"y":105,"width":14,"height":15}},"48":{"xOffset":0,"yOffset":-6,"xAdvance":31,"rect":{"x":44,"y":0,"width":30,"height":51}},"49":{"xOffset":0,"yOffset":-5,"xAdvance":22,"rect":{"x":96,"y":157,"width":21,"height":50}},"50":{"xOffset":0,"yOffset":-6,"xAdvance":33,"rect":{"x":0,"y":139,"width":32,"height":51}},"51":{"xOffset":0,"yOffset":-6,"xAdvance":31,"rect":{"x":66,"y":52,"width":30,"height":52}},"52":{"xOffset":0,"yOffset":-5,"xAdvance":32,"rect":{"x":33,"y":190,"width":31,"height":50}},"53":{"xOffset":0,"yOffset":-5,"xAdvance":31,"rect":{"x":65,"y":105,"width":30,"height":51}},"54":{"xOffset":0,"yOffset":-6,"xAdvance":31,"rect":{"x":75,"y":0,"width":30,"height":51}},"55":{"xOffset":0,"yOffset":-5,"xAdvance":32,"rect":{"x":33,"y":139,"width":31,"height":50}},"56":{"xOffset":0,"yOffset":-6,"xAdvance":31,"rect":{"x":35,"y":52,"width":30,"height":52}},"57":{"xOffset":0,"yOffset":-6,"xAdvance":31,"rect":{"x":65,"y":157,"width":30,"height":51}},"66":{"xOffset":0,"yOffset":-6,"xAdvance":33,"rect":{"x":0,"y":191,"width":32,"height":51}},"75":{"xOffset":0,"yOffset":-6,"xAdvance":35,"rect":{"x":0,"y":52,"width":34,"height":51}},"77":{"xOffset":0,"yOffset":-6,"xAdvance":44,"rect":{"x":0,"y":0,"width":43,"height":51}},"84":{"xOffset":0,"yOffset":-6,"xAdvance":30,"rect":{"x":96,"y":105,"width":29,"height":51}}},"kerningDict":{}}]],0,0,[0],[0],[0]],[[{"name":"gold","rect":[0,0,128,64],"offset":[0,96],"originalSize":[128,256],"capInsets":[0,0,0,0]}],[0],0,[0],[1],[1]]]]