[1,["45zJNNlSJFSrzgrpVXeINS"],0,[["sp.SkeletonData",["_name","_atlasText","textureNames","_skeletonJson","textures"],-1,3]],[[0,0,1,2,3,4,5]],[[0,"INVITE","\nINVITE.png\nsize: 512,64\nformat: RGBA8888\nfilter: Linear,Linear\nrepeat: none\n01\n  rotate: true\n  xy: 198, 18\n  size: 40, 49\n  orig: 40, 49\n  offset: 0, 0\n  index: -1\n01a\n  rotate: true\n  xy: 249, 18\n  size: 40, 49\n  orig: 40, 49\n  offset: 0, 0\n  index: -1\n02\n  rotate: true\n  xy: 300, 30\n  size: 28, 44\n  orig: 28, 44\n  offset: 0, 0\n  index: -1\n02a\n  rotate: true\n  xy: 346, 30\n  size: 28, 44\n  orig: 28, 44\n  offset: 0, 0\n  index: -1\n03\n  rotate: false\n  xy: 2, 2\n  size: 65, 56\n  orig: 65, 56\n  offset: 0, 0\n  index: -1\n04\n  rotate: false\n  xy: 69, 37\n  size: 76, 21\n  orig: 76, 21\n  offset: 0, 0\n  index: -1\n04a\n  rotate: false\n  xy: 69, 14\n  size: 76, 21\n  orig: 76, 21\n  offset: 0, 0\n  index: -1\nss\n  rotate: false\n  xy: 147, 14\n  size: 49, 44\n  orig: 49, 44\n  offset: 0, 0\n  index: -1\n",["INVITE.png"],{"skeleton":{"hash":"8rPWtEn6nsqeQ9qCWzwZatLEzrw","spine":"3.6.53","width":166.57,"height":63.6},"bones":[{"name":"root"},{"name":"aa","parent":"root"},{"name":"03","parent":"aa","x":-40.1,"y":-2.98,"scaleX":1.042,"scaleY":1.042},{"name":"01","parent":"03","length":41.06,"rotation":75.73,"x":1.14,"y":-13.01},{"name":"02","parent":"03","length":35.02,"rotation":93.39,"x":-11.74,"y":-8.41,"scaleX":0.983,"scaleY":0.983},{"name":"ss","parent":"03","x":-25.34,"y":8.9},{"name":"ss2","parent":"03","x":24.69,"y":-4.29}],"slots":[{"name":"04","bone":"aa","attachment":"04"},{"name":"4","bone":"aa","attachment":"04a"},{"name":"03","bone":"03","attachment":"03"},{"name":"02","bone":"02","attachment":"02"},{"name":"2","bone":"02","attachment":"02a"},{"name":"01","bone":"01","attachment":"01"},{"name":"1","bone":"01","attachment":"01a"},{"name":"ss","bone":"ss","attachment":"ss"},{"name":"ss3","bone":"ss2","attachment":"ss"},{"name":"ss2","bone":"root","blend":"additive"}],"skins":{"default":{"1":{"01a":{"x":20.7,"y":1.8,"rotation":-75.73,"width":40,"height":49}},"2":{"02a":{"x":16.48,"y":0.79,"rotation":-93.39,"width":28,"height":44}},"4":{"04a":{"x":36.08,"y":-4.67,"width":76,"height":21}},"01":{"01":{"x":20.7,"y":1.8,"rotation":-75.73,"width":40,"height":49}},"02":{"02":{"x":16.48,"y":0.79,"rotation":-93.39,"width":28,"height":44}},"03":{"03":{"width":65,"height":56}},"04":{"04":{"x":36.08,"y":-4.67,"width":76,"height":21}},"ss":{"ss":{"x":-0.46,"y":-2.76,"width":49,"height":44}},"ss3":{"ss":{"x":-0.46,"y":-2.76,"width":49,"height":44}}}},"animations":{"animation":{"slots":{"1":{"color":[{"time":0,"color":"ffffff02","curve":"stepped"},{"time":1.3333,"color":"ffffff02"},{"time":1.7667,"color":"ffffffff"},{"time":2.4667,"color":"ffffff02"}]},"2":{"color":[{"time":0,"color":"ffffff00","curve":"stepped"},{"time":1.3333,"color":"ffffff00"},{"time":1.7667,"color":"ffffffff"},{"time":2.6,"color":"ffffff00"}]},"4":{"color":[{"time":0,"color":"ffffff00"},{"time":0.6667,"color":"ffffffff"},{"time":1.3,"color":"ffffff00"}]},"ss":{"color":[{"time":0,"color":"ffffff00"},{"time":0.1333,"color":"ffffff00"},{"time":0.6333,"color":"ffffffff"},{"time":1.1,"color":"ffffff00"}]},"ss2":{"color":[{"time":0,"color":"ffffff00","curve":"stepped"},{"time":2.6667,"color":"ffffff00"},{"time":3.1667,"color":"ffffffff"},{"time":3.6333,"color":"ffffff00"}]},"ss3":{"color":[{"time":0,"color":"ffffff00"},{"time":2.6667,"color":"ffffff00"},{"time":3.1667,"color":"ffffffff"},{"time":3.6333,"color":"ffffff00"}]}},"bones":{"03":{"translate":[{"time":0,"x":0,"y":0,"curve":"stepped"},{"time":1.3333,"x":0,"y":0},{"time":1.7667,"x":0,"y":4.37},{"time":2.1,"x":0,"y":-0.92},{"time":2.2333,"x":0,"y":0,"curve":"stepped"},{"time":4.5,"x":0,"y":0}],"scale":[{"time":0,"x":1,"y":1,"curve":"stepped"},{"time":1.3333,"x":1,"y":1},{"time":1.7667,"x":1.015,"y":1.015},{"time":2.1,"x":0.991,"y":0.991},{"time":2.2333,"x":1,"y":1,"curve":"stepped"},{"time":4.5,"x":1,"y":1}]},"01":{"rotate":[{"time":0,"angle":0,"curve":"stepped"},{"time":1.3333,"angle":0},{"time":1.7667,"angle":-2.45},{"time":2.0667,"angle":2.24},{"time":2.2667,"angle":0}],"translate":[{"time":0,"x":0,"y":0,"curve":"stepped"},{"time":1.3333,"x":0,"y":0},{"time":1.7667,"x":0.45,"y":0},{"time":2.0667,"x":0,"y":0,"curve":"stepped"},{"time":2.2667,"x":0,"y":0}],"scale":[{"time":0,"x":1,"y":1,"curve":"stepped"},{"time":1.3333,"x":1,"y":1},{"time":1.7667,"x":1.036,"y":1.036},{"time":2.0667,"x":1,"y":1}],"shear":[{"time":0,"x":0,"y":0,"curve":"stepped"},{"time":1.3333,"x":0,"y":0}]},"02":{"rotate":[{"time":1.3333,"angle":0},{"time":1.7667,"angle":6.25},{"time":2.0333,"angle":-1.39},{"time":2.3,"angle":0}],"translate":[{"time":1.3333,"x":0,"y":0}]},"ss":{"translate":[{"time":0,"x":-2.99,"y":1.38}]}}}}},[0]]],0,0,[0],[-1],[0]]