[1,["9e/JSmEG9AsI/qibWl9d7t","3bz/VQnytML4xvQBunGl7i","f5admS66BPCZ48GF6HAdqV","ebyI8REXhBiq6NjrBG4B72","50JW54zlxE1INd7nupzTiZ","2a+bCu8WNJfr0PJnvEppqK","5atp0yHQNIoYgvTlHBHDhD","1cWBP1DKZP1LB7kkcEsrWD","d2NDol+flCw7GecTOCojFl","3aX5yskMxCNZErR9ccBMaI","1aOqiyzaZPBqPnuo7f9zlP"],["_textureSetter","btn_black","btn_keep","btn_red","lucky poker_img","new_img","win_img","win_img2","xianshiqu_img","xianshiqu_img1","zhanshipai_img"],["cc.SpriteFrame",["cc.SpriteAtlas",["_name","_spriteFrames"],2,11]],[[1,0,1,2]],[[[[0,"luckyPoker.plist",[{},"btn_black",6,0,"btn_keep",6,1,"btn_red",6,2,"lucky poker_img",6,3,"new_img",6,4,"win_img",6,5,"win_img2",6,6,"xianshiqu_img",6,7,"xianshiqu_img1",6,8,"zhanshipai_img",6,9]]],0,0,[0,0,0,0,0,0,0,0,0,0],[1,2,3,4,5,6,7,8,9,10],[1,2,3,4,5,6,7,8,9,10]],[[{"name":"new_img","rect":[690,901,50,42],"offset":[0,0],"originalSize":[50,42],"rotated":1,"capInsets":[0,0,0,0]}],[0],0,[0],[0],[0]],[[{"name":"xianshiqu_img","rect":[280,791,413,108],"offset":[0,0],"originalSize":[413,108],"capInsets":[0,0,0,0]}],[0],0,[0],[0],[0]]]]