[1,["ecpdLyjvZBwrvm+cedCcQy","f3bNZkuMBNgYU3LF57puF0","9aX/0WQ8hNZKF9Zl3dlnsU","4aKOvARetGJq7ZOUIV3R+N","ffacqn9Z5F3ZhPS5poes3Y","f6l98hryhHc6tqavjACgv/","19tYeYwAJCiI7q3q6lcr4L","c1HNjODv5HcrNDrF4pAKgp","2auVBiTmFKlZdp2YvwV7sa","0f71RGzDBBepPrU1b0xqPL","a2MjXRFdtLlYQ5ouAFv/+R","5eeqTWC5dC+4vpESyTKRal","2a/jyF4b1GzJzQ850uZ0Eu","cakrAAi0NGJpeRM+/+yosi","03sOOy/udMaq9TJynuXoMT","95GRr49JlK4LnmTac+gF1f","dc4jVx2DVKprBmFsevKHAa","0aagvhFWBD7ZHyW+ACcNbL"],["node","_textureSetter","_spriteFrame","root","data","_parent","_pageView","indicator","indicator1","spriteFrame"],["cc.SpriteFrame",["cc.Node",["_name","_opacity","_components","_prefab","_contentSize","_parent","_children","_trs","_anchorPoint","_color"],1,9,4,5,1,2,7,5,5],["cc.Sprite",["_sizeMode","_type","node","_materials","_spriteFrame"],1,1,3,6],["cc.Node",["_name","_parent","_components","_prefab","_contentSize","_trs","_children","_anchorPoint"],2,1,2,4,5,7,2,5],["cc.Widget",["_alignFlags","_originalWidth","_originalHeight","node"],0,1],["cc.PrefabInfo",["fileId","root"],2,1],["cc.Prefab",["_name"],2],["c512aoqRxNAuKzHQfqNVpxo",["node","indicator","indicator1"],3,1,6,6],["cc.Layout",["_resize","_N$layoutType","_N$spacingY","node","_layoutSize"],0,1,5],["cc.BlockInputEvents",["node"],3,1],["cc.Button",["zoomScale","_N$transition","node","clickEvents"],1,1,9],["cc.ClickEvent",["_componentId","handler","target"],1,1],["cc.Mask",["_N$alphaThreshold","node","_materials"],2,1,3],["cc.PageViewIndicator",["spacing","node","cellSize"],2,1,5],["cc.PageView",["bounceDuration","node","_N$content","_N$indicator"],2,1,1,1]],[[5,0,1,2],[1,0,5,2,3,4,7,2],[2,0,2,3,4,2],[2,2,3,4,1],[1,0,5,2,3,4,2],[6,0,2],[1,0,6,2,3,4,7,2],[1,0,6,2,3,4,8,2],[1,0,5,6,2,3,4,2],[1,0,1,5,2,3,9,4,3],[1,0,5,6,2,3,4,7,2],[1,0,5,6,2,3,4,8,2],[3,0,1,6,2,3,4,7,5,2],[3,0,1,2,3,4,5,2],[4,0,3,2],[4,0,1,2,3,4],[7,0,1,2,1],[5,1,1],[8,0,1,2,3,4,4],[2,1,0,2,3,3],[9,0,1],[10,0,1,2,3,3],[11,0,1,2,3],[12,0,1,2,2],[13,0,1,2,2],[14,0,1,2,3,2]],[[[{"name":"rule1","rect":[13,4,919,425],"offset":[4,4],"originalSize":[937,441],"capInsets":[0,0,0,0]}],[0],0,[0],[1],[2]],[[{"name":"img_rule","rect":[0,0,992,642],"offset":[0,0],"originalSize":[992,642],"capInsets":[0,0,0,0]}],[0],0,[0],[1],[3]],[[{"name":"Fruit_btn_close","rect":[0,0,38,38],"offset":[0,0],"originalSize":[38,38],"capInsets":[0,0,0,0]}],[0],0,[0],[1],[4]],[[{"name":"PAYTABLE","rect":[11,2,211,35],"offset":[0,0],"originalSize":[233,39],"capInsets":[0,0,0,0]}],[0],0,[0],[1],[5]],[[{"name":"rule2","rect":[6,2,898,463],"offset":[-3.5,-1],"originalSize":[917,465],"capInsets":[0,0,0,0]}],[0],0,[0],[1],[6]],[[{"name":"rule0","rect":[0,3,829,418],"offset":[0,9],"originalSize":[829,442],"capInsets":[0,0,0,0]}],[0],0,[0],[1],[7]],[[{"name":"rule3","rect":[49,0,660,406],"offset":[-17.5,15.5],"originalSize":[793,437],"capInsets":[0,0,0,0]}],[0],0,[0],[1],[8]],[[{"name":"img_liang","rect":[0,0,112,15],"offset":[0,0],"originalSize":[112,15],"capInsets":[0,0,0,0]}],[0],0,[0],[1],[9]],[[[5,"ruleNode"],[6,"ruleNode",[-4,-5],[[14,45,-2],[16,-3,18,19]],[17,-1],[5,1520,720],[760,360,0,0,0,0,1,1,1,1]],[7,"content",[-7,-8,-9,-10],[[18,1,1,15,-6,[5,3560,350]]],[0,"10Rew7MDBGOpsmjPUpnl55",1],[5,3560,350],[0,0,0.5]],[8,"content",1,[-12,-13,-14],[[3,-11,[16],17]],[0,"46apkN1IFD+5Dr+hQ13n92",1],[5,992,642]],[12,"New PageView",3,[-16,-17,-18],[-15],[0,"4fZr76l/ZFO7D10LtrX2u2",1],[5,890,500],[0,0,0.5],[-450.715,-16.658,0,0,0,0,1,1,1,1]],[9,"bg",96,1,[[2,0,-19,[0],1],[15,45,100,100,-20],[20,-21]],[0,"ab9XmE+39Heq3MMvOZ9i61",1],[4,4278190080],[5,1520,720]],[10,"box_close",3,[-23],[[21,1.1,3,-22,[[22,"c512aoqRxNAuKzHQfqNVpxo","onHide",1]]]],[0,"13nlsnO/pMS4F3ZvlPVwgU",1],[5,83,86],[459.188,287,0,0,0,0,1,1,1,0]],[11,"view",4,[2],[[23,0,-24,[15]]],[0,"94GRZABelHAZZ7tV9vNpMS",1],[5,890,500],[0,0,0.5]],[1,"title_paytable",3,[[3,-25,[2],3]],[0,"d4ND7ahc5ElZS5YBrEb7Hw",1],[5,233,39],[-3,287.112,0,0,0,0,1,1,1,1]],[4,"box_close",6,[[3,-26,[4],5]],[0,"c2kNNRvDxAQIaafB3twsya",1],[5,38,38]],[4,"background",4,[[19,1,0,-27,[6]]],[0,"3dOZH6/ntJ/avr4EpAqP/D",1],[5,400,350]],[1,"page_1",2,[[2,0,-28,[7],8]],[0,"4cgvjDI7BPSJfpPV1pXX4B",1],[5,890,445],[445,0,0,0,0,0,1,1,1,1]],[1,"page_2",2,[[2,0,-29,[9],10]],[0,"47GPsWzKRP26/kGbQ4eHXz",1],[5,890,398],[1335,0,0,0,0,0,1,1,1,1]],[1,"page_3",2,[[2,0,-30,[11],12]],[0,"abntUwlsVEV4TVhlApu0v0",1],[5,890,409],[2225,0,0,0,0,0,1,1,1,1]],[1,"page_4",2,[[2,0,-31,[13],14]],[0,"65+NLZ/HZKU4IszQRWuKcm",1],[5,890,409],[3115,0,0,0,0,0,1,1,1,1]],[13,"indicator",4,[-32],[0,"e0NSikWYVBzqdeiBge58sl",1],[5,112,14],[446.801,-264.5,0,0,0,0,1,1,1,1]],[24,2,15,[5,112,15]],[25,0.5,4,2,16]],0,[0,3,1,0,0,1,0,0,1,0,-1,5,0,-2,3,0,0,2,0,-1,11,0,-2,12,0,-3,13,0,-4,14,0,0,3,0,-1,8,0,-2,6,0,-3,4,0,-1,17,0,-1,10,0,-2,7,0,-3,15,0,0,5,0,0,5,0,0,5,0,0,6,0,-1,9,0,0,7,0,0,8,0,0,9,0,0,10,0,0,11,0,0,12,0,0,13,0,0,14,0,-1,16,0,4,1,2,5,7,16,6,17,32],[0,0,0,0,0,0,0,0,0,0,0,0,0,0,0,0,0,0,0,0,16],[-1,2,-1,2,-1,2,-1,-1,2,-1,2,-1,2,-1,2,-1,-1,2,7,8,9],[0,10,0,11,0,12,0,0,13,0,14,0,15,0,16,0,0,17,1,1,1]]]]