[1,["1aTbwg0AROFKoEu5Udw24p"],["_textureSetter"],["cc.SpriteFrame"],0,[[[{"name":"11_00020","rect":[2,2,300,300],"offset":[0,0],"originalSize":[300,300],"capInsets":[0,0,0,0]}],[0],0,[0],[0],[0]],[[{"name":"11_00004","rect":[606,304,300,300],"offset":[0,0],"originalSize":[300,300],"capInsets":[0,0,0,0]}],[0],0,[0],[0],[0]],[[{"name":"11_00019","rect":[2,304,300,300],"offset":[0,0],"originalSize":[300,300],"capInsets":[0,0,0,0]}],[0],0,[0],[0],[0]],[[{"name":"11_00013","rect":[606,2,300,300],"offset":[0,0],"originalSize":[300,300],"capInsets":[0,0,0,0]}],[0],0,[0],[0],[0]],[[{"name":"11_00007","rect":[304,908,300,300],"offset":[0,0],"originalSize":[300,300],"capInsets":[0,0,0,0]}],[0],0,[0],[0],[0]],[[{"name":"11_00014","rect":[304,2,300,300],"offset":[0,0],"originalSize":[300,300],"capInsets":[0,0,0,0]}],[0],0,[0],[0],[0]],[[{"name":"11_00011","rect":[1210,2,300,300],"offset":[0,0],"originalSize":[300,300],"capInsets":[0,0,0,0]}],[0],0,[0],[0],[0]],[[{"name":"11_00005","rect":[304,1512,300,300],"offset":[0,0],"originalSize":[300,300],"capInsets":[0,0,0,0]}],[0],0,[0],[0],[0]],[[{"name":"11_00018","rect":[2,606,300,300],"offset":[0,0],"originalSize":[300,300],"capInsets":[0,0,0,0]}],[0],0,[0],[0],[0]],[[{"name":"11_00006","rect":[304,1210,300,300],"offset":[0,0],"originalSize":[300,300],"capInsets":[0,0,0,0]}],[0],0,[0],[0],[0]],[[{"name":"11_00015","rect":[2,1512,300,300],"offset":[0,0],"originalSize":[300,300],"capInsets":[0,0,0,0]}],[0],0,[0],[0],[0]],[[{"name":"11_00001","rect":[1512,304,300,300],"offset":[0,0],"originalSize":[300,300],"capInsets":[0,0,0,0]}],[0],0,[0],[0],[0]],[[{"name":"11_00008","rect":[304,606,300,300],"offset":[0,0],"originalSize":[300,300],"capInsets":[0,0,0,0]}],[0],0,[0],[0],[0]],[[{"name":"11_00000","rect":[606,606,250,250],"offset":[0,0],"originalSize":[250,250],"capInsets":[0,0,0,0]}],[0],0,[0],[0],[0]],[[{"name":"11_00003","rect":[908,304,300,300],"offset":[0,0],"originalSize":[300,300],"capInsets":[0,0,0,0]}],[0],0,[0],[0],[0]],[[{"name":"11_00010","rect":[1512,2,300,300],"offset":[0,0],"originalSize":[300,300],"capInsets":[0,0,0,0]}],[0],0,[0],[0],[0]],[[{"name":"11_00016","rect":[2,1210,300,300],"offset":[0,0],"originalSize":[300,300],"capInsets":[0,0,0,0]}],[0],0,[0],[0],[0]],[[{"name":"11_00012","rect":[908,2,300,300],"offset":[0,0],"originalSize":[300,300],"capInsets":[0,0,0,0]}],[0],0,[0],[0],[0]],[[{"name":"11_00017","rect":[2,908,300,300],"offset":[0,0],"originalSize":[300,300],"capInsets":[0,0,0,0]}],[0],0,[0],[0],[0]],[[{"name":"11_00002","rect":[1210,304,300,300],"offset":[0,0],"originalSize":[300,300],"capInsets":[0,0,0,0]}],[0],0,[0],[0],[0]],[[{"name":"11_00009","rect":[304,304,300,300],"offset":[0,0],"originalSize":[300,300],"capInsets":[0,0,0,0]}],[0],0,[0],[0],[0]]]]