[1,["3eFh0qN1xLeqdMVqL509PG"],["_textureSetter"],["cc.SpriteFrame"],0,[[[{"name":"fruit_img_GOODLUCK","rect":[615,1708,269,48],"offset":[0,0],"originalSize":[269,48],"rotated":1,"capInsets":[0,0,0,0]}],[0],0,[0],[0],[0]],[[{"name":"shuogou777_baxi","rect":[780,233,112,92],"offset":[0,0],"originalSize":[112,92],"capInsets":[0,0,0,0]}],[0],0,[0],[0],[0]],[[{"name":"fruit_img_below2","rect":[628,2,1520,98],"offset":[0,0],"originalSize":[1520,98],"rotated":1,"capInsets":[0,0,0,0]}],[0],0,[0],[0],[0]],[[{"name":"fruit_img_below1","rect":[2,1187,410,94],"offset":[0,0],"originalSize":[410,94],"capInsets":[0,0,0,0]}],[0],0,[0],[0],[0]],[[{"name":"fruit_img_slot2","rect":[780,327,37,37],"offset":[0,0],"originalSize":[37,37],"capInsets":[0,0,0,0]}],[0],0,[0],[0],[0]],[[{"name":"fruit_img_slot6","rect":[728,2,196,50],"offset":[0,0],"originalSize":[196,50],"rotated":1,"capInsets":[0,0,0,0]}],[0],0,[0],[0],[0]],[[{"name":"fruit_img_slot9","rect":[414,1187,313,109],"offset":[0,0],"originalSize":[313,109],"rotated":1,"capInsets":[0,0,0,0]}],[0],0,[0],[0],[0]],[[{"name":"fruit_btn_freespin1","rect":[741,1868,208,88],"offset":[0,0],"originalSize":[208,88],"capInsets":[0,0,0,0]}],[0],0,[0],[0],[0]],[[{"name":"line","rect":[590,1187,188,2],"offset":[0,0],"originalSize":[188,2],"rotated":1,"capInsets":[0,0,0,0]}],[0],0,[0],[0],[0]],[[{"name":"fruit_img_X6","rect":[594,1338,35,25],"offset":[0,0],"originalSize":[37,25],"rotated":1,"capInsets":[0,0,0,0]}],[0],0,[0],[0],[0]],[[{"name":"fruit_img_X9","rect":[590,1377,55,35],"offset":[0,0],"originalSize":[55,35],"rotated":1,"capInsets":[0,0,0,0]}],[0],0,[0],[0],[0]],[[{"name":"fruit_img_slot","rect":[2,2,1183,624],"offset":[0,0],"originalSize":[1183,624],"rotated":1,"capInsets":[0,0,0,0]}],[0],0,[0],[0],[0]],[[{"name":"btn_spin1","rect":[2,1379,212,92],"offset":[0,0],"originalSize":[212,92],"capInsets":[0,0,0,0]}],[0],0,[0],[0],[0]],[[{"name":"fruit_img_bot","rect":[2,1283,250,94],"offset":[0,0],"originalSize":[250,94],"capInsets":[0,0,0,0]}],[0],0,[0],[0],[0]],[[{"name":"fruit_img_JACKPOT","rect":[594,1187,149,32],"offset":[0,0],"originalSize":[149,32],"rotated":1,"capInsets":[0,0,0,0]}],[0],0,[0],[0],[0]],[[{"name":"fruit_img_zs","rect":[348,1283,46,231],"offset":[0,0],"originalSize":[46,231],"capInsets":[0,0,0,0]}],[0],0,[0],[0],[0]],[[{"name":"back_img","rect":[603,1979,50,50],"offset":[0,0],"originalSize":[50,50],"capInsets":[0,0,0,0]}],[0],0,[0],[0],[0]],[[{"name":"fruit_btn_add","rect":[230,1972,42,80],"offset":[0,0],"originalSize":[42,80],"rotated":1,"capInsets":[0,0,0,0]}],[0],0,[0],[0],[0]],[[{"name":"fruit_img_X7","rect":[593,1473,37,25],"offset":[0,0],"originalSize":[37,25],"rotated":1,"capInsets":[0,0,0,0]}],[0],0,[0],[0],[0]],[[{"name":"fruit_img_slot7","rect":[739,1958,196,50],"offset":[0,0],"originalSize":[196,50],"capInsets":[0,0,0,0]}],[0],0,[0],[0],[0]],[[{"name":"fruit_img_zs2","rect":[773,1623,58,243],"offset":[0,0],"originalSize":[58,243],"capInsets":[0,0,0,0]}],[0],0,[0],[0],[0]],[[{"name":"fruit_btn_anto1","rect":[874,119,112,92],"offset":[0,0],"originalSize":[112,92],"capInsets":[0,0,0,0]}],[0],0,[0],[0],[0]],[[{"name":"fruit_btn_stop","rect":[525,1708,208,88],"offset":[0,0],"originalSize":[208,88],"rotated":1,"capInsets":[0,0,0,0]}],[0],0,[0],[0],[0]],[[{"name":"fruit_img_line","rect":[897,2,93,85],"offset":[0,0],"originalSize":[93,85],"capInsets":[0,0,0,0]}],[0],0,[0],[0],[0]],[[{"name":"fruit_btn_help","rect":[543,1918,58,95],"offset":[0,0],"originalSize":[58,95],"capInsets":[0,0,0,0]}],[0],0,[0],[0],[0]],[[{"name":"fruit_img_X5","rect":[216,1379,35,25],"offset":[0,0],"originalSize":[37,25],"rotated":1,"capInsets":[0,0,0,0]}],[0],0,[0],[0],[0]],[[{"name":"fruit_img_X8","rect":[590,1434,37,25],"offset":[0,0],"originalSize":[37,25],"rotated":1,"capInsets":[0,0,0,0]}],[0],0,[0],[0],[0]],[[{"name":"fruit_btn_maxbet","rect":[665,1936,72,94],"offset":[0,0],"originalSize":[72,94],"capInsets":[0,0,0,0]}],[0],0,[0],[0],[0]],[[{"name":"fruit_img_slot8","rect":[312,1994,196,50],"offset":[0,0],"originalSize":[196,50],"capInsets":[0,0,0,0]}],[0],0,[0],[0],[0]],[[{"name":"fruit_img_slot5","rect":[728,200,196,50],"offset":[0,0],"originalSize":[196,50],"rotated":1,"capInsets":[0,0,0,0]}],[0],0,[0],[0],[0]],[[{"name":"bg4_img","rect":[2,1708,262,311],"offset":[0,0],"originalSize":[262,311],"rotated":1,"capInsets":[0,0,0,0]}],[0],0,[0],[0],[0]],[[{"name":"win_img","rect":[525,1484,66,25],"offset":[0,0],"originalSize":[66,25],"capInsets":[0,0,0,0]}],[0],0,[0],[0],[0]],[[{"name":"fruit_img_top","rect":[525,1187,295,63],"offset":[0,0],"originalSize":[295,63],"rotated":1,"capInsets":[0,0,0,0]}],[0],0,[0],[0],[0]],[[{"name":"fruit_btn_shop","rect":[937,2009,46,37],"offset":[0,0],"originalSize":[46,37],"capInsets":[0,0,0,0]}],[0],0,[0],[0],[0]],[[{"name":"fruit_btn_sub","rect":[84,1473,42,80],"offset":[0,0],"originalSize":[42,80],"rotated":1,"capInsets":[0,0,0,0]}],[0],0,[0],[0],[0]],[[{"name":"shuogou777_baxi01","rect":[780,119,112,92],"offset":[0,0],"originalSize":[112,92],"rotated":1,"capInsets":[0,0,0,0]}],[0],0,[0],[0],[0]]]]