[1,["ecpdLyjvZBwrvm+cedCcQy","a2MjXRFdtLlYQ5ouAFv/+R","02gb3T0mhHpZ6Pp4fRrKan","badN1P2PtEA4fJd9KadG6a","e7T4owrXdExKdPGpMVkVMk","8bQY3W9dxM/IdAhAzgOX6a","eeZZT1RIdCVbUolvk52zMj","a6XpiNUIlFabB7YMMWY4xu","fewA+K3wlFab5RewUbSMaK"],["node","_spriteFrame","_N$file","root","data","_parent","_file","_N$dragonAsset","_N$dragonAtlasAsset"],[["cc.Node",["_name","_active","_opacity","_prefab","_parent","_components","_children","_contentSize","_trs","_color"],0,4,1,9,2,5,7,5],["cc.Widget",["_alignFlags","_originalWidth","_originalHeight","node"],0,1],["cc.PrefabInfo",["fileId","root"],2,1],["cc.Sprite",["_sizeMode","node","_materials","_spriteFrame"],2,1,3,6],["cc.Label",["_fontSize","_isSystemFontUsed","_N$horizontalAlign","_N$verticalAlign","_string","node","_materials","_N$file"],-2,1,3,6],["cc.Prefab",["_name"],2],["cc.BlockInputEvents",["node"],3,1],["cc.Button",["zoomScale","_N$transition","node"],1,1],["cc.ParticleSystem",["_custom","playOnLoad","totalParticles","duration","emissionRate","life","lifeVar","angleVar","startSize","startSizeVar","endSize","startSpinVar","endSpin","_positionType","speed","speedVar","tangentialAccel","tangentialAccelVar","radialAccel","node","_materials","_startColor","_startColorVar","_endColor","_endColorVar","gravity","_file","_spriteFrame"],-16,1,3,8,8,8,8,5,6,6],["dragonBones.ArmatureDisplay",["_armatureName","_preCacheMode","_armatureKey","node","_materials","_N$dragonAsset","_N$dragonAtlasAsset"],0,1,3,6,6],["dragonBones.DragonBonesAsset",["_name","_dragonBonesJson"],1]],[[2,0,1,2],[0,0,4,5,3,7,8,2],[0,0,1,6,5,3,7,8,3],[5,0,2],[0,0,2,4,5,3,9,7,3],[0,0,4,6,3,8,2],[0,0,4,6,3,2],[0,0,4,5,3,2],[1,0,3,2],[1,0,1,2,3,4],[2,1,1],[3,0,1,2,3,2],[3,1,2,3,1],[6,0,1],[7,0,1,2,3],[8,0,1,2,3,4,5,6,7,8,9,10,11,12,13,14,15,16,17,18,19,20,21,22,23,24,25,26,27,20],[9,0,1,2,3,4,5,6,4],[4,4,0,1,2,3,5,6,7,6],[4,0,1,2,3,5,6,7,5],[10,0,1,3]],[[[[3,"jackpotNode"],[2,"jackpotNode",false,[-3,-4],[[8,45,-2]],[10,-1],[5,1520,720],[760,360,0,0,0,0,1,1,1,1]],[4,"bg",160,1,[[11,0,-5,[0],1],[9,45,100,100,-6],[13,-7]],[0,"b97DKNeNZDYKzSN3v5KGrU",1],[4,4278190080],[5,1520,720]],[5,"node",1,[-8,-9,-10],[0,"fcWemAL/FJPZ0+WjpYvxX/",1],[0,-32,0,0,0,0,1,1,1,1]],[2,"WinCloseBtn",false,[-13],[[12,-11,[10],11],[14,1.1,3,-12]],[0,"e9O8Eq0Q5PXYi2euoYEL75",1],[5,226,74],[0,-121.512,0,0,0,0,1,1,1,0]],[6,"winConten",3,[4,-14],[0,"c71FSc8DRNi5WWfZcc+kOX",1]],[7,"particle",3,[[15,true,false,55,25,22,2,0.25,60,56,30,-1,720,360,1,540,20,12,12,6,-15,[2],[4,4294967295],[4,0],[4,4294967295],[4,0],[0,2,-550],3,4]],[0,"beqUiRej1G5ohrmB8HwWv8",1]],[1,"win",3,[[16,"Armature",0,"e74f8a30-ad77-44c4-a74f-1a9315915324#8b418dd6-f5dc-4cfc-8740-840ce0397e9a",-16,[5],6,7]],[0,"5aJvo6KDlNfZVccaoI+lXh",1],[5,1036,590],[0,40.278,0,0,0,0,1,1,1,1]],[1,"WinTimeLabel",4,[[17,"10",28,false,1,1,-17,[8],9]],[0,"34Dwllg0dOYqYpaNCn95VP",1],[5,33.25,40],[57.197,25.608,0,0,0,0,1,1,1,1]],[1,"WinLabel",5,[[18,28,false,1,1,-18,[12],13]],[0,"65HyhxvEpLDa9T3lZbJRlA",1],[5,318.5,40],[0,-38.467,0,0,0,0,1,1,1,1]]],0,[0,3,1,0,0,1,0,-1,2,0,-2,3,0,0,2,0,0,2,0,0,2,0,-1,6,0,-2,7,0,-3,5,0,0,4,0,0,4,0,-1,8,0,-2,9,0,0,6,0,0,7,0,0,8,0,0,9,0,4,1,4,5,5,18],[0,0,0,0,0,0,0,0,0,0,0,0,0,0],[-1,1,-1,6,1,-1,7,8,-1,2,-1,1,-1,2],[0,1,0,2,3,0,4,5,0,6,0,7,0,8]],[[[19,"jackpot_ske","{\"frameRate\":24,\"isGlobal\":0,\"armature\":[{\"ik\":[],\"bone\":[{\"name\":\"root\",\"transform\":{}},{\"length\":84,\"transform\":{\"y\":-130,\"skX\":88.6361,\"skY\":88.6361},\"parent\":\"root\",\"name\":\"组65\"},{\"length\":79,\"transform\":{\"y\":12,\"skX\":90,\"skY\":90,\"x\":-2},\"parent\":\"root\",\"name\":\"圆角矩形_37\"},{\"length\":95,\"transform\":{\"y\":-263,\"skX\":89.3969,\"skY\":89.3969,\"x\":-2},\"parent\":\"root\",\"name\":\"图层_1\"},{\"length\":87,\"transform\":{\"y\":163,\"skX\":90.6585,\"skY\":90.6585,\"x\":-3},\"parent\":\"root\",\"name\":\"jackpot_4\"},{\"length\":84,\"transform\":{\"y\":-130,\"skX\":88.6361,\"skY\":88.6361},\"parent\":\"root\",\"name\":\"组651\"}],\"aabb\":{\"width\":1036,\"y\":-295.50000000000006,\"height\":590,\"x\":-518},\"type\":\"Armature\",\"frameRate\":24,\"defaultActions\":[{\"gotoAndPlay\":\"newAnimation\"}],\"animation\":[{\"ik\":[],\"playTimes\":0,\"bone\":[{\"frame\":[{\"transform\":{},\"duration\":32}],\"name\":\"root\"},{\"frame\":[{\"tweenEasing\":0,\"transform\":{\"y\":-380.2991},\"duration\":10},{\"tweenEasing\":0,\"transform\":{\"y\":32.4187},\"duration\":4},{\"tweenEasing\":0,\"transform\":{\"y\":8.4048},\"duration\":10},{\"transform\":{\"y\":8.4048},\"duration\":8}],\"name\":\"组65\"},{\"frame\":[{\"tweenEasing\":0,\"transform\":{\"scY\":0.2009,\"y\":-7.0441,\"scX\":0.2009},\"duration\":10},{\"tweenEasing\":0,\"transform\":{\"scY\":1.1,\"y\":-7.0441,\"scX\":1.1},\"duration\":4},{\"tweenEasing\":0,\"transform\":{\"y\":-7.0441},\"duration\":18},{\"transform\":{\"y\":-7.0441},\"duration\":0}],\"name\":\"圆角矩形_37\"},{\"frame\":[{\"tweenEasing\":0,\"transform\":{\"y\":-311.6995},\"duration\":10},{\"tweenEasing\":0,\"transform\":{\"y\":6.884},\"duration\":22},{\"transform\":{\"y\":6.884},\"duration\":0}],\"name\":\"图层_1\"},{\"frame\":[{\"tweenEasing\":0,\"transform\":{\"scY\":1.85,\"scX\":1.85},\"duration\":10},{\"tweenEasing\":0,\"transform\":{\"scY\":0.9,\"scX\":0.9},\"duration\":4},{\"tweenEasing\":0,\"transform\":{},\"duration\":18},{\"transform\":{},\"duration\":0}],\"name\":\"jackpot_4\"},{\"frame\":[{\"tweenEasing\":0,\"transform\":{\"y\":-380.2991},\"duration\":10},{\"tweenEasing\":0,\"transform\":{\"y\":32.4187},\"duration\":4},{\"transform\":{\"y\":8.4048},\"duration\":18}],\"name\":\"组651\"}],\"slot\":[{\"frame\":[{\"tweenEasing\":0,\"color\":{\"aM\":0},\"duration\":10},{\"tweenEasing\":null,\"duration\":22}],\"name\":\"图层_1\"},{\"frame\":[{\"tweenEasing\":0,\"color\":{\"aM\":0},\"duration\":10},{\"tweenEasing\":null,\"duration\":22}],\"name\":\"圆角矩形_37\"},{\"frame\":[{\"tweenEasing\":0,\"color\":{\"aM\":0},\"duration\":10},{\"tweenEasing\":null,\"duration\":22}],\"name\":\"jackpot_4\"},{\"frame\":[{\"tweenEasing\":0,\"color\":{\"aM\":0},\"duration\":10},{\"tweenEasing\":null,\"duration\":22}],\"name\":\"组65\"},{\"frame\":[{\"tweenEasing\":0,\"color\":{\"aM\":0},\"duration\":10},{\"tweenEasing\":0,\"color\":{\"aM\":0},\"duration\":8},{\"tweenEasing\":0,\"duration\":6},{\"tweenEasing\":0,\"color\":{\"aM\":0},\"duration\":8},{\"tweenEasing\":null,\"color\":{\"aM\":42},\"duration\":0}],\"name\":\"组651\"}],\"ffd\":[],\"frame\":[],\"name\":\"newAnimation\",\"duration\":32}],\"slot\":[{\"name\":\"图层_1\",\"parent\":\"图层_1\",\"color\":{}},{\"z\":1,\"name\":\"圆角矩形_37\",\"parent\":\"圆角矩形_37\",\"color\":{}},{\"z\":2,\"name\":\"jackpot_4\",\"parent\":\"jackpot_4\",\"color\":{}},{\"z\":3,\"name\":\"组65\",\"parent\":\"组65\",\"color\":{}},{\"blendMode\":\"add\",\"z\":4,\"parent\":\"组651\",\"name\":\"组651\",\"color\":{}}],\"name\":\"Armature\",\"skin\":[{\"slot\":[{\"display\":[{\"path\":\"组65\",\"type\":\"image\",\"name\":\"组65\",\"transform\":{\"y\":0.5725,\"skX\":-88.6361,\"skY\":-88.6361,\"x\":24.0432}}],\"name\":\"组65\"},{\"display\":[{\"path\":\"jackpot/圆角矩形_37\",\"type\":\"image\",\"name\":\"jackpot/圆角矩形_37\",\"transform\":{\"y\":-2.5,\"skX\":-90,\"skY\":-90,\"x\":52}}],\"name\":\"圆角矩形_37\"},{\"display\":[{\"path\":\"组65\",\"type\":\"image\",\"name\":\"组65\",\"transform\":{\"y\":0.5725,\"skX\":-88.6361,\"skY\":-88.6361,\"x\":24.0432}}],\"blendMode\":\"add\",\"name\":\"组651\"},{\"display\":[{\"path\":\"jackpot/jackpot_4\",\"type\":\"image\",\"name\":\"jackpot/jackpot_4\",\"transform\":{\"y\":-3.5228,\"skX\":-90.6585,\"skY\":-90.6585,\"x\":45.4625}}],\"name\":\"jackpot_4\"},{\"display\":[{\"path\":\"jackpot/图层_1\",\"type\":\"image\",\"name\":\"jackpot/图层_1\",\"transform\":{\"y\":-2.9419,\"skX\":-89.3969,\"skY\":-89.3969,\"x\":100.5365}}],\"name\":\"图层_1\"}],\"name\":\"\"}]}],\"name\":\"jackpot\",\"version\":\"5.0\"}"]],0,0,[],[],[]]]]