[1,0,0,[["cc.AnimationClip",["_name","_duration","wrapMode","curveData"],0,11]],[[0,0,1,2,3,4]],[[0,"shanzhu",0.8,2,[{},"paths",11,[{"shanzhu_3":{"props":{"position":[{"frame":0,"value":[-15.143,16.22,0]}],"opacity":[],"scale":[]}}},"shanzhu_1",11,[{},"props",11,[{"opacity":[{"frame":0,"value":0},{"frame":0.25,"value":255},{"frame":0.45,"value":231.81818181818184},{"frame":0.8,"value":0}],"active":[],"position":[],"angle":[{"frame":0,"value":0},{"frame":0.3333333333333333,"value":20},{"frame":0.4166666666666667,"value":0},{"frame":0.5,"value":20},{"frame":0.5833333333333334,"value":0}]},"scale",12,[[[{"frame":0},"value",8,[0,1,1]],[{"frame":0.25},"value",8,[0,1.2,1.2]],[{"frame":0.45},"value",8,[0,1.2,1.2]],[{"frame":0.5833333333333334},"value",8,[0,1.2,1.2]],[{"frame":0.8},"value",8,[0,1,1]]],11,11,11,11,11]]],"shanzhu_4",11,[{},"props",11,[{"angle":[{"frame":0,"value":0},{"frame":0.3333333333333333,"value":20},{"frame":0.4166666666666667,"value":0},{"frame":0.5,"value":20},{"frame":0.5833333333333334,"value":0}]},"scale",12,[[[{"frame":0},"value",8,[0,1,1]],[{"frame":0.25},"value",8,[0,1.2,1.2]],[{"frame":0.5833333333333334},"value",8,[0,1.2,1.2]],[{"frame":0.8},"value",8,[0,1,1]]],11,11,11,11]]],"shanzhu_2",11,[{},"props",11,[{},"scale",12,[[[{"frame":0},"value",8,[0,1,1]],[{"frame":0.25},"value",8,[0,0.8,0.8]],[{"frame":0.5833333333333334},"value",8,[0,0.7,0.7]],[{"frame":0.8},"value",8,[0,1,1]]],11,11,11,11]]]]]]],0,0,[],[],[]]