{"paths":{"0":["Aduio/totalwin",0],"1":["Aduio/Win_nm",0],"2":["Aduio/megawin",0],"3":["Aduio/Bg_nm",0],"4":["Aduio/megawin_sound_m",0],"5":["DragonBone/ss-lobo/maisui_tex",5],"6":["Aduio/collect",0],"7":["Aduio/Sp_nm",0],"8":["Aduio/Stop_spin",0],"9":["Aduio/Sp_stop",0],"10":["DragonBone/ss-putao/shenbei_tex",5],"11":["DragonBone/tatowin/totalwin_tex",5],"12":["Aduio/btn_touch",0],"13":["Texture/modeRight/modeRight2",5],"14":["Texture/bigImg/rule_bg",5],"15":["Aduio/win_fp",0],"16":["Texture/waitRight",5],"17":["Texture/bigImg/kuang",5],"18":["Texture/bigImg/xoadaohang_bg",5],"19":["Aduio/UIspin",0],"20":["Texture/modeRight/modeRight3",5],"21":["Aduio/luckyball",0],"22":["Aduio/getfreespin",0],"23":["DragonBone/wild/wild_tex",5],"24":["Aduio/bigwin",0],"25":["Font/lineNum",5],"26":["DragonBone/win/megawin_tex",5],"27":["Font/shijian",5],"28":["Font/greenfont",5],"29":["Font/greenFont1",5],"30":["DragonBone/tions/congratlaions_tex",5],"31":["Texture/bigImg/rule1",5],"32":["DragonBone/tatowin/quanpingshandian011_tex",5],"33":["Aduio/Bg_link",0],"34":["DragonBone/win/bigwin_tex",5],"35":["Font/autofont",5],"36":["Aduio/But_spin",0],"37":["DragonBone/scatter/sca_tex",5],"38":["Texture/bigImg/rule3",5],"39":["Font/free_font-export",5],"40":["DragonBone/ss-bolo/qin_tex",5],"41":["Font/win",5],"42":["Aduio/normal_award",0],"43":["Texture/right/rightEffect",5],"44":["DragonBone/ss-xianjiao/kuijia_tex",5],"45":["Aduio/s_wait",0],"46":["Texture/bigImg/zeus_bg",5],"47":["Aduio/Bet_max",0],"48":["Font/blueFont",5],"49":["Aduio/bigwin_sound_w",0],"50":["Aduio/qin_audio",0],"51":["Texture/modeRight/modeRight1",5],"52":["Aduio/Bet_rdc",0],"53":["Texture/bigImg/rule2",5],"54":["Font/goldNum",5],"55":["DragonBone/fangxingtexiao/fangxingtexiao_tex",5],"56":["Aduio/Bg_frsp",0],"57":["Aduio/Bet_pls",0],"58":["Texture/imgGame/fenge2_img",3,1],"60":["Animate/gz",1],"61":["DragonBone/win/bigwin_tex",4],"62":["Texture/bigImg/zeus_bg",3,1],"63":["Texture/win/win_12",3,1],"64":["Texture/imgGame/img_right_bg1",3,1],"65":["Font/goldNum",3,1],"66":["DragonBone/ss-bolo/qin_tex",4],"67":["Texture/win/win_18",3,1],"68":["Texture/win/win_14",3,1],"69":["Texture/imgGame/Star_img",3,1],"70":["Texture/imgGame/classlcs_bg01",3,1],"71":["Animate/xs",1],"72":["Animate/dt",1],"73":["DragonBone/tatowin/quanpingshandian011_tex",3,1],"75":["DragonBone/win/megawin_tex",3,1],"77":["Font/blueFont",6],"78":["Font/lineNum",3,1],"80":["DragonBone/wild/wild_tex",3,1],"81":["Texture/win/win_19",3,1],"83":["Texture/modeRight/modeRight2",8],"87":["DragonBone/tions/congratlaions_ske",2],"89":["Texture/imgGame/img_circle",3,1],"90":["Animate/10",1],"91":["Texture/imgElements/yuansu_014",3,1],"93":["DragonBone/tions/congratlaions_tex",4],"94":["Texture/imgGame/line",3,1],"95":["Animate/A1",1],"96":["Animate/4",1],"97":["Texture/imgElements/yuansu_013",3,1],"98":["Texture/imgGame/x4_bg02",3,1],"99":["Animate/wd",1],"100":["Animate/3",1],"101":["Font/greenfont",6],"102":["Texture/imgGame/Collect_img",3,1],"103":["Texture/imgElements/img_coroa",3,1],"104":["Texture/imgElements/yuansu_012",3,1],"106":["DragonBone/ss-lobo/maisui_ske",2],"107":["Texture/imgGame/img_game_atlas",8],"108":["Texture/imgElements/j",3,1],"109":["DragonBone/ss-xianjiao/kuijia_ske",2],"110":["Font/greenfont",3,1],"111":["Texture/imgGame/btn_close",3,1],"112":["Texture/imgElements/img_cloth",3,1],"113":["Animate/J",1],"114":["DragonBone/ss-putao/shenbei_ske",2],"115":["DragonBone/win/megawin_ske",2],"116":["Texture/imgGame/giro",3,1],"117":["Prefabs/animateNode/freespinNode",7],"118":["Texture/imgGame/win_1",3,1],"119":["Animate/right2",1],"120":["Texture/imgElements/scatter",3,1],"121":["Texture/imgGame/zeus_baxi_fast",3,1],"122":["Texture/win/win_20",3,1],"123":["Texture/imgGame/GIRO02",3,1],"124":["Texture/imgElements/xiangshen-luckyball",3,1],"125":["DragonBone/scatter/sca_tex",4],"126":["Texture/bigImg/rule3",3,1],"127":["Texture/imgGame/PayTable_4",3,1],"128":["Font/shijian",3,1],"129":["Texture/win/win_1",3,1],"130":["Texture/bigImg/xoadaohang_bg",3,1],"131":["Texture/imgGame/btn_decuse",3,1],"132":["DragonBone/ss-bolo/qin_tex",3,1],"133":["Animate/win",1],"134":["DragonBone/tions/congratlaions_tex",3,1],"135":["Animate/2",1],"136":["Animate/Q",1],"137":["DragonBone/wild/wild_ske",2],"138":["Texture/win/AutoAtlas",8],"139":["Font/win",3,1],"140":["Animate/rightEffect",1],"141":["Font/shijian",6],"142":["Animate/right1",1],"143":["Texture/imgElements/img_piano",3,1],"144":["Font/lineNum",6],"145":["Texture/win/win_8",3,1],"146":["Animate/K",1],"147":["Font/blueFont",3,1],"148":["DragonBone/win/megawin_tex",4],"149":["DragonBone/ss-bolo/qin_ske",2],"150":["Texture/imgElements/q",3,1],"151":["DragonBone/win/bigwin_tex",3,1],"152":["Texture/win/win_17",3,1],"153":["DragonBone/ss-lobo/maisui_tex",4],"154":["DragonBone/ss-xianjiao/kuijia_tex",3,1],"155":["DragonBone/tatowin/quanpingshandian011_tex",4],"156":["DragonBone/ss-lobo/maisui_tex",3,1],"157":["Texture/imgGame/max_bet",3,1],"158":["Font/greenFont1",6],"159":["DragonBone/scatter/sca_tex",3,1],"161":["Font/autofont",6],"162":["DragonBone/wild/wild_tex",4],"163":["Animate/row_right",1],"164":["DragonBone/ss-putao/shenbei_tex",4],"165":["Texture/win/win_15",3,1],"166":["Texture/imgGame/img_right_bg",3,1],"167":["Texture/imgGame/x3_bg_02",3,1],"168":["Texture/imgGame/youget",3,1],"169":["Texture/win/win_16",3,1],"170":["Texture/waitRight",8],"171":["Font/free_font-export",6],"172":["Font/autofont",3,1],"173":["Texture/imgGame/goodluck",3,1],"174":["Texture/win/win_11",3,1],"176":["Prefabs/animateNode/freeOverNode",7],"177":["DragonBone/scatter/sca_ske",2],"178":["Texture/win/win_21",3,1],"179":["Texture/imgElements/10",3,1],"180":["Texture/modeRight/modeRight3",8],"181":["Animate/GALI",1],"182":["Font/win",6],"183":["DragonBone/fangxingtexiao/fangxingtexiao_tex",3,1],"184":["Prefabs/animateNode/winNode",7],"185":["Texture/imgGame/fenge_img",3,1],"186":["Texture/imgGame/img_add",3,1],"188":["DragonBone/fangxingtexiao/fangxingtexiao_tex",4],"189":["Texture/imgGame/bet",3,1],"190":["Texture/imgElements/imgEle_atlas",8],"191":["DragonBone/tatowin/totalwin_tex",3,1],"192":["Texture/imgGame/x3x4_bg",3,1],"193":["DragonBone/ss-xianjiao/kuijia_tex",4],"194":["Texture/win/win_10",3,1],"195":["Texture/imgGame/classlcs_bg02",3,1],"196":["DragonBone/win/bigwin_ske",2],"197":["Texture/imgElements/yuansu_001",3,1],"198":["Texture/imgGame/classlcs",3,1],"200":["Texture/imgGame/btn_return",3,1],"201":["Texture/imgGame/zhousi02",3,1],"202":["Prefabs/GaneshSlotItem",7],"203":["Texture/right/rightEffect",8],"204":["Texture/win/win_9",3,1],"205":["Font/goldNum",6],"206":["Texture/imgGame/max_bet_un",3,1],"207":["Prefabs/animateNode/megaWinNode",7],"208":["Texture/modeRight/modeRight1",8],"209":["Texture/imgGame/btn_rule",3,1],"210":["Texture/imgGame/x4",3,1],"211":["Texture/imgElements/a",3,1],"212":["Texture/imgGame/x3x4_bg02",3,1],"213":["Texture/imgGame/img_auto",3,1],"214":["Texture/bigImg/rule2",3,1],"215":["Texture/imgElements/wild",3,1],"216":["Texture/bigImg/rule1",3,1],"217":["Texture/imgElements/yuansu_016",3,1],"218":["Texture/imgGame/zeus_baxi_fast01",3,1],"219":["Animate/right3",1],"220":["Texture/bigImg/kuang",3,1],"221":["Texture/imgGame/X3",3,1],"222":["Texture/imgElements/yuansu_015",3,1],"223":["DragonBone/ss-putao/shenbei_tex",3,1],"224":["Texture/imgGame/goodluck_bg",3,1],"225":["Font/free_font-export",3,1],"226":["Font/greenFont1",3,1],"227":["Animate/1",1],"228":["DragonBone/tatowin/totalwin_tex",4],"229":["Texture/imgGame/key_img",3,1],"230":["Texture/imgGame/PARAR",3,1],"231":["DragonBone/tatowin/quanpingshandian011_ske",2],"232":["Prefabs/GaneshSlotRow",7],"233":["Texture/imgGame/bet_add",3,1],"234":["Animate/huahuan",1],"235":["Texture/imgElements/xiangshen-collect",3,1],"236":["Texture/imgElements/k",3,1],"237":["Texture/bigImg/rule_bg",3,1],"238":["Texture/imgGame/free_imgspin 1",3,1],"239":["DragonBone/fangxingtexiao/fangxingtexiao_ske",2],"240":["DragonBone/tatowin/totalwin_ske",2],"241":["Texture/win/win_13",3,1],"243":["Texture/imgElements/img_light",3,1],"244":["Prefabs/ruleNode",7],"245":["Prefabs/animateNode/bigWinNode",7],"246":["Texture/imgGame/shangdaodang",3,1]},"types":["cc.AudioClip","cc.AnimationClip","dragonBones.DragonBonesAsset","cc.SpriteFrame","dragonBones.DragonBonesAtlasAsset","cc.Texture2D","cc.BitmapFont","cc.Prefab","cc.SpriteAtlas"],"uuids":["01O91vttlCcIWgsT+fSJ1n","039UtXHE9PtYe0Ykhw1+gZ","05MsCoaDtJm63JVN1559V1","0cF9CbvOhNy7uIpmWID2E1","18OEnSYLVAQZcQE0feLOgk","1dcVGwgnhEPKIVUIdX+mT/","2975MPZ0dPHbtXjp0J2yFI","37mq7eLc9DvpA/lel8oXdu","38xj3dmfBIx6AXjsy+K6zj","3bvosy51dJOb6p77nuN02R","3c2AMighlMw7DMi7fNLTlI","3dcC+YyPxAeLwntW93roYc","3eyhRwQ7VLz5Zu5FKl/FDS","41D1HPsnNPxIw3bu9td+8y","447vztjXRFoZ2MVQlw3Uuw","4aQ/TaHLdNDp83ILE9huB2","51nH0gF3xJsogeGZ+nk/CV","59l3JwMmBJwZ9BPbYJW3vj","5cdLUNp55H9pUMyubxypOc","5dQz224BhGRLp4+RDryCzY","5et25PcrdB9ZkJN4A5VsH7","61PAjyIQxI06IdRb+gU0V2","62WhuoS9FMOpAvocObjxtn","71VlCFODNPRpS75DPqePhC","71l9M2kWtB8oZx8Jd5kI/G","7bhRcd9eROkq1//H7QiqVk","86BPqMtolM+LLxeKfS9DRv","86u8XIK/pL6bWbemmn1p0b","91AsWuf69L/YseZdXTlk6o","92qEJuwylPY5kDd+u5IoU5","98iAGZuJ1JG5B3EwInxkKz","99/Q7v+fRAMphHvtwxLwLz","9dUlTibN9BIpn6jzeDjJXA","a1tkpihSJBrZBjrm3mAEEB","a7Rvf2LCxPVpbkjT8a8qKB","afIzMdfRVNs4G7jcloY28g","afobFE5tRIja50eQZi7JZl","b9jwHLMuVH5K2I4/oBPdAO","beZoIcy/lFirb4sBJfLupS","c3BzfcOWZLtI/uvaZVCJO8","c81UmN9L9AlqLBylZy3XMH","ca9S/HyrJPqb8QWFlzq+nq","d2eoW2VntOyIv8vQQIswbx","d3+H2jup1GnpArNKuuFB3f","d9s2ybZxdHMaBivX/Y6HhS","ddCBGWmF5Dfaq6IclMnC9B","e4P1FfTLZLPpCb3aPsGhaS","e5wK3J/6pJtqq4gdqwMkXe","e7dgUrqDpKDIsbnIz5OdzC","e7g3T45KZDP4s5Zm3tFDsC","e74k/A8IpOTqwLWfYR99v7","edMXixms5Lua5E/n99MEOl","eeS/xWTQdHFrMGhXDw+mJT","efJbunKRJEeZhlDHvgiDJK","f0fL7B+5hOL5S85pPRjiDh","f4//kJcaxPo40dkpcZY0VN","f5XanDPilNcZm3iBds0LNN","f8KBmWnNxBfb8yuY2t8SYa","006sWT26JPzYS7Y7IYKOAq","02gb3T0mhHpZ6Pp4fRrKan","039l1bkmxFEbgNNpCAMKyF","05i6slrolGt7senXSW7sc/","06gd4u15BEK4CiCG2v+NHX","06hXUSNfFNhp8TIhOdNnCg","06rF4NRvxJ4YXvp8JqK9Bq","07oK+WqjxPS6YrB37/sUCw","0cuqMw5j1H55r6Cz+c7lwM","0eUDEh3kFGjrJ1Jq+uhcV6","0ewNf4wqdOMo3nGM4Y/nud","0fVyNPEoJICrbaM+yw3zPX","10kvdTlF1GBI+WtXE72jMI","10nEVO23ZPK6OprNISOXCb","11eUxV0URJo4c2D5x2Vi59","12rHmuUeZLs6kEkGqhwggl","136b8de0c","13vGFc0WFP3p1zJ4t/TIvH","150a726da","15bDExrbBIgY1bL+yw25p0","17BVT3nGBKMJ78EfTpHh8i","184ae207e","18/KGdHuxLXKcKFxBnCApl","19AKKiMBhBq6fiWkRtcIVC","19A+WYmPtDYbdh+lk9HP4L","19vzuYwfFCd5wqdKAvcwNK","1a159edee","1b2797c71","1bvDGd17VDoqTPdVFf8yyc","1dKi2tvX9NhIo4N/tgELko","1d5v0Gb1ZFIrYWawhLYFgh","1egtpljpxD7KdjgbKB57Vk","21E6tQDYpNnIwCA+EvmscS","21FpjfKOFEmpjsV1eZCwMc","21sto/yRVHw7i8bO83O3F2","22aksUkZVFqI9a5HFZ6A57","25nm/qC5xNsoC1f//2qebL","26eebFPONB5ouZ7+WK9Oue","26mg4LvWlKw6V2QGTcIVRa","28aetuZZBD05vRTm2xKluz","28rYWgdxFI8r/fEFd9ZVR5","2bIDu94R5ODL2ebKckwSeU","2bSdbjo8NMMpJhZceMVrr2","2cXHEO0DtDc57KaFn/WrdA","2dccPh8ndN+Jtly83zf9Xw","2e29SSiA9EhJFQ2T8pQKIl","2faBEzJKtOm4/SOovnSPzv","30ifunASRErbiFgk9qYb9i","30s8l2G5hJT4W1It4FREIt","30zOn6EsRJG5Ave9+N55Rf","31BbeMnSRC25c+obN1Ij1A","32/NF2fDVK/LNlgYBfnPWX","35A5VwF0FBLpaKmGET9LQm","36HGZAdwxIBINmDVrxCDnR","36PsEmEH5C8rqi+2H/YE5O","38KZbKcQ1CZIthee9+bfTw","38rkp+TK1L75fFkdNqbpqS","39UmewdkVHX5iILxR8HjGr","3b9yRKIJdC24Tn6potaxyY","3cqjpMoM1CAL4D1mbG3Mux","3eA1lDez5O6bpETgXW/eYd","3eoBSTkaZGFoO7ODMVfslK","3fhSspBC9AfJDsZdAsfjNR","40YslwCaBGyK5ZuG6KAONg","41BnAAc95MA4b+HXgFpXgl","41brxUrjNO+Js6OpFqNmIg","44NMBOV01OWJRrkRE+30CF","44oTc5f01Mf4Y3PshRMBA4","44y0Nsuz1EJpj4H1dTLu3a","443dTTbxNLy52hiqDLoYel","48vDvcygFCWp5Q3ECnlH7N","49ZnPb6+FBGJ4AdZOBrbol","4arMtohhNIVrkvAWAgVvlj","4at1zjbx5Ov6rgq+2DBPGf","4dViSt7mBFabQDLu7g6q6X","4eabQfT1tLvI2ijG+UTn0m","4fBCUXZJtMFKVk7R7DNE3j","50n8cZlhlACr+606I5gL1y","502wS0nplKm4byJNv/WSc6","53W71mi/JPcoBAQ8extf3C","53+JtLK75PGJfnEkO0ChmU","54GBdiM45JYL1JHimgWHZ/","57OcCv9oJJ57Oml7vqlNhL","57kpdQS/ND0J0w4ayRXByK","5cxhiFeklFyokkpE6Nqj2f","5dBAcL41NPR7TkqtGAPJzc","5dEFeXV2ZI2bQ497m+Y1Oe","5epVafEihO5pppE2Mv2fz7","5fVZh6UedKD6x4pFkH+uWd","60Ll3BKcBONZjaafJ0ooXw","61SHrUwEhBBIal7sBJ6qd7","66/v8BpCFOEIy5iycMiNvO","6aLrw8lTVKzoCIos7ss1LU","71RcCOsu9AupsgKwT7shd9","71lCy4RTZDsL3JuNFRKIMF","74C3XaIklN66rFqZ7NUJlF","749E4+jg9DjLuq6ttIWoVj","752bPwSMdJdot1SccHLixC","77ORlVPIVCxIV7iUyTQasw","79LlhSEiZKE5LFm2KpFUC1","7adxTfw6VFpaE1nbF6bYZc","7cEvJuOphFyr0XuLrk/Ppy","7dVuuIfZtEg7RpRthc2l/b","7fHTS0n5ROW7PmljHyfLcK","80MX/6smBLcKtCM8rP0D8T","80f+KWYdtAw6F15FpYarSV","81MBTpvkZGYYsDJL0Y+Wql","81VIP7PSJBd5x7oWJNvD+g","82gS2OFQdIHJb1BV6QMdjJ","82jWxGO4RInaqoNLJHklC3","83X+DMfjBDLrgdU9ChWkku","86ejaeCzRAaIOB+AjF0E5s","86+Iapf/JIW7tTNAyud2K2","880GIgWrJJo6G9Q0J4yDmb","8aNF7AGUZCkJcay+hkG4Zm","8acxcmbqFGvqyYpOI64QN6","8cF4Ey4odPepzzAzifrTFz","8dXfGycbZNR6u8V4DEpyot","8fJzPbcTRAeYT+Zj1F9SmP","8fcAqBWw9HBpTJ1zivsWk2","90GdOjGaBJC5+LzPHrRLuY","96duMsDnlIm7Vod+dL1LDj","96fOBl86dCpZ3VndJ0je4r","97keHk/DlGEaJf9XUolv9o","98+NqbBANB+7pRhzhl80jK","9bFCHvKAFP/KR6xPzUft7e","9cQd1yTt9GGYuNoWsmnQS7","9femv3pxBK56ySIvEgbbFj","9fmuz6BzdH3ISYoE+olPZT","9ftvR8CdJOd5W8SHwBTl6y","a1oGu9ttBMXLSIl85vmI/O","a1ofO+bd5BXrd51ySpbQOy","a1zcfORdFMeqni0E5FYqth","a3/Um4OKZNL7C07VYYyHYI","a4rQECZclASKeMgFc5Er2y","aanQfKHsVJc7raTkzMzZGj","abLLdjv6pN/6rW/dyhgpK3","aczIsQYg5G/KyvSDStnfzI","aftiwEXqRJaJaRwIDdXcPz","af+9PUNNBBbL1GpMS3i/Sy","b0h+xGFMJOO4gdwaAhiUyp","b1CPTOwRpL7oviWXX0ZpT7","b3W3jL9INBkITBPwMnEKIk","b8mNfJLFZLELmB7rsKjcvY","b9Jjhk16xNmozTT/fZXo5i","b9YLAMGDZJRYwrgXqczm6J","b9Zy2JxdFKVrwB+fEjY/X0","bcO1ni7kBDPZII5WmYumVT","bcdMWWnNZD65w939u9Esxq","bctr62PgVHPqnEbnrKUPFm","bdqythcnVDeLtbqJNJPgc6","bfBzucXWNNsLphCHz6W44B","c02CyzlglKsL9zUZY7mGS7","c2LiIdfwFORpjRvROJxbTC","c2cfdmpQdO1aPpxn4SS9Bh","c9c02AREZGTpShjoQnzOp1","c95LH3t75KorTJwwglpFIz","ccGGNKI6dEWo43qSiYirUU","cc+fVRQLZK2oAeFeEM+A2H","cfpiVABKROIYnh1G/68ZA1","cfq/niuzlCrZiOyl83hkt4","d1M7coODdHrJfJcbo0ESX3","d3DYZX3hdN24TW9wWzGkLx","d3ROO5fmBPI5oFj2QOt/cS","d7Mn4mvX9IWaVoQXjCcp1A","d75HvToZlBDLyHM/PjQlgZ","d84CcSU69OSIqNYGmFzQ+X","dbyKt0ok9NSZadc49+l3ex","de258RqjlBvbl8krrEl1zN","dfhCz/kKdPfIvXaKEAmfM5","dfnRuYuS5BHr4OTA4Rl5EP","e1IDNDfEZAgoD+4gfjgNa5","e3afkW6NBG9pnFRncMZd3r","e373MMRFFJ75H+2MbzGM5z","e4oOn3hRlGC6tgS56MoiCr","e42XgkwjRFfK8ydfCTAFkQ","e4+YsLCttKWY74nuB1m7YE","e6DEz7JyRMXqz3Xct5atGk","e6XKUBjNZDoLFC3UmxzT0n","ebIZDabgVFYaMN/zDO59Gf","edLKanNhxFP4R3h6CMFQyi","f0CAXi+gxLvbDc/cnkpRqX","f1bA6Bp3lAhp0Ny6gVnBGw","f6YcPM541OTJXpHc+RgWOB","f7oGiAsDpMqoi8JbBdpXX0","f9Xl4x1wJF0puA3XrA7mtx","fcEukdtBBGjbCHpmyFG+1J","fcmfMs8q9MJ6ycrcIh2WCh","feXgkeQY1KcZd3rsC7zGmF","000Il9hd1EpZtV7xUA31i8","01RsjmpCZCsJ1BvnVtSTOl","0150LyqrVA87g0SSIPvfGf","018we13YFPF5dzSCQtIZ3y","0312V74s1Bn5FarJM3zjAl","04HeSxYHRDsbPkc7hOw+hv","05u0Fz9kxMULHBfnHyhQXR","06chFgf1RKuIH/njmLmsNt","065qQC0DVGhpaAWQ4Ycamt","08Xj0d/dJAa5v4U3kl2D9Q","08ojgeGIJO/Js5KlqcoPMq","08xtIomHZLUrGptKueM1Pe","08yediivdFmIlNyKI1uOeY","09cyAVh69GmL0zIFpfC5FT","096H8PFNlKipP+esxUdLG8","0bftXfZXlJVL7F9zrOIDWZ","0eZMtPfzpOh6Row4fdC9Oc","0f+1MnQQZEUKen16Bc0gHL","10RtkjeNNJRaY1UgJyPOJV","12VA4us2lMXqIab7lYnTsy","12yqwOuTNJdqg/ptOZ59sW","13Ueo6jsBHGb3bVnfCR1gw","15k9GAF0RCEJiTbdOviltJ","15wz87HchJMLzCzWRQkRPi","170kGZhtRFbYTGxqh9esxx","18hEK0islDkbJJ9mZRJUhs","1bA/joOqlAMa5MSaKHa3UJ","1bfFO0sR1M2IOfb2urTwtI","1bwvPT4G9IGqxngT8PQ1eC","1eF5kW4N9HOIhykdTi+92B","1f9digCeBBPYVoY7TmUph5","20VlYBdSBF1r0hSoMzyoHW","21RjDZK8BOroekGXLBlT+/","22fczMcHBBQqJQ+bjVqv3q","23+mYxRCNBv7k6OhHTzOkZ","24LSXdtZ9JAKhIpnG7x9ka","24bnKUlQpHU7z3ubf9DF9i","25ZHeDRj1D2ZnPnJ3ykbOj","2763+GEkBLHLALFPausS7C","28oRetefhAaZIxpFCIn6mJ","28oreHLB9MmJFVf9JexlTd","29FYIk+N1GYaeWH/q1NxQO","2bCOm2FClL8JgHy+RDMb5n","2cIG9Ixj1JmbE5wKKxkiWx","2e2czT9sFOqqstaWCpth9Z","2fPj+/16dP8oIGS94rdGVk","31Sqo4NNhGMrZbzqUv/CR8","32HTCpOTxLR4zRQWWQv1vm","35BYiUu2BJQLQR3XoLHEj4","36HczNBdpN661ST+jPXaDy","3cMFeWvTdJn65u4txTQP6G","3d48HpfM1J/L1wyesx9+W9","3ePWcKwNxAnYThOj5wtiB2","3ej5vkrIpE/p1uFT1ZADNs","3fxrSvijtFn45Y5fYnPwLQ","40M+aN/qZHy42H4ZCEV9sf","40OVMKJhZEHYKS9QH0qT4m","413oFG92xDNZewIRNCFZ+c","42dV4u5ZhOnZsbs6H4C1wn","45Ro4BtmFF8o5I0P0iadBe","48vtEUXTBD9pLs/zUrVEwj","493EGoznpDDrW7/piIhmBd","4cEuDqUPFBh53G15giF/1c","4eH3Ir88ZL8btpa90kmEX2","4fO8X6jNNFd6Ag558DKcYF","4ffU1zGr9NhqAarUGC6M7O","50IxqoS8BAHoF9jOCTBxDM","50T48uanxPbJUqrKWl2OdO","5175n/QTdLJbg/FUniqlNf","52IdEk6lxO9JduOny6gtJt","5226yTJopIxaAPmNhAnqhD","55txInQkBJsZN367Cq02Qd","56oVN+ywdEkovwxXv2p4BW","57JAMKEtZK45YxKf1A4TaW","58GkDG19RK3YWiTPo6q0Ah","581vexAe5AZb0k/H+x/KgC","59uRlR18RGRogopHOhqn2R","5aipSsmgJP56K01VeyaQ0o","5a86NgE1NGFqfeWVoczf07","5bgyULDCJHjo5SSBYy5cPD","5cdWc6y3hGdK+4m9e3zt4W","5cqXC1KYNBi6a7hpL+b5Mw","5eFYn49IhAX4jhyYwQAN14","5eURzljXhHaoq++fESL6oW","5ebjxDsQpEs78Rx5e6fgeg","5e8D4XW4FBWbP1tRMgDesr","61BtM2AmZHlKpCNIeyxseD","61nKCqs5BECYJ10IB//dbs","639cIl1yVF9JnOYzMa/Dds","65TaNl1WdBzYmQyE02vH0C","65t80M7LJKsYOzjitStKHP","66CYjzs1dJhbUrBiryrUk2","66lsbPqkFGQIauOyw+JH0U","66xYqJ1hlOsbKANMwvjUl3","669tMd8WlMqpbqX14tyHdY","68nS1dF0RIj5KjgP6UYRC1","6czFB/p0xJO7nzy6GfUMSO","6eIgdt+X1JAoHjDE+oEXpB","6eyQ16OWhPpa5aur4fgF/N","6e0VGbWpdB/pu4gKoRXi5h","71YEv86XlKoa1UO5aiOlPh","72QuhCZnZA8o6kVo9VicGZ","74Dt1AQvVIUZusHvDxiwzb","75iZby6yFEfbQV5H5GupAe","76IJ4xnjdIkpd30otn6dE4","78Y9Ee5C1HkrQAkv1r91rm","78Zv+WCXpFY7RLnKU0+MgD","78cHiT8/dA/b5MO/mFwQDF","78lSQH995MXYQyNu2gd2NZ","79qVO59xxJsIgWRR9l9WpC","79uNvteS9ExK8cDasQ2w+4","79uYTTAcxNp6bjv7KDR4Bs","7aHvaI+rhEYqisZnRS1GMa","7auaECfoBGiaSaVkqMZfsZ","7euutz8XlMQIq7v2K5oDBB","7e92rgzapCkLjw5K+p3DZQ","7fEbxS6rdIYaAJaRV63ufX","7fiiCmggJCHrg6RGestno4","80uWcLVjtMgoMf00/pzsjK","805GdynL9A47wzZJSNrgtj","84WlASueVFobCucFpQaZ8N","84jYxnqq9Ndb25mMPkF7zb","884Km4FUJPEZ7+TuR6JFyq","8ad7H/2PVGxYmpKjDWyne4","8bgJ385WdOEq7hoBATGLP4","8ca/XOk0pJm66LLuBdd9s9","8eYDPjUZZMu4E+32ATv9RZ","8f51UV2URF+5h++VvWW2S4","92rG2hQ69JiIIYzDRibbnd","93wGmLRaJMZJBEZcoEdX8O","9468KfXuhBV6eo3Ionyle3","95A/jTlKpOm5vXrVpadETv","95PWhDlg5GAK6DTn0eKgrU","95/ZF88PVO84CMWu8T6nAu","99IKtSLOlEqYypWl/+Bxzi","99KBq4qr1Moa2MRg+yW47Y","99arTABthN+IYbqAdr+Lhd","99crIO86lG2JTGz4sD05gA","9bzHaj5r5EwKCxgv2wE0ch","9d8F9CkvFLs7CVHU3JtclO","9d+1nL1DBAr6mTxDTYDbJF","9eAF3K9lNKgZIsq75nBvHZ","a2MjXRFdtLlYQ5ouAFv/+R","a2NdidhBNDHoPpEA8klizN","a2aglSrStGNrHoCtJeb3rO","a6UV/nGNJLDIGRhL+R1SP9","a6aPhEVctI9riVBuPvlSYP","a9cNWqur9KXJor3fP63NMi","a9lLVKTFlOPonT0GNYD9+G","aazNzO4ohEUath/X00Ibm5","b0NDU17RZDdaEPhyBGZn+Q","b03HELqKxJDYCqIYNCTxcI","b1JHq0VXtGWb2sqNibjTqE","b2e9gqmXdOKp0umoxc52qO","b3xTn+QLhGqYZO51ySxVWk","b5jtoDc19FEZ4TTzHuMb1m","b56QcvNzJHhqO/HDi0vvMp","b58m+EXYBCgrUsCftwx6Hd","b88uvzn39LW5RH6AdTWU8m","badN1P2PtEA4fJd9KadG6a","ban00ObrpJj4urUfN+L45d","bcqWmTwIlJiKS5l6wDiGE6","bdR/Fbnq5LqLTaTMavR6dU","bebNO6m6tCKqyBw+l8Al0N","bedF3sNcFDlYRIoMcDlpsY","bemJHSh/9NMLnNVrPGZp19","c1UbrEYhNHF5a+O4E0fDzw","c188ZsX/tOWrD2R8f7eFmZ","c6K4AyR9tMJ4PVccPh88E7","c6ZGQz9V1H5JNRXxdm1h1B","c7i/Fm4K1CxomfpLK5ZMN/","c8krDxBHhG45fDZe+fnqx9","c92OTbSfNKT7Y0D/URJjHG","caQKP4jJ1MZp42e3R7sjRN","caYZDnxLVIcInvjxFjJPnd","ccCrWZfSJGx7l7T3GQLa5l","cdEGV/j+VPR4QBycvg1wUQ","cdH8IFuKRM4ZBwSJpE4JKh","cd4A3Y1fdMWaVhJIYOsrce","cei82C+MFLlq+xEP1Pp9eK","ce6UxbK4dOW7iBh0hp5eS9","cfUMlE6RNHB4UMYWgz6mkS","d0A/25ZqpNV5/v7sLOJAN+","d1u9w3xytDkpdpngqkR8D4","d2KXcpywFD9bUslWpaT7O+","d2LW+j3vtHor9+kYSXBlnF","d2PQGK9pVII4UltaH7fcK2","d2VmaJ6ilBabqNAKWoRtrf","d3H8p2Vn5HSIzcDvldtgPe","d3tt85LmBN7I69KlN1C+N6","d34rKiwHtDzbWSkWq0BMUn","d4EGWkXKRH2ofLSjqu/foK","d4RbKjvrpIO79nqaUFDhEc","d4VNHRHiZLlrEABMcxK5Oy","d5yf9OrF9M2Yea7oVPvqgp","d55w8i6rJCtInqsMIC8ifC","d7DRkcuolIqb0/xgHqA7CH","dal+Cm3f5AOobPiJCfCqbD","dbSEpgk0RHz5hT0cozm12J","dcCvC0sZxC74nmEZp63/R0","dd87lr1vhMd4TqBhIZ/AgK","e2PqjW9KpN+ptWz4oLfN8e","e328G0Aq9OIbnjSWwTDkre","e6H7ftvDhIHIVkvOXiDD9P","e97GVMl6JHh5Ml5qEDdSGa","eaXdnWWupGsZy72/ujAcZj","ebyOPRif9Pp5MRemcYCn4k","ecpdLyjvZBwrvm+cedCcQy","eeZZT1RIdCVbUolvk52zMj","eexQaPQSpJCIEQXOuw7S4d","eexg711vJIKaWvWrI996J/","ee4LrbhZxKvK1bJK+G71IO","f0BIwQ8D5Ml7nTNQbh1YlS","f4IA5DmMlLbrzfEfU6vrF6","f4if2fCtJLJIPMAt0lXKHC","f5NKIuLHJIooxzJSCmxHNk","f8G7G4GgxJCIeG6GI7RYiU","f8oEar6UpO17vb52tGjJ1M","f9MjXQfzJOnoOrzLagT3XU","feOBpuTf5LIrTGS+u6pIvG","ffDdntJ4NEc6teA7E9r42+","ffTg0UjrhAfbb5tT/IGVdT"],"scenes":{"db://assets/GaneshSolt/GaneshSlotScene.fire":82},"redirect":[288,0,389,1,451,0,452,1,454,2,459,0],"deps":["main","resources","internal"],"packs":{"01565beac":[249,256,278,280,281,301,319,323,334,338,360,365,393,401,413,416,419,437,441,443,448],"02ad750bf":[316,176,455,240],"03300ad6e":[65,205],"03fe0a678":[124,345,387],"059a44ae7":[158,226],"05a9b25d9":[63,67,68,81,122,129,133,145,152,165,169,174,178,184,194,204,241],"05c3a6af9":[261,262,268,283,284,285,290,291,293,303,304,307,309,311,312,313,314,318,320,321,324,330,331,337,341,351,354,366,367,372,377,379,380,388,399,405,407,410,411,414,425,428,431,433,434,436,439,468],"05ecc10b7":[196,245],"066553501":[102,235],"06dadd3ef":[115,207],"0704d5325":[90,91,95,96,97,100,103,104,106,108,109,112,113,114,120,135,136,137,143,146,149,150,177,179,202,211,215,222,227,236,239,243],"07ff839ef":[247,250,252,254,257,265,269,270,271,273,274,276,286,296,315,317,325,333,339,343,353,359,361,363,364,368,369,373,381,390,392,395,409,412,418,423,430,432,440,442,446,450,461,462,464,465],"0893d4ac0":[78,144],"08bf64551":[111,126,127,214,216,237,244],"091e9af30":[251,253,258,259,267,282,294,298,299,300,302,305,310,327,329,332,340,344,346,347,349,356,357,358,362,371,374,375,383,391,397,400,402,403,404,408,417,424,426,427,429,438,444,445,449,453,457,458,466],"09c44d579":[77,147],"09e6d8c80":[74,76,79,84,85,86,5,88,92,105,10,11,13,14,16,17,18,20,23,25,160,26,27,175,28,29,30,31,32,187,34,35,199,37,38,39,40,41,43,44,46,48,51,53,54,55,242],"0aba55ae0":[139,182],"0b7a8c840":[101,110],"0c9a55970":[161,172],"0d4f089ec":[58,0,1,2,62,64,255,3,263,70,4,82,275,277,94,287,98,289,295,8,9,116,118,12,121,123,308,130,131,328,19,22,336,24,355,157,166,167,173,382,185,186,189,192,394,195,198,200,201,209,210,213,218,42,220,221,224,45,229,230,231,233,47,49,238,52,56,463,57,246,467],"0dea61ca3":[128,141],"0e753ea40":[69,87,117,168],"0e892c79e":[59,406],"0e94616f0":[248,260,264,266,292,297,306,322,335,350,352,370,376,378,384,385,386,396,398,415,421,456,460],"0f9bad3d9":[171,225]},"name":"GaneshSolt","importBase":"import","nativeBase":"native","debug":false,"isZip":false,"encrypted":false,"versions":{"import":["01565beac","df52d","02ad750bf","a78c2","03300ad6e","5c68a",60,"863d5","03fe0a678","d804c",61,"a1a74","059a44ae7","57fde","05a9b25d9","1d4ec","05c3a6af9","cc565","05ecc10b7","ce97e","066553501","09137","06dadd3ef","37a11","0704d5325","7e09b","07ff839ef","dad4f","0893d4ac0","baa37","08bf64551","d633d","091e9af30","0757e","09c44d579","517c5","09e6d8c80","5119c","0aba55ae0","b20db","0b7a8c840","b1050","0c9a55970","67d76",66,"1cbe7","0d4f089ec","fd5f6","0dea61ca3","4b6dc","0e753ea40","ac837","0e892c79e","39b1c","0e94616f0","654a2","0f9bad3d9","2a179",71,"b22cc",72,"b621d",73,"fe38f",75,"2b758",272,"3f57a",80,"f56db",83,"11f97",89,"3a218",279,"9bc97",93,"c9c29",6,"2eb22",99,"cf53c",107,"cbae6",7,"8e73a",119,"d8c39",125,"2041c",15,"10e95",132,"faa4e",134,"97587",138,"1874c",140,"9e7a5",326,"7b7ca",142,"38c78",21,"8258d",148,"932da",342,"452a4",151,"0bddb",348,"c6650",153,"82cdd",154,"a2617",155,"85f3f",156,"380c0",159,"93703",162,"1b196",163,"23d1c",164,"777bf",170,"a9216",180,"20bc5",181,"0991e",183,"0f1ed",188,"e9fde",33,"5e9a6",190,"dbe02",191,"5f589",193,"76df4",36,"5e104",197,"b73a3",203,"a2235",206,"99009",208,"51381",212,"b5616",420,"cab8f",422,"68ac4",217,"038a6",219,"28d48",435,"3495e",223,"b135a",447,"03104",228,"9bba2",232,"83949",234,"5bf6e",50,"d4b20"],"native":[0,"fff85",59,"44664",1,"768d2",2,"29319",3,"ddd61",74,"9f5e3",76,"b03a2",4,"12430",79,"3421a",84,"7ffa5",85,"a5418",86,"32f14",5,"e8fa1",88,"cb1b7",92,"4d2cf",6,"5575b",105,"96ca6",7,"a67dd",8,"d753a",9,"3e30b",10,"2d869",11,"7f161",12,"3fe66",13,"3b014",14,"9a4d2",15,"3e30b",16,"caffc",17,"73581",18,"95ef2",19,"899b0",20,"0befb",21,"1ea9a",22,"bdca3",23,"6b783",24,"cf654",25,"6d550",160,"6c00c",26,"c8d39",27,"a382c",175,"3f7ac",28,"a10e9",29,"0232d",30,"0d8f8",31,"e7988",32,"a9a10",187,"e54be",33,"30499",34,"1ae3e",35,"6c00c",36,"8cd70",199,"a382c",37,"8da7b",38,"2d696",39,"0bafc",40,"6dbed",41,"d75c3",42,"7d749",43,"402ca",44,"bd73b",45,"1fa84",46,"5341a",47,"c1aba",48,"5542d",49,"7fca1",50,"9da83",51,"2b788",52,"77c3a",53,"700c5",54,"1c2e0",55,"0074e",56,"6159f",242,"838a8",57,"54781"]}}