{"paths":{"0":["Font/gold",3],"1":["audio/roll_number",7],"2":["audio/Stop_spin",7],"3":["Animate/suprewin/superwin_tex",3],"4":["audio/btn_touch",7],"5":["audio/Bet_rdc",7],"6":["Animate/lunpan/lunpan_tex",3],"7":["audio/Bg_nm",7],"8":["Animate/bigwin/Bigwin_tex",3],"9":["Animate/neideng/neideng_tex",3],"10":["Texture/bgbg",3],"11":["audio/superwin",7],"12":["audio/UIspin",7],"13":["Font/shuzi02_0",3],"14":["Animate/aotu/Aotu_tex",3],"15":["Animate/smailwin/money_tex",3],"16":["audio/But_spin",7],"17":["Animate/winwin/winwin_tex",3],"18":["audio/lights",7],"19":["Animate/waideng/waideng_tex",3],"20":["audio/Bet_pls",7],"21":["audio/bigwin_sound_w",7],"22":["audio/Bet_max",7],"23":["Texture/superspin",3],"24":["audio/lights_roll",7],"25":["audio/pointer_swing",7],"26":["audio/Sp_stop",7],"27":["audio/bigwin",7],"28":["audio/superwin_sound_w",7],"29":["audio/Win_nm",7],"30":["Texture/jb",3],"31":["Animate/free/Freespins_tex",3],"32":["Texture/LUCKY",3],"33":["Animate/free/Freespins_tex",1,1],"34":["Prefabs/winNode",5],"36":["Animate/winwin/winwin_ske",0],"39":["Prefabs/help",5],"40":["Font/gold",1,1],"42":["Animate/aotu/Aotu_tex",1,1],"43":["Animate/smailwin/money_tex",1,1],"44":["Texture/LUCKY",1,1],"45":["Animate/neideng/neideng_ske",0],"46":["Animate/lunpan/lunpan_ske",0],"47":["Texture/superspin",6],"48":["Animate/aotu/Aotu_ske",0],"50":["Animate/waideng/waideng_ske",0],"51":["Animate/aotu/Aotu_tex",2],"52":["Animate/winwin/winwin_tex",1,1],"53":["Animate/suprewin/superwin_ske",0],"54":["Animate/bigwin/Bigwin_ske",0],"55":["Animate/smailwin/money_tex",2],"56":["Texture/jb",1,1],"58":["Animate/bigwin/Bigwin_tex",1,1],"59":["Animate/free/Freespins_tex",2],"60":["Animate/lunpan/lunpan_tex",1,1],"61":["Font/gold",4],"62":["Animate/free/Freespins_ske",0],"63":["Animate/suprewin/superwin_tex",2],"64":["Animate/neideng/neideng_tex",2],"65":["Animate/neideng/neideng_tex",1,1],"66":["Animate/waideng/waideng_tex",1,1],"67":["Animate/lunpan/lunpan_tex",2],"68":["Animate/winwin/winwin_tex",2],"69":["Font/shuzi02_0",4],"70":["Animate/suprewin/superwin_tex",1,1],"71":["Animate/smailwin/money_ske",0],"73":["Font/shuzi02_0",1,1],"74":["Texture/bgbg",1,1],"75":["Animate/waideng/waideng_tex",2],"78":["Animate/bigwin/Bigwin_tex",2]},"types":["dragonBones.DragonBonesAsset","cc.SpriteFrame","dragonBones.DragonBonesAtlasAsset","cc.Texture2D","cc.BitmapFont","cc.Prefab","cc.SpriteAtlas","cc.AudioClip"],"uuids":["04uIcpwFhMSY9RrecTPMFB","0445VgUepIFbniuIagtZ+B","11Fgjvn7dI8YauM3CZWqLB","1aIuCfWIZOLr7enMvtF/2o","1cmOdK/ppCPJHJ9Oej4Xg+","249l0ZtgNPvqrlADCHsG/1","3fBLtdFbVHyLyF366ZahVb","40+df5hGVHvLAa/lr/NOzS","43B6l29BdMBqh6JOOzr1rk","4dLyXIrKxCbK1zzn8zuaQt","58sE5uMG1KhrpN713bIXqJ","76M5NS7LRDXJ5ue4MECcqC","78kU35pgFGLqn0V6aUhaql","81tPI/PxVBnqWaPQS+s03f","85kcDmcLpGQ5u4H8nkkpTl","88gzbgx6lF27dhCllX3ao+","98t94+oslB9JvwTaxtTqO7","9eQzcEJQVFLLIQlAStxukv","a7GXDTGQBLEpZAKM1dot8c","b1LNlw0HRMpaKo3Oc+VIcc","b81rXmaMxKBYIylFyUljYW","baa086rvBE/6OCZ3D2nZaT","c6ollPwxpHI7L92CBLOiCm","c8LN39UH9P9K8BR7BHiHsk","d0NY5bh1JBB5q+ulWQ8R1q","d9ZLQnrJxHvaqUaHCFb2nb","dcbGHF/nZMUK7SjQ2KVpyC","e4wFCjoStKQIe/DcVjAeyE","f6X04Hl4tD/I23GhrMKqgc","f6qC3mNlFPxb8LY+c8XlDr","f8fvNSYf9O9aeFcRufrsxk","fcCaOAhGNJxLin4IjNYJih","fco77HnKlLKKaObc8SX0j5","04HruxI2hL1bR2hbk6jVeH","0dW2SLaaRKUYkzT31r6O3y","1a159edee","1b+JszZwFNhaalEPfLfehD","1d5v0Gb1ZFIrYWawhLYFgh","21sto/yRVHw7i8bO83O3F2","222KU3qyROZ40vFK1a7D/P","2e9jaswFlG+YJ2v9OmCVeS","30ifunASRErbiFgk9qYb9i","3b4Dd0B+pD3Z5vb3bg82ym","4e2LNGuzVOXrgJZdAAhVjR","50XjPQcQlPP5pAum+dOjUX","50hQTEIChBaq74AbR0LN4X","54iS1BoNhBbosdQmB8NaAq","567TZfQV5PE5QGx+mdj2Cn","5aFJ9B9IBPX4rh/rrLBne2","5c2L/O3mRAsoNIaA1MLowG","5f8sCje6pB5YdiA5JTw7JP","6bOG9fL5ZI/5y//mVdb0pO","72yD1GSCpOc59n3Yud89Oz","73BpNadORG2oBRMYqaZ6gV","7fAsvclHJNF73xSJibTIHm","88fItaailCY6QWIYr4ii16","8dFqqkD69LxLDMKAIlf/FE","8dXfGycbZNR6u8V4DEpyot","92RTpDPtVCuLWdYxghXLRD","a1RH28lTBMcaOpXpFk+wkU","a4qiv91DpP/4HiJ8awm3xj","aaZqzRPEBBcqkMCKJFdSi1","aaraJ51hlAF7cfoMFWxQi9","abF1R+NIFEKpYG5ZDPtrC7","abhJ8is5NDmLQpUl2qVi+R","acik9gqHNNS5B99gXPp56R","b5WeHolz9Dv7Db0wE2rNHp","bbkVjPTkNI25NX+qebv9j2","bewoH6U1NMo6SfYQ3W2IwP","c1EEnGGdVK4r4rMfiv3k2K","c83RBYjpFG25ecqaeoMVDX","c8+ENjOztOX687TpitxXSe","ceW67okbJGbJxYwd4aEcCz","d0zmr8+sxLWLL6Os5vV+n2","dfdBik+KBB26mZSpOid/zM","ecpVvJ1WNELZWzegehOr90","ec350glzJHoIPZM98o4K/i","f7oGiAsDpMqoi8JbBdpXX0","fdKqInirtHEIwswEhVU38J","065qQC0DVGhpaAWQ4Ycamt","07cMK0sDFD7oHRs8jrjIi3","0eZMtPfzpOh6Row4fdC9Oc","16sbT8uTdKILOw6Y9pNYHG","18hEK0islDkbJJ9mZRJUhs","1bwvPT4G9IGqxngT8PQ1eC","1cEVrsDSNIEpZyh8ZyfJjM","1dXAaYT4hCAoL8HCKrVUpj","1evH/at8FLD4YPHna/YYRr","1fA6IMUX9EoJf/56Ko0fM+","1f9digCeBBPYVoY7TmUph5","21RjDZK8BOroekGXLBlT+/","215sdMS9JFA6pFz/Rb3dRO","27xysCH5dOjbXvit0E8lPT","28oreHLB9MmJFVf9JexlTd","29FYIk+N1GYaeWH/q1NxQO","2cM/IVqC1JKaDtQmvkMDvO","35BYiUu2BJQLQR3XoLHEj4","3fNAZ0gIdMtaVglRLz4hI4","3fre3dMtFHeqzcuKQRlY+2","45zcw8fYBNkpQ33B89aYKv","46p5CTkJROW7ybdAWKEqhr","4dneBsHfxNYaiJiDV8pS1C","4fZPVydMJJMKoXSPjOF4Ff","52umLsItBBYaWhE3xcluDM","56ecvjfPFEgLjlBK8LLf/B","5bgyULDCJHjo5SSBYy5cPD","5cqXC1KYNBi6a7hpL+b5Mw","65TaNl1WdBzYmQyE02vH0C","68nS1dF0RIj5KjgP6UYRC1","72QuhCZnZA8o6kVo9VicGZ","75QdABU+NLxbPzw5URqqWg","78lSQH995MXYQyNu2gd2NZ","79pyyaCYdFbIctMnjitSXe","8663na20FL+p0QDYkwngS6","8a8h15vR1KjoP4tCEfsfOL","8ex7aOBQ1OZ7QHRZEVwTmb","97IkcVfltCTIE6X4vZsQ3q","99KBq4qr1Moa2MRg+yW47Y","a2MjXRFdtLlYQ5ouAFv/+R","a9cNWqur9KXJor3fP63NMi","bcWm3MM8NNrKXwIvUbz9A1","bcbyUS/fxBEqYbwJCfO6WG","caQKP4jJ1MZp42e3R7sjRN","ccCrWZfSJGx7l7T3GQLa5l","d3H8p2Vn5HSIzcDvldtgPe","davRaCT8xGQKgWXKxEdOEQ","daweijBcpCJJ/TTsd0dXE2","dd87lr1vhMd4TqBhIZ/AgK","e6a8X01odGdYMqEuXCVEr2","e97GVMl6JHh5Ml5qEDdSGa","eaXdnWWupGsZy72/ujAcZj","ecpdLyjvZBwrvm+cedCcQy","f0BIwQ8D5Ml7nTNQbh1YlS","f8G7G4GgxJCIeG6GI7RYiU","ffDdntJ4NEc6teA7E9r42+"],"scenes":{"db://assets/FreeSpins/FreeSpinsScene.fire":49},"redirect":[94,0,118,1,129,0,130,1,131,2,132,0],"deps":["main","resources","internal"],"packs":{"01b02df73":[40,61],"0486a11ea":[82,85,87,101,47,113,121],"067e09b5e":[1,79,80,81,2,84,36,4,89,5,93,96,7,45,48,106,49,50,107,11,12,111,56,16,117,18,119,62,20,21,22,72,24,25,26,74,27,28,29,133,134],"0a0de37de":[0,35,3,37,38,41,6,8,9,10,13,14,15,57,17,19,23,76,77,30,31,32],"0ba661608":[34,53,54,71],"0ca61fe36":[86,88,91,92,95,97,98,99,100,103,104,110,112,114,115,116,120,125,126,128],"0de2a6b70":[69,73],"0fa54f736":[39,122]},"name":"FreeSpins","importBase":"import","nativeBase":"native","debug":false,"isZip":false,"encrypted":false,"versions":{"import":["01b02df73","cfea8",33,"45cd5","0486a11ea","3da40","067e09b5e","913dc","0a0de37de","facc4","0ba661608","e44a6","0ca61fe36","133fe","0de2a6b70","e39b5","0fa54f736","38e72",83,"3f57a",90,"9bc97",42,"00a57",43,"d4447",102,"a3e2a",44,"a2072",46,"ae30e",105,"7b7ca",108,"452a4",51,"f9a17",109,"c6650",52,"866e1",55,"d70b1",58,"7ce63",59,"7f6dd",60,"665bf",63,"86b8d",64,"396c7",65,"9d82d",66,"1fef9",67,"898fa",68,"a97bf",70,"43cfd",123,"68ac4",124,"3495e",127,"03104",75,"6753b",78,"fe128"],"native":[0,"90e1e",1,"f023c",2,"4f1d8",35,"7ffa5",3,"bf103",4,"3fe66",37,"cb1b7",38,"4d2cf",5,"77c3a",41,"96ca6",6,"507a2",7,"9ad00",8,"3c9a6",9,"7d94b",10,"b87fb",11,"46280",12,"7b240",13,"36d61",14,"c967f",15,"7d3f8",57,"3f7ac",16,"66491",17,"1ee67",18,"eb78b",19,"5ea7b",20,"54781",21,"7fca1",22,"90bf2",23,"d56d5",72,"2cf8f",24,"3d3e4",25,"d433a",26,"40f96",27,"0d124",76,"a8461",28,"b362f",29,"d130d",77,"838a8",30,"792c0",31,"813cf",32,"a8c00"]}}