[1,["b0aj+y4mlLu5TjHXsJsW1N"],["_texture"],[["dragonBones.DragonBonesAtlasAsset",["_name","_atlasJson"],1]],[[0,0,1,3]],[[0,"tongyonguang_tex","{\"width\":512,\"SubTexture\":[{\"width\":61,\"y\":1,\"height\":62,\"name\":\"jingku_guan/图层_8\",\"x\":134},{\"width\":65,\"y\":1,\"height\":66,\"name\":\"jingku_guan/图层_6\",\"x\":1},{\"width\":63,\"y\":1,\"height\":62,\"name\":\"jingku_guan/图层_11\",\"x\":327},{\"width\":62,\"y\":1,\"height\":65,\"name\":\"jingku_guan/图层_12\",\"x\":198},{\"width\":64,\"y\":1,\"height\":63,\"name\":\"jingku_guan/图层_4\",\"x\":68},{\"width\":66,\"y\":136,\"height\":63,\"name\":\"jingku_guan/图层_2\",\"x\":1},{\"width\":65,\"y\":69,\"height\":65,\"name\":\"jingku_guan/图层_15\",\"x\":1},{\"width\":63,\"y\":1,\"height\":63,\"name\":\"jingku_guan/图层_5\",\"x\":262},{\"width\":63,\"y\":66,\"height\":64,\"name\":\"jingku_guan/图层_1\",\"x\":133},{\"width\":63,\"y\":136,\"height\":64,\"name\":\"jingku_guan/图层_7\",\"x\":135},{\"width\":63,\"y\":1,\"height\":62,\"name\":\"jingku_guan/图层_10\",\"x\":392},{\"width\":63,\"y\":66,\"height\":64,\"name\":\"jingku_guan/图层_9\",\"x\":68},{\"width\":63,\"y\":68,\"height\":63,\"name\":\"jingku_guan/图层_16\",\"x\":198},{\"width\":64,\"y\":136,\"height\":64,\"name\":\"jingku_guan/图层_14\",\"x\":69},{\"width\":62,\"y\":133,\"height\":64,\"name\":\"jingku_guan/图层_13\",\"x\":200},{\"width\":63,\"y\":66,\"height\":62,\"name\":\"jingku_guan/图层_3\",\"x\":263}],\"imagePath\":\"tongyonguang_tex.png\",\"name\":\"tongyonguang\",\"height\":256}"]],0,0,[0],[0],[0]]