[1,["d74Q34MR9O87K0jadN4IuE"],["_texture"],[["dragonBones.DragonBonesAtlasAsset",["_name","_atlasJson"],1]],[[0,0,1,3]],[[0,"bar_tex","{\"width\":256,\"imagePath\":\"bar_tex.png\",\"height\":512,\"name\":\"bar\",\"SubTexture\":[{\"width\":163,\"y\":1,\"height\":158,\"name\":\"BAR01/图层_1\",\"x\":1},{\"width\":163,\"y\":161,\"height\":158,\"name\":\"图层1拷贝\",\"x\":1},{\"width\":30,\"y\":165,\"height\":35,\"name\":\"BAR01/图层_12\",\"x\":166},{\"width\":36,\"y\":135,\"height\":33,\"name\":\"BAR01/图层_13\",\"x\":201},{\"width\":33,\"y\":126,\"height\":37,\"name\":\"BAR01/图层_5\",\"x\":166},{\"width\":30,\"y\":92,\"height\":41,\"name\":\"BAR01/图层_11\",\"x\":204},{\"width\":36,\"y\":86,\"height\":38,\"name\":\"BAR01/图层_10\",\"x\":166},{\"width\":36,\"y\":45,\"height\":39,\"name\":\"BAR01/图层_3\",\"x\":166},{\"width\":32,\"y\":43,\"height\":47,\"name\":\"BAR01/图层_8\",\"x\":207},{\"width\":40,\"y\":1,\"height\":40,\"name\":\"BAR01/图层_7\",\"x\":207},{\"width\":39,\"y\":1,\"height\":42,\"name\":\"BAR01/图层_9\",\"x\":166}]}"]],0,0,[0],[0],[0]]