[1,["ecpdLyjvZBwrvm+cedCcQy","a2MjXRFdtLlYQ5ouAFv/+R","02gb3T0mhHpZ6Pp4fRrKan","badN1P2PtEA4fJd9KadG6a","49lVgOiexHXItd6xX1amhS","998a16uVRFQZ+jx4wFJIt+","e7SwwejLlBaZhzUOqBR3im","2cX3F6lHxKqbSa1x8HXTr4","84iScrhVRPr4CoVio+Qj6I"],["node","_spriteFrame","_N$file","root","data","_parent","_file","_N$dragonAsset","_N$dragonAtlasAsset"],[["cc.Node",["_name","_active","_opacity","_prefab","_components","_parent","_children","_contentSize","_trs","_color"],0,4,9,1,2,5,7,5],["cc.Widget",["_alignFlags","_originalWidth","_originalHeight","node"],0,1],["cc.PrefabInfo",["fileId","root"],2,1],["cc.Sprite",["_sizeMode","node","_materials","_spriteFrame"],2,1,3,6],["cc.Label",["_fontSize","_isSystemFontUsed","_N$horizontalAlign","_N$verticalAlign","_string","_spacingX","node","_materials","_N$file"],-3,1,3,6],["dragonBones.DragonBonesAsset",["_name","_dragonBonesJson"],1],["cc.Prefab",["_name"],2],["cc.BlockInputEvents",["node"],3,1],["cc.Button",["zoomScale","_N$transition","node"],1,1],["cc.ParticleSystem",["_custom","playOnLoad","totalParticles","duration","emissionRate","life","lifeVar","angleVar","startSize","startSizeVar","endSize","startSpinVar","endSpin","_positionType","speed","speedVar","tangentialAccel","tangentialAccelVar","radialAccel","node","_materials","_startColor","_startColorVar","_endColor","_endColorVar","gravity","_file","_spriteFrame"],-16,1,3,8,8,8,8,5,6,6],["dragonBones.ArmatureDisplay",["_armatureName","_animationName","_preCacheMode","playTimes","_armatureKey","node","_materials","_N$dragonAsset","_N$dragonAtlasAsset"],-2,1,3,6,6]],[[2,0,1,2],[0,0,5,4,3,7,8,2],[5,0,1,3],[6,0,2],[0,0,1,6,4,3,7,8,3],[0,0,2,5,4,3,9,7,3],[0,0,5,6,3,8,2],[0,0,6,4,3,7,8,2],[0,0,5,6,3,2],[0,0,5,4,3,2],[1,0,3,2],[1,0,1,2,3,4],[2,1,1],[3,0,1,2,3,2],[3,1,2,3,1],[7,0,1],[8,0,1,2,3],[9,0,1,2,3,4,5,6,7,8,9,10,11,12,13,14,15,16,17,18,19,20,21,22,23,24,25,26,27,20],[10,0,1,2,3,4,5,6,7,8,6],[4,4,0,1,2,3,6,7,8,6],[4,0,1,5,2,3,6,7,8,6]],[[[[2,"jp_ske","{\"frameRate\":24,\"isGlobal\":0,\"armature\":[{\"ik\":[],\"type\":\"Armature\",\"frameRate\":24,\"skin\":[{\"name\":\"\",\"slot\":[{\"display\":[{\"path\":\"jp/qiu\",\"type\":\"image\",\"name\":\"jp/qiu\",\"transform\":{\"y\":-8.4,\"x\":-128.55}}],\"name\":\"qiu\"},{\"display\":[{\"path\":\"jp/youwin\",\"type\":\"image\",\"name\":\"jp/youwin\",\"transform\":{\"skX\":90,\"y\":-33.7599,\"skY\":90,\"x\":2.4}}],\"name\":\"youwin\"},{\"display\":[{\"path\":\"jp/srk\",\"type\":\"image\",\"name\":\"jp/srk\",\"transform\":{\"skX\":90.8932,\"y\":1.3651,\"skY\":90.8932,\"x\":55.4855}}],\"name\":\"srk\"},{\"display\":[{\"path\":\"jp/jp\",\"type\":\"image\",\"name\":\"jp/jp\",\"transform\":{\"skX\":90,\"y\":16.922,\"skY\":90,\"x\":-1.9645}}],\"name\":\"jp\"},{\"display\":[{\"path\":\"jp/bg\",\"type\":\"image\",\"name\":\"jp/bg\",\"transform\":{\"skX\":90,\"y\":13.3806,\"skY\":90,\"x\":233.7041}}],\"name\":\"bg\"},{\"display\":[{\"path\":\"jp/b1\",\"type\":\"image\",\"name\":\"jp/b1\",\"transform\":{\"skX\":47.8397,\"y\":8.1427,\"skY\":47.8397,\"x\":69.0448}}],\"name\":\"b1\"},{\"display\":[{\"path\":\"jp/b2\",\"type\":\"image\",\"name\":\"jp/b2\",\"transform\":{\"skX\":128.5399,\"y\":-9.013,\"skY\":128.5399,\"x\":59.3988}}],\"name\":\"b2\"},{\"display\":[{\"path\":\"jp/ttq_\",\"type\":\"image\",\"name\":\"jp/ttq_\",\"transform\":{\"skX\":106.7765,\"y\":0.0287,\"skY\":106.7765,\"x\":1.2181}}],\"name\":\"ttq_\"},{\"display\":[{\"path\":\"jp/g1\",\"type\":\"image\",\"name\":\"jp/g1\",\"transform\":{\"skX\":87.4621,\"y\":-0.8764,\"skY\":87.4621,\"scX\":0.55,\"scY\":0.55,\"x\":9.0177}}],\"name\":\"g1\"},{\"display\":[{\"path\":\"jp/g\",\"type\":\"image\",\"name\":\"jp/g\",\"transform\":{\"skX\":90,\"skY\":90,\"x\":-2.5}}],\"name\":\"g\"}]}],\"animation\":[{\"frame\":[],\"playTimes\":0,\"ffd\":[],\"duration\":60,\"slot\":[{\"frame\":[{\"tweenEasing\":null,\"displayIndex\":-1,\"duration\":15},{\"tweenEasing\":null,\"displayIndex\":-1,\"duration\":1},{\"tweenEasing\":0,\"color\":{\"aM\":0},\"duration\":6},{\"tweenEasing\":0,\"duration\":32},{\"tweenEasing\":0,\"color\":{\"aM\":65},\"duration\":6},{\"tweenEasing\":null,\"color\":{\"aM\":0},\"duration\":0}],\"name\":\"g\"},{\"frame\":[{\"tweenEasing\":null,\"displayIndex\":-1,\"duration\":16},{\"tweenEasing\":0,\"duration\":14},{\"tweenEasing\":0,\"color\":{\"aM\":46},\"duration\":12},{\"tweenEasing\":0,\"duration\":16},{\"tweenEasing\":null,\"color\":{\"aM\":0},\"duration\":2}],\"name\":\"g1\"},{\"frame\":[{\"tweenEasing\":null,\"displayIndex\":-1,\"duration\":8},{\"tweenEasing\":null,\"duration\":52}],\"name\":\"jp\"},{\"frame\":[{\"tweenEasing\":null,\"displayIndex\":-1,\"duration\":14},{\"tweenEasing\":null,\"duration\":46}],\"name\":\"youwin\"}],\"ik\":[],\"bone\":[{\"frame\":[{\"transform\":{},\"duration\":60}],\"name\":\"root\"},{\"frame\":[{\"tweenEasing\":0,\"transform\":{\"scX\":0.01,\"scY\":0.01},\"duration\":4},{\"tweenEasing\":0,\"transform\":{\"scY\":0.01},\"duration\":4},{\"tweenEasing\":0,\"transform\":{},\"duration\":2},{\"tweenEasing\":0,\"transform\":{\"scY\":1.15},\"duration\":2},{\"tweenEasing\":0,\"transform\":{\"scY\":0.9},\"duration\":2},{\"transform\":{},\"duration\":46}],\"name\":\"srk\"},{\"frame\":[{\"transform\":{},\"duration\":14},{\"tweenEasing\":0,\"transform\":{},\"duration\":8},{\"tweenEasing\":0,\"transform\":{\"scX\":1.1,\"scY\":1.1},\"duration\":8},{\"transform\":{},\"duration\":30}],\"name\":\"youwin\"},{\"frame\":[{\"transform\":{},\"duration\":6},{\"tweenEasing\":0,\"transform\":{\"scX\":0.01,\"scY\":0.01},\"duration\":2},{\"curve\":[0.5,0,0.27073170731707313,1.4518072289156627],\"transform\":{\"y\":-256.9955},\"duration\":6},{\"tweenEasing\":0,\"transform\":{},\"duration\":1},{\"tweenEasing\":0,\"transform\":{\"y\":-10.9955},\"duration\":1},{\"transform\":{\"y\":-5.9955},\"duration\":44}],\"name\":\"jp\"},{\"frame\":[{\"tweenEasing\":0,\"transform\":{\"y\":-813.3479,\"scX\":0.01,\"scY\":0.01},\"duration\":4},{\"tweenEasing\":0,\"transform\":{},\"duration\":1},{\"tweenEasing\":0,\"transform\":{\"scY\":1.05},\"duration\":1},{\"transform\":{},\"duration\":54}],\"name\":\"bg\"},{\"frame\":[{\"transform\":{},\"duration\":20},{\"tweenEasing\":0,\"transform\":{},\"duration\":8},{\"tweenEasing\":0,\"transform\":{\"skX\":12.9997,\"skY\":12.9997},\"duration\":8},{\"transform\":{},\"duration\":24}],\"name\":\"b1\"},{\"frame\":[{\"transform\":{},\"duration\":16},{\"tweenEasing\":0,\"transform\":{},\"duration\":8},{\"tweenEasing\":0,\"transform\":{\"skX\":-12.0001,\"skY\":-12.0001},\"duration\":8},{\"transform\":{},\"duration\":28}],\"name\":\"b2\"},{\"frame\":[{\"transform\":{},\"duration\":24},{\"tweenEasing\":0,\"transform\":{},\"duration\":6},{\"tweenEasing\":0,\"transform\":{\"x\":7.0046},\"duration\":4},{\"tweenEasing\":0,\"transform\":{},\"duration\":2},{\"tweenEasing\":0,\"transform\":{\"x\":7.0046},\"duration\":2},{\"transform\":{},\"duration\":22}],\"name\":\"ttq_\"},{\"frame\":[{\"transform\":{},\"duration\":60}],\"name\":\"qiu\"},{\"frame\":[{\"transform\":{},\"duration\":16},{\"tweenEasing\":0,\"transform\":{\"skX\":5.0021,\"skY\":5.0021,\"scX\":0.8571,\"scY\":0.8571},\"duration\":14},{\"tweenEasing\":0,\"transform\":{\"skX\":26.6687,\"skY\":26.6687,\"scX\":1.5905,\"scY\":1.5905},\"duration\":12},{\"tweenEasing\":0,\"transform\":{\"skX\":45.2402,\"skY\":45.2402,\"scX\":1.619,\"scY\":1.619},\"duration\":16},{\"transform\":{\"skX\":70.0021,\"skY\":70.0021,\"scX\":0.9048,\"scY\":0.9048},\"duration\":2}],\"name\":\"g1\"},{\"frame\":[{\"transform\":{},\"duration\":16},{\"tweenEasing\":0,\"transform\":{\"skX\":-63,\"skY\":-63},\"duration\":44},{\"transform\":{\"skX\":259,\"skY\":259},\"duration\":0}],\"name\":\"g\"}],\"name\":\"newAnimation\"}],\"defaultActions\":[{\"gotoAndPlay\":\"newAnimation\"}],\"bone\":[{\"name\":\"root\",\"transform\":{}},{\"length\":27,\"transform\":{\"skX\":-90,\"skY\":-90},\"parent\":\"root\",\"name\":\"g\"},{\"length\":24,\"transform\":{\"skX\":-90,\"y\":12.9,\"skY\":-90,\"x\":44.0331},\"parent\":\"root\",\"name\":\"youwin\"},{\"length\":39,\"transform\":{\"skX\":-90,\"y\":-66.9645,\"skY\":-90,\"x\":2.8762},\"parent\":\"root\",\"name\":\"jp\"},{\"length\":68,\"transform\":{\"skX\":-90,\"y\":297.95,\"skY\":-90},\"parent\":\"root\",\"name\":\"bg\"},{\"length\":44,\"transform\":{\"skX\":-90.8932,\"y\":181,\"skY\":-90.8932},\"parent\":\"root\",\"name\":\"srk\"},{\"length\":46,\"transform\":{\"skX\":-87.4621,\"skY\":-87.4621,\"scX\":1.05,\"scY\":1.05},\"parent\":\"root\",\"name\":\"g1\"},{\"length\":89,\"transform\":{\"skX\":-38.5399,\"y\":-186.4413,\"skY\":-38.5399,\"x\":368.6054},\"parent\":\"bg\",\"name\":\"b2\"},{\"transform\":{\"skX\":90,\"y\":104.05,\"skY\":90,\"x\":419.05},\"name\":\"qiu\",\"parent\":\"bg\"},{\"length\":28,\"transform\":{\"skX\":-16.7765,\"y\":-95.6759,\"skY\":-16.7765,\"x\":445.7754},\"parent\":\"bg\",\"name\":\"ttq_\"},{\"length\":57,\"transform\":{\"skX\":42.1603,\"y\":173.6206,\"skY\":42.1603,\"x\":329.7346},\"parent\":\"bg\",\"name\":\"b1\"}],\"aabb\":{\"width\":694,\"y\":-349.5,\"height\":699,\"x\":-347},\"name\":\"Armature\",\"slot\":[{\"name\":\"g\",\"parent\":\"g\",\"color\":{}},{\"z\":1,\"name\":\"g1\",\"parent\":\"g1\",\"color\":{}},{\"z\":2,\"name\":\"bg\",\"parent\":\"bg\",\"color\":{}},{\"z\":3,\"name\":\"ttq_\",\"parent\":\"ttq_\",\"color\":{}},{\"z\":4,\"name\":\"b2\",\"parent\":\"b2\",\"color\":{}},{\"z\":5,\"name\":\"b1\",\"parent\":\"b1\",\"color\":{}},{\"z\":6,\"name\":\"jp\",\"parent\":\"jp\",\"color\":{}},{\"z\":7,\"name\":\"qiu\",\"parent\":\"qiu\",\"color\":{}},{\"z\":8,\"name\":\"srk\",\"parent\":\"srk\",\"color\":{}},{\"z\":9,\"name\":\"youwin\",\"parent\":\"youwin\",\"color\":{}}]}],\"name\":\"jp\",\"version\":\"5.0\"}"]],0,0,[],[],[]],[[[3,"jackpotNode"],[4,"jackpotNode",false,[-3,-4],[[10,45,-2]],[12,-1],[5,1520,720],[760,360,0,0,0,0,1,1,1,1]],[5,"bg",146,1,[[13,0,-5,[0],1],[11,45,100,100,-6],[15,-7]],[0,"b97DKNeNZDYKzSN3v5KGrU",1],[4,4278190080],[5,1520,720]],[6,"node",1,[-8,-9,-10],[0,"fcWemAL/FJPZ0+WjpYvxX/",1],[0,-8.536,0,0,0,0,1,1,1,1]],[7,"WinCloseBtn",[-13],[[14,-11,[10],11],[16,1.1,3,-12]],[0,"e9O8Eq0Q5PXYi2euoYEL75",1],[5,226,74],[21.597,-202.43,0,0,0,0,1,1,1,0]],[8,"winConten",3,[4,-14],[0,"c71FSc8DRNi5WWfZcc+kOX",1]],[9,"particle",3,[[17,true,false,55,25,22,2,0.25,60,56,30,-1,720,360,1,540,20,12,12,6,-15,[2],[4,4294967295],[4,0],[4,4294967295],[4,0],[0,2,-550],3,4]],[0,"beqUiRej1G5ohrmB8HwWv8",1]],[1,"win",3,[[18,"Armature","newAnimation",0,1,"4995580e-89ec-475c-8b5d-eb15f56a6852#99f1ad7a-b954-4541-9fa3-c78c05248b7e",-16,[5],6,7]],[0,"5aJvo6KDlNfZVccaoI+lXh",1],[5,694,699],[0,40.278,0,0,0,0,1,1,1,1]],[1,"WinTimeLabel",4,[[19,"10",28,false,1,1,-17,[8],9]],[0,"34Dwllg0dOYqYpaNCn95VP",1],[5,33.25,40],[57.197,25.608,0,0,0,0,1,1,1,1]],[1,"WinLabel",5,[[20,32,false,-40,1,1,-18,[12],13]],[0,"65HyhxvEpLDa9T3lZbJRlA",1],[5,125,40],[6.556,-31.419,0,0,0,0,1,1,1,1]]],0,[0,3,1,0,0,1,0,-1,2,0,-2,3,0,0,2,0,0,2,0,0,2,0,-1,6,0,-2,7,0,-3,5,0,0,4,0,0,4,0,-1,8,0,-2,9,0,0,6,0,0,7,0,0,8,0,0,9,0,4,1,4,5,5,18],[0,0,0,0,0,0,0,0,0,0,0,0,0,0],[-1,1,-1,6,1,-1,7,8,-1,2,-1,1,-1,2],[0,1,0,2,3,0,4,5,0,6,0,7,0,8]]]]