[1,["ecpdLyjvZBwrvm+cedCcQy","1b2797c71","96duMsDnlIm7Vod+dL1LDj","c2LiIdfwFORpjRvROJxbTC","31BbeMnSRC25c+obN1Ij1A","e6XKUBjNZDoLFC3UmxzT0n","6aLrw8lTVKzoCIos7ss1LU","2faBEzJKtOm4/SOovnSPzv","28aetuZZBD05vRTm2xKluz","21FpjfKOFEmpjsV1eZCwMc","d7Mn4mvX9IWaVoQXjCcp1A","21E6tQDYpNnIwCA+EvmscS","26eebFPONB5ouZ7+WK9Oue","38KZbKcQ1CZIthee9+bfTw","5fVZh6UedKD6x4pFkH+uWd","502wS0nplKm4byJNv/WSc6","dfhCz/kKdPfIvXaKEAmfM5","50n8cZlhlACr+606I5gL1y","2bSdbjo8NMMpJhZceMVrr2","26mg4LvWlKw6V2QGTcIVRa","5dBAcL41NPR7TkqtGAPJzc","36PsEmEH5C8rqi+2H/YE5O","f9Xl4x1wJF0puA3XrA7mtx","2e29SSiA9EhJFQ2T8pQKIl","ccGGNKI6dEWo43qSiYirUU","3fhSspBC9AfJDsZdAsfjNR","f0CAXi+gxLvbDc/cnkpRqX","a1oGu9ttBMXLSIl85vmI/O","66/v8BpCFOEIy5iycMiNvO","0cuqMw5j1H55r6Cz+c7lwM","32/NF2fDVK/LNlgYBfnPWX","aanQfKHsVJc7raTkzMzZGj","38rkp+TK1L75fFkdNqbpqS","81MBTpvkZGYYsDJL0Y+Wql","30s8l2G5hJT4W1It4FREIt","74C3XaIklN66rFqZ7NUJlF","53W71mi/JPcoBAQ8extf3C","80MX/6smBLcKtCM8rP0D8T","8fcAqBWw9HBpTJ1zivsWk2","44oTc5f01Mf4Y3PshRMBA4"],["node","_spriteFrame","_textureSetter","_defaultClip","_N$dragonAsset","_N$dragonAtlasAsset","root","rightAnimate","data"],["cc.SpriteFrame",["cc.Node",["_name","_active","_opacity","_prefab","_parent","_components","_contentSize","_trs","_children"],0,4,1,9,5,7,2],["cc.Sprite",["_sizeMode","_dstBlendFactor","node","_materials","_spriteFrame"],1,1,3,6],["cc.Node",["_name","_active","_parent","_components","_prefab","_children","_trs","_contentSize"],1,1,2,4,2,7,5],["cc.PrefabInfo",["fileId","root"],2,1],["cc.Animation",["playOnLoad","node","_clips","_defaultClip"],2,1,3,6],["cc.AnimationClip",["_name","_duration","wrapMode","curveData"],0,11],["dragonBones.DragonBonesAsset",["_name","_dragonBonesJson"],1],["cc.Prefab",["_name"],2],["bc468UTSlxPl7IdvYCtIVw6",["node","elementAnimate","elementNode","elementDragoneAnim","rightAnimate"],3,1,12,2,12,1],["cc.Animation",["node","_clips"],3,1,12],["dragonBones.ArmatureDisplay",["_armatureName","_animationName","_preCacheMode","_armatureKey","node","_materials"],-1,1,3]],[[4,0,1,2],[1,0,4,5,3,6,2],[2,2,3,4,1],[1,0,4,5,3,6,7,2],[6,0,1,2,3,4],[2,1,2,3,4,2],[7,0,1,3],[3,0,1,2,3,4,7,6,3],[11,0,1,2,3,4,5,5],[1,0,1,4,8,3,7,3],[2,0,2,3,4,2],[1,0,1,4,8,3,3],[1,0,4,8,5,3,7,2],[5,0,1,2,3,2],[5,1,2,1],[1,0,1,4,5,3,6,7,3],[3,0,1,2,5,3,4,6,3],[3,0,1,2,5,3,4,3],[2,2,3,1],[8,0,2],[1,0,8,5,3,6,7,2],[1,0,4,8,5,3,6,7,2],[1,0,1,4,5,3,6,3],[1,0,2,4,5,3,6,7,3],[9,0,1,2,3,4,1],[4,1,1],[10,0,1,1]],[[[[4,"10",1,2,[{},"paths",11,[{},"poker_101",11,[{},"props",11,[{"position":[{"frame":0,"value":[0,0,0]},{"frame":0.25,"value":[0,18,0]},{"frame":0.5833333333333334,"value":[0,18,0]},{"frame":1,"value":[0,0,0]}],"opacity":[{"frame":0.25,"value":0},{"frame":0.5,"value":150},{"frame":1,"value":0}]},"scale",12,[[[{"frame":0},"value",8,[0,1,1]],[{"frame":0.25},"value",8,[0,1.25,1.25]],[{"frame":0.3},"value",8,[0,1.15,1.15]],[{"frame":0.5833333333333334},"value",8,[0,1.15,1.15]],[{"frame":1},"value",8,[0,1,1]]],11,11,11,11,11]]],"poker_10",11,[{},"props",11,[{"position":[{"frame":0,"value":[0,0,0]},{"frame":0.3,"value":[0,18,0]},{"frame":0.5833333333333334,"value":[0,18,0]},{"frame":1,"value":[0,0,0]}],"opacity":[]},"scale",12,[[[{"frame":0},"value",8,[0,1,1]],[{"frame":0.25},"value",8,[0,1.25,1.25]],[{"frame":0.3},"value",8,[0,1.15,1.15]],[{"frame":0.5833333333333334},"value",8,[0,1.15,1.15]],[{"frame":1},"value",8,[0,1,1]]],11,11,11,11,11]]]]]]],0,0,[],[],[]],[[{"name":"yuansu_014","rect":[260,891,75,52],"offset":[0,0],"originalSize":[75,52],"rotated":1,"capInsets":[0,0,0,0]}],[0],0,[0],[2],[1]],[[[4,"A1",1,2,[{},"paths",11,[{},"poker_a1",11,[{},"props",11,[{"position":[{"frame":0,"value":[0,0,0]},{"frame":0.25,"value":[0,18,0]},{"frame":0.5833333333333334,"value":[0,18,0]},{"frame":1,"value":[0,0,0]}],"opacity":[]},"scale",12,[[[{"frame":0},"value",8,[0,1,1]],[{"frame":0.25},"value",8,[0,1.25,1.25]],[{"frame":0.3},"value",8,[0,1.15,1.15]],[{"frame":0.5},"value",8,[0,1.15,1.15]],[{"frame":0.5833333333333334},"value",8,[0,1.15,1.15]],[{"frame":0.7333333333333333},"value",8,[0,1,1]],[{"frame":1},"value",8,[0,1,1]]],11,11,11,11,11,11,11]]],"poker_a",11,[{},"props",11,[{"position":[{"frame":0,"value":[0,0,0]},{"frame":0.25,"value":[0,18,0]},{"frame":0.5833333333333334,"value":[0,18,0]},{"frame":1,"value":[0,0,0]}],"opacity":[{"frame":0.25,"value":0},{"frame":0.5,"value":150},{"frame":1,"value":0}]},"scale",12,[[[{"frame":0},"value",8,[0,1,1]],[{"frame":0.25},"value",8,[0,1.25,1.25]],[{"frame":0.3},"value",8,[0,1.15,1.15]],[{"frame":0.5833333333333334},"value",8,[0,1.15,1.15]],[{"frame":1},"value",8,[0,1,1]]],11,11,11,11,11]]]]]]],0,0,[],[],[]],[[[4,"4",1,2,[{},"paths",11,[{},"yuansu_0151",11,[{},"props",11,[{"opacity":[{"frame":0.25,"value":0},{"frame":0.5,"value":150},{"frame":1,"value":0}]},"scale",12,[[[{"frame":0},"value",8,[0,1,1]],[{"frame":0.25},"value",8,[0,1.25,1.25]],[{"frame":0.3},"value",8,[0,1.15,1.15]],[{"frame":0.5833333333333334},"value",8,[0,1.15,1.15]],[{"frame":1},"value",8,[0,1,1]]],11,11,11,11,11]]],"yuansu_015",11,[{},"props",11,[{"opacity":[]},"scale",12,[[[{"frame":0},"value",8,[0,1,1]],[{"frame":0.25},"value",8,[0,1.25,1.25]],[{"frame":0.3},"value",8,[0,1.15,1.15]],[{"frame":0.5833333333333334},"value",8,[0,1.15,1.15]],[{"frame":1},"value",8,[0,1,1]]],11,11,11,11,11]]]]]]],0,0,[],[],[]],[[{"name":"yuansu_013","rect":[252,61,76,51],"offset":[0,0],"originalSize":[76,51],"capInsets":[0,0,0,0]}],[0],0,[0],[2],[1]],[[[4,"3",1,2,[{"props":{"scale":[],"opacity":[{"frame":0,"value":255}]}},"paths",11,[{},"yuansu_0141",11,[{},"props",11,[{"opacity":[{"frame":0.25,"value":0},{"frame":0.5,"value":150},{"frame":1,"value":0}]},"scale",12,[[[{"frame":0},"value",8,[0,1,1]],[{"frame":0.25},"value",8,[0,1.25,1.25]],[{"frame":0.3},"value",8,[0,1.15,1.15]],[{"frame":0.5833333333333334},"value",8,[0,1.15,1.15]],[{"frame":1},"value",8,[0,1,1]]],11,11,11,11,11]]],"yuansu_014",11,[{},"props",11,[{"opacity":[{"frame":0,"value":255}]},"scale",12,[[[{"frame":0},"value",8,[0,1,1]],[{"frame":0.25},"value",8,[0,1.25,1.25]],[{"frame":0.3},"value",8,[0,1.15,1.15]],[{"frame":0.5833333333333334},"value",8,[0,1.15,1.15]],[{"frame":1},"value",8,[0,1,1]]],11,11,11,11,11]]]]]]],0,0,[],[],[]],[[{"name":"img_coroa","rect":[149,564,140,137],"offset":[0,0],"originalSize":[140,137],"capInsets":[0,0,0,0]}],[0],0,[0],[2],[1]],[[{"name":"yuansu_012","rect":[260,834,66,51],"offset":[0,0],"originalSize":[66,51],"capInsets":[0,0,0,0]}],[0],0,[0],[2],[1]],[[[6,"maisui_ske","{\"armature\":[{\"aabb\":{\"width\":0,\"y\":0,\"height\":0,\"x\":0},\"ik\":[],\"skin\":[],\"type\":\"Armature\",\"frameRate\":24,\"animation\":[],\"bone\":[{\"name\":\"root\",\"transform\":{}}],\"defaultActions\":[{\"gotoAndPlay\":\"\"}],\"slot\":[],\"name\":\"Armature\"},{\"aabb\":{\"width\":140,\"y\":-70,\"height\":140,\"x\":-70},\"ik\":[],\"skin\":[{\"name\":\"\",\"slot\":[{\"display\":[{\"path\":\"maisui\",\"type\":\"image\",\"name\":\"maisui\",\"transform\":{}}],\"blendMode\":\"add\",\"name\":\"maisui1\"},{\"display\":[{\"path\":\"maisui\",\"type\":\"image\",\"name\":\"maisui\",\"transform\":{}}],\"name\":\"maisui2\"},{\"display\":[{\"path\":\"lankuang\",\"type\":\"image\",\"name\":\"lankuang\",\"transform\":{}}],\"name\":\"kuang\"}]}],\"type\":\"Armature\",\"frameRate\":24,\"animation\":[{\"bone\":[{\"frame\":[{\"duration\":20,\"transform\":{}}],\"name\":\"root\"},{\"frame\":[{\"tweenEasing\":0,\"duration\":3,\"transform\":{}},{\"tweenEasing\":0,\"duration\":4,\"transform\":{\"scX\":1.1,\"scY\":1.1}},{\"tweenEasing\":0,\"duration\":4,\"transform\":{\"skY\":-15,\"scX\":1.1,\"scY\":1.1,\"skX\":-15}},{\"tweenEasing\":0,\"duration\":6,\"transform\":{\"scX\":1.1,\"scY\":1.1}},{\"tweenEasing\":0,\"duration\":3,\"transform\":{\"skY\":-15,\"scX\":1.1,\"scY\":1.1,\"skX\":-15}},{\"duration\":0,\"transform\":{}}],\"name\":\"bone\"}],\"ffd\":[],\"duration\":20,\"playTimes\":0,\"frame\":[],\"slot\":[{\"frame\":[{\"tweenEasing\":0,\"duration\":3,\"color\":{\"aM\":0}},{\"tweenEasing\":0,\"duration\":4,\"color\":{\"aM\":0}},{\"tweenEasing\":0,\"duration\":4},{\"tweenEasing\":0,\"duration\":6,\"color\":{\"aM\":0}},{\"tweenEasing\":0,\"duration\":3},{\"tweenEasing\":null,\"duration\":0,\"color\":{\"aM\":0}}],\"name\":\"maisui1\"}],\"ik\":[],\"name\":\"newAnimation\"}],\"bone\":[{\"name\":\"root\",\"transform\":{}},{\"transform\":{},\"name\":\"bone\",\"parent\":\"root\"}],\"defaultActions\":[{\"gotoAndPlay\":\"newAnimation\"}],\"slot\":[{\"name\":\"kuang\",\"parent\":\"root\",\"color\":{}},{\"z\":1,\"name\":\"maisui2\",\"parent\":\"bone\",\"color\":{}},{\"blendMode\":\"add\",\"z\":2,\"parent\":\"bone\",\"name\":\"maisui1\",\"color\":{}}],\"name\":\"Armatureshenbei\"}],\"frameRate\":24,\"name\":\"maisui\",\"version\":\"5.0\",\"isGlobal\":0}"]],0,0,[],[],[]],[[{"name":"j","rect":[236,118,90,140],"offset":[0,0],"originalSize":[90,140],"capInsets":[0,0,0,0]}],[0],0,[0],[2],[1]],[[[6,"kuijia_ske","{\"armature\":[{\"aabb\":{\"width\":0,\"y\":0,\"height\":0,\"x\":0},\"ik\":[],\"skin\":[],\"type\":\"Armature\",\"frameRate\":24,\"animation\":[],\"bone\":[{\"name\":\"root\",\"transform\":{}}],\"defaultActions\":[{\"gotoAndPlay\":\"\"}],\"slot\":[],\"name\":\"Armature\"},{\"aabb\":{\"width\":140,\"y\":-70,\"height\":140,\"x\":-70},\"ik\":[],\"skin\":[{\"name\":\"\",\"slot\":[{\"display\":[{\"path\":\"kuijia\",\"type\":\"image\",\"name\":\"kuijia\",\"transform\":{}}],\"blendMode\":\"add\",\"name\":\"kuijia1\"},{\"display\":[{\"path\":\"lvkuang\",\"type\":\"image\",\"name\":\"lvkuang\",\"transform\":{}}],\"name\":\"lvkuang\"},{\"display\":[{\"path\":\"kuijia\",\"type\":\"image\",\"name\":\"kuijia\",\"transform\":{}}],\"name\":\"kuijia2\"}]}],\"type\":\"Armature\",\"frameRate\":24,\"animation\":[{\"bone\":[{\"frame\":[{\"duration\":24,\"transform\":{}}],\"name\":\"root\"},{\"frame\":[{\"tweenEasing\":0,\"duration\":4,\"transform\":{}},{\"tweenEasing\":0,\"duration\":4,\"transform\":{\"scX\":1.1,\"scY\":1.1}},{\"tweenEasing\":0,\"duration\":5,\"transform\":{\"skY\":-15,\"scX\":1.1,\"scY\":1.1,\"skX\":-15}},{\"tweenEasing\":0,\"duration\":7,\"transform\":{\"scX\":1.1,\"scY\":1.1}},{\"tweenEasing\":0,\"duration\":4,\"transform\":{\"skY\":-15,\"scX\":1.1,\"scY\":1.1,\"skX\":-15}},{\"duration\":0,\"transform\":{}}],\"name\":\"bone\"}],\"ffd\":[],\"duration\":24,\"playTimes\":0,\"frame\":[],\"slot\":[{\"frame\":[{\"tweenEasing\":0,\"duration\":4,\"color\":{\"aM\":0}},{\"tweenEasing\":0,\"duration\":4,\"color\":{\"aM\":0}},{\"tweenEasing\":0,\"duration\":5},{\"tweenEasing\":0,\"duration\":7,\"color\":{\"aM\":0}},{\"tweenEasing\":0,\"duration\":4},{\"tweenEasing\":null,\"duration\":0,\"color\":{\"aM\":0}}],\"name\":\"kuijia1\"}],\"ik\":[],\"name\":\"newAnimation\"}],\"bone\":[{\"name\":\"root\",\"transform\":{}},{\"transform\":{},\"name\":\"bone\",\"parent\":\"root\"}],\"defaultActions\":[{\"gotoAndPlay\":\"newAnimation\"}],\"slot\":[{\"name\":\"lvkuang\",\"parent\":\"root\",\"color\":{}},{\"z\":1,\"name\":\"kuijia2\",\"parent\":\"bone\",\"color\":{}},{\"blendMode\":\"add\",\"z\":2,\"parent\":\"bone\",\"name\":\"kuijia1\",\"color\":{}}],\"name\":\"Armatureshenbei\"}],\"frameRate\":24,\"name\":\"kuijia\",\"version\":\"5.0\",\"isGlobal\":0}"]],0,0,[],[],[]],[[{"name":"img_cloth","rect":[179,272,140,140],"offset":[0,0],"originalSize":[140,140],"capInsets":[0,0,0,0]}],[0],0,[0],[2],[1]],[[[4,"J",1,2,[{},"paths",11,[{},"poker_j1",11,[{},"props",11,[{"position":[{"frame":0,"value":[0,0,0]},{"frame":0.25,"value":[0,18,0]},{"frame":0.5833333333333334,"value":[0,18,0]},{"frame":1,"value":[0,0,0]}],"opacity":[{"frame":0.25,"value":0},{"frame":0.5,"value":150},{"frame":1,"value":0}]},"scale",12,[[[{"frame":0},"value",8,[0,1,1]],[{"frame":0.25},"value",8,[0,1.25,1.25]],[{"frame":0.3},"value",8,[0,1.15,1.15]],[{"frame":0.5833333333333334},"value",8,[0,1.15,1.15]],[{"frame":1},"value",8,[0,1,1]]],11,11,11,11,11]]],"poker_j",11,[{},"props",11,[{"position":[{"frame":0,"value":[0,0,0]},{"frame":0.25,"value":[0,18,0]},{"frame":0.5833333333333334,"value":[0,18,0]},{"frame":1,"value":[0,0,0]}],"opacity":[]},"scale",12,[[[{"frame":0},"value",8,[0,1,1]],[{"frame":0.25},"value",8,[0,1.25,1.25]],[{"frame":0.3},"value",8,[0,1.15,1.15]],[{"frame":0.5833333333333334},"value",8,[0,1.15,1.15]],[{"frame":1},"value",8,[0,1,1]]],11,11,11,11,11]]]]]]],0,0,[],[],[]],[[[6,"shenbei_ske","{\"armature\":[{\"aabb\":{\"width\":0,\"y\":0,\"height\":0,\"x\":0},\"ik\":[],\"skin\":[],\"type\":\"Armature\",\"frameRate\":24,\"animation\":[],\"bone\":[{\"name\":\"root\",\"transform\":{}}],\"defaultActions\":[{\"gotoAndPlay\":\"\"}],\"slot\":[],\"name\":\"Armature\"},{\"aabb\":{\"width\":140,\"y\":-70,\"height\":140,\"x\":-70},\"ik\":[],\"skin\":[{\"name\":\"\",\"slot\":[{\"display\":[{\"path\":\"shenbei\",\"type\":\"image\",\"name\":\"shenbei\",\"transform\":{}}],\"blendMode\":\"add\",\"name\":\"shenbei1\"},{\"display\":[{\"path\":\"kuang\",\"type\":\"image\",\"name\":\"kuang\",\"transform\":{}}],\"name\":\"kuang\"},{\"display\":[{\"path\":\"shenbei\",\"type\":\"image\",\"name\":\"shenbei\",\"transform\":{}}],\"name\":\"shenbei2\"}]}],\"type\":\"Armature\",\"frameRate\":24,\"animation\":[{\"bone\":[{\"frame\":[{\"duration\":20,\"transform\":{}}],\"name\":\"root\"},{\"frame\":[{\"tweenEasing\":0,\"duration\":3,\"transform\":{}},{\"tweenEasing\":0,\"duration\":4,\"transform\":{\"scX\":1.1,\"scY\":1.1}},{\"tweenEasing\":0,\"duration\":4,\"transform\":{\"skY\":-15,\"scX\":1.1,\"scY\":1.1,\"skX\":-15}},{\"tweenEasing\":0,\"duration\":6,\"transform\":{\"scX\":1.1,\"scY\":1.1}},{\"tweenEasing\":0,\"duration\":3,\"transform\":{\"skY\":-15,\"scX\":1.1,\"scY\":1.1,\"skX\":-15}},{\"duration\":0,\"transform\":{}}],\"name\":\"bone\"}],\"ffd\":[],\"duration\":20,\"playTimes\":0,\"frame\":[],\"slot\":[{\"frame\":[{\"tweenEasing\":0,\"duration\":3,\"color\":{\"aM\":0}},{\"tweenEasing\":0,\"duration\":4,\"color\":{\"aM\":0}},{\"tweenEasing\":0,\"duration\":4},{\"tweenEasing\":0,\"duration\":6,\"color\":{\"aM\":0}},{\"tweenEasing\":0,\"duration\":3},{\"tweenEasing\":null,\"duration\":0,\"color\":{\"aM\":0}}],\"name\":\"shenbei1\"}],\"ik\":[],\"name\":\"newAnimation\"}],\"bone\":[{\"name\":\"root\",\"transform\":{}},{\"transform\":{},\"name\":\"bone\",\"parent\":\"root\"}],\"defaultActions\":[{\"gotoAndPlay\":\"newAnimation\"}],\"slot\":[{\"name\":\"kuang\",\"parent\":\"root\",\"color\":{}},{\"z\":1,\"name\":\"shenbei2\",\"parent\":\"bone\",\"color\":{}},{\"blendMode\":\"add\",\"z\":2,\"parent\":\"bone\",\"name\":\"shenbei1\",\"color\":{}}],\"name\":\"Armatureshenbei\"}],\"frameRate\":24,\"name\":\"shenbei\",\"version\":\"5.0\",\"isGlobal\":0}"]],0,0,[],[],[]],[[{"name":"scatter","rect":[3,188,170,160],"offset":[0,0],"originalSize":[170,160],"capInsets":[0,0,0,0]}],[0],0,[0],[2],[1]],[[[4,"2",1,2,[{},"paths",11,[{},"yuansu_0131",11,[{},"props",11,[{"opacity":[{"frame":0.25,"value":0},{"frame":0.5,"value":150},{"frame":1,"value":0}]},"scale",12,[[[{"frame":0},"value",8,[0,1,1]],[{"frame":0.25},"value",8,[0,1.25,1.25]],[{"frame":0.3},"value",8,[0,1.15,1.15]],[{"frame":0.5833333333333334},"value",8,[0,1.15,1.15]],[{"frame":1},"value",8,[0,1,1]]],11,11,11,11,11]]],"yuansu_013",11,[{},"props",11,[{"opacity":[{"frame":0,"value":255}]},"scale",12,[[[{"frame":0},"value",8,[0,1,1]],[{"frame":0.25},"value",8,[0,1.25,1.25]],[{"frame":0.3},"value",8,[0,1.15,1.15]],[{"frame":0.5833333333333334},"value",8,[0,1.15,1.15]],[{"frame":1},"value",8,[0,1,1]]],11,11,11,11,11]]]]]]],0,0,[],[],[]],[[[4,"Q",1,2,[{},"paths",11,[{},"poker_q1",11,[{},"props",11,[{"position":[{"frame":0,"value":[0,0,0]},{"frame":0.25,"value":[0,18,0]},{"frame":0.5833333333333334,"value":[0,18,0]},{"frame":1,"value":[0,0,0]}],"opacity":[{"frame":0.25,"value":0},{"frame":0.5,"value":150},{"frame":1,"value":0}]},"scale",12,[[[{"frame":0},"value",8,[0,1,1]],[{"frame":0.25},"value",8,[0,1.25,1.25]],[{"frame":0.3},"value",8,[0,1.15,1.15]],[{"frame":0.5833333333333334},"value",8,[0,1.15,1.15]],[{"frame":1},"value",8,[0,1,1]]],11,11,11,11,11]]],"poker_q",11,[{},"props",11,[{"position":[{"frame":0,"value":[0,0,0]},{"frame":0.25,"value":[0,18,0]},{"frame":0.5833333333333334,"value":[0,18,0]},{"frame":1,"value":[0,0,0]}],"opacity":[]},"scale",12,[[[{"frame":0},"value",8,[0,1,1]],[{"frame":0.25},"value",8,[0,1.25,1.25]],[{"frame":0.3},"value",8,[0,1.15,1.15]],[{"frame":0.5833333333333334},"value",8,[0,1.15,1.15]],[{"frame":1},"value",8,[0,1,1]]],11,11,11,11,11]]]]]]],0,0,[],[],[]],[[[6,"wild_ske","{\"armature\":[{\"aabb\":{\"width\":194,\"y\":-72.50000000000001,\"height\":146,\"x\":-96.5},\"ik\":[],\"skin\":[{\"name\":\"\",\"slot\":[{\"display\":[{\"path\":\"wild/图层_14\",\"type\":\"image\",\"name\":\"wild/图层_14\",\"transform\":{\"skY\":-99.4623,\"y\":-1.1755,\"skX\":-99.4623,\"x\":13.4396}}],\"name\":\"l\"},{\"display\":[{\"path\":\"wild/图层_2_拷贝\",\"type\":\"image\",\"name\":\"wild/图层_2_拷贝\",\"transform\":{\"skY\":-89.3118,\"y\":-4.8366,\"skX\":-89.3118,\"x\":21.9597}}],\"blendMode\":\"add\",\"name\":\"gongdian1\"},{\"display\":[{\"path\":\"wild/图层_10\",\"type\":\"image\",\"name\":\"wild/图层_10\",\"transform\":{\"y\":0.5}}],\"name\":\"图层_10\"},{\"display\":[{\"path\":\"wild/图层_12\",\"type\":\"image\",\"name\":\"wild/图层_12\",\"transform\":{\"skY\":-90,\"y\":1.05,\"skX\":-90,\"x\":10.15}}],\"name\":\"w\"},{\"display\":[{\"path\":\"wild/图层_21\",\"type\":\"image\",\"name\":\"wild/图层_21\",\"transform\":{\"y\":39,\"x\":-7}}],\"name\":\"图层_21\"},{\"display\":[{\"path\":\"wild/图层_2_拷贝\",\"type\":\"image\",\"name\":\"wild/图层_2_拷贝\",\"transform\":{\"skY\":-89.3118,\"y\":-4.8366,\"skX\":-89.3118,\"x\":21.9597}}],\"name\":\"gongdian\"},{\"display\":[{\"path\":\"wild/图层_7\",\"type\":\"image\",\"name\":\"wild/图层_7\",\"transform\":{\"y\":0.5,\"x\":0.5}}],\"name\":\"图层_7\"},{\"display\":[{\"path\":\"wild/图层_15\",\"type\":\"image\",\"name\":\"wild/图层_15\",\"transform\":{\"skY\":-86.5107,\"y\":-0.8302,\"skX\":-86.5107,\"x\":12.674}}],\"name\":\"d\"},{\"display\":[{\"path\":\"wild/图层_17\",\"type\":\"image\",\"name\":\"wild/图层_17\",\"transform\":{\"skY\":-59.4413,\"y\":-0.638,\"skX\":-59.4413,\"x\":22.3252}}],\"blendMode\":\"add\",\"name\":\"dian01\"},{\"display\":[{\"path\":\"wild/图层_20\",\"type\":\"image\",\"name\":\"wild/图层_20\",\"transform\":{\"skY\":-59.9667,\"y\":8.8136,\"skX\":-59.9667,\"x\":14.9454}}],\"blendMode\":\"add\",\"name\":\"dian02\"},{\"display\":[{\"path\":\"wild/图层_18\",\"type\":\"image\",\"name\":\"wild/图层_18\",\"transform\":{\"skY\":-109.801,\"y\":-1.6626,\"skX\":-109.801,\"x\":27.9386}}],\"name\":\"dian03\"},{\"display\":[{\"path\":\"wild/图层_19\",\"type\":\"image\",\"name\":\"wild/图层_19\",\"transform\":{\"y\":41.5}}],\"name\":\"yun01\"},{\"display\":[{\"path\":\"wild/图层_16\",\"type\":\"image\",\"name\":\"wild/图层_16\",\"transform\":{}}],\"name\":\"图层_16\"},{\"display\":[{\"path\":\"wild/图层_13\",\"type\":\"image\",\"name\":\"wild/图层_13\",\"transform\":{\"skY\":-93.998,\"y\":-2.695,\"skX\":-93.998,\"x\":12.7431}}],\"name\":\"i\"}]}],\"type\":\"Armature\",\"frameRate\":24,\"animation\":[{\"bone\":[{\"frame\":[{\"duration\":33,\"transform\":{}}],\"name\":\"root\"},{\"frame\":[{\"tweenEasing\":0,\"duration\":9,\"transform\":{}},{\"tweenEasing\":0,\"duration\":6,\"transform\":{\"scX\":1.2171,\"scY\":1.2171}},{\"tweenEasing\":0,\"duration\":15,\"transform\":{\"scX\":0.9042,\"scY\":0.9042}},{\"duration\":3,\"transform\":{}}],\"name\":\"w\"},{\"frame\":[{\"tweenEasing\":0,\"duration\":9,\"transform\":{}},{\"tweenEasing\":0,\"duration\":6,\"transform\":{\"scX\":0.8793,\"scY\":0.8793}},{\"tweenEasing\":0,\"duration\":15,\"transform\":{\"scX\":1.3271,\"scY\":1.3271}},{\"duration\":3,\"transform\":{}}],\"name\":\"i\"},{\"frame\":[{\"tweenEasing\":0,\"duration\":9,\"transform\":{}},{\"tweenEasing\":0,\"duration\":12,\"transform\":{\"scX\":0.9172,\"scY\":0.9172}},{\"tweenEasing\":0,\"duration\":9,\"transform\":{\"scX\":1.1811,\"scY\":1.1811}},{\"duration\":3,\"transform\":{}}],\"name\":\"d\"},{\"frame\":[{\"tweenEasing\":0,\"duration\":9,\"transform\":{}},{\"tweenEasing\":0,\"duration\":6,\"transform\":{\"scX\":1.2188,\"scY\":1.2188}},{\"tweenEasing\":0,\"duration\":9,\"transform\":{\"scX\":0.8033,\"scY\":0.8033}},{\"tweenEasing\":0,\"duration\":6,\"transform\":{\"scX\":0.9323,\"scY\":0.9323}},{\"duration\":3,\"transform\":{}}],\"name\":\"l\"},{\"frame\":[{\"duration\":33,\"transform\":{}}],\"name\":\"dian03\"},{\"frame\":[{\"duration\":33,\"transform\":{}}],\"name\":\"dian02\"},{\"frame\":[{\"duration\":33,\"transform\":{}}],\"name\":\"dian01\"},{\"frame\":[{\"duration\":33,\"transform\":{}}],\"name\":\"gongdian\"},{\"frame\":[{\"duration\":33,\"transform\":{}}],\"name\":\"gongdian1\"}],\"ffd\":[],\"duration\":33,\"playTimes\":0,\"frame\":[],\"slot\":[{\"frame\":[{\"tweenEasing\":null,\"duration\":10},{\"tweenEasing\":null,\"duration\":23}],\"name\":\"dian02\"},{\"frame\":[{\"tweenEasing\":null,\"duration\":2},{\"tweenEasing\":0,\"duration\":3,\"color\":{\"aM\":0}},{\"tweenEasing\":0,\"duration\":2},{\"tweenEasing\":0,\"duration\":3,\"color\":{\"aM\":0}},{\"tweenEasing\":0,\"duration\":2},{\"tweenEasing\":0,\"duration\":2},{\"tweenEasing\":0,\"duration\":3,\"color\":{\"aM\":0}},{\"tweenEasing\":0,\"duration\":3},{\"tweenEasing\":0,\"duration\":2,\"color\":{\"aM\":0}},{\"tweenEasing\":0,\"duration\":3},{\"tweenEasing\":null,\"duration\":8}],\"name\":\"dian03\"},{\"frame\":[{\"tweenEasing\":null,\"duration\":2},{\"tweenEasing\":0,\"duration\":2,\"color\":{\"aM\":0}},{\"tweenEasing\":0,\"duration\":3},{\"tweenEasing\":0,\"duration\":3},{\"tweenEasing\":0,\"duration\":2,\"color\":{\"aM\":0}},{\"tweenEasing\":0,\"duration\":3},{\"tweenEasing\":0,\"duration\":2},{\"tweenEasing\":0,\"duration\":1},{\"tweenEasing\":0,\"duration\":2,\"color\":{\"aM\":0}},{\"tweenEasing\":0,\"duration\":3},{\"tweenEasing\":0,\"duration\":3},{\"tweenEasing\":0,\"duration\":2,\"color\":{\"aM\":0}},{\"tweenEasing\":0,\"duration\":3},{\"tweenEasing\":0,\"duration\":2},{\"tweenEasing\":null,\"duration\":0}],\"name\":\"dian01\"},{\"frame\":[{\"tweenEasing\":0,\"duration\":7,\"color\":{\"aM\":0}},{\"tweenEasing\":0,\"duration\":9},{\"tweenEasing\":0,\"duration\":8,\"color\":{\"aM\":42}},{\"tweenEasing\":0,\"duration\":9},{\"tweenEasing\":null,\"duration\":0,\"color\":{\"aM\":0}}],\"name\":\"gongdian1\"}],\"ik\":[],\"name\":\"newAnimation\"}],\"bone\":[{\"name\":\"root\",\"transform\":{}},{\"length\":17,\"transform\":{\"skY\":90,\"y\":35.85,\"skX\":90,\"x\":-40.95},\"parent\":\"root\",\"name\":\"w\"},{\"length\":18,\"transform\":{\"skY\":93.998,\"y\":37.1,\"skX\":93.998,\"x\":-8.3},\"parent\":\"root\",\"name\":\"i\"},{\"length\":20,\"transform\":{\"skY\":86.5107,\"y\":33.9,\"skX\":86.5107,\"x\":47.4},\"parent\":\"root\",\"name\":\"d\"},{\"length\":19,\"transform\":{\"skY\":99.4623,\"y\":34.55,\"skX\":99.4623,\"x\":18.55},\"parent\":\"root\",\"name\":\"l\"},{\"length\":51,\"transform\":{\"skY\":109.801,\"y\":-44.85,\"skX\":109.801,\"x\":-57.6},\"parent\":\"root\",\"name\":\"dian03\"},{\"length\":33,\"transform\":{\"skY\":59.9667,\"y\":-56.35,\"skX\":59.9667,\"x\":69.15},\"parent\":\"root\",\"name\":\"dian02\"},{\"length\":32,\"transform\":{\"skY\":59.4413,\"y\":-31.4,\"skX\":59.4413,\"x\":46.1},\"parent\":\"root\",\"name\":\"dian01\"},{\"length\":49,\"transform\":{\"skY\":89.3118,\"y\":-31.4,\"skX\":89.3118,\"x\":-5.1},\"parent\":\"root\",\"name\":\"gongdian\"},{\"length\":49,\"transform\":{\"skY\":89.3118,\"y\":-31.4,\"skX\":89.3118,\"x\":-5.1},\"parent\":\"root\",\"name\":\"gongdian1\"}],\"defaultActions\":[{\"gotoAndPlay\":\"newAnimation\"}],\"slot\":[{\"name\":\"图层_16\",\"parent\":\"root\",\"color\":{}},{\"z\":1,\"name\":\"图层_21\",\"parent\":\"root\",\"color\":{}},{\"blendMode\":\"add\",\"z\":2,\"parent\":\"dian02\",\"name\":\"dian02\",\"color\":{}},{\"z\":3,\"name\":\"图层_10\",\"parent\":\"root\",\"color\":{}},{\"z\":4,\"name\":\"gongdian\",\"parent\":\"gongdian\",\"color\":{}},{\"z\":5,\"name\":\"yun01\",\"parent\":\"root\",\"color\":{}},{\"z\":6,\"name\":\"dian03\",\"parent\":\"dian03\",\"color\":{}},{\"blendMode\":\"add\",\"z\":7,\"parent\":\"dian01\",\"name\":\"dian01\",\"color\":{}},{\"blendMode\":\"add\",\"z\":8,\"parent\":\"gongdian1\",\"name\":\"gongdian1\",\"color\":{}},{\"z\":9,\"name\":\"d\",\"parent\":\"d\",\"color\":{}},{\"z\":10,\"name\":\"图层_7\",\"parent\":\"root\",\"color\":{}},{\"z\":11,\"name\":\"l\",\"parent\":\"l\",\"color\":{}},{\"z\":12,\"name\":\"i\",\"parent\":\"i\",\"color\":{}},{\"z\":13,\"name\":\"w\",\"parent\":\"w\",\"color\":{}}],\"name\":\"Armature\"}],\"frameRate\":24,\"name\":\"wild\",\"version\":\"5.0\",\"isGlobal\":0}"]],0,0,[],[],[]],[[{"name":"img_piano","rect":[177,418,140,140],"offset":[0,0],"originalSize":[140,140],"capInsets":[0,0,0,0]}],[0],0,[0],[2],[1]],[[[4,"K",1,2,[{},"paths",11,[{},"poker_k1",11,[{},"props",11,[{"position":[{"frame":0,"value":[0,0,0]},{"frame":0.25,"value":[0,18,0]},{"frame":0.5833333333333334,"value":[0,18,0]},{"frame":1,"value":[0,0,0]}],"opacity":[{"frame":0.25,"value":0},{"frame":0.5,"value":150},{"frame":1,"value":0}]},"scale",12,[[[{"frame":0},"value",8,[0,1,1]],[{"frame":0.25},"value",8,[0,1.25,1.25]],[{"frame":0.3},"value",8,[0,1.15,1.15]],[{"frame":0.5833333333333334},"value",8,[0,1.15,1.15]],[{"frame":1},"value",8,[0,1,1]]],11,11,11,11,11]]],"poker_k",11,[{},"props",11,[{"position":[{"frame":0,"value":[0,0,0]},{"frame":0.25,"value":[0,18,0]},{"frame":0.5833333333333334,"value":[0,18,0]},{"frame":1,"value":[0,0,0]}],"opacity":[{"frame":0,"value":255}]},"scale",12,[[[{"frame":0},"value",8,[0,1,1]],[{"frame":0.25},"value",8,[0,1.25,1.25]],[{"frame":0.3},"value",8,[0,1.15,1.15]],[{"frame":0.5833333333333334},"value",8,[0,1.15,1.15]],[{"frame":1},"value",8,[0,1,1]]],11,11,11,11,11]]]]]]],0,0,[],[],[]],[[[6,"qin_ske","{\"armature\":[{\"aabb\":{\"width\":0,\"y\":0,\"height\":0,\"x\":0},\"ik\":[],\"skin\":[],\"type\":\"Armature\",\"frameRate\":24,\"animation\":[],\"bone\":[{\"name\":\"root\",\"transform\":{}}],\"defaultActions\":[{\"gotoAndPlay\":\"\"}],\"slot\":[],\"name\":\"Armature\"},{\"aabb\":{\"width\":140,\"y\":-70,\"height\":140,\"x\":-70},\"ik\":[],\"skin\":[{\"name\":\"\",\"slot\":[{\"display\":[{\"path\":\"qin\",\"type\":\"image\",\"name\":\"qin\",\"transform\":{}}],\"blendMode\":\"add\",\"name\":\"qin1\"},{\"display\":[{\"path\":\"qin\",\"type\":\"image\",\"name\":\"qin\",\"transform\":{}}],\"name\":\"qin2\"},{\"display\":[{\"path\":\"chengkuang\",\"type\":\"image\",\"name\":\"chengkuang\",\"transform\":{}}],\"name\":\"kuang\"}]}],\"type\":\"Armature\",\"frameRate\":24,\"animation\":[{\"bone\":[{\"frame\":[{\"duration\":24,\"transform\":{}}],\"name\":\"root\"},{\"frame\":[{\"tweenEasing\":0,\"duration\":4,\"transform\":{}},{\"tweenEasing\":0,\"duration\":5,\"transform\":{\"scX\":1.1,\"scY\":1.1}},{\"tweenEasing\":0,\"duration\":4,\"transform\":{\"skY\":-15,\"scX\":1.1,\"scY\":1.1,\"skX\":-15}},{\"tweenEasing\":0,\"duration\":7,\"transform\":{\"scX\":1.1,\"scY\":1.1}},{\"tweenEasing\":0,\"duration\":4,\"transform\":{\"skY\":-15,\"scX\":1.1,\"scY\":1.1,\"skX\":-15}},{\"duration\":0,\"transform\":{}}],\"name\":\"bone\"}],\"ffd\":[],\"duration\":24,\"playTimes\":0,\"frame\":[],\"slot\":[{\"frame\":[{\"tweenEasing\":0,\"duration\":4,\"color\":{\"aM\":0}},{\"tweenEasing\":0,\"duration\":5,\"color\":{\"aM\":0}},{\"tweenEasing\":0,\"duration\":4},{\"tweenEasing\":0,\"duration\":7,\"color\":{\"aM\":0}},{\"tweenEasing\":0,\"duration\":4},{\"tweenEasing\":null,\"duration\":0,\"color\":{\"aM\":0}}],\"name\":\"qin1\"}],\"ik\":[],\"name\":\"newAnimation\"}],\"bone\":[{\"name\":\"root\",\"transform\":{}},{\"transform\":{},\"name\":\"bone\",\"parent\":\"root\"}],\"defaultActions\":[{\"gotoAndPlay\":\"newAnimation\"}],\"slot\":[{\"name\":\"kuang\",\"parent\":\"root\",\"color\":{}},{\"z\":1,\"name\":\"qin2\",\"parent\":\"bone\",\"color\":{}},{\"blendMode\":\"add\",\"z\":2,\"parent\":\"bone\",\"name\":\"qin1\",\"color\":{}}],\"name\":\"Armatureshenbei\"}],\"frameRate\":24,\"name\":\"qin\",\"version\":\"5.0\",\"isGlobal\":0}"]],0,0,[],[],[]],[[{"name":"q","rect":[3,632,122,140],"offset":[0,0],"originalSize":[122,140],"rotated":1,"capInsets":[0,0,0,0]}],[0],0,[0],[2],[1]],[[[6,"sca_ske","{\"armature\":[{\"aabb\":{\"width\":237.48620177757851,\"y\":-283.97068322498944,\"height\":535.851014075679,\"x\":-120.16642878940446},\"ik\":[],\"skin\":[{\"name\":\"\",\"slot\":[{\"display\":[{\"path\":\"scatter/图层_7_拷贝\",\"type\":\"image\",\"name\":\"scatter/图层_7_拷贝\",\"transform\":{\"x\":-0.5}}],\"name\":\"图层_7_拷贝\"},{\"display\":[{\"path\":\"totalwin_shandian/21\",\"type\":\"image\",\"name\":\"totalwin_shandian/21\",\"transform\":{\"skY\":-27.1938,\"y\":-70.0997,\"skX\":-27.1938,\"x\":193.1095}},{\"path\":\"totalwin_shandian/19\",\"type\":\"image\",\"name\":\"totalwin_shandian/19\",\"transform\":{\"skY\":-27.1938,\"y\":-88.6681,\"skX\":-27.1938,\"x\":173.4508}},{\"path\":\"totalwin_shandian/17\",\"type\":\"image\",\"name\":\"totalwin_shandian/17\",\"transform\":{\"skY\":-27.1938,\"y\":-63.4563,\"skX\":-27.1938,\"x\":158.2976}},{\"path\":\"totalwin_shandian/15\",\"type\":\"image\",\"name\":\"totalwin_shandian/15\",\"transform\":{\"skY\":-27.1938,\"y\":-63.6802,\"skX\":-27.1938,\"x\":137.9457}},{\"path\":\"totalwin_shandian/13\",\"type\":\"image\",\"name\":\"totalwin_shandian/13\",\"transform\":{\"skY\":-27.1938,\"y\":-45.437,\"skX\":-27.1938,\"x\":105.721}},{\"path\":\"totalwin_shandian/11\",\"type\":\"image\",\"name\":\"totalwin_shandian/11\",\"transform\":{\"skY\":-27.1938,\"y\":-37.4272,\"skX\":-27.1938,\"x\":89.0374}},{\"path\":\"totalwin_shandian/9\",\"type\":\"image\",\"name\":\"totalwin_shandian/9\",\"transform\":{\"skY\":-27.1938,\"y\":-25.4593,\"skX\":-27.1938,\"x\":58.0855}},{\"path\":\"totalwin_shandian/7\",\"type\":\"image\",\"name\":\"totalwin_shandian/7\",\"transform\":{\"skY\":-27.1938,\"y\":-9.4566,\"skX\":-27.1938,\"x\":46.6329}},{\"path\":\"totalwin_shandian/5\",\"type\":\"image\",\"name\":\"totalwin_shandian/5\",\"transform\":{\"skY\":-27.1938,\"y\":-5.4739,\"skX\":-27.1938,\"x\":30.1287}},{\"path\":\"totalwin_shandian/3\",\"type\":\"image\",\"name\":\"totalwin_shandian/3\",\"transform\":{\"skY\":-27.1938,\"y\":3.0496,\"skX\":-27.1938,\"x\":27.7624}},{\"path\":\"totalwin_shandian/1\",\"type\":\"image\",\"name\":\"totalwin_shandian/1\",\"transform\":{\"skY\":-27.1938,\"y\":1.8995,\"skX\":-27.1938,\"x\":10.3074}},{\"path\":\"totalwin_shandian/2\",\"type\":\"image\",\"name\":\"totalwin_shandian/2\",\"transform\":{\"skY\":-27.1938,\"y\":3.4698,\"skX\":-27.1938,\"x\":30.2268}},{\"path\":\"totalwin_shandian/4\",\"type\":\"image\",\"name\":\"totalwin_shandian/4\",\"transform\":{\"skY\":-27.1938,\"y\":9.0673,\"skX\":-27.1938,\"x\":49.9668}},{\"path\":\"totalwin_shandian/6\",\"type\":\"image\",\"name\":\"totalwin_shandian/6\",\"transform\":{\"skY\":-27.1938,\"y\":-19.8081,\"skX\":-27.1938,\"x\":52.557}},{\"path\":\"totalwin_shandian/8\",\"type\":\"image\",\"name\":\"totalwin_shandian/8\",\"transform\":{\"skY\":-27.1938,\"y\":-8.5426,\"skX\":-27.1938,\"x\":44.8539}},{\"path\":\"totalwin_shandian/10\",\"type\":\"image\",\"name\":\"totalwin_shandian/10\",\"transform\":{\"skY\":-27.1938,\"y\":-35.6805,\"skX\":-27.1938,\"x\":72.5087}},{\"path\":\"totalwin_shandian/12\",\"type\":\"image\",\"name\":\"totalwin_shandian/12\",\"transform\":{\"skY\":-27.1938,\"y\":-36.938,\"skX\":-27.1938,\"x\":105.5906}},{\"path\":\"totalwin_shandian/14\",\"type\":\"image\",\"name\":\"totalwin_shandian/14\",\"transform\":{\"skY\":-27.1938,\"y\":-64.467,\"skX\":-27.1938,\"x\":107.7484}},{\"path\":\"totalwin_shandian/16\",\"type\":\"image\",\"name\":\"totalwin_shandian/16\",\"transform\":{\"skY\":-27.1938,\"y\":-75.7739,\"skX\":-27.1938,\"x\":139.602}},{\"path\":\"totalwin_shandian/18\",\"type\":\"image\",\"name\":\"totalwin_shandian/18\",\"transform\":{\"skY\":-27.1938,\"y\":-73.1101,\"skX\":-27.1938,\"x\":161.7696}},{\"path\":\"totalwin_shandian/20\",\"type\":\"image\",\"name\":\"totalwin_shandian/20\",\"transform\":{\"skY\":-27.1938,\"y\":-66.525,\"skX\":-27.1938,\"x\":173.0229}},{\"path\":\"totalwin_shandian/22\",\"type\":\"image\",\"name\":\"totalwin_shandian/22\",\"transform\":{\"skY\":-27.1938,\"y\":-73.4214,\"skX\":-27.1938,\"x\":210.5154}}],\"name\":\"root\"},{\"display\":[{\"path\":\"shandian08/图层_3\",\"type\":\"image\",\"name\":\"shandian08/图层_3\",\"transform\":{\"skY\":-88.6938,\"y\":-30.4657,\"skX\":-88.6938,\"x\":-88.0784}},{\"path\":\"shandian08/图层_1\",\"type\":\"image\",\"name\":\"shandian08/图层_1\",\"transform\":{\"skY\":-88.6938,\"y\":-8.8117,\"skX\":-88.6938,\"x\":-81.5703}},{\"path\":\"shandian08/图层_2\",\"type\":\"image\",\"name\":\"shandian08/图层_2\",\"transform\":{\"skY\":-88.6938,\"y\":-18.6951,\"skX\":-88.6938,\"x\":-76.3437}},{\"path\":\"shandian08/图层_4\",\"type\":\"image\",\"name\":\"shandian08/图层_4\",\"transform\":{\"skY\":-88.6938,\"y\":-7.3805,\"skX\":-88.6938,\"x\":-84.6037}}],\"name\":\"root11\"},{\"display\":[],\"name\":\"图层_4\"},{\"display\":[{\"path\":\"scatter/图层_23_拷贝_2\",\"type\":\"image\",\"name\":\"scatter/图层_23_拷贝_2\",\"transform\":{\"skY\":-84.2796,\"y\":3.7355,\"skX\":-84.2796,\"x\":23.7459}}],\"name\":\"图层_23_拷贝_2\"},{\"display\":[{\"path\":\"scatter/图层_21_拷贝\",\"type\":\"image\",\"name\":\"scatter/图层_21_拷贝\",\"transform\":{\"skY\":-88.2481,\"y\":-1.6759,\"skX\":-88.2481,\"x\":23.7123}}],\"name\":\"图层_21_拷贝\"},{\"display\":[{\"path\":\"shandian04/图层_7\",\"type\":\"image\",\"name\":\"shandian04/图层_7\",\"transform\":{\"skY\":-89.43,\"y\":-0.332,\"skX\":-89.43,\"x\":97.3081}},{\"path\":\"shandian04/图层_5\",\"type\":\"image\",\"name\":\"shandian04/图层_5\",\"transform\":{\"skY\":-89.43,\"y\":-0.2723,\"skX\":-89.43,\"x\":103.3078}},{\"path\":\"shandian04/图层_3\",\"type\":\"image\",\"name\":\"shandian04/图层_3\",\"transform\":{\"skY\":-89.43,\"y\":5.1727,\"skX\":-89.43,\"x\":97.7534}},{\"path\":\"shandian04/图层_1\",\"type\":\"image\",\"name\":\"shandian04/图层_1\",\"transform\":{\"skY\":-89.43,\"y\":3.6507,\"skX\":-89.43,\"x\":-55.239}},{\"path\":\"shandian04/图层_2\",\"type\":\"image\",\"name\":\"shandian04/图层_2\",\"transform\":{\"skY\":-89.43,\"y\":5.608,\"skX\":-89.43,\"x\":91.2487}},{\"path\":\"shandian04/图层_6\",\"type\":\"image\",\"name\":\"shandian04/图层_6\",\"transform\":{\"skY\":-89.43,\"y\":-2.2523,\"skX\":-89.43,\"x\":105.3276}},{\"path\":\"shandian04/图层_8\",\"type\":\"image\",\"name\":\"shandian04/图层_8\",\"transform\":{\"skY\":-89.43,\"y\":0.362,\"skX\":-89.43,\"x\":116.8022}},{\"path\":\"shandian04/图层_4\",\"type\":\"image\",\"name\":\"shandian04/图层_4\",\"transform\":{\"skY\":-89.43,\"y\":-5.3019,\"skX\":-89.43,\"x\":100.3577}}],\"name\":\"root2\"},{\"display\":[{\"path\":\"scatter/图层_8_拷贝\",\"type\":\"image\",\"name\":\"scatter/图层_8_拷贝\",\"transform\":{\"y\":-0.45,\"x\":61.35}}],\"name\":\"图层_8_拷贝\"},{\"display\":[{\"path\":\"scatter/图层_21_拷贝\",\"type\":\"image\",\"name\":\"scatter/图层_21_拷贝\",\"transform\":{\"skY\":-88.2481,\"y\":-1.6759,\"skX\":-88.2481,\"x\":23.7123}}],\"blendMode\":\"add\",\"name\":\"图层_21_拷贝1\"},{\"display\":[{\"path\":\"shandian08/图层_3\",\"type\":\"image\",\"name\":\"shandian08/图层_3\",\"transform\":{\"skY\":-88.6938,\"y\":-30.4657,\"skX\":-88.6938,\"x\":-88.0784}},{\"path\":\"shandian08/图层_1\",\"type\":\"image\",\"name\":\"shandian08/图层_1\",\"transform\":{\"skY\":-88.6938,\"y\":-8.8117,\"skX\":-88.6938,\"x\":-81.5703}},{\"path\":\"shandian08/图层_2\",\"type\":\"image\",\"name\":\"shandian08/图层_2\",\"transform\":{\"skY\":-88.6938,\"y\":-18.6951,\"skX\":-88.6938,\"x\":-76.3437}},{\"path\":\"shandian08/图层_4\",\"type\":\"image\",\"name\":\"shandian08/图层_4\",\"transform\":{\"skY\":-88.6938,\"y\":-7.3805,\"skX\":-88.6938,\"x\":-84.6037}}],\"name\":\"root1\"},{\"display\":[{\"path\":\"scatter/图层_23_拷贝_3\",\"type\":\"image\",\"name\":\"scatter/图层_23_拷贝_3\",\"transform\":{\"skY\":-93.2678,\"y\":0.041,\"skX\":-93.2678,\"x\":22.0883}}],\"name\":\"图层_23_拷贝_3\"},{\"display\":[{\"path\":\"scatter/图层_11_拷贝_2\",\"type\":\"image\",\"name\":\"scatter/图层_11_拷贝_2\",\"transform\":{\"y\":-3,\"x\":-0.5}}],\"name\":\"图层_11_拷贝_2\"},{\"display\":[{\"path\":\"shandian08/图层_3\",\"type\":\"image\",\"name\":\"shandian08/图层_3\",\"transform\":{\"skY\":-88.6938,\"y\":-30.4657,\"skX\":-88.6938,\"x\":-88.0784}},{\"path\":\"shandian08/图层_1\",\"type\":\"image\",\"name\":\"shandian08/图层_1\",\"transform\":{\"skY\":-88.6938,\"y\":-9.4598,\"skX\":-88.6938,\"x\":-89.5763}},{\"path\":\"shandian08/图层_2\",\"type\":\"image\",\"name\":\"shandian08/图层_2\",\"transform\":{\"skY\":-88.6938,\"y\":-18.6951,\"skX\":-88.6938,\"x\":-76.3437}},{\"path\":\"shandian08/图层_4\",\"type\":\"image\",\"name\":\"shandian08/图层_4\",\"transform\":{\"skY\":-88.6938,\"y\":-7.3805,\"skX\":-88.6938,\"x\":-84.6037}}],\"name\":\"root111\"},{\"display\":[{\"path\":\"scatter/组_3_拷贝\",\"type\":\"image\",\"name\":\"scatter/组_3_拷贝\",\"transform\":{\"skY\":-90,\"y\":2.4,\"skX\":-90,\"x\":8.8}}],\"name\":\"组_3_拷贝\"}]}],\"type\":\"Armature\",\"frameRate\":24,\"animation\":[{\"bone\":[{\"frame\":[{\"duration\":50,\"transform\":{}}],\"name\":\"root\"},{\"frame\":[{\"duration\":4,\"transform\":{}},{\"tweenEasing\":0,\"duration\":6,\"transform\":{\"scX\":1.1856,\"scY\":1.1856}},{\"tweenEasing\":0,\"duration\":3,\"transform\":{\"scX\":0.9472,\"scY\":0.9472}},{\"duration\":37,\"transform\":{}}],\"name\":\"组_3_拷贝\"},{\"frame\":[{\"duration\":50,\"transform\":{}}],\"name\":\"图层_21_拷贝\"},{\"frame\":[{\"duration\":50,\"transform\":{}}],\"name\":\"图层_8_拷贝\"},{\"frame\":[{\"duration\":50,\"transform\":{}}],\"name\":\"图层_23_拷贝_3\"},{\"frame\":[{\"duration\":50,\"transform\":{}}],\"name\":\"图层_23_拷贝_2\"},{\"frame\":[{\"duration\":4,\"transform\":{}},{\"tweenEasing\":0,\"duration\":3,\"transform\":{}},{\"tweenEasing\":0,\"duration\":3,\"transform\":{}},{\"tweenEasing\":0,\"duration\":3,\"transform\":{}},{\"tweenEasing\":0,\"duration\":2,\"transform\":{}},{\"tweenEasing\":0,\"duration\":4,\"transform\":{}},{\"tweenEasing\":0,\"duration\":2,\"transform\":{}},{\"tweenEasing\":0,\"duration\":4,\"transform\":{}},{\"tweenEasing\":0,\"duration\":2,\"transform\":{}},{\"tweenEasing\":0,\"duration\":2,\"transform\":{}},{\"tweenEasing\":0,\"duration\":4,\"transform\":{}},{\"tweenEasing\":0,\"duration\":2,\"transform\":{}},{\"tweenEasing\":0,\"duration\":3,\"transform\":{}},{\"tweenEasing\":0,\"duration\":3,\"transform\":{}},{\"tweenEasing\":0,\"duration\":3,\"transform\":{}},{\"duration\":6,\"transform\":{}}],\"name\":\"root1\"},{\"frame\":[{\"duration\":50,\"transform\":{}}],\"name\":\"图层_21_拷贝1\"},{\"frame\":[{\"duration\":50,\"transform\":{}}],\"name\":\"root11\"},{\"frame\":[{\"duration\":50,\"transform\":{}}],\"name\":\"root111\"},{\"frame\":[{\"duration\":50,\"transform\":{}}],\"name\":\"root1111\"},{\"frame\":[{\"duration\":50,\"transform\":{}}],\"name\":\"root2\"}],\"ffd\":[],\"duration\":50,\"playTimes\":0,\"frame\":[],\"slot\":[{\"frame\":[{\"tweenEasing\":null,\"duration\":50}],\"name\":\"图层_23_拷贝_2\"},{\"frame\":[{\"tweenEasing\":0,\"duration\":4},{\"tweenEasing\":0,\"duration\":46},{\"tweenEasing\":null,\"duration\":0}],\"name\":\"组_3_拷贝\"},{\"frame\":[{\"tweenEasing\":null,\"displayIndex\":6,\"duration\":4},{\"displayIndex\":10,\"tweenEasing\":null,\"duration\":3},{\"displayIndex\":11,\"tweenEasing\":null,\"duration\":3},{\"displayIndex\":9,\"tweenEasing\":null,\"duration\":3},{\"displayIndex\":12,\"tweenEasing\":null,\"duration\":2},{\"displayIndex\":8,\"tweenEasing\":null,\"duration\":4},{\"displayIndex\":13,\"tweenEasing\":null,\"duration\":2},{\"displayIndex\":7,\"tweenEasing\":null,\"duration\":4},{\"displayIndex\":14,\"tweenEasing\":null,\"duration\":2},{\"displayIndex\":6,\"tweenEasing\":null,\"duration\":2},{\"displayIndex\":15,\"tweenEasing\":null,\"duration\":4},{\"displayIndex\":5,\"tweenEasing\":null,\"duration\":2},{\"displayIndex\":16,\"tweenEasing\":null,\"duration\":3},{\"displayIndex\":18,\"tweenEasing\":null,\"duration\":2},{\"displayIndex\":2,\"tweenEasing\":null,\"duration\":2},{\"displayIndex\":19,\"tweenEasing\":null,\"duration\":2},{\"displayIndex\":1,\"tweenEasing\":null,\"duration\":2},{\"displayIndex\":20,\"tweenEasing\":null,\"duration\":2},{\"tweenEasing\":null,\"duration\":2},{\"displayIndex\":21,\"tweenEasing\":null,\"duration\":0}],\"name\":\"root\"},{\"frame\":[{\"tweenEasing\":0,\"duration\":9,\"color\":{\"aM\":0}},{\"tweenEasing\":0,\"duration\":7,\"color\":{\"aM\":37}},{\"tweenEasing\":0,\"duration\":9,\"color\":{\"aM\":0}},{\"tweenEasing\":0,\"duration\":9,\"color\":{\"aM\":0}},{\"tweenEasing\":0,\"duration\":7,\"color\":{\"aM\":37}},{\"tweenEasing\":0,\"duration\":9,\"color\":{\"aM\":0}},{\"tweenEasing\":null,\"duration\":0,\"color\":{\"aM\":0}}],\"name\":\"图层_21_拷贝1\"},{\"frame\":[{\"displayIndex\":1,\"tweenEasing\":null,\"duration\":4},{\"displayIndex\":2,\"tweenEasing\":0,\"duration\":4},{\"tweenEasing\":0,\"duration\":4},{\"displayIndex\":3,\"tweenEasing\":0,\"duration\":4},{\"displayIndex\":1,\"tweenEasing\":0,\"duration\":4},{\"displayIndex\":2,\"tweenEasing\":0,\"duration\":4},{\"tweenEasing\":0,\"duration\":4},{\"displayIndex\":3,\"tweenEasing\":0,\"duration\":4},{\"displayIndex\":1,\"tweenEasing\":0,\"duration\":4},{\"displayIndex\":2,\"tweenEasing\":0,\"duration\":4},{\"tweenEasing\":0,\"duration\":4},{\"displayIndex\":3,\"tweenEasing\":0,\"duration\":6}],\"name\":\"root1\"},{\"frame\":[{\"displayIndex\":1,\"tweenEasing\":null,\"duration\":4},{\"displayIndex\":2,\"tweenEasing\":null,\"duration\":4},{\"tweenEasing\":null,\"duration\":4},{\"displayIndex\":3,\"tweenEasing\":null,\"duration\":4},{\"displayIndex\":1,\"tweenEasing\":null,\"duration\":4},{\"displayIndex\":2,\"tweenEasing\":null,\"duration\":4},{\"tweenEasing\":null,\"duration\":4},{\"displayIndex\":3,\"tweenEasing\":null,\"duration\":4},{\"displayIndex\":1,\"tweenEasing\":null,\"duration\":4},{\"displayIndex\":2,\"tweenEasing\":null,\"duration\":4},{\"tweenEasing\":null,\"duration\":4},{\"displayIndex\":3,\"tweenEasing\":null,\"duration\":6}],\"name\":\"root11\"},{\"frame\":[{\"displayIndex\":1,\"tweenEasing\":null,\"duration\":4},{\"displayIndex\":2,\"tweenEasing\":null,\"duration\":4},{\"tweenEasing\":null,\"duration\":4},{\"displayIndex\":3,\"tweenEasing\":null,\"duration\":4},{\"displayIndex\":1,\"tweenEasing\":null,\"duration\":4},{\"displayIndex\":2,\"tweenEasing\":null,\"duration\":4},{\"tweenEasing\":null,\"duration\":4},{\"displayIndex\":3,\"tweenEasing\":null,\"duration\":4},{\"displayIndex\":1,\"tweenEasing\":null,\"duration\":4},{\"displayIndex\":2,\"tweenEasing\":null,\"duration\":4},{\"tweenEasing\":null,\"duration\":4},{\"displayIndex\":3,\"tweenEasing\":null,\"duration\":6}],\"name\":\"root111\"}],\"ik\":[],\"name\":\"newAnimation\"}],\"bone\":[{\"name\":\"root\",\"transform\":{}},{\"length\":12,\"transform\":{\"skY\":90,\"y\":34.7,\"skX\":90,\"x\":2.9},\"parent\":\"root\",\"name\":\"组_3_拷贝\"},{\"length\":37,\"transform\":{\"skY\":88.2481,\"y\":-23.15,\"skX\":88.2481,\"x\":-2.9},\"parent\":\"root\",\"name\":\"图层_21_拷贝\"},{\"length\":137,\"transform\":{\"y\":14.45,\"x\":-61.85},\"parent\":\"root\",\"name\":\"图层_8_拷贝\"},{\"length\":30,\"transform\":{\"skY\":93.2678,\"y\":-44.55,\"skX\":93.2678,\"x\":61.3},\"parent\":\"root\",\"name\":\"图层_23_拷贝_3\"},{\"length\":16,\"transform\":{\"skY\":27.1938,\"y\":30.7451,\"scX\":0.75,\"scY\":0.75,\"skX\":27.1938,\"x\":-86.0856},\"parent\":\"root\",\"name\":\"root1\"},{\"length\":37,\"transform\":{\"skY\":88.2481,\"y\":-23.15,\"skX\":88.2481,\"x\":-2.9},\"parent\":\"root\",\"name\":\"图层_21_拷贝1\"},{\"length\":46,\"transform\":{\"skY\":102.588,\"y\":18.799,\"scX\":0.3,\"scY\":0.3,\"skX\":102.588,\"x\":-69.0796},\"parent\":\"root\",\"name\":\"root11\"},{\"length\":46,\"transform\":{\"skY\":59.3327,\"y\":-13.0394,\"scX\":0.2,\"scY\":0.2,\"skX\":59.3327,\"x\":65.1249},\"parent\":\"root\",\"name\":\"root111\"},{\"length\":46,\"transform\":{\"skY\":85.3717,\"y\":22.3221,\"scX\":0.3,\"scY\":-0.45,\"skX\":85.3717,\"x\":-24.363},\"parent\":\"root\",\"name\":\"root1111\"},{\"length\":135,\"transform\":{\"skY\":106.2746,\"y\":-32.3763,\"scX\":0.3,\"scY\":0.3,\"skX\":106.2746,\"x\":-28.9319},\"parent\":\"root\",\"name\":\"root2\"},{\"length\":29,\"transform\":{\"skY\":-8.9882,\"y\":117.5273,\"skX\":-8.9882,\"x\":10.767},\"parent\":\"图层_23_拷贝_3\",\"name\":\"图层_23_拷贝_2\"}],\"defaultActions\":[{\"gotoAndPlay\":\"newAnimation\"}],\"slot\":[{\"name\":\"图层_11_拷贝_2\",\"parent\":\"root\",\"color\":{}},{\"z\":1,\"name\":\"图层_21_拷贝\",\"parent\":\"图层_21_拷贝\",\"color\":{}},{\"z\":2,\"name\":\"图层_23_拷贝_2\",\"parent\":\"图层_23_拷贝_2\",\"color\":{}},{\"z\":3,\"name\":\"图层_23_拷贝_3\",\"parent\":\"图层_23_拷贝_3\",\"color\":{}},{\"z\":4,\"displayIndex\":1,\"name\":\"root11\",\"parent\":\"root111\",\"color\":{}},{\"z\":5,\"displayIndex\":1,\"name\":\"root1\",\"parent\":\"root11\",\"color\":{}},{\"z\":6,\"displayIndex\":1,\"name\":\"root111\",\"parent\":\"root1111\",\"color\":{}},{\"z\":7,\"name\":\"图层_7_拷贝\",\"parent\":\"root\",\"color\":{}},{\"blendMode\":\"add\",\"z\":8,\"parent\":\"图层_21_拷贝1\",\"name\":\"图层_21_拷贝1\",\"color\":{}},{\"z\":9,\"name\":\"组_3_拷贝\",\"parent\":\"组_3_拷贝\",\"color\":{}},{\"z\":10,\"displayIndex\":6,\"name\":\"root\",\"parent\":\"root1\",\"color\":{}},{\"z\":11,\"name\":\"图层_8_拷贝\",\"parent\":\"图层_8_拷贝\",\"color\":{}},{\"z\":12,\"displayIndex\":-1,\"name\":\"图层_4\",\"parent\":\"root\",\"color\":{}},{\"z\":13,\"displayIndex\":-1,\"name\":\"root2\",\"parent\":\"root2\",\"color\":{}}],\"name\":\"Armature\"}],\"frameRate\":24,\"name\":\"sca\",\"version\":\"5.0\",\"isGlobal\":0}"]],0,0,[],[],[]],[[{"name":"10","rect":[114,884,140,113],"offset":[0,0],"originalSize":[140,113],"capInsets":[0,0,0,0]}],[0],0,[0],[2],[1]],[[[19,"GaneshSlotItem"],[20,"GaneshSlotItem",[-27,-28,-29,-30,-31,-32,-33,-34,-35,-36,-37,-38,-39],[[18,-2,[87]],[24,-26,[[-21,-22,-23,-24,-25,null,null,null,null,null,null],1,1,1,1,1,0,0,0,0,0,0],[-10,-11,-12,-13,-14,-15,-16,-17,-18,-19,-20],[[null,null,null,null,null,-4,-5,-6,-7,-8,-9],0,0,0,0,0,1,1,1,1,1,1],-3]],[25,-1],[5,148,133],[0,0,0,0,0,0,1,0.9,0.9,1]],[9,"wild",false,1,[-40,-41,-42,-43,-44,-45],[0,"73fi8m6z1LC6WQS7tjv2sL",1],[-0.5,12,0,0,0,0,1,1,1,1]],[21,"item",2,[-47,-48,-49,-50],[[10,2,-46,[82],83]],[0,"541D+lmHdNtqen/TW6U3u3",1],[5,168,126],[3.565,-6.824,0,0,0,0,1,0.92,0.92,1]],[11,"10",false,1,[-51,-52],[0,"60BgoNhVZEHI0YTgtn+kUC",1]],[16,"10",false,4,[-54,-55],[-53],[0,"b2reMo5MNH5ot1PErXyrAq",1],[0,4.627,0,0,0,0,1,1,1,1]],[11,"A",false,1,[-56,-57],[0,"f3bYkfvCVO5LQpYfVZ3B1u",1]],[16,"A",false,6,[-59,-60],[-58],[0,"dbANUJ0ZdGnY7dwRidmIt8",1],[3.585,3.585,0,0,0,0,1,1,1,1]],[9,"DENGTAI",false,1,[-61,-62],[0,"67xw90scVDuKbz6BuCedDk",1],[0,0,0,0,0,0,1,0.95,0.95,1]],[9,"GALI",false,1,[-63,-64],[0,"aa8z9PxaZDfozAdqiGvXwF",1],[0,0,0,0,0,0,1,0.95,0.95,1]],[9,"gongzhu",false,1,[-65,-66],[0,"b6BWjUg8xJK5l4SotDwlMB",1],[0,11,0,0,0,0,1,1,1,1]],[9,"HUANHUAN",false,1,[-67,-68],[0,"6faHywkRpLzbuabr6W99nQ",1],[0,0,0,0,0,0,1,0.9,0.9,1]],[11,"J",false,1,[-69,-70],[0,"35XdQWFeJAzqW+bVno2h/Q",1]],[17,"J",false,12,[-72,-73],[-71],[0,"7agsvbNQFEhaynoHi/Y/4Q",1]],[11,"K",false,1,[-74,-75],[0,"14wq1eV3hDib7qRyCs/6zp",1]],[16,"K",false,14,[-77,-78],[-76],[0,"ebfk3iEOJHypk4iCOrgesF",1],[3.686,4.054,0,0,0,0,1,1,1,1]],[11,"Q",false,1,[-79,-80],[0,"bfx4DuMDNCerEro7t4uNLF",1]],[17,"Q",false,16,[-82,-83],[-81],[0,"f948XyAyREibssL3dusCYx",1]],[12,"x1",2,[-85,-86],[[13,true,-84,[55],54]],[0,"e2nNNfzGtFgLRQwu1SacGc",1],[0.871,40.538,0,0,0,0,1,1,1,1]],[12,"x2",2,[-88,-89],[[13,true,-87,[61],60]],[0,"d4v968hnNFbqmI+V1m0ej3",1],[1.871,40.963,0,0,0,0,1,1,1,1]],[12,"x3",2,[-91,-92],[[13,true,-90,[67],66]],[0,"17aKsPowBIiJxN0dZfWYxR",1],[3.047,39.045,0,0,0,0,1,1,1,1]],[12,"x4",2,[-94,-95],[[13,true,-93,[73],72]],[0,"17hqpL31BFwbxbLa1V3uLQ",1],[7.659,39.481,0,0,0,0,1,1,1,1]],[9,"xiangshen",false,1,[-96,-97],[0,"5ddISMWqpPsLpsOLsllfqh",1],[0,4,0,0,0,0,1,0.9,0.9,1]],[22,"sign",false,1,[[18,-98,[0]]],[0,"10BNkvvt1OjKJcGo9W9quO",1],[5,180,194]],[7,"animateNode",false,1,[-99],[0,"2ea+QJiytEmopZdu7Qxw1e",1],[5,128,128],[346.386,-13.698,0,0,0,0,1,1,1,1]],[8,"Armature","newAnimation",0,"f00805e2-fa0c-4bbd-b0dc-fdc9e4a51a97#a1a06bbd-b6d0-4c5c-b488-97ce6f988fce",24,[1]],[3,"poker_10",5,[[2,-100,[2],3]],[0,"7fM5luCmVNq6peU0yFlLYM",1],[5,140,113],[0,0,0,0,0,0,1,1,1,0]],[23,"poker_101",0,5,[[5,1,-101,[4],5]],[0,"e7QZFWGhxJnpgHCxckDA9l",1],[5,140,113],[0,0,0,0,0,0,1,1,1,0]],[26,5,[[null,6],0,6]],[3,"item",4,[[10,2,-102,[7],8]],[0,"23XiSd8iZG17P529tzq2Tj",1],[5,140,113],[0,4.627,0,0,0,0,1,1,1,1]],[1,"poker_a",7,[[2,-103,[9],10]],[0,"1ao3xBb+hDi4V/n+T6dvyE",1],[5,140,121]],[1,"poker_a1",7,[[5,1,-104,[11],12]],[0,"ad401XlNZHW6QbpIiaWn/8",1],[5,140,121]],[14,7,[13]],[3,"item",6,[[2,-105,[14],15]],[0,"bbHVFIXJFDjZNaP1CCyike",1],[5,140,121],[4,3,0,0,0,0,1,1,1,1]],[7,"DENGTAI",false,8,[-106],[0,"97V7+oYixJ94DuhddKKcTo",1],[5,140,140],[0,4,0,0,0,0,1,1,1,1]],[8,"Armatureshenbei","newAnimation",0,"66feff01-a421-4e10-8cb9-8b270c88dbce#0cbaa330-e63d-47e7-9afa-0b3f9cee5c0c",34,[16]],[3,"item",8,[[10,2,-107,[17],18]],[0,"c4nEByG95Ahq6jEAI2uIr8",1],[5,140,140],[0,4,0,0,0,0,1,1,1,1]],[7,"GALI",false,9,[-108],[0,"2arl4UEAJGMLVLqUs0gYe8",1],[5,140,140],[0.987,3.063,0,0,0,0,1,1,1,1]],[8,"Armatureshenbei","newAnimation",0,"32fcd176-7c35-4afc-b365-81805f9cf597#aa9d07ca-1ec5-4973-bada-4e4ccccd91a3",37,[19]],[3,"item",9,[[2,-109,[20],21]],[0,"001I0n2QdHq4tO4ihf/B0V",1],[5,140,140],[1.082,3.246,0,0,0,0,1,1,1,1]],[7,"gongzhu",false,10,[-110],[0,"39jYzb899KGYCpnXMvzxuJ",1],[5,140,140],[1.474,-6.712,0,0,0,0,1,1,1,1]],[8,"Armatureshenbei","newAnimation",0,"38ae4a7e-4cad-4bef-97c5-91d36a6e9a92#813014e9-be46-4661-8b03-24bd18f96aa5",40,[22]],[3,"item",10,[[2,-111,[23],24]],[0,"b8Lvg1lcFOf6rfj5U46PlL",1],[5,140,140],[1.106,-6.792,0,0,0,0,1,1,1,1]],[7,"HUANHUAN",false,11,[-112],[0,"a44TjIvZFPtqj3Kety2T8Q",1],[5,140,140],[3.385,1.978,0,0,0,0,1,1,1,1]],[8,"Armatureshenbei","newAnimation",0,"30b3c976-1b98-494f-85b5-22de0544422d#740b75da-2249-4deb-aac5-a99ecd509945",43,[25]],[3,"item",11,[[2,-113,[26],27]],[0,"18MhkWUVxOp4Iy5ZigGtJV",1],[5,140,137],[2.081,3,0,0,0,0,1,1,1,1]],[1,"poker_j",13,[[2,-114,[28],29]],[0,"2aHhMYytJI84hn59U/EuOc",1],[5,90,140]],[1,"poker_j1",13,[[5,1,-115,[30],31]],[0,"b64BQYS+1E+5DudHYcImnw",1],[5,90,140]],[14,13,[32]],[1,"item",12,[[2,-116,[33],34]],[0,"91J7o/CZRLbYPK+aU/jB3f",1],[5,90,140]],[1,"poker_k",15,[[2,-117,[35],36]],[0,"2eAcJuRsFJwI0YCb7CEyT9",1],[5,140,118]],[1,"poker_k1",15,[[5,1,-118,[37],38]],[0,"aehEDrNzJGzIQg4ivMW6QO",1],[5,140,118]],[14,15,[39]],[3,"item",14,[[2,-119,[40],41]],[0,"e2KUFyL+lKi7+RBWvzHGNI",1],[5,140,118],[3.686,4.054,0,0,0,0,1,1,1,1]],[1,"poker_q",17,[[10,2,-120,[42],43]],[0,"98Mi7fNYpFGrb7DYZL6pZ5",1],[5,122,140]],[1,"poker_q1",17,[[5,1,-121,[44],45]],[0,"92itMYtmRK2LLt9hHbPfWc",1],[5,122,140]],[14,17,[46]],[1,"item",16,[[10,2,-122,[47],48]],[0,"04Vm/ZJ79N1JYZV9BvvDUy",1],[5,122,140]],[7,"wild",false,2,[-123],[0,"1dPymIq2hHs54KuLBRe1JY",1],[5,194,146],[3.371,-7.173,0,0,0,0,1,0.81,0.81,1]],[8,"Armature","newAnimation",0,"535bbd66-8bf2-4f72-8040-43c7b1b5fdc2#80317ffa-b260-4b70-ab42-33cacfd03f13",58,[49]],[1,"yuansu_012",18,[[2,-124,[50],51]],[0,"c66jZ2AwxMZJyrw5dlwBV8",1],[5,62,52]],[1,"yuansu_0121",18,[[5,1,-125,[52],53]],[0,"baGsax7MxC86lEa/lfaZtu",1],[5,62,52]],[1,"yuansu_013",19,[[2,-126,[56],57]],[0,"27qVFua3tA3YHKT0TVXRvm",1],[5,70,51]],[1,"yuansu_0131",19,[[5,1,-127,[58],59]],[0,"15FUs1bHtJs7+npc94pklS",1],[5,70,51]],[1,"yuansu_014",20,[[2,-128,[62],63]],[0,"2as7CC2OFCy4eoR2rzRvWl",1],[5,70,52]],[1,"yuansu_0141",20,[[5,1,-129,[64],65]],[0,"f59oaWq/tJKp2LIIOzBjZC",1],[5,70,52]],[1,"yuansu_015",21,[[2,-130,[68],69]],[0,"1eXI+ch1VMp7ZHnMZwkcmI",1],[5,70,51]],[1,"yuansu_0151",21,[[5,1,-131,[70],71]],[0,"f5vmituidKy7I14DeZtMCP",1],[5,70,51]],[3,"x1",3,[[2,-132,[74],75]],[0,"8a5rDXtSBPuabA11QtD1vg",1],[5,62,52],[-4,29.576,0,0,0,0,1,1,1,1]],[15,"x2",false,3,[[2,-133,[76],77]],[0,"d7xQ3Oo5NPmpOrRFgdG72C",1],[5,77,62],[-4,30.599,0,0,0,0,1,1,1,1]],[15,"x3",false,3,[[2,-134,[78],79]],[0,"53NdK/UUNHoa8tAlWryZcI",1],[5,77,62],[-2.047,29.469,0,0,0,0,1,1,1,1]],[15,"x4",false,3,[[2,-135,[80],81]],[0,"87dieJkq1ABYJtqsQ5DJEr",1],[5,79,63],[0,29.599,0,0,0,0,1,1,1,1]],[7,"xiangshen - 001",false,22,[-136],[0,"40IuzPwLFAe4z/zKigj3ug",1],[5,237.48620177757851,535.851014075679],[1,3.399,0,0,0,0,1,1,1,1]],[8,"Armature","newAnimation",0,"8f700a81-5b0f-4706-94c9-d738afb16936#44a13739-7f4d-4c7f-8637-3ec851301038",72,[84]],[3,"item",22,[[10,2,-137,[85],86]],[0,"eaL3HUQqNCX4OZLFFUhaJk",1],[5,170,160],[1,1.714,0,0,0,0,1,1,1,1]]],0,[0,6,1,0,0,1,0,7,25,0,-6,38,0,-7,44,0,-8,35,0,-9,41,0,-10,59,0,-11,73,0,-1,4,0,-2,12,0,-3,16,0,-4,14,0,-5,6,0,-6,9,0,-7,11,0,-8,8,0,-9,10,0,-10,2,0,-11,22,0,-1,28,0,-2,48,0,-3,56,0,-4,52,0,-5,32,0,0,1,0,-1,23,0,-2,24,0,-3,4,0,-4,6,0,-5,8,0,-6,9,0,-7,10,0,-8,11,0,-9,12,0,-10,14,0,-11,16,0,-12,2,0,-13,22,0,-1,58,0,-2,18,0,-3,19,0,-4,20,0,-5,21,0,-6,3,0,0,3,0,-1,68,0,-2,69,0,-3,70,0,-4,71,0,-1,5,0,-2,29,0,-1,28,0,-1,26,0,-2,27,0,-1,7,0,-2,33,0,-1,32,0,-1,30,0,-2,31,0,-1,34,0,-2,36,0,-1,37,0,-2,39,0,-1,40,0,-2,42,0,-1,43,0,-2,45,0,-1,13,0,-2,49,0,-1,48,0,-1,46,0,-2,47,0,-1,15,0,-2,53,0,-1,52,0,-1,50,0,-2,51,0,-1,17,0,-2,57,0,-1,56,0,-1,54,0,-2,55,0,0,18,0,-1,60,0,-2,61,0,0,19,0,-1,62,0,-2,63,0,0,20,0,-1,64,0,-2,65,0,0,21,0,-1,66,0,-2,67,0,-1,72,0,-2,74,0,0,23,0,-1,25,0,0,26,0,0,27,0,0,29,0,0,30,0,0,31,0,0,33,0,-1,35,0,0,36,0,-1,38,0,0,39,0,-1,41,0,0,42,0,-1,44,0,0,45,0,0,46,0,0,47,0,0,49,0,0,50,0,0,51,0,0,53,0,0,54,0,0,55,0,0,57,0,-1,59,0,0,60,0,0,61,0,0,62,0,0,63,0,0,64,0,0,65,0,0,66,0,0,67,0,0,68,0,0,69,0,0,70,0,0,71,0,-1,73,0,0,74,0,8,1,137],[0,0,0,0,0,0,0,0,0,0,0,0,0,0,0,0,0,0,0,0,0,0,0,0,0,0,0,0,0,0,0,0,0,0,0,0,0,0,0,0,0,0,0,0,0,0,0,0,0,0,0,0,0,0,0,0,0,0,0,0,0,0,0,0,0,0,0,0,0,0,0,0,0,0,0,0,0,0,0,0,0,0,0,0,0,0,0,0,25,25,28,32,35,35,38,38,41,41,44,44,48,52,56,59,59,73,73],[-1,-1,-1,1,-1,1,-2,-1,1,-1,1,-1,1,-1,-1,1,-1,-1,1,-1,-1,1,-1,-1,1,-1,-1,1,-1,1,-1,1,-1,-1,1,-1,1,-1,1,-1,-1,1,-1,1,-1,1,-1,-1,1,-1,-1,1,-1,1,3,-1,-1,1,-1,1,3,-1,-1,1,-1,1,3,-1,-1,1,-1,1,3,-1,-1,1,-1,1,-1,1,-1,1,-1,1,-1,-1,1,-1,4,5,3,3,4,5,4,5,4,5,4,5,3,3,3,4,5,4,5],[0,0,0,2,0,2,11,0,2,0,3,0,3,12,0,3,0,0,20,0,0,21,0,0,22,0,0,23,0,4,0,4,13,0,4,0,5,0,5,14,0,5,0,6,0,6,15,0,6,0,0,7,0,7,16,16,0,8,0,8,17,17,0,9,0,9,18,18,0,10,0,10,19,19,0,7,0,8,0,9,0,10,0,24,0,0,25,0,26,27,11,12,28,29,30,31,32,33,34,35,13,14,15,36,37,38,39]],[[{"name":"a","rect":[149,707,140,121],"offset":[0,0],"originalSize":[140,121],"capInsets":[0,0,0,0]}],[0],0,[0],[2],[1]],[[{"name":"wild","rect":[3,354,168,126],"offset":[0,0],"originalSize":[168,126],"capInsets":[0,0,0,0]}],[0],0,[0],[2],[1]],[[{"name":"yuansu_015","rect":[179,188,78,51],"offset":[0,0],"originalSize":[78,51],"rotated":1,"capInsets":[0,0,0,0]}],[0],0,[0],[2],[1]],[[[4,"1",1,2,[{"props":{"scale":[],"position":[],"opacity":[]}},"paths",11,[{},"yuansu_012",11,[{},"props",11,[{"position":[],"opacity":[]},"scale",12,[[[{"frame":0},"value",8,[0,1,1]],[{"frame":0.25},"value",8,[0,1.25,1.25]],[{"frame":0.3},"value",8,[0,1.15,1.15]],[{"frame":0.5833333333333334},"value",8,[0,1.15,1.15]],[{"frame":1},"value",8,[0,1,1]]],11,11,11,11,11]]],"yuansu_0121",11,[{},"props",11,[{"position":[],"opacity":[{"frame":0.25,"value":0},{"frame":0.5,"value":150},{"frame":1,"value":0}]},"scale",12,[[[{"frame":0},"value",8,[0,1,1]],[{"frame":0.25},"value",8,[0,1.25,1.25]],[{"frame":0.3},"value",8,[0,1.15,1.15]],[{"frame":0.5833333333333334},"value",8,[0,1.15,1.15]],[{"frame":1},"value",8,[0,1,1]]],11,11,11,11,11]]]]]]],0,0,[],[],[]],[[{"name":"k","rect":[3,760,140,118],"offset":[0,0],"originalSize":[140,118],"capInsets":[0,0,0,0]}],[0],0,[0],[2],[1]],[[[6,"fangxingtexiao_ske","{\"frameRate\":24,\"isGlobal\":0,\"armature\":[{\"skin\":[{\"name\":\"\",\"slot\":[{\"display\":[{\"path\":\"懒人素材 (1)/懒人素材_(15)\",\"type\":\"image\",\"name\":\"2\",\"transform\":{\"y\":26.9579,\"skX\":-87.4801,\"skY\":-87.4801,\"x\":38.2517}},{\"path\":\"懒人素材 (1)/懒人素材_(13)\",\"type\":\"image\",\"name\":\"4\",\"transform\":{\"y\":27.0238,\"skX\":-87.4801,\"skY\":-87.4801,\"x\":39.7503}},{\"path\":\"懒人素材 (1)/懒人素材_(11)\",\"type\":\"image\",\"name\":\"6\",\"transform\":{\"y\":27.0238,\"skX\":-87.4801,\"skY\":-87.4801,\"x\":39.7503}},{\"path\":\"懒人素材 (1)/懒人素材_(9)\",\"type\":\"image\",\"name\":\"8\",\"transform\":{\"y\":27.0238,\"skX\":-87.4801,\"skY\":-87.4801,\"x\":39.7503}},{\"path\":\"懒人素材 (1)/懒人素材_(7)\",\"type\":\"image\",\"name\":\"10\",\"transform\":{\"y\":27.0238,\"skX\":-87.4801,\"skY\":-87.4801,\"x\":39.7503}},{\"path\":\"懒人素材 (1)/懒人素材_(5)\",\"type\":\"image\",\"name\":\"12\",\"transform\":{\"y\":27.0238,\"skX\":-87.4801,\"skY\":-87.4801,\"x\":39.7503}},{\"path\":\"懒人素材 (1)/懒人素材_(3)\",\"type\":\"image\",\"name\":\"14\",\"transform\":{\"y\":27.0238,\"skX\":-87.4801,\"skY\":-87.4801,\"x\":39.7503}},{\"path\":\"懒人素材 (1)/懒人素材_(2)\",\"type\":\"image\",\"name\":\"15\",\"transform\":{\"y\":27.0238,\"skX\":-87.4801,\"skY\":-87.4801,\"x\":39.7503}},{\"path\":\"懒人素材 (1)/懒人素材_(4)\",\"type\":\"image\",\"name\":\"13\",\"transform\":{\"y\":27.0238,\"skX\":-87.4801,\"skY\":-87.4801,\"x\":39.7503}},{\"path\":\"懒人素材 (1)/懒人素材_(6)\",\"type\":\"image\",\"name\":\"11\",\"transform\":{\"y\":27.0238,\"skX\":-87.4801,\"skY\":-87.4801,\"x\":39.7503}},{\"path\":\"懒人素材 (1)/懒人素材_(10)\",\"type\":\"image\",\"name\":\"7\",\"transform\":{\"y\":27.0238,\"skX\":-87.4801,\"skY\":-87.4801,\"x\":39.7503}},{\"path\":\"懒人素材 (1)/懒人素材_(12)\",\"type\":\"image\",\"name\":\"5\",\"transform\":{\"y\":27.0238,\"skX\":-87.4801,\"skY\":-87.4801,\"x\":39.7503}},{\"path\":\"懒人素材 (1)/懒人素材_(14)\",\"type\":\"image\",\"name\":\"3\",\"transform\":{\"y\":27.0238,\"skX\":-87.4801,\"skY\":-87.4801,\"x\":39.7503}},{\"path\":\"懒人素材 (1)/懒人素材_(16)\",\"type\":\"image\",\"name\":\"1\",\"transform\":{\"y\":26.9139,\"skX\":-87.4801,\"skY\":-87.4801,\"x\":37.2527}},{\"path\":\"懒人素材 (1)/懒人素材_(8)\",\"type\":\"image\",\"name\":\"9\",\"transform\":{\"y\":27.0238,\"skX\":-87.4801,\"skY\":-87.4801,\"x\":39.7503}},{\"path\":\"懒人素材 (1)/图层_1\",\"type\":\"image\",\"name\":\"16\",\"transform\":{\"y\":27.0238,\"skX\":-87.4801,\"skY\":-87.4801,\"x\":39.7503}}],\"name\":\"root1\"}]}],\"defaultActions\":[{\"gotoAndPlay\":\"newAnimation\"}],\"type\":\"Armature\",\"bone\":[{\"name\":\"root\",\"transform\":{}},{\"length\":81,\"transform\":{\"scX\":1.95,\"y\":-97.9609,\"scY\":1.95,\"skX\":87.4801,\"skY\":87.4801,\"x\":-293.4251},\"parent\":\"root\",\"name\":\"root11\"}],\"animation\":[{\"ik\":[],\"duration\":24,\"frame\":[],\"bone\":[{\"frame\":[{\"duration\":24,\"transform\":{}}],\"name\":\"root\"},{\"frame\":[{\"duration\":24,\"transform\":{}}],\"name\":\"root11\"}],\"slot\":[{\"frame\":[{\"tweenEasing\":null,\"duration\":1,\"displayIndex\":13},{\"tweenEasing\":null,\"duration\":2},{\"tweenEasing\":null,\"duration\":1,\"displayIndex\":12},{\"tweenEasing\":null,\"duration\":2,\"displayIndex\":1},{\"tweenEasing\":null,\"duration\":1,\"displayIndex\":11},{\"tweenEasing\":null,\"duration\":2,\"displayIndex\":2},{\"tweenEasing\":null,\"duration\":1,\"displayIndex\":10},{\"tweenEasing\":null,\"duration\":2,\"displayIndex\":3},{\"tweenEasing\":null,\"duration\":1,\"displayIndex\":14},{\"tweenEasing\":null,\"duration\":2,\"displayIndex\":4},{\"tweenEasing\":null,\"duration\":1,\"displayIndex\":9},{\"tweenEasing\":null,\"duration\":2,\"displayIndex\":5},{\"tweenEasing\":null,\"duration\":1,\"displayIndex\":8},{\"tweenEasing\":null,\"duration\":2,\"displayIndex\":6},{\"tweenEasing\":null,\"duration\":1,\"displayIndex\":7},{\"tweenEasing\":null,\"duration\":2,\"displayIndex\":15},{\"tweenEasing\":null,\"duration\":0,\"displayIndex\":11}],\"name\":\"root1\"}],\"ffd\":[],\"playTimes\":0,\"name\":\"newAnimation\"}],\"slot\":[{\"color\":{},\"name\":\"root1\",\"parent\":\"root11\",\"displayIndex\":15}],\"aabb\":{\"width\":128,\"y\":-82.20587311861692,\"height\":128,\"x\":-406.66255535160116},\"name\":\"Armature\",\"frameRate\":24,\"ik\":[]}],\"name\":\"fangxingtexiao\",\"version\":\"5.0\"}"]],0,0,[],[],[]],[[{"name":"img_light","rect":[3,486,140,140],"offset":[0,0],"originalSize":[140,140],"capInsets":[0,0,0,0]}],[0],0,[0],[2],[1]]]]