[1,["5et25PcrdB9ZkJN4A5VsH7"],["_textureSetter"],["cc.SpriteFrame"],0,[[[{"name":"3_00027","rect":[254,1210,250,300],"offset":[-2,0],"originalSize":[280,300],"capInsets":[0,0,0,0]}],[0],0,[0],[0],[0]],[[{"name":"3_00020","rect":[506,858,250,300],"offset":[-2,0],"originalSize":[280,300],"capInsets":[0,0,0,0]}],[0],0,[0],[0],[0]],[[{"name":"3_00035","rect":[556,254,250,300],"offset":[-2,0],"originalSize":[280,300],"rotated":1,"capInsets":[0,0,0,0]}],[0],0,[0],[0],[0]],[[{"name":"3_00006","rect":[1412,1010,250,300],"offset":[-2,0],"originalSize":[280,300],"rotated":1,"capInsets":[0,0,0,0]}],[0],0,[0],[0],[0]],[[{"name":"3_00005","rect":[1714,1110,250,300],"offset":[-2,0],"originalSize":[280,300],"rotated":1,"capInsets":[0,0,0,0]}],[0],0,[0],[0],[0]],[[{"name":"3_00040","rect":[858,2,250,300],"offset":[-2,0],"originalSize":[280,300],"rotated":1,"capInsets":[0,0,0,0]}],[0],0,[0],[0],[0]],[[{"name":"3_00047","rect":[2,304,250,300],"offset":[-2,0],"originalSize":[280,300],"capInsets":[0,0,0,0]}],[0],0,[0],[0],[0]],[[{"name":"3_00037","rect":[1764,2,250,300],"offset":[-2,0],"originalSize":[280,300],"capInsets":[0,0,0,0]}],[0],0,[0],[0],[0]],[[{"name":"3_00001","rect":[1362,1664,250,300],"offset":[-2,0],"originalSize":[280,300],"capInsets":[0,0,0,0]}],[0],0,[0],[0],[0]],[[{"name":"3_00012","rect":[808,1764,250,300],"offset":[-2,0],"originalSize":[280,300],"rotated":1,"capInsets":[0,0,0,0]}],[0],0,[0],[0],[0]],[[{"name":"3_00013","rect":[758,1462,250,300],"offset":[-2,0],"originalSize":[280,300],"capInsets":[0,0,0,0]}],[0],0,[0],[0],[0]],[[{"name":"3_00043","rect":[2,1512,250,300],"offset":[-2,0],"originalSize":[280,300],"capInsets":[0,0,0,0]}],[0],0,[0],[0],[0]],[[{"name":"3_00038","rect":[1462,2,250,300],"offset":[-2,0],"originalSize":[280,300],"rotated":1,"capInsets":[0,0,0,0]}],[0],0,[0],[0],[0]],[[{"name":"3_00019","rect":[506,1160,250,300],"offset":[-2,0],"originalSize":[280,300],"capInsets":[0,0,0,0]}],[0],0,[0],[0],[0]],[[{"name":"3_00003","rect":[1110,1664,250,300],"offset":[-2,0],"originalSize":[280,300],"capInsets":[0,0,0,0]}],[0],0,[0],[0],[0]],[[{"name":"3_00036","rect":[254,254,250,300],"offset":[-2,0],"originalSize":[280,300],"rotated":1,"capInsets":[0,0,0,0]}],[0],0,[0],[0],[0]],[[{"name":"3_00028","rect":[254,908,250,300],"offset":[-2,0],"originalSize":[280,300],"capInsets":[0,0,0,0]}],[0],0,[0],[0],[0]],[[{"name":"3_00030","rect":[1764,304,250,300],"offset":[-2,0],"originalSize":[280,300],"capInsets":[0,0,0,0]}],[0],0,[0],[0],[0]],[[{"name":"3_00009","rect":[1714,858,250,300],"offset":[-2,0],"originalSize":[280,300],"rotated":1,"capInsets":[0,0,0,0]}],[0],0,[0],[0],[0]],[[{"name":"3_00016","rect":[506,1764,250,300],"offset":[-2,0],"originalSize":[280,300],"rotated":1,"capInsets":[0,0,0,0]}],[0],0,[0],[0],[0]],[[{"name":"3_00041","rect":[556,2,250,300],"offset":[-2,0],"originalSize":[280,300],"rotated":1,"capInsets":[0,0,0,0]}],[0],0,[0],[0],[0]],[[{"name":"3_00032","rect":[1160,254,250,300],"offset":[-2,0],"originalSize":[280,300],"rotated":1,"capInsets":[0,0,0,0]}],[0],0,[0],[0],[0]],[[{"name":"3_00045","rect":[2,908,250,300],"offset":[-2,0],"originalSize":[280,300],"capInsets":[0,0,0,0]}],[0],0,[0],[0],[0]],[[{"name":"3_00024","rect":[808,506,250,300],"offset":[-2,0],"originalSize":[280,300],"rotated":1,"capInsets":[0,0,0,0]}],[0],0,[0],[0],[0]],[[{"name":"3_00010","rect":[1412,758,250,300],"offset":[-2,0],"originalSize":[280,300],"rotated":1,"capInsets":[0,0,0,0]}],[0],0,[0],[0],[0]],[[{"name":"3_00015","rect":[758,858,250,300],"offset":[-2,0],"originalSize":[280,300],"capInsets":[0,0,0,0]}],[0],0,[0],[0],[0]],[[{"name":"3_00008","rect":[1110,1010,250,300],"offset":[-2,0],"originalSize":[280,300],"rotated":1,"capInsets":[0,0,0,0]}],[0],0,[0],[0],[0]],[[{"name":"3_00042","rect":[254,2,250,300],"offset":[-2,0],"originalSize":[280,300],"rotated":1,"capInsets":[0,0,0,0]}],[0],0,[0],[0],[0]],[[{"name":"3_00034","rect":[858,254,250,300],"offset":[-2,0],"originalSize":[280,300],"rotated":1,"capInsets":[0,0,0,0]}],[0],0,[0],[0],[0]],[[{"name":"3_00021","rect":[1714,606,250,300],"offset":[-2,0],"originalSize":[280,300],"rotated":1,"capInsets":[0,0,0,0]}],[0],0,[0],[0],[0]],[[{"name":"3_00046","rect":[2,606,250,300],"offset":[-2,0],"originalSize":[280,300],"capInsets":[0,0,0,0]}],[0],0,[0],[0],[0]],[[{"name":"3_00029","rect":[254,606,250,300],"offset":[-2,0],"originalSize":[280,300],"capInsets":[0,0,0,0]}],[0],0,[0],[0],[0]],[[{"name":"3_00002","rect":[1262,1362,250,300],"offset":[-2,0],"originalSize":[280,300],"capInsets":[0,0,0,0]}],[0],0,[0],[0],[0]],[[{"name":"3_00048","rect":[2,2,250,300],"offset":[-2,0],"originalSize":[280,300],"capInsets":[0,0,0,0]}],[0],0,[0],[0],[0]],[[{"name":"3_00018","rect":[506,1462,250,300],"offset":[-2,0],"originalSize":[280,300],"capInsets":[0,0,0,0]}],[0],0,[0],[0],[0]],[[{"name":"3_00031","rect":[1462,254,250,300],"offset":[-2,0],"originalSize":[280,300],"rotated":1,"capInsets":[0,0,0,0]}],[0],0,[0],[0],[0]],[[{"name":"3_00023","rect":[1110,506,250,300],"offset":[-2,0],"originalSize":[280,300],"rotated":1,"capInsets":[0,0,0,0]}],[0],0,[0],[0],[0]],[[{"name":"3_00039","rect":[1160,2,250,300],"offset":[-2,0],"originalSize":[280,300],"rotated":1,"capInsets":[0,0,0,0]}],[0],0,[0],[0],[0]],[[{"name":"3_00025","rect":[506,506,250,300],"offset":[-2,0],"originalSize":[280,300],"rotated":1,"capInsets":[0,0,0,0]}],[0],0,[0],[0],[0]],[[{"name":"3_00026","rect":[254,1512,250,300],"offset":[-2,0],"originalSize":[280,300],"capInsets":[0,0,0,0]}],[0],0,[0],[0],[0]],[[{"name":"3_00000","rect":[1514,1362,250,300],"offset":[-2,0],"originalSize":[280,300],"capInsets":[0,0,0,0]}],[0],0,[0],[0],[0]],[[{"name":"3_00011","rect":[1110,758,250,300],"offset":[-2,0],"originalSize":[280,300],"rotated":1,"capInsets":[0,0,0,0]}],[0],0,[0],[0],[0]],[[{"name":"3_00014","rect":[758,1160,250,300],"offset":[-2,0],"originalSize":[280,300],"capInsets":[0,0,0,0]}],[0],0,[0],[0],[0]],[[{"name":"3_00004","rect":[1010,1362,250,300],"offset":[-2,0],"originalSize":[280,300],"capInsets":[0,0,0,0]}],[0],0,[0],[0],[0]],[[{"name":"3_00044","rect":[2,1210,250,300],"offset":[-2,0],"originalSize":[280,300],"capInsets":[0,0,0,0]}],[0],0,[0],[0],[0]],[[{"name":"3_00022","rect":[1412,506,250,300],"offset":[-2,0],"originalSize":[280,300],"rotated":1,"capInsets":[0,0,0,0]}],[0],0,[0],[0],[0]]]]