[1,["ecpdLyjvZBwrvm+cedCcQy","aaZqzRPEBBcqkMCKJFdSi1","a2MjXRFdtLlYQ5ouAFv/+R","c8+ENjOztOX687TpitxXSe","88fItaailCY6QWIYr4ii16","7fAsvclHJNF73xSJibTIHm","fdKqInirtHEIwswEhVU38J","73BpNadORG2oBRMYqaZ6gV","abF1R+NIFEKpYG5ZDPtrC7"],["node","_N$file","_N$dragonAsset","_N$dragonAtlasAsset","root","data","_spriteFrame"],[["cc.Node",["_name","_active","_opacity","_prefab","_components","_contentSize","_parent","_children","_trs","_color"],0,4,9,5,1,2,7,5],["cc.Widget",["_alignFlags","_originalWidth","_originalHeight","node"],0,1],["cc.PrefabInfo",["fileId","root"],2,1],["cc.Label",["_isSystemFontUsed","_N$horizontalAlign","_N$verticalAlign","_string","node","_materials","_N$file"],-1,1,3,6],["cc.Prefab",["_name"],2],["cc.Button",["node"],3,1],["cc.Sprite",["_sizeMode","node","_materials","_spriteFrame"],2,1,3,6],["dragonBones.ArmatureDisplay",["_armatureName","_animationName","_preCacheMode","playTimes","_armatureKey","node","_materials","_N$dragonAsset","_N$dragonAtlasAsset"],-2,1,3,6,6],["dragonBones.DragonBonesAsset",["_name","_dragonBonesJson"],1]],[[2,0,1,2],[0,0,1,6,7,4,3,5,3],[0,0,6,4,3,5,8,2],[7,0,1,2,3,4,5,6,7,8,6],[8,0,1,3],[3,0,1,2,4,5,6,4],[4,0,2],[0,0,1,7,4,3,5,8,3],[0,0,6,7,3,2],[0,0,2,6,4,3,9,5,3],[1,0,3,2],[1,0,1,2,3,4],[5,0,1],[2,1,1],[6,0,1,2,3,2],[3,3,0,1,2,4,5,6,5]],[[[[6,"winNode"],[7,"winNode",false,[-4,-5],[[10,45,-2],[12,-3]],[13,-1],[5,1520,720],[760,360,0,0,0,0,1,1,1,0]],[8,"node",1,[-6,-7,-8],[0,"fcWemAL/FJPZ0+WjpYvxX/",1]],[9,"bg",160,1,[[14,0,-9,[0],1],[11,45,100,100,-10]],[0,"b97DKNeNZDYKzSN3v5KGrU",1],[4,4278190080],[5,1520,720]],[1,"win",false,2,[-12],[[3,"Armature","newAnimation",0,1,"c8f84363-3b3b-4e5f-af3b-4e98adc5749e#887c8b5a-6a29-4263-a416-218af88a2d7a",-11,[4],5,6]],[0,"2dVKlnBVdMX5hMZ4Rtpiaj",1],[5,755,202]],[1,"smailwin",false,2,[-14],[[3,"Armature","newAnimation",0,1,"7f02cbdc-9472-4d17-bdf1-48989b4c81e6#fd2aa227-8abb-4710-8c2c-c04855537f09",-13,[9],10,11]],[0,"a7/I1krIFNwImDJyYVRAUg",1],[5,616,495]],[1,"suprewin",false,2,[-16],[[3,"Armature","newAnimation",0,1,"7306935a-74e4-46da-8051-318a9a67a815#ab17547e-3481-442a-9606-e590cfb6b0bb",-15,[14],15,16]],[0,"1bUlWlL29BSa4hCnbC04Iw",1],[5,700.3448886394975,561.5322843844301]],[2,"numLabel",4,[[5,false,1,1,-17,[2],3]],[0,"98wKHLF69Lz7cCYz6n+wnR",1],[5,241.25,40],[7,-108,0,0,0,0,1,1,1,1]],[2,"numLabel",5,[[15,"1515K",false,1,1,-18,[7],8]],[0,"692qw6IcpCcrCHp+nUvvSA",1],[5,175,40],[7,-173.502,0,0,0,0,1,1,1,1]],[2,"numLabel",6,[[5,false,1,1,-19,[12],13]],[0,"40gascZ75MXqJD4Ax1gQAm",1],[5,0,40],[7,-171.508,0,0,0,0,1,1,1,1]]],0,[0,4,1,0,0,1,0,0,1,0,-1,3,0,-2,2,0,-1,4,0,-2,5,0,-3,6,0,0,3,0,0,3,0,0,4,0,-1,7,0,0,5,0,-1,8,0,0,6,0,-1,9,0,0,7,0,0,8,0,0,9,0,5,1,19],[0,0,0,0,0,0,0,0,0,0,0,0,0,0,0,0,0],[-1,6,-1,1,-1,2,3,-1,1,-1,2,3,-1,1,-1,2,3],[0,2,0,1,0,3,4,0,1,0,5,6,0,1,0,7,8]],[[[4,"superwin_ske","{\"frameRate\":24,\"isGlobal\":0,\"armature\":[{\"ik\":[],\"bone\":[{\"name\":\"root\",\"transform\":{}},{\"transform\":{},\"name\":\"super\",\"parent\":\"root\"},{\"transform\":{\"y\":-73,\"x\":-3},\"name\":\"bone\",\"parent\":\"root\"},{\"transform\":{\"y\":84,\"x\":-6},\"name\":\"bone1\",\"parent\":\"super\"},{\"transform\":{\"y\":125,\"x\":-176},\"name\":\"bone3\",\"parent\":\"super\"},{\"transform\":{\"y\":95,\"x\":-162},\"name\":\"bone4\",\"parent\":\"super\"},{\"transform\":{\"y\":172,\"x\":-2},\"name\":\"bone2\",\"parent\":\"super\"},{\"transform\":{\"y\":70.6,\"skX\":88.6026,\"skY\":88.6026,\"scX\":-1,\"x\":183.5},\"name\":\"bone51\",\"parent\":\"super\"},{\"transform\":{\"y\":65,\"x\":-189},\"name\":\"bone5\",\"parent\":\"super\"},{\"transform\":{\"y\":95,\"scX\":-1,\"x\":156.5},\"name\":\"bone41\",\"parent\":\"super\"},{\"transform\":{},\"name\":\"bone6\",\"parent\":\"super\"},{\"transform\":{},\"name\":\"bone7\",\"parent\":\"super\"},{\"transform\":{\"y\":2.0951},\"name\":\"xgtb\",\"parent\":\"super\"},{\"transform\":{\"y\":119.45,\"scX\":-1,\"x\":161.5},\"name\":\"bone31\",\"parent\":\"super\"},{\"transform\":{},\"name\":\"fly11\",\"parent\":\"bone51\"},{\"transform\":{\"skX\":-92.3267,\"skY\":-92.3267},\"name\":\"fly1\",\"parent\":\"bone5\"},{\"transform\":{\"skY\":180,\"scX\":-1},\"name\":\"fly21\",\"parent\":\"bone51\"},{\"transform\":{},\"name\":\"fly2\",\"parent\":\"fly1\"}],\"aabb\":{\"width\":700.3448886394975,\"y\":-247.5,\"height\":561.5322843844301,\"x\":-348.6586559126405},\"type\":\"Armature\",\"frameRate\":24,\"defaultActions\":[{\"gotoAndPlay\":\"newAnimation\"}],\"animation\":[{\"ik\":[],\"playTimes\":0,\"bone\":[{\"frame\":[{\"transform\":{},\"duration\":60}],\"name\":\"root\"},{\"frame\":[{\"tweenEasing\":0,\"transform\":{\"scY\":0.1,\"y\":165.4561,\"scX\":0.1},\"duration\":4},{\"tweenEasing\":0,\"transform\":{\"y\":2.2703},\"duration\":2},{\"tweenEasing\":0,\"transform\":{\"scY\":1.0667,\"y\":67.2812,\"scX\":1.0667},\"duration\":1},{\"tweenEasing\":0,\"transform\":{\"scY\":1.1,\"y\":33.6406,\"scX\":1.1},\"duration\":1},{\"tweenEasing\":0,\"transform\":{\"scY\":1.0333,\"scX\":1.0333},\"duration\":2},{\"tweenEasing\":0,\"transform\":{\"scY\":0.9,\"y\":-19.5333,\"scX\":0.9},\"duration\":1},{\"transform\":{\"scY\":0.9333,\"scX\":0.9333},\"duration\":2},{\"tweenEasing\":0,\"transform\":{},\"duration\":2},{\"tweenEasing\":0,\"transform\":{\"scY\":0.95,\"scX\":0.95},\"duration\":2},{\"transform\":{},\"duration\":43}],\"name\":\"super\"},{\"frame\":[{\"tweenEasing\":0,\"transform\":{\"scY\":0.1,\"y\":-217.9912,\"scX\":0.1},\"duration\":4},{\"tweenEasing\":0,\"transform\":{},\"duration\":2},{\"tweenEasing\":0,\"transform\":{\"scY\":1.0667,\"y\":63.2878,\"scX\":1.0667},\"duration\":1},{\"tweenEasing\":0,\"transform\":{\"scY\":1.1,\"y\":31.6439,\"scX\":1.1},\"duration\":1},{\"tweenEasing\":0,\"transform\":{\"scY\":1.0333,\"scX\":1.0333},\"duration\":2},{\"tweenEasing\":0,\"transform\":{\"scY\":0.9,\"y\":-20.0541,\"scX\":0.9},\"duration\":1},{\"transform\":{\"scY\":0.9333,\"scX\":0.9333},\"duration\":2},{\"tweenEasing\":0,\"transform\":{},\"duration\":2},{\"tweenEasing\":0,\"transform\":{\"scY\":0.95,\"scX\":0.95},\"duration\":2},{\"transform\":{},\"duration\":43}],\"name\":\"bone\"},{\"frame\":[{\"transform\":{},\"duration\":60}],\"name\":\"bone1\"},{\"frame\":[{\"transform\":{},\"duration\":60}],\"name\":\"bone2\"},{\"frame\":[{\"tweenEasing\":0,\"transform\":{\"y\":24.6383,\"x\":39.6951},\"duration\":5},{\"tweenEasing\":0,\"transform\":{},\"duration\":3},{\"tweenEasing\":0,\"transform\":{\"skX\":32.3164,\"skY\":32.3164},\"duration\":5},{\"tweenEasing\":0,\"transform\":{},\"duration\":2},{\"transform\":{\"skX\":5.7824,\"skY\":5.7824},\"duration\":45}],\"name\":\"bone3\"},{\"frame\":[{\"tweenEasing\":0,\"transform\":{\"y\":24.6383,\"x\":39.6951},\"duration\":5},{\"tweenEasing\":0,\"transform\":{},\"duration\":3},{\"tweenEasing\":0,\"transform\":{\"skX\":26.1304,\"skY\":26.1304},\"duration\":5},{\"tweenEasing\":0,\"transform\":{},\"duration\":2},{\"transform\":{\"skX\":5.7824,\"skY\":5.7824},\"duration\":45}],\"name\":\"bone4\"},{\"frame\":[{\"tweenEasing\":0,\"transform\":{},\"duration\":4},{\"tweenEasing\":0,\"transform\":{\"skX\":106.9904,\"skY\":106.9904},\"duration\":2},{\"tweenEasing\":0,\"transform\":{\"skX\":119.9035,\"skY\":119.9035},\"duration\":4},{\"tweenEasing\":0,\"transform\":{\"skX\":85.3868,\"skY\":85.3868},\"duration\":3},{\"tweenEasing\":0,\"transform\":{\"skX\":98.097,\"skY\":98.097},\"duration\":7},{\"transform\":{\"skX\":115.5815,\"skY\":115.5815},\"duration\":40}],\"name\":\"bone5\"},{\"frame\":[{\"tweenEasing\":0,\"transform\":{},\"duration\":4},{\"tweenEasing\":0,\"transform\":{\"skX\":-104.0316,\"skY\":-104.0316},\"duration\":2},{\"tweenEasing\":0,\"transform\":{\"skX\":-113.8733,\"skY\":-113.8733},\"duration\":4},{\"tweenEasing\":0,\"transform\":{\"skX\":-80.9318,\"skY\":-80.9318},\"duration\":3},{\"tweenEasing\":0,\"transform\":{\"skX\":-95.5508,\"skY\":-95.5508},\"duration\":7},{\"transform\":{\"scY\":1.5,\"skX\":-109.5631,\"skY\":-109.5631,\"scX\":1.5},\"duration\":40}],\"name\":\"bone51\"},{\"frame\":[{\"tweenEasing\":0,\"transform\":{\"y\":24.6383,\"x\":-43.8014},\"duration\":5},{\"tweenEasing\":0,\"transform\":{},\"duration\":3},{\"tweenEasing\":0,\"transform\":{\"skX\":-33.8499,\"skY\":-33.8499},\"duration\":5},{\"tweenEasing\":0,\"transform\":{},\"duration\":2},{\"transform\":{\"skX\":-7.5002,\"skY\":-7.5002},\"duration\":45}],\"name\":\"bone31\"},{\"frame\":[{\"tweenEasing\":0,\"transform\":{\"y\":24.6383,\"x\":-43.8014},\"duration\":5},{\"tweenEasing\":0,\"transform\":{},\"duration\":3},{\"tweenEasing\":0,\"transform\":{\"skX\":-25.2307,\"skY\":-25.2307},\"duration\":5},{\"tweenEasing\":0,\"transform\":{},\"duration\":2},{\"transform\":{\"skX\":-7.5002,\"skY\":-7.5002},\"duration\":45}],\"name\":\"bone41\"},{\"frame\":[{\"transform\":{},\"duration\":13},{\"transform\":{},\"duration\":47}],\"name\":\"fly11\"},{\"frame\":[{\"transform\":{},\"duration\":13},{\"tweenEasing\":0,\"transform\":{},\"duration\":7},{\"transform\":{\"scY\":1.5,\"scX\":1.5},\"duration\":40}],\"name\":\"fly1\"},{\"frame\":[{\"tweenEasing\":0,\"transform\":{},\"duration\":13},{\"tweenEasing\":0,\"transform\":{},\"duration\":12},{\"transform\":{\"scY\":3,\"y\":15.8318,\"scX\":3,\"x\":141.3788},\"duration\":35}],\"name\":\"fly21\"},{\"frame\":[{\"tweenEasing\":0,\"transform\":{},\"duration\":13},{\"tweenEasing\":0,\"transform\":{},\"duration\":12},{\"transform\":{\"scY\":3,\"y\":53.6486,\"scX\":3,\"x\":134.5042},\"duration\":35}],\"name\":\"fly2\"},{\"frame\":[{\"tweenEasing\":0,\"transform\":{},\"duration\":8},{\"tweenEasing\":0,\"transform\":{\"scY\":0.45,\"scX\":0.45},\"duration\":10},{\"tweenEasing\":0,\"transform\":{\"scY\":1.4045,\"skX\":-90,\"skY\":-90,\"scX\":1.4045},\"duration\":1},{\"transform\":{\"scY\":1.5,\"skX\":-99,\"skY\":-99,\"scX\":1.5},\"duration\":9},{\"transform\":{\"scY\":1.5,\"skX\":-180,\"skY\":-180,\"scX\":1.5},\"duration\":32}],\"name\":\"bone6\"},{\"frame\":[{\"tweenEasing\":0,\"transform\":{},\"duration\":7},{\"tweenEasing\":0,\"transform\":{\"scY\":0.3,\"scX\":0.3},\"duration\":11},{\"tweenEasing\":0,\"transform\":{\"scY\":1.7143,\"skX\":90,\"skY\":90,\"scX\":1.7143},\"duration\":10},{\"transform\":{\"scY\":3,\"skX\":180,\"skY\":180,\"scX\":3},\"duration\":32}],\"name\":\"bone7\"},{\"frame\":[{\"tweenEasing\":0,\"transform\":{\"scY\":1.8,\"scX\":1.8},\"duration\":15},{\"tweenEasing\":0,\"transform\":{\"scY\":1.8,\"skX\":45,\"skY\":45,\"scX\":1.8},\"duration\":15},{\"tweenEasing\":0,\"transform\":{\"scY\":1.8,\"skX\":90,\"skY\":90,\"scX\":1.8},\"duration\":15},{\"tweenEasing\":0,\"transform\":{\"scY\":1.8,\"skX\":135,\"skY\":135,\"scX\":1.8},\"duration\":15},{\"transform\":{\"scY\":1.8,\"skX\":180,\"skY\":180,\"scX\":1.8},\"duration\":0}],\"name\":\"xgtb\"}],\"slot\":[{\"frame\":[{\"tweenEasing\":0,\"color\":{\"aM\":0},\"duration\":15},{\"tweenEasing\":0,\"duration\":30},{\"tweenEasing\":0,\"duration\":15},{\"tweenEasing\":null,\"color\":{\"aM\":0},\"duration\":0}],\"name\":\"fg\"},{\"frame\":[{\"tweenEasing\":0,\"color\":{\"aM\":0},\"duration\":4},{\"tweenEasing\":0,\"duration\":9},{\"tweenEasing\":0,\"duration\":15},{\"tweenEasing\":null,\"color\":{\"aM\":0},\"duration\":32}],\"name\":\"fly021\"},{\"frame\":[{\"tweenEasing\":0,\"color\":{\"aM\":0},\"duration\":4},{\"tweenEasing\":null,\"duration\":56}],\"name\":\"fly011\"},{\"frame\":[{\"tweenEasing\":0,\"color\":{\"aM\":0},\"duration\":4},{\"tweenEasing\":0,\"duration\":9},{\"tweenEasing\":0,\"duration\":15},{\"tweenEasing\":null,\"color\":{\"aM\":0},\"duration\":32}],\"name\":\"fly02\"},{\"frame\":[{\"tweenEasing\":0,\"color\":{\"aM\":0},\"duration\":4},{\"tweenEasing\":null,\"duration\":56}],\"name\":\"fly01\"},{\"frame\":[{\"tweenEasing\":0,\"color\":{\"aM\":0},\"duration\":5},{\"tweenEasing\":null,\"duration\":55}],\"name\":\"laba21\"},{\"frame\":[{\"tweenEasing\":0,\"color\":{\"aM\":0},\"duration\":5},{\"tweenEasing\":null,\"duration\":55}],\"name\":\"laba11\"},{\"frame\":[{\"tweenEasing\":0,\"color\":{\"aM\":0},\"duration\":5},{\"tweenEasing\":null,\"duration\":55}],\"name\":\"laba1\"},{\"frame\":[{\"tweenEasing\":0,\"color\":{\"aM\":0},\"duration\":5},{\"tweenEasing\":null,\"duration\":55}],\"name\":\"laba2\"},{\"frame\":[{\"tweenEasing\":0,\"color\":{\"aM\":0},\"duration\":4},{\"tweenEasing\":null,\"duration\":56}],\"name\":\"图层_3\"},{\"frame\":[{\"tweenEasing\":0,\"color\":{\"aM\":0},\"duration\":5},{\"tweenEasing\":null,\"duration\":55}],\"name\":\"图层_1\"},{\"frame\":[{\"tweenEasing\":0,\"color\":{\"aM\":0},\"duration\":5},{\"tweenEasing\":null,\"duration\":55}],\"name\":\"图层_2\"},{\"frame\":[{\"tweenEasing\":0,\"color\":{\"aM\":0},\"duration\":7},{\"tweenEasing\":0,\"color\":{\"aM\":0},\"duration\":11},{\"tweenEasing\":0,\"duration\":10},{\"tweenEasing\":null,\"color\":{\"aM\":0},\"duration\":32}],\"name\":\"yrrm\"},{\"frame\":[{\"tweenEasing\":0,\"color\":{\"aM\":0},\"duration\":7},{\"tweenEasing\":0,\"color\":{\"aM\":0},\"duration\":11},{\"tweenEasing\":0,\"duration\":10},{\"tweenEasing\":null,\"color\":{\"aM\":0},\"duration\":32}],\"name\":\"gggg\"}],\"ffd\":[],\"frame\":[],\"name\":\"newAnimation\",\"duration\":60}],\"slot\":[{\"name\":\"fg\",\"parent\":\"xgtb\",\"color\":{}},{\"z\":1,\"name\":\"fly021\",\"parent\":\"fly21\",\"color\":{}},{\"z\":2,\"name\":\"fly011\",\"parent\":\"fly11\",\"color\":{}},{\"z\":3,\"name\":\"fly02\",\"parent\":\"fly2\",\"color\":{}},{\"z\":4,\"name\":\"fly01\",\"parent\":\"fly1\",\"color\":{}},{\"z\":5,\"name\":\"laba21\",\"parent\":\"bone41\",\"color\":{}},{\"z\":6,\"name\":\"laba11\",\"parent\":\"bone31\",\"color\":{}},{\"z\":7,\"name\":\"laba1\",\"parent\":\"bone3\",\"color\":{}},{\"z\":8,\"name\":\"laba2\",\"parent\":\"bone4\",\"color\":{}},{\"z\":9,\"name\":\"图层_3\",\"parent\":\"bone\",\"color\":{}},{\"z\":10,\"name\":\"图层_1\",\"parent\":\"bone1\",\"color\":{}},{\"z\":11,\"name\":\"图层_2\",\"parent\":\"bone2\",\"color\":{}},{\"blendMode\":\"add\",\"z\":12,\"parent\":\"bone6\",\"name\":\"yrrm\",\"color\":{}},{\"z\":13,\"name\":\"gggg\",\"parent\":\"bone7\",\"color\":{}}],\"name\":\"Armature\",\"skin\":[{\"slot\":[{\"display\":[{\"path\":\"superwin/laba2\",\"type\":\"image\",\"name\":\"superwin/laba2\",\"transform\":{\"y\":-27.5,\"x\":-36.5}}],\"name\":\"laba21\"},{\"display\":[{\"path\":\"superwin/laba2\",\"type\":\"image\",\"name\":\"superwin/laba2\",\"transform\":{\"y\":-27.5,\"x\":-36.5}}],\"name\":\"laba2\"},{\"display\":[{\"path\":\"superwin/yrrm\",\"type\":\"image\",\"name\":\"superwin/yrrm\",\"transform\":{\"x\":0.5}}],\"blendMode\":\"add\",\"name\":\"yrrm\"},{\"display\":[{\"path\":\"superwin/fly02\",\"type\":\"image\",\"name\":\"superwin/fly02\",\"transform\":{\"y\":-21.5,\"x\":-146}}],\"name\":\"fly02\"},{\"display\":[{\"path\":\"superwin/fly01\",\"type\":\"image\",\"name\":\"superwin/fly01\",\"transform\":{\"y\":-28,\"x\":-131}}],\"name\":\"fly011\"},{\"display\":[{\"path\":\"superwin/fly02\",\"type\":\"image\",\"name\":\"superwin/fly02\",\"transform\":{\"y\":-21.5,\"x\":-146}}],\"name\":\"fly021\"},{\"display\":[{\"path\":\"superwin/图层_2\",\"type\":\"image\",\"name\":\"superwin/图层_2\",\"transform\":{\"y\":4.5,\"x\":2}}],\"name\":\"图层_2\"},{\"display\":[{\"path\":\"superwin/laba1\",\"type\":\"image\",\"name\":\"superwin/laba1\",\"transform\":{\"y\":-12.5,\"x\":-34.5}}],\"name\":\"laba1\"},{\"display\":[{\"path\":\"superwin/fly01\",\"type\":\"image\",\"name\":\"superwin/fly01\",\"transform\":{\"y\":-28,\"x\":-131}}],\"name\":\"fly01\"},{\"display\":[{\"path\":\"superwin/fg\",\"type\":\"image\",\"name\":\"superwin/fg\",\"transform\":{\"y\":0.722,\"x\":3.0455}}],\"name\":\"fg\"},{\"display\":[{\"path\":\"superwin/gggg\",\"type\":\"image\",\"name\":\"superwin/gggg\",\"transform\":{\"y\":-0.5}}],\"name\":\"gggg\"},{\"display\":[{\"path\":\"superwin/laba1\",\"type\":\"image\",\"name\":\"superwin/laba1\",\"transform\":{\"y\":-12.5,\"x\":-44.5}}],\"name\":\"laba11\"},{\"display\":[{\"path\":\"superwin/图层_3\",\"type\":\"image\",\"name\":\"superwin/图层_3\",\"transform\":{\"y\":1,\"x\":-5.5}}],\"name\":\"图层_3\"},{\"display\":[{\"path\":\"superwin/图层_1\",\"type\":\"image\",\"name\":\"superwin/图层_1\",\"transform\":{\"y\":-18,\"x\":-6}}],\"name\":\"图层_1\"}],\"name\":\"\"}]}],\"name\":\"superwin\",\"version\":\"4.0\"}"]],0,0,[],[],[]],[[[4,"Bigwin_ske","{\"frameRate\":24,\"isGlobal\":0,\"armature\":[{\"type\":\"Armature\",\"bone\":[{\"name\":\"root\",\"transform\":{}},{\"transform\":{},\"name\":\"bigwin\",\"parent\":\"root\"},{\"transform\":{\"y\":123,\"x\":-6},\"name\":\"bone\",\"parent\":\"bigwin\"},{\"transform\":{\"y\":-52,\"x\":-6},\"name\":\"bone1\",\"parent\":\"bigwin\"},{\"transform\":{},\"name\":\"bone11\",\"parent\":\"bigwin\"},{\"transform\":{\"y\":-11.6534},\"name\":\"bone12\",\"parent\":\"bigwin\"},{\"transform\":{},\"name\":\"bone10\",\"parent\":\"bigwin\"},{\"transform\":{\"y\":13,\"x\":-192},\"name\":\"bone8\",\"parent\":\"bone\"},{\"transform\":{\"y\":-1,\"x\":179},\"name\":\"bone7\",\"parent\":\"bone\"},{\"transform\":{\"y\":-33,\"x\":174},\"name\":\"bone6\",\"parent\":\"bone\"},{\"transform\":{\"y\":7,\"x\":191},\"name\":\"bone9\",\"parent\":\"bone\"},{\"transform\":{\"y\":-34,\"x\":-170},\"name\":\"bone4\",\"parent\":\"bone\"},{\"transform\":{\"y\":-2,\"x\":-171},\"name\":\"bone5\",\"parent\":\"bone\"},{\"transform\":{\"y\":-25,\"x\":-3},\"name\":\"bone2\",\"parent\":\"bone\"},{\"transform\":{\"y\":53,\"x\":2},\"name\":\"bone3\",\"parent\":\"bone\"}],\"aabb\":{\"width\":616,\"y\":-247.5,\"height\":495,\"x\":-308},\"slot\":[{\"color\":{\"aM\":0},\"name\":\"13d0ccc819103952f2e195a952ad6fb\",\"parent\":\"bone12\"},{\"z\":1,\"color\":{},\"name\":\"麦子\",\"parent\":\"bone8\"},{\"z\":2,\"color\":{},\"name\":\"laba1\",\"parent\":\"bone5\"},{\"z\":3,\"color\":{},\"name\":\"laba2\",\"parent\":\"bone4\"},{\"z\":4,\"color\":{},\"name\":\"麦子_拷贝\",\"parent\":\"bone9\"},{\"z\":5,\"color\":{},\"name\":\"laba1_拷贝\",\"parent\":\"bone7\"},{\"z\":6,\"color\":{},\"name\":\"laba2_拷贝\",\"parent\":\"bone6\"},{\"z\":7,\"color\":{},\"name\":\"图层_1\",\"parent\":\"bone2\"},{\"z\":8,\"color\":{},\"name\":\"图层_2\",\"parent\":\"bone3\"},{\"z\":9,\"color\":{\"aM\":0},\"name\":\"图层_3\",\"parent\":\"bone1\"},{\"blendMode\":\"add\",\"z\":10,\"color\":{\"aM\":0},\"name\":\"798048dd7ba70216420540367fe9704\",\"parent\":\"bone10\"},{\"blendMode\":\"add\",\"z\":11,\"color\":{\"aM\":0},\"name\":\"gggg\",\"parent\":\"bone11\"}],\"ik\":[],\"animation\":[{\"ik\":[],\"duration\":60,\"frame\":[],\"bone\":[{\"frame\":[{\"duration\":60,\"transform\":{}}],\"name\":\"root\"},{\"frame\":[{\"duration\":50,\"transform\":{}},{\"duration\":10,\"transform\":{}}],\"name\":\"bigwin\"},{\"frame\":[{\"duration\":4,\"transform\":{\"scX\":0.1,\"y\":101.3535,\"scY\":0.1},\"tweenEasing\":0},{\"duration\":2,\"transform\":{},\"tweenEasing\":0},{\"duration\":2,\"transform\":{\"y\":67.2812},\"tweenEasing\":0},{\"duration\":2,\"transform\":{},\"tweenEasing\":0},{\"duration\":1,\"transform\":{\"y\":-19.5333},\"tweenEasing\":0},{\"duration\":49,\"transform\":{}}],\"name\":\"bone\"},{\"frame\":[{\"duration\":4,\"transform\":{\"y\":-217.9912},\"tweenEasing\":0},{\"duration\":2,\"transform\":{},\"tweenEasing\":0},{\"duration\":2,\"transform\":{\"y\":63.2878},\"tweenEasing\":0},{\"duration\":2,\"transform\":{},\"tweenEasing\":0},{\"duration\":1,\"transform\":{\"y\":-20.0541},\"tweenEasing\":0},{\"duration\":49,\"transform\":{}}],\"name\":\"bone1\"},{\"frame\":[{\"duration\":60,\"transform\":{}}],\"name\":\"bone2\"},{\"frame\":[{\"duration\":60,\"transform\":{}}],\"name\":\"bone3\"},{\"frame\":[{\"duration\":5,\"transform\":{\"y\":24.6383,\"x\":39.6951},\"tweenEasing\":0},{\"duration\":3,\"transform\":{\"skX\":-21.6072,\"skY\":-21.6072},\"tweenEasing\":0},{\"duration\":5,\"transform\":{\"skX\":14.0162,\"skY\":14.0162},\"tweenEasing\":0},{\"duration\":4,\"transform\":{\"skX\":-13.7805,\"skY\":-13.7805},\"tweenEasing\":0},{\"duration\":43,\"transform\":{\"skX\":5.7824,\"skY\":5.7824}}],\"name\":\"bone4\"},{\"frame\":[{\"duration\":5,\"transform\":{\"y\":23.2695,\"x\":42.4326},\"tweenEasing\":0},{\"duration\":3,\"transform\":{\"skX\":-17.6066,\"skY\":-17.6066},\"tweenEasing\":0},{\"duration\":5,\"transform\":{\"skX\":19.3636,\"skY\":19.3636},\"tweenEasing\":0},{\"duration\":4,\"transform\":{\"skX\":-12.0216,\"skY\":-12.0216},\"tweenEasing\":0},{\"duration\":43,\"transform\":{\"skX\":5.7824,\"skY\":5.7824}}],\"name\":\"bone5\"},{\"frame\":[{\"duration\":5,\"transform\":{\"y\":24.6383,\"x\":-43.8014},\"tweenEasing\":0},{\"duration\":3,\"transform\":{\"skX\":16.934,\"skY\":16.934},\"tweenEasing\":0},{\"duration\":5,\"transform\":{\"skX\":-25.2307,\"skY\":-25.2307},\"tweenEasing\":0},{\"duration\":4,\"transform\":{\"skX\":10.7706,\"skY\":10.7706},\"tweenEasing\":0},{\"duration\":43,\"transform\":{\"skX\":-7.5002,\"skY\":-7.5002}}],\"name\":\"bone6\"},{\"frame\":[{\"duration\":5,\"transform\":{\"y\":21.9007,\"x\":-43.8014},\"tweenEasing\":0},{\"duration\":3,\"transform\":{\"skX\":14.9962,\"skY\":14.9962},\"tweenEasing\":0},{\"duration\":5,\"transform\":{\"skX\":-28.1906,\"skY\":-28.1906},\"tweenEasing\":0},{\"duration\":4,\"transform\":{\"skX\":12.1408,\"skY\":12.1408},\"tweenEasing\":0},{\"duration\":43,\"transform\":{\"skX\":-7.5002,\"skY\":-7.5002}}],\"name\":\"bone7\"},{\"frame\":[{\"duration\":5,\"transform\":{\"y\":31.4823,\"x\":61.5958},\"tweenEasing\":0},{\"duration\":3,\"transform\":{\"skX\":-33.445,\"skY\":-33.445},\"tweenEasing\":0},{\"duration\":5,\"transform\":{\"skX\":10.6927,\"skY\":10.6927},\"tweenEasing\":0},{\"duration\":4,\"transform\":{\"skX\":-22.2502,\"skY\":-22.2502},\"tweenEasing\":0},{\"duration\":43,\"transform\":{}}],\"name\":\"bone8\"},{\"frame\":[{\"duration\":5,\"transform\":{\"y\":31.4823,\"x\":-67.071},\"tweenEasing\":0},{\"duration\":3,\"transform\":{\"skX\":24.8325,\"skY\":24.8325},\"tweenEasing\":0},{\"duration\":5,\"transform\":{\"skX\":-17.2923,\"skY\":-17.2923},\"tweenEasing\":0},{\"duration\":4,\"transform\":{\"skX\":14.9737,\"skY\":14.9737},\"tweenEasing\":0},{\"duration\":43,\"transform\":{}}],\"name\":\"bone9\"},{\"frame\":[{\"duration\":8,\"transform\":{},\"tweenEasing\":0},{\"duration\":10,\"transform\":{\"scX\":0.45,\"scY\":0.45},\"tweenEasing\":0},{\"duration\":1,\"transform\":{\"scX\":0.95,\"scY\":0.95,\"skX\":-90,\"skY\":-90},\"tweenEasing\":0},{\"duration\":9,\"transform\":{\"skX\":-99,\"skY\":-99}},{\"duration\":32,\"transform\":{\"skX\":-180,\"skY\":-180}}],\"name\":\"bone10\"},{\"frame\":[{\"duration\":7,\"transform\":{\"skX\":2.3038,\"skY\":2.3038},\"tweenEasing\":0},{\"duration\":11,\"transform\":{\"scX\":0.3,\"scY\":0.3},\"tweenEasing\":0},{\"duration\":10,\"transform\":{\"scX\":1.4524,\"scY\":1.4524,\"skX\":90,\"skY\":90},\"tweenEasing\":0},{\"duration\":32,\"transform\":{\"scX\":2.5,\"scY\":2.5,\"skX\":180,\"skY\":180}}],\"name\":\"bone11\"},{\"frame\":[{\"duration\":15,\"transform\":{\"scX\":1.7,\"scY\":1.7},\"tweenEasing\":0},{\"duration\":15,\"transform\":{\"scX\":1.7,\"scY\":1.7,\"skX\":45,\"skY\":45},\"tweenEasing\":0},{\"duration\":15,\"transform\":{\"scX\":1.7,\"scY\":1.7,\"skX\":90,\"skY\":90},\"tweenEasing\":0},{\"duration\":15,\"transform\":{\"scX\":1.7,\"scY\":1.7,\"skX\":135,\"skY\":135},\"tweenEasing\":0},{\"duration\":0,\"transform\":{\"scX\":1.7,\"scY\":1.7,\"skX\":180,\"skY\":180}}],\"name\":\"bone12\"}],\"slot\":[{\"frame\":[{\"tweenEasing\":0,\"duration\":15,\"color\":{\"aM\":0}},{\"tweenEasing\":0,\"duration\":30},{\"tweenEasing\":0,\"duration\":15},{\"tweenEasing\":null,\"duration\":0,\"color\":{\"aM\":0}}],\"name\":\"13d0ccc819103952f2e195a952ad6fb\"},{\"frame\":[{\"tweenEasing\":0,\"duration\":5,\"color\":{\"aM\":0}},{\"tweenEasing\":null,\"duration\":55}],\"name\":\"麦子\"},{\"frame\":[{\"tweenEasing\":0,\"duration\":5,\"color\":{\"aM\":0}},{\"tweenEasing\":null,\"duration\":55}],\"name\":\"laba1\"},{\"frame\":[{\"tweenEasing\":0,\"duration\":5,\"color\":{\"aM\":0}},{\"tweenEasing\":null,\"duration\":55}],\"name\":\"laba2\"},{\"frame\":[{\"tweenEasing\":0,\"duration\":5,\"color\":{\"aM\":0}},{\"tweenEasing\":null,\"duration\":55}],\"name\":\"麦子_拷贝\"},{\"frame\":[{\"tweenEasing\":0,\"duration\":5,\"color\":{\"aM\":0}},{\"tweenEasing\":null,\"duration\":55}],\"name\":\"laba1_拷贝\"},{\"frame\":[{\"tweenEasing\":0,\"duration\":5,\"color\":{\"aM\":0}},{\"tweenEasing\":null,\"duration\":55}],\"name\":\"laba2_拷贝\"},{\"frame\":[{\"tweenEasing\":0,\"duration\":5,\"color\":{\"aM\":0}},{\"tweenEasing\":null,\"duration\":55}],\"name\":\"图层_1\"},{\"frame\":[{\"tweenEasing\":0,\"duration\":5,\"color\":{\"aM\":0}},{\"tweenEasing\":null,\"duration\":55}],\"name\":\"图层_2\"},{\"frame\":[{\"tweenEasing\":0,\"duration\":4,\"color\":{\"aM\":0}},{\"tweenEasing\":null,\"duration\":56}],\"name\":\"图层_3\"},{\"frame\":[{\"tweenEasing\":0,\"duration\":8,\"color\":{\"aM\":0}},{\"tweenEasing\":0,\"duration\":11,\"color\":{\"aM\":0}},{\"tweenEasing\":0,\"duration\":9},{\"tweenEasing\":null,\"duration\":32,\"color\":{\"aM\":0}}],\"name\":\"798048dd7ba70216420540367fe9704\"},{\"frame\":[{\"tweenEasing\":0,\"duration\":7,\"color\":{\"aM\":0}},{\"tweenEasing\":0,\"duration\":11,\"color\":{\"aM\":0}},{\"tweenEasing\":0,\"duration\":10},{\"tweenEasing\":null,\"duration\":32,\"color\":{\"aM\":0}}],\"name\":\"gggg\"}],\"ffd\":[],\"playTimes\":0,\"name\":\"newAnimation\"}],\"defaultActions\":[{\"gotoAndPlay\":\"newAnimation\"}],\"name\":\"Armature\",\"frameRate\":24,\"skin\":[{\"name\":\"\",\"slot\":[{\"display\":[{\"path\":\"Gigwin/图层_1\",\"type\":\"image\",\"name\":\"Gigwin/图层_1\",\"transform\":{\"y\":-32,\"x\":-3}}],\"name\":\"图层_1\"},{\"display\":[{\"path\":\"Gigwin/麦子\",\"type\":\"image\",\"name\":\"Gigwin/麦子\",\"transform\":{\"y\":-55.5,\"x\":-43.5}}],\"name\":\"麦子\"},{\"display\":[{\"path\":\"Gigwin/图层_3\",\"type\":\"image\",\"name\":\"Gigwin/图层_3\",\"transform\":{\"y\":-18.5,\"x\":0.5}}],\"name\":\"图层_3\"},{\"display\":[{\"path\":\"Gigwin/gggg\",\"type\":\"image\",\"name\":\"Gigwin/gggg\",\"transform\":{\"y\":-0.5}}],\"blendMode\":\"add\",\"name\":\"gggg\"},{\"display\":[{\"path\":\"Gigwin/麦子_拷贝\",\"type\":\"image\",\"name\":\"Gigwin/麦子_拷贝\",\"transform\":{\"y\":-49.5,\"x\":56.5}}],\"name\":\"麦子_拷贝\"},{\"display\":[{\"path\":\"Gigwin/laba2_拷贝\",\"type\":\"image\",\"name\":\"Gigwin/laba2_拷贝\",\"transform\":{\"y\":-22.5,\"x\":30.5}}],\"name\":\"laba2_拷贝\"},{\"display\":[{\"path\":\"Gigwin/13d0ccc819103952f2e195a952ad6fb\",\"type\":\"image\",\"name\":\"Gigwin/13d0ccc819103952f2e195a952ad6fb\",\"transform\":{\"y\":-1.4797,\"x\":-0.5}}],\"name\":\"13d0ccc819103952f2e195a952ad6fb\"},{\"display\":[{\"path\":\"Gigwin/图层_2\",\"type\":\"image\",\"name\":\"Gigwin/图层_2\",\"transform\":{\"y\":0.5,\"x\":4}}],\"name\":\"图层_2\"},{\"display\":[{\"path\":\"Gigwin/laba1\",\"type\":\"image\",\"name\":\"Gigwin/laba1\",\"transform\":{\"y\":-8.5,\"x\":-33.5}}],\"name\":\"laba1\"},{\"display\":[{\"path\":\"Gigwin/798048dd7ba70216420540367fe9704\",\"type\":\"image\",\"name\":\"Gigwin/798048dd7ba70216420540367fe9704\",\"transform\":{\"x\":0.5}}],\"blendMode\":\"add\",\"name\":\"798048dd7ba70216420540367fe9704\"},{\"display\":[{\"path\":\"Gigwin/laba2\",\"type\":\"image\",\"name\":\"Gigwin/laba2\",\"transform\":{\"y\":-21.5,\"x\":-22.5}}],\"name\":\"laba2\"},{\"display\":[{\"path\":\"Gigwin/laba1_拷贝\",\"type\":\"image\",\"name\":\"Gigwin/laba1_拷贝\",\"transform\":{\"y\":-9.5,\"x\":37.5}}],\"name\":\"laba1_拷贝\"}]}]}],\"name\":\"Bigwin\",\"version\":\"5.0\"}"]],0,0,[],[],[]],[[[4,"money_ske","{\"frameRate\":24,\"isGlobal\":0,\"armature\":[{\"ik\":[],\"bone\":[{\"name\":\"root\",\"transform\":{}},{\"transform\":{\"scY\":0.9,\"scX\":0.9},\"name\":\"bone\",\"parent\":\"root\"},{\"transform\":{},\"name\":\"jb1\",\"parent\":\"bone\"},{\"transform\":{},\"name\":\"bone2\",\"parent\":\"bone\"},{\"transform\":{},\"name\":\"bone3\",\"parent\":\"bone\"},{\"transform\":{},\"name\":\"jb11\",\"parent\":\"bone\"},{\"transform\":{},\"name\":\"jb111\",\"parent\":\"bone\"},{\"transform\":{},\"name\":\"jb12\",\"parent\":\"bone\"},{\"transform\":{},\"name\":\"jb112\",\"parent\":\"bone\"},{\"transform\":{},\"name\":\"jb113\",\"parent\":\"bone\"},{\"transform\":{},\"name\":\"jb1111\",\"parent\":\"bone\"},{\"transform\":{},\"name\":\"jb1112\",\"parent\":\"bone\"},{\"transform\":{},\"name\":\"jb11121\",\"parent\":\"bone\"},{\"transform\":{},\"name\":\"zzz\",\"parent\":\"bone\"},{\"transform\":{},\"name\":\"bbbb\",\"parent\":\"bone\"}],\"aabb\":{\"width\":755,\"y\":-104.19904244143949,\"height\":202,\"x\":-381.76538992191934},\"type\":\"Armature\",\"frameRate\":24,\"defaultActions\":[{\"gotoAndPlay\":\"newAnimation\"}],\"animation\":[{\"ik\":[],\"playTimes\":0,\"bone\":[{\"frame\":[{\"transform\":{},\"duration\":21}],\"name\":\"root\"},{\"frame\":[{\"transform\":{},\"duration\":21}],\"name\":\"bone\"},{\"frame\":[{\"tweenEasing\":0,\"transform\":{},\"duration\":3},{\"tweenEasing\":0,\"transform\":{\"scY\":1.1333,\"y\":-30,\"skX\":30,\"skY\":30,\"scX\":1.1333,\"x\":-70},\"duration\":4},{\"tweenEasing\":0,\"transform\":{\"scY\":1.3111,\"y\":-60,\"skX\":70,\"skY\":70,\"scX\":1.3111,\"x\":-140},\"duration\":2},{\"tweenEasing\":0,\"transform\":{\"scY\":1.4,\"y\":-71.0182,\"skX\":90,\"skY\":90,\"scX\":1.4,\"x\":-186.6667},\"duration\":1},{\"tweenEasing\":0,\"transform\":{\"scY\":1.3556,\"y\":-76.5273,\"skX\":100,\"skY\":100,\"scX\":1.3556,\"x\":-210},\"duration\":4},{\"tweenEasing\":0,\"transform\":{\"scY\":1.1778,\"y\":-83.1706,\"skX\":140,\"skY\":140,\"scX\":1.1778,\"x\":-272.9527},\"duration\":4},{\"transform\":{\"y\":-48.2144,\"skX\":180,\"skY\":180,\"x\":-352.9617},\"duration\":3}],\"name\":\"jb1\"},{\"frame\":[{\"tweenEasing\":0,\"transform\":{},\"duration\":9},{\"transform\":{\"scY\":3,\"scX\":3},\"duration\":12}],\"name\":\"bone2\"},{\"frame\":[{\"tweenEasing\":0,\"transform\":{},\"duration\":9},{\"transform\":{\"scY\":4,\"skX\":35,\"skY\":35,\"scX\":4},\"duration\":12}],\"name\":\"bone3\"},{\"frame\":[{\"tweenEasing\":0,\"transform\":{},\"duration\":2},{\"tweenEasing\":0,\"transform\":{},\"duration\":3},{\"tweenEasing\":0,\"transform\":{\"scY\":1.15,\"y\":-62.2712,\"skX\":-67.5,\"skY\":-67.5,\"scX\":1.15,\"x\":-32.0133},\"duration\":1},{\"tweenEasing\":0,\"transform\":{\"scY\":1.2,\"y\":-74.7088,\"skX\":-90,\"skY\":-90,\"scX\":1.2,\"x\":-44.1533},\"duration\":3},{\"tweenEasing\":0,\"transform\":{\"scY\":1.35,\"y\":-112.0215,\"skX\":-135,\"skY\":-135,\"scX\":1.35,\"x\":-80.5733},\"duration\":1},{\"tweenEasing\":0,\"transform\":{\"scY\":1.4,\"y\":-121.2795,\"skX\":-150,\"skY\":-150,\"scX\":1.4,\"x\":-95.9923},\"duration\":2},{\"tweenEasing\":0,\"transform\":{\"scY\":1.3111,\"y\":-139.7954,\"skX\":-180,\"skY\":-180,\"scX\":1.3111,\"x\":-126.8304},\"duration\":2},{\"tweenEasing\":0,\"transform\":{\"scY\":1.2222,\"y\":-132.9773,\"skX\":-205.7143,\"skY\":-205.7143,\"scX\":1.2222,\"x\":-169.0526},\"duration\":2},{\"tweenEasing\":0,\"transform\":{\"scY\":1.1333,\"y\":-116.2158,\"skX\":-231.4286,\"skY\":-231.4286,\"scX\":1.1333,\"x\":-200.176},\"duration\":3},{\"transform\":{\"y\":-39.4189,\"skX\":90,\"skY\":90,\"x\":-263.1289},\"duration\":2}],\"name\":\"jb11\"},{\"frame\":[{\"tweenEasing\":0,\"transform\":{},\"duration\":2},{\"tweenEasing\":0,\"transform\":{},\"duration\":2},{\"tweenEasing\":0,\"transform\":{\"scY\":1.1,\"y\":-62.1277,\"skX\":45,\"skY\":45,\"scX\":1.1,\"x\":38.6454},\"duration\":2},{\"tweenEasing\":0,\"transform\":{\"scY\":1.2,\"y\":-78.5046,\"skX\":90,\"skY\":90,\"scX\":1.2,\"x\":54.1035},\"duration\":2},{\"tweenEasing\":0,\"transform\":{\"scY\":1.3,\"y\":-94.8816,\"skX\":120,\"skY\":120,\"scX\":1.3,\"x\":69.5617},\"duration\":2},{\"tweenEasing\":0,\"transform\":{\"scY\":1.4,\"y\":-119.447,\"skX\":150,\"skY\":150,\"scX\":1.4,\"x\":102.3607},\"duration\":2},{\"tweenEasing\":0,\"transform\":{\"scY\":1.3111,\"y\":-120.1256,\"skX\":-180,\"skY\":-180,\"scX\":1.3111,\"x\":121.9027},\"duration\":2},{\"tweenEasing\":0,\"transform\":{\"scY\":1.2222,\"y\":-120.8041,\"skX\":-154.2857,\"skY\":-154.2857,\"scX\":1.2222,\"x\":141.4447},\"duration\":2},{\"tweenEasing\":0,\"transform\":{\"scY\":1.1333,\"y\":-96.8606,\"skX\":-128.5714,\"skY\":-128.5714,\"scX\":1.1333,\"x\":175.9951},\"duration\":3},{\"transform\":{\"y\":-43.8815,\"skX\":-90,\"skY\":-90,\"x\":198.7194},\"duration\":2}],\"name\":\"jb111\"},{\"frame\":[{\"tweenEasing\":0,\"transform\":{},\"duration\":2},{\"tweenEasing\":0,\"transform\":{},\"duration\":4},{\"tweenEasing\":0,\"transform\":{\"scY\":1.1778,\"y\":-14.8957,\"skX\":40,\"skY\":40,\"scX\":1.1778,\"x\":-70},\"duration\":3},{\"tweenEasing\":0,\"transform\":{\"scY\":1.3111,\"y\":-33.9108,\"skX\":70,\"skY\":70,\"scX\":1.3111,\"x\":-140},\"duration\":2},{\"tweenEasing\":0,\"transform\":{\"scY\":1.4,\"y\":-34.7939,\"skX\":90,\"skY\":90,\"scX\":1.4,\"x\":-175},\"duration\":2},{\"tweenEasing\":0,\"transform\":{\"scY\":1.3111,\"y\":-35.677,\"skX\":110,\"skY\":110,\"scX\":1.3111,\"x\":-210},\"duration\":3},{\"tweenEasing\":0,\"transform\":{\"scY\":1.1778,\"y\":-19.1685,\"skX\":140,\"skY\":140,\"scX\":1.1778,\"x\":-273.1344},\"duration\":4},{\"transform\":{\"y\":20.4162,\"skX\":180,\"skY\":180,\"x\":-340.3882},\"duration\":1}],\"name\":\"jb12\"},{\"frame\":[{\"tweenEasing\":0,\"transform\":{},\"duration\":6},{\"tweenEasing\":0,\"transform\":{},\"duration\":4},{\"tweenEasing\":0,\"transform\":{\"scY\":1.2,\"y\":-41.8359,\"skX\":-90,\"skY\":-90,\"scX\":1.2,\"x\":-27.3071},\"duration\":4},{\"tweenEasing\":0,\"transform\":{\"scY\":1.4,\"y\":-76.8062,\"skX\":-162,\"skY\":-162,\"scX\":1.4,\"x\":-54.6141},\"duration\":1},{\"tweenEasing\":0,\"transform\":{\"scY\":1.3429,\"y\":-64.4422,\"skX\":-180,\"skY\":-180,\"scX\":1.3429,\"x\":-64.5967},\"duration\":2},{\"tweenEasing\":0,\"transform\":{\"scY\":1.2286,\"y\":-39.7142,\"skX\":-210,\"skY\":-210,\"scX\":1.2286,\"x\":-84.5618},\"duration\":4},{\"transform\":{\"y\":28.9624,\"skX\":90,\"skY\":90,\"x\":-119.5007},\"duration\":0}],\"name\":\"jb112\"},{\"frame\":[{\"tweenEasing\":0,\"transform\":{},\"duration\":2},{\"tweenEasing\":0,\"transform\":{},\"duration\":2},{\"tweenEasing\":0,\"transform\":{\"scY\":1.0353,\"y\":-55.1137,\"skX\":45,\"skY\":45,\"scX\":1.0353,\"x\":-36.5328},\"duration\":2},{\"tweenEasing\":0,\"transform\":{\"scY\":1.0706,\"y\":-72.1329,\"skX\":90,\"skY\":90,\"scX\":1.0706,\"x\":-48.2689},\"duration\":2},{\"tweenEasing\":0,\"transform\":{\"scY\":1.1059,\"y\":-89.152,\"skX\":120,\"skY\":120,\"scX\":1.1059,\"x\":-60.0049},\"duration\":2},{\"tweenEasing\":0,\"transform\":{\"scY\":1.1412,\"y\":-93.3143,\"skX\":150,\"skY\":150,\"scX\":1.1412,\"x\":-112.8359},\"duration\":2},{\"tweenEasing\":0,\"transform\":{\"scY\":1.1765,\"y\":-88.2794,\"skX\":-180,\"skY\":-180,\"scX\":1.1765,\"x\":-126.7625},\"duration\":2},{\"tweenEasing\":0,\"transform\":{\"scY\":1.2118,\"y\":-83.2446,\"skX\":-154.2857,\"skY\":-154.2857,\"scX\":1.2118,\"x\":-140.689},\"duration\":2},{\"tweenEasing\":0,\"transform\":{\"scY\":1.2471,\"y\":-53.9512,\"skX\":-128.5714,\"skY\":-128.5714,\"scX\":1.2471,\"x\":-169.2288},\"duration\":3},{\"transform\":{\"scY\":1.3,\"y\":-16.4191,\"skX\":-90,\"skY\":-90,\"scX\":1.3,\"x\":-195.0222},\"duration\":2}],\"name\":\"jb113\"},{\"frame\":[{\"tweenEasing\":0,\"transform\":{},\"duration\":3},{\"tweenEasing\":0,\"transform\":{},\"duration\":4},{\"tweenEasing\":0,\"transform\":{\"scY\":1.1778,\"y\":-45.999,\"skX\":72,\"skY\":72,\"scX\":1.1778,\"x\":65.2297},\"duration\":1},{\"tweenEasing\":0,\"transform\":{\"scY\":1.2222,\"y\":-50.6332,\"skX\":90,\"skY\":90,\"scX\":1.2222,\"x\":81.5372},\"duration\":3},{\"tweenEasing\":0,\"transform\":{\"scY\":1.3556,\"y\":-64.5357,\"skX\":135,\"skY\":135,\"scX\":1.3556,\"x\":130.4595},\"duration\":1},{\"tweenEasing\":0,\"transform\":{\"scY\":1.4,\"y\":-62.586,\"skX\":150,\"skY\":150,\"scX\":1.4,\"x\":144.5092},\"duration\":2},{\"tweenEasing\":0,\"transform\":{\"scY\":1.3111,\"y\":-58.6867,\"skX\":-180,\"skY\":-180,\"scX\":1.3111,\"x\":172.6088},\"duration\":2},{\"tweenEasing\":0,\"transform\":{\"scY\":1.2222,\"y\":-54.7873,\"skX\":-154.2857,\"skY\":-154.2857,\"scX\":1.2222,\"x\":200.7083},\"duration\":5},{\"transform\":{\"y\":-26.031,\"skX\":-90,\"skY\":-90,\"x\":260.9216},\"duration\":0}],\"name\":\"jb1111\"},{\"frame\":[{\"tweenEasing\":0,\"transform\":{},\"duration\":3},{\"tweenEasing\":0,\"transform\":{},\"duration\":4},{\"tweenEasing\":0,\"transform\":{\"scY\":1.16,\"y\":-74.2166,\"skX\":60,\"skY\":60,\"scX\":1.16,\"x\":22.4228},\"duration\":2},{\"tweenEasing\":0,\"transform\":{\"scY\":1.24,\"y\":-105.3861,\"skX\":90,\"skY\":90,\"scX\":1.24,\"x\":35.5405},\"duration\":1},{\"tweenEasing\":0,\"transform\":{\"scY\":1.28,\"y\":-120.9708,\"skX\":112.5,\"skY\":112.5,\"scX\":1.28,\"x\":42.0993},\"duration\":3},{\"tweenEasing\":0,\"transform\":{\"scY\":1.4,\"y\":-97.4485,\"skX\":-180,\"skY\":-180,\"scX\":1.4,\"x\":61.0308},\"duration\":4},{\"tweenEasing\":0,\"transform\":{\"scY\":1.2,\"y\":-43.5459,\"skX\":-90,\"skY\":-90,\"scX\":1.2,\"x\":82.0219},\"duration\":4},{\"transform\":{\"y\":26.8341,\"x\":107.2819},\"duration\":0}],\"name\":\"jb1112\"},{\"frame\":[{\"tweenEasing\":0,\"transform\":{},\"duration\":3},{\"tweenEasing\":0,\"transform\":{},\"duration\":4},{\"tweenEasing\":0,\"transform\":{\"scY\":1.16,\"y\":-66.0733,\"skX\":60,\"skY\":60,\"scX\":1.16,\"x\":104.8735},\"duration\":2},{\"tweenEasing\":0,\"transform\":{\"scY\":1.24,\"y\":-74.2293,\"skX\":90,\"skY\":90,\"scX\":1.24,\"x\":143.5541},\"duration\":4},{\"tweenEasing\":0,\"transform\":{\"scY\":1.4,\"y\":-90.5413,\"skX\":-180,\"skY\":-180,\"scX\":1.4,\"x\":220.9152},\"duration\":2},{\"tweenEasing\":0,\"transform\":{\"scY\":1.3,\"y\":-98.6973,\"skX\":-135,\"skY\":-135,\"scX\":1.3,\"x\":259.5958},\"duration\":2},{\"tweenEasing\":0,\"transform\":{\"scY\":1.2,\"y\":-77.6775,\"skX\":-90,\"skY\":-90,\"scX\":1.2,\"x\":284.7042},\"duration\":4},{\"transform\":{\"y\":-35.6378,\"x\":334.9211},\"duration\":0}],\"name\":\"jb11121\"},{\"frame\":[{\"tweenEasing\":0,\"transform\":{\"scY\":0.5,\"scX\":0.5},\"duration\":6},{\"tweenEasing\":0,\"transform\":{\"scY\":4,\"skX\":100,\"skY\":100,\"scX\":4},\"duration\":2},{\"transform\":{\"scY\":4.5,\"skX\":140,\"skY\":140,\"scX\":4.5},\"duration\":13}],\"name\":\"zzz\"},{\"frame\":[{\"tweenEasing\":0,\"transform\":{\"scY\":0.01,\"scX\":0.01},\"duration\":6},{\"tweenEasing\":0,\"transform\":{\"scY\":1.8,\"scX\":1.8},\"duration\":3},{\"transform\":{\"scY\":2.2,\"scX\":2.2},\"duration\":12}],\"name\":\"bbbb\"}],\"slot\":[{\"frame\":[{\"tweenEasing\":0,\"color\":{\"aM\":0},\"duration\":3},{\"tweenEasing\":0,\"duration\":7},{\"tweenEasing\":0,\"duration\":8},{\"tweenEasing\":null,\"color\":{\"aM\":0},\"duration\":3}],\"name\":\"$\"},{\"frame\":[{\"tweenEasing\":0,\"color\":{\"aM\":0},\"duration\":3},{\"tweenEasing\":0,\"duration\":2},{\"tweenEasing\":0,\"duration\":4},{\"tweenEasing\":null,\"color\":{\"aM\":0},\"duration\":12}],\"name\":\"ggggg\"},{\"frame\":[{\"tweenEasing\":0,\"color\":{\"aM\":0},\"duration\":3},{\"tweenEasing\":0,\"duration\":6},{\"tweenEasing\":null,\"color\":{\"aM\":0},\"duration\":12}],\"name\":\"gg\"},{\"frame\":[{\"tweenEasing\":0,\"color\":{\"aM\":0},\"duration\":2},{\"tweenEasing\":0,\"color\":{\"aM\":0},\"duration\":2},{\"tweenEasing\":0,\"duration\":8},{\"tweenEasing\":0,\"duration\":7},{\"tweenEasing\":null,\"color\":{\"aM\":0},\"duration\":2}],\"name\":\"$1\"},{\"frame\":[{\"tweenEasing\":0,\"color\":{\"aM\":0},\"duration\":2},{\"tweenEasing\":0,\"color\":{\"aM\":0},\"duration\":2},{\"tweenEasing\":0,\"duration\":8},{\"tweenEasing\":0,\"duration\":7},{\"tweenEasing\":null,\"color\":{\"aM\":0},\"duration\":2}],\"name\":\"$11\"},{\"frame\":[{\"tweenEasing\":0,\"color\":{\"aM\":0},\"duration\":2},{\"tweenEasing\":0,\"color\":{\"aM\":0},\"duration\":3},{\"tweenEasing\":0,\"duration\":8},{\"tweenEasing\":0,\"duration\":7},{\"tweenEasing\":null,\"color\":{\"aM\":0},\"duration\":1}],\"name\":\"$2\"},{\"frame\":[{\"tweenEasing\":0,\"color\":{\"aM\":0},\"duration\":6},{\"tweenEasing\":0,\"color\":{\"aM\":0},\"duration\":3},{\"tweenEasing\":0,\"duration\":6},{\"tweenEasing\":0,\"duration\":6},{\"tweenEasing\":null,\"color\":{\"aM\":0},\"duration\":0}],\"name\":\"$12\"},{\"frame\":[{\"tweenEasing\":0,\"color\":{\"aM\":0},\"duration\":2},{\"tweenEasing\":0,\"color\":{\"aM\":0},\"duration\":2},{\"tweenEasing\":0,\"duration\":8},{\"tweenEasing\":0,\"duration\":7},{\"tweenEasing\":null,\"color\":{\"aM\":0},\"duration\":2}],\"name\":\"$13\"},{\"frame\":[{\"tweenEasing\":0,\"color\":{\"aM\":0},\"duration\":3},{\"tweenEasing\":0,\"color\":{\"aM\":0},\"duration\":3},{\"tweenEasing\":0,\"duration\":8},{\"tweenEasing\":0,\"duration\":7},{\"tweenEasing\":null,\"color\":{\"aM\":0},\"duration\":0}],\"name\":\"$111\"},{\"frame\":[{\"tweenEasing\":0,\"color\":{\"aM\":0},\"duration\":3},{\"tweenEasing\":0,\"color\":{\"aM\":0},\"duration\":3},{\"tweenEasing\":0,\"duration\":8},{\"tweenEasing\":0,\"duration\":7},{\"tweenEasing\":null,\"color\":{\"aM\":0},\"duration\":0}],\"name\":\"$112\"},{\"frame\":[{\"tweenEasing\":0,\"color\":{\"aM\":0},\"duration\":3},{\"tweenEasing\":0,\"color\":{\"aM\":0},\"duration\":3},{\"tweenEasing\":0,\"duration\":8},{\"tweenEasing\":0,\"duration\":7},{\"tweenEasing\":null,\"color\":{\"aM\":0},\"duration\":0}],\"name\":\"$1121\"},{\"frame\":[{\"tweenEasing\":0,\"duration\":3},{\"tweenEasing\":0,\"duration\":5},{\"tweenEasing\":null,\"color\":{\"aM\":0},\"duration\":13}],\"name\":\"zzz\"},{\"frame\":[{\"tweenEasing\":0,\"color\":{\"aM\":0},\"duration\":5},{\"tweenEasing\":0,\"duration\":7},{\"tweenEasing\":null,\"color\":{\"aM\":0},\"duration\":9}],\"name\":\"gg1\"}],\"ffd\":[],\"frame\":[],\"name\":\"newAnimation\",\"duration\":21}],\"slot\":[{\"name\":\"$\",\"parent\":\"jb1\",\"color\":{\"aM\":0}},{\"z\":1,\"name\":\"ggggg\",\"parent\":\"bone3\",\"color\":{\"aM\":0}},{\"z\":2,\"name\":\"gg1\",\"parent\":\"bbbb\",\"color\":{}},{\"blendMode\":\"add\",\"z\":3,\"parent\":\"zzz\",\"name\":\"zzz\",\"color\":{}},{\"blendMode\":\"add\",\"z\":4,\"parent\":\"bone2\",\"name\":\"gg\",\"color\":{\"aM\":0}},{\"z\":5,\"name\":\"$1\",\"parent\":\"jb11\",\"color\":{\"aM\":0}},{\"z\":6,\"name\":\"$11\",\"parent\":\"jb111\",\"color\":{\"aM\":0}},{\"z\":7,\"name\":\"$2\",\"parent\":\"jb12\",\"color\":{\"aM\":0}},{\"z\":8,\"name\":\"$12\",\"parent\":\"jb112\",\"color\":{\"aM\":0}},{\"z\":9,\"name\":\"$13\",\"parent\":\"jb113\",\"color\":{\"aM\":0}},{\"z\":10,\"name\":\"$111\",\"parent\":\"jb1111\",\"color\":{\"aM\":0}},{\"z\":11,\"name\":\"$112\",\"parent\":\"jb1112\",\"color\":{\"aM\":0}},{\"z\":12,\"name\":\"$1121\",\"parent\":\"jb11121\",\"color\":{\"aM\":0}}],\"name\":\"Armature\",\"skin\":[{\"slot\":[{\"display\":[{\"path\":\"$\",\"type\":\"image\",\"name\":\"$\",\"transform\":{}}],\"name\":\"$112\"},{\"display\":[{\"path\":\"$\",\"type\":\"image\",\"name\":\"$\",\"transform\":{}}],\"name\":\"$11\"},{\"display\":[{\"path\":\"$\",\"type\":\"image\",\"name\":\"$\",\"transform\":{}}],\"name\":\"$13\"},{\"display\":[{\"path\":\"$\",\"type\":\"image\",\"name\":\"$\",\"transform\":{}}],\"name\":\"$2\"},{\"display\":[{\"path\":\"wld/gg\",\"type\":\"image\",\"name\":\"wld/gg\",\"transform\":{}}],\"blendMode\":\"add\",\"name\":\"gg\"},{\"display\":[{\"path\":\"wld/ggggg\",\"type\":\"image\",\"name\":\"wld/ggggg\",\"transform\":{}}],\"name\":\"ggggg\"},{\"display\":[{\"path\":\"$\",\"type\":\"image\",\"name\":\"$\",\"transform\":{}}],\"name\":\"$1\"},{\"display\":[{\"path\":\"winfall/gg\",\"type\":\"image\",\"name\":\"winfall/gg\",\"transform\":{\"y\":-3.5545,\"x\":-4.7393}}],\"name\":\"gg1\"},{\"display\":[{\"path\":\"$\",\"type\":\"image\",\"name\":\"$\",\"transform\":{}}],\"name\":\"$111\"},{\"display\":[{\"path\":\"$\",\"type\":\"image\",\"name\":\"$\",\"transform\":{}}],\"name\":\"$1121\"},{\"display\":[{\"path\":\"$\",\"type\":\"image\",\"name\":\"$\",\"transform\":{}}],\"name\":\"$12\"},{\"display\":[{\"path\":\"winfall/zzz\",\"type\":\"image\",\"name\":\"winfall/zzz\",\"transform\":{\"y\":-2.9621,\"x\":-4.7393}}],\"blendMode\":\"add\",\"name\":\"zzz\"},{\"display\":[{\"path\":\"$\",\"type\":\"image\",\"name\":\"$\",\"transform\":{}}],\"name\":\"$\"}],\"name\":\"\"}]}],\"name\":\"money\",\"version\":\"4.0\"}"]],0,0,[],[],[]]]]