{"paths":{"0":["Audio/scatter_award",1],"1":["DragonBone/10/10_tex",4],"2":["Font/greenfont",4],"3":["Effect/particle_texture",4],"4":["DragonBone/q/q_tex",4],"5":["Audio/Bet_max",1],"6":["Audio/megawin_sound_m",1],"7":["Audio/Stop_spin",1],"8":["Audio/Bg_nm",1],"9":["Font/win",4],"10":["Audio/win",1],"11":["Audio/Bet_rdc",1],"12":["Font/shijian",4],"13":["DragonBone/j/j_tex",4],"14":["DragonBone/shougu/shougu_tex",4],"15":["Effect/particle_texture8",4],"16":["Audio/wild_fuu",1],"17":["Texture/winAnimate",4],"18":["Font/bigwin",4],"19":["Font/freeNum",4],"20":["DragonBone/wild_fu/wild_fuu01_tex",4],"21":["Texture/rule/rule0",4],"22":["Texture/Samba/Samba.png",10],"23":["Audio/UIspin",1],"24":["Texture/free/free_img6",4],"25":["Audio/But_spin",1],"26":["DragonBone/jackpotItem/jackpot_tex",4],"27":["Audio/btn_touch",1],"28":["Audio/two_sides",1],"29":["DragonBone/wild/wild_tex",4],"30":["DragonBone/jack/jackpotwin_tex",4],"31":["Audio/Bg_frsp",1],"32":["Texture/com/shuiguo-collect",4],"33":["Audio/totalwin",1],"34":["DragonBone/k/k_tex",4],"35":["DragonBone/lagan/gan_tex",4],"36":["Audio/roll_number",1],"37":["DragonBone/paopao/bg_paopao_tex",4],"38":["Audio/bigwin_sound_w",1],"39":["Texture/com/shuiguo-luckyball",4],"40":["Audio/s_wait",1],"41":["DragonBone/freespin/freespin_tex",4],"42":["DragonBone/a/a_tex",4],"43":["Font/21jackpot",4],"44":["Audio/bigwin",1],"45":["Audio/megawin",1],"46":["DragonBone/jita/jita_tex",4],"47":["DragonBone/totalwin/totalwin_tex",4],"48":["Audio/collect",1],"49":["DragonBone/megawin/megwin_tex",4],"50":["Font/numfont1",4],"51":["Audio/Sp_stop",1],"52":["Effect/particle_texture",6],"53":["Audio/Samba",1],"54":["Texture/bg",4],"55":["Audio/Bet_pls",1],"56":["Font/5jackpot",4],"57":["Texture/Samba/Samba",4],"58":["DragonBone/scatter/sca_tex",4],"59":["Audio/Win_nm",1],"60":["Audio/luckyball",1],"61":["Texture/waitRight",4],"62":["Font/autofont",4],"63":["DragonBone/feizhougu/feizhougu_tex",4],"64":["Audio/jackpot",1],"65":["Font/fruitFont",4],"66":["Font/numfont",4],"67":["Audio/getfreespin",1],"68":["DragonBone/bigwin/bigwin_tex",4],"69":["Audio/sca",1],"70":["Font/mega",4],"71":["Audio/Bg_link",1],"72":["Prefabs/animateNode/bigWinNode",8],"73":["Font/greenfont",7],"75":["Font/5jackpot",5,1],"76":["DragonBone/feizhougu/feizhougu_ske",2],"77":["DragonBone/10/10_tex",3],"78":["Font/mega",7],"79":["Texture/rule/qieye1",5,1],"80":["Texture/rule/rule0",5,1],"81":["DragonBone/wild/wild_tex",5,1],"82":["Texture/rule/icon_jinbi",5,1],"83":["Texture/elements/Samba_10",5,1],"85":["Font/21jackpot",5,1],"87":["Font/shijian",5,1],"88":["Font/autofont",7],"89":["Texture/elements/Samba_J",5,1],"91":["DragonBone/k/k_ske",2],"92":["DragonBone/jackpotItem/jackpot_tex",3],"98":["Texture/rule/Collect_img",5,1],"99":["DragonBone/bigwin/bigwin_ske",2],"103":["DragonBone/jack/jackpotwin_tex",5,1],"104":["Texture/elements/Samba_jackpot",5,1],"105":["Texture/elements/Samba_k",5,1],"108":["DragonBone/a/a_tex",3],"109":["Animate/7",0],"111":["Font/numfont",5,1],"112":["Font/mega",5,1],"113":["Animate/xigua",0],"114":["Texture/elements/Samba_feizhougu",5,1],"115":["Texture/rule/rule2",5,1],"116":["DragonBone/jackpotItem/jackpot_tex",5,1],"117":["Font/autofont",5,1],"118":["DragonBone/paopao/bg_paopao_tex",5,1],"119":["DragonBone/shougu/shougu_tex",5,1],"120":["Font/shijian",7],"121":["Font/greenfont",5,1],"122":["DragonBone/megawin/megwin_tex",5,1],"124":["Animate/shanzhu",0],"125":["DragonBone/j/j_tex",3],"126":["DragonBone/wild/wild_ske",2],"127":["Texture/com/shuiguo-luckyball",5,1],"128":["DragonBone/j/j_ske",2],"129":["DragonBone/10/10_ske",2],"131":["Font/numfont1",7],"133":["DragonBone/jita/jita_ske",2],"134":["Texture/elements/Samba_shougu",5,1],"135":["DragonBone/lagan/gan_tex",5,1],"136":["Prefabs/animateNode/winNode",8],"137":["DragonBone/lagan/gan_ske",2],"138":["DragonBone/megawin/megwin_tex",3],"139":["DragonBone/paopao/bg_paopao_ske",2],"140":["Texture/rule/btn_rule",5,1],"141":["DragonBone/megawin/megwin_ske",2],"142":["DragonBone/jack/jackpotwin_tex",3],"143":["DragonBone/lagan/gan_tex",3],"144":["Texture/elements/Samba_wild_fu",5,1],"145":["DragonBone/a/a_ske",2],"146":["DragonBone/10/10_tex",5,1],"147":["DragonBone/totalwin/totalwin_ske",2],"148":["DragonBone/q/q_ske",2],"149":["Texture/winAnimate",9],"150":["Animate/ningmeng",0],"151":["Texture/elements/AutoAtlas",9],"152":["Font/numfont",7],"153":["DragonBone/bigwin/bigwin_tex",5,1],"154":["DragonBone/k/k_tex",3],"155":["DragonBone/jackpotItem/jackpot_ske",2],"156":["Font/5jackpot",7],"157":["DragonBone/jita/jita_tex",3],"159":["DragonBone/wild_fu/wild_fuu01_tex",5,1],"160":["DragonBone/scatter/sca_ske",2],"163":["DragonBone/freespin/freespin_tex",3],"165":["DragonBone/freespin/freespin_tex",5,1],"166":["Texture/rule/rule1",5,1],"167":["DragonBone/paopao/bg_paopao_tex",3],"168":["Font/freeNum",7],"169":["Prefabs/SambaFeverRuleNode",8],"171":["Texture/elements/Samba_scatter",5,1],"172":["Texture/rule/qieye2",5,1],"173":["Effect/particle_texture8",5,1],"174":["Texture/rule/rule3",5,1],"175":["DragonBone/shougu/shougu_tex",3],"176":["Texture/elements/Samba_wild",5,1],"178":["DragonBone/a/a_tex",5,1],"179":["Texture/elements/Samba_jita",5,1],"180":["DragonBone/wild/wild_tex",3],"181":["Animate/xingxing1",0],"184":["Effect/particle_texture",5,1],"185":["Prefabs/animateNode/freeSpinNode",8],"186":["Prefabs/SambaFeverSlotItem",8],"188":["DragonBone/feizhougu/feizhougu_tex",5,1],"189":["Animate/bar",0],"190":["Texture/elements/Samba_q",5,1],"191":["Font/bigwin",5,1],"193":["Font/fruitFont",5,1],"194":["DragonBone/scatter/sca_tex",3],"196":["Texture/elements/Samba_a",5,1],"197":["Texture/rule/Star_img",5,1],"198":["Prefabs/animateNode/freeOverNode",8],"199":["Animate/pingguo",0],"200":["Font/21jackpot",7],"201":["Animate/lingdang",0],"202":["Texture/com/shuiguo-collect",5,1],"203":["DragonBone/wild_fu/wild_fuu01_tex",3],"204":["Texture/rule/xiangshen-luckyball",5,1],"205":["Animate/zuanshi",0],"206":["DragonBone/wild_fu/wild_fuu01_ske",2],"208":["Font/freeNum",5,1],"209":["Texture/rule/rule4",5,1],"210":["Font/fruitFont",7],"211":["Texture/waitRight",9],"212":["Font/win",5,1],"213":["Texture/Samba/Samba",9],"215":["Font/numfont1",5,1],"216":["DragonBone/jack/jackpotwin_ske",2],"217":["Texture/bg",5,1],"218":["Texture/rule/xiangshen-collect",5,1],"219":["DragonBone/q/q_tex",5,1],"220":["Texture/rule/AutoAtlas",9],"221":["DragonBone/shougu/shougu_ske",2],"222":["DragonBone/jita/jita_tex",5,1],"224":["DragonBone/k/k_tex",5,1],"225":["Prefabs/animateNode/megaWinNode",8],"226":["DragonBone/scatter/sca_tex",5,1],"227":["DragonBone/totalwin/totalwin_tex",3],"228":["Texture/rule/rule5",5,1],"230":["DragonBone/q/q_tex",3],"231":["Prefabs/animateNode/jackpotNode",8],"232":["Animate/mangguo",0],"233":["Texture/rule/rule",5,1],"234":["DragonBone/feizhougu/feizhougu_tex",3],"235":["Prefabs/SambaFeverSlotRow",8],"236":["Texture/free/free_img6",5,1],"237":["DragonBone/freespin/freespin_ske",2],"238":["DragonBone/j/j_tex",5,1],"239":["Font/bigwin",7],"240":["Animate/wulian",0],"241":["DragonBone/totalwin/totalwin_tex",5,1],"242":["Animate/itemWinAnimate",0],"243":["DragonBone/bigwin/bigwin_tex",3],"245":["Font/win",7],"246":["Animate/row_right",0]},"types":["cc.AnimationClip","cc.AudioClip","dragonBones.DragonBonesAsset","dragonBones.DragonBonesAtlasAsset","cc.Texture2D","cc.SpriteFrame","cc.ParticleAsset","cc.BitmapFont","cc.Prefab","cc.SpriteAtlas","cc.Asset"],"uuids":["06CJmyfyJJsbCRNCPegUZC","095XgryRBBPaza0peXueOr","155k7YTnpIMbpiHozF4rZv","17PltuJhhDbbc2Zms3twoK","2a6zM0bZ9CSZF5s0qzft73","35UwIRGAZCt7DSvv16sDa7","392CZ+FnBP9b6irgrPc5Ot","3bU+oOsGVDmZfyw+BCP89c","3bbrBKb2tIm4YpNMLXDq4A","3fE3llvMJL5L8Qr8tNIQxe","3fQaYR3XhO06jvf6QhHoov","41SEGp+TtCgZJqxFS4a3kt","45JrHTGupPJLatQ/AS8Tgh","4cLTxVKmZGtL6dnmJ6VLVI","53K/qhByVM85KdahqzeFNI","56IwrhmmRL8qRA53Cc+DBA","5ebhlFgmVHhrLaHgJ/pYBV","66MnZH/pRL55GicotC8cPK","6aRjNNcl1Cn7z44LZ9Pp38","6amNE2q0hHOIq5N/UhDWih","6atUjIIRRLUppu4u7JgMZH","6c0R3Y8eNGkZj95yXfkiGh","72jqi2igFOOYx1rITFCuRw","728gPI525DCaHcfqiLmcc6","73zlkZUp9FvJSfe7dH3QGE","79ur4XAAxMgYWGaVkc05OM","7aUa1Zdf5LhaYBeM5UCKwP","7ftsBD+rJLkJnhIwXKhGlf","83HH3gEthErZ6tfR56v+Hx","887J0I6HREgKwyJ+gGUPBh","8awy0gFy9CmoYU11nAbPgV","8b8ti/xPdALL8WQx1xijTy","95c47AnehFY4XgbIFiWAfP","996zIe7rtBjp/2+mgrV6+V","9c621EjK9Pk6w6LLHb/hQL","9d+b9V7ONHhrItx2riYq6n","a5SFqNpJpJe5jfPm0IAUwq","a93wb2Is9D3IHvYb51cwrE","acDkdzVNBC14nz2FxKzYfS","acHwfU8eRN7blN9L0sUeLj","afn6yioV1DXZfOJDe7rAiK","af+kRGkjxFjrC+Y0gUnagt","b10VPg5P9EvKVMY/m+n+/V","b4KDhWdVJE06tn9E1FVHQr","b5gOOYIGJPkJTXfAcxFVBJ","bdW59YxYVNpJM+K17plojx","c2FE9KVo5EmZCbrR+Kf3rC","c5u+GVvMdAvqB6fOFNyFHw","caT+oSF5JDprBre3WbZp9t","ce9SkZeTdMDJIQ5bvUaEq4","cfafxuUVpB07giKiqh1lqH","cfvDNy9RFIcbYJXDcO3fD1","cfvGJL7e5ExrFhthNm02DW","d6pA+uHTlGDKiIq9WFk07A","e20sXEpNdAR4gKJyAgL2Bb","e4SR55E2tDTY9WSUve/WsU","e7AU6WhxNOpJCGnR8alQQa","e7S/Fndn1HLLm7R2k8f1Eq","e798rTrfxCsK63BXSznLbb","e89UocNclLhoSvBzMMHavN","ecR5OCGFhKl5Rf1tGqPhIE","f3E2YE9XxJy7BXW3NZa+wx","f4a7K2yK1Jlr66UGmKuf1k","f63Jy7BvxG9o0nG084rZ0v","f8JFlPb/ZDIadHxVDTQpgH","f84PmyDJ9Aoou8KSS+uOzl","f9l7VSyHRDPIhW0o5ARceH","fa6qOL2KtE4rTYyQCzGGqX","fcQahC5O1J5o/X5B2pHEHg","fcy9iwBnpP1auGxxN6DuDl","fddH6X2rFCpKCkjlyvPnJp","ffOwZPQ0hJiLr2eNxlr9VI","00f40Nn2RMKbO6OcDtjnAx","01m0m2NC5LRp/bG45Ng4Np","02gb3T0mhHpZ6Pp4fRrKan","03YDZ1CPdDhJY0n1yU7MRE","04E2p017lHWa2uPTrG6Wls","063juoMz5DdadFNLQZdBdh","0713xFwbRFGqZ/rUHptudk","08PWxfX79A3obj1EmFxOtE","09togVEc1EFq1iPBvIlYDP","0azVzex0ZI7rP0b6/fv+8P","0eHan9HwxP/YmC2FP0HIgL","10QpQ5/uhCz6hxWEEgZ6hL","12daba897","123S/pGYRGmLUHBuciUUTg","136b8de0c","13v7iTpYtJ271pY51+nNup","17Qg04YB1ErJs1v1gr/s1Y","17Z2XFKTdIH4HfagU9XU6w","186a9f03d","19RHsrT9NHuZqYvMhDDfNP","194X57NR9Cep821FeI/4Vu","1a159edee","1aTbwg0AROFKoEu5Udw24p","1a9623a44","1b475d33e","1bvDGd17VDoqTPdVFf8yyc","1c9KzO5hFL9pkACzvw601Q","1c94Z4LVpKa4PaV7UL5HFb","1dcf96c7f","1d5v0Gb1ZFIrYWawhLYFgh","21sto/yRVHw7i8bO83O3F2","25HXrJJ6xEtKXwUXvAT+qW","25K0NcV2FHl5iz0WnD+V8A","25w7LxIBRGT6/Fg0LT0Tpi","26lS14p/ZNIZzgicL82rzk","27oMrY6pVJ/Ian6T1p6XS/","2bHDRdSjZOFrss9pKRb7So","2cFCr1SkRJYJFu5aEB4UIF","30ifunASRErbiFgk9qYb9i","301P/KQR5JJ4sAE0B1d3VD","301v669+9HOIJtabV2GoTK","31XSrd+vBB3I8Ofj/4ABWJ","32fj/RI2JNLb8VaoDpLDjN","33d9zwWK5L7LKc5KMx+Ny8","35IGq18axMc7SmGCP9K2i2","36w99WzvhOIYAaNhf2i0gi","375I30ZKVGt6y9o5srSiUa","38tF2Gl1BK1Yhs5i+oahuE","3arAMBFDlEP78iuni+PqqJ","3bAXP/+BRCv6f4CrN/z4tC","3cm5d5qV1GsqntLpXw99bu","3eFh0qN1xLeqdMVqL509PG","3fMUSsTxdK9rGWAHepC2zK","3fkPJdTC9CZJ0qwVwaU8Hc","3fsn7YcNxAo480HpOkLPRO","3f7iB/6lRJAYZRd8A0R3hL","41NlUTtQBCe4eIKsbgmveD","44ITk447JI0Kbg17lPOsT2","45/ybxKh9CraSwepxWxIkK","479BqfwIJGoYl+EY19qfuK","48dPYBxPJLwb1jCFdy9cMO","48w0eGQNdPT4NRc4AvS4ms","4bGyjLAxZPOIzmkbzfsHAY","4btdx3FKtFzYvuduUmhG6F","4dRq+a59VOlJppfAgToAkV","4dvnudHdNHqLdOO6LiweUB","51daZ/bQdGD5AGgGlwNBNk","5140M6M1NMVLQH81caL+kJ","55RWzYoBhMzaW9cxN7Qdyx","57QYru8m5Em6BukN/x9uA+","57peV+riVJI6R9m8JKilVd","59MtWDn61NgJAKrbJJWTKX","5a9wH/TNFKgqD22CEcUP08","5cUfxte/ZJGZ5y1VITSkvX","5cXnrLR2lHT4q5OLuRtGkn","5dA6X3KiNLv4scjpuTYuDh","5dQIqymX5I0ZkhSPqWUBIS","62wgni1axBIbTz5cmapJty","629rOUHTtJqKDLYq7z4vk0","63AnKezZFCoYdYdTle37X2","639G4X0cxDS4/xvQgqW1cV","66JCUn8iBBd6AwpESRbCaF","6aKFw7PItEZ6SlH9lsdK2l","6czF/L6odL57pdjpJK/G6J","6eY3Z3U3ZHobxXCUZ148J7","71Q9k3lodIYLmQS3gYRrvT","71RG/QCjZOipxG6uGc9rIp","76r+asNfZAH6i19R5jQIw6","7bexs0I/pF/aQydtOKiTKX","7b4hQ4sZBHXa2daw5qfkla","7cBrIs29ZAJ5Lwzw6Lm6qV","7dHeS0D8RGRKguZd91XWDc","7dVuuIfZtEg7RpRthc2l/b","7eVpLXQg5IaJrM1we7YyTF","82m63U/hRNUYr+ClVCnPyx","83qiPELbFFsJRG/JBsMLQk","87IcP7jvFLd7YV9MDdViRD","88w1+DJapFZINo1nK0wCRk","8dXfGycbZNR6u8V4DEpyot","8d8BDbZcZBTIlAn1wnwDEI","8efc9CZ0RC6YQVFYRnbet4","94P5vVrK9IxpFRg+TiOJ2s","95ZCM0yoJJHIhDrM50fZDb","95upKRuhVL3JTqCpqy6xQ4","98GMBShHpOtpAT0jpA3pTv","984GPgQBVMFIoc6az4rDLt","99UZSQw+FFg525SMzNTrXC","9bLOZz8VVE44T8wlovabvB","9d5MCzDQNNsJ3UV/DEzHcG","9fG5M4sIxDgovlTcfmUEZh","9ftvR8CdJOd5W8SHwBTl6y","a0y5Y4k1BMsL2BxpLBttAX","a1Mi/Tt0pD1blX7TZeC8oD","a3YfT9TCFDmojADOEPDP5Y","a4Z6RfH+ZK1ae+LvFT4Vz2","a5KwfIUhtAyb6XzdkTSK7I","absl/0y4dApp0rmIReNqhY","ab7i9jwBRHGp075WsbxiSi","adkiNOdiZDELWw7yuXoP7f","b0dNtEEvJFjavOSeAgoHM/","b1CPTOwRpL7oviWXX0ZpT7","b1YJ5hXKZPRI+QQuw9pymV","b1lPy7euBMLoZQbnS7JTN6","b2cSsW7y1NaKOXXg2DvjpV","b2wvc/+wRDIIT8bD8zLN9/","b4NkFuKhpOvL/1+MDdTAQY","b5hx9U1kBAkJX6KJ2t4o9Z","b5qyWmdSxFCZtkTz/hG1nX","b7tpGaEjdLLIAGHvBZNOjV","b8pMXKbQRIL7/Nsm8PLEYU","b8q2XjQ6tKZbcUMIHQJt5r","bctXXaj7xFXpmx6dD2ccFx","bc69R1Uy5KwZ9KDx8aYRfc","bdFYhFgIFMBZr4WPb6wejP","beXECzDTxNBLRDyfeNTzhM","beke/HyqVIIqRA9VTsj/RM","bev4Z8v6tDopc1N6rl5T6N","c0iXAF+bxKMb0NlxK1f9nC","c2LhevWS1AVYv8XAuP2swx","c6IHzGthdJUYruZpSzfIAY","c63/w62StF6Ze/g0b2qgWR","c7mjE+ab9N3aKz6wa9mBMO","ceW67okbJGbJxYwd4aEcCz","cekEG29YNAA6Eh6y9xpQxi","cf2DYbhxhPabyCHG8jghr7","d0SrqGdtlH+YM6coWLKXcl","d2Gg6VAIhO0Ka551UbjZSs","d4SkJRdzxFkK7sluCM2BxA","d6C/lGZvxDk5Ec5SaPu+hr","d6vlm17RhB3KMg2QsEwg2F","d6wj8u0clGypat24DuSen4","d8iQP8LflO8p+Ry+9yztmw","d9Is1+gQZJJp+HYbjwSoUP","dbTFvaV75PJImAOxMxkVVt","ddTLcDIhJKhoyl18puzxBj","ddfrJO6etBjqfxEdOgaYbc","de1kJauC9G64NQXA5Sgv1D","e0nKRXM5tChIUcLAm5XEi6","e1I0wmxFZFZp/Q+kqazlyr","e1R8m9P+ND4q5iPQrrkCSg","e2bhf6vXJLFZsE120ZY5x8","e3MXxb1VVJAb7rEhJID6Y9","e3RBtkQa1HxZPv0PCRASCM","e5EJ1WHIhGtadOg0DW0rDM","e5m+16QfpFN7KNXRfTptWL","ecQoHhTbRP27I++2o4hcem","ecf2l46K1K5b8dw99dqUT/","ec1QX171FMAKWz4vsrOYTa","f0ofrURfREA5sXOEfYo0Mg","f15HX3daZEn4ytVyc1NpLp","f6skQkaVtLur7RaqdLLQHy","f7SHvTd61EZ57bOeF0F4kA","f7oGiAsDpMqoi8JbBdpXX0","faN+EMuGtCTIRX22uujK2S","fcpnI9gQhEhYKGff8MrcfW","0193vZ5RpG+aPyYJZwFBLR","06hXUSNfFNhp8TIhOdNnCg","065qQC0DVGhpaAWQ4Ycamt","08aLk6VaBN4ISlJ30UrtGh","0eUDEh3kFGjrJ1Jq+uhcV6","0eZMtPfzpOh6Row4fdC9Oc","0ewNf4wqdOMo3nGM4Y/nud","0fTns0kwBDU6Ir/xqWRKLf","0fhA3nZ0NJk68Z2hpWaF9X","12mAo3vwhI57UEpHPxiZcv","13MeIgFOdJZYnx4lX6PpKn","18hEK0islDkbJJ9mZRJUhs","19AKKiMBhBq6fiWkRtcIVC","19/QOY+3FH8oU5ZxLzHFbo","1aAFK8jMBPqJS0Z/r8dE0l","1bwvPT4G9IGqxngT8PQ1eC","1cdUv3h6BF4bu3WZpBkKcb","1dXwK6pyBGhoQdAAkF5CYq","1emGYc+m1PEp5HpL+nQCpp","1f9digCeBBPYVoY7TmUph5","20mWA/ExpNjpvnRvRGkrzi","208+YXMrRFoKzF8SZLOd07","21RjDZK8BOroekGXLBlT+/","22lrT/SxdDqaS4UunSbWC7","24rpj7MVtPo7EvuZkCYM/S","27QkTzhCJFVLgdPSZhthNA","28oreHLB9MmJFVf9JexlTd","29FYIk+N1GYaeWH/q1NxQO","2atETMMFJOSZP39Mqvc2/5","2bCOm2FClL8JgHy+RDMb5n","2b+d2X4oRKxLDpk0/BAtjj","2dqSBoydFP1qIUEfa7cOBG","2ekvC/jMtH3pJEO1Ys3RjU","33CM+fPxtNmbVnFV2ad9J6","34wmgLT09LHKeFgxWt+ubr","35BYiUu2BJQLQR3XoLHEj4","35g/sBN/JIm5v84wVS77kb","36nji2PaJEiY4zNaf/xZf5","38ovy23JxN2LtyIDYMU1X2","3ae7efMv1CLq2ilvUY/tQi","3cAaa1p7hK5IOnk9uJKs4W","41BnAAc95MA4b+HXgFpXgl","41uDwESjtC54HIOp6elUli","424JohJe9LfZMSVmxHxEXD","43+VYf+QFKi6mcxr5r17Uj","4420Ogd35N+bXA3jpgnJVl","46fqZL64VCrLFtyJA5L1aQ","49ZnPb6+FBGJ4AdZOBrbol","49g7pnhRxIor7U+trvYYxo","494+87t6VIZ53c2WEOaj5M","496/OFMWpGqZoKxkaSLING","4aDc21k5lIrIZpZ50+96Bo","4cqacZYdBBiZsumGNicMTS","4dfwczd/VLUKnNYikCTEPX","4dy7A0IedNSrqnoFjL2mWp","4d0G6y8oRDnLnUBLpDrM4G","4eabQfT1tLvI2ijG+UTn0m","51LOmtkBVOMJkrGSKpsSr9","52IdEk6lxO9JduOny6gtJt","52pgLJiqNKP6c1xuSiJwPA","53GZ7KODFJI6Ijy9IEt2J/","53G82zGJVKR6ZUrcF4I6FF","56A5xFvcVIrZibzp1n8rsr","5bGcVPPHlEXrD3Bb9PrqGz","5bgyULDCJHjo5SSBYy5cPD","5bqTuyyGdBmpxABjohifBB","5cqXC1KYNBi6a7hpL+b5Mw","5epVafEihO5pppE2Mv2fz7","60F5ngXfxA+KNeHETP/nvO","604KFKpo5BdZiUhRa+Dy+y","61Fv0nIkZApIFOLUCHNC4K","63d5fe7S9Gha6lmb5SddeJ","65TaNl1WdBzYmQyE02vH0C","66DV9Kjp5JkK43zjOoPmE9","68nS1dF0RIj5KjgP6UYRC1","69/bs9PCJHga1H7iVjgpoK","6ckIfP1MFHBqkZ+uFSKBiP","6c11yitIxGfrCo7Zl98Iv4","6djUo09RFKi6A7EteynHzP","6eyQ16OWhPpa5aur4fgF/N","70TFjQvbpHcraHKW0G5Q6a","70ZjbE3HBDhYmOqQEKg2AH","71lCy4RTZDsL3JuNFRKIMF","71pQB6A4pKU6Tqs8Nn9iPj","72QuhCZnZA8o6kVo9VicGZ","7278WgLxNLGIW4qqMGU9gr","73qrLZAf5NsIX8/PCTwXdU","75hmQTJPxCR5He/0Y/rDd3","76BUUHkv1J07LoYU+1TRkM","77cdfY+QlFhbG8wFSd+8be","78Yirk6JpOqJ33OgLtZvBP","78lSQH995MXYQyNu2gd2NZ","7cAoSh50BBOrLc1DwBqbc4","7c9bTlx6xJRJ9RepSKkLgz","7eAKd1WQlP2bya+F1HvqE6","81VIP7PSJBd5x7oWJNvD+g","81jZLpvLxKvJk9eM6hBGgq","820rx0tbtBwKP29upjwHpH","86ejaeCzRAaIOB+AjF0E5s","8831wqavtKapAPemQsMktg","89dFbZ+tlPwJZ0DxgOX0Mu","8aADgc4klJ2rbiZ1qTXDeY","8cF4Ey4odPepzzAzifrTFz","8de9wMk+9PVq3JXlpyIST8","8dmCVxTOZGfbeVfzo+enKN","8e6xmD1zxLO7TqkYXRey/N","90GdOjGaBJC5+LzPHrRLuY","90LK80tQdBoaHC2Kwe08Y1","91vHC9QjxHbZPQB0OkI3AF","93hSEjARtKfZxk1aFqOVpl","98FT9zdy5CRLeVjjXkdbEn","99KBq4qr1Moa2MRg+yW47Y","99RalKUDJK67N1t7HxtHlZ","9aIxKUp2xPs5jEnjhWmF9I","9aQYv6k7xAF4Spq9bsQtyn","9cHk9WnB9DdK8fmDfxUiNE","9dWnhpssFJK7X+Lt+AzrMz","9d+1nL1DBAr6mTxDTYDbJF","9feb4GF6tPA7bEi5H9id2l","9fy7puPtpLyqRdqeVRAPif","a2MjXRFdtLlYQ5ouAFv/+R","a3NsRd+WFCQorMei+YDWwM","a3p3hCOgJK/IVl0UEWLXEy","a5QcTsqNRPQ4uBhHWgKatS","a6tKohze5L+a1xqcH/SHy1","a7bRmW2QpN861lwUY4+qme","a78vCb6ihO/7Z+tH85/Qpw","a9cNWqur9KXJor3fP63NMi","abLLdjv6pN/6rW/dyhgpK3","b2H8m2Bz5PHYAKBgfu3Rff","b5FIajalRMiJeUlamfSE1E","b5NxquhQ1Ge6kqJJXRDram","b9Zy2JxdFKVrwB+fEjY/X0","b9hMN0fh5E1rbCkffsOSWx","badN1P2PtEA4fJd9KadG6a","bcqFP4c5BDPbwEJTVJYPFT","bdA+W3HJtL/K4JVkQ5RVx+","c07cFtp8pI1bfsWFalYkZa","c1Yv+zFwFLGaOcFrBXCjCJ","c1mcvBIGpJP7l3sTEWEvjF","c4IkGtqbBGp51FfHhONH+u","c4aDY1QWpBrqXFBMmqTeHd","c4yP2qYtZMM5bybO1vEP9B","c51Tvz1LpA4q2eblkg63Z4","c7g5HTLrlCB4vH5M8+jXzR","caQKP4jJ1MZp42e3R7sjRN","ca6LXg4f9KeI9CFoUrm4z9","ca7Jv1wGFMP41KMGIlmnAo","ccCrWZfSJGx7l7T3GQLa5l","cdy8DFw1BHF7wSFKiHsnwm","ceN730aPlLqbm0sCAwfrNe","cekE8OhmlLvIXsKsCav8KN","ce1ZLeZoVAFYmpFUeqCEWk","cfvIKYAHxN8Yqw8sRdZm5y","d0OPbvogVHTqMI02ONO37u","d0aT22ZXtLPIDQ1JipAwFW","d20Khbm/NE4b4hkWrIP3Y0","d3H8p2Vn5HSIzcDvldtgPe","d4UsmfPKlBNJp6Clg4Xr95","d6VrN44WlG2JgdJXyrCAD7","d9kOB/mxxAb4lPk6b2p5pD","ddCI4lQhBOGbrEWOKB6S2x","dd87lr1vhMd4TqBhIZ/AgK","deDUjZFzJL6Y053Un6zOm7","dfsDnjcTRInLkw6HW/cMU3","e0N8v16w5O8KmvdryFOdk5","e1Za3QfTBMQ7Rx5bi4RBAj","e8OqL8Gn1GtJp/IKXMk7jo","e8UVQV5/9CS5+kv3mqO96b","e97GVMl6JHh5Ml5qEDdSGa","ecBWg4dqVBAoGGk/6B36lg","ecpdLyjvZBwrvm+cedCcQy","ednfbkR49L0oYs2X88XcY4","eeZZT1RIdCVbUolvk52zMj","efDMZ6KzdGhbZtaMKJZNiL","f0BIwQ8D5Ml7nTNQbh1YlS","f6YcPM541OTJXpHc+RgWOB","f62OjxsT1GxKx8u8e0gbsw","f8G7G4GgxJCIeG6GI7RYiU","f8MM5nvDBNHqKrV+JChP0k","fdRcH+8pNOXKRe8eiWQ/zL","ffDdntJ4NEc6teA7E9r42+"],"scenes":{"db://assets/SambaFeverSlots/SambaFeverSlots.fire":161},"redirect":[274,0,286,1,367,2,416,0,417,2,418,1,422,0],"deps":["main","internal","resources"],"packs":{"010a42bac":[304,185,197,237],"02493a969":[73,328],"024dae934":[255,210],"0285293aa":[88,276],"03558b064":[287,131],"037d549b1":[0,249,250,82,252,262,266,273,282,5,6,7,10,11,291,300,301,313,16,319,23,338,25,161,339,27,28,346,31,354,173,358,33,368,36,374,38,40,44,45,206,214,51,52,217,53,55,59,425,64,67,428],"038abea34":[78,408],"044bcbff3":[247,280,285,295,309,322,327,335,337,344,347,361,370,380,384,393,401,402,406,407,242,426],"048eb4e76":[216,231],"063aaf545":[248,251,253,259,288,294,136,303,314,329,342,345,349,353,375,379,396,423],"06c77f40d":[74,98,381],"072898452":[268,271,277,283,293,308,315,316,317,340,356,360,377,405,414,421,427],"0757ababe":[76,83,89,91,104,105,114,126,128,129,133,134,307,145,148,155,160,171,176,179,186,190,196,207,221],"0816c6be0":[257,272,275,281,306,318,323,333,334,351,362,366,378,386,211,400,410],"08299f91b":[72,99,420],"08670d76b":[168,391],"0872a7cd7":[204,218],"0895717b2":[352,200],"0a07c5d8a":[80,115,297,140,166,169,174,372,209,403,228,233],"0a544959d":[1,84,86,2,3,90,93,94,95,96,97,100,101,102,106,107,4,110,123,9,12,130,132,13,14,15,17,18,19,20,21,158,24,26,162,164,29,30,170,32,177,34,35,182,183,187,37,39,41,192,42,195,43,46,47,49,50,223,229,54,56,57,58,61,62,63,244,65,66,68,70],"0a7021e8d":[302,152],"0aa4c0a16":[156,355],"0abc20ba5":[212,245],"0c59e4b8c":[141,225],"0c7ecc673":[254,261,263,270,299,149,324,325,330,341,343,348,363,369,371,376,382,385,411,413,424],"0d4e54bbb":[147,198],"0de2e7831":[397,239],"0e3057fad":[256,264,265,267,278,279,284,289,290,292,296,298,310,312,320,332,336,350,373,383,387,388,389,398,399,415,419],"0f7ce7e48":[326,364],"0fdae15b7":[260,365,390,213,394,412]},"name":"SambaFeverSlots","importBase":"import","nativeBase":"native","debug":false,"isZip":false,"encrypted":false,"versions":{"import":["010a42bac","59cfd","02493a969","e83dd","024dae934","7c85d","0285293aa","2120f","03558b064","31581",75,"00db0","037d549b1","3331e","038abea34","96dc6","044bcbff3","62e57","048eb4e76","0badb","063aaf545","0ad63","06c77f40d","540ee",77,"d8ae4","072898452","38214","0757ababe","c8f8a","0816c6be0","7042a","08299f91b","d0e08",79,"f405b","08670d76b","25c6d","0872a7cd7","59bcc","0895717b2","04426","0a07c5d8a","410a6","0a544959d","cefa8","0a7021e8d","e1400","0aa4c0a16","2cd8a","0abc20ba5","4bf88",81,"c95c0","0c59e4b8c","49fc3","0c7ecc673","30819","0d4e54bbb","deef7","0de2e7831","a643b","0e3057fad","1bae9","0f7ce7e48","0e30d","0fdae15b7","15a2e",85,"567fe",87,"feb80",258,"3f57a",92,"9ab26",269,"9bc97",103,"9e745",108,"5fa9c",109,"80736",111,"d3273",112,"75fe3",113,"312c0",116,"16ef1",117,"783c9",118,"1c818",119,"e9995",120,"066d6",121,"f26d0",8,"db63c",122,"e3748",124,"477e7",125,"aafca",127,"9bdeb",135,"f512f",137,"2cd5c",138,"ef331",139,"2968b",305,"0a499",142,"9b174",143,"a73c3",144,"79280",311,"7b7ca",146,"6464f",150,"b6258",151,"d4952",153,"ec60c",321,"452a4",154,"90878",157,"5cab9",331,"c6650",22,"aac75",159,"61026",163,"16f59",165,"3b980",167,"1c47b",172,"d8532",175,"06620",357,"e27ea",359,"e7fc3",178,"5eb25",180,"7d39b",181,"750e7",184,"08e99",188,"d39b4",189,"46fee",191,"aef3f",193,"510ca",194,"ef6d2",199,"9c503",201,"98ae8",202,"a2398",203,"79ba5",205,"b58c7",208,"67f43",392,"cab8f",48,"2eb22",395,"68ac4",215,"94ffd",404,"3495e",219,"3f9fb",220,"2c496",222,"6fa72",224,"de7a5",226,"37f7c",227,"d7e86",409,"03104",230,"46582",232,"7bc5c",234,"e6f82",235,"c082a",236,"92cb3",60,"8258d",238,"ca53d",240,"c4882",241,"f43ef",243,"22ccb",246,"33a1f",69,"d0903",71,"5e9a6"],"native":[74,"44664",0,"8d36d",1,"1240f",84,"31ecd",86,"9f5e3",2,"f0660",3,"9f6a9",90,"3b82c",93,"7ffa5",94,"9d9b5",95,"f1f9d",96,"cdfa7",97,"32f14",100,"7a209",101,"cb1b7",102,"4d2cf",106,"53484",107,"efa53",4,"5c211",110,"96ca6",5,"c1aba",6,"c6c80",7,"feaaf",8,"4bd01",123,"e75fb",9,"d75c3",10,"9ca5d",11,"77c3a",12,"a382c",130,"3f42b",132,"4e9cc",13,"a2aea",14,"7c06e",15,"0b86e",16,"49c9e",17,"9d9b5",18,"3f42b",19,"53484",20,"cac0f",21,"72f9d",158,"30da6",22,"60c4b",23,"1d3dc",24,"00385",25,"e1464",26,"ea753",162,"3dd75",164,"6c00c",27,"3fe66",28,"d2fc1",29,"9f06e",30,"d7e4b",31,"e48fe",170,"3f7ac",32,"0973e",177,"5909b",33,"01c2f",34,"0ca82",35,"a347d",182,"e54be",183,"f0660",187,"bfbe0",36,"a1e21",37,"5449d",38,"7fca1",39,"24a8b",40,"83a80",41,"22a94",192,"a382c",42,"d2dbf",195,"bf45a",43,"3dd75",44,"6e4b0",45,"3d53d",207,"30499",46,"100d2",47,"d1d55",48,"5575b",214,"2cf8f",49,"edf81",50,"cc2cc",51,"a82a2",52,"59bb4",53,"5834d",223,"cc2cc",229,"3361e",54,"b3ce7",55,"54781",56,"5909b",57,"bcd66",58,"389bb",59,"25ee9",60,"1ea9a",61,"3361e",62,"6c00c",63,"5332c",244,"838a8",64,"8ed47",65,"30da6",66,"4e9cc",67,"fcf6e",68,"11b63",69,"19990",70,"bf45a",71,"30499"]}}