[1,["e798rTrfxCsK63BXSznLbb"],["_texture"],[["dragonBones.DragonBonesAtlasAsset",["_name","_atlasJson"],1]],[[0,0,1,3]],[[0,"sca_tex","{\"SubTexture\":[{\"width\":172,\"y\":1,\"height\":137,\"name\":\"sca/01a3a608dad0fc5a78e5a30dc3b3b90\",\"x\":1},{\"width\":145,\"y\":288,\"height\":31,\"name\":\"sca/图层_2\",\"x\":1},{\"width\":147,\"y\":140,\"height\":146,\"name\":\"sca/图层_1\",\"x\":1},{\"width\":34,\"y\":104,\"height\":32,\"name\":\"星光闪闪0001/星光闪闪0008\",\"x\":175},{\"width\":41,\"y\":256,\"height\":35,\"name\":\"星光闪闪0001/星光闪闪0010\",\"x\":208},{\"width\":58,\"y\":288,\"height\":57,\"name\":\"星光闪闪0001/星光闪闪0004\",\"x\":148},{\"width\":40,\"y\":104,\"height\":35,\"name\":\"星光闪闪0001/星光闪闪0009\",\"x\":211},{\"width\":58,\"y\":198,\"height\":56,\"name\":\"星光闪闪0001/星光闪闪0002\",\"x\":150},{\"width\":36,\"y\":141,\"height\":38,\"name\":\"星光闪闪0001/星光闪闪0007\",\"x\":211},{\"width\":49,\"y\":321,\"height\":45,\"name\":\"星光闪闪0001/星光闪闪0001\",\"x\":1},{\"width\":59,\"y\":140,\"height\":56,\"name\":\"星光闪闪0001/星光闪闪0003\",\"x\":150},{\"width\":46,\"y\":54,\"height\":48,\"name\":\"星光闪闪0001/星光闪闪0005\",\"x\":175},{\"width\":41,\"y\":198,\"height\":35,\"name\":\"星光闪闪0001/星光闪闪0011\",\"x\":210},{\"width\":46,\"y\":1,\"height\":51,\"name\":\"星光闪闪0001/星光闪闪0006\",\"x\":175},{\"width\":39,\"y\":256,\"height\":30,\"name\":\"星光闪闪0001/星光闪闪0012\",\"x\":150}],\"width\":256,\"height\":512,\"name\":\"sca\",\"imagePath\":\"sca_tex.png\"}"]],0,0,[0],[0],[0]]