[1,["7aUa1Zdf5LhaYBeM5UCKwP"],["_texture"],[["dragonBones.DragonBonesAtlasAsset",["_name","_atlasJson"],1]],[[0,0,1,3]],[[0,"jackpot_tex","{\"SubTexture\":[{\"width\":167,\"y\":1,\"height\":176,\"name\":\"jackpot/8b467db93664b117ba2b7b8a45f42f8\",\"x\":553},{\"width\":177,\"y\":137,\"height\":78,\"name\":\"jackpot/JACKPOT\",\"x\":722},{\"width\":177,\"y\":1,\"height\":134,\"name\":\"jackpot/组_175\",\"x\":722},{\"width\":550,\"y\":1,\"height\":463,\"name\":\"d3745df51f0f69e98e3dbdd892cb56510d174c5213361-DqXmhE_fw1200\",\"x\":1}],\"width\":1024,\"height\":512,\"name\":\"jackpot\",\"imagePath\":\"jackpot_tex.png\"}"]],0,0,[0],[0],[0]]