[1,["c5u+GVvMdAvqB6fOFNyFHw"],["_texture"],[["dragonBones.DragonBonesAtlasAsset",["_name","_atlasJson"],1]],[[0,0,1,3]],[[0,"totalwin_tex","{\"SubTexture\":[{\"frameWidth\":300,\"y\":711,\"frameHeight\":300,\"width\":296,\"frameX\":-3,\"height\":295,\"name\":\"9d7a39fd6b70108fc17836efe78cdf3f7cd4166bc3fa-idfa3q_fw1200\",\"frameY\":-4,\"x\":693},{\"width\":342,\"y\":255,\"height\":454,\"name\":\"022\",\"x\":540},{\"width\":537,\"y\":255,\"height\":367,\"name\":\"totalwin/d6e12eaf0c3450da37e71ea5d5c80f6\",\"x\":1},{\"width\":791,\"y\":1,\"height\":252,\"name\":\"totalwin/fbc4f967f58cb5add7ce50e31f8c876\",\"x\":1},{\"width\":690,\"y\":711,\"height\":168,\"name\":\"totalwin/组_81_拷贝\",\"x\":1}],\"width\":1024,\"height\":1024,\"name\":\"totalwin\",\"imagePath\":\"totalwin_tex.png\"}"]],0,0,[0],[0],[0]]