[1,["ecpdLyjvZBwrvm+cedCcQy","d608qFRoFHwbXd0Dap056i","61cyPdEfRN047sDK9rO0W5","d8HsitJHxOYqo801xBk8ev","9bvaMerUlDyary99mJa6xp","5f5dyqtRNNxaFmVzYns6FZ","a6ZWB9x/JCxpf6hONs+JGZ","5cO7kybDxGj4ipyMYdRYZB","ecBWg4dqVBAoGGk/6B36lg"],["node","_textureSetter","_spriteFrame","root","_N$target","data","_parent","_scrollView"],[["cc.Node",["_name","_opacity","_objFlags","_components","_prefab","_contentSize","_position","_parent","_children","_color","_trs","_anchorPoint"],0,9,4,5,8,1,2,5,7,5],["cc.Widget",["_alignFlags","alignMode","_originalWidth","_originalHeight","_top","_bottom","_left","_right","node"],-5,1],"cc.SpriteFrame",["cc.Node",["_name","_objFlags","_opacity","_parent","_children","_components","_prefab","_contentSize","_anchorPoint","_trs"],0,1,2,12,4,5,5,7],["cc.PrefabInfo",["fileId","root"],2,1],["cc.Sprite",["_type","_sizeMode","node","_materials","_spriteFrame"],1,1,3,6],["cc.Prefab",["_name"],2],["cc.Node",["_name","_objFlags","_opacity","_parent","_components","_prefab","_contentSize","_anchorPoint","_trs"],0,1,2,4,5,5,7],["cc.Label",["_name","_fontSize","_lineHeight","_N$horizontalAlign","_N$verticalAlign","_N$overflow","node","_materials"],-3,1,3],["cc.Button",["zoomScale","_N$transition","node","_N$normalColor","_N$pressedColor","_N$disabledColor","_N$target"],1,1,5,5,5,1],["cc.Mask",["_N$alphaThreshold","node","_materials"],2,1,3],["cc.Scrollbar",["_N$direction","node","_N$handle"],2,1,1],["cc.ScrollView",["horizontal","brake","bounceDuration","_N$horizontalScrollBar","node","_N$content","_N$verticalScrollBar"],-1,1,1,1]],[[4,0,1,2],[5,0,1,2,3,4,3],[1,1,0,2,3,8,5],[5,0,1,2,3,3],[6,0,2],[0,0,8,3,4,9,5,6,10,2],[0,0,3,4,9,5,11,6,2],[0,0,7,8,3,4,5,6,10,2],[0,0,1,7,3,4,9,5,6,3],[0,0,2,7,8,3,4,5,11,3],[0,0,7,3,4,5,6,10,2],[3,0,3,4,5,6,7,8,9,2],[3,0,1,2,3,4,5,6,7,8,9,4],[7,0,1,2,3,4,5,6,7,8,4],[1,0,4,5,2,8,5],[1,1,0,6,3,8,5],[1,1,0,5,2,3,8,6],[1,0,7,4,8,4],[4,1,1],[8,0,1,2,3,4,5,6,7,7],[9,0,1,2,3,4,5,6,3],[10,0,1,2,2],[11,0,1,2,2],[12,0,1,2,3,4,5,6,5]],[[[{"name":"default_scrollbar_vertical","rect":[0,0,15,30],"offset":[0,0],"originalSize":[15,30],"capInsets":[4,10,4,10]}],[2],0,[0],[1],[1]],[[{"name":"default_scrollbar_vertical_bg","rect":[0,0,15,30],"offset":[0,0],"originalSize":[15,30],"capInsets":[4,10,4,10]}],[2],0,[0],[1],[2]],[[{"name":"default_panel","rect":[0,0,20,20],"offset":[0,0],"originalSize":[20,20],"capInsets":[6,6,6,6]}],[2],0,[0],[1],[3]],[[[4,"ErrorLog"],[5,"ErrorLog",[-3,-4,-5],[[2,0,45,90,48,-2]],[18,-1],[4,4278190080],[5,1520,720],[0,640,360],[760,360,0,0,0,0,1,1,1,1]],[11,"listview",1,[-9,-10],[[[3,1,0,-6,[7]],-7,[14,41,75,235,240,-8]],4,1,4],[0,"3a/Zc2CV9LE4kcWEnGBolN",1],[5,1520,645],[0,0.5,1],[0,285,0,0,0,0,1,1,1,1]],[12,"scrollBar",512,0,2,[-14],[[-11,[15,0,37,350.07654921020657,237,-12],[1,1,0,-13,[5],6]],1,4,4],[0,"62rGP7hMlIXZxhSZjpfIZ2",1],[5,12,645],[0,1,0.5],[760,-322.5,0,0,0,0,1,1,1,1]],[6,"label",[[19,"label<Label>",30,34,1,1,3,-15,[4]],[16,0,45,602.16,1280,34,-16]],[0,"a9DbinzZRJCoN46jtdzhSt",1],[4,4278255360],[5,1520,42.84000000000003],[0,0.5,1],[0,0,0]],[7,"btnClose",1,[-20],[[20,0.9,3,-18,[4,4293322470],[4,4291348680],[4,3363338360],-17],[17,33,0.5910000000000082,1.6809999999999832,-19]],[0,"a4Vsa/ZKxJv7hDZSab4Mjc",1],[5,80,70],[0,610,330],[719.409,323.319,0,0,0,0,1,1,1,1]],[8,"spr",200,1,[[1,1,0,-21,[0],1],[2,0,45,40,36,-22]],[0,"4cOycLq0JMVqwviDm2J8Yf",1],[4,4278190080],[5,1520,720],[0,0,0]],[9,"view",512,2,[4],[[21,0,-23,[3]]],[0,"03ngzoP7RHBaXsoIx9ogNx",1],[5,1520,645],[0,0.5,1]],[10,"Background",5,[[1,1,0,-24,[8],9]],[0,"5aoRiKOp5ByIL+c1xolP4K",1],[5,50,50],[0,0,0],[0,0,0,0,0,0,1,1,1,0]],[13,"bar",512,0,3,[-25],[0,"57VDkrYOVFwobCitAECwCY",1],[5,10,30],[0,1,0],[-1,0,0,0,0,0,1,1,1,1]],[3,1,0,9,[2]],[22,1,3,10],[23,false,0.75,0.23,null,2,4,11]],0,[0,3,1,0,0,1,0,-1,6,0,-2,2,0,-3,5,0,0,2,0,-2,12,0,0,2,0,-1,3,0,-2,7,0,-1,11,0,0,3,0,0,3,0,-1,9,0,0,4,0,0,4,0,4,8,0,0,5,0,0,5,0,-1,8,0,0,6,0,0,6,0,0,7,0,0,8,0,-1,10,0,5,1,4,6,7,11,7,12,25],[0,0,0,0,0,0,0,0,0,0,10],[-1,2,-1,-1,-1,-1,2,-1,-1,2,2],[0,4,0,0,0,0,5,0,0,6,7]],[[{"name":"btn_close","rect":[318,700,43,45],"offset":[0,0],"originalSize":[43,45],"rotated":1,"capInsets":[0,0,0,0]}],[2],0,[0],[1],[8]]]]