[1,["ecpdLyjvZBwrvm+cedCcQy","ceW67okbJGbJxYwd4aEcCz","18d7f57fd","161c35d1b","1fRPjoif9L96O4iNnepxEH","eaXdnWWupGsZy72/ujAcZj","aaEhV6J15HMJlgy40fLa/9","ffUKyFr6pGa4M8Bcx6ik9P","7dRBIxge5HQqOaV2gc46iQ","59rAE7EWBOY6nleOGEPnnf","58C7Y3mRREJpVx5T/stGmV","986XDjxUNLb6YmqdM/P5GN","68OL2BNRBGZbYY7qKbsE/j","68hO9j6kRCe6QIIC65ZqyZ","75zqU+YYtIQarGdGkoh7fd","50s+j6D8pLe5xStC/Uk5Tb","c2BgFTm5lJoY+QMaroyW0s","c6ilyVNPhJ1728bb4ckcoD","b388ChB1FNxb1qPyibqTfS","2fbu5OmllNH7xgb9QZL7PT","b5XopDfjlIjZ4SSqs7ZIvg","a6aNtw3RlP75lNTxBVQAAh","24mpkY8mZCdLRPIPjITTXh","f7K1vjiiFN8K6EqnAFc3ce","5bdchG0gdF8pw94DuPa+hX","6eVxD2W/FO7JN210mmQx/a","28EPlzP9lEQJgwdeX+ZkKu","83rxM994tCsIuPx2F+4rRO","e0N0Q9cTdMZKfWGbsnIfct","2fekAEx0ZObqW5hTdCLnCd","be09C90MhAjYVgOQEhrPRN","09sS8YD4BOMYApJQxHgFzV"],["node","_spriteFrame","_N$file","_textureSetter","root","_parent","rechargeNotice","paymentNode","confirmNode","priceLabel","totalLabel","usdLabel","nameLabel","data"],["cc.SpriteFrame",["cc.Node",["_name","_active","_prefab","_components","_contentSize","_parent","_trs","_children","_color","_eulerAngles"],1,4,9,5,1,7,2,5,5],["cc.Label",["_N$horizontalAlign","_N$verticalAlign","_fontSize","_string","_isSystemFontUsed","_styleFlags","_lineHeight","node","_materials","_N$file"],-4,1,3,6],["cc.Sprite",["_sizeMode","_type","_isTrimmedMode","node","_materials","_spriteFrame"],0,1,3,6],["cc.Widget",["_alignFlags","_originalWidth","_originalHeight","_left","_right","_top","_bottom","_horizontalCenter","node"],-5,1],["cc.PrefabInfo",["fileId","root","asset"],2,1,1],["cc.ClickEvent",["_componentId","handler","customEventData","target"],0,1],["cc.Button",["zoomScale","_N$transition","node","clickEvents"],1,1,9],["cc.Layout",["_resize","_N$layoutType","_N$spacingX","node","_layoutSize"],0,1,5],["cc.Prefab",["_name"],2],["cc.Node",["_name","_parent","_components","_prefab","_contentSize","_trs"],2,1,12,4,5,7],["cc.Node",["_name","_parent","_components","_prefab","_contentSize","_trs"],2,1,2,4,5,7],["d1dbe+OrApGFb1K816zyOoW",["node","usdLabel","totalLabel","priceLabel","confirmNode","paymentNode","rechargeNotice"],3,1,1,1,1,1,1,1],["6a3bawhzNpG4Y2KWFS3pkxV",["node","nameLabel","bk"],3,1,1,3],["cc.BlockInputEvents",["node"],3,1],["cc.LabelShadow",["node","_color","_offset"],3,1,5,5],["cc.LabelOutline",["_width","node","_color"],2,1,5]],[[5,0,1,2,2],[1,0,5,3,2,4,6,2],[3,3,4,5,1],[1,0,5,7,3,2,4,6,2],[1,0,5,3,2,8,4,6,2],[3,0,3,4,5,2],[2,2,4,0,1,7,8,9,5],[7,2,3,1],[6,0,1,3,3],[16,0,1,2,2],[1,0,5,3,2,4,2],[7,0,1,2,3,3],[1,0,1,5,7,3,2,4,6,3],[3,1,0,3,4,5,3],[2,3,2,4,0,1,7,8,9,6],[1,0,5,7,3,2,4,6,9,2],[1,0,5,3,2,8,4,6,9,2],[3,1,0,3,4,3],[6,0,1,2,3,4],[2,4,0,1,7,8,9,4],[1,0,7,3,2,4,6,2],[1,0,1,5,3,2,4,6,3],[10,0,1,2,3,4,5,2],[11,0,1,2,3,4,5,2],[6,1],[4,0,8,2],[2,3,2,0,1,7,8,5],[9,0,2],[1,0,7,2,2],[1,0,1,5,7,2,3],[1,0,1,5,7,3,2,4,3],[1,0,1,5,3,2,8,4,6,3],[3,2,3,4,5,2],[12,0,1,2,3,4,5,6,1],[5,1,2,1],[5,0,1,2],[4,0,3,4,5,6,7,1,2,8,9],[4,0,1,2,8,4],[4,0,3,4,5,6,1,2,8,8],[8,0,1,2,3,4,4],[8,0,1,3,4,3],[13,0,1,2,1],[14,0,1],[15,0,1,2,1],[2,2,6,0,1,7,8,5],[2,3,2,6,4,0,1,7,8,7],[2,3,2,4,5,0,1,7,8,7],[2,3,2,5,0,1,7,8,6],[2,3,5,0,1,7,8,5]],[[[{"name":"flag_red","rect":[486,126,115,115],"offset":[0,0],"originalSize":[115,119],"capInsets":[0,0,0,0]}],[0],0,[0],[3],[2]],[[{"name":"package_window_2","rect":[3,568,306,443],"offset":[0,0],"originalSize":[306,443],"capInsets":[0,0,0,0]}],[0],0,[0],[3],[3]],[[{"name":"Di_daojishi","rect":[987,3,119,29],"offset":[0,0],"originalSize":[119,29],"rotated":1,"capInsets":[31,9,25,7]}],[0],0,[0],[3],[3]],[[{"name":"Biaoti_nice","rect":[939,749,116,68],"offset":[0,0],"originalSize":[116,68],"rotated":1,"capInsets":[0,0,0,0]}],[0],0,[0],[3],[3]],[[{"name":"01_3","rect":[3,3,978,559],"offset":[0,0],"originalSize":[978,559],"capInsets":[0,0,0,0]}],[0],0,[0],[3],[3]],[[{"name":"03_2","rect":[655,74,174,67],"offset":[0,0],"originalSize":[174,67],"capInsets":[0,0,0,0]}],[0],0,[0],[3],[2]],[[{"name":"02_1","rect":[607,172,355,94],"offset":[0,0],"originalSize":[355,94],"capInsets":[0,0,0,0]}],[0],0,[0],[3],[2]],[[{"name":"package_window_3","rect":[627,568,306,443],"offset":[0,0],"originalSize":[306,443],"capInsets":[0,0,0,0]}],[0],0,[0],[3],[3]],[[{"name":"coin1","rect":[835,74,92,92],"offset":[0,0],"originalSize":[92,92],"capInsets":[0,0,0,0]}],[0],0,[0],[3],[2]],[[{"name":"Other_Amount","rect":[987,128,175,26],"offset":[0,-2.5],"originalSize":[175,31],"rotated":1,"capInsets":[0,0,0,0]}],[0],0,[0],[3],[3]],[[[27,"FirstChargePopup"],[20,"FirstChargePopup",[-10,-11,-12,-13,-14,-15,-16,-17,-18,-19,-20,-21,-22],[[5,2,-2,[110],111],[33,-9,-8,-7,-6,-5,-4,-3]],[34,-1,0],[5,978,559],[0,-14.025,0,0,0,0,1,1,1,1]],[28,"pop",[-23,-24,-25,-26,-27,-28,-29],[0,"e9O7P6b+JHPJh+FpO3UM1h",1,0]],[20,"frame_black",[-31,-32,-33,-34,-35],[[17,1,0,-30,[43]]],[0,"2dLeZx43pDmYMa6Cb8ncvu",1,0],[5,254,60],[3,-69.217,0,0,0,0,1,1,1,1]],[12,"item1",false,1,[-38,-39,-40,-41],[[2,-36,[71],72],[7,-37,[[24]]]],[0,"21SDtuGsFKIJX8yEYJFOkc",1,0],[5,306,443],[0.197,-73.265,0,0,0,0,1,1,1,1]],[3,"frame_black",4,[-43,-44,-45,-46,-47],[[17,1,0,-42,[62]]],[0,"d1Tp+Eko5DUqgMrIIVPIm6",1,0],[5,254,60],[3,-65,0,0,0,0,1,1,1,1]],[12,"item2",false,1,[-50,-51,-52,-53],[[2,-48,[94],95],[7,-49,[[24]]]],[0,"c0tafBKh9KKqviwtAw5ISz",1,0],[5,306,443],[330.197,-73.762,0,0,0,0,1,1,1,1]],[3,"frame_black",6,[-55,-56,-57,-58,-59],[[17,1,0,-54,[85]]],[0,"86HpYaAFhCSZ6hFs4j8mDy",1,0],[5,254,60],[3,-65,0,0,0,0,1,1,1,1]],[12,"item0",false,1,[-61,-62,3,-63],[[5,2,-60,[48],49]],[0,"c24FtI2hlBno6uezmUY10N",1,0],[5,306,443],[-329.803,-73.211,0,0,0,0,1,1,1,1]],[29,"RechargeNotice",false,1,[-64,-65,-66,-67],[0,"4firRoluBAOJuqsKml5Ekp",1,0]],[30,"ConfirmNode",false,1,[-69,2],[[25,45,-68]],[0,"1cdfZdn8BLZ68AYnU6ogre",1,0],[5,978,559]],[3,"payments",2,[-72],[[25,16,-70],[39,1,1,20,-71,[5,185.2,200]]],[0,"663mq/cahHjJ9VnOONfccy",1,0],[5,185.2,200],[0,84.988,0,0,0,0,1,1,1,1]],[3,"payment",11,[-77],[[13,1,0,-73,[22],23],[36,5,10.5,110.5,67.14999999999999,68.95,-60.5,179,108,-74],[41,-76,-75,[24,25]]],[0,"1a+UcBK3RArKJ42jRbQP8r",1,0],[5,185.2,63.900000000000006],[0,0.9000000000000057,0,0,0,0,1,1,1,1]],[3,"New Layout",1,[-79,-80],[[40,1,1,-78,[5,169.26,150]]],[0,"abmW8JmoxJZ42t81+K6pEb",1,0],[5,169.26,150],[0,-14.411,0,0,0,0,1,1,1,1]],[10,"first_launch",10,[[5,0,-81,[8],9],[37,45,360,640,-82],[42,-83]],[0,"506X/jAH9LT41azkuyRn5J",1,0],[5,978,559]],[22,"payment_name",12,[[-85,[43,-86,[4,4278190080],[0,0,-1]]],1,4],[35,"2cvGeMlZtKYqiKKTxwqK9/",-84],[5,126.03,50.4],[-2.918,2.78,0,0,0,0,1,1,1,1]],[3,"btn_green",8,[-89],[[5,2,-87,[46],47],[11,0.9,3,-88,[[18,"d1dbe+OrApGFb1K816zyOoW","itemBtnClick","0",1]]]],[0,"e0o/HEfL5IU6x8m+VZ3R9K",1,0],[5,250,89],[0,-168.283,0,0,0,0,1,1,1,0]],[3,"btn_green",4,[-92],[[5,2,-90,[65],66],[11,0.9,3,-91,[[18,"d1dbe+OrApGFb1K816zyOoW","itemBtnClick","1",1]]]],[0,"51pb2SlvdLEr7QhUO/FUM4",1,0],[5,250,89],[1.175,-170.322,0,0,0,0,1,1,1,0]],[3,"btn_green",6,[-95],[[5,2,-93,[88],89],[11,0.9,3,-94,[[18,"d1dbe+OrApGFb1K816zyOoW","itemBtnClick","2",1]]]],[0,"58hpcHyhJGY69gVx7+9AxI",1,0],[5,250,89],[1.175,-170.322,0,0,0,0,1,1,1,0]],[10,"first_launch",9,[[5,0,-96,[103],104],[38,45,-819.5,-819.5,-400,-400,360,640,-97],[7,-98,[[8,"d1dbe+OrApGFb1K816zyOoW","dismissConfirm",1]]]],[0,"162quK9P9FgIPWH9NN9AVT",1,0],[5,1639,800]],[1,"03",1,[[2,-99,[0],1],[7,-100,[[8,"d1dbe+OrApGFb1K816zyOoW","itemBtnClick",1]]]],[0,"825oqqAXND0Yd5ComBktv1",1,0],[5,355,94],[0.628,-168.969,0,0,0,0,1,1,1,1]],[3,"btn_close",1,[-102],[[11,0.9,3,-101,[[8,"d1dbe+OrApGFb1K816zyOoW","onCloseCb",1]]]],[0,"264EmSyTVB6pkAFAk93ukC",1,0],[5,90,90],[456.141,244.938,0,0,0,0,1,1,1,0]],[22,"label",1,[[-103,[9,2,-104,[4,4279066272]]],1,4],[0,"bf7CvSFj9PjpUcWYHmzfoc",1,0],[5,4,84.64],[1.397,-162.646,0,0,0,0,1,1,1,1]],[3,"popup_bk",2,[-106],[[13,1,0,-105,[12],13]],[0,"f0qHvnM+1DBJAzo6x3LaG8",1,0],[5,779,472],[2,-2,0,0,0,0,1,1,1,1]],[1,"13",2,[[2,-107,[15],16],[7,-108,[[8,"d1dbe+OrApGFb1K816zyOoW","makePayment",1]]]],[0,"5fi0NP9XdBzI5plOiSWHol",1,0],[5,174,67],[0.783,-131.181,0,0,0,0,1,1,1,1]],[3,"close",2,[-110],[[7,-109,[[8,"d1dbe+OrApGFb1K816zyOoW","dismissConfirm",1]]]],[0,"4ewzen4dBAvZc8AD/Y/G/n",1,0],[5,100,100],[333.803,184.623,0,0,0,0,1,1,1,1]],[15,"flag_red",8,[-112],[[2,-111,[31],32]],[0,"40iQVllQZF96L23M6hIec9",1,0],[5,115,115],[79.361,70.648,0,0,0,0.043619387365336,0.9990482215818578,1,1,1],[1,0,0,5]],[16,"labrefa",26,[[6,26,false,1,1,-113,[29],30],[9,2,-114,[4,4278719104]]],[0,"c1qkJ1xs9PcJ7eKczQDTPC",1,0],[4,4278580991],[5,4,54.4],[1.511,8.09,0,0,0,0.13052619222005157,0.9914448613738104,1,1,1],[1,0,0,15]],[1,"lab",16,[[19,false,1,1,-115,[44],45],[9,2,-116,[4,4280579348]]],[0,"ee5LqFNoNHGpOXIK3wOvDq",1,0],[5,4,54.4],[-2,10.965,0,0,0,0,1,1,1,1]],[1,"lab",17,[[19,false,1,1,-117,[63],64],[9,2,-118,[4,4280579348]]],[0,"59qPSWzaFBaYE1xIMqLs3B",1,0],[5,4,54.4],[4.038,11.849,0,0,0,0,1,1,1,1]],[15,"flag_red",4,[-120],[[2,-119,[69],70]],[0,"2fsybtFVdMeJ+TYJ3T1/2f",1,0],[5,115,115],[77.631,64.624,0,0,0,0.043619387365336,0.9990482215818578,1,1,1],[1,0,0,5]],[16,"labrefa",30,[[6,26,false,1,1,-121,[67],68],[9,2,-122,[4,4278719104]]],[0,"73JYIQOc1Bo7EcLrgpLWTb",1,0],[4,4278580991],[5,4,54.4],[1.511,8.09,0,0,0,0.13052619222005157,0.9914448613738104,1,1,1],[1,0,0,15]],[1,"lab",18,[[19,false,1,1,-123,[86],87],[9,2,-124,[4,4280579348]]],[0,"40XrbbdMBF6aVSMxGLgJuV",1,0],[5,4,54.4],[5.669,11.157,0,0,0,0,1,1,1,1]],[15,"flag_red",6,[-126],[[2,-125,[92],93]],[0,"05caro8vtJZrfhBfpOPakK",1,0],[5,115,115],[79.573,57.957,0,0,0,0.043619387365336,0.9990482215818578,1,1,1],[1,0,0,5]],[16,"labrefa",33,[[6,26,false,1,1,-127,[90],91],[9,2,-128,[4,4278719104]]],[0,"10D740rsJJTb+AyKuQMx/b",1,0],[4,4278580991],[5,4,54.4],[1.511,8.09,0,0,0,0.13052619222005157,0.9914448613738104,1,1,1],[1,0,0,15]],[12,"btnOther_Amount",false,1,[-130],[[11,0.9,3,-129,[[8,"d1dbe+OrApGFb1K816zyOoW","addcashBtnClick",1]]]],[0,"c3Bzfkp4dANJcUNryJt16O",1,0],[5,179,51],[387.238,182.989,0,0,0,0,1,1,1,0]],[1,"Btn_ok",9,[[2,-131,[108],109],[7,-132,[[8,"d1dbe+OrApGFb1K816zyOoW","toPay",1]]]],[0,"1aA6T9jIFCwqx/ihHMGjAM",1,0],[5,271,68],[4.76,-113.435,0,0,0,0,1,1,1,1]],[1,"btn_close",21,[[32,false,-133,[2],3]],[0,"132ZmXtPlJ1JR+sXYVmePy",1,0],[5,35,35],[0,4.5,0,0,0,0,1,1,1,1]],[44,64.3,64.3,1,1,22,[4]],[1,"coin1",13,[[2,-134,[5],6]],[0,"61eNLFUM5AsporMZAPwdLp",1,0],[5,92,92],[-38.629999999999995,2.98,0,0,0,0,1,1,1,1]],[23,"label",13,[-135],[0,"afVMb2vSRHQpcrX9eM9gs1",1,0],[5,77.26,80],[46.00000000000001,7.451,0,0,0,0,1,1,1,1]],[45,"0",104,80,false,1,1,40,[7]],[1,"01a",23,[[13,1,0,-136,[10],11]],[0,"cfgNZAZFFJhqM9T5yMiFyu",1,0],[5,701.3,317.2],[-1.7,-15.1,0,0,0,0,1,1,1,1]],[23,"label",2,[-137],[0,"b2so1F1RVDSbc5wg31/Kkq",1,0],[5,32.33,40],[0.927,-55.236,0,0,0,0,1,1,1,1]],[46,"$",52.9,false,1,1,1,43,[14]],[1,"15",2,[[2,-138,[17],18]],[0,"2emIUP+2xCCbcnuStcaYPh",1,0],[5,405,44],[1.48,180.547,0,0,0,0,1,1,1,1]],[10,"New Sprite",25,[[2,-139,[19],20]],[0,"1dsMPOcyZCjqzHFDgrlbbb",1,0],[5,41,41]],[47,"ChinPay",31.5,1,1,1,15,[21]],[1,"New Label",2,[[26,"Please select a payment method",32,1,1,-140,[26]]],[0,"8c6BnPv3hKqLtqPzLK2Ywe",1,0],[5,464.27,50.4],[1.428,15.211,0,0,0,0,1,1,1,1]],[1,"flag_blue",8,[[2,-141,[27],28]],[0,"d3NFBSy0xOAZ5P9l47Y9CR",1,0],[5,116,68],[2.057,175.858,0,0,0,0,1,1,1,1]],[4,"lab",3,[[14,"+",30,false,1,1,-142,[33],34]],[0,"absRnxqsxCOpoe1bsuxyre",1,0],[4,4287975455],[5,17.88,50.4],[0.713,5.205,0,0,0,0,1,1,1,1]],[1,"icon_rupee",3,[[5,2,-143,[35],36]],[0,"f9yKJRtH9Kyox5hwpgjUX+",1,0],[5,47,50],[-95.131,3,0,0,0,0,1,0.65,0.65,1]],[4,"labcoin",3,[[6,34,false,1,1,-144,[37],38]],[0,"80eI++q79NgqnfP3/dPIDd",1,0],[4,4287975455],[5,0,50.4],[-45,4,0,0,0,0,1,1,1,1]],[1,"icon_bar",3,[[5,2,-145,[39],40]],[0,"9fKTUrpKBJMZ6QzZpAQAiy",1,0],[5,47,50],[31.038,3,0,0,0,0,1,0.65,0.65,1]],[4,"labbonus",3,[[6,34,false,1,1,-146,[41],42]],[0,"2brXmLpRNBXZpVPRjcmaUE",1,0],[4,4287975455],[5,0,50.4],[72.038,4,0,0,0,0,1,1,1,1]],[1,"flag_blue",4,[[2,-147,[50],51]],[0,"deB16WYoFD1JZnoHCDhjEl",1,0],[5,175,70],[0,174.863,0,0,0,0,1,1,1,1]],[4,"lab",5,[[14,"+",30,false,1,1,-148,[52],53]],[0,"f0XN9gEiBEPZm38sZcgLC3",1,0],[4,4287975455],[5,17.88,50.4],[7.359,2.696,0,0,0,0,1,1,1,1]],[1,"icon_rupee",5,[[2,-149,[54],55]],[0,"c1drTFI5VL8Jo3d5Yviy3r",1,0],[5,47,50],[-92,0,0,0,0,0,1,0.65,0.65,1]],[4,"labcoin",5,[[6,34,false,1,1,-150,[56],57]],[0,"52NcNx86JBL6UmGSQzLhpn",1,0],[4,4287975455],[5,0,50.4],[-39,1.299,0,0,0,0,1,1,1,1]],[1,"icon_bar",5,[[2,-151,[58],59]],[0,"83McKkj4ZPeKk4tH95aAGG",1,0],[5,47,50],[38,0,0,0,0,0,1,0.65,0.65,1]],[4,"labbonus",5,[[6,34,false,1,1,-152,[60],61]],[0,"93ehSM53NJNJzCknKTsXp/",1,0],[4,4287975455],[5,0,50.4],[80.811,1.299,0,0,0,0,1,1,1,1]],[1,"flag_blue",6,[[2,-153,[73],74]],[0,"2eNEuUzqtFH4AKUNYtPjXY",1,0],[5,217,64],[2.984,172.874,0,0,0,0,1,1,1,1]],[4,"lab",7,[[14,"+",30,false,1,1,-154,[75],76]],[0,"0eHeQAgnZJ+63Bwhln/xQd",1,0],[4,4287975455],[5,17.88,50.4],[5.132,1.778,0,0,0,0,1,1,1,1]],[1,"icon_rupee",7,[[2,-155,[77],78]],[0,"c97s+UYSNMV6B2dvUoDvpt",1,0],[5,47,50],[-92.226,0,0,0,0,0,1,0.65,0.65,1]],[4,"labcoin",7,[[6,34,false,1,1,-156,[79],80]],[0,"abiyWUu7RNKoevy3qM+Qss",1,0],[4,4287975455],[5,0,50.4],[-41.172,0.858,0,0,0,0,1,1,1,1]],[1,"icon_bar",7,[[2,-157,[81],82]],[0,"30f5wVVZJF2405bwnMn3dX",1,0],[5,47,50],[35.585,0,0,0,0,0,1,0.65,0.65,1]],[4,"labbonus",7,[[6,34,false,1,1,-158,[83],84]],[0,"7dkPln8Y5GirOKN3sJwGGF",1,0],[4,4287975455],[5,0,50.4],[82.299,1.349,0,0,0,0,1,1,1,1]],[10,"Other_Amount",35,[[2,-159,[96],97]],[0,"6eQSMBpQNFOKrUkV4hlWLT",1,0],[5,175,26]],[21,"Di_daojishi",false,1,[[13,1,0,-160,[98],99]],[0,"favBoeFU5L+aNo5zzjlZhB",1,0],[5,140,29],[211.656,183.211,0,0,0,0,1,1,1,1]],[21,"timelab",false,1,[[14,"48:5234",25,false,1,1,-161,[100],101]],[0,"63owJhOhdGDpb99BkI5t9i",1,0],[5,89.75,50.4],[213.258,183.942,0,0,0,0,1,1,1,1]],[31,"New Label",false,1,[[26,"Primer Paquete de Recarga Escolha uno de los tres",26,1,1,-162,[102]]],[0,"52TpDUw11OmrtQjLEycNJi",1,0],[4,4279685101],[5,599.78,50.4],[-168.209,184.825,0,0,0,0,1,1,1,1]],[10,"游戏框",9,[[2,-163,[105],106]],[0,"1b51YXB81LvKWoEGvom7Pe",1,0],[5,774,456]],[1,"label",9,[[48,"Click OK to buy coins",3,1,1,-164,[107]]],[0,"0b5qJ/B2tJOJRBndQ+WUiD",1,0],[5,421.9022624567956,50.4],[3.071,33.144,0,0,0,0,1,1,1,1]]],0,[0,4,1,0,0,1,0,6,9,0,7,11,0,8,10,0,9,44,0,10,41,0,11,38,0,0,1,0,-1,20,0,-2,21,0,-3,22,0,-4,13,0,-5,10,0,-6,8,0,-7,4,0,-8,6,0,-9,35,0,-10,68,0,-11,69,0,-12,70,0,-13,9,0,-1,23,0,-2,43,0,-3,24,0,-4,45,0,-5,25,0,-6,11,0,-7,48,0,0,3,0,-1,50,0,-2,51,0,-3,52,0,-4,53,0,-5,54,0,0,4,0,0,4,0,-1,55,0,-2,5,0,-3,17,0,-4,30,0,0,5,0,-1,56,0,-2,57,0,-3,58,0,-4,59,0,-5,60,0,0,6,0,0,6,0,-1,61,0,-2,7,0,-3,18,0,-4,33,0,0,7,0,-1,62,0,-2,63,0,-3,64,0,-4,65,0,-5,66,0,0,8,0,-1,49,0,-2,26,0,-4,16,0,-1,19,0,-2,71,0,-3,72,0,-4,36,0,0,10,0,-1,14,0,0,11,0,0,11,0,-1,12,0,0,12,0,0,12,0,12,47,0,0,12,0,-1,15,0,0,13,0,-1,39,0,-2,40,0,0,14,0,0,14,0,0,14,0,4,15,0,-1,47,0,0,15,0,0,16,0,0,16,0,-1,28,0,0,17,0,0,17,0,-1,29,0,0,18,0,0,18,0,-1,32,0,0,19,0,0,19,0,0,19,0,0,20,0,0,20,0,0,21,0,-1,37,0,-1,38,0,0,22,0,0,23,0,-1,42,0,0,24,0,0,24,0,0,25,0,-1,46,0,0,26,0,-1,27,0,0,27,0,0,27,0,0,28,0,0,28,0,0,29,0,0,29,0,0,30,0,-1,31,0,0,31,0,0,31,0,0,32,0,0,32,0,0,33,0,-1,34,0,0,34,0,0,34,0,0,35,0,-1,67,0,0,36,0,0,36,0,0,37,0,0,39,0,-1,41,0,0,42,0,-1,44,0,0,45,0,0,46,0,0,48,0,0,49,0,0,50,0,0,51,0,0,52,0,0,53,0,0,54,0,0,55,0,0,56,0,0,57,0,0,58,0,0,59,0,0,60,0,0,61,0,0,62,0,0,63,0,0,64,0,0,65,0,0,66,0,0,67,0,0,68,0,0,69,0,0,70,0,0,71,0,0,72,0,13,1,2,5,10,3,5,8,164],[0,0,0,0,0,0,0,0,0,0,0,0,0,0,0,0,0,0,0,0,0,0,0,0,0,0,0,0,0,0,0,0,0,0,0,0,0,0,0,0,0,0,0,0,0,0,0,0,0,0,0,0,0,0,0,0,0,0,0,0,0,0,0,0,0,0,0,0,0,0,0,0,0,0,0,0,0,0,0,0,0,0,0,0,0,0,0,0,0,0,0,0,0,0,0,0,0,0,0,0,0,0,0,0,0,0,0,0,0,0,0,0,41,44],[-1,1,-1,1,-1,-1,1,-1,-1,1,-1,1,-1,1,-1,-1,1,-1,1,-1,1,-1,-1,1,-1,-2,-1,-1,1,-1,2,-1,1,-1,2,-1,1,-1,2,-1,1,-1,2,-1,-1,2,-1,1,-1,1,-1,1,-1,2,-1,1,-1,2,-1,1,-1,2,-1,-1,2,-1,1,-1,2,-1,1,-1,1,-1,1,-1,2,-1,1,-1,2,-1,1,-1,2,-1,-1,2,-1,1,-1,2,-1,1,-1,1,-1,1,-1,1,-1,2,-1,-1,1,-1,1,-1,-1,1,-1,1,2,2],[0,10,0,11,0,0,12,0,0,8,0,13,0,14,0,0,15,0,16,0,17,0,0,9,9,18,0,0,19,0,1,0,4,0,1,0,5,0,1,0,6,0,1,0,0,1,0,7,0,20,0,21,0,1,0,5,0,1,0,6,0,1,0,0,1,0,7,0,1,0,4,0,22,0,23,0,1,0,5,0,1,0,6,0,1,0,0,1,0,7,0,1,0,4,0,24,0,25,0,26,0,1,0,0,8,0,27,0,0,28,0,29,30,31]],[[{"name":"Biaoti_better","rect":[939,568,175,70],"offset":[0,0],"originalSize":[175,70],"rotated":1,"capInsets":[0,0,0,0]}],[0],0,[0],[3],[3]],[[{"name":"02_2","rect":[414,3,181,61],"offset":[0,2],"originalSize":[185,65],"capInsets":[0,0,0,0]}],[0],0,[0],[3],[2]],[[{"name":"package_window_1","rect":[555,272,306,443],"offset":[0,0],"originalSize":[306,443],"rotated":1,"capInsets":[0,0,0,0]}],[0],0,[0],[3],[2]],[[{"name":"04_2","rect":[3,3,405,44],"offset":[0,0],"originalSize":[405,44],"capInsets":[0,0,0,0]}],[0],0,[0],[3],[2]],[[{"name":"Biaoti_best","rect":[601,3,217,64],"offset":[-1.5,-1.5],"originalSize":[220,67],"capInsets":[0,0,0,0]}],[0],0,[0],[3],[2]]]]