[1,["abD21Q13JM/ZuwfGhHfHxP","dboI1eJiZC0ZZpAMtI3Wvv"],["spriteFrame","_textureSetter"],["cc.SpriteFrame",["cc.BitmapFont",["_name","fontSize","_fntConfig"],0]],[[1,0,1,2,4]],[[[[0,"number1",34,{"commonHeight":34,"fontSize":34,"atlasName":"number1.png","fontDefDictionary":{"48":{"xOffset":1,"yOffset":0,"xAdvance":25,"rect":{"x":2,"y":2,"width":27,"height":34}},"49":{"xOffset":-2,"yOffset":0,"xAdvance":24,"rect":{"x":31,"y":2,"width":27,"height":34}},"50":{"xOffset":0,"yOffset":0,"xAdvance":25,"rect":{"x":60,"y":2,"width":27,"height":34}},"51":{"xOffset":0,"yOffset":0,"xAdvance":25,"rect":{"x":89,"y":2,"width":27,"height":34}},"52":{"xOffset":0,"yOffset":0,"xAdvance":26,"rect":{"x":118,"y":2,"width":27,"height":34}},"53":{"xOffset":0,"yOffset":0,"xAdvance":25,"rect":{"x":147,"y":2,"width":27,"height":34}},"54":{"xOffset":0,"yOffset":0,"xAdvance":25,"rect":{"x":176,"y":2,"width":27,"height":34}},"55":{"xOffset":0,"yOffset":0,"xAdvance":25,"rect":{"x":205,"y":2,"width":27,"height":34}},"56":{"xOffset":0,"yOffset":0,"xAdvance":25,"rect":{"x":2,"y":38,"width":27,"height":34}},"57":{"xOffset":0,"yOffset":0,"xAdvance":25,"rect":{"x":31,"y":38,"width":27,"height":34}}},"kerningDict":{}}]],0,0,[0],[0],[0]],[[{"name":"number1","rect":[3,2,227,70],"offset":[-11.5,91],"originalSize":[256,256],"capInsets":[0,0,0,0]}],[0],0,[0],[1],[1]]]]