[1,["ecpdLyjvZBwrvm+cedCcQy","ae+rW/kHRBDJ+4Ov5bgm/h","40HDT/cNlPsaVNUOKcKVjI","a5ljKhy8JA0bwwpHqs9B9Z","18225a585"],["node","_spriteFrame","root","backNode","label","data","_textureSetter"],[["cc.Node",["_name","_components","_prefab","_contentSize","_trs","_parent","_children"],2,9,4,5,7,1,2],["cc.PrefabInfo",["fileId","root","asset"],2,1,1],["cc.Sprite",["_sizeMode","node","_materials","_spriteFrame"],2,1,3,6],"cc.SpriteFrame",["cc.Prefab",["_name"],2],["cc.Node",["_name","_parent","_components","_prefab","_contentSize","_anchorPoint","_trs"],2,1,2,4,5,5,7],["8f0f4r/rPhEBbBQBUPd3yaA",["node","label","backNode"],3,1,1,1],["cc.Button",["zoomScale","_N$transition","node","clickEvents"],1,1,9],["cc.ClickEvent",["_componentId","handler","target"],1,1],["cc.Label",["_fontSize","_lineHeight","_N$overflow","node","_materials"],0,1,3]],[[1,0,1,2,2],[0,0,5,1,2,3,4,2],[2,1,2,3,1],[4,0,2],[0,0,6,1,2,3,4,2],[0,0,5,1,2,3,2],[5,0,1,2,3,4,5,6,2],[6,0,1,2,1],[1,1,2,1],[2,0,1,2,3,2],[7,0,1,2,3,3],[8,0,1,2,3],[9,0,1,2,3,4,4]],[[[[3,"TrafficPermitHelp"],[4,"TrafficPermitHelp",[-5,-6,-7,-8],[[7,-4,-3,-2]],[8,-1,0],[5,920,580],[0,14,0,0,0,0,1,1,1,1]],[1,"btnClose",1,[[2,-9,[2],3],[10,0.9,3,-10,[[11,"fbfa5eakAlJRo0+573WlNfC","onHide",1]]]],[0,"57Dfw/0EdKfp5mp7Znl0o8",1,0],[5,81,81],[447.961,269.836,0,0,0,0,1,1,1,0]],[5,"bg",1,[[9,0,-11,[0],1]],[0,"15MHJgKWxLS7uhMXfsiJZa",1,0],[5,920,580]],[1,"title_service",1,[[2,-12,[4],5]],[0,"891IKoR+FGjLTFo1c5r1ra",1,0],[5,92,29],[0,239.659,0,0,0,0,1,1,1,1]],[6,"textTips",1,[-13],[0,"8eqluxaDRMd7j40o+gBssV",1,0],[5,850,40.32],[0,0,1],[-411.287,173.048,0,0,0,0,1,1,1,1]],[12,28,32,3,5,[6]]],0,[0,2,1,0,3,2,0,4,6,0,0,1,0,-1,3,0,-2,2,0,-3,4,0,-4,5,0,0,2,0,0,2,0,0,3,0,0,4,0,-1,6,0,5,1,13],[0,0,0,0,0,0,0],[-1,1,-1,1,-1,1,-1],[0,1,0,2,0,3,0]],[[{"name":"title_help","rect":[318,1182,92,29],"offset":[0.5,-1],"originalSize":[127,31],"rotated":1,"capInsets":[0,0,0,0]}],[3],0,[0],[6],[4]]]]