[1,["ecpdLyjvZBwrvm+cedCcQy","18225a585","78NdGH87RAjJt9o8gNDfEC","2aDIFUBj9AFofS/VBKlNNM","ae+rW/kHRBDJ+4Ov5bgm/h","40HDT/cNlPsaVNUOKcKVjI","85MdOkWMtKs6gDiE8x7/ul","02crVDsgNCwbj/U1dwfT4u","fd41CcR1xGYbFNQ1RM9XAh","b8GjCrGc9JMo0VySAEv/2h","b7fco4Kq1EsotFgdsYiAfk","c4ASWFDyNKELKoBqnjo90A","077MXjSLlC/qvf7jGbwyp2"],["node","_textureSetter","_spriteFrame","_parent","_normalMaterial","root","_N$target","_N$normalSprite","_N$pressedSprite","_N$hoverSprite","_N$disabledSprite","maskNode","coinContentNode","normalContentNode","textInputEnd","textInputBegin","textNormalTips","textCoinTips","textCharge","textLevel","chargeNode","reduceNode","addNode","backNode","editNum","data","itemPf"],[["cc.Node",["_name","_active","_opacity","_prefab","_components","_contentSize","_trs","_parent","_children","_anchorPoint"],0,4,9,5,7,1,2,5],"cc.SpriteFrame",["cc.Node",["_name","_active","_components","_prefab","_contentSize","_trs","_parent","_children","_color"],1,2,4,5,7,1,2,5],["cc.Sprite",["_sizeMode","_type","node","_materials","_spriteFrame"],1,1,3,6],["cc.Button",["_N$enableAutoGrayEffect","zoomScale","_N$transition","node","clickEvents","_normalMaterial","_N$normalColor","_N$pressedColor","_N$disabledColor","_N$target","_N$normalSprite","_N$pressedSprite","_N$hoverSprite","_N$disabledSprite"],0,1,9,6,5,5,5,1,6,6,6,6],["cc.Label",["_fontSize","_N$horizontalAlign","_N$verticalAlign","_string","_lineHeight","_enableWrapText","_N$cacheMode","node","_materials"],-4,1,3],["cc.PrefabInfo",["fileId","root","asset"],2,1,1],["6dbaacb0j9CkpNlQEFpLMCG",["_string","_fontSize","_N$verticalAlign","_N$textKey","_N$horizontalAlign","_N$cacheMode","_lineHeight","_N$overflow","node","_materials"],-5,1,3],["cc.Node",["_name","_parent","_components","_prefab","_color","_contentSize","_trs","_anchorPoint"],2,1,12,4,5,5,7,5],["cc.Layout",["_resize","_N$layoutType","_N$spacingX","_N$paddingTop","_N$paddingBottom","_N$spacingY","node","_layoutSize"],-3,1,5],["cc.LabelOutline",["_width","node","_color"],2,1,5],["cc.Prefab",["_name"],2],["04fcb0F1qdI0KPyY+OqDcjp",["node","editNum","backNode","addNode","reduceNode","chargeNode","textLevel","textCharge","textCoinTips","textNormalTips","textInputBegin","textInputEnd","normalContentNode","coinContentNode","maskNode","itemPf"],3,1,1,1,1,1,1,1,1,1,1,1,1,1,1,1,6],["cc.ClickEvent",["_componentId","handler","target"],1,1],["cc.ScrollView",["vertical","brake","bounceDuration","_N$horizontalScrollBar","_N$verticalScrollBar","node","_N$content"],-2,1,1],["cc.Mask",["_N$alphaThreshold","node","_materials"],2,1,3],["cc.EditBox",["maxLength","_N$inputMode","node","editingDidBegan","textChanged","editingDidEnded","editingReturn","_N$textLabel","_N$placeholderLabel","_N$background"],1,1,9,9,9,9,1,1,1]],[[6,0,1,2,2],[0,0,7,4,3,5,6,2],[0,0,7,8,4,3,5,6,2],[13,0,1,2,3],[5,3,0,1,2,6,7,8,6],[2,0,6,2,3,8,4,5,2],[6,0,1,2],[3,1,0,2,3,4,3],[3,0,2,3,4,2],[7,0,1,4,2,5,3,8,9,7],[0,0,4,3,5,9,6,2],[0,0,7,8,4,3,5,2],[8,0,1,2,3,4,5,7,6,2],[3,2,3,4,1],[9,0,1,2,6,7,4],[9,0,1,3,4,2,5,6,7,7],[4,1,0,2,3,6,7,8,9,5,10,11,12,13,4],[10,0,1,2,2],[14,0,1,2,3,4,5,6,6],[15,0,1,2,2],[11,0,2],[0,0,8,4,3,5,6,2],[0,0,7,8,4,3,5,9,6,2],[0,0,7,8,3,6,2],[0,0,1,7,4,3,5,6,3],[0,0,7,4,3,5,2],[0,0,2,7,4,3,5,6,3],[0,0,7,4,3,5,9,6,2],[2,0,7,2,3,4,5,2],[2,0,6,2,3,4,2],[2,0,1,6,2,3,4,5,3],[8,0,1,2,3,4,5,6,2],[12,0,1,2,3,4,5,6,7,8,9,10,11,12,13,14,15,1],[6,1,2,1],[3,1,0,2,3,3],[4,0,3,4,5,2],[4,1,2,3,4,3],[4,3,1],[10,1,2,1],[5,3,0,1,2,7,8,5],[5,0,4,5,1,2,7,8,6],[5,3,0,4,5,1,2,7,8,7],[16,0,1,2,3,4,5,6,7,8,9,3],[7,0,1,4,2,3,8,9,6],[7,0,1,6,2,7,5,3,8,9,8]],[[[{"name":"title_upgrate","rect":[1477,3,320,42],"offset":[0,0],"originalSize":[320,42],"rotated":1,"capInsets":[0,0,0,0]}],[1],0,[0],[1],[1]],[[{"name":"btn_add","rect":[323,1483,40,40],"offset":[0,0],"originalSize":[40,40],"capInsets":[0,0,0,0]}],[1],0,[0],[1],[1]],[[{"name":"btn_reduce","rect":[254,1488,40,40],"offset":[0,0],"originalSize":[40,40],"capInsets":[0,0,0,0]}],[1],0,[0],[1],[1]],[[{"name":"btn_buy","rect":[1248,1406,199,67],"offset":[0,0],"originalSize":[199,67],"capInsets":[0,0,0,0]}],[1],0,[0],[1],[1]],[[[20,"TrafficPermitUpgrate"],[21,"TrafficPermitUpgrate",[-17,-18,-19,-20,-21,-22,-23,-24,-25,-26],[[32,-16,-15,-14,-13,-12,-11,-10,-9,-8,-7,-6,-5,-4,-3,-2,43]],[33,-1,0],[5,920,580],[0,14,0,0,0,0,1,1,1,1]],[28,"editbox",[-29,-30,-31],[-28],[6,"92LwOgjXdMtrJ9JSu1nIIs",-27],[5,100,55],[298.099,-0.099,0,0,0,0,1,1,1,1]],[2,"Di_xieru",1,[-33,-34,-35,2],[[7,1,0,-32,[29],30]],[0,"116fo/3rBAQo+Zt3cacr3m",1,0],[5,832,54],[0,-130.009,0,0,0,0,1,1,1,1]],[22,"updateNode",1,[-37,-38,-39,-40],[[14,1,1,10,-36,[5,231.88,200]]],[0,"21LHvmT9hJxpR60DmcJhNi",1,0],[5,231.88,200],[0,0,0.5],[-405.442,-127.024,0,0,0,0,1,1,1,1]],[2,"btn_send",1,[-43],[[8,2,-41,[5],6],[35,true,-42,[[3,"fbfa5eakAlJRo0+573WlNfC","onclickSendBtn",1]],7]],[0,"7eDk1MnjJGhbpb+wLFSdb1",1,0],[5,199,67],[0,-212.933,0,0,0,0,1,1,1,1]],[23,"textNode",1,[-44,-45,-46,-47],[0,"183uKkcFFCRZOdS3WFyiiG",1,0],[0,23.802,0,0,0,0,1,1,1,1]],[2,"textTipsNode",6,[-49,-50,-51],[[14,1,1,7,-48,[5,811.1999999999999,40]]],[0,"5azTaAfydIh6l8m0ZOiu0F",1,0],[5,811.1999999999999,40],[4.744,193.355,0,0,0,0,1,1,1,1]],[1,"btnClose",1,[[13,-52,[2],3],[36,0.9,3,-53,[[3,"fbfa5eakAlJRo0+573WlNfC","onHide",1]]]],[0,"57Dfw/0EdKfp5mp7Znl0o8",1,0],[5,81,81],[447.961,293.249,0,0,0,0,1,1,1,0]],[2,"reduce",3,[-56],[[16,1.05,true,2,-55,[4,4293322470],[4,4291348680],[4,3363338360],-54,14,15,16,17,18]],[0,"d5fjjfAElByoEJaxUk3VP3",1,0],[5,55,55],[210.506,-0.09,0,0,0,0,1,1,1,1]],[2,"add",3,[-59],[[16,1.05,true,2,-58,[4,4293322470],[4,4291348680],[4,3363338360],-57,21,22,23,24,25]],[0,"90G9vjDStC0oV3lo7uK0Ts",1,0],[5,55,55],[387.015,-0.09,0,0,0,0,1,1,1,1]],[10,"normalContent",[[15,1,1,10,50,-20,40,-60,[5,150,80]]],[0,"d4RwMf6lFMUKLDt/fQAMNN",1,0],[5,150,80],[0,0,0.5],[-425,0,0,0,0,0,1,1,1,1]],[10,"coinContent",[[15,1,1,10,50,-20,40,-61,[5,857,80]]],[0,"8cQn99N0lA87JzgejEWSzw",1,0],[5,857,80],[0,0,0.5],[-425,0,0,0,0,0,1,1,1,1]],[31,"textCharge",5,[[-62,[38,-63,[4,4278338065]]],1,4],[0,"4dGCY7RVRKu6w93+VweURO",1,0],[4,4278338065],[5,73.72,52.4],[0,4.163,0,0,0,0,1,1,1,1]],[1,"Background",9,[[7,1,0,-64,[12],13]],[0,"daV29gK2xI2p1whYuptCIO",1,0],[5,55,55],[0,0,0,0,0,0,1,1,1,0]],[1,"Background",10,[[7,1,0,-65,[19],20]],[0,"1c+oLkYjFK+6oI3NlZtt1f",1,0],[5,55,55],[0,0,0,0,0,0,1,1,1,0]],[12,"textTips",6,[[-66,[17,2,-67,[4,4281144737]]],1,4],[0,"a1AC6n+1RGerIIryV49DXi",1,0],[4,4283495935],[5,175.9,44],[0,0,0.5],[-411.476,144.706,0,0,0,0,1,1,1,1]],[12,"textTips",6,[[-68,[17,2,-69,[4,4291901218]]],1,4],[0,"6dRcqzfBNLpY3lf+5EeMGE",1,0],[4,4293848556],[5,180.68,44],[0,0,0.5],[-409.246,8.078,0,0,0,0,1,1,1,1]],[2,"normalScrol",1,[-71],[[18,false,0.75,0.23,null,null,-70,11]],[0,"d6FPbdTn1DOIXThG/RywcT",1,0],[5,850,80],[0,-33.245,0,0,0,0,1,1,1,1]],[11,"view",18,[11],[[19,0,-72,[41]]],[0,"37gpnb3YlFPZv/qeiNOCUS",1,0],[5,850,120]],[2,"coinScrol",1,[-74],[[18,false,0.75,0.23,null,null,-73,12]],[0,"52piMO4BJBrJd8Q2mTfzWy",1,0],[5,850,80],[0,105.385,0,0,0,0,1,1,1,1]],[11,"view",20,[12],[[19,0,-75,[42]]],[0,"c19ZMvvwdJu5YM3QhoR/fR",1,0],[5,850,120]],[24,"mask",false,1,[[37,-76]],[0,"57k5YZQkRP6bI4Wt1MhVO7",1,0],[5,250,60],[298.558,-129.106,0,0,0,0,1,1,1,1]],[25,"bg",1,[[8,0,-77,[0],1]],[0,"15MHJgKWxLS7uhMXfsiJZa",1,0],[5,920,620]],[39,"R$10",30,1,1,13,[4]],[1,"title_service",1,[[13,-78,[8],9]],[0,"891IKoR+FGjLTFo1c5r1ra",1,0],[5,320,42],[0,263.461,0,0,0,0,1,1,1,1]],[1,"imgputbg",3,[[8,0,-79,[10],11]],[0,"6dUcnwmx1G9qAh9EXKBEkc",1,0],[5,215,55],[298.947,0,0,0,0,0,1,1,1,1]],[29,"BACKGROUND_SPRITE",2,[-80],[6,"fcoT9mL35BlLUlR0xQ5QBI",2],[5,130,39.99999999999997]],[34,1,0,27,[26]],[30,"TEXT_LABEL",false,2,[-81],[6,"0blsIXU11M95uloDvhs/X9",2],[5,43.38,32.76],[0.874,-0.437,0,0,0,0,1,1,1,1]],[40,26,26,false,1,1,29,[27]],[5,"PLACEHOLDER_LABEL",2,[-82],[6,"d9Sjcz6gxMGYCoLbO/scJL",2],[4,4290493371],[5,14.46,58.76],[0,-12.218,0,0,0,0,1,1,1,1]],[41,"1\n",26,26,false,1,1,31,[28]],[42,100,2,2,[[3,"04fcb0F1qdI0KPyY+OqDcjp","onEditBoxBegin",1]],[[3,"04fcb0F1qdI0KPyY+OqDcjp","editChange",1]],[[3,"04fcb0F1qdI0KPyY+OqDcjp","editEnd",1]],[[3,"04fcb0F1qdI0KPyY+OqDcjp","editEnd",1]],30,32,28],[1,"tips1",7,[[43,"UPDATE TO LEVEL",22,1,1,"UPDATE TO LEVEL",-83,[31]]],[0,"c7NwA6m2pGloYiSAIL+js/",1,0],[5,198.47,50.4],[-306.36499999999995,0,0,0,0,0,1,1,1,1]],[5,"textLevel",7,[-84],[0,"66bie0IUVAKKbjiX9+iU+C",1,0],[4,4278317311],[5,26.7,40],[-186.77999999999994,0.502,0,0,0,0,1,1,1,1]],[4,"15",24,1,1,2,35,[32]],[1,"tips2",7,[[9,"AND RECEIVE THE FOLLOWING RECOMMENDATIONS",22,1,1,2,"AND RECEIVE THE FOLLOWING RECOMMENDATIONS",-85,[33]]],[0,"fdifIxDEFDuYuLvPglEG1k",1,0],[5,572.03,40],[119.58500000000004,0,0,0,0,0,1,1,1,1]],[4,"LUXURY GIFT",26,1,1,2,16,[34]],[4,"FREE GIFTS",30,1,1,2,17,[35]],[26,"tips3",138,6,[[44,"Purchasing will only earn upgrade experience points.",22,26,1,3,2,"trafficPermit/upgrate/tips5",-86,[36]]],[0,"b4hQlEob1CkbjS9INTmVT6",1,0],[5,600,26],[5.08,-293.992,0,0,0,0,1,1,1,1]],[1,"textTips",4,[[9,"level",22,1,1,2,"trafficPermit/upgrate/tips1",-87,[37]]],[0,"365E5K43FGe79mURjC5M8I",1,0],[5,45.26,40],[22.63,0,0,0,0,0,1,1,1,1]],[5,"textLevel1",4,[-88],[0,"fbzAYxR8pPwIiumUZUmEHa",1,0],[4,4278317055],[5,12.24,40],[61.379999999999995,0,0,0,0,0,1,1,1,1]],[4,"2",22,1,1,2,42,[38]],[27,"textTips",4,[[9,"upgrade level",22,1,1,2,"trafficPermit/upgrate/tips2",-89,[39]]],[0,"793Ft+mMtBpZwRUFwzifKT",1,0],[5,132.14,40],[0,0,0.5],[77.5,0,0,0,0,0,1,1,1,1]],[5,"textLevel2",4,[-90],[0,"76wPLHZihCgqvvLWiYRVFM",1,0],[4,4278317055],[5,12.24,40],[225.76,0,0,0,0,0,1,1,1,1]],[4,"2",22,1,1,2,45,[40]]],0,[0,5,1,0,11,22,0,12,12,0,13,11,0,14,46,0,15,43,0,16,39,0,17,38,0,18,24,0,19,36,0,20,5,0,21,9,0,22,10,0,23,8,0,24,33,0,0,1,0,-1,23,0,-2,8,0,-3,5,0,-4,25,0,-5,3,0,-6,6,0,-7,4,0,-8,18,0,-9,20,0,-10,22,0,5,2,0,-1,33,0,-1,27,0,-2,29,0,-3,31,0,0,3,0,-1,26,0,-2,9,0,-3,10,0,0,4,0,-1,41,0,-2,42,0,-3,44,0,-4,45,0,0,5,0,0,5,0,-1,13,0,-1,7,0,-2,16,0,-3,17,0,-4,40,0,0,7,0,-1,34,0,-2,35,0,-3,37,0,0,8,0,0,8,0,6,14,0,0,9,0,-1,14,0,6,15,0,0,10,0,-1,15,0,0,11,0,0,12,0,-1,24,0,0,13,0,0,14,0,0,15,0,-1,38,0,0,16,0,-1,39,0,0,17,0,0,18,0,-1,19,0,0,19,0,0,20,0,-1,21,0,0,21,0,0,22,0,0,23,0,0,25,0,0,26,0,-1,28,0,-1,30,0,-1,32,0,0,34,0,-1,36,0,0,37,0,0,40,0,0,41,0,-1,43,0,0,44,0,-1,46,0,25,1,2,3,3,11,3,19,12,3,21,90],[0,0,0,0,0,0,0,0,0,0,0,0,0,0,0,0,0,0,0,0,0,0,0,0,0,0,0,0,0,0,0,0,0,0,0,0,0,0,0,0,0,0,0,0],[-1,2,-1,2,-1,-1,2,4,-1,2,-1,2,-1,2,4,7,8,9,10,-1,2,4,7,8,9,10,-1,-1,-1,-1,2,-1,-1,-1,-1,-1,-1,-1,-1,-1,-1,-1,-1,26],[0,4,0,5,0,0,6,0,0,7,0,8,0,2,0,2,2,2,9,0,3,0,3,3,3,10,0,0,0,0,11,0,0,0,0,0,0,0,0,0,0,0,0,12]],[[{"name":"btn_add_dis","rect":[749,1460,40,40],"offset":[0,0],"originalSize":[40,40],"capInsets":[0,0,0,0]}],[1],0,[0],[1],[1]],[[{"name":"btn_reduce_dis","rect":[749,1506,40,40],"offset":[0,0],"originalSize":[40,40],"capInsets":[0,0,0,0]}],[1],0,[0],[1],[1]],[[{"name":"tips_bg","rect":[1248,568,832,54],"offset":[0,0],"originalSize":[832,54],"rotated":1,"capInsets":[0,0,0,0]}],[1],0,[0],[1],[1]],[[{"name":"imgputbg","rect":[1248,1479,215,40],"offset":[0,0],"originalSize":[215,40],"capInsets":[0,0,0,0]}],[1],0,[0],[1],[1]]]]