[1,0,0,[["cc.AnimationClip",["_name","_duration","wrapMode","curveData"],0,11]],[[0,0,1,2,3,4]],[[0,"7",1.4,2,[{},"paths",11,[{},"777_sss",11,[{},"props",11,[{"opacity":[{"frame":0,"value":0},{"frame":0.3333333333333333,"value":200},{"frame":0.8666666666666667,"value":0}]},"scale",12,[[[{"frame":0},"value",8,[0,1,1]],[{"frame":0.3333333333333333},"value",8,[0,1.2,1.2]],[{"frame":0.65},"value",8,[0,1,1]]],11,11,11]]],"777_ss",11,[{},"props",11,[{},"scale",12,[[[{"frame":0},"value",8,[0,1,1]],[{"frame":0.3333333333333333},"value",8,[0,1.2,1.2]],[{"frame":0.65},"value",8,[0,1,1]]],11,11,11]]],"zuanshi18",11,[{},"props",11,[{"angle":[{"frame":0,"value":1},{"frame":1.0333333333333334,"value":560}],"opacity":[{"frame":0,"value":0},{"frame":0.5,"value":255},{"frame":1.0333333333333334,"value":0}]},"scale",12,[[[{"frame":0},"value",8,[0,0,0]],[{"frame":0.4666666666666667},"value",8,[0,0.8,0.8]],[{"frame":1.0333333333333334},"value",8,[0,0,0]]],11,11,11]]],"zuanshi19",11,[{},"props",11,[{"angle":[{"frame":0.31666666666666665,"value":1},{"frame":0.9166666666666666,"value":-560}],"opacity":[{"frame":0.31666666666666665,"value":0},{"frame":0.6,"value":255},{"frame":0.9166666666666666,"value":0}]},"scale",12,[[[{"frame":0.31666666666666665},"value",8,[0,0,0]],[{"frame":0.5666666666666667},"value",8,[0,0.5,0.5]],[{"frame":0.9166666666666666},"value",8,[0,0,0]]],11,11,11]]],"zuanshi20",11,[{},"props",11,[{"angle":[{"frame":0.4666666666666667,"value":1},{"frame":1.0666666666666667,"value":-560}],"opacity":[{"frame":0.4666666666666667,"value":0},{"frame":0.75,"value":255},{"frame":1.0666666666666667,"value":0}]},"scale",12,[[[{"frame":0.4666666666666667},"value",8,[0,0,0]],[{"frame":0.7166666666666667},"value",8,[0,0.3,0.3]],[{"frame":1.0666666666666667},"value",8,[0,0,0]]],11,11,11]]],"777_33",11,[{},"props",11,[{"opacity":[{"frame":0.4666666666666667,"value":0},{"frame":0.9166666666666666,"value":200},{"frame":1.4,"value":0}]},"scale",12,[[[{"frame":0.4666666666666667},"value",8,[0,1,1]],[{"frame":0.9166666666666666},"value",8,[0,1.2,1.2]],[{"frame":1.2333333333333334},"value",8,[0,1.5,1.5]]],11,11,11]]],"777_3222",11,[{},"props",11,[{"opacity":[{"frame":0.16666666666666666,"value":0},{"frame":0.5,"value":200},{"frame":0.95,"value":0}]},"scale",12,[[[{"frame":0.16666666666666666},"value",8,[0,1,1]],[{"frame":0.5},"value",8,[0,1.2,1.2]],[{"frame":0.8166666666666667},"value",8,[0,1.3,1.3]]],11,11,11]]],"777_3111",11,[{},"props",11,[{"opacity":[{"frame":0,"value":0},{"frame":0.3333333333333333,"value":200},{"frame":0.7833333333333333,"value":0}]},"scale",12,[[[{"frame":0},"value",8,[0,1,1]],[{"frame":0.3333333333333333},"value",8,[0,1.2,1.2]],[{"frame":0.65},"value",8,[0,1.3,1.3]]],11,11,11]]],"777_333",11,[{},"props",11,[{},"scale",12,[[[{"frame":0.38333333333333336},"value",8,[0,1,1]],[{"frame":0.8166666666666667},"value",8,[0,1.4,1.4]],[{"frame":1.2666666666666666},"value",8,[0,1,1]]],11,11,11]]],"777_31",11,[{},"props",11,[{},"scale",12,[[[{"frame":0},"value",8,[0,1,1]],[{"frame":0.3333333333333333},"value",8,[0,1.1,1.1]],[{"frame":0.65},"value",8,[0,1,1]]],11,11,11]]],"777_32",11,[{},"props",11,[{},"scale",12,[[[{"frame":0.16666666666666666},"value",8,[0,1,1]],[{"frame":0.5},"value",8,[0,1.1,1.1]],[{"frame":0.8166666666666667},"value",8,[0,1,1]]],11,11,11]]]]]]],0,0,[],[],[]]