[1,["17cbbdf42","1bafcbc0a"],["_textureSetter"],["cc.SpriteFrame"],0,[[[{"name":"Record_dise","rect":[113,3,55,49],"offset":[0,0],"originalSize":[55,49],"capInsets":[8,6,5,4]}],[0],0,[0],[0],[1]],[[{"name":"jian","rect":[447,3,65,62],"offset":[0,0],"originalSize":[65,62],"capInsets":[0,0,0,0]}],[0],0,[0],[0],[1]],[[{"name":"value","rect":[930,311,187,65],"offset":[0,0],"originalSize":[187,65],"rotated":1,"capInsets":[0,0,0,0]}],[0],0,[0],[0],[0]],[[{"name":"popup_gb2","rect":[59,3,48,48],"offset":[0,0],"originalSize":[48,48],"capInsets":[0,0,0,0]}],[0],0,[0],[0],[1]],[[{"name":"Record_biaoti_bn","rect":[949,3,182,46],"offset":[0,0],"originalSize":[182,46],"rotated":1,"capInsets":[0,0,0,0]}],[0],0,[0],[0],[0]],[[{"name":"Record_fgxian","rect":[761,497,119,2],"offset":[0,0],"originalSize":[119,2],"rotated":1,"capInsets":[0,0,0,0]}],[0],0,[0],[0],[0]],[[{"name":"jia","rect":[518,3,65,62],"offset":[0,0],"originalSize":[65,62],"capInsets":[0,0,0,0]}],[0],0,[0],[0],[1]],[[{"name":"Record_bn","rect":[874,585,95,34],"offset":[0,0],"originalSize":[95,34],"capInsets":[0,0,0,0]}],[0],0,[0],[0],[0]],[[{"name":"03","rect":[975,577,31,36],"offset":[0,0],"originalSize":[31,36],"rotated":1,"capInsets":[0,0,0,0]}],[0],0,[0],[0],[0]],[[{"name":"popup_wuxian","rect":[986,760,30,30],"offset":[0,0],"originalSize":[30,30],"capInsets":[0,0,0,0]}],[0],0,[0],[0],[0]],[[{"name":"010203paiming","rect":[3,3,50,38],"offset":[0,0],"originalSize":[50,38],"capInsets":[9,8,8,8]}],[0],0,[0],[0],[1]],[[{"name":"02","rect":[986,676,31,36],"offset":[0,0],"originalSize":[31,36],"capInsets":[0,0,0,0]}],[0],0,[0],[0],[0]],[[{"name":"luzu_bg","rect":[911,811,92,73],"offset":[0,0],"originalSize":[92,73],"rotated":1,"capInsets":[16,14,14,11]}],[0],0,[0],[0],[0]],[[{"name":"popup_no","rect":[606,988,23,23],"offset":[0,0],"originalSize":[23,23],"capInsets":[0,0,0,0]}],[0],0,[0],[0],[0]],[[{"name":"01","rect":[986,718,31,36],"offset":[0,0],"originalSize":[31,36],"capInsets":[0,0,0,0]}],[0],0,[0],[0],[0]],[[{"name":"win","rect":[3,3,775,488],"offset":[0,0],"originalSize":[775,488],"capInsets":[0,0,0,0]}],[0],0,[0],[0],[0]],[[{"name":"popup_yes","rect":[993,982,23,23],"offset":[0,0],"originalSize":[23,23],"capInsets":[0,0,0,0]}],[0],0,[0],[0],[0]],[[{"name":"popup_popup_bn","rect":[930,504,78,67],"offset":[0,0],"originalSize":[78,67],"capInsets":[11,10,12,10]}],[0],0,[0],[0],[0]],[[{"name":"bn","rect":[293,3,148,49],"offset":[0,0],"originalSize":[148,49],"capInsets":[0,0,0,0]}],[0],0,[0],[0],[1]],[[{"name":"Record_biaoti_bg","rect":[3,938,381,49],"offset":[0,0],"originalSize":[381,49],"capInsets":[0,0,0,0]}],[0],0,[0],[0],[0]]]]