{"paths":{"0":["audio/modapai3",10],"1":["TipCommon/01_2",0],"2":["BrokePackage/font/shuzi1",0],"3":["TipCommon/02",0],"4":["audio/Click",10],"5":["audio/rummydeal",10],"6":["BrokePackage/BrokePackageEnterNode_res/icon_LP",0],"7":["DragonBones/zoyouxi_tex",0],"8":["BrokePackage/font/shuzi2",0],"9":["DragonBones/bigGiftEnterAnim/PresentePmio_tex",0],"10":["TipCommon/close",0],"11":["TipCommon/02_2",0],"12":["audio/kuaisufapai",10],"13":["audio/clickbottom",10],"14":["audio/icon",10],"15":["TipCommon/01",0],"16":["audio/pop_up",10],"17":["BrokePackage/pp_btn_spin1",0],"18":["TipCommon/011",0],"19":["BrokePackage/pp",0],"20":["TipCommon/b",0],"21":["TipCommon/03_2",0],"22":["audio/BGM",10],"23":["audio/close",10],"24":["TipCommon/01a",0],"25":["TipCommon/04_2",0],"26":["TipCommon/font/number2",0],"27":["TipCommon/01_1",0],"28":["audio/getGold",10],"29":["BrokePackage/BrokePackageEnterNode_res/icon_LP_di",0],"30":["BrokePackage/bigRewardEnter",0],"31":["BrokePackage/brokePackage",0],"32":["DragonBones/fallcoins_tex",0],"33":["audio/Bg_load",10],"34":["TipCommon/03_1",0],"35":["BrokePackage/zhizhen",0],"36":["TipCommon/04",0],"37":["audio/yourturn",10],"38":["BrokePackage/BrokePackageEnterNode_res/icon_LP_text",0],"39":["BrokePackage/pp_bg",0],"40":["TipCommon/02_5",0],"41":["BrokePackage/pp_img_zp",0],"42":["TipCommon/03",0],"43":["KeyBoard/9",1,1],"44":["Protobuf/login_award",8],"45":["TipCommon/01_2",1,1],"46":["imgOtherCommon/imgOtherCom_atlas",2],"47":["TipCommon/02_2",1,1],"48":["DragonBones/bigGiftEnterAnim/PresentePmio_tex",6],"49":["keyboardcommon/keyboard",4],"50":["DragonBones/loading/daiqiu",0],"51":["Protobuf/login",8],"52":["GameCommon/game_top_right",4],"54":["BrokePackage/font/shuzi1",1,1],"55":["KeyBoard/7",1,1],"58":["KeyBoard/jianpandi",1,1],"59":["imgHead/header_1",1,1],"60":["vipHead/v1",1,1],"61":["Protobuf/permit",8],"63":["imgOtherCommon/box_close",1,1],"64":["KeyBoard/_",1,1],"65":["vipHead/vip_atlas",2],"67":["BrokePackage/BrokePackageEnterNode_res/icon_LP_text",1,1],"68":["imgOtherCommon/download",1,1],"69":["KeyBoard/key",2],"70":["imgOtherCommon/btn_lan",1,1],"71":["Protobuf/gate",8],"72":["KeyBoard/0",1,1],"73":["Protobuf/crazyfootball",8],"74":["DragonBones/bigGiftEnterAnim/PresentePmio_ske",5],"75":["TipCommon/03_1",1,1],"76":["TipCommon/02",1,1],"77":["KeyBoard/5",1,1],"78":["TipsView",4],"79":["DragonBones/zoyouxi_ske",5],"80":["TipCommon/03_2",1,1],"81":["TipCommon/close",1,1],"82":["Protobuf/mailserver",8],"83":["Protobuf/hall",8],"84":["BrokePackage/pp_bg",1,1],"85":["DragonBones/fallcoins_ske",5],"86":["Protobuf/errors",8],"87":["BrokePackage/pp_img_zp",1,1],"88":["GameCommon/InputNode",4],"89":["BrokePackage/pp",1,1],"90":["KeyBoard/jiantou",1,1],"91":["TipCommon/04",1,1],"92":["GameCommon/BigRewardGiftPopup",4],"93":["imgOtherCommon/tips_yes",1,1],"94":["Protobuf/common_rummy",8],"95":["BrokePackage/BrokePackageEnterNode_res/icon_LP",1,1],"96":["KeyBoard/confirmar",1,1],"97":["KeyBoard/3",1,1],"98":["GameCommon/BigRewardEnterNode",4],"99":["DragonBones/zoyouxi_tex",1,1],"100":["TipCommon/01a",1,1],"101":["imgOtherCommon/PZ_yanchijiazai",1,1],"102":["BrokePackage/brokePackage",2],"103":["DragonBones/fallcoins_tex",1,1],"104":["Protobuf/turntable",8],"105":["Protobuf/msgserver",8],"106":["imgOtherCommon/tips_title",1,1],"107":["DragonBones/loading/daiqiu",7],"108":["LoadingView",4],"109":["Protobuf/head",8],"110":["TipCommon/01",1,1],"111":["GameCommon/BrokePackageEnterNode",4],"112":["newCommon",2],"113":["Protobuf/shop",8],"114":["imgHead/head_4",1,1],"115":["TipCommon/font/number2",1,1],"116":["TipCommon/b",1,1],"117":["KeyBoard/cancelar",1,1],"118":["imgHead/head_5",1,1],"119":["TipCommon/01_1",1,1],"120":["DragonBones/loading/daiqiu",1,1],"121":["BrokePackage/font/rewarNum",3],"122":["BrokePackage/font/rewardPercent",3],"123":["imgHead/imgHead_atlas",2],"124":["Protobuf/rebate",8],"125":["vipHead/v5",1,1],"126":["imgHead/head_1",1,1],"127":["GameCommon/ViperHeadNode",4],"128":["TipCommon/02_5",1,1],"129":["Protobuf/multi",8],"130":["BrokePackage/BrokePackageEnterNode_res/icon_LP_di",1,1],"131":["Protobuf/exchanger",8],"132":["imgHead/head_8",1,1],"133":["imgHead/header_2",1,1],"134":["vipHead/v4",1,1],"135":["vipHead/v9",1,1],"136":["vipHead/v7",1,1],"137":["imgHead/头像框",1,1],"138":["Protobuf/scratchcard",8],"139":["GameCommon/gameEnterShop",4],"140":["GameCommon/BrokePackagePopup",4],"141":["imgHead/head_3",1,1],"142":["DragonBones/bigGiftEnterAnim/PresentePmio_tex",1,1],"143":["Protobuf/football",8],"144":["KeyBoard/keybg",1,1],"145":["NotifyNode",4],"146":["BrokePackage/font/shuzi2",1,1],"147":["imgHead/head_6",1,1],"148":["TipCommon/font/number2",9],"149":["Protobuf/vip_card",8],"150":["BrokePackage/bigRewardEnter",1,1],"151":["KeyBoard/4",1,1],"152":["imgHead/head_7",1,1],"153":["TipCommon/03",1,1],"154":["KeyBoard/shanchu",1,1],"155":["vipHead/v8",1,1],"156":["imgOtherCommon/btn_close",1,1],"157":["DragonBones/loading/daiqiu.atlas",8],"158":["imgOtherCommon/img_guangbodi",1,1],"160":["Protobuf/slots",8],"161":["vipHead/v2",1,1],"162":["imgHead/head_2",1,1],"163":["KeyBoard/1",1,1],"164":["imgOtherCommon/title_tips",1,1],"165":["vipHead/v3",1,1],"166":["DragonBones/fallcoins_tex",6],"167":["Protobuf/luckyball",8],"168":["imgOtherCommon/03",1,1],"169":["TipCommon/011",1,1],"170":["keyboardcommon/landkey",4],"171":["BrokePackage/zhizhen",1,1],"172":["TipsPopup",4],"173":["newCommon",0],"174":["KeyBoard/shuruzhanxian",1,1],"175":["vipHead/v6",1,1],"176":["vipHead/v10",1,1],"177":["TipCommon/04_2",1,1],"178":["DragonBones/zoyouxi_tex",6],"179":["KeyBoard/8",1,1],"180":["BrokePackage/pp_btn_spin1",1,1],"181":["KeyBoard/6",1,1],"182":["Protobuf/recharge",8],"183":["Protobuf/rank",8],"184":["CoinawardPopup",4],"185":["Protobuf/msgid",8],"186":["KeyBoard/2",1,1],"187":["imgOtherCommon/icon_turntable",1,1],"188":["Protobuf/activity",8]},"types":["cc.Texture2D","cc.SpriteFrame","cc.SpriteAtlas","cc.LabelAtlas","cc.Prefab","dragonBones.DragonBonesAsset","dragonBones.DragonBonesAtlasAsset","sp.SkeletonData","cc.TextAsset","cc.BitmapFont","cc.AudioClip"],"uuids":["03YJMQjpRBgrwjiTwA8p2T","0bGCB6LFFI/Ldzr+BDHW1i","106P7y5i9AS73B0ii+l6pI","14e36XnHpNI6qJFg08i8cK","16fbMGsXlNdIcDF69qK8Yo","17FVAYOrVKJa6AX/rv2Kbi","1d5v0Gb1ZFIrYWawhLYFgh","21sto/yRVHw7i8bO83O3F2","2cxmQRmV9OgpmD08CiMBwC","30ifunASRErbiFgk9qYb9i","305gUIP09N2oRe5Wgx7Bau","3bIZioFmVHhK9DtMlcn1W4","3cdz4ymONBmba8DkP8cD4P","3eDbs3e/5HAo/Z7elAUKTM","49gin65EpFMZS9H2xO5ImY","4d+WY8eV5Ld6bd6vVU8p0m","54Jll+Tm5GM4pLPrFt6D7N","546bCQ4zRL2Y5F2YZR94ys","5dag9ac3VGXKK24L2fwSO6","686xxukZ9MrZXXtlgncco4","70yRUiGAdDhJqCJTTCp4dk","74fJ2CNXRAhI1sdHeASTFh","7bleFllkRGzay0xy3wzH3j","80QRQeQsRBFrtJWPmB+R0u","80Vv8OdPtI/7YbQKR3s6p2","812+iXjYxDE70Elm0JcoqD","86gDsq9hlCxZvLljZHeGDx","89BqGlXldFfJdP4q3b7oXI","8c+eYvUL9PrIupa0mX3OgJ","8dXfGycbZNR6u8V4DEpyot","a9BduplmVIL50eT8/Vsmr4","b1wj24JddIF4ATksfMviUF","d8prhMSG9AuY1CDUQMjYkq","e2i23fC0hMd6sXd/gouzYL","ecWUBSPhFCsLM2kI6ekxrz","efmKF3Or5HsZOpK0TdNL+e","f0HV8aTJZJ763iqHq+A/vC","f7h/kG2DRBRqxvWJUKpW1S","f7oGiAsDpMqoi8JbBdpXX0","fcS+jx9MNAZYBo4g8g7Nhj","fci4jmZbhDU58/wPjIznJf","fdXXOMhE5LCa+DCwAcoxhR","fd0bUrajdHsIBedooyGjVN","01IsPLfFtCir5VGbqJpROg","01SqiRrG5G5Jv+tlH7sAZe","04up7DRCZH2ImDHId3ZOQM","057iEJS+ZCMal6zNPYZJ6Z","06irmvDOtNqYEm+YGs31kR","065qQC0DVGhpaAWQ4Ycamt","09KeSZhoVJk4Eb6+K+WKQP","09NgD7t8lLyIXnqewQmJU+","0a1WD2lT9B2q2P5buGW53g","0eZMtPfzpOh6Row4fdC9Oc","11950c273","122iDkJa5EqYga2ulMPw0/","137FXTnzRCpKJu/uBpoEND","1477de77d","153a99d4a","16Ys0r3VdLi45MpaLh4Et4","16bUXwQqdGNZvdXAB2Tjb2","16mNeCAUdC2Lmwxq8MZgzk","18KrMAj0lMR4yg44hLjESu","184bb5265","18hEK0islDkbJJ9mZRJUhs","19CFoEwx5BAokIJWwFxSip","19Xel6iaVHAr509Fwzu0Wo","1a159edee","1bwvPT4G9IGqxngT8PQ1eC","1f9digCeBBPYVoY7TmUph5","20EXU2ZYFNWbQohGNyEsUr","21RjDZK8BOroekGXLBlT+/","24SlefccZIQYGMZ+3QYeev","25JEHwq5VAu6pVAcWWDzn+","251jh7RPpImqAtBKa31+vR","28oreHLB9MmJFVf9JexlTd","2cHHn7x6pMkr3X6Tpy/4W2","2ejlMbATdCn7Z8jJQvkDyo","31tOYllgJOL6gaWsbn0uQQ","33ycwRoiZPi5mKMhK/B7I0","35BYiUu2BJQLQR3XoLHEj4","377J4BVHpGP4HlNVhULU+V","3bM/hjGuZMUrA50IHNiP6s","3c91gLl/NKtZ33MeYwh7Yg","3eIhJiE6hMuodBri6KQXPl","3fr+27Bd9BUK/c/lIj61Ox","43aGHfQ3tJaKNt3WYktqgg","44j/viAnVGpbOY5knUFG5I","46TtN1YNxGsahUFRvbnmLB","474ZricN1BO5tQTfgklRw+","4b+hyKYmJGT7KZMzPjfnTb","4eGA9KX5xOIYb32592CiXI","54dZMFWc5MkJAiZayWN41A","59k25kGZRGuY+eKQNxTmYy","5bgyULDCJHjo5SSBYy5cPD","5b/zaxMU9JQIVsnBeR1t4t","5cqXC1KYNBi6a7hpL+b5Mw","60yhsud9BCEZpo5euwUipM","61nQ/RkkhMcqMobNGI6JBe","65TaNl1WdBzYmQyE02vH0C","67vGPjU31K2aJrHYyRQFBx","68hO9j6kRCe6QIIC65ZqyZ","68nS1dF0RIj5KjgP6UYRC1","698B2SMa9JVK4XuXTbOS/f","6ahfMrdAVDD4Bk2MXfJdUw","6diA/sJElMHJsArMEhFFTF","71IlT9kzVP6ali3Zn7xlk7","72QuhCZnZA8o6kVo9VicGZ","72/f/TMQBAM56DeSMupEE+","738wQSdS1H74x4pvcSu0eH","75o6to46pMabZWESzy3nHX","75zqU+YYtIQarGdGkoh7fd","78lSQH995MXYQyNu2gd2NZ","78lwgQxJxDba5FdAxrQY9+","7brnNi6P1BaZ+HkyW0afth","7b6WJjK0xPp6AykprFF7zj","7fWY2V2gdHlJ0SaHmRIX9U","82QTV8stZAEpQ/lZlbD/0B","83VmrCMnROZI+yfpoVe5BG","83Zox0qlRNVYL/dczzXrvH","86hVV+rz9Ocqw8gq0ru/h2","89TrHPEh1G8oAJOA9LFbHa","8aCB9U3CFJFpOjyAwld7d2","8acnfslY5L67Zm1KGdKw69","8ae7IdD19POoN40wb0E2Je","8dHDmLHrBBvK8dM+OrZp6V","90x+YdJDZJKJ7itsbSG4BM","921a4uZHRGF7++TNVjQ/Gk","94jtR+VVVNgIR3cpVh1KQT","986XDjxUNLb6YmqdM/P5GN","989WjSHfBGFZ9q2ex70/D+","99KBq4qr1Moa2MRg+yW47Y","9cLk5XC0xH4qoyHi1VRBQE","9dDvw7UbRGoY2pFgkCMgwW","9dy2bVUR5GMZD9pIx6tmnL","a2NiQMX8RKU6cTy2zdEKTC","a22VTPpGRCspwXYmeNpKsH","a3lKgVmLhMn6WJPGMunZCv","a6D3AkMINCmoil/MWBgdbV","a8RR0ipA1ELo1z2AOsjK1C","a9cNWqur9KXJor3fP63NMi","aaoP3H1YxAD7ovpYsXWxXk","abPtdwk2VCo6d8qxNyoFYF","adaBwP++RLGKtYGZOlbk1f","aePGXtwJ1CYpoDrquWrCS3","b1TzLl4FRGVLDIs7a3R0yo","b3ZwZ90UZJZ66bDFrGSAFn","beGvEHKzRKG6Vzlue739WJ","beqI1YBKZMhrD6/SL8qiET","be09C90MhAjYVgOQEhrPRN","c0PmzDErNCnZfRCxgL6aWP","c1NKhORCFDoZNadaG4exvJ","c17zuMGhlH5J8QrqAZ4nA+","c2wvWcbIJNoIHuJV548mlS","c6ilyVNPhJ1728bb4ckcoD","c6mrXmjVZLqZisGbT1oQHF","c8nYCamcBMwrG1l9EPJ9UQ","caQKP4jJ1MZp42e3R7sjRN","ca1Xx5CKRFuImdbLlP/i/t","ccCrWZfSJGx7l7T3GQLa5l","ceW67okbJGbJxYwd4aEcCz","ceY+rW/5pFUpvMvAEVNiP5","d0X0KUcsFNa7zaPSqtsRSA","d03ou+uzFH457VGSAnJlRr","d16+lFrWVOXbny+318QK2G","d3H8p2Vn5HSIzcDvldtgPe","d4y34DHuFFWY8yCcJSaylj","d6vgyd51NCVZY0TElhWhkl","ddXDxuG1pBTKWB+l8AgTy4","dd87lr1vhMd4TqBhIZ/AgK","e3AZH2LiVOnobEj3RMg2xN","eahVljV2tBJqvJBdeC+zHF","eapxIDJClOepQzPdzl4qfW","ea2c3FDldE/oMu5chEaTdj","ecBWg4dqVBAoGGk/6B36lg","f2/2kjR6JGZZW/mtD0boXT","f3eZJU1LNO/6VC3UlDi2Wr","f5m3kGfPpHD6JvWVcnqGhf","f6FPfCr0pIkbdwToFWs1NW","f8G7G4GgxJCIeG6GI7RYiU","f9XPEUj8FLqrALrEZIr2nL","f9v8xSZftD1LtV2rXJGIg9","f9zQWj9TVPOK3lOGh5ay5n","faCLx7+wFPCKeAQO+fvChV","favmcIaeJBa5PvJ6F4j6is","fcbo2CenFGP6JOg0l4qBge","fcsijBrWdPCbcWWAnCKvV1","feeEwIuyBFJJen2ZGx1v3k","ffDdntJ4NEc6teA7E9r42+","ffdlL88w9NH7m2OYmB8s4M","01j1X9OEpHGIf4mEmzZM5A","02UOM1wVVLPYKHXmynUWl/","023oZ/J1NNIIi4RwIxKK9+","03A539vrJHkqDRyx809BoD","03T75eT7NNFarK+pnLkfTP","06s2YeTr1BXrEsYKNXTlHh","0dCSkEBqpBybbOw0Gt3bts","0eB13BjudMeon95Iwu5dHx","0fp5AJQppGYZywmJURzskK","14CVfxOElEk52hae7roPav","15fcMkqylJz4zFz6g3u/0L","18N5LaDTREtoBk6AbP4u9y","24H3eoLuZLUY1p8osft5Hx","26Vk48GUdH2q/4VJEtvSs/","26/R80GFVF0Lorn6Xa+GB2","28qXJgF0xK+a0Bp9UnzMlY","29FYIk+N1GYaeWH/q1NxQO","296+aQOONDHZHnnAa/qMa6","2bd2Qke7RB1ocuRe9Qn7DO","2dQECBQQND/J6t2+Iv+gZJ","32VB7WpDND6aOzX+gkCSwC","32eaYKrr1GzpLWTT/OjClT","34Rql7dNBPkrUl326FdrEH","34hSofNX5AO58agRQs5quH","39oa274sJLRKK7f/JSOhQh","3aYSNDeHJCYrVhjX+F2ngr","3cUMU20i1DjYSrHI5PT2Y8","3dIpL2nlZGV68VWEL5pHzg","3fuhooe3BJqZTxE/RxvP92","42ABdsjkhBeryY3u5CYNfu","42e7TbPctEd4TSXHuFs+vu","43NSeZlFFOVZ9NZbcAzxpB","485JV47GJCEY3UA0ZvJyo6","49Jbi9aYBGfpvwh5EF2amp","52cPv43HpMlIUQ92hObJqk","5b+hxpgkVAZJ8UvnHgNnuk","5evdF/F6ZHJpqiSoOBWRKx","63lSXrTUtAGKqS7hfq0cB1","689pvPqxBFRIcmfCk7YvP/","69JqPsqE1IyZe6xcFV3N9C","6afQuGosdHLrtN4ysEvUsk","6b0bfWsFJM7p21WYWdlXj3","70s3a7qa5I6YbDZl2zf2ZA","77EDXHzt5I+avFyEUXF5f8","80IHUy2/BIIpXRJiicVwwW","80vPV0igdC/qwYTakrsGrI","84WwGQDvhALrsGyvzvtv1y","84qqRaNnhGH6w4zrxMbggn","857U/rGkBDXqsejhMw4ejc","86e3qq0RRN1KnWbFCv2wyT","88naDzFMZGBb1IEIfCy1ed","88oGl8LQpGMqSnVRntQdI8","8c8INT68ZPt43eOuBuePxr","8fjGZ/LkdF4bLnz6w1TNzp","902nVNTCBGP7Z86r/2ow1l","92W7zbNjZPpbAUoZGZbLdt","93lxlVG+pJEJvjwfaV72OU","9aF5xfxX9GD46Mxc7mUAD3","9bGJrO0xdNvZ7wnJQ0bK1E","9dV1/impdEfoIPm8YTTIWV","a2MjXRFdtLlYQ5ouAFv/+R","a4YRdN0N9FNII1+tSUY28r","a5JqKjPPpIZII4zvCiNaEF","a6ZWB9x/JCxpf6hONs+JGZ","a7krSd+gtLfa0UD3CIYu0n","a8gWlQfihMpraWsBONCksO","a9PBZP8W9K/5G/J6h+fvMJ","b0E+1oWgVPIpUoVQJWVtIP","b6LsCjvuNKcZoN6a3/V93y","bdRjBtbOdFJ46UnDKUL0Ms","be0b1lABdKEqyoX5g4ym3y","c3+VpJCClFwYecbPnfsddL","c4bru5os1Ni7mSsTevVJiQ","c5nvzs9ORGcqrchjLCIB6x","c6vmtpnUpOOZmQyj18vTGv","c6wVEP0jhJJYHEwD/tyNZu","c88TKlMWpJV4mCodXzMVwO","caT8fuXKdGobTd6y8XNIVC","cbbrpI9j5Ei6rJpugate0E","cfo3wyCh5EDqHwcca8k4qn","d20Khbm/NE4b4hkWrIP3Y0","d4NIgpX+tC5oqc3p7Ksd4T","d91YdfihlG7bkXU0A8OuNA","e0igbgtUNLWawIuYoVQ3Nk","e4v8ytGfZH4bv9+vBov095","e5WCUB//RDk5rwMv7ux3Ph","e5q7GS5ChCrb6RdU+kKajP","e6gqwPdAZMFJxaY+qpWfrn","e97GVMl6JHh5Ml5qEDdSGa","ea9bVGBWtIf7+280kTyuiI","ecL/cLzplGA5cZwsfGyPdD","ecpdLyjvZBwrvm+cedCcQy","eeT+zw+XRE9o+fOVOAV4E8","efFLXxnCZESbrjZnlPftjH","f0BIwQ8D5Ml7nTNQbh1YlS","f1g64ljexLBLMioyDnLsrz","f2DoH4wfRAE458MY9yA5RK","ffUKyFr6pGa4M8Bcx6ik9P"],"scenes":{},"redirect":[50,0,205,0,107,0,246,1,249,1,252,1,257,1,277,0,173,1,280,2,283,0,286,1],"deps":["main","resources","internal"],"packs":{"0536e5093":[43,44,189,190,191,192,193,0,45,46,47,194,48,49,51,1,195,196,52,197,2,53,54,55,198,56,3,57,199,58,59,4,60,5,61,200,62,63,64,65,66,67,6,68,69,70,7,201,71,72,73,202,203,74,204,206,207,75,8,208,76,9,10,77,209,210,78,211,212,79,80,213,214,11,81,215,12,82,216,13,83,84,217,218,219,220,85,86,87,88,221,222,14,89,15,90,223,16,91,17,92,93,224,94,95,18,225,96,97,226,98,99,100,101,19,227,228,102,229,103,230,104,231,20,105,106,108,21,109,110,232,111,112,22,113,114,115,233,23,24,234,25,116,117,118,235,236,237,238,26,119,239,240,27,120,121,122,123,241,28,124,29,242,125,243,244,126,245,127,128,129,130,247,131,132,248,133,134,135,136,250,251,137,253,138,254,30,255,139,140,141,142,143,256,144,31,145,258,146,147,259,148,149,150,151,152,260,261,262,153,154,263,264,155,265,156,266,157,267,158,159,160,268,161,162,163,269,164,270,165,166,32,271,167,168,272,33,169,273,274,275,276,170,171,172,278,279,34,281,282,35,36,284,285,174,175,176,177,37,38,178,179,180,181,182,183,39,184,40,185,41,42,186,187,188]},"name":"Common","importBase":"import","nativeBase":"native","debug":false,"isZip":false,"encrypted":false,"versions":{"import":["0536e5093","6f323"],"native":[0,"2f3b7",1,"eead4",2,"791d4",53,"91de9",56,"87f0d",3,"dda89",57,"2af12",4,"4c836",5,"03651",62,"1460e",66,"7ffa5",6,"cb1b7",7,"4d2cf",8,"ddb3f",9,"96ca6",10,"d282a",11,"e181b",12,"62f88",13,"931c8",14,"f2676",15,"b7e17",16,"3e103",17,"80b46",18,"2a3d3",19,"b940f",20,"b6c83",21,"d1759",22,"3e622",23,"dad9d",24,"f5b7a",25,"a97a9",26,"43728",27,"43360",28,"866e0",29,"3f7ac",30,"cd864",31,"d120e",159,"2cf8f",32,"487cc",33,"d74c4",34,"5a17c",35,"79194",36,"2b2e9",37,"56a7e",38,"838a8",39,"41a57",40,"327a1",41,"aa6b9",42,"d9770"]}}