[1,["96iDfNlm1CUpvh4cI10QsL"],["_texture"],[["dragonBones.DragonBonesAtlasAsset",["_name","_atlasJson"],1]],[[0,0,1,3]],[[0,"scatter_jiantou_tex","{\"SubTexture\":[{\"width\":162,\"y\":141,\"height\":127,\"name\":\"sca/图层_4\",\"x\":1},{\"width\":174,\"y\":1,\"height\":138,\"name\":\"sca/图层_1\",\"x\":1},{\"width\":141,\"y\":270,\"height\":127,\"name\":\"sca/图层_3\",\"x\":1},{\"width\":166,\"y\":446,\"height\":42,\"name\":\"sca/图层_5\",\"x\":1},{\"width\":168,\"y\":399,\"height\":45,\"name\":\"组1\",\"x\":1}],\"width\":256,\"height\":512,\"name\":\"scatter_jiantou\",\"imagePath\":\"scatter_jiantou_tex.png\"}"]],0,0,[0],[0],[0]]