[1,["ddOxtm2BhNRbNRsDK6a3gT"],0,[["sp.SkeletonData",["_name","_atlasText","textureNames","_skeletonJson","textures"],-1,3]],[[0,0,1,2,3,4,5]],[[0,"JACKPOT","\nJACKPOT.png\nsize: 1024,256\nformat: RGBA8888\nfilter: Linear,Linear\nrepeat: none\n01\n  rotate: false\n  xy: 2, 2\n  size: 168, 24\n  orig: 168, 24\n  offset: 0, 0\n  index: -1\n02\n  rotate: false\n  xy: 440, 91\n  size: 31, 34\n  orig: 31, 34\n  offset: 0, 0\n  index: -1\n03\n  rotate: false\n  xy: 221, 49\n  size: 217, 49\n  orig: 217, 49\n  offset: 0, 0\n  index: -1\n04\n  rotate: false\n  xy: 659, 224\n  size: 221, 18\n  orig: 221, 18\n  offset: 0, 0\n  index: -1\n05\n  rotate: false\n  xy: 659, 204\n  size: 221, 18\n  orig: 221, 18\n  offset: 0, 0\n  index: -1\n06\n  rotate: false\n  xy: 440, 127\n  size: 211, 43\n  orig: 211, 43\n  offset: 0, 0\n  index: -1\nA\n  rotate: false\n  xy: 440, 69\n  size: 24, 20\n  orig: 24, 20\n  offset: 0, 0\n  index: -1\nC\n  rotate: false\n  xy: 473, 105\n  size: 23, 20\n  orig: 23, 20\n  offset: 0, 0\n  index: -1\nJ\n  rotate: false\n  xy: 686, 182\n  size: 20, 20\n  orig: 20, 20\n  offset: 0, 0\n  index: -1\nK\n  rotate: false\n  xy: 910, 222\n  size: 23, 20\n  orig: 23, 20\n  offset: 0, 0\n  index: -1\nO\n  rotate: false\n  xy: 659, 182\n  size: 25, 20\n  orig: 25, 20\n  offset: 0, 0\n  index: -1\nP\n  rotate: false\n  xy: 172, 6\n  size: 25, 20\n  orig: 25, 20\n  offset: 0, 0\n  index: -1\nT\n  rotate: false\n  xy: 882, 222\n  size: 26, 20\n  orig: 26, 20\n  offset: 0, 0\n  index: -1\ns01\n  rotate: false\n  xy: 2, 172\n  size: 217, 70\n  orig: 217, 70\n  offset: 0, 0\n  index: -1\ns02\n  rotate: false\n  xy: 2, 100\n  size: 217, 70\n  orig: 217, 70\n  offset: 0, 0\n  index: -1\ns03\n  rotate: false\n  xy: 221, 172\n  size: 217, 70\n  orig: 217, 70\n  offset: 0, 0\n  index: -1\ns04\n  rotate: false\n  xy: 2, 28\n  size: 217, 70\n  orig: 217, 70\n  offset: 0, 0\n  index: -1\ns05\n  rotate: false\n  xy: 221, 100\n  size: 217, 70\n  orig: 217, 70\n  offset: 0, 0\n  index: -1\ns06\n  rotate: false\n  xy: 440, 172\n  size: 217, 70\n  orig: 217, 70\n  offset: 0, 0\n  index: -1\n",["JACKPOT.png"],{"skeleton":{"hash":"1Cc2DA/EExpbrUFDh4GsYwmkvEs","spine":"3.6.53","width":1446,"height":750},"bones":[{"name":"root"},{"name":"AAA","parent":"root","scaleX":1.1,"scaleY":1.1},{"name":"01","parent":"AAA","x":-1.5,"y":23.5},{"name":"03","parent":"AAA","y":-11},{"name":"s01","parent":"root","x":-58,"y":28.33,"scaleX":0.8},{"name":"s1","parent":"root","x":58,"y":28.33,"scaleX":-0.8}],"slots":[{"name":"s01","bone":"s01","attachment":"s01","blend":"screen"},{"name":"s1","bone":"s1","attachment":"s01","blend":"screen"},{"name":"06","bone":"AAA","attachment":"06"},{"name":"05","bone":"AAA","attachment":"05"},{"name":"04","bone":"AAA","attachment":"04"},{"name":"03","bone":"AAA","attachment":"03"},{"name":"3","bone":"03","attachment":"03"},{"name":"02","bone":"AAA","attachment":"02"},{"name":"01","bone":"01","attachment":"01"},{"name":"T","bone":"01","attachment":"T"},{"name":"O","bone":"01","attachment":"O"},{"name":"P","bone":"01","attachment":"P"},{"name":"K","bone":"01","attachment":"K"},{"name":"C","bone":"01","attachment":"C"},{"name":"A","bone":"01","attachment":"A"},{"name":"J","bone":"01","attachment":"J"}],"skins":{"default":{"3":{"03":{"width":217,"height":49}},"01":{"01":{"width":168,"height":24}},"02":{"02":{"x":-83,"y":-10.5,"width":31,"height":34}},"03":{"03":{"y":-11,"width":217,"height":49}},"04":{"04":{"y":25.5,"width":221,"height":18}},"05":{"05":{"y":25.5,"width":221,"height":18}},"06":{"06":{"y":-11,"width":211,"height":43}},"A":{"A":{"x":-50,"width":24,"height":20}},"C":{"C":{"x":-25.5,"width":23,"height":20}},"J":{"J":{"x":-72,"width":20,"height":20}},"K":{"K":{"x":-4.5,"width":23,"height":20}},"O":{"O":{"x":43.5,"width":25,"height":20}},"P":{"P":{"x":19.5,"width":25,"height":20}},"T":{"T":{"x":69,"width":26,"height":20}},"s01":{"s01":{"width":217,"height":70},"s02":{"width":217,"height":70},"s03":{"width":217,"height":70},"s04":{"width":217,"height":70},"s05":{"width":217,"height":70},"s06":{"width":217,"height":70}},"s1":{"s01":{"x":3.57,"width":217,"height":70},"s02":{"width":217,"height":70},"s03":{"width":217,"height":70},"s04":{"width":217,"height":70},"s05":{"width":217,"height":70},"s06":{"width":217,"height":70}}}},"animations":{"animation":{"slots":{"3":{"color":[{"time":0,"color":"ffffff00"},{"time":0.1667,"color":"ffffffff"},{"time":0.8333,"color":"ffffff00","curve":"stepped"},{"time":1,"color":"ffffff00"},{"time":1.1667,"color":"ffffffff"},{"time":1.8333,"color":"ffffff00","curve":"stepped"},{"time":2,"color":"ffffff00"},{"time":2.1667,"color":"ffffffff"},{"time":2.8333,"color":"ffffff00","curve":"stepped"},{"time":3,"color":"ffffff00"},{"time":3.1667,"color":"ffffffff"},{"time":3.8333,"color":"ffffff00","curve":"stepped"},{"time":4,"color":"ffffff00"},{"time":4.1667,"color":"ffffffff"},{"time":4.8333,"color":"ffffff00","curve":"stepped"},{"time":5,"color":"ffffff00"},{"time":5.1667,"color":"ffffffff"},{"time":5.8333,"color":"ffffff00","curve":"stepped"},{"time":6,"color":"ffffff00"},{"time":6.1667,"color":"ffffffff"},{"time":6.8333,"color":"ffffff00"}]},"04":{"color":[{"time":0,"color":"ffffff00","curve":"stepped"},{"time":0.3333,"color":"ffffff00"},{"time":0.5,"color":"ffffffff"},{"time":0.6667,"color":"ffffff00","curve":"stepped"},{"time":0.8333,"color":"ffffff00"},{"time":1,"color":"ffffffff"},{"time":1.1667,"color":"ffffff00"},{"time":1.6667,"color":"ffffffff"},{"time":2.1667,"color":"ffffff00"},{"time":2.3333,"color":"ffffffff"},{"time":2.5,"color":"ffffff00"},{"time":3.1667,"color":"ffffffff"},{"time":3.8333,"color":"ffffff00","curve":"stepped"},{"time":4.1667,"color":"ffffff00","curve":"stepped"},{"time":4.5,"color":"ffffff00"},{"time":4.6667,"color":"ffffffff"},{"time":4.8333,"color":"ffffff00","curve":"stepped"},{"time":5,"color":"ffffff00"},{"time":5.1667,"color":"ffffffff"},{"time":5.3333,"color":"ffffff00"},{"time":5.8333,"color":"ffffffff"},{"time":6.3333,"color":"ffffff00"},{"time":6.5,"color":"ffffffff"},{"time":6.6667,"color":"ffffff00"},{"time":7,"color":"ffffffff"},{"time":7.3333,"color":"ffffff00"}]},"A":{"color":[{"time":0,"color":"ffffff00","curve":"stepped"},{"time":0.1667,"color":"ffffff00"},{"time":0.3333,"color":"ffffffff"},{"time":0.5,"color":"ffffff00","curve":"stepped"},{"time":2.5,"color":"ffffff00"},{"time":2.8333,"color":"ffffffff"},{"time":3.1667,"color":"ffffff00","curve":"stepped"},{"time":4.1667,"color":"ffffff00"},{"time":4.3333,"color":"ffffffff"},{"time":4.5,"color":"ffffff00","curve":"stepped"},{"time":5.5,"color":"ffffff00"},{"time":5.6667,"color":"ffffffff"},{"time":5.8333,"color":"ffffff00","curve":"stepped"},{"time":6.5,"color":"ffffff00"},{"time":6.8333,"color":"ffffffff"},{"time":7.1667,"color":"ffffff00"}]},"C":{"color":[{"time":0,"color":"ffffff00","curve":"stepped"},{"time":0.3333,"color":"ffffff00"},{"time":0.5,"color":"ffffffff"},{"time":0.6667,"color":"ffffff00","curve":"stepped"},{"time":1.8333,"color":"ffffff00"},{"time":2.1667,"color":"ffffffff"},{"time":2.5,"color":"ffffff00","curve":"stepped"},{"time":4.5,"color":"ffffff00"},{"time":4.6667,"color":"ffffffff"},{"time":4.8333,"color":"ffffff00","curve":"stepped"},{"time":5.1667,"color":"ffffff00"},{"time":5.3333,"color":"ffffffff"},{"time":5.5,"color":"ffffff00","curve":"stepped"},{"time":6.5,"color":"ffffff00"},{"time":6.8333,"color":"ffffffff"},{"time":7.1667,"color":"ffffff00"}]},"J":{"color":[{"time":0,"color":"ffffff00"},{"time":0.1667,"color":"ffffffff"},{"time":0.3333,"color":"ffffff00","curve":"stepped"},{"time":1.8333,"color":"ffffff00"},{"time":2.1667,"color":"ffffffff"},{"time":2.5,"color":"ffffff00","curve":"stepped"},{"time":3.8333,"color":"ffffff00"},{"time":4,"color":"ffffffff"},{"time":4.1667,"color":"ffffff00","curve":"stepped"},{"time":5.8333,"color":"ffffff00"},{"time":6,"color":"ffffffff"},{"time":6.1667,"color":"ffffff00","curve":"stepped"},{"time":6.5,"color":"ffffff00"},{"time":6.8333,"color":"ffffffff"},{"time":7.1667,"color":"ffffff00"}]},"K":{"color":[{"time":0,"color":"ffffff00","curve":"stepped"},{"time":0.5,"color":"ffffff00"},{"time":0.6667,"color":"ffffffff"},{"time":0.8333,"color":"ffffff00","curve":"stepped"},{"time":2.5,"color":"ffffff00"},{"time":2.8333,"color":"ffffffff"},{"time":3.1667,"color":"ffffff00","curve":"stepped"},{"time":4.8333,"color":"ffffff00"},{"time":5,"color":"ffffffff"},{"time":5.1667,"color":"ffffff00","curve":"stepped"},{"time":6.5,"color":"ffffff00"},{"time":6.8333,"color":"ffffffff"},{"time":7.1667,"color":"ffffff00"}]},"O":{"color":[{"time":0,"color":"ffffff00","curve":"stepped"},{"time":0.8333,"color":"ffffff00"},{"time":1,"color":"ffffffff"},{"time":1.1667,"color":"ffffff00","curve":"stepped"},{"time":2.5,"color":"ffffff00"},{"time":2.8333,"color":"ffffffff"},{"time":3.1667,"color":"ffffff00","curve":"stepped"},{"time":4.1667,"color":"ffffff00"},{"time":4.3333,"color":"ffffffff"},{"time":4.5,"color":"ffffff00","curve":"stepped"},{"time":5.5,"color":"ffffff00"},{"time":5.6667,"color":"ffffffff"},{"time":5.8333,"color":"ffffff00","curve":"stepped"},{"time":6.5,"color":"ffffff00"},{"time":6.8333,"color":"ffffffff"},{"time":7.1667,"color":"ffffff00"}]},"P":{"color":[{"time":0,"color":"ffffff00","curve":"stepped"},{"time":0.6667,"color":"ffffff00"},{"time":0.8333,"color":"ffffffff"},{"time":1,"color":"ffffff00","curve":"stepped"},{"time":1.8333,"color":"ffffff00"},{"time":2.1667,"color":"ffffffff"},{"time":2.5,"color":"ffffff00","curve":"stepped"},{"time":4.5,"color":"ffffff00"},{"time":4.6667,"color":"ffffffff"},{"time":4.8333,"color":"ffffff00","curve":"stepped"},{"time":5.1667,"color":"ffffff00"},{"time":5.3333,"color":"ffffffff"},{"time":5.5,"color":"ffffff00","curve":"stepped"},{"time":6.5,"color":"ffffff00"},{"time":6.8333,"color":"ffffffff"},{"time":7.1667,"color":"ffffff00"}]},"T":{"color":[{"time":0,"color":"ffffff00","curve":"stepped"},{"time":1,"color":"ffffff00"},{"time":1.1667,"color":"ffffffff"},{"time":1.3333,"color":"ffffff00","curve":"stepped"},{"time":1.8333,"color":"ffffff00"},{"time":2.1667,"color":"ffffffff"},{"time":2.5,"color":"ffffff00","curve":"stepped"},{"time":3.8333,"color":"ffffff00"},{"time":4,"color":"ffffffff"},{"time":4.1667,"color":"ffffff00","curve":"stepped"},{"time":5.8333,"color":"ffffff00"},{"time":6,"color":"ffffffff"},{"time":6.1667,"color":"ffffff00","curve":"stepped"},{"time":6.5,"color":"ffffff00"},{"time":6.8333,"color":"ffffffff"},{"time":7.1667,"color":"ffffff00"}]},"s01":{"attachment":[{"time":0,"name":"s06"},{"time":0.0667,"name":"s05"},{"time":0.1333,"name":"s04"},{"time":0.2,"name":"s03"},{"time":0.2667,"name":"s02"},{"time":0.3333,"name":"s01"},{"time":0.4,"name":"s06"},{"time":0.4667,"name":"s05"},{"time":0.5333,"name":"s04"},{"time":0.6,"name":"s03"},{"time":0.6667,"name":"s02"},{"time":0.7333,"name":"s01"},{"time":0.8,"name":"s06"},{"time":0.8667,"name":"s05"},{"time":0.9333,"name":"s04"},{"time":1,"name":"s03"},{"time":1.0667,"name":"s02"},{"time":1.1333,"name":"s01"},{"time":1.2,"name":"s06"},{"time":1.2667,"name":"s05"},{"time":1.3333,"name":"s04"},{"time":1.4,"name":"s03"},{"time":1.4667,"name":"s02"},{"time":1.5333,"name":"s01"},{"time":1.6,"name":"s06"},{"time":1.6667,"name":"s05"},{"time":1.7333,"name":"s04"},{"time":1.8,"name":"s03"},{"time":1.8667,"name":"s02"},{"time":1.9333,"name":"s01"},{"time":2,"name":"s06"},{"time":2.0667,"name":"s05"},{"time":2.1333,"name":"s04"},{"time":2.2,"name":"s03"},{"time":2.2667,"name":"s02"},{"time":2.3333,"name":"s01"},{"time":2.4,"name":"s06"},{"time":2.4667,"name":"s05"},{"time":2.5333,"name":"s04"},{"time":2.6,"name":"s03"},{"time":2.6667,"name":"s02"},{"time":2.7333,"name":"s01"},{"time":2.8,"name":"s06"},{"time":2.8667,"name":"s05"},{"time":2.9333,"name":"s04"},{"time":3,"name":"s03"},{"time":3.0667,"name":"s02"},{"time":3.1333,"name":"s01"},{"time":3.2,"name":"s06"},{"time":3.2667,"name":"s05"},{"time":3.3333,"name":"s04"},{"time":3.4,"name":"s03"},{"time":3.4667,"name":"s02"},{"time":3.5333,"name":"s01"},{"time":3.6,"name":"s06"},{"time":3.6667,"name":"s05"},{"time":3.7333,"name":"s04"},{"time":3.8,"name":"s03"},{"time":3.8667,"name":"s02"},{"time":3.9333,"name":"s01"},{"time":4,"name":"s06"},{"time":4.0667,"name":"s05"},{"time":4.1333,"name":"s04"},{"time":4.2,"name":"s03"},{"time":4.2667,"name":"s02"},{"time":4.3333,"name":"s01"},{"time":4.4,"name":"s06"},{"time":4.4667,"name":"s05"},{"time":4.5333,"name":"s04"},{"time":4.6,"name":"s03"},{"time":4.6667,"name":"s02"},{"time":4.7333,"name":"s01"},{"time":4.8,"name":"s06"},{"time":4.8667,"name":"s05"},{"time":4.9333,"name":"s04"},{"time":5,"name":"s03"},{"time":5.0667,"name":"s02"},{"time":5.1333,"name":"s01"},{"time":5.2,"name":"s06"},{"time":5.2667,"name":"s05"},{"time":5.3333,"name":"s04"},{"time":5.4,"name":"s03"},{"time":5.4667,"name":"s02"},{"time":5.5333,"name":"s01"},{"time":5.6,"name":"s06"},{"time":5.6667,"name":"s05"},{"time":5.7333,"name":"s04"},{"time":5.8,"name":"s03"},{"time":5.8667,"name":"s02"},{"time":5.9333,"name":"s01"},{"time":6,"name":"s06"},{"time":6.0667,"name":"s05"},{"time":6.1333,"name":"s04"},{"time":6.2,"name":"s03"},{"time":6.2667,"name":"s02"},{"time":6.3333,"name":"s01"},{"time":6.4,"name":"s06"},{"time":6.4667,"name":"s05"},{"time":6.5333,"name":"s04"},{"time":6.6,"name":"s03"},{"time":6.6667,"name":"s02"},{"time":6.7333,"name":"s01"},{"time":6.8,"name":"s06"},{"time":6.8667,"name":"s05"},{"time":6.9333,"name":"s04"},{"time":7,"name":"s03"},{"time":7.0667,"name":"s02"},{"time":7.1333,"name":"s01"},{"time":7.2,"name":"s06"},{"time":7.2667,"name":"s05"},{"time":7.3333,"name":"s04"},{"time":7.4,"name":"s03"},{"time":7.4667,"name":"s02"},{"time":7.5333,"name":"s01"},{"time":7.6,"name":"s06"},{"time":7.6667,"name":"s05"},{"time":7.7333,"name":"s04"},{"time":7.8,"name":"s03"},{"time":7.8667,"name":"s02"},{"time":7.9333,"name":"s01"}]},"s1":{"attachment":[{"time":0,"name":"s06"},{"time":0.0667,"name":"s05"},{"time":0.1333,"name":"s04"},{"time":0.2,"name":"s03"},{"time":0.2667,"name":"s02"},{"time":0.3333,"name":"s01"},{"time":0.4,"name":"s06"},{"time":0.4667,"name":"s05"},{"time":0.5333,"name":"s04"},{"time":0.6,"name":"s03"},{"time":0.6667,"name":"s02"},{"time":0.7333,"name":"s01"},{"time":0.8,"name":"s06"},{"time":0.8667,"name":"s05"},{"time":0.9333,"name":"s04"},{"time":1,"name":"s03"},{"time":1.0667,"name":"s02"},{"time":1.1333,"name":"s01"},{"time":1.2,"name":"s06"},{"time":1.2667,"name":"s05"},{"time":1.3333,"name":"s04"},{"time":1.4,"name":"s03"},{"time":1.4667,"name":"s02"},{"time":1.5333,"name":"s01"},{"time":1.6,"name":"s06"},{"time":1.6667,"name":"s05"},{"time":1.7333,"name":"s04"},{"time":1.8,"name":"s03"},{"time":1.8667,"name":"s02"},{"time":1.9333,"name":"s01"},{"time":2,"name":"s06"},{"time":2.0667,"name":"s05"},{"time":2.1333,"name":"s04"},{"time":2.2,"name":"s03"},{"time":2.2667,"name":"s02"},{"time":2.3333,"name":"s01"},{"time":2.4,"name":"s06"},{"time":2.4667,"name":"s05"},{"time":2.5333,"name":"s04"},{"time":2.6,"name":"s03"},{"time":2.6667,"name":"s02"},{"time":2.7333,"name":"s01"},{"time":2.8,"name":"s06"},{"time":2.8667,"name":"s05"},{"time":2.9333,"name":"s04"},{"time":3,"name":"s03"},{"time":3.0667,"name":"s02"},{"time":3.1333,"name":"s01"},{"time":3.2,"name":"s06"},{"time":3.2667,"name":"s05"},{"time":3.3333,"name":"s04"},{"time":3.4,"name":"s03"},{"time":3.4667,"name":"s02"},{"time":3.5333,"name":"s01"},{"time":3.6,"name":"s06"},{"time":3.6667,"name":"s05"},{"time":3.7333,"name":"s04"},{"time":3.8,"name":"s03"},{"time":3.8667,"name":"s02"},{"time":3.9333,"name":"s01"},{"time":4,"name":"s06"},{"time":4.0667,"name":"s05"},{"time":4.1333,"name":"s04"},{"time":4.2,"name":"s03"},{"time":4.2667,"name":"s02"},{"time":4.3333,"name":"s01"},{"time":4.4,"name":"s06"},{"time":4.4667,"name":"s05"},{"time":4.5333,"name":"s04"},{"time":4.6,"name":"s03"},{"time":4.6667,"name":"s02"},{"time":4.7333,"name":"s01"},{"time":4.8,"name":"s06"},{"time":4.8667,"name":"s05"},{"time":4.9333,"name":"s04"},{"time":5,"name":"s03"},{"time":5.0667,"name":"s02"},{"time":5.1333,"name":"s01"},{"time":5.2,"name":"s06"},{"time":5.2667,"name":"s05"},{"time":5.3333,"name":"s04"},{"time":5.4,"name":"s03"},{"time":5.4667,"name":"s02"},{"time":5.5333,"name":"s01"},{"time":5.6,"name":"s06"},{"time":5.6667,"name":"s05"},{"time":5.7333,"name":"s04"},{"time":5.8,"name":"s03"},{"time":5.8667,"name":"s02"},{"time":5.9333,"name":"s01"},{"time":6,"name":"s06"},{"time":6.0667,"name":"s05"},{"time":6.1333,"name":"s04"},{"time":6.2,"name":"s03"},{"time":6.2667,"name":"s02"},{"time":6.3333,"name":"s01"},{"time":6.4,"name":"s06"},{"time":6.4667,"name":"s05"},{"time":6.5333,"name":"s04"},{"time":6.6,"name":"s03"},{"time":6.6667,"name":"s02"},{"time":6.7333,"name":"s01"},{"time":6.8,"name":"s06"},{"time":6.8667,"name":"s05"},{"time":6.9333,"name":"s04"},{"time":7,"name":"s03"},{"time":7.0667,"name":"s02"},{"time":7.1333,"name":"s01"},{"time":7.2,"name":"s06"},{"time":7.2667,"name":"s05"},{"time":7.3333,"name":"s04"},{"time":7.4,"name":"s03"},{"time":7.4667,"name":"s02"},{"time":7.5333,"name":"s01"},{"time":7.6,"name":"s06"},{"time":7.6667,"name":"s05"},{"time":7.7333,"name":"s04"},{"time":7.8,"name":"s03"},{"time":7.8667,"name":"s02"},{"time":7.9333,"name":"s01"}]}},"bones":{"01":{"scale":[{"time":0,"x":1,"y":1},{"time":0.3333,"x":1.01,"y":1.01},{"time":0.6667,"x":1,"y":1},{"time":1,"x":1.01,"y":1.01},{"time":1.3333,"x":1,"y":1},{"time":1.6667,"x":1.01,"y":1.01},{"time":2,"x":1,"y":1},{"time":2.3333,"x":1.01,"y":1.01},{"time":2.6667,"x":1,"y":1},{"time":3,"x":1.01,"y":1.01},{"time":3.3333,"x":1,"y":1},{"time":3.6667,"x":1.01,"y":1.01},{"time":4,"x":1,"y":1},{"time":4.3333,"x":1.01,"y":1.01},{"time":4.6667,"x":1,"y":1},{"time":5,"x":1.01,"y":1.01},{"time":5.3333,"x":1,"y":1},{"time":5.6667,"x":1.01,"y":1.01},{"time":6,"x":1,"y":1},{"time":6.3333,"x":1.01,"y":1.01},{"time":6.6667,"x":1,"y":1},{"time":7,"x":1.01,"y":1.01},{"time":7.3333,"x":1,"y":1}]},"03":{"scale":[{"time":0,"x":1,"y":1,"curve":"stepped"},{"time":0.1667,"x":1,"y":1},{"time":0.8333,"x":1.099,"y":1.146},{"time":1,"x":1,"y":1,"curve":"stepped"},{"time":1.1667,"x":1,"y":1},{"time":1.8333,"x":1.099,"y":1.146},{"time":2,"x":1,"y":1,"curve":"stepped"},{"time":2.1667,"x":1,"y":1},{"time":2.8333,"x":1.099,"y":1.146},{"time":3,"x":1,"y":1,"curve":"stepped"},{"time":3.1667,"x":1,"y":1},{"time":3.8333,"x":1.099,"y":1.146},{"time":4,"x":1,"y":1,"curve":"stepped"},{"time":4.1667,"x":1,"y":1},{"time":4.8333,"x":1.099,"y":1.146},{"time":5,"x":1,"y":1,"curve":"stepped"},{"time":5.1667,"x":1,"y":1},{"time":5.8333,"x":1.099,"y":1.146},{"time":6,"x":1,"y":1,"curve":"stepped"},{"time":6.1667,"x":1,"y":1},{"time":6.8333,"x":1.099,"y":1.146}]}}}}},[0]]],0,0,[0],[-1],[0]]