[1,["55qx4QKeVOxJoWgB7lLOlj"],["_textureSetter"],["cc.SpriteFrame"],0,[[[{"name":"NEW","rect":[1179,141,72,88],"offset":[0,0],"originalSize":[72,88],"capInsets":[0,0,0,0]}],[0],0,[0],[0],[0]],[[{"name":"cm_bg","rect":[656,5,726,47],"offset":[0,0],"originalSize":[726,47],"capInsets":[0,0,0,0]}],[0],0,[0],[0],[0]],[[{"name":"cm_orange","rect":[1209,237,99,103],"offset":[0,0],"originalSize":[99,103],"capInsets":[0,0,0,0]}],[0],0,[0],[0],[0]],[[{"name":"table3","rect":[583,568,934,331],"offset":[0,0],"originalSize":[934,331],"capInsets":[0,0,0,0]}],[0],0,[0],[0],[0]],[[{"name":"name_prophet","rect":[355,5,138,41],"offset":[0,0],"originalSize":[138,41],"capInsets":[0,0,0,0]}],[0],0,[0],[0],[0]],[[{"name":"cm_purple","rect":[1313,237,99,103],"offset":[0,0],"originalSize":[99,103],"capInsets":[0,0,0,0]}],[0],0,[0],[0],[0]],[[{"name":"bn_beishu","rect":[622,57,78,78],"offset":[0,0],"originalSize":[78,78],"capInsets":[0,0,0,0]}],[0],0,[0],[0],[0]],[[{"name":"bn_back","rect":[539,57,78,78],"offset":[0,0],"originalSize":[78,78],"capInsets":[0,0,0,0]}],[0],0,[0],[0],[0]],[[{"name":"cm_Purpleblue","rect":[793,237,99,103],"offset":[0,0],"originalSize":[99,103],"capInsets":[0,0,0,0]}],[0],0,[0],[0],[0]],[[{"name":"zhuanpan02","rect":[109,904,492,492],"offset":[0,0],"originalSize":[492,492],"capInsets":[0,0,0,0]}],[0],0,[0],[0],[0]],[[{"name":"cm_red","rect":[1417,237,99,103],"offset":[0,0],"originalSize":[99,103],"capInsets":[0,0,0,0]}],[0],0,[0],[0],[0]],[[{"name":"zhuanpan01","rect":[312,568,266,266],"offset":[0,0],"originalSize":[266,266],"capInsets":[0,0,0,0]}],[0],0,[0],[0],[0]],[[{"name":"bn_rebet","rect":[356,57,178,76],"offset":[0,0],"originalSize":[178,76],"capInsets":[0,0,0,0]}],[0],0,[0],[0],[0]],[[{"name":"yiduicm","rect":[109,345,112,108],"offset":[0,0],"originalSize":[112,108],"capInsets":[0,0,0,0]}],[0],0,[0],[0],[0]],[[{"name":"Player02","rect":[487,237,96,96],"offset":[0,0],"originalSize":[96,96],"capInsets":[0,0,0,0]}],[0],0,[0],[0],[0]],[[{"name":"zhuanpan_qiu","rect":[5,5,22,22],"offset":[0,0],"originalSize":[22,22],"capInsets":[0,0,0,0]}],[0],0,[0],[0],[0]],[[{"name":"bg_","rect":[545,5,106,43],"offset":[0,0],"originalSize":[106,43],"capInsets":[22,0,24,0]}],[0],0,[0],[0],[0]],[[{"name":"zhuanpan_bg","rect":[606,904,716,682],"offset":[0,0],"originalSize":[716,682],"capInsets":[0,0,0,0]}],[0],0,[0],[0],[0]],[[{"name":"cm_green","rect":[1105,237,99,103],"offset":[0,0],"originalSize":[99,103],"capInsets":[0,0,0,0]}],[0],0,[0],[0],[0]],[[{"name":"Player04","rect":[279,57,72,72],"offset":[0,0],"originalSize":[72,72],"capInsets":[0,0,0,0]}],[0],0,[0],[0],[0]],[[{"name":"name_bililionaires","rect":[224,5,126,39],"offset":[0,0],"originalSize":[126,39],"capInsets":[0,0,0,0]}],[0],0,[0],[0],[0]],[[{"name":"Award","rect":[1146,345,285,218],"offset":[0,0],"originalSize":[285,218],"capInsets":[0,0,0,0]}],[0],0,[0],[0],[0]],[[{"name":"bn_help","rect":[705,57,78,78],"offset":[0,0],"originalSize":[78,78],"capInsets":[0,0,0,0]}],[0],0,[0],[0],[0]],[[{"name":"cm_yellow","rect":[5,345,99,103],"offset":[0,0],"originalSize":[99,103],"capInsets":[0,0,0,0]}],[0],0,[0],[0],[0]],[[{"name":"Record","rect":[5,904,99,445],"offset":[0,0],"originalSize":[99,445],"capInsets":[0,0,0,0]}],[0],0,[0],[0],[0]]]]