[1,["86u8XIK/pL6bWbemmn1p0b","48vDvcygFCWp5Q3ECnlH7N"],["_textureSetter","spriteFrame"],["cc.SpriteFrame",["cc.BitmapFont",["_name","fontSize","_fntConfig"],0]],[[1,0,1,2,4]],[[[{"name":"shijian","rect":[0,0,117,59],"offset":[-5.5,2.5],"originalSize":[128,64],"capInsets":[0,0,0,0]}],[0],0,[0],[0],[0]],[[[0,"shijian",32,{"commonHeight":55,"fontSize":32,"atlasName":"C:\\Users\\Administrator\\Desktop\\shijian.png","fontDefDictionary":{"9":{"xOffset":0,"yOffset":0,"xAdvance":8,"rect":{"x":0,"y":0,"width":0,"height":0}},"32":{"xOffset":0,"yOffset":0,"xAdvance":1,"rect":{"x":0,"y":0,"width":0,"height":0}},"44":{"xOffset":0,"yOffset":44,"xAdvance":11,"rect":{"x":102,"y":0,"width":10,"height":16}},"46":{"xOffset":0,"yOffset":44,"xAdvance":11,"rect":{"x":82,"y":48,"width":10,"height":11}},"48":{"xOffset":0,"yOffset":29,"xAdvance":21,"rect":{"x":0,"y":27,"width":20,"height":26}},"49":{"xOffset":0,"yOffset":29,"xAdvance":18,"rect":{"x":100,"y":27,"width":17,"height":26}},"50":{"xOffset":0,"yOffset":29,"xAdvance":20,"rect":{"x":82,"y":0,"width":19,"height":26}},"51":{"xOffset":0,"yOffset":29,"xAdvance":20,"rect":{"x":62,"y":26,"width":19,"height":26}},"52":{"xOffset":0,"yOffset":29,"xAdvance":21,"rect":{"x":21,"y":0,"width":20,"height":26}},"53":{"xOffset":0,"yOffset":30,"xAdvance":20,"rect":{"x":62,"y":0,"width":19,"height":25}},"54":{"xOffset":0,"yOffset":29,"xAdvance":21,"rect":{"x":0,"y":0,"width":20,"height":26}},"55":{"xOffset":0,"yOffset":29,"xAdvance":20,"rect":{"x":42,"y":27,"width":19,"height":26}},"56":{"xOffset":0,"yOffset":29,"xAdvance":21,"rect":{"x":21,"y":27,"width":20,"height":26}},"57":{"xOffset":0,"yOffset":29,"xAdvance":20,"rect":{"x":42,"y":0,"width":19,"height":26}},"115":{"xOffset":0,"yOffset":35,"xAdvance":18,"rect":{"x":82,"y":27,"width":17,"height":20}}},"kerningDict":{}}]],0,0,[0],[1],[1]]]]