[1,["ecpdLyjvZBwrvm+cedCcQy","02gb3T0mhHpZ6Pp4fRrKan","badN1P2PtEA4fJd9KadG6a","07XnAWrrhIMoIh3R58LzIH","60bNWHdHxA9aro0zH9x8ZT","eeZZT1RIdCVbUolvk52zMj","a6XpiNUIlFabB7YMMWY4xu","a3vKSXtUxPPrTqkUbCTnkj","6eyQ16OWhPpa5aur4fgF/N","cdy8DFw1BHF7wSFKiHsnwm","2bSVkGln5IqoC7tsKVe9kT"],["node","_spriteFrame","_N$file","root","data","_parent","_file","_N$dragonAsset","_N$dragonAtlasAsset"],[["cc.Node",["_name","_active","_opacity","_prefab","_parent","_children","_components","_trs","_contentSize","_color"],0,4,1,2,9,7,5,5],["cc.Widget",["_alignFlags","_originalWidth","_originalHeight","node"],0,1],["cc.PrefabInfo",["fileId","root"],2,1],["cc.Sprite",["_sizeMode","node","_materials","_spriteFrame"],2,1,3,6],["cc.Label",["_fontSize","_isSystemFontUsed","_N$horizontalAlign","_N$verticalAlign","_string","node","_materials","_N$file"],-2,1,3,6],["dragonBones.DragonBonesAsset",["_name","_dragonBonesJson"],1],["cc.Prefab",["_name"],2],["cc.BlockInputEvents",["node"],3,1],["cc.Button",["zoomScale","_N$transition","node"],1,1],["cc.ParticleSystem",["_custom","playOnLoad","totalParticles","duration","emissionRate","life","lifeVar","angleVar","startSize","startSizeVar","endSize","startSpinVar","endSpin","_positionType","speed","speedVar","tangentialAccel","tangentialAccelVar","radialAccel","node","_materials","_startColor","_startColorVar","_endColor","_endColorVar","gravity","_file","_spriteFrame"],-16,1,3,8,8,8,8,5,6,6],["dragonBones.ArmatureDisplay",["_armatureName","_preCacheMode","playTimes","_armatureKey","node","_materials","_N$dragonAsset","_N$dragonAtlasAsset"],-1,1,3,6,6]],[[2,0,1,2],[0,0,4,6,3,8,7,2],[3,1,2,3,1],[0,0,1,5,6,3,8,7,3],[4,4,0,1,2,3,5,6,7,6],[5,0,1,3],[6,0,2],[0,0,4,5,3,7,2],[0,0,2,4,6,3,9,8,3],[0,0,1,4,5,3,3],[0,0,1,4,5,3,7,3],[0,0,4,5,6,3,8,7,2],[0,0,4,6,3,2],[1,0,3,2],[1,0,1,2,3,4],[2,1,1],[3,0,1,2,2],[7,0,1],[8,0,1,2,3],[9,0,1,2,3,4,5,6,7,8,9,10,11,12,13,14,15,16,17,18,19,20,21,22,23,24,25,26,27,20],[10,0,1,2,3,4,5,6,7,5],[4,0,1,2,3,5,6,7,5]],[[[[5,"bigwin_ske","{\"frameRate\":24,\"isGlobal\":0,\"armature\":[{\"ik\":[],\"bone\":[{\"name\":\"root\",\"transform\":{}},{\"length\":75,\"transform\":{\"y\":-149,\"skX\":87.7094,\"skY\":87.7094,\"x\":-6},\"parent\":\"root\",\"name\":\"bigwin_拷贝\"},{\"length\":76,\"transform\":{\"y\":-284,\"skX\":88.4926,\"skY\":88.4926,\"x\":-9},\"parent\":\"root\",\"name\":\"4e0e5262961cebb77f85fb47d4f817b\"},{\"length\":80,\"transform\":{\"y\":2,\"skX\":90,\"skY\":90,\"x\":-4},\"parent\":\"root\",\"name\":\"组_115\"}],\"aabb\":{\"width\":790,\"y\":-331.99999999999994,\"height\":477,\"x\":-400.5},\"type\":\"Armature\",\"frameRate\":24,\"defaultActions\":[{\"gotoAndPlay\":\"newAnimation\"}],\"animation\":[{\"ik\":[],\"playTimes\":0,\"bone\":[{\"frame\":[{\"transform\":{},\"duration\":21}],\"name\":\"root\"},{\"frame\":[{\"tweenEasing\":0,\"transform\":{\"y\":-313.9883},\"duration\":10},{\"tweenEasing\":0,\"transform\":{\"y\":46.6646},\"duration\":5},{\"tweenEasing\":0,\"transform\":{\"y\":22.3782},\"duration\":6},{\"transform\":{\"y\":22.3782},\"duration\":0}],\"name\":\"bigwin_拷贝\"},{\"frame\":[{\"tweenEasing\":0,\"transform\":{\"scY\":0.2,\"y\":188.6532,\"scX\":0.2},\"duration\":7},{\"tweenEasing\":0,\"transform\":{\"y\":1.3011},\"duration\":5},{\"transform\":{\"y\":1.3011},\"duration\":9}],\"name\":\"4e0e5262961cebb77f85fb47d4f817b\"},{\"frame\":[{\"tweenEasing\":0,\"transform\":{\"y\":-421.1953},\"duration\":9},{\"tweenEasing\":0,\"transform\":{\"y\":50.9147},\"duration\":3},{\"transform\":{\"y\":14.4851},\"duration\":9}],\"name\":\"组_115\"}],\"slot\":[{\"frame\":[{\"tweenEasing\":0,\"color\":{\"aM\":0},\"duration\":7},{\"tweenEasing\":null,\"duration\":14}],\"name\":\"4e0e5262961cebb77f85fb47d4f817b\"},{\"frame\":[{\"tweenEasing\":0,\"color\":{\"aM\":0},\"duration\":9},{\"tweenEasing\":null,\"duration\":12}],\"name\":\"组_115\"}],\"ffd\":[],\"frame\":[],\"name\":\"newAnimation\",\"duration\":21}],\"slot\":[{\"name\":\"4e0e5262961cebb77f85fb47d4f817b\",\"parent\":\"4e0e5262961cebb77f85fb47d4f817b\",\"color\":{}},{\"z\":1,\"name\":\"组_115\",\"parent\":\"组_115\",\"color\":{}},{\"z\":2,\"name\":\"bigwin_拷贝\",\"parent\":\"bigwin_拷贝\",\"color\":{}}],\"name\":\"Armature\",\"skin\":[{\"slot\":[{\"display\":[{\"path\":\"big win/4e0e5262961cebb77f85fb47d4f817b\",\"type\":\"image\",\"name\":\"big win/4e0e5262961cebb77f85fb47d4f817b\",\"transform\":{\"y\":1.0128,\"skX\":-88.4926,\"skY\":-88.4926,\"x\":190.5393}}],\"name\":\"4e0e5262961cebb77f85fb47d4f817b\"},{\"display\":[{\"path\":\"big win/组_115\",\"type\":\"image\",\"name\":\"big win/组_115\",\"transform\":{\"y\":-2.5,\"skX\":-90,\"skY\":-90,\"x\":40.5}}],\"name\":\"组_115\"},{\"display\":[{\"path\":\"big win/bigwin_拷贝\",\"type\":\"image\",\"name\":\"big win/bigwin_拷贝\",\"transform\":{\"y\":1.9584,\"skX\":-87.7094,\"skY\":-87.7094,\"x\":61.4708}}],\"name\":\"bigwin_拷贝\"}],\"name\":\"\"}]}],\"name\":\"bigwin\",\"version\":\"5.0\"}"]],0,0,[],[],[]],[[[6,"bigWinNode"],[3,"bigWinNode",false,[-3,-4],[[13,45,-2]],[15,-1],[5,1520,720],[760,360,0,0,0,0,1,1,1,1]],[7,"node",1,[-5,-6,-7,-8],[0,"fcWemAL/FJPZ0+WjpYvxX/",1],[0,-32,0,0,0,0,1,1,1,1]],[8,"bg",160,1,[[16,0,-9,[0]],[14,45,100,100,-10],[17,-11]],[0,"b97DKNeNZDYKzSN3v5KGrU",1],[4,4278190080],[5,1520,720]],[3,"WinCloseBtn",false,[-14],[[2,-12,[9],10],[18,1.1,3,-13]],[0,"e9O8Eq0Q5PXYi2euoYEL75",1],[5,226,74],[0,-139,0,0,0,0,1,1,1,0]],[9,"winConten",false,2,[4,-15],[0,"c71FSc8DRNi5WWfZcc+kOX",1]],[10,"luckyBall",false,2,[-16,-17],[0,"cahORRciFH+b/uUS5TMuTB",1],[0,-139,0,0,0,0,1,1,1,1]],[11,"luckbtn",6,[-19],[[2,-18,[15],16]],[0,"b2sWsLwMZM06ioxcv6E++i",1],[5,245,88],[150,0,0,0,0,0,1,1,1,1]],[12,"particle",2,[[19,true,false,55,25,22,2,0.25,60,56,30,-1,720,360,1,540,20,12,12,6,-20,[1],[4,4294967295],[4,0],[4,4294967295],[4,0],[0,2,-550],2,3]],[0,"74IhZ78aNMKbH1OuZb5lHt",1]],[1,"win",2,[[20,"Armature",0,1,"075e7016-aeb8-4832-8221-dd1e7c2f3207#606cd587-747c-40f5-aae8-d331fdc7c653",-21,[4],5,6]],[0,"e8S8cTUUJMMI+sZ16MSUdy",1],[5,790,477],[0,37.265,0,0,0,0,1,1,1,1]],[1,"WinTimeLabel",4,[[4,"10",28,false,1,1,-22,[7],8]],[0,"34Dwllg0dOYqYpaNCn95VP",1],[5,33.25,40],[57.197,25.608,0,0,0,0,1,1,1,1]],[1,"WinLabel",5,[[21,28,false,1,1,-23,[11],12]],[0,"65HyhxvEpLDa9T3lZbJRlA",1],[5,118.13,40],[0,-26.106,0,0,0,0,1,1,1,1]],[1,"timeLab",7,[[4,"1",25,false,1,1,-24,[13],14]],[0,"abvKVfZqZFPZlnQixmCgn5",1],[5,16.41,40],[79.117,-5,0,0,0,0,1,1,1,1]],[1,"closebtn",6,[[2,-25,[17],18]],[0,"648wmr7a5BAYnaiFBsn1Zj",1],[5,227,86],[-150,0,0,0,0,0,1,1,1,1]]],0,[0,3,1,0,0,1,0,-1,3,0,-2,2,0,-1,8,0,-2,9,0,-3,5,0,-4,6,0,0,3,0,0,3,0,0,3,0,0,4,0,0,4,0,-1,10,0,-2,11,0,-1,7,0,-2,13,0,0,7,0,-1,12,0,0,8,0,0,9,0,0,10,0,0,11,0,0,12,0,0,13,0,4,1,4,5,5,25],[0,0,0,0,0,0,0,0,0,0,0,0,0,0,0,0,0,0,0],[-1,-1,6,1,-1,7,8,-1,2,-1,1,-1,2,-1,2,-1,1,-1,1],[0,0,1,2,0,3,4,0,5,0,6,0,7,0,8,0,9,0,10]]]]