[1,["92MrmfP5xJs66pVfOV2dSG"],["_texture"],[["dragonBones.DragonBonesAtlasAsset",["_name","_atlasJson"],1]],[[0,0,1,3]],[[0,"wild_tex","{\"width\":256,\"SubTexture\":[{\"width\":160,\"y\":1,\"height\":164,\"name\":\"wild/bg\",\"x\":1},{\"width\":121,\"y\":167,\"height\":121,\"name\":\"wild/图层_6\",\"x\":1},{\"width\":166,\"y\":290,\"height\":87,\"name\":\"wild/wzi\",\"x\":1},{\"width\":160,\"y\":379,\"height\":63,\"name\":\"wild/图层_7\",\"x\":1}],\"height\":512,\"name\":\"wild\",\"imagePath\":\"wild_tex.png\"}"]],0,0,[0],[0],[0]]