[1,["91Veh/uWVKnbd89jhmhvDj"],["_texture"],[["dragonBones.DragonBonesAtlasAsset",["_name","_atlasJson"],1]],[[0,0,1,3]],[[0,"Amazon_totalwin_tex","{\"width\":1024,\"imagePath\":\"Amazon_totalwin_tex.png\",\"height\":2048,\"name\":\"Amazon_totalwin\",\"SubTexture\":[{\"width\":554,\"y\":520,\"height\":554,\"name\":\"totalwin/gggg\",\"x\":1},{\"width\":680,\"y\":1076,\"height\":157,\"name\":\"totalwin/图层_7\",\"x\":1},{\"width\":833,\"y\":1,\"height\":517,\"name\":\"totalwin/图层_2\",\"x\":1},{\"width\":710,\"y\":1235,\"height\":118,\"name\":\"totalwin/图层_2_拷贝\",\"x\":1},{\"width\":46,\"y\":520,\"height\":105,\"name\":\"图层8\",\"x\":683}]}"]],0,0,[0],[0],[0]]