[1,["ecpdLyjvZBwrvm+cedCcQy","1f8e0a66d","90VWVDTtJPlaZhChNRkDkA","a2MjXRFdtLlYQ5ouAFv/+R","35TpClXu1AXoi4X8xgTsdy","1beYCbhj1CjZtmj88IIWcA","e1C3+S9KhE7YI6mQbiYd+s","50EeohmtJCPo0PlRql0bXO","820StaDAZGiZnr4PGxHp03","8b1QdrcuhK4rlxuMVo406z","f7mdBEwVBPc6N/If9axRsZ","82olQCdddEhbbsp2OT+ejU","46NOycI9NP7401/pnO+35o","dasozTShxP4q9Am3KPvyld","f5HYZSRBNE/LV+dH+c3ljf"],["node","_textureSetter","_spriteFrame","root","data","_parent","_pageView","indicator","indicator1","spriteFrame"],["cc.SpriteFrame",["cc.Node",["_name","_opacity","_components","_prefab","_contentSize","_trs","_parent","_children","_anchorPoint","_color"],1,9,4,5,7,1,2,5,5],["cc.Sprite",["_sizeMode","_type","node","_materials","_spriteFrame"],1,1,3,6],["cc.Node",["_name","_parent","_components","_prefab","_contentSize","_trs","_children","_anchorPoint"],2,1,2,4,5,7,2,5],["cc.Widget",["_alignFlags","_originalWidth","_originalHeight","node"],0,1],["cc.PrefabInfo",["fileId","root"],2,1],["cc.Prefab",["_name"],2],["c512aoqRxNAuKzHQfqNVpxo",["node","indicator","indicator1"],3,1,6,6],["cc.Layout",["_resize","_N$layoutType","_N$spacingY","node","_layoutSize"],0,1,5],["cc.BlockInputEvents",["node"],3,1],["cc.Button",["zoomScale","_N$transition","node","clickEvents"],1,1,9],["cc.ClickEvent",["_componentId","handler","target"],1,1],["cc.Mask",["_N$alphaThreshold","node","_materials"],2,1,3],["cc.PageViewIndicator",["spacing","node","cellSize"],2,1,5],["cc.PageView",["bounceDuration","node","_N$content","_N$indicator"],2,1,1,1]],[[5,0,1,2],[2,0,2,3,4,2],[1,0,6,2,3,4,5,2],[1,0,6,7,2,3,4,5,2],[1,0,6,2,3,4,2],[6,0,2],[1,0,7,2,3,4,5,2],[1,0,7,2,3,4,8,5,2],[1,0,1,6,2,3,9,4,3],[1,0,6,7,2,3,4,8,5,2],[3,0,1,6,2,3,4,7,5,2],[3,0,1,2,3,4,5,2],[4,0,3,2],[4,0,1,2,3,4],[7,0,1,2,1],[5,1,1],[8,0,1,2,3,4,4],[2,1,0,2,3,4,3],[2,2,3,4,1],[2,1,0,2,3,3],[9,0,1],[10,0,1,2,3,3],[11,0,1,2,3],[12,0,1,2,2],[13,0,1,2,2],[14,0,1,2,3,2]],[[[{"name":"rule_back","rect":[752,895,62,62],"offset":[0,0],"originalSize":[62,62],"capInsets":[0,0,0,0]}],[0],0,[0],[1],[1]],[[{"name":"rule_img_title","rect":[148,3,683,65],"offset":[0,0],"originalSize":[685,65],"capInsets":[0,0,0,0]}],[0],0,[0],[1],[1]],[[[5,"ruleNode"],[6,"ruleNode",[-4,-5],[[12,45,-2],[14,-3,18,19]],[15,-1],[5,1520,720],[760,360,0,0,0,0,1,1,1,1]],[7,"content",[-7,-8,-9,-10],[[16,1,1,15,-6,[5,3420,350]]],[0,"10Rew7MDBGOpsmjPUpnl55",1],[5,3420,350],[0,0,0.5],[0,15.444,0,0,0,0,1,1,1,1]],[3,"content",1,[-12,-13,-14],[[17,1,0,-11,[16],17]],[0,"46apkN1IFD+5Dr+hQ13n92",1],[5,974,576],[0,-6,0,0,0,0,1,1,1,1]],[10,"New PageView",3,[-16,-17,-18],[-15],[0,"4fZr76l/ZFO7D10LtrX2u2",1],[5,890,500],[0,0,0.5],[-444.715,-16.658,0,0,0,0,1,1,1,1]],[8,"bg",96,1,[[1,0,-19,[0],1],[13,45,100,100,-20],[20,-21]],[0,"ab9XmE+39Heq3MMvOZ9i61",1],[4,4278190080],[5,1520,720]],[3,"box_close",3,[-23],[[21,1.1,3,-22,[[22,"c512aoqRxNAuKzHQfqNVpxo","onHide",1]]]],[0,"13nlsnO/pMS4F3ZvlPVwgU",1],[5,83,86],[482.888,276.603,0,0,0,0,1,1,1,0]],[9,"view",4,[2],[[23,0,-24,[15]]],[0,"94GRZABelHAZZ7tV9vNpMS",1],[5,855,500],[0,0,0.5],[22.308,-5,0,0,0,0,1,1,1,1]],[2,"title_paytable",3,[[1,2,-25,[2],3]],[0,"d4ND7ahc5ElZS5YBrEb7Hw",1],[5,685,65],[0,281.191,0,0,0,0,1,1,1,1]],[4,"box_close",6,[[18,-26,[4],5]],[0,"c2kNNRvDxAQIaafB3twsya",1],[5,62,62]],[4,"background",4,[[19,1,0,-27,[6]]],[0,"3dOZH6/ntJ/avr4EpAqP/D",1],[5,400,350]],[2,"page_1",2,[[1,2,-28,[7],8]],[0,"4cgvjDI7BPSJfpPV1pXX4B",1],[5,855,459],[427.5,0,0,0,0,0,1,1,1,1]],[2,"page_2",2,[[1,0,-29,[9],10]],[0,"47GPsWzKRP26/kGbQ4eHXz",1],[5,855,466],[1282.5,0,0,0,0,0,1,1,1,1]],[2,"page_3",2,[[1,0,-30,[11],12]],[0,"abntUwlsVEV4TVhlApu0v0",1],[5,855,472],[2137.5,0,0,0,0,0,1,1,1,1]],[2,"page_4",2,[[1,0,-31,[13],14]],[0,"fe+nAtdKBONooKS6qgvB9i",1],[5,855,468],[2992.5,0,0,0,0,0,1,1,1,1]],[11,"indicator",4,[-32],[0,"e0NSikWYVBzqdeiBge58sl",1],[5,100,27],[446.801,-240.998,0,0,0,0,1,1,1,1]],[24,30,15,[5,102,25]],[25,0.5,4,2,16]],0,[0,3,1,0,0,1,0,0,1,0,-1,5,0,-2,3,0,0,2,0,-1,11,0,-2,12,0,-3,13,0,-4,14,0,0,3,0,-1,8,0,-2,6,0,-3,4,0,-1,17,0,-1,10,0,-2,7,0,-3,15,0,0,5,0,0,5,0,0,5,0,0,6,0,-1,9,0,0,7,0,0,8,0,0,9,0,0,10,0,0,11,0,0,12,0,0,13,0,0,14,0,-1,16,0,4,1,2,5,7,16,6,17,32],[0,0,0,0,0,0,0,0,0,0,0,0,0,0,0,0,0,0,0,0,16],[-1,2,-1,2,-1,2,-1,-1,2,-1,2,-1,2,-1,2,-1,-1,2,7,8,9],[0,3,0,4,0,5,0,0,6,0,7,0,8,0,9,0,0,10,2,2,2]],[[{"name":"2","rect":[0,0,852,466],"offset":[0,0],"originalSize":[852,466],"capInsets":[0,0,0,0]}],[0],0,[0],[1],[11]],[[{"name":"3","rect":[0,0,852,470],"offset":[0,0],"originalSize":[852,470],"capInsets":[0,0,0,0]}],[0],0,[0],[1],[12]],[[{"name":"4","rect":[9,7,900,453],"offset":[0,0.5],"originalSize":[918,468],"capInsets":[0,0,0,0]}],[0],0,[0],[1],[13]],[[{"name":"rule_tiao","rect":[748,205,100,23],"offset":[0,0],"originalSize":[102,25],"rotated":1,"capInsets":[0,0,0,0]}],[0],0,[0],[1],[1]],[[{"name":"1","rect":[0,0,855,459],"offset":[0,0],"originalSize":[855,459],"capInsets":[0,0,0,0]}],[0],0,[0],[1],[14]],[[{"name":"rule_bg_img","rect":[209,74,66,576],"offset":[0,0],"originalSize":[66,576],"rotated":1,"capInsets":[23,0,27,0]}],[0],0,[0],[1],[1]]]]