[1,["21eiouP7RKGqumxK8LSPYJ"],["_texture"],[["dragonBones.DragonBonesAtlasAsset",["_name","_atlasJson"],1]],[[0,0,1,3]],[[0,"Vault_tex","{\"width\":512,\"SubTexture\":[{\"width\":275,\"y\":1,\"height\":190,\"name\":\"Golden Vault/bgbga\",\"x\":1},{\"width\":126,\"y\":170,\"height\":126,\"name\":\"Golden Vault/kkkkk\",\"x\":278},{\"width\":49,\"y\":264,\"height\":120,\"name\":\"Golden Vault/men\",\"x\":406},{\"width\":200,\"y\":1,\"height\":167,\"name\":\"Golden Vault/gggg\",\"x\":278},{\"width\":49,\"y\":359,\"height\":38,\"name\":\"Golden Vault/jb3\",\"x\":457},{\"width\":46,\"y\":316,\"height\":41,\"name\":\"Golden Vault/jb2\",\"x\":457},{\"width\":53,\"y\":264,\"height\":50,\"name\":\"Golden Vault/jb1\",\"x\":457},{\"width\":94,\"y\":170,\"height\":92,\"name\":\"Golden Vault/jinzhu\",\"x\":406},{\"frameX\":0,\"y\":193,\"frameY\":-2,\"frameWidth\":240,\"width\":238,\"frameHeight\":41,\"height\":38,\"name\":\"Golden Vault/Golden_Vault\",\"x\":1}],\"height\":512,\"name\":\"Vault\",\"imagePath\":\"Vault_tex.png\"}"]],0,0,[0],[0],[0]]