[1,["61nKCqs5BECYJ10IB//dbs","3fxrSvijtFn45Y5fYnPwLQ","23+mYxRCNBv7k6OhHTzOkZ","c92OTbSfNKT7Y0D/URJjHG","c1UbrEYhNHF5a+O4E0fDzw","22fczMcHBBQqJQ+bjVqv3q","d5yf9OrF9M2Yea7oVPvqgp","d7DRkcuolIqb0/xgHqA7CH","20VlYBdSBF1r0hSoMzyoHW","b3xTn+QLhGqYZO51ySxVWk","d34rKiwHtDzbWSkWq0BMUn","7auaECfoBGiaSaVkqMZfsZ","c6ZGQz9V1H5JNRXxdm1h1B","80uWcLVjtMgoMf00/pzsjK","e2PqjW9KpN+ptWz4oLfN8e","a6aPhEVctI9riVBuPvlSYP","66CYjzs1dJhbUrBiryrUk2","56oVN+ywdEkovwxXv2p4BW","59uRlR18RGRogopHOhqn2R","0150LyqrVA87g0SSIPvfGf","08Xj0d/dJAa5v4U3kl2D9Q"],["value"],[["cc.AnimationClip",["_name","_duration","speed","wrapMode","curveData"],-1,11]],[[0,0,1,2,3,4,5]],[[0,"rightEffect",0.31666666666666665,0.25,2,[{},"comps",11,[{},"cc.Sprite",11,[{},"spriteFrame",12,[[[{"frame":-0.03333333333333333},"value",6,0],[{"frame":-0.016666666666666666},"value",6,1],[{"frame":0},"value",6,2],[{"frame":0.016666666666666666},"value",6,3],[{"frame":0.03333333333333333},"value",6,4],[{"frame":0.05},"value",6,5],[{"frame":0.06666666666666667},"value",6,6],[{"frame":0.08333333333333333},"value",6,7],[{"frame":0.1},"value",6,8],[{"frame":0.11666666666666667},"value",6,9],[{"frame":0.13333333333333333},"value",6,10],[{"frame":0.15},"value",6,11],[{"frame":0.16666666666666666},"value",6,12],[{"frame":0.18333333333333332},"value",6,13],[{"frame":0.2},"value",6,14],[{"frame":0.21666666666666667},"value",6,15],[{"frame":0.23333333333333334},"value",6,16],[{"frame":0.25},"value",6,17],[{"frame":0.26666666666666666},"value",6,18],[{"frame":0.2833333333333333},"value",6,19],[{"frame":0.3},"value",6,20]],11,11,11,11,11,11,11,11,11,11,11,11,11,11,11,11,11,11,11,11,11]]]]]],0,0,[0,0,0,0,0,0,0,0,0,0,0,0,0,0,0,0,0,0,0,0,0],[0,0,0,0,0,0,0,0,0,0,0,0,0,0,0,0,0,0,0,0,0],[0,1,2,3,4,5,6,7,8,9,10,11,12,13,14,15,16,17,18,19,20]]