[1,["64jJOdWUZBMLGJZ1lwT0s/"],0,[["sp.SkeletonData",["_name","_atlasText","textureNames","_skeletonJson","textures"],-1,3]],[[0,0,1,2,3,4,5]],[[0,"DOWNLOAD","\nDOWNLOAD.png\nsize: 256,256\nformat: RGBA8888\nfilter: Linear,Linear\nrepeat: none\n01\n  rotate: true\n  xy: 157, 137\n  size: 115, 21\n  orig: 115, 21\n  offset: 0, 0\n  index: -1\n02\n  rotate: false\n  xy: 102, 46\n  size: 38, 51\n  orig: 38, 51\n  offset: 0, 0\n  index: -1\n03\n  rotate: false\n  xy: 180, 221\n  size: 32, 31\n  orig: 32, 31\n  offset: 0, 0\n  index: -1\n04\n  rotate: false\n  xy: 2, 2\n  size: 98, 95\n  orig: 98, 95\n  offset: 0, 0\n  index: -1\n05\n  rotate: false\n  xy: 2, 99\n  size: 153, 153\n  orig: 153, 153\n  offset: 0, 0\n  index: -1\n",["DOWNLOAD.png"],{"skeleton":{"hash":"yoiH268cgGPVPVEXeGKljpZHekw","spine":"3.6.53","width":153,"height":153},"bones":[{"name":"root"},{"name":"a","parent":"root"},{"name":"01","parent":"a","x":-1,"y":-44},{"name":"02","parent":"a","x":-35.5,"y":-9},{"name":"04","parent":"a","x":6.5,"y":5},{"name":"05","parent":"a"}],"slots":[{"name":"05","bone":"05","attachment":"05"},{"name":"04","bone":"04","attachment":"04"},{"name":"04a","bone":"04","attachment":"04","blend":"additive"},{"name":"03","bone":"a","attachment":"03"},{"name":"02","bone":"02","attachment":"02"},{"name":"01","bone":"01","attachment":"01"},{"name":"3","bone":"root","attachment":"03"},{"name":"4","bone":"root","attachment":"03"}],"skins":{"default":{"3":{"03":{"x":51.79,"y":-26.52,"width":32,"height":31}},"4":{"03":{"x":47.52,"y":45.93,"width":32,"height":31}},"01":{"01":{"width":115,"height":21}},"02":{"02":{"width":38,"height":51}},"03":{"03":{"x":-49.88,"y":35.95,"width":32,"height":31}},"04":{"04":{"width":98,"height":95}},"04a":{"04":{"width":98,"height":95}},"05":{"05":{"width":153,"height":153}}}},"animations":{"animation":{"slots":{"3":{"color":[{"time":0,"color":"ffffff00","curve":"stepped"},{"time":0.3667,"color":"ffffff00"},{"time":0.5333,"color":"ffffffff"},{"time":1.2,"color":"ffffff00"}]},"4":{"color":[{"time":0,"color":"ffffff00","curve":"stepped"},{"time":0.2,"color":"ffffff00"},{"time":0.3667,"color":"ffffffff"},{"time":1.0333,"color":"ffffff00"}]},"03":{"color":[{"time":0,"color":"ffffff00"},{"time":0.1667,"color":"ffffffff"},{"time":0.8333,"color":"ffffff00"}]},"04a":{"color":[{"time":0,"color":"ffffff00"},{"time":0.6667,"color":"ffffff99"},{"time":1.3333,"color":"ffffff00"}]}},"bones":{"05":{"rotate":[{"time":0,"angle":0},{"time":1.3333,"angle":180}],"scale":[{"time":0,"x":0.9,"y":0.9},{"time":0.6667,"x":1,"y":1},{"time":1.3333,"x":0.9,"y":0.9}]},"02":{"rotate":[{"time":1.3333,"angle":-0.08}],"translate":[{"time":0,"x":0,"y":0},{"time":0.3333,"x":0,"y":6.3},{"time":0.6667,"x":0,"y":0},{"time":1,"x":0,"y":6.3},{"time":1.3333,"x":0,"y":0}]},"01":{"scale":[{"time":0,"x":1,"y":1},{"time":0.3333,"x":1.05,"y":1.05},{"time":0.6667,"x":1,"y":1},{"time":1,"x":1.05,"y":1.05},{"time":1.3333,"x":1,"y":1}]},"04":{"scale":[{"time":0,"x":1,"y":1},{"time":0.6667,"x":0.98,"y":0.98},{"time":1.3333,"x":1,"y":1}]}}}}},[0]]],0,0,[0],[-1],[0]]