[1,["8ap+RYxuBIuYfvmiYP2jdT","6crZYaSaxKvrNB97IKw+Gd","5fOa7NN+VEfbd9ehXZKYZ0","1eSba9UyxOCrviaf95Dtb7","9cre9w0QhCiqwQedDAi2Xs","e8So1lioNMroxe+NAK0TZS","5dj7cwXwBMCbFB6RhQ7G0t","8dGNodLLpDk7y45CP8sQ9Q","5565YQEcNOULyFuWy81ndO","064DCmTGZFKZwSBN1FpKPB","cbtO1M9LNOJriWKxRIq8k6","caoCEE+EFCCpsyu2ZG2L1u","95+uJ4l4hB2arEurD/FmQz","17UB/xipNE8qcOKehwTOLb","3dt2s7x5RLHoh0OwObDg6n","97hXpEKAVDIIji6WDVBot5","fadkybvHtFI5/pkuIkJLsg","8bvGQPJidL3KW6d44JTqcn","44UZiV/Q1NcKJT/3pmr+09","5baxhrF0pCOKyDyieD+xux","dfTHefd2RAaYlLxNftOkbE","912txkAetANY8IlCmj3oDx","f7R9MelnRNIqprjM2mzdVU","66cAbtIWpKda2ZeXG6N+ki","6cBxt5011ASK6lHMcJmcb+","3b0kJVCGVIe7B2pHghrCnB","9408xu079PybIkXLHRAhmi","40lN99AcpNWoqzkC5Pfmue","f7VFy6ikpOkamcHYURzKF6","19SQ6CuAhBC5C0RSIR2S8R"],["value"],[["cc.AnimationClip",["_name","_duration","sample","wrapMode","curveData"],-1,11]],[[0,0,1,2,3,4,5]],[[0,"selfTagAnimate",1.2,25,2,[{},"comps",11,[{},"cc.Sprite",11,[{},"spriteFrame",12,[[[{"frame":0},"value",6,0],[{"frame":0.04},"value",6,1],[{"frame":0.08},"value",6,2],[{"frame":0.12},"value",6,3],[{"frame":0.16},"value",6,4],[{"frame":0.2},"value",6,5],[{"frame":0.24},"value",6,6],[{"frame":0.28},"value",6,7],[{"frame":0.32},"value",6,8],[{"frame":0.36},"value",6,9],[{"frame":0.4},"value",6,10],[{"frame":0.44},"value",6,11],[{"frame":0.48},"value",6,12],[{"frame":0.52},"value",6,13],[{"frame":0.56},"value",6,14],[{"frame":0.6},"value",6,15],[{"frame":0.64},"value",6,16],[{"frame":0.68},"value",6,17],[{"frame":0.72},"value",6,18],[{"frame":0.76},"value",6,19],[{"frame":0.8},"value",6,20],[{"frame":0.84},"value",6,21],[{"frame":0.88},"value",6,22],[{"frame":0.92},"value",6,23],[{"frame":0.96},"value",6,24],[{"frame":1},"value",6,25],[{"frame":1.04},"value",6,26],[{"frame":1.08},"value",6,27],[{"frame":1.12},"value",6,28],[{"frame":1.16},"value",6,29]],11,11,11,11,11,11,11,11,11,11,11,11,11,11,11,11,11,11,11,11,11,11,11,11,11,11,11,11,11,11]]]]]],0,0,[0,0,0,0,0,0,0,0,0,0,0,0,0,0,0,0,0,0,0,0,0,0,0,0,0,0,0,0,0,0],[0,0,0,0,0,0,0,0,0,0,0,0,0,0,0,0,0,0,0,0,0,0,0,0,0,0,0,0,0,0],[0,1,2,3,4,5,6,7,8,9,10,11,12,13,14,15,16,17,18,19,20,21,22,23,24,25,26,27,28,29]]