[1,["485MhwOlNMQKHpT12M9XFO"],["_texture"],[["dragonBones.DragonBonesAtlasAsset",["_name","_atlasJson"],1]],[[0,0,1,3]],[[0,"megawin-jk_tex","{\"width\":1024,\"imagePath\":\"megawin-jk_tex.png\",\"height\":1024,\"name\":\"megawin-jk\",\"SubTexture\":[{\"width\":419,\"y\":1,\"height\":419,\"name\":\"BIGWIN_jk/zhuang\",\"x\":1},{\"width\":332,\"y\":422,\"height\":332,\"name\":\"BIGWIN_jk/zpan\",\"x\":1},{\"width\":413,\"y\":885,\"height\":106,\"name\":\"BIGWIN_jk/dz\",\"x\":1},{\"frameHeight\":130,\"y\":756,\"frameX\":0,\"width\":735,\"frameY\":-2,\"height\":127,\"name\":\"BIGWIN_jk/MEGA-WIN\",\"frameWidth\":736,\"x\":1}]}"]],0,0,[0],[0],[0]]