[1,["01IvL5bvpIFrOvfq7aguA2","16Xyg8Bb1L/bgQb6PcFA2X"],["_textureSetter","spriteFrame"],["cc.SpriteFrame",["cc.BitmapFont",["_name","fontSize","_fntConfig"],0]],[[1,0,1,2,4]],[[[{"name":"win","rect":[0,0,234,253],"offset":[-11,1.5],"originalSize":[256,256],"capInsets":[0,0,0,0]}],[0],0,[0],[0],[0]],[[[0,"win",32,{"commonHeight":45,"fontSize":32,"atlasName":"C:\\Users\\40315\\Desktop\\ziti\\新建文件夹\\新建文件夹\\win.png","fontDefDictionary":{"9":{"xOffset":0,"yOffset":0,"xAdvance":104,"rect":{"x":0,"y":0,"width":0,"height":0}},"32":{"xOffset":0,"yOffset":0,"xAdvance":13,"rect":{"x":0,"y":0,"width":0,"height":0}},"43":{"xOffset":0,"yOffset":-10,"xAdvance":45,"rect":{"x":0,"y":206,"width":44,"height":46}},"44":{"xOffset":0,"yOffset":16,"xAdvance":21,"rect":{"x":90,"y":210,"width":20,"height":43}},"45":{"xOffset":0,"yOffset":0,"xAdvance":24,"rect":{"x":45,"y":210,"width":23,"height":24}},"46":{"xOffset":0,"yOffset":16,"xAdvance":21,"rect":{"x":69,"y":210,"width":20,"height":29}},"48":{"xOffset":0,"yOffset":-23,"xAdvance":46,"rect":{"x":99,"y":136,"width":45,"height":69}},"49":{"xOffset":0,"yOffset":-22,"xAdvance":31,"rect":{"x":64,"y":0,"width":30,"height":67}},"50":{"xOffset":0,"yOffset":-23,"xAdvance":45,"rect":{"x":145,"y":140,"width":44,"height":68}},"51":{"xOffset":0,"yOffset":-23,"xAdvance":45,"rect":{"x":190,"y":140,"width":44,"height":69}},"52":{"xOffset":0,"yOffset":-22,"xAdvance":48,"rect":{"x":53,"y":68,"width":47,"height":67}},"53":{"xOffset":0,"yOffset":-22,"xAdvance":44,"rect":{"x":191,"y":70,"width":43,"height":68}},"54":{"xOffset":0,"yOffset":-23,"xAdvance":46,"rect":{"x":145,"y":70,"width":45,"height":69}},"55":{"xOffset":0,"yOffset":-22,"xAdvance":43,"rect":{"x":192,"y":0,"width":42,"height":67}},"56":{"xOffset":0,"yOffset":-23,"xAdvance":46,"rect":{"x":101,"y":0,"width":45,"height":69}},"57":{"xOffset":0,"yOffset":-23,"xAdvance":45,"rect":{"x":147,"y":0,"width":44,"height":69}},"66":{"xOffset":0,"yOffset":-22,"xAdvance":49,"rect":{"x":50,"y":136,"width":48,"height":67}},"75":{"xOffset":0,"yOffset":-22,"xAdvance":53,"rect":{"x":0,"y":68,"width":52,"height":67}},"77":{"xOffset":0,"yOffset":-22,"xAdvance":64,"rect":{"x":0,"y":0,"width":63,"height":67}},"84":{"xOffset":0,"yOffset":-22,"xAdvance":50,"rect":{"x":0,"y":136,"width":49,"height":67}}},"kerningDict":{}}]],0,0,[0],[1],[1]]]]