[1,["c2iHr6qT1L8YMAmOU66gB/","7b3Gd5cHhE4LZS39B3hYd/","06Cn/kd21M5bzdcgG9QXmY","39zwnPad1Eg6ujIqQ6Cq01","b9uaY/IAZIG5qw+5ugH6v4","2cX6y9TDFMAbo2ZI28VPN+","8aSl2geEBOHaO8SA1LnQyf","d8bFyEXaJEv5oBiTY1cwjJ","5bNULyAPdNEabRs7lxMYG0","64xUp/tEVAs4kAYuFCbVs+","99O+u3v2ZMO7E+ZjWoXoWU","f4Tu6EG3lMe725LwaeYcGy","4ex/dSUBVLj6Qc4BZvdX+W","c6SMK08yhKNYc/iREeyKSn","1e0/9OUnpDGYIQq2ESsQoP","1ahOWVC/VNZ5wxB3jIBO7N","bdzL64ZAlH1YHYZf1QPrJl","6bSlde3B9LK7dQgloMxjgw","1bwNezlpxG7LR651hGeOei","09o4lqeztBdqmGZgq4pVfE","a06Rva9Q5NQ6TxgzlIY4iB","b686zdW4VNk5aTUjN3wlqw","d5z9EcH7RJvbOEkfVwK8Jq","6b5xahHoBLI63ObFjuczlh","c44xlusfJCALvNOItNpBGE","03CmkkI2BMkb7vUyjP+XSR","3bRRcZ34tH3oQWT4fTX6QI","5dd36D0jBGk6vxK4yJ9ao6","5cCUm54R9DBLkINdey6roV","01K8yyOy9PBKUjHeVnBQGO","66j4kRI85BUoSUqakNI8sj","9co9SCDQlLrYIYiNHiLikX","2b4wtlmKpEt4N6bxwJaZ3t","89C6FD69JFfLSe4jgNg3m2","83pjzYWAJBgpJqd/haOo4J","66JpoRDvJIDa4jbRvXEcvR","88wqncDjxMZbyGPz93zHcW","96/PxsosdJw6U5G6ngPZ57","ffADjQABBGk6VcL2+i1ZSW","ddTaIJsv5Gc5Sn+dHkoviY","9112T37sNMB66XgAlJFhwl","0ccUwiZORNJL0RgcmYECx3","81Xli6M9lNH5I6p/qKbCnr","b5sgXIdalHR4UQ9z98xtCX","e4XVKw10ZENr9hMcD8kLH2","c1/fM5XFFEJaajpuaJmEXo"],["value"],[["cc.AnimationClip",["_name","_duration","speed","wrapMode","curveData"],-1,11]],[[0,0,1,2,3,4,5]],[[0,"jindu",0.7666666666666667,0.2,2,[{},"comps",11,[{},"cc.Sprite",11,[{},"spriteFrame",12,[[[{"frame":0},"value",6,0],[{"frame":0.016666666666666666},"value",6,1],[{"frame":0.03333333333333333},"value",6,2],[{"frame":0.05},"value",6,3],[{"frame":0.06666666666666667},"value",6,4],[{"frame":0.08333333333333333},"value",6,5],[{"frame":0.1},"value",6,6],[{"frame":0.11666666666666667},"value",6,7],[{"frame":0.13333333333333333},"value",6,8],[{"frame":0.15},"value",6,9],[{"frame":0.16666666666666666},"value",6,10],[{"frame":0.18333333333333332},"value",6,11],[{"frame":0.2},"value",6,12],[{"frame":0.21666666666666667},"value",6,13],[{"frame":0.23333333333333334},"value",6,14],[{"frame":0.25},"value",6,15],[{"frame":0.26666666666666666},"value",6,16],[{"frame":0.2833333333333333},"value",6,17],[{"frame":0.3},"value",6,18],[{"frame":0.31666666666666665},"value",6,19],[{"frame":0.3333333333333333},"value",6,20],[{"frame":0.35},"value",6,21],[{"frame":0.36666666666666664},"value",6,22],[{"frame":0.38333333333333336},"value",6,23],[{"frame":0.4},"value",6,24],[{"frame":0.4166666666666667},"value",6,25],[{"frame":0.43333333333333335},"value",6,26],[{"frame":0.45},"value",6,27],[{"frame":0.4666666666666667},"value",6,28],[{"frame":0.48333333333333334},"value",6,29],[{"frame":0.5},"value",6,30],[{"frame":0.5166666666666667},"value",6,31],[{"frame":0.5333333333333333},"value",6,32],[{"frame":0.55},"value",6,33],[{"frame":0.5666666666666667},"value",6,34],[{"frame":0.5833333333333334},"value",6,35],[{"frame":0.6},"value",6,36],[{"frame":0.6166666666666667},"value",6,37],[{"frame":0.6333333333333333},"value",6,38],[{"frame":0.65},"value",6,39],[{"frame":0.6666666666666666},"value",6,40],[{"frame":0.6833333333333333},"value",6,41],[{"frame":0.7},"value",6,42],[{"frame":0.7166666666666667},"value",6,43],[{"frame":0.7333333333333333},"value",6,44],[{"frame":0.75},"value",6,45]],11,11,11,11,11,11,11,11,11,11,11,11,11,11,11,11,11,11,11,11,11,11,11,11,11,11,11,11,11,11,11,11,11,11,11,11,11,11,11,11,11,11,11,11,11,11]]]]]],0,0,[0,0,0,0,0,0,0,0,0,0,0,0,0,0,0,0,0,0,0,0,0,0,0,0,0,0,0,0,0,0,0,0,0,0,0,0,0,0,0,0,0,0,0,0,0,0],[0,0,0,0,0,0,0,0,0,0,0,0,0,0,0,0,0,0,0,0,0,0,0,0,0,0,0,0,0,0,0,0,0,0,0,0,0,0,0,0,0,0,0,0,0,0],[0,1,2,3,4,5,6,7,8,9,10,11,12,13,14,15,16,17,18,19,20,21,22,23,24,25,26,27,28,29,30,31,32,33,34,35,36,37,38,39,40,41,42,43,44,45]]