[1,["02UkcqD5ZEQ55VcyRbzXTp"],["_texture"],[["dragonBones.DragonBonesAtlasAsset",["_name","_atlasJson"],1]],[[0,0,1,3]],[[0,"Amazon_wild_tex","{\"width\":512,\"imagePath\":\"Amazon_wild_tex.png\",\"height\":512,\"name\":\"Amazon_wild\",\"SubTexture\":[{\"width\":170,\"y\":179,\"height\":130,\"name\":\"wild/图层_1\",\"x\":1},{\"width\":151,\"y\":1,\"height\":176,\"name\":\"wild/图层16拷贝\",\"x\":1},{\"width\":62,\"y\":1,\"height\":121,\"name\":\"wild/图层_3\",\"x\":448},{\"width\":53,\"y\":182,\"height\":120,\"name\":\"wild/图层_2\",\"x\":448},{\"width\":170,\"y\":1,\"height\":130,\"name\":\"wild/a76d102a724b3ac3d4c6f38954eda3d\",\"x\":154},{\"width\":156,\"y\":131,\"height\":49,\"name\":\"wild/图层23\",\"x\":326},{\"width\":120,\"y\":1,\"height\":128,\"name\":\"wild/图层10\",\"x\":326}]}"]],0,0,[0],[0],[0]]