[1,["d4UsmfPKlBNJp6Clg4Xr95","46fqZL64VCrLFtyJA5L1aQ","fdRcH+8pNOXKRe8eiWQ/zL","e8OqL8Gn1GtJp/IKXMk7jo","35g/sBN/JIm5v84wVS77kb","61Fv0nIkZApIFOLUCHNC4K","2b+d2X4oRKxLDpk0/BAtjj","604KFKpo5BdZiUhRa+Dy+y","24rpj7MVtPo7EvuZkCYM/S","53G82zGJVKR6ZUrcF4I6FF","efDMZ6KzdGhbZtaMKJZNiL","9aIxKUp2xPs5jEnjhWmF9I","60F5ngXfxA+KNeHETP/nvO","b5FIajalRMiJeUlamfSE1E","93hSEjARtKfZxk1aFqOVpl","7c9bTlx6xJRJ9RepSKkLgz","208+YXMrRFoKzF8SZLOd07"],["value"],[["cc.AnimationClip",["_name","_duration","sample","wrapMode","curveData"],-1,11]],[[0,0,1,2,3,4,5]],[[0,"row_right",0.85,20,2,[{},"comps",11,[{},"cc.Sprite",11,[{},"spriteFrame",12,[[[{"frame":0},"value",6,0],[{"frame":0.05},"value",6,1],[{"frame":0.1},"value",6,2],[{"frame":0.15},"value",6,3],[{"frame":0.2},"value",6,4],[{"frame":0.25},"value",6,5],[{"frame":0.3},"value",6,6],[{"frame":0.35},"value",6,7],[{"frame":0.4},"value",6,8],[{"frame":0.45},"value",6,9],[{"frame":0.5},"value",6,10],[{"frame":0.55},"value",6,11],[{"frame":0.6},"value",6,12],[{"frame":0.65},"value",6,13],[{"frame":0.7},"value",6,14],[{"frame":0.75},"value",6,15],[{"frame":0.8},"value",6,16]],11,11,11,11,11,11,11,11,11,11,11,11,11,11,11,11,11]]]]]],0,0,[0,0,0,0,0,0,0,0,0,0,0,0,0,0,0,0,0],[0,0,0,0,0,0,0,0,0,0,0,0,0,0,0,0,0],[0,1,2,3,4,5,6,7,8,9,10,11,12,13,14,15,16]]