[1,["93LZB6cdhLgYfQ9+yHJmP/"],0,[["sp.SkeletonData",["_name","_atlasText","textureNames","_skeletonJson","textures"],-1,3]],[[0,0,1,2,3,4,5]],[[0,"skeleton","\nskeleton.png\nsize: 256,64\nformat: RGBA8888\nfilter: Linear,Linear\nrepeat: none\n01\n  rotate: false\n  xy: 62, 16\n  size: 44, 44\n  orig: 44, 44\n  offset: 0, 0\n  index: -1\n01a\n  rotate: false\n  xy: 108, 16\n  size: 44, 44\n  orig: 44, 44\n  offset: 0, 0\n  index: -1\n02\n  rotate: false\n  xy: 2, 2\n  size: 58, 58\n  orig: 58, 58\n  offset: 0, 0\n  index: -1\n",["skeleton.png"],{"skeleton":{"hash":"q7wo6N83w5QKGWRVAuLqb/T8/FI","spine":"3.6.53","width":58,"height":58},"bones":[{"name":"root"},{"name":"01","parent":"root"},{"name":"02","parent":"root"},{"name":"02a","parent":"root"}],"slots":[{"name":"01","bone":"01","attachment":"01"},{"name":"1","bone":"01","attachment":"01a"},{"name":"02","bone":"02","attachment":"02"},{"name":"02a","bone":"02a","attachment":"02"}],"skins":{"default":{"1":{"01a":{"width":44,"height":44}},"01":{"01":{"width":44,"height":44}},"02":{"02":{"width":58,"height":58}},"02a":{"02":{"width":58,"height":58}}}},"animations":{"animation":{"slots":{"1":{"color":[{"time":0,"color":"ffffff00"},{"time":0.1667,"color":"ffffffff"},{"time":0.3333,"color":"ffffff00"},{"time":0.5,"color":"ffffffff"},{"time":0.6667,"color":"ffffff00"}]},"02":{"color":[{"time":0,"color":"ffffff00"},{"time":0.1667,"color":"ffffffff"},{"time":0.5,"color":"ffffff00"}]},"02a":{"color":[{"time":0,"color":"ffffff00","curve":"stepped"},{"time":0.1667,"color":"ffffff00"},{"time":0.3333,"color":"ffffffff"},{"time":0.6667,"color":"ffffff00"}]}},"bones":{"01":{"rotate":[{"time":0,"angle":0,"curve":"stepped"},{"time":0.1667,"angle":0,"curve":"stepped"},{"time":0.3333,"angle":0,"curve":"stepped"},{"time":0.5,"angle":0,"curve":"stepped"},{"time":0.6667,"angle":0}],"translate":[{"time":0,"x":0,"y":0,"curve":"stepped"},{"time":0.1667,"x":0,"y":0,"curve":"stepped"},{"time":0.3333,"x":0,"y":0,"curve":"stepped"},{"time":0.5,"x":0,"y":0,"curve":"stepped"},{"time":0.6667,"x":0,"y":0}],"scale":[{"time":0,"x":1,"y":1},{"time":0.1667,"x":1.2,"y":1.2},{"time":0.3333,"x":1,"y":1},{"time":0.5,"x":1.2,"y":1.2},{"time":0.6667,"x":1,"y":1}],"shear":[{"time":0,"x":0,"y":0,"curve":"stepped"},{"time":0.1667,"x":0,"y":0,"curve":"stepped"},{"time":0.3333,"x":0,"y":0,"curve":"stepped"},{"time":0.5,"x":0,"y":0,"curve":"stepped"},{"time":0.6667,"x":0,"y":0}]},"02":{"scale":[{"time":0,"x":0.8,"y":0.8},{"time":0.5,"x":1.5,"y":1.5}]},"02a":{"scale":[{"time":0.1667,"x":0.8,"y":0.8},{"time":0.6667,"x":1.5,"y":1.5}]}}}}},[0]]],0,0,[0],[-1],[0]]