[1,["07MJqw6DJPqrF7rAD+Qxrz"],0,[["sp.SkeletonData",["_name","_atlasText","textureNames","_skeletonJson","textures"],-1,3]],[[0,0,1,2,3,4,5]],[[0,"bonusvalue","\nbonusvalue.png\nsize: 256,128\nformat: RGBA8888\nfilter: Linear,Linear\nrepeat: none\n01\n  rotate: true\n  xy: 237, 20\n  size: 106, 17\n  orig: 106, 17\n  offset: 0, 0\n  index: -1\n02\n  rotate: false\n  xy: 142, 42\n  size: 65, 38\n  orig: 65, 38\n  offset: 0, 0\n  index: -1\n02a\n  rotate: false\n  xy: 97, 2\n  size: 65, 38\n  orig: 65, 38\n  offset: 0, 0\n  index: -1\n03\n  rotate: false\n  xy: 2, 6\n  size: 93, 44\n  orig: 93, 44\n  offset: 0, 0\n  index: -1\n03a\n  rotate: false\n  xy: 142, 82\n  size: 93, 44\n  orig: 93, 44\n  offset: 0, 0\n  index: -1\n04\n  rotate: false\n  xy: 2, 52\n  size: 68, 74\n  orig: 68, 74\n  offset: 0, 0\n  index: -1\n04a\n  rotate: false\n  xy: 72, 52\n  size: 68, 74\n  orig: 68, 74\n  offset: 0, 0\n  index: -1\n",["bonusvalue.png"],{"skeleton":{"hash":"7/er8dZnUIQdlRzLsUxL0H6Aixk","spine":"3.6.53","width":108,"height":81},"bones":[{"name":"root"},{"name":"04","parent":"root","x":10,"y":-18.5},{"name":"02","parent":"04","length":46.22,"rotation":-163.09,"x":-10.37,"y":32.84},{"name":"aa","parent":"root","x":2}],"slots":[{"name":"04","bone":"04","attachment":"04"},{"name":"4","bone":"04","attachment":"04a"},{"name":"03","bone":"aa","attachment":"03"},{"name":"3","bone":"aa","attachment":"03a"},{"name":"02","bone":"02","attachment":"02"},{"name":"2","bone":"02","attachment":"02a"},{"name":"01","bone":"aa","attachment":"01"}],"skins":{"default":{"2":{"02a":{"x":21.25,"y":0.69,"rotation":163.09,"width":65,"height":38}},"3":{"03a":{"x":2.5,"y":-17.5,"width":93,"height":44}},"4":{"04a":{"x":2,"y":23,"width":68,"height":74}},"01":{"01":{"y":-28,"width":106,"height":17}},"02":{"02":{"x":21.25,"y":0.69,"rotation":163.09,"width":65,"height":38}},"03":{"03":{"x":2.5,"y":-17.5,"width":93,"height":44}},"04":{"04":{"x":2,"y":23,"width":68,"height":74}}}},"animations":{"animation":{"slots":{"2":{"color":[{"time":0,"color":"ffffff00"},{"time":1,"color":"ffffffff"},{"time":2,"color":"ffffff00"}]},"3":{"color":[{"time":0,"color":"ffffff00"},{"time":1,"color":"ffffffff"},{"time":2,"color":"ffffff00"}]},"4":{"color":[{"time":0,"color":"ffffff00"},{"time":1,"color":"ffffffff"},{"time":2,"color":"ffffff00"}]}},"bones":{"04":{"scale":[{"time":0,"x":1,"y":1},{"time":0.5,"x":1.015,"y":1.015},{"time":1,"x":1,"y":1},{"time":1.5,"x":1.015,"y":1.015},{"time":2,"x":1,"y":1}]},"02":{"rotate":[{"time":0,"angle":0},{"time":0.5,"angle":-8.58},{"time":1,"angle":0},{"time":1.5,"angle":-8.58},{"time":2,"angle":0}]}}}}},[0]]],0,0,[0],[-1],[0]]