[1,["35A5VwF0FBLpaKmGET9LQm","91AsWuf69L/YseZdXTlk6o"],["spriteFrame","_textureSetter"],["cc.SpriteFrame",["cc.BitmapFont",["_name","fontSize","_fntConfig"],0]],[[1,0,1,2,4]],[[[[0,"greenfont",32,{"commonHeight":62,"fontSize":32,"atlasName":"C:\\Users\\Administrator\\Desktop\\greenfont.png","fontDefDictionary":{"9":{"xOffset":0,"yOffset":0,"xAdvance":0,"rect":{"x":0,"y":0,"width":0,"height":0}},"32":{"xOffset":0,"yOffset":0,"xAdvance":22,"rect":{"x":0,"y":0,"width":0,"height":0}},"48":{"xOffset":0,"yOffset":31,"xAdvance":17,"rect":{"x":58,"y":0,"width":23,"height":32}},"49":{"xOffset":0,"yOffset":31,"xAdvance":11,"rect":{"x":86,"y":38,"width":17,"height":31}},"50":{"xOffset":0,"yOffset":31,"xAdvance":17,"rect":{"x":29,"y":37,"width":23,"height":31}},"51":{"xOffset":0,"yOffset":31,"xAdvance":17,"rect":{"x":29,"y":74,"width":23,"height":32}},"52":{"xOffset":0,"yOffset":31,"xAdvance":18,"rect":{"x":0,"y":0,"width":24,"height":31}},"53":{"xOffset":0,"yOffset":31,"xAdvance":16,"rect":{"x":58,"y":75,"width":22,"height":32}},"54":{"xOffset":0,"yOffset":31,"xAdvance":17,"rect":{"x":0,"y":75,"width":23,"height":32}},"55":{"xOffset":0,"yOffset":31,"xAdvance":16,"rect":{"x":30,"y":0,"width":22,"height":31}},"56":{"xOffset":0,"yOffset":31,"xAdvance":17,"rect":{"x":0,"y":37,"width":23,"height":32}},"57":{"xOffset":0,"yOffset":31,"xAdvance":16,"rect":{"x":58,"y":38,"width":22,"height":31}}},"kerningDict":{}}]],0,0,[0],[0],[0]],[[{"name":"greenfont","rect":[1,0,104,128],"offset":[-11,0],"originalSize":[128,128],"capInsets":[0,0,0,0]}],[0],0,[0],[1],[1]]]]