[1,["81kdaM/utLOZBhW/xYkdJQ","51lukPAlVIlKePTw5hioAa","62vkaEK8NKhYG9oiEAmSW2","70vxKBAl9BZZBRes0YTA1G","d1HJA9llpEsKRnvQTUfg15","9e/aYPYF1E1IZ0XDkvAC6y","748p9XCJJC44BzG3sFs4p/"],["img_zp2_big","img_zp2_small","img_zp2_zhizhen","zp_img1","zp_img2","zp_xz_liang","_textureSetter"],["cc.SpriteFrame",["cc.SpriteAtlas",["_name","_spriteFrames"],2,11]],[[1,0,1,2]],[[[[0,"MiniGame.plist",[{},"img_zp2_big",6,0,"img_zp2_small",6,1,"img_zp2_zhizhen",6,2,"zp_img1",6,3,"zp_img2",6,4,"zp_xz_liang",6,5]]],0,0,[0,0,0,0,0,0],[0,1,2,3,4,5],[0,1,2,3,4,5]],[[{"name":"zp_xz_liang","rect":[718,2,302,214],"offset":[0,0],"originalSize":[302,214],"capInsets":[0,0,0,0]}],[0],0,[0],[6],[6]]]]