[1,["909HUks0dG0ZVHB/DGGK+F"],["_texture"],[["dragonBones.DragonBonesAtlasAsset",["_name","_atlasJson"],1]],[[0,0,1,3]],[[0,"BIGwin-jk_tex","{\"width\":1024,\"imagePath\":\"BIGwin-jk_tex.png\",\"height\":1024,\"name\":\"BIGwin-jk\",\"SubTexture\":[{\"width\":419,\"y\":1,\"height\":419,\"name\":\"BIGWIN_jk/zhuang\",\"x\":1},{\"width\":332,\"y\":422,\"height\":332,\"name\":\"BIGWIN_jk/zpan\",\"x\":1},{\"width\":413,\"y\":882,\"height\":106,\"name\":\"BIGWIN_jk/dz\",\"x\":1},{\"width\":580,\"y\":756,\"height\":124,\"name\":\"BIGWIN_jk/BIG_WIN\",\"x\":1}]}"]],0,0,[0],[0],[0]]