[1,["55UspLE/pAU6UK7GpF66LM"],["_texture"],[["dragonBones.DragonBonesAtlasAsset",["_name","_atlasJson"],1]],[[0,0,1,3]],[[0,"King_tex","{\"width\":256,\"SubTexture\":[{\"width\":160,\"y\":135,\"height\":112,\"name\":\"MAOZI/BGA\",\"x\":1},{\"width\":138,\"y\":1,\"height\":132,\"name\":\"MAOZI/DDDD\",\"x\":1},{\"width\":116,\"y\":249,\"height\":109,\"name\":\"MAOZI/HG\",\"x\":1},{\"width\":111,\"y\":1,\"height\":111,\"name\":\"MAOZI/G\",\"x\":141}],\"imagePath\":\"King_tex.png\",\"name\":\"King\",\"height\":512}"]],0,0,[0],[0],[0]]