[1,["ecpdLyjvZBwrvm+cedCcQy","131e4306b","f0BIwQ8D5Ml7nTNQbh1YlS","a2MjXRFdtLlYQ5ouAFv/+R","14YUMb1IxPwI/Be9vM1DYA","e5JeNdfqtNnKr2Rj0r9EIq","52AcWvjxtE0IX2or9QCtpb","72pDYM6epFDpYTT3LaffqP","4e9hv8XT5IpqQi2CqXdMMH","e97GVMl6JHh5Ml5qEDdSGa","29FYIk+N1GYaeWH/q1NxQO"],["node","_spriteFrame","_textureSetter","_parent","root","_N$content","data","_N$normalSprite","_N$pressedSprite","_N$hoverSprite","_N$disabledSprite"],[["cc.Node",["_name","_opacity","_active","_prefab","_contentSize","_components","_parent","_trs","_children","_color","_anchorPoint"],0,4,5,9,1,7,2,5,5],"cc.SpriteFrame",["cc.Sprite",["_sizeMode","_type","node","_materials","_spriteFrame"],1,1,3,6],["cc.Widget",["_alignFlags","_originalWidth","_originalHeight","alignMode","_left","_right","_top","_bottom","node"],-5,1],["cc.Label",["_string","_N$horizontalAlign","_N$verticalAlign","_fontSize","_N$cacheMode","_styleFlags","node","_materials"],-3,1,3],["cc.PrefabInfo",["fileId","root"],2,1],["cc.Button",["zoomScale","_N$transition","node","clickEvents","_N$normalColor","_N$pressedColor","_N$disabledColor","_N$target","_N$normalSprite","_N$pressedSprite","_N$hoverSprite","_N$disabledSprite"],1,1,9,5,5,5,1,6,6,6,6],["cc.Prefab",["_name"],2],["18e1bcfudJBAI3Jphtc3X6c",["node"],3,1],["cc.ClickEvent",["_componentId","handler","target"],1,1],["4a9ccyG1wZHZoUU1BHvpISv",["horizontal","node","_N$content"],2,1,1],["cc.Mask",["_N$alphaThreshold","node","_materials"],2,1,3]],[[5,0,1,2],[0,0,6,5,3,9,4,7,2],[0,0,6,5,3,4,7,2],[2,0,2,3,4,2],[4,0,3,5,1,2,4,6,7,7],[4,0,3,1,2,4,6,7,6],[0,0,6,8,5,3,4,7,2],[2,1,0,2,3,4,3],[9,0,1,2,3],[7,0,2],[0,0,8,5,3,4,7,2],[0,0,8,3,9,4,10,2],[0,0,1,6,5,3,9,4,3],[0,0,6,8,5,3,4,10,7,2],[0,0,5,3,4,7,2],[0,0,6,8,5,3,4,10,2],[0,0,6,8,3,4,10,2],[0,0,6,5,3,9,4,10,7,2],[0,0,2,6,5,3,9,4,7,3],[3,0,8,2],[3,0,1,2,8,4],[3,3,0,4,5,6,7,1,2,8,9],[8,0,1],[5,1,1],[2,1,0,2,3,3],[2,2,3,4,1],[6,2,3,1],[6,0,1,2,3,4,5,6,7,8,9,10,11,3],[10,0,1,2,2],[11,0,1,2,2],[4,0,1,2,6,7,4]],[[[{"name":"record_candy_img_di","rect":[981,3,40,58],"offset":[0,0],"originalSize":[40,58],"capInsets":[11,19,10,19]}],[1],0,[0],[2],[1]],[[{"name":"record_bg","rect":[3,68,512,512],"offset":[0,0],"originalSize":[512,512],"capInsets":[0,0,0,0]}],[1],0,[0],[2],[1]],[[{"name":"record_candy_img_fengge","rect":[521,68,8,3],"offset":[0,0],"originalSize":[8,3],"rotated":1,"capInsets":[0,0,0,0]}],[1],0,[0],[2],[1]],[[[9,"CandySagaSpinRecord"],[10,"CandySagaSpinRecord",[-4,-5,-6,-7,-8],[[19,45,-2],[22,-3]],[23,-1],[5,1520,720],[760,360,0,0,0,0,1,1,1,1]],[6,"contentNode",1,[-10,-11,-12,-13,-14],[[7,1,0,-9,[9],10]],[0,"c2Jh6vVjxL9bFzZ78kaWM2",1],[5,880,552],[0,-7.162,0,0,0,0,1,1,1,1]],[11,"item",[-15,-16,-17,-18],[0,"43w/8OMABIwKCt1PZKc/eY",1],[4,4278190080],[5,131.33,65.2],[0,0.5,1]],[12,"bg",96,1,[[3,0,-19,[0],1],[20,45,100,100,-20],[26,-21,[[8,"a1c03XzLbhAOZzTAyfBB6Jf","onClickClose",1]]]],[0,"ab9XmE+39Heq3MMvOZ9i61",1],[4,4278190080],[5,1520,720]],[13,"scrollNode",1,[-25],[[24,1,0,-22,[17]],[28,false,-24,-23]],[0,"d75x3a/45MUowmvviG8ShZ",1],[5,810,390],[0,0.5,1],[0,135.877,0,0,0,0,1,1,1,1]],[14,"Background",[[7,1,2,-26,[18],19],[21,0,45,15,15,14.5,14.5,100,40,-27]],[0,"edXUUvQSlB+7t+3U93eDSn",1],[5,70,71],[0,0,0,0,0,0,1,1,1,0]],[15,"view",5,[-29],[[29,0,-28,[16]]],[0,"875z9hHClKp5+s8D3Zw+od",1],[5,810,390],[0,0.5,1]],[16,"content",7,[3],[0,"64FFIwB3FNjp2huvWv6ObW",1],[5,810,390],[0,0.5,1]],[6,"backBtn",1,[6],[[27,0.95,3,-30,[[8,"18e1bcfudJBAI3Jphtc3X6c","onClose",1]],[4,4293322470],[4,4291348680],[4,3363338360],6,20,21,22,23]],[0,"0aJeuALPlM0JnhE/JYhTzW",1],[5,100,100],[417.001,249.173,0,0,0,0,1,1,1,1]],[2,"record_candy_img_di",2,[[3,0,-31,[2],3]],[0,"a6+h0408RNz5x6BoRVlmop",1],[5,780,58],[0,176.329,0,0,0,0,1,1,1,1]],[2,"record_candy_img_jilu",2,[[25,-32,[4],5]],[0,"79hYd1NxNDV49AtycLvfGk",1],[5,422,177],[0,304.717,0,0,0,0,1,1,1,1]],[1,"textData",2,[[4,"Date",30,1,1,1,2,-33,[6]]],[0,"34UqBavp9K0rMU332ss5YK",1],[4,4289755420],[5,63.36,40],[-239.37,177,0,0,0,0,1,1,1,1]],[1,"textId",2,[[4,"Vencedor",30,1,1,1,2,-34,[7]]],[0,"31VFf+KdFMtZ7aRgfOKCe4",1],[4,4289755420],[5,128.4,40],[49.762,177,0,0,0,0,1,1,1,1]],[1,"textJackNum",2,[[4,"Jackpot",30,1,1,1,2,-35,[8]]],[0,"ddEMYfqI9NeLTHQ0SF/lYC",1],[4,4289755420],[5,103.37,40],[323,177,0,0,0,0,1,1,1,1]],[17,"textData",3,[[5,"Label",26,1,1,2,-36,[11]]],[0,"2a8bVaXgJNmpOgw5FVZiK6",1],[4,4279477530],[5,63.62,40],[0,0,0.5],[-369,-29.974,0,0,0,0,1,1,1,1]],[1,"textId",3,[[5,"Label",26,1,1,2,-37,[12]]],[0,"dfC/AlTcBJbJZK8btN9zke",1],[4,4279477530],[5,63.62,40],[50,-29.974,0,0,0,0,1,1,1,1]],[1,"textJackNum",3,[[5,"Label",26,1,1,2,-38,[13]]],[0,"03W3snQ6BOaYyoCUY7a143",1],[4,4279477530],[5,63.62,40],[323,-29.974,0,0,0,0,1,1,1,1]],[2,"record_candy_img_fengge",3,[[3,0,-39,[14],15]],[0,"f2xlVFqTdC07D7PuUswVTa",1],[5,750,3],[0,-63.593,0,0,0,0,1,1,1,1]],[18,"noData",false,1,[[30,"No Data",1,1,-40,[24]]],[0,"b69u30g+dAZYL8aifZ8ClU",1],[4,4289755420],[5,146.74,50.4],[24.49,-31.058,0,0,0,0,1,1,1,1]]],0,[0,4,1,0,0,1,0,0,1,0,-1,4,0,-2,2,0,-3,5,0,-4,9,0,-5,19,0,0,2,0,-1,10,0,-2,11,0,-3,12,0,-4,13,0,-5,14,0,-1,15,0,-2,16,0,-3,17,0,-4,18,0,0,4,0,0,4,0,0,4,0,0,5,0,5,8,0,0,5,0,-1,7,0,0,6,0,0,6,0,0,7,0,-1,8,0,0,9,0,0,10,0,0,11,0,0,12,0,0,13,0,0,14,0,0,15,0,0,16,0,0,17,0,0,18,0,0,19,0,6,1,3,3,8,6,3,9,40],[0,0,0,0,0,0,0,0,0,0,0,0,0,0,0,0,0,0,0,0,0,0,0,0,0],[-1,1,-1,1,-1,1,-1,-1,-1,-1,1,-1,-1,-1,-1,1,-1,-1,-1,1,7,8,9,10,-1],[0,3,0,4,0,5,0,0,0,0,6,0,0,0,0,7,0,0,0,8,2,9,2,10,0]],[[{"name":"record_candy_img_jilu","rect":[53,586,422,177],"offset":[0,0],"originalSize":[422,177],"rotated":1,"capInsets":[0,0,0,0]}],[1],0,[0],[2],[1]]]]