[1,["ecpdLyjvZBwrvm+cedCcQy","a2MjXRFdtLlYQ5ouAFv/+R","31sepHLk9BJYwF3u6GhCr9","9f9x2K/jdN34Tov8j1Ijh3","16EXls/O9HUqWRTESLomtC","0eDY72XGpOs7mEZfYOK8Ig","e7SwwejLlBaZhzUOqBR3im","e17+WzZrVIZ4ZQ3QBLgpUx","131e4306b","116c981f5"],["node","_spriteFrame","_N$file","_textureSetter","root","data","_parent","_N$dragonAsset","_N$dragonAtlasAsset"],[["cc.Node",["_name","_active","_opacity","_prefab","_trs","_children","_components","_contentSize","_parent","_color"],0,4,7,2,9,5,1,5],"cc.SpriteFrame",["cc.Widget",["_alignFlags","_originalWidth","_originalHeight","node"],0,1],["cc.PrefabInfo",["fileId","root"],2,1],["cc.Sprite",["_sizeMode","node","_materials","_spriteFrame"],2,1,3,6],["cc.Label",["_fontSize","_isSystemFontUsed","_N$horizontalAlign","_N$verticalAlign","_string","node","_materials","_N$file"],-2,1,3,6],["cc.Prefab",["_name"],2],["cc.BlockInputEvents",["node"],3,1],["cc.Button",["zoomScale","_N$transition","clickEvents","node"],0,1],["dragonBones.ArmatureDisplay",["_armatureName","_animationName","_preCacheMode","playTimes","_armatureKey","node","_materials","_N$dragonAsset","_N$dragonAtlasAsset"],-2,1,3,6,6],["dragonBones.DragonBonesAsset",["_name","_dragonBonesJson"],1]],[[3,0,1,2],[0,0,8,6,3,7,4,2],[4,1,2,3,1],[6,0,2],[0,0,1,5,6,3,7,4,3],[0,0,2,8,6,3,9,7,3],[0,0,5,6,3,7,4,2],[0,0,8,5,3,4,2],[0,0,8,5,6,3,7,4,2],[0,0,1,8,5,6,3,7,4,3],[0,0,1,8,5,3,4,3],[2,0,3,2],[2,0,1,2,3,4],[3,1,1],[4,0,1,2,3,2],[7,0,1],[8,0,1,2,3,4],[9,0,1,2,3,4,5,6,7,8,6],[5,4,0,1,2,3,5,6,7,6],[5,0,1,2,3,5,6,7,5],[10,0,1,3]],[[[[3,"freeSpinNode"],[4,"freeSpinNode",false,[-3,-4],[[11,45,-2]],[13,-1],[5,1520,720],[760,360,0,0,0,0,1,1,1,1]],[5,"bg",160,1,[[14,0,-5,[0],1],[12,45,100,100,-6],[15,-7]],[0,"69vr6VEeJI8441niP4PKMw",1],[4,4278190080],[5,1520,720]],[6,"freeStartBtn",[-10],[[2,-8,[11],12],[16,1.1,3,[null],-9]],[0,"47amjxylBEgqHMztzdsTWr",1],[5,226,74],[0,-185.273,0,0,0,0,1,1,1,0]],[7,"node",1,[-11,-12],[0,"10FGXwDbpMDLDrpBIG7SpF",1],[0,31.46,0,0,0,0,1,1,1,1]],[8,"freeSpinAni",4,[-14],[[17,"Armature","newAnimation",0,1,"1611796c-fcef-4752-a591-4c448ba26b42#0e0d8ef6-5c6a-4eb3-b984-65f60e2bc220",-13,[6],7,8]],[0,"07v2PFB5BEyK5uC7ClNkpj",1],[5,952,666],[0,-11.847,0,0,0,0,1,1,1,1]],[9,"free_img6",false,5,[-16],[[2,-15,[4],5]],[0,"42RNtigf1G0aY8/FTRYDK6",1],[5,535,45],[0,-79.564,0,0,0,0,1,0.7,0.7,1]],[1,"getFreeCountLabel",6,[[18,"10",30,false,1,1,-17,[2],3]],[0,"afuJzrkZtKVrzQTKoeMcca",1],[5,57.19,40],[7.201,26,0,0,0,0,1,1,1,1]],[10,"freeConten",false,4,[3],[0,"2cxRR0gtxHPp68kqtCw1A9",1],[0,4.557,0,0,0,0,1,1,1,1]],[1,"freeSpinTimeLabel",3,[[19,28,false,1,1,-18,[9],10]],[0,"8dwaa2mFpC7KMbkjDUzOce",1],[5,0,40],[38.61,25.608,0,0,0,0,1,1,1,1]]],0,[0,4,1,0,0,1,0,-1,2,0,-2,4,0,0,2,0,0,2,0,0,2,0,0,3,0,0,3,0,-1,9,0,-1,5,0,-2,8,0,0,5,0,-1,6,0,0,6,0,-1,7,0,0,7,0,0,9,0,5,1,3,6,8,18],[0,0,0,0,0,0,0,0,0,0,0,0,0],[-1,1,-1,2,-1,1,-1,7,8,-1,2,-1,1],[0,1,0,2,0,3,0,4,5,0,6,0,7]],[[[20,"candy_freespin_ske","{\"frameRate\":24,\"isGlobal\":0,\"name\":\"candy_freespin\",\"version\":\"5.0\",\"armature\":[{\"aabb\":{\"width\":952,\"y\":-342.5,\"height\":666,\"x\":-476},\"slot\":[{\"displayIndex\":-1,\"name\":\"22\",\"parent\":\"22\",\"color\":{\"bM\":14,\"rM\":18}},{\"z\":1,\"name\":\"211\",\"parent\":\"211\",\"color\":{}},{\"displayIndex\":-1,\"z\":2,\"name\":\"21\",\"parent\":\"21\",\"color\":{}},{\"z\":3,\"name\":\"td\",\"parent\":\"td\",\"color\":{}},{\"blendMode\":\"add\",\"z\":4,\"parent\":\"td1\",\"name\":\"td1\",\"color\":{}},{\"z\":5,\"name\":\"x\",\"parent\":\"x\",\"color\":{}},{\"blendMode\":\"add\",\"z\":6,\"parent\":\"x1\",\"name\":\"x1\",\"color\":{}},{\"displayIndex\":-1,\"z\":7,\"name\":\"free_spin\",\"parent\":\"free_spin\",\"color\":{}}],\"animation\":[{\"slot\":[{\"frame\":[{\"tweenEasing\":0,\"duration\":2,\"color\":{\"aM\":0}},{\"tweenEasing\":null,\"duration\":58}],\"name\":\"td\"},{\"frame\":[{\"tweenEasing\":0,\"duration\":4,\"color\":{\"aM\":0}},{\"tweenEasing\":0,\"duration\":4,\"color\":{\"aM\":0}},{\"tweenEasing\":null,\"duration\":52}],\"name\":\"x\"},{\"frame\":[{\"tweenEasing\":null,\"displayIndex\":-1,\"duration\":12},{\"tweenEasing\":null,\"duration\":48}],\"name\":\"free_spin\"},{\"frame\":[{\"tweenEasing\":null,\"displayIndex\":-1,\"duration\":16},{\"tweenEasing\":null,\"displayIndex\":-1,\"duration\":6},{\"tweenEasing\":0,\"duration\":18,\"color\":{\"aM\":0}},{\"tweenEasing\":0,\"duration\":12},{\"tweenEasing\":null,\"duration\":8,\"color\":{\"bM\":14,\"rM\":18,\"aM\":0}}],\"name\":\"21\"},{\"frame\":[{\"tweenEasing\":null,\"displayIndex\":-1,\"duration\":16},{\"tweenEasing\":0,\"duration\":16},{\"tweenEasing\":null,\"duration\":28,\"color\":{\"bM\":14,\"rM\":18,\"aM\":0}}],\"name\":\"211\"},{\"frame\":[{\"tweenEasing\":null,\"displayIndex\":-1,\"duration\":16},{\"tweenEasing\":null,\"displayIndex\":-1,\"duration\":12},{\"tweenEasing\":0,\"displayIndex\":-1,\"duration\":12},{\"tweenEasing\":0,\"duration\":20,\"color\":{\"bM\":42,\"rM\":45}},{\"tweenEasing\":null,\"duration\":0,\"color\":{\"bM\":14,\"rM\":18,\"aM\":0}}],\"name\":\"22\"},{\"frame\":[{\"tweenEasing\":0,\"duration\":2,\"color\":{\"aM\":0}},{\"tweenEasing\":0,\"duration\":12,\"color\":{\"aM\":0}},{\"tweenEasing\":0,\"duration\":30,\"color\":{\"bM\":46,\"rM\":22,\"aM\":0,\"gM\":94}},{\"tweenEasing\":0,\"duration\":13,\"color\":{\"bM\":88,\"rM\":83,\"aM\":48,\"gM\":98}},{\"tweenEasing\":null,\"duration\":3,\"color\":{\"aM\":0}}],\"name\":\"td1\"},{\"frame\":[{\"tweenEasing\":0,\"duration\":27,\"color\":{\"aM\":0}},{\"tweenEasing\":0,\"duration\":13,\"color\":{\"aM\":0}},{\"tweenEasing\":0,\"duration\":14,\"color\":{\"aM\":19}},{\"tweenEasing\":0,\"duration\":6,\"color\":{\"aM\":0}},{\"tweenEasing\":null,\"duration\":0,\"color\":{\"aM\":0}}],\"name\":\"x1\"}],\"frame\":[],\"bone\":[{\"frame\":[{\"duration\":60,\"transform\":{}}],\"name\":\"root\"},{\"frame\":[{\"duration\":12,\"transform\":{}},{\"tweenEasing\":0,\"duration\":4,\"transform\":{\"y\":-490.6695,\"scX\":0.01,\"scY\":0.01}},{\"tweenEasing\":0,\"duration\":4,\"transform\":{\"scX\":1.5,\"scY\":1.5}},{\"duration\":4,\"transform\":{\"scX\":0.85,\"scY\":0.85},\"curve\":[0,0,0.15365853658536588,0.9819277108433735]},{\"duration\":36,\"transform\":{}}],\"name\":\"free_spin\"},{\"frame\":[{\"tweenEasing\":0,\"duration\":4,\"transform\":{\"y\":-418.6738}},{\"tweenEasing\":0,\"duration\":4,\"transform\":{\"y\":-418.6738}},{\"tweenEasing\":0,\"duration\":2,\"transform\":{}},{\"tweenEasing\":0,\"duration\":2,\"transform\":{\"y\":-36.0006,\"scX\":0.85,\"scY\":1.12}},{\"tweenEasing\":0,\"duration\":4,\"transform\":{}},{\"duration\":10,\"transform\":{}},{\"duration\":34,\"transform\":{}}],\"name\":\"x\"},{\"frame\":[{\"tweenEasing\":0,\"duration\":4,\"transform\":{\"y\":-929.7292}},{\"tweenEasing\":0,\"duration\":1,\"transform\":{}},{\"tweenEasing\":0,\"duration\":1,\"transform\":{\"scX\":0.7,\"scY\":1.35}},{\"tweenEasing\":0,\"duration\":1,\"transform\":{\"scX\":1.25,\"scY\":0.98}},{\"tweenEasing\":0,\"duration\":1,\"transform\":{\"scX\":0.93,\"scY\":1.24}},{\"tweenEasing\":0,\"duration\":36,\"transform\":{}},{\"duration\":16,\"transform\":{}}],\"name\":\"td\"},{\"frame\":[{\"duration\":16,\"transform\":{}},{\"tweenEasing\":0,\"duration\":36,\"transform\":{}},{\"duration\":8,\"transform\":{\"skY\":188.0012,\"skX\":188.0012}}],\"name\":\"21\"},{\"frame\":[{\"duration\":16,\"transform\":{}},{\"tweenEasing\":0,\"duration\":40,\"transform\":{}},{\"duration\":4,\"transform\":{\"skY\":188.0012,\"skX\":188.0012}}],\"name\":\"211\"},{\"frame\":[{\"duration\":16,\"transform\":{}},{\"tweenEasing\":0,\"duration\":29,\"transform\":{}},{\"duration\":15,\"transform\":{\"skY\":-113.3628,\"skX\":-113.3628}},{\"duration\":0,\"transform\":{\"skY\":188.0012,\"skX\":188.0012}}],\"name\":\"22\"},{\"frame\":[{\"tweenEasing\":0,\"duration\":4,\"transform\":{\"y\":-929.7292}},{\"tweenEasing\":0,\"duration\":1,\"transform\":{}},{\"tweenEasing\":0,\"duration\":1,\"transform\":{\"scX\":0.7,\"scY\":1.35}},{\"tweenEasing\":0,\"duration\":1,\"transform\":{\"scX\":1.25,\"scY\":0.98}},{\"tweenEasing\":0,\"duration\":1,\"transform\":{\"scX\":0.93,\"scY\":1.24}},{\"tweenEasing\":0,\"duration\":36,\"transform\":{}},{\"duration\":16,\"transform\":{}}],\"name\":\"td1\"},{\"frame\":[{\"tweenEasing\":0,\"duration\":4,\"transform\":{\"y\":-418.6738}},{\"tweenEasing\":0,\"duration\":4,\"transform\":{\"y\":-418.6738}},{\"tweenEasing\":0,\"duration\":2,\"transform\":{}},{\"tweenEasing\":0,\"duration\":2,\"transform\":{\"y\":-36.0006,\"scX\":0.85,\"scY\":1.12}},{\"tweenEasing\":0,\"duration\":48,\"transform\":{}},{\"duration\":0,\"transform\":{}}],\"name\":\"x1\"}],\"ik\":[],\"ffd\":[],\"duration\":60,\"name\":\"newAnimation\",\"playTimes\":0}],\"type\":\"Armature\",\"frameRate\":24,\"bone\":[{\"name\":\"root\",\"transform\":{}},{\"length\":63,\"transform\":{\"skY\":-93.633,\"y\":-62,\"skX\":-93.633,\"x\":18},\"parent\":\"root\",\"name\":\"free_spin\"},{\"length\":92,\"transform\":{\"skY\":-86.2686,\"y\":-158.7294,\"skX\":-86.2686,\"x\":1.754},\"parent\":\"root\",\"name\":\"x\"},{\"length\":147,\"transform\":{\"skY\":-89.6102,\"y\":76.2363,\"skX\":-89.6102},\"parent\":\"root\",\"name\":\"td\"},{\"length\":54,\"transform\":{\"skY\":-57.7712,\"y\":-119.5634,\"skX\":-57.7712,\"x\":3.6079},\"parent\":\"root\",\"name\":\"21\"},{\"length\":54,\"transform\":{\"skY\":-57.7712,\"y\":-119.5634,\"skX\":-57.7712,\"x\":3.6079},\"parent\":\"root\",\"name\":\"211\"},{\"length\":54,\"transform\":{\"skY\":-57.7712,\"y\":-119.5634,\"skX\":-57.7712,\"x\":3.6079},\"parent\":\"root\",\"name\":\"22\"},{\"length\":147,\"transform\":{\"skY\":-89.6102,\"y\":76.2363,\"skX\":-89.6102},\"parent\":\"root\",\"name\":\"td1\"},{\"length\":92,\"transform\":{\"skY\":-86.2686,\"y\":-158.7294,\"skX\":-86.2686,\"x\":1.754},\"parent\":\"root\",\"name\":\"x1\"}],\"ik\":[],\"skin\":[{\"name\":\"\",\"slot\":[{\"display\":[{\"path\":\"fs/td\",\"type\":\"image\",\"name\":\"fs/td\",\"transform\":{\"skY\":89.6102,\"y\":0.0187,\"skX\":89.6102,\"x\":-2.7637}}],\"name\":\"td\"},{\"display\":[{\"path\":\"fs/3\",\"type\":\"image\",\"name\":\"fs/3\",\"transform\":{\"skY\":57.7712,\"y\":-6.2732,\"skX\":57.7712,\"x\":-9.9404}}],\"name\":\"21\"},{\"display\":[{\"path\":\"fs/2\",\"type\":\"image\",\"name\":\"fs/2\",\"transform\":{\"skY\":57.7712,\"y\":-0.4804,\"skX\":57.7712,\"x\":-0.3778}}],\"name\":\"211\"},{\"display\":[{\"path\":\"fs/6\",\"type\":\"image\",\"name\":\"fs/6\",\"transform\":{\"skY\":57.7712,\"y\":5.9468,\"skX\":57.7712,\"x\":-4.0098}}],\"name\":\"22\"},{\"display\":[{\"path\":\"fs/x\",\"type\":\"image\",\"name\":\"fs/x\",\"transform\":{\"skY\":86.2686,\"y\":-1.8981,\"skX\":86.2686,\"x\":2.1516}}],\"blendMode\":\"add\",\"name\":\"x1\"},{\"display\":[{\"path\":\"fs/x\",\"type\":\"image\",\"name\":\"fs/x\",\"transform\":{\"skY\":86.2686,\"y\":-1.8981,\"skX\":86.2686,\"x\":2.1516}}],\"name\":\"x\"},{\"display\":[{\"path\":\"fs/free_spin\",\"type\":\"image\",\"name\":\"fs/free_spin\",\"transform\":{\"skY\":93.633,\"y\":-16.0946,\"skX\":93.633,\"x\":30.5813}}],\"name\":\"free_spin\"},{\"display\":[{\"path\":\"fs/td\",\"type\":\"image\",\"name\":\"fs/td\",\"transform\":{\"skY\":89.6102,\"y\":0.0187,\"skX\":89.6102,\"x\":-2.7637}}],\"blendMode\":\"add\",\"name\":\"td1\"}]}],\"defaultActions\":[{\"gotoAndPlay\":\"newAnimation\"}],\"name\":\"Armature\"}]}"]],0,0,[],[],[]],[[{"name":"free_img6","rect":[3,586,425,44],"offset":[-39,-0.5],"originalSize":[535,45],"rotated":1,"capInsets":[0,0,0,0]}],[1],0,[0],[3],[8]],[[{"name":"Star_img","rect":[3,95,226,74],"offset":[0,0],"originalSize":[226,74],"capInsets":[0,0,0,0]}],[1],0,[0],[3],[9]]]]