[1,["3dcC+YyPxAeLwntW93roYc"],["_texture"],[["dragonBones.DragonBonesAtlasAsset",["_name","_atlasJson"],1]],[[0,0,1,3]],[[0,"totalwin_tex","{\"width\":2048,\"imagePath\":\"totalwin_tex.png\",\"height\":2048,\"name\":\"totalwin\",\"SubTexture\":[{\"width\":134,\"y\":522,\"height\":545,\"name\":\"shandian09/图层_2\",\"x\":1531},{\"width\":234,\"y\":513,\"height\":526,\"name\":\"shandian09/图层_3\",\"x\":1295},{\"width\":295,\"y\":1,\"height\":510,\"name\":\"shandian09/图层_6\",\"x\":1295},{\"width\":151,\"y\":1,\"height\":521,\"name\":\"shandian09/图层_1\",\"x\":1858},{\"width\":221,\"y\":1041,\"height\":514,\"name\":\"shandian09/图层_5\",\"x\":1295},{\"width\":264,\"y\":1,\"height\":519,\"name\":\"shandian09/图层_4\",\"x\":1592},{\"width\":1292,\"y\":1,\"height\":1860,\"name\":\"图层2\",\"x\":1},{\"width\":729,\"y\":1863,\"height\":173,\"name\":\"组198\",\"x\":1},{\"width\":24,\"y\":2004,\"height\":42,\"name\":\"totalwin_shandian/18\",\"x\":910},{\"width\":19,\"y\":1970,\"height\":12,\"name\":\"totalwin_shandian/22\",\"x\":793},{\"width\":23,\"y\":51,\"height\":64,\"name\":\"totalwin_shandian/17\",\"x\":2011},{\"width\":51,\"y\":1985,\"height\":60,\"name\":\"totalwin_shandian/8\",\"x\":732},{\"width\":59,\"y\":1927,\"height\":56,\"name\":\"totalwin_shandian/13\",\"x\":732},{\"width\":15,\"y\":1970,\"height\":5,\"name\":\"totalwin_shandian/19\",\"x\":814},{\"width\":36,\"y\":2004,\"height\":38,\"name\":\"totalwin_shandian/9\",\"x\":872},{\"width\":15,\"y\":2004,\"height\":23,\"name\":\"totalwin_shandian/6\",\"x\":1074},{\"width\":44,\"y\":1985,\"height\":59,\"name\":\"totalwin_shandian/3\",\"x\":785},{\"width\":51,\"y\":1970,\"height\":32,\"name\":\"totalwin_shandian/21\",\"x\":831},{\"width\":60,\"y\":1926,\"height\":42,\"name\":\"totalwin_shandian/20\",\"x\":793},{\"width\":38,\"y\":1863,\"height\":53,\"name\":\"totalwin_shandian/11\",\"x\":841},{\"width\":30,\"y\":2004,\"height\":25,\"name\":\"totalwin_shandian/1\",\"x\":997},{\"width\":51,\"y\":1863,\"height\":61,\"name\":\"totalwin_shandian/15\",\"x\":788},{\"width\":18,\"y\":2004,\"height\":28,\"name\":\"totalwin_shandian/14\",\"x\":1054},{\"width\":32,\"y\":2004,\"height\":24,\"name\":\"totalwin_shandian/2\",\"x\":963},{\"width\":23,\"y\":2004,\"height\":31,\"name\":\"totalwin_shandian/10\",\"x\":1029},{\"width\":14,\"y\":2004,\"height\":20,\"name\":\"totalwin_shandian/4\",\"x\":1091},{\"width\":54,\"y\":1863,\"height\":62,\"name\":\"totalwin_shandian/5\",\"x\":732},{\"width\":39,\"y\":2004,\"height\":37,\"name\":\"totalwin_shandian/12\",\"x\":831},{\"width\":25,\"y\":2004,\"height\":31,\"name\":\"totalwin_shandian/16\",\"x\":936},{\"width\":35,\"y\":1,\"height\":48,\"name\":\"totalwin_shandian/7\",\"x\":2011}]}"]],0,0,[0],[0],[0]]