[1,["f4//kJcaxPo40dkpcZY0VN"],["_texture"],[["dragonBones.DragonBonesAtlasAsset",["_name","_atlasJson"],1]],[[0,0,1,3]],[[0,"fangxingtexiao_tex","{\"SubTexture\":[{\"width\":128,\"y\":1,\"height\":128,\"name\":\"懒人素材 (1)/懒人素材_(8)\",\"x\":261},{\"width\":128,\"y\":1,\"height\":128,\"name\":\"懒人素材 (1)/懒人素材_(3)\",\"x\":391},{\"width\":128,\"y\":1,\"height\":125,\"name\":\"懒人素材 (1)/懒人素材_(15)\",\"x\":781},{\"width\":128,\"y\":261,\"height\":128,\"name\":\"懒人素材 (1)/懒人素材_(9)\",\"x\":1},{\"width\":128,\"y\":131,\"height\":128,\"name\":\"懒人素材 (1)/图层_1\",\"x\":1},{\"width\":128,\"y\":261,\"height\":128,\"name\":\"懒人素材 (1)/懒人素材_(6)\",\"x\":261},{\"width\":128,\"y\":261,\"height\":128,\"name\":\"懒人素材 (1)/懒人素材_(11)\",\"x\":131},{\"width\":128,\"y\":131,\"height\":128,\"name\":\"懒人素材 (1)/懒人素材_(10)\",\"x\":131},{\"width\":128,\"y\":1,\"height\":128,\"name\":\"懒人素材 (1)/懒人素材_(12)\",\"x\":1},{\"width\":128,\"y\":131,\"height\":128,\"name\":\"懒人素材 (1)/懒人素材_(4)\",\"x\":391},{\"width\":128,\"y\":1,\"height\":128,\"name\":\"懒人素材 (1)/懒人素材_(5)\",\"x\":131},{\"width\":128,\"y\":131,\"height\":128,\"name\":\"懒人素材 (1)/懒人素材_(2)\",\"x\":261},{\"width\":128,\"y\":1,\"height\":128,\"name\":\"懒人素材 (1)/懒人素材_(7)\",\"x\":521},{\"width\":128,\"y\":261,\"height\":128,\"name\":\"懒人素材 (1)/懒人素材_(14)\",\"x\":391},{\"width\":128,\"y\":128,\"height\":123,\"name\":\"懒人素材 (1)/懒人素材_(16)\",\"x\":781},{\"width\":128,\"y\":1,\"height\":128,\"name\":\"懒人素材 (1)/懒人素材_(13)\",\"x\":651}],\"width\":1024,\"height\":512,\"name\":\"fangxingtexiao\",\"imagePath\":\"fangxingtexiao_tex.png\"}"]],0,0,[0],[0],[0]]