[1,["13rNrlw9JOjogOpCcM9B4x"],0,[["sp.SkeletonData",["_name","_atlasText","textureNames","_skeletonJson","textures"],-1,3]],[[0,0,1,2,3,4,5]],[[0,"JACKPOT","\nJACKPOT.png\nsize: 1024,128\nformat: RGBA8888\nfilter: Linear,Linear\nrepeat: none\n01\n  rotate: false\n  xy: 740, 48\n  size: 174, 44\n  orig: 174, 44\n  offset: 0, 0\n  index: -1\n01a\n  rotate: false\n  xy: 740, 2\n  size: 174, 44\n  orig: 174, 44\n  offset: 0, 0\n  index: -1\n02\n  rotate: false\n  xy: 258, 22\n  size: 239, 70\n  orig: 239, 70\n  offset: 0, 0\n  index: -1\n03\n  rotate: false\n  xy: 2, 7\n  size: 254, 85\n  orig: 254, 85\n  offset: 0, 0\n  index: -1\n04\n  rotate: false\n  xy: 499, 22\n  size: 239, 70\n  orig: 239, 70\n  offset: 0, 0\n  index: -1\n",["JACKPOT.png"],{"skeleton":{"hash":"YT1XKW76VAmYn0OtKNtWuMgYFa4","spine":"3.6.53","width":254,"height":110},"bones":[{"name":"root"},{"name":"a","parent":"root"},{"name":"3","parent":"a","y":-13},{"name":"01","parent":"root","y":32.5},{"name":"03","parent":"a","y":-13},{"name":"03a","parent":"a","y":-13}],"slots":[{"name":"04","bone":"a","attachment":"04"},{"name":"03","bone":"03","attachment":"03"},{"name":"3","bone":"3","attachment":"03"},{"name":"03a","bone":"03a","attachment":"03"},{"name":"02","bone":"a","attachment":"02"},{"name":"01","bone":"01","attachment":"01"},{"name":"01a","bone":"01","attachment":"01a"}],"skins":{"default":{"3":{"03":{"width":254,"height":85}},"01":{"01":{"width":174,"height":44}},"01a":{"01a":{"width":174,"height":44}},"02":{"02":{"x":-0.5,"y":-13.5,"width":239,"height":70}},"03":{"03":{"width":254,"height":85}},"03a":{"03":{"width":254,"height":85}},"04":{"04":{"x":-0.5,"y":-13.5,"width":239,"height":70}}}},"animations":{"animation":{"slots":{"3":{"color":[{"time":0,"color":"ffffff00"},{"time":0.3333,"color":"ffffffff"},{"time":0.6667,"color":"ffffff00"}]},"02":{"color":[{"time":0,"color":"ffffff64"},{"time":0.3333,"color":"ffffffff"},{"time":0.6667,"color":"ffffff64"},{"time":1,"color":"ffffffff"},{"time":1.3333,"color":"ffffff64"}]},"03":{"color":[{"time":0,"color":"ffffff00","curve":"stepped"},{"time":0.3333,"color":"ffffff00"},{"time":0.6667,"color":"ffffffff"},{"time":1,"color":"ffffff00"}]},"01a":{"color":[{"time":0,"color":"ffffffff"},{"time":0.3333,"color":"ffffff00"},{"time":0.6667,"color":"ffffffff"},{"time":1,"color":"ffffff00"},{"time":1.3333,"color":"ffffffff"}]},"03a":{"color":[{"time":0,"color":"ffffff00","curve":"stepped"},{"time":0.6667,"color":"ffffff00"},{"time":1,"color":"ffffffff"},{"time":1.3333,"color":"ffffff00"}]}},"bones":{"3":{"scale":[{"time":0,"x":1,"y":1},{"time":0.6667,"x":1.1,"y":1.1}]},"03":{"scale":[{"time":0.3333,"x":1,"y":1},{"time":0.6667,"x":1.05,"y":1.05},{"time":1,"x":1.1,"y":1.1}]},"03a":{"scale":[{"time":0.6667,"x":1,"y":1},{"time":1.3333,"x":1.1,"y":1.1}]},"01":{"scale":[{"time":0,"x":1.02,"y":1.02},{"time":0.3333,"x":1,"y":1},{"time":0.6667,"x":1.02,"y":1.02},{"time":1,"x":1,"y":1},{"time":1.3333,"x":1.02,"y":1.02}]}}}}},[0]]],0,0,[0],[-1],[0]]