[1,["dabAVg/+VCda0c3Kf7C0AY"],["_texture"],[["dragonBones.DragonBonesAtlasAsset",["_name","_atlasJson"],1]],[[0,0,1,3]],[[0,"scrtter_tex","{\"width\":512,\"SubTexture\":[{\"width\":230,\"y\":1,\"height\":230,\"name\":\"scrtter/bga\",\"x\":1},{\"width\":133,\"y\":233,\"height\":145,\"name\":\"scrtter/ggg\",\"x\":366},{\"width\":77,\"y\":325,\"height\":77,\"name\":\"scrtter/qiu\",\"x\":148},{\"width\":145,\"y\":233,\"height\":196,\"name\":\"scrtter/qy\",\"x\":1},{\"width\":216,\"y\":233,\"height\":90,\"name\":\"scrtter/scrtter\",\"x\":148}],\"height\":512,\"name\":\"scrtter\",\"imagePath\":\"scrtter_tex.png\"}"]],0,0,[0],[0],[0]]