[1,["b2cSsW7y1NaKOXXg2DvjpV","ddCI4lQhBOGbrEWOKB6S2x"],["_textureSetter","spriteFrame"],["cc.SpriteFrame",["cc.BitmapFont",["_name","fontSize","_fntConfig"],0]],[[1,0,1,2,4]],[[[{"name":"mega","rect":[0,0,442,241],"offset":[-35,7.5],"originalSize":[512,256],"capInsets":[0,0,0,0]}],[0],0,[0],[0],[0]],[[[0,"mega",32,{"commonHeight":45,"fontSize":32,"atlasName":"C:\\Users\\40315\\Desktop\\ziti\\新建文件夹\\新建文件夹\\mega.png","fontDefDictionary":{"9":{"xOffset":0,"yOffset":0,"xAdvance":104,"rect":{"x":0,"y":0,"width":0,"height":0}},"32":{"xOffset":0,"yOffset":0,"xAdvance":13,"rect":{"x":0,"y":0,"width":0,"height":0}},"43":{"xOffset":0,"yOffset":-26,"xAdvance":60,"rect":{"x":0,"y":182,"width":59,"height":59}},"44":{"xOffset":0,"yOffset":11,"xAdvance":27,"rect":{"x":90,"y":182,"width":26,"height":53}},"45":{"xOffset":0,"yOffset":-12,"xAdvance":30,"rect":{"x":60,"y":177,"width":29,"height":28}},"46":{"xOffset":0,"yOffset":11,"xAdvance":27,"rect":{"x":60,"y":206,"width":26,"height":34}},"48":{"xOffset":0,"yOffset":-44,"xAdvance":62,"rect":{"x":201,"y":0,"width":61,"height":90}},"49":{"xOffset":0,"yOffset":-42,"xAdvance":41,"rect":{"x":152,"y":0,"width":40,"height":87}},"50":{"xOffset":0,"yOffset":-44,"xAdvance":61,"rect":{"x":324,"y":0,"width":60,"height":89}},"51":{"xOffset":0,"yOffset":-44,"xAdvance":60,"rect":{"x":324,"y":90,"width":59,"height":90}},"52":{"xOffset":0,"yOffset":-42,"xAdvance":64,"rect":{"x":137,"y":88,"width":63,"height":87}},"53":{"xOffset":0,"yOffset":-42,"xAdvance":59,"rect":{"x":384,"y":90,"width":58,"height":88}},"54":{"xOffset":0,"yOffset":-44,"xAdvance":61,"rect":{"x":263,"y":91,"width":60,"height":90}},"55":{"xOffset":0,"yOffset":-42,"xAdvance":58,"rect":{"x":385,"y":0,"width":57,"height":87}},"56":{"xOffset":0,"yOffset":-44,"xAdvance":62,"rect":{"x":201,"y":91,"width":61,"height":90}},"57":{"xOffset":0,"yOffset":-44,"xAdvance":61,"rect":{"x":263,"y":0,"width":60,"height":90}},"66":{"xOffset":0,"yOffset":-42,"xAdvance":65,"rect":{"x":87,"y":0,"width":64,"height":87}},"75":{"xOffset":0,"yOffset":-42,"xAdvance":70,"rect":{"x":0,"y":89,"width":69,"height":87}},"77":{"xOffset":0,"yOffset":-43,"xAdvance":87,"rect":{"x":0,"y":0,"width":86,"height":88}},"84":{"xOffset":0,"yOffset":-42,"xAdvance":67,"rect":{"x":70,"y":89,"width":66,"height":87}}},"kerningDict":{}}]],0,0,[0],[1],[1]]]]