[1,["9aL6i9hl1HV4eObNUCLU7O"],0,[["sp.SkeletonData",["_name","_atlasText","textureNames","_skeletonJson","textures"],-1,3]],[[0,0,1,2,3,4,5]],[[0,"LUCKYWHEEL","\nLUCKYWHEEL.png\nsize: 256,128\nformat: RGBA8888\nfilter: Linear,Linear\nrepeat: none\n01\n  rotate: false\n  xy: 70, 84\n  size: 106, 17\n  orig: 106, 17\n  offset: 0, 0\n  index: -1\n02\n  rotate: false\n  xy: 2, 2\n  size: 20, 23\n  orig: 20, 23\n  offset: 0, 0\n  index: -1\n03\n  rotate: false\n  xy: 2, 27\n  size: 66, 74\n  orig: 66, 74\n  offset: 0, 0\n  index: -1\n04\n  rotate: true\n  xy: 70, 27\n  size: 55, 56\n  orig: 55, 56\n  offset: 0, 0\n  index: -1\n04a\n  rotate: false\n  xy: 128, 26\n  size: 55, 56\n  orig: 55, 56\n  offset: 0, 0\n  index: -1\n",["LUCKYWHEEL.png"],{"skeleton":{"hash":"5q3nlx+vuZzCFjZ3KSofYfcg7NQ","spine":"3.6.53","width":106,"height":75.5},"bones":[{"name":"root"},{"name":"AA","parent":"root"},{"name":"03","parent":"AA","y":2},{"name":"04","parent":"03"}],"slots":[{"name":"04","bone":"04","attachment":"04"},{"name":"4","bone":"04","attachment":"04a"},{"name":"03","bone":"03","attachment":"03"},{"name":"02","bone":"03","attachment":"02"},{"name":"01","bone":"AA","attachment":"01"}],"skins":{"default":{"4":{"04a":{"width":55,"height":56}},"01":{"01":{"y":-28,"width":106,"height":17}},"02":{"02":{"y":-0.5,"width":20,"height":23}},"03":{"03":{"x":0.03,"width":66,"height":74}},"04":{"04":{"width":55,"height":56}}}},"animations":{"animation":{"slots":{"4":{"color":[{"time":0,"color":"ffffff00"},{"time":1.1667,"color":"ffffffff"},{"time":2.1667,"color":"ffffff00"},{"time":3.1667,"color":"ffffffff"},{"time":4.1667,"color":"ffffff00"}]}},"bones":{"04":{"rotate":[{"time":0,"angle":0},{"time":0.6667,"angle":-90},{"time":1.1667,"angle":180},{"time":1.5,"angle":90},{"time":1.6667,"angle":0},{"time":1.8333,"angle":-90},{"time":2,"angle":180},{"time":2.1667,"angle":90},{"time":2.3333,"angle":0},{"time":2.5,"angle":-90},{"time":2.6667,"angle":180},{"time":2.8333,"angle":90},{"time":3,"angle":0},{"time":3.1667,"angle":-90},{"time":3.3333,"angle":180},{"time":3.5,"angle":90},{"time":3.6667,"angle":0},{"time":3.8333,"angle":-90},{"time":4.1667,"angle":180},{"time":4.6667,"angle":90},{"time":5.3333,"angle":0}]},"03":{"scale":[{"time":0,"x":1,"y":1},{"time":1,"x":1.026,"y":1.026},{"time":2,"x":1,"y":1},{"time":3,"x":1.026,"y":1.026},{"time":4,"x":1,"y":1}]}}}}},[0]]],0,0,[0],[-1],[0]]