[1,["ecpdLyjvZBwrvm+cedCcQy","a2MjXRFdtLlYQ5ouAFv/+R","02gb3T0mhHpZ6Pp4fRrKan","badN1P2PtEA4fJd9KadG6a","39UmewdkVHX5iILxR8HjGr","61SHrUwEhBBIal7sBJ6qd7","57kpdQS/ND0J0w4ayRXByK","2dccPh8ndN+Jtly83zf9Xw","98+NqbBANB+7pRhzhl80jK","6eyQ16OWhPpa5aur4fgF/N","44NMBOV01OWJRrkRE+30CF","e6DEz7JyRMXqz3Xct5atGk"],["node","_spriteFrame","_N$file","root","data","_parent","_file","_N$dragonAsset","_N$dragonAtlasAsset"],[["cc.Node",["_name","_active","_opacity","_prefab","_trs","_parent","_components","_children","_contentSize","_color"],0,4,7,1,9,2,5,5],["cc.Widget",["_alignFlags","_originalWidth","_originalHeight","node"],0,1],["cc.PrefabInfo",["fileId","root"],2,1],["cc.Sprite",["_sizeMode","node","_materials","_spriteFrame"],2,1,3,6],["cc.Label",["_fontSize","_isSystemFontUsed","_N$horizontalAlign","_N$verticalAlign","_string","node","_materials","_N$file"],-2,1,3,6],["dragonBones.DragonBonesAsset",["_name","_dragonBonesJson"],1],["cc.Prefab",["_name"],2],["cc.BlockInputEvents",["node"],3,1],["cc.Button",["zoomScale","_N$transition","node"],1,1],["cc.ParticleSystem",["_custom","playOnLoad","totalParticles","duration","emissionRate","life","lifeVar","angleVar","startSize","startSizeVar","endSize","startSpinVar","endSpin","_positionType","speed","speedVar","tangentialAccel","tangentialAccelVar","radialAccel","node","_materials","_startColor","_startColorVar","_endColor","_endColorVar","gravity","_file","_spriteFrame"],-16,1,3,8,8,8,8,5,6,6],["dragonBones.ArmatureDisplay",["_armatureName","_animationName","_preCacheMode","playTimes","_armatureKey","node","_materials","_N$dragonAsset","_N$dragonAtlasAsset"],-2,1,3,6,6]],[[2,0,1,2],[0,0,5,6,3,8,4,2],[3,1,2,3,1],[0,0,1,7,6,3,8,4,3],[0,0,1,5,7,3,4,3],[4,4,0,1,2,3,5,6,7,6],[5,0,1,3],[6,0,2],[0,0,5,7,3,4,2],[0,0,2,5,6,3,9,8,3],[0,0,5,7,6,3,8,4,2],[0,0,5,6,3,4,2],[1,0,3,2],[1,0,1,2,3,4],[2,1,1],[3,0,1,2,3,2],[7,0,1],[8,0,1,2,3],[9,0,1,2,3,4,5,6,7,8,9,10,11,12,13,14,15,16,17,18,19,20,21,22,23,24,25,26,27,20],[10,0,1,2,3,4,5,6,7,8,6],[4,0,1,2,3,5,6,7,5]],[[[[6,"megawin_ske","{\"frameRate\":24,\"isGlobal\":0,\"armature\":[{\"ik\":[],\"type\":\"Armature\",\"frameRate\":24,\"skin\":[{\"name\":\"\",\"slot\":[{\"display\":[{\"path\":\"组69拷贝2\",\"type\":\"image\",\"name\":\"win01/图层_9_拷贝\",\"transform\":{\"skX\":88.943,\"y\":-10.3984,\"skY\":88.943,\"x\":78.4215}}],\"blendMode\":\"add\",\"name\":\"图层_9_拷贝1\"},{\"display\":[{\"path\":\"win01/图层_5\",\"type\":\"image\",\"name\":\"win01/图层_5\",\"transform\":{\"skX\":-91.298,\"y\":1.8209,\"skY\":-91.298,\"x\":29.9989}}],\"name\":\"图层_5\"},{\"display\":[{\"path\":\"win01/图层_19\",\"type\":\"image\",\"name\":\"win01/图层_19\",\"transform\":{\"skX\":-90,\"y\":-2.8,\"skY\":-90,\"x\":25.45}}],\"name\":\"图层_19\"},{\"display\":[{\"path\":\"组69拷贝2\",\"type\":\"image\",\"name\":\"win01/图层_9_拷贝\",\"transform\":{\"skX\":88.943,\"y\":-10.3984,\"skY\":88.943,\"x\":78.4215}}],\"name\":\"图层_9_拷贝\"},{\"display\":[{\"path\":\"win01/图层_9\",\"type\":\"image\",\"name\":\"win01/图层_9\",\"transform\":{\"skX\":-86.9426,\"y\":26.1052,\"skY\":-86.9426,\"x\":282.5098}}],\"name\":\"图层_9\"},{\"display\":[{\"path\":\"shandian04/图层_8\",\"type\":\"image\",\"name\":\"shandian04/图层_8\",\"transform\":{\"skX\":-90,\"y\":3.9,\"skY\":-90,\"x\":35.35}},{\"path\":\"shandian04/图层_6\",\"type\":\"image\",\"name\":\"shandian04/图层_6\",\"transform\":{\"skX\":-90,\"y\":1.4,\"skY\":-90,\"x\":23.85}},{\"path\":\"shandian04/图层_2\",\"type\":\"image\",\"name\":\"shandian04/图层_2\",\"transform\":{\"skX\":-90,\"y\":9.4,\"skY\":-90,\"x\":9.85}},{\"path\":\"shandian04/图层_1\",\"type\":\"image\",\"name\":\"shandian04/图层_1\",\"transform\":{\"skX\":-90,\"y\":8.9,\"skY\":-90,\"x\":-136.65}},{\"path\":\"shandian04/图层_3\",\"type\":\"image\",\"name\":\"shandian04/图层_3\",\"transform\":{\"skX\":-90,\"y\":8.9,\"skY\":-90,\"x\":16.35}},{\"path\":\"shandian04/图层_5\",\"type\":\"image\",\"name\":\"shandian04/图层_5\",\"transform\":{\"skX\":-90,\"y\":3.4,\"skY\":-90,\"x\":21.85}},{\"path\":\"shandian04/图层_7\",\"type\":\"image\",\"name\":\"shandian04/图层_7\",\"transform\":{\"skX\":-90,\"y\":3.4,\"skY\":-90,\"x\":15.85}},{\"path\":\"shandian04/图层_4\",\"type\":\"image\",\"name\":\"shandian04/图层_4\",\"transform\":{\"skX\":-90,\"y\":-1.6,\"skY\":-90,\"x\":18.85}}],\"name\":\"root\"}]}],\"animation\":[{\"frame\":[],\"playTimes\":0,\"ffd\":[],\"duration\":44,\"slot\":[{\"frame\":[{\"tweenEasing\":0,\"color\":{\"aM\":0},\"duration\":3},{\"tweenEasing\":0,\"color\":{\"aM\":73},\"duration\":3},{\"tweenEasing\":null,\"duration\":38}],\"name\":\"图层_9\"},{\"frame\":[{\"tweenEasing\":0,\"color\":{\"aM\":0},\"duration\":3},{\"tweenEasing\":0,\"color\":{\"aM\":52},\"duration\":3},{\"tweenEasing\":null,\"duration\":38}],\"name\":\"图层_9_拷贝\"},{\"frame\":[{\"tweenEasing\":0,\"color\":{\"aM\":0},\"duration\":3},{\"tweenEasing\":0,\"color\":{\"aM\":69},\"duration\":3},{\"tweenEasing\":null,\"duration\":38}],\"name\":\"图层_19\"},{\"frame\":[{\"tweenEasing\":0,\"color\":{\"aM\":0},\"duration\":13},{\"tweenEasing\":0,\"color\":{\"aM\":0},\"duration\":1},{\"tweenEasing\":0,\"color\":{\"aM\":0},\"duration\":2},{\"tweenEasing\":0,\"color\":{\"aM\":0},\"duration\":1},{\"tweenEasing\":0,\"duration\":2},{\"tweenEasing\":0,\"duration\":2},{\"tweenEasing\":0,\"duration\":3},{\"tweenEasing\":null,\"duration\":20}],\"name\":\"图层_5\"},{\"frame\":[{\"tweenEasing\":0,\"color\":{\"aM\":0},\"duration\":3},{\"tweenEasing\":0,\"color\":{\"aM\":52},\"duration\":1},{\"tweenEasing\":0,\"color\":{\"aM\":0},\"duration\":2},{\"tweenEasing\":0,\"duration\":2},{\"tweenEasing\":0,\"color\":{\"aM\":0},\"duration\":2},{\"tweenEasing\":0,\"color\":{\"aM\":17},\"duration\":3},{\"tweenEasing\":0,\"color\":{\"aM\":71},\"duration\":2},{\"tweenEasing\":0,\"color\":{\"aM\":12},\"duration\":1},{\"tweenEasing\":0,\"color\":{\"aM\":0},\"duration\":1},{\"tweenEasing\":0,\"color\":{\"aM\":48},\"duration\":2},{\"tweenEasing\":0,\"color\":{\"aM\":27},\"duration\":2},{\"tweenEasing\":null,\"color\":{\"aM\":0},\"duration\":23}],\"name\":\"图层_9_拷贝1\"},{\"frame\":[{\"tweenEasing\":null,\"displayIndex\":3,\"duration\":2},{\"tweenEasing\":null,\"displayIndex\":2,\"duration\":2},{\"tweenEasing\":null,\"displayIndex\":4,\"duration\":2},{\"tweenEasing\":null,\"displayIndex\":7,\"duration\":2},{\"tweenEasing\":null,\"displayIndex\":5,\"duration\":2},{\"tweenEasing\":null,\"displayIndex\":1,\"duration\":2},{\"tweenEasing\":null,\"displayIndex\":6,\"duration\":2},{\"tweenEasing\":null,\"duration\":1},{\"tweenEasing\":null,\"displayIndex\":3,\"duration\":2},{\"tweenEasing\":null,\"displayIndex\":2,\"duration\":2},{\"tweenEasing\":null,\"displayIndex\":4,\"duration\":2},{\"tweenEasing\":null,\"displayIndex\":7,\"duration\":2},{\"tweenEasing\":null,\"displayIndex\":5,\"duration\":2},{\"tweenEasing\":null,\"displayIndex\":1,\"duration\":2},{\"tweenEasing\":null,\"displayIndex\":6,\"duration\":2},{\"tweenEasing\":null,\"duration\":1},{\"tweenEasing\":null,\"displayIndex\":3,\"duration\":2},{\"tweenEasing\":null,\"displayIndex\":2,\"duration\":2},{\"tweenEasing\":null,\"displayIndex\":4,\"duration\":2},{\"tweenEasing\":null,\"displayIndex\":7,\"duration\":2},{\"tweenEasing\":null,\"displayIndex\":5,\"duration\":2},{\"tweenEasing\":null,\"displayIndex\":1,\"duration\":2},{\"tweenEasing\":null,\"displayIndex\":6,\"duration\":2},{\"tweenEasing\":null,\"duration\":0}],\"name\":\"root\"}],\"ik\":[],\"bone\":[{\"frame\":[{\"transform\":{},\"duration\":44}],\"name\":\"root\"},{\"frame\":[{\"tweenEasing\":0,\"transform\":{\"y\":-339},\"duration\":16},{\"tweenEasing\":0,\"transform\":{\"y\":-290},\"duration\":1},{\"tweenEasing\":0,\"transform\":{\"y\":-210},\"duration\":2},{\"transform\":{\"y\":-47},\"duration\":25}],\"name\":\"图层_5\"},{\"frame\":[{\"tweenEasing\":0,\"transform\":{\"y\":-403},\"duration\":4},{\"tweenEasing\":0,\"transform\":{\"y\":-413},\"duration\":4},{\"tweenEasing\":0,\"transform\":{\"y\":29.3939},\"duration\":2},{\"transform\":{\"y\":0.9697},\"duration\":34}],\"name\":\"图层_9_拷贝\"},{\"frame\":[{\"tweenEasing\":0,\"transform\":{\"y\":-116},\"duration\":3},{\"tweenEasing\":0,\"transform\":{\"y\":-303},\"duration\":3},{\"tweenEasing\":0,\"transform\":{\"y\":-32},\"duration\":4},{\"tweenEasing\":0,\"transform\":{},\"duration\":3},{\"transform\":{\"y\":-31},\"duration\":31}],\"name\":\"图层_9\"},{\"frame\":[{\"tweenEasing\":0,\"transform\":{},\"duration\":3},{\"tweenEasing\":0,\"transform\":{\"y\":-304},\"duration\":3},{\"tweenEasing\":0,\"transform\":{\"y\":-200},\"duration\":4},{\"tweenEasing\":0,\"transform\":{\"y\":-21},\"duration\":3},{\"tweenEasing\":0,\"transform\":{\"y\":-30},\"duration\":3},{\"transform\":{\"y\":-30},\"duration\":28}],\"name\":\"图层_19\"},{\"frame\":[{\"tweenEasing\":0,\"transform\":{\"y\":-403},\"duration\":4},{\"tweenEasing\":0,\"transform\":{\"y\":-413},\"duration\":4},{\"tweenEasing\":0,\"transform\":{\"y\":29.3939},\"duration\":2},{\"transform\":{\"y\":0.9697},\"duration\":34}],\"name\":\"图层_9_拷贝1\"},{\"frame\":[{\"transform\":{},\"duration\":44}],\"name\":\"root1\"}],\"name\":\"newAnimation\"}],\"aabb\":{\"width\":1258,\"y\":-613.2966666666664,\"height\":889.2966666666664,\"x\":-650.5},\"bone\":[{\"name\":\"root\",\"transform\":{}},{\"length\":66,\"transform\":{\"skX\":91.298,\"y\":-139.95,\"skY\":91.298,\"x\":-7.5},\"parent\":\"root\",\"name\":\"图层_5\"},{\"length\":81,\"transform\":{\"skX\":-88.943,\"y\":27.1,\"skY\":-88.943,\"x\":-18.05},\"parent\":\"root\",\"name\":\"图层_9_拷贝\"},{\"length\":84,\"transform\":{\"skX\":86.9426,\"y\":-305.5,\"skY\":86.9426,\"x\":-10.5},\"parent\":\"root\",\"name\":\"图层_9\"},{\"length\":68,\"transform\":{\"skX\":90,\"y\":121.05,\"skY\":90,\"x\":-26.3},\"parent\":\"root\",\"name\":\"图层_19\"},{\"length\":81,\"transform\":{\"skX\":-88.943,\"y\":27.1,\"skY\":-88.943,\"x\":-18.05},\"parent\":\"root\",\"name\":\"图层_9_拷贝1\"},{\"length\":144,\"transform\":{\"skX\":90,\"y\":-72.0167,\"skY\":90,\"scX\":3.2,\"scY\":3.2,\"x\":7.4},\"parent\":\"root\",\"name\":\"root1\"}],\"defaultActions\":[{\"gotoAndPlay\":\"newAnimation\"}],\"name\":\"Armature\",\"slot\":[{\"displayIndex\":3,\"name\":\"root\",\"parent\":\"root1\",\"color\":{}},{\"z\":1,\"name\":\"图层_9\",\"parent\":\"图层_9\",\"color\":{}},{\"z\":2,\"name\":\"图层_9_拷贝\",\"parent\":\"图层_9_拷贝\",\"color\":{}},{\"z\":3,\"name\":\"图层_19\",\"parent\":\"图层_19\",\"color\":{}},{\"z\":4,\"displayIndex\":-1,\"name\":\"图层_5\",\"parent\":\"图层_5\",\"color\":{}},{\"blendMode\":\"add\",\"z\":5,\"parent\":\"图层_9_拷贝1\",\"name\":\"图层_9_拷贝1\",\"color\":{}}]}],\"name\":\"megawin\",\"version\":\"5.0\"}"]],0,0,[],[],[]],[[[7,"megaWinNode"],[3,"megaWinNode",false,[-3,-4],[[12,45,-2]],[14,-1],[5,1520,720],[760,360,0,0,0,0,1,1,1,1]],[8,"node",1,[-5,-6,-7,-8],[0,"fcWemAL/FJPZ0+WjpYvxX/",1],[0,24.052,0,0,0,0,1,1,1,1]],[9,"bg",160,1,[[15,0,-9,[0],1],[13,45,100,100,-10],[16,-11]],[0,"b97DKNeNZDYKzSN3v5KGrU",1],[4,4278190080],[5,1520,720]],[3,"WinCloseBtn",false,[-14],[[2,-12,[10],11],[17,1.1,3,-13]],[0,"e9O8Eq0Q5PXYi2euoYEL75",1],[5,226,74],[-18.476,-181.839,0,0,0,0,1,1,1,0]],[4,"winConten",false,2,[4,-15],[0,"c71FSc8DRNi5WWfZcc+kOX",1],[0,-58.923,0,0,0,0,1,1,1,1]],[4,"luckyBall",false,2,[-16,-17],[0,"45jiiqbktLUIs17Y1vtiCc",1],[-26.376,-235.486,0,0,0,0,1,1,1,1]],[10,"luckbtn",6,[-19],[[2,-18,[16],17]],[0,"32pd6aUYpAP74SU1Pygga0",1],[5,245,88],[150,0,0,0,0,0,1,1,1,1]],[11,"particle",2,[[18,true,false,55,25,22,2,0.25,60,56,30,-1,720,360,1,540,20,12,12,6,-20,[2],[4,4294967295],[4,0],[4,4294967295],[4,0],[0,2,-550],3,4]],[0,"74IhZ78aNMKbH1OuZb5lHt",1],[0,61.153,0,0,0,0,1,1,1,1]],[1,"win",2,[[19,"Armature","newAnimation",0,1,"395267b0-7645-475f-9888-2f147c1e31ab#61487ad4-c048-4104-86a5-eec049eaa77b",-21,[5],6,7]],[0,"73Sg8vZClBjrX6VWkbr614",1],[5,1258,889.2966666666664],[0,14.293,0,0,0,0,1,0.7,0.7,1]],[1,"WinTimeLabel",4,[[5,"10",28,false,1,1,-22,[8],9]],[0,"34Dwllg0dOYqYpaNCn95VP",1],[5,33.25,40],[57.197,25.608,0,0,0,0,1,1,1,1]],[1,"WinLabel",5,[[20,32,false,1,1,-23,[12],13]],[0,"65HyhxvEpLDa9T3lZbJRlA",1],[5,225,40],[-6.617,-14.702,0,0,0,0,1,1,1,1]],[1,"timeLab",7,[[5,"1",25,false,1,1,-24,[14],15]],[0,"fcJPnpRIJO84twjWb5qfS9",1],[5,16.41,40],[79.483,-8.1,0,0,0,0,1,1,1,1]],[1,"closebtn",6,[[2,-25,[18],19]],[0,"b2TfXF2KlMA4PDXIgLbYFu",1],[5,227,86],[-150,0,0,0,0,0,1,1,1,1]]],0,[0,3,1,0,0,1,0,-1,3,0,-2,2,0,-1,8,0,-2,9,0,-3,5,0,-4,6,0,0,3,0,0,3,0,0,3,0,0,4,0,0,4,0,-1,10,0,-2,11,0,-1,7,0,-2,13,0,0,7,0,-1,12,0,0,8,0,0,9,0,0,10,0,0,11,0,0,12,0,0,13,0,4,1,4,5,5,25],[0,0,0,0,0,0,0,0,0,0,0,0,0,0,0,0,0,0,0,0],[-1,1,-1,6,1,-1,7,8,-1,2,-1,1,-1,2,-1,2,-1,1,-1,1],[0,1,0,2,3,0,4,5,0,6,0,7,0,8,0,9,0,10,0,11]]]]