[1,["41D1HPsnNPxIw3bu9td+8y"],["_textureSetter"],["cc.SpriteFrame"],0,[[[{"name":"2_00022","rect":[200,1406,250,196],"offset":[2,0],"originalSize":[280,220],"rotated":1,"capInsets":[0,0,0,0]}],[0],0,[0],[0],[0]],[[{"name":"2_00021","rect":[200,1658,250,196],"offset":[2,0],"originalSize":[280,220],"rotated":1,"capInsets":[0,0,0,0]}],[0],0,[0],[0],[0]],[[{"name":"2_00014","rect":[398,596,250,196],"offset":[2,0],"originalSize":[280,220],"rotated":1,"capInsets":[0,0,0,0]}],[0],0,[0],[0],[0]],[[{"name":"2_00013","rect":[398,848,250,196],"offset":[2,0],"originalSize":[280,220],"rotated":1,"capInsets":[0,0,0,0]}],[0],0,[0],[0],[0]],[[{"name":"2_00016","rect":[1406,398,250,196],"offset":[2,0],"originalSize":[280,220],"capInsets":[0,0,0,0]}],[0],0,[0],[0],[0]],[[{"name":"2_00018","rect":[902,398,250,196],"offset":[2,0],"originalSize":[280,220],"capInsets":[0,0,0,0]}],[0],0,[0],[0],[0]],[[{"name":"2_00027","rect":[1712,200,250,196],"offset":[2,0],"originalSize":[280,220],"capInsets":[0,0,0,0]}],[0],0,[0],[0],[0]],[[{"name":"2_00020","rect":[398,398,250,196],"offset":[2,0],"originalSize":[280,220],"capInsets":[0,0,0,0]}],[0],0,[0],[0],[0]],[[{"name":"2_00002","rect":[596,1298,250,196],"offset":[2,0],"originalSize":[280,220],"rotated":1,"capInsets":[0,0,0,0]}],[0],0,[0],[0],[0]],[[{"name":"2_00037","rect":[2,956,250,196],"offset":[2,0],"originalSize":[280,220],"rotated":1,"capInsets":[0,0,0,0]}],[0],0,[0],[0],[0]],[[{"name":"2_00048","rect":[2,2,250,196],"offset":[2,0],"originalSize":[280,220],"capInsets":[0,0,0,0]}],[0],0,[0],[0],[0]],[[{"name":"2_00043","rect":[1262,2,250,196],"offset":[2,0],"originalSize":[280,220],"capInsets":[0,0,0,0]}],[0],0,[0],[0],[0]],[[{"name":"2_00009","rect":[596,596,250,196],"offset":[2,0],"originalSize":[280,220],"capInsets":[0,0,0,0]}],[0],0,[0],[0],[0]],[[{"name":"2_00011","rect":[398,1352,250,196],"offset":[2,0],"originalSize":[280,220],"rotated":1,"capInsets":[0,0,0,0]}],[0],0,[0],[0],[0]],[[{"name":"2_00010","rect":[398,1604,250,196],"offset":[2,0],"originalSize":[280,220],"rotated":1,"capInsets":[0,0,0,0]}],[0],0,[0],[0],[0]],[[{"name":"2_00044","rect":[1010,2,250,196],"offset":[2,0],"originalSize":[280,220],"capInsets":[0,0,0,0]}],[0],0,[0],[0],[0]],[[{"name":"2_00025","rect":[200,650,250,196],"offset":[2,0],"originalSize":[280,220],"rotated":1,"capInsets":[0,0,0,0]}],[0],0,[0],[0],[0]],[[{"name":"2_00026","rect":[200,398,250,196],"offset":[2,0],"originalSize":[280,220],"rotated":1,"capInsets":[0,0,0,0]}],[0],0,[0],[0],[0]],[[{"name":"2_00046","rect":[506,2,250,196],"offset":[2,0],"originalSize":[280,220],"capInsets":[0,0,0,0]}],[0],0,[0],[0],[0]],[[{"name":"2_00028","rect":[1460,200,250,196],"offset":[2,0],"originalSize":[280,220],"capInsets":[0,0,0,0]}],[0],0,[0],[0],[0]],[[{"name":"2_00031","rect":[704,200,250,196],"offset":[2,0],"originalSize":[280,220],"capInsets":[0,0,0,0]}],[0],0,[0],[0],[0]],[[{"name":"2_00035","rect":[2,1460,250,196],"offset":[2,0],"originalSize":[280,220],"rotated":1,"capInsets":[0,0,0,0]}],[0],0,[0],[0],[0]],[[{"name":"2_00000","rect":[596,1802,250,196],"offset":[2,0],"originalSize":[280,220],"capInsets":[0,0,0,0]}],[0],0,[0],[0],[0]],[[{"name":"2_00041","rect":[1766,2,250,196],"offset":[2,0],"originalSize":[280,220],"capInsets":[0,0,0,0]}],[0],0,[0],[0],[0]],[[{"name":"2_00024","rect":[200,902,250,196],"offset":[2,0],"originalSize":[280,220],"rotated":1,"capInsets":[0,0,0,0]}],[0],0,[0],[0],[0]],[[{"name":"2_00032","rect":[452,200,250,196],"offset":[2,0],"originalSize":[280,220],"capInsets":[0,0,0,0]}],[0],0,[0],[0],[0]],[[{"name":"2_00017","rect":[1154,398,250,196],"offset":[2,0],"originalSize":[280,220],"capInsets":[0,0,0,0]}],[0],0,[0],[0],[0]],[[{"name":"2_00042","rect":[1514,2,250,196],"offset":[2,0],"originalSize":[280,220],"capInsets":[0,0,0,0]}],[0],0,[0],[0],[0]],[[{"name":"2_00003","rect":[596,1046,250,196],"offset":[2,0],"originalSize":[280,220],"rotated":1,"capInsets":[0,0,0,0]}],[0],0,[0],[0],[0]],[[{"name":"2_00033","rect":[200,200,250,196],"offset":[2,0],"originalSize":[280,220],"capInsets":[0,0,0,0]}],[0],0,[0],[0],[0]],[[{"name":"2_00034","rect":[2,1712,250,196],"offset":[2,0],"originalSize":[280,220],"rotated":1,"capInsets":[0,0,0,0]}],[0],0,[0],[0],[0]],[[{"name":"2_00040","rect":[2,200,250,196],"offset":[2,0],"originalSize":[280,220],"rotated":1,"capInsets":[0,0,0,0]}],[0],0,[0],[0],[0]],[[{"name":"2_00004","rect":[596,794,250,196],"offset":[2,0],"originalSize":[280,220],"rotated":1,"capInsets":[0,0,0,0]}],[0],0,[0],[0],[0]],[[{"name":"2_00007","rect":[1100,596,250,196],"offset":[2,0],"originalSize":[280,220],"capInsets":[0,0,0,0]}],[0],0,[0],[0],[0]],[[{"name":"2_00045","rect":[758,2,250,196],"offset":[2,0],"originalSize":[280,220],"capInsets":[0,0,0,0]}],[0],0,[0],[0],[0]],[[{"name":"2_00001","rect":[596,1550,250,196],"offset":[2,0],"originalSize":[280,220],"rotated":1,"capInsets":[0,0,0,0]}],[0],0,[0],[0],[0]],[[{"name":"2_00015","rect":[1658,398,250,196],"offset":[2,0],"originalSize":[280,220],"capInsets":[0,0,0,0]}],[0],0,[0],[0],[0]],[[{"name":"2_00038","rect":[2,704,250,196],"offset":[2,0],"originalSize":[280,220],"rotated":1,"capInsets":[0,0,0,0]}],[0],0,[0],[0],[0]],[[{"name":"2_00005","rect":[1604,596,250,196],"offset":[2,0],"originalSize":[280,220],"capInsets":[0,0,0,0]}],[0],0,[0],[0],[0]],[[{"name":"2_00023","rect":[200,1154,250,196],"offset":[2,0],"originalSize":[280,220],"rotated":1,"capInsets":[0,0,0,0]}],[0],0,[0],[0],[0]],[[{"name":"2_00019","rect":[650,398,250,196],"offset":[2,0],"originalSize":[280,220],"capInsets":[0,0,0,0]}],[0],0,[0],[0],[0]],[[{"name":"2_00039","rect":[2,452,250,196],"offset":[2,0],"originalSize":[280,220],"rotated":1,"capInsets":[0,0,0,0]}],[0],0,[0],[0],[0]],[[{"name":"2_00036","rect":[2,1208,250,196],"offset":[2,0],"originalSize":[280,220],"rotated":1,"capInsets":[0,0,0,0]}],[0],0,[0],[0],[0]],[[{"name":"2_00008","rect":[848,596,250,196],"offset":[2,0],"originalSize":[280,220],"capInsets":[0,0,0,0]}],[0],0,[0],[0],[0]],[[{"name":"2_00012","rect":[398,1100,250,196],"offset":[2,0],"originalSize":[280,220],"rotated":1,"capInsets":[0,0,0,0]}],[0],0,[0],[0],[0]],[[{"name":"2_00030","rect":[956,200,250,196],"offset":[2,0],"originalSize":[280,220],"capInsets":[0,0,0,0]}],[0],0,[0],[0],[0]],[[{"name":"2_00006","rect":[1352,596,250,196],"offset":[2,0],"originalSize":[280,220],"capInsets":[0,0,0,0]}],[0],0,[0],[0],[0]],[[{"name":"2_00029","rect":[1208,200,250,196],"offset":[2,0],"originalSize":[280,220],"capInsets":[0,0,0,0]}],[0],0,[0],[0],[0]],[[{"name":"2_00047","rect":[254,2,250,196],"offset":[2,0],"originalSize":[280,220],"capInsets":[0,0,0,0]}],[0],0,[0],[0],[0]]]]