[1,["60Ll3BKcBONZjaafJ0ooXw","e7dgUrqDpKDIsbnIz5OdzC"],["spriteFrame","_textureSetter"],["cc.SpriteFrame",["cc.BitmapFont",["_name","fontSize","_fntConfig"],0]],[[1,0,1,2,4]],[[[[0,"blueFont",32,{"commonHeight":70,"fontSize":32,"atlasName":"C:\\Users\\Administrator\\Desktop\\blueFont.png","fontDefDictionary":{"9":{"xOffset":0,"yOffset":0,"xAdvance":0,"rect":{"x":0,"y":0,"width":0,"height":0}},"32":{"xOffset":0,"yOffset":0,"xAdvance":22,"rect":{"x":0,"y":0,"width":0,"height":0}},"48":{"xOffset":0,"yOffset":5,"xAdvance":43,"rect":{"x":92,"y":141,"width":39,"height":65}},"49":{"xOffset":0,"yOffset":6,"xAdvance":34,"rect":{"x":137,"y":0,"width":30,"height":63}},"50":{"xOffset":0,"yOffset":5,"xAdvance":43,"rect":{"x":92,"y":0,"width":39,"height":64}},"51":{"xOffset":0,"yOffset":5,"xAdvance":43,"rect":{"x":92,"y":70,"width":39,"height":65}},"52":{"xOffset":0,"yOffset":6,"xAdvance":45,"rect":{"x":0,"y":0,"width":41,"height":63}},"53":{"xOffset":0,"yOffset":6,"xAdvance":44,"rect":{"x":46,"y":140,"width":40,"height":64}},"54":{"xOffset":0,"yOffset":5,"xAdvance":44,"rect":{"x":46,"y":69,"width":40,"height":65}},"55":{"xOffset":0,"yOffset":6,"xAdvance":37,"rect":{"x":47,"y":0,"width":33,"height":63}},"56":{"xOffset":0,"yOffset":5,"xAdvance":44,"rect":{"x":0,"y":140,"width":40,"height":65}},"57":{"xOffset":0,"yOffset":5,"xAdvance":44,"rect":{"x":0,"y":69,"width":40,"height":65}}},"kerningDict":{}}]],0,0,[0],[0],[0]],[[{"name":"blueFont","rect":[0,0,256,256],"offset":[0,0],"originalSize":[256,256],"capInsets":[0,0,0,0]}],[0],0,[0],[1],[1]]]]