[1,["ecpdLyjvZBwrvm+cedCcQy","ceW67okbJGbJxYwd4aEcCz","17c0f4d91","a2MjXRFdtLlYQ5ouAFv/+R","2cnRdkvLhHcp2L1KzAomiD","5f5o/KkxBGp4jvcB5sh5VG","4eODEMGQJIGaUS6BHWwZdS","36NZdIfB9GVbkJGAqM3Oqd"],["node","_spriteFrame","_N$file","_textureSetter","root","data","_parent","_N$dragonAsset","_N$dragonAtlasAsset"],[["cc.Node",["_name","_active","_opacity","_prefab","_children","_components","_contentSize","_parent","_trs","_color"],0,4,2,9,5,1,7,5],["cc.Widget",["_alignFlags","_originalWidth","_originalHeight","node"],0,1],["cc.PrefabInfo",["fileId","root"],2,1],["cc.Sprite",["_sizeMode","node","_materials","_spriteFrame"],2,1,3,6],["cc.Label",["_string","_isSystemFontUsed","_N$horizontalAlign","_N$verticalAlign","_fontSize","node","_materials","_N$file"],-2,1,3,6],"cc.SpriteFrame",["cc.Prefab",["_name"],2],["cc.Button",["zoomScale","_N$transition","clickEvents","node"],0,1],["cc.BlockInputEvents",["node"],3,1],["dragonBones.ArmatureDisplay",["_armatureName","_animationName","_preCacheMode","playTimes","_armatureKey","node","_materials","_N$dragonAsset","_N$dragonAtlasAsset"],-2,1,3,6,6]],[[2,0,1,2],[0,0,7,5,3,6,8,2],[3,1,2,3,1],[6,0,2],[0,0,1,4,5,3,6,8,3],[0,0,4,5,3,6,8,2],[0,0,2,7,5,3,9,6,3],[0,0,7,4,3,2],[0,0,7,4,5,3,6,8,2],[0,0,1,7,4,3,3],[1,0,3,2],[1,0,1,2,3,4],[2,1,1],[3,0,1,2,3,2],[7,0,1,2,3,4],[8,0,1],[9,0,1,2,3,4,5,6,7,8,6],[4,0,1,2,3,5,6,7,5],[4,0,4,1,2,3,5,6,7,6]],[[[{"name":"wen an","rect":[3,113,431,79],"offset":[-1,-1],"originalSize":[441,99],"capInsets":[0,0,0,0]}],[5],0,[0],[3],[2]],[[[3,"freeSpinNode"],[4,"freeSpinNode",false,[-3,-4],[[10,45,-2]],[12,-1],[5,1520,720],[760,360,0,0,0,0,1,1,1,1]],[5,"freeStartBtn",[-7,-8],[[2,-5,[11],12],[14,1.1,3,[null],-6]],[0,"47amjxylBEgqHMztzdsTWr",1],[5,158,72],[0,-272.564,0,0,0,0,1,1,1,0]],[6,"bg",160,1,[[13,0,-9,[0],1],[11,45,100,100,-10],[15,-11]],[0,"69vr6VEeJI8441niP4PKMw",1],[4,4278190080],[5,1520,720]],[7,"node",1,[-12,-13],[0,"10FGXwDbpMDLDrpBIG7SpF",1]],[8,"freeSpinAni",4,[-15],[[16,"Armature","newAnimation",0,1,"5fe68fca-9310-46a7-88ef-701e6c879546#4e38310c-1902-4819-a512-e811d6c19752",-14,[4],5,6]],[0,"48vLeIZRtNbIEj7MD6Bv4t",1],[5,562.1999999999999,592.875720522575],[0,29.415,0,0,0,0,1,1,1,1]],[1,"wen an",5,[[2,-16,[2],3]],[0,"9a1rx1+YRLdKdSlGoRMnex",1],[5,429,89],[0,-193.715,0,0,0,0,1,1,1,1]],[9,"freeConten",false,4,[2],[0,"2cxRR0gtxHPp68kqtCw1A9",1]],[1,"freeSpinTimeLabel",2,[[17,"5",false,1,1,-17,[7],8]],[0,"8dwaa2mFpC7KMbkjDUzOce",1],[5,22.2,50.4],[45.501,0.112,0,0,0,0,1,1,1,1]],[1,"Start",2,[[18,"Start",35,false,1,1,-18,[9],10]],[0,"33WFDnlRhGQ7Htqwfn2y0n",1],[5,76.93,50.4],[-14.376,0,0,0,0,0,1,1,1,1]]],0,[0,4,1,0,0,1,0,-1,3,0,-2,4,0,0,2,0,0,2,0,-1,8,0,-2,9,0,0,3,0,0,3,0,0,3,0,-1,5,0,-2,7,0,0,5,0,-1,6,0,0,6,0,0,8,0,0,9,0,5,1,2,6,7,18],[0,0,0,0,0,0,0,0,0,0,0,0,0],[-1,1,-1,1,-1,7,8,-1,2,-1,2,-1,1],[0,3,0,4,0,5,6,0,1,0,1,0,7]]]]