[1,["ecpdLyjvZBwrvm+cedCcQy","ceW67okbJGbJxYwd4aEcCz","a2MjXRFdtLlYQ5ouAFv/+R","02gb3T0mhHpZ6Pp4fRrKan","badN1P2PtEA4fJd9KadG6a","f9HglkwCJICYqpUSWLtzEq","81euUZstZAlbHM3Za3wfdv","36NZdIfB9GVbkJGAqM3Oqd","8fjkNLtLRKqru8o0yceVAz","e6ffVbJWRKn7VTKpevmQzP","6eyQ16OWhPpa5aur4fgF/N","b7UrJB07xJv5EqNJGvuPG2","1bvDGd17VDoqTPdVFf8yyc"],["node","_spriteFrame","_N$file","_parent","root","data","_file","_N$dragonAsset","_N$dragonAtlasAsset","_textureSetter"],[["cc.Node",["_name","_active","_opacity","_prefab","_trs","_parent","_children","_components","_contentSize","_color"],0,4,7,1,2,9,5,5],["cc.Sprite",["_sizeMode","_type","node","_materials","_spriteFrame"],1,1,3,6],["cc.Widget",["_alignFlags","_originalWidth","_originalHeight","node"],0,1],["cc.PrefabInfo",["fileId","root"],2,1],["cc.Label",["_string","_isSystemFontUsed","_N$horizontalAlign","_N$verticalAlign","_fontSize","node","_materials","_N$file"],-2,1,3,6],"cc.SpriteFrame",["cc.ParticleAsset",["_name","_native"],1],["cc.Prefab",["_name"],2],["cc.Button",["zoomScale","_N$transition","node"],1,1],["cc.BlockInputEvents",["node"],3,1],["cc.ParticleSystem",["_custom","playOnLoad","totalParticles","duration","emissionRate","life","lifeVar","angleVar","startSize","startSizeVar","endSize","startSpinVar","endSpin","_positionType","speed","speedVar","tangentialAccel","tangentialAccelVar","radialAccel","node","_materials","_startColor","_startColorVar","_endColor","_endColorVar","gravity","_file","_spriteFrame"],-16,1,3,8,8,8,8,5,6,6],["dragonBones.ArmatureDisplay",["_armatureName","_animationName","_preCacheMode","_armatureKey","node","_materials","_N$dragonAsset","_N$dragonAtlasAsset"],-1,1,3,6,6],["dragonBones.DragonBonesAsset",["_name","_dragonBonesJson"],1]],[[3,0,1,2],[0,0,5,7,3,8,4,2],[8,0,1,2,3],[4,0,4,1,2,3,5,6,7,6],[0,0,6,7,3,8,4,2],[1,2,3,4,1],[6,0,1,3],[7,0,2],[0,0,5,6,3,4,2],[0,0,1,6,7,3,8,4,3],[0,0,2,5,7,3,9,8,3],[0,0,1,5,6,3,4,3],[0,0,1,5,6,3,8,4,3],[0,0,5,7,3,2],[2,0,3,2],[2,0,1,2,3,4],[3,1,1],[1,1,0,2,3,4,3],[1,0,2,3,4,2],[9,0,1],[10,0,1,2,3,4,5,6,7,8,9,10,11,12,13,14,15,16,17,18,19,20,21,22,23,24,25,26,27,20],[11,0,1,2,3,4,5,6,7,5],[4,0,1,2,3,5,6,7,5],[12,0,1,3]],[[[[6,"particle_coins",".plist"],-1],0,0,[],[],[]],[[[7,"bigWinNode"],[4,"bigWinNode",[-3,-4],[[14,45,-2]],[16,-1],[5,1520,720],[760,360,0,0,0,0,1,1,1,1]],[8,"node",1,[-5,-6,-7,-8],[0,"fcWemAL/FJPZ0+WjpYvxX/",1],[0,200.259,0,0,0,0,1,1,1,1]],[9,"WinCloseBtn",false,[-11,-12],[[17,1,0,-9,[12],13],[2,1.1,3,-10]],[0,"e9O8Eq0Q5PXYi2euoYEL75",1],[5,180.4,76],[-8.7,-280,0,0,0,0,1,1,1,0]],[10,"bg",160,1,[[18,0,-13,[0],1],[15,45,100,100,-14],[19,-15]],[0,"b97DKNeNZDYKzSN3v5KGrU",1],[4,4278190080],[5,1520,720]],[4,"luckbtn",[-18],[[5,-16,[20],21],[2,1.1,3,-17]],[0,"31ZYsAfGFP8r6Hyw5KLFIX",1],[5,245,88],[150,0,0,0,0,0,1,1,1,0]],[11,"winConten",false,2,[3,-19],[0,"c71FSc8DRNi5WWfZcc+kOX",1],[0,40.659,0,0,0,0,1,1,1,1]],[12,"luckyBall",false,2,[-20,5],[0,"feqPffIgZIAIDaojO6jggN",1],[5,100,50],[0,-376.338,0,0,0,0,1,1,1,0]],[1,"closebtn",7,[[5,-21,[16],17],[2,1.1,3,-22]],[0,"b99U9vIF5Drqf4rQXGtlEV",1],[5,227,86],[-150,0,0,0,0,0,1,1,1,0]],[13,"particle",2,[[20,true,false,55,25,22,2,0.25,60,56,30,-1,720,360,1,540,20,12,12,6,-23,[2],[4,4294967295],[4,0],[4,4294967295],[4,0],[0,2,-550],3,4]],[0,"74IhZ78aNMKbH1OuZb5lHt",1]],[1,"win",2,[[21,"Armature","newAnimation",0,"f91e0964-c022-4809-8aa9-51258bb7312a#817ae519-b2d6-4095-b1cc-dd96b7c1f76f",-24,[5],6,7]],[0,"44vUYOAqVFG6zQRrsRteZx",1],[5,616,495],[0,-58.689,0,0,0,0,1,1,1,1]],[1,"WinTimeLabel",3,[[22,"5",false,1,1,-25,[8],9]],[0,"34Dwllg0dOYqYpaNCn95VP",1],[5,22.2,50.4],[56.958,-0.418,0,0,0,0,1,1,1,1]],[1,"collect",3,[[3,"Collect",35,false,1,1,-26,[10],11]],[0,"23IdtnB5BDUrmjCuA4lJiR",1],[5,107.27,50.4],[-14.265,-0.418,0,0,0,0,1,1,1,1]],[1,"WinLabel",6,[[3,"15151515",32,false,1,1,-27,[14],15]],[0,"65HyhxvEpLDa9T3lZbJRlA",1],[5,251,40],[0,-269.947,0,0,0,0,1,1,1,1]],[1,"timeLab",5,[[3,"1",25,false,1,1,-28,[18],19]],[0,"9aLBksYHNDsKPLj3vAha0V",1],[5,16.41,40],[83.343,-5,0,0,0,0,1,1,1,1]]],0,[0,4,1,0,0,1,0,-1,4,0,-2,2,0,-1,9,0,-2,10,0,-3,6,0,-4,7,0,0,3,0,0,3,0,-1,11,0,-2,12,0,0,4,0,0,4,0,0,4,0,0,5,0,0,5,0,-1,14,0,-2,13,0,-1,8,0,0,8,0,0,8,0,0,9,0,0,10,0,0,11,0,0,12,0,0,13,0,0,14,0,5,1,3,3,6,5,3,7,28],[0,0,0,0,0,0,0,0,0,0,0,0,0,0,0,0,0,0,0,0,0,0],[-1,1,-1,6,1,-1,7,8,-1,2,-1,2,-1,1,-1,2,-1,1,-1,2,-1,1],[0,2,0,3,4,0,5,6,0,1,0,1,0,7,0,8,0,9,0,10,0,11]],[[{"name":"particle_coins","rect":[10,4,59,72],"offset":[-0.5,0],"originalSize":[80,80],"capInsets":[0,0,0,0]}],[5],0,[0],[9],[12]],[[[23,"bigwin_ske","{\"frameRate\":24,\"isGlobal\":0,\"armature\":[{\"bone\":[{\"name\":\"root\",\"transform\":{}},{\"transform\":{},\"name\":\"bigwin\",\"parent\":\"root\"},{\"transform\":{\"y\":123,\"x\":-6},\"name\":\"bone\",\"parent\":\"bigwin\"},{\"transform\":{\"y\":-52,\"x\":-6},\"name\":\"bone1\",\"parent\":\"bigwin\"},{\"transform\":{},\"name\":\"bone11\",\"parent\":\"bigwin\"},{\"transform\":{\"y\":-11.6534},\"name\":\"bone12\",\"parent\":\"bigwin\"},{\"transform\":{},\"name\":\"bone10\",\"parent\":\"bigwin\"},{\"transform\":{\"y\":13,\"x\":-192},\"name\":\"bone8\",\"parent\":\"bone\"},{\"transform\":{\"y\":-1,\"x\":179},\"name\":\"bone7\",\"parent\":\"bone\"},{\"transform\":{\"y\":-33,\"x\":174},\"name\":\"bone6\",\"parent\":\"bone\"},{\"transform\":{\"y\":7,\"x\":191},\"name\":\"bone9\",\"parent\":\"bone\"},{\"transform\":{\"y\":-34,\"x\":-170},\"name\":\"bone4\",\"parent\":\"bone\"},{\"transform\":{\"y\":-2,\"x\":-171},\"name\":\"bone5\",\"parent\":\"bone\"},{\"transform\":{\"y\":-25,\"x\":-3},\"name\":\"bone2\",\"parent\":\"bone\"},{\"transform\":{\"y\":53,\"x\":2},\"name\":\"bone3\",\"parent\":\"bone\"}],\"animation\":[{\"playTimes\":0,\"bone\":[{\"frame\":[{\"transform\":{},\"duration\":60}],\"name\":\"root\"},{\"frame\":[{\"transform\":{},\"duration\":50},{\"transform\":{},\"duration\":10}],\"name\":\"bigwin\"},{\"frame\":[{\"tweenEasing\":0,\"transform\":{\"scY\":0.1,\"y\":101.3535,\"scX\":0.1},\"duration\":4},{\"tweenEasing\":0,\"transform\":{},\"duration\":2},{\"tweenEasing\":0,\"transform\":{\"y\":67.2812},\"duration\":2},{\"tweenEasing\":0,\"transform\":{},\"duration\":2},{\"tweenEasing\":0,\"transform\":{\"y\":-19.5333},\"duration\":1},{\"transform\":{},\"duration\":49}],\"name\":\"bone\"},{\"frame\":[{\"tweenEasing\":0,\"transform\":{\"y\":-217.9912},\"duration\":4},{\"tweenEasing\":0,\"transform\":{},\"duration\":2},{\"tweenEasing\":0,\"transform\":{\"y\":63.2878},\"duration\":2},{\"tweenEasing\":0,\"transform\":{},\"duration\":2},{\"tweenEasing\":0,\"transform\":{\"y\":-20.0541},\"duration\":1},{\"transform\":{},\"duration\":49}],\"name\":\"bone1\"},{\"frame\":[{\"transform\":{},\"duration\":60}],\"name\":\"bone2\"},{\"frame\":[{\"transform\":{},\"duration\":60}],\"name\":\"bone3\"},{\"frame\":[{\"tweenEasing\":0,\"transform\":{\"y\":24.6383,\"x\":39.6951},\"duration\":5},{\"tweenEasing\":0,\"transform\":{\"skX\":-21.6072,\"skY\":-21.6072},\"duration\":3},{\"tweenEasing\":0,\"transform\":{\"skX\":14.0162,\"skY\":14.0162},\"duration\":5},{\"tweenEasing\":0,\"transform\":{\"skX\":-13.7805,\"skY\":-13.7805},\"duration\":4},{\"transform\":{\"skX\":5.7824,\"skY\":5.7824},\"duration\":43}],\"name\":\"bone4\"},{\"frame\":[{\"tweenEasing\":0,\"transform\":{\"y\":23.2695,\"x\":42.4326},\"duration\":5},{\"tweenEasing\":0,\"transform\":{\"skX\":-17.6066,\"skY\":-17.6066},\"duration\":3},{\"tweenEasing\":0,\"transform\":{\"skX\":19.3636,\"skY\":19.3636},\"duration\":5},{\"tweenEasing\":0,\"transform\":{\"skX\":-12.0216,\"skY\":-12.0216},\"duration\":4},{\"transform\":{\"skX\":5.7824,\"skY\":5.7824},\"duration\":43}],\"name\":\"bone5\"},{\"frame\":[{\"tweenEasing\":0,\"transform\":{\"y\":24.6383,\"x\":-43.8014},\"duration\":5},{\"tweenEasing\":0,\"transform\":{\"skX\":16.934,\"skY\":16.934},\"duration\":3},{\"tweenEasing\":0,\"transform\":{\"skX\":-25.2307,\"skY\":-25.2307},\"duration\":5},{\"tweenEasing\":0,\"transform\":{\"skX\":10.7706,\"skY\":10.7706},\"duration\":4},{\"transform\":{\"skX\":-7.5002,\"skY\":-7.5002},\"duration\":43}],\"name\":\"bone6\"},{\"frame\":[{\"tweenEasing\":0,\"transform\":{\"y\":21.9007,\"x\":-43.8014},\"duration\":5},{\"tweenEasing\":0,\"transform\":{\"skX\":14.9962,\"skY\":14.9962},\"duration\":3},{\"tweenEasing\":0,\"transform\":{\"skX\":-28.1906,\"skY\":-28.1906},\"duration\":5},{\"tweenEasing\":0,\"transform\":{\"skX\":12.1408,\"skY\":12.1408},\"duration\":4},{\"transform\":{\"skX\":-7.5002,\"skY\":-7.5002},\"duration\":43}],\"name\":\"bone7\"},{\"frame\":[{\"tweenEasing\":0,\"transform\":{\"y\":31.4823,\"x\":61.5958},\"duration\":5},{\"tweenEasing\":0,\"transform\":{\"skX\":-33.445,\"skY\":-33.445},\"duration\":3},{\"tweenEasing\":0,\"transform\":{\"skX\":10.6927,\"skY\":10.6927},\"duration\":5},{\"tweenEasing\":0,\"transform\":{\"skX\":-22.2502,\"skY\":-22.2502},\"duration\":4},{\"transform\":{},\"duration\":43}],\"name\":\"bone8\"},{\"frame\":[{\"tweenEasing\":0,\"transform\":{\"y\":31.4823,\"x\":-67.071},\"duration\":5},{\"tweenEasing\":0,\"transform\":{\"skX\":24.8325,\"skY\":24.8325},\"duration\":3},{\"tweenEasing\":0,\"transform\":{\"skX\":-17.2923,\"skY\":-17.2923},\"duration\":5},{\"tweenEasing\":0,\"transform\":{\"skX\":14.9737,\"skY\":14.9737},\"duration\":4},{\"transform\":{},\"duration\":43}],\"name\":\"bone9\"},{\"frame\":[{\"tweenEasing\":0,\"transform\":{},\"duration\":8},{\"tweenEasing\":0,\"transform\":{\"scY\":0.45,\"scX\":0.45},\"duration\":10},{\"tweenEasing\":0,\"transform\":{\"scY\":0.95,\"skX\":-90,\"skY\":-90,\"scX\":0.95},\"duration\":1},{\"transform\":{\"skX\":-99,\"skY\":-99},\"duration\":9},{\"transform\":{\"skX\":-180,\"skY\":-180},\"duration\":32}],\"name\":\"bone10\"},{\"frame\":[{\"tweenEasing\":0,\"transform\":{\"skX\":2.3038,\"skY\":2.3038},\"duration\":7},{\"tweenEasing\":0,\"transform\":{\"scY\":0.3,\"scX\":0.3},\"duration\":11},{\"tweenEasing\":0,\"transform\":{\"scY\":1.4524,\"skX\":90,\"skY\":90,\"scX\":1.4524},\"duration\":10},{\"transform\":{\"scY\":2.5,\"skX\":180,\"skY\":180,\"scX\":2.5},\"duration\":32}],\"name\":\"bone11\"},{\"frame\":[{\"tweenEasing\":0,\"transform\":{\"scY\":1.7,\"scX\":1.7},\"duration\":15},{\"tweenEasing\":0,\"transform\":{\"scY\":1.7,\"skX\":45,\"skY\":45,\"scX\":1.7},\"duration\":15},{\"tweenEasing\":0,\"transform\":{\"scY\":1.7,\"skX\":90,\"skY\":90,\"scX\":1.7},\"duration\":15},{\"tweenEasing\":0,\"transform\":{\"scY\":1.7,\"skX\":135,\"skY\":135,\"scX\":1.7},\"duration\":15},{\"transform\":{\"scY\":1.7,\"skX\":180,\"skY\":180,\"scX\":1.7},\"duration\":0}],\"name\":\"bone12\"}],\"slot\":[{\"frame\":[{\"tweenEasing\":0,\"color\":{\"aM\":0},\"duration\":15},{\"tweenEasing\":0,\"duration\":30},{\"tweenEasing\":0,\"duration\":15},{\"tweenEasing\":null,\"color\":{\"aM\":0},\"duration\":0}],\"name\":\"13d0ccc819103952f2e195a952ad6fb\"},{\"frame\":[{\"tweenEasing\":0,\"color\":{\"aM\":0},\"duration\":5},{\"tweenEasing\":null,\"duration\":55}],\"name\":\"麦子\"},{\"frame\":[{\"tweenEasing\":0,\"color\":{\"aM\":0},\"duration\":5},{\"tweenEasing\":null,\"duration\":55}],\"name\":\"laba1\"},{\"frame\":[{\"tweenEasing\":0,\"color\":{\"aM\":0},\"duration\":5},{\"tweenEasing\":null,\"duration\":55}],\"name\":\"laba2\"},{\"frame\":[{\"tweenEasing\":0,\"color\":{\"aM\":0},\"duration\":5},{\"tweenEasing\":null,\"duration\":55}],\"name\":\"麦子_拷贝\"},{\"frame\":[{\"tweenEasing\":0,\"color\":{\"aM\":0},\"duration\":5},{\"tweenEasing\":null,\"duration\":55}],\"name\":\"laba1_拷贝\"},{\"frame\":[{\"tweenEasing\":0,\"color\":{\"aM\":0},\"duration\":5},{\"tweenEasing\":null,\"duration\":55}],\"name\":\"laba2_拷贝\"},{\"frame\":[{\"tweenEasing\":0,\"color\":{\"aM\":0},\"duration\":5},{\"tweenEasing\":null,\"duration\":55}],\"name\":\"图层_1\"},{\"frame\":[{\"tweenEasing\":0,\"color\":{\"aM\":0},\"duration\":5},{\"tweenEasing\":null,\"duration\":55}],\"name\":\"图层_2\"},{\"frame\":[{\"tweenEasing\":0,\"color\":{\"aM\":0},\"duration\":4},{\"tweenEasing\":null,\"duration\":56}],\"name\":\"图层_3\"},{\"frame\":[{\"tweenEasing\":0,\"color\":{\"aM\":0},\"duration\":8},{\"tweenEasing\":0,\"color\":{\"aM\":0},\"duration\":11},{\"tweenEasing\":0,\"duration\":9},{\"tweenEasing\":null,\"color\":{\"aM\":0},\"duration\":32}],\"name\":\"798048dd7ba70216420540367fe9704\"},{\"frame\":[{\"tweenEasing\":0,\"color\":{\"aM\":0},\"duration\":7},{\"tweenEasing\":0,\"color\":{\"aM\":0},\"duration\":11},{\"tweenEasing\":0,\"duration\":10},{\"tweenEasing\":null,\"color\":{\"aM\":0},\"duration\":32}],\"name\":\"gggg\"}],\"ffd\":[],\"frame\":[],\"name\":\"newAnimation\",\"duration\":60,\"ik\":[]}],\"type\":\"Armature\",\"frameRate\":24,\"aabb\":{\"width\":616,\"y\":-247.5,\"height\":495,\"x\":-308},\"skin\":[{\"slot\":[{\"display\":[{\"path\":\"Gigwin/图层_3\",\"type\":\"image\",\"name\":\"Gigwin/图层_3\",\"transform\":{\"y\":-18.5,\"x\":0.5}}],\"name\":\"图层_3\"},{\"display\":[{\"path\":\"Gigwin/laba2\",\"type\":\"image\",\"name\":\"Gigwin/laba2\",\"transform\":{\"y\":-21.5,\"x\":-22.5}}],\"name\":\"laba2\"},{\"display\":[{\"path\":\"Gigwin/laba1\",\"type\":\"image\",\"name\":\"Gigwin/laba1\",\"transform\":{\"y\":-8.5,\"x\":-33.5}}],\"name\":\"laba1\"},{\"display\":[{\"path\":\"Gigwin/图层_2\",\"type\":\"image\",\"name\":\"Gigwin/图层_2\",\"transform\":{\"y\":0.5,\"x\":4}}],\"name\":\"图层_2\"},{\"display\":[{\"path\":\"Gigwin/13d0ccc819103952f2e195a952ad6fb\",\"type\":\"image\",\"name\":\"Gigwin/13d0ccc819103952f2e195a952ad6fb\",\"transform\":{\"y\":-1.4797,\"x\":-0.5}}],\"name\":\"13d0ccc819103952f2e195a952ad6fb\"},{\"display\":[{\"path\":\"Gigwin/gggg\",\"type\":\"image\",\"name\":\"Gigwin/gggg\",\"transform\":{\"y\":-0.5}}],\"blendMode\":\"add\",\"name\":\"gggg\"},{\"display\":[{\"path\":\"Gigwin/麦子_拷贝\",\"type\":\"image\",\"name\":\"Gigwin/麦子_拷贝\",\"transform\":{\"y\":-49.5,\"x\":56.5}}],\"name\":\"麦子_拷贝\"},{\"display\":[{\"path\":\"Gigwin/laba2_拷贝\",\"type\":\"image\",\"name\":\"Gigwin/laba2_拷贝\",\"transform\":{\"y\":-22.5,\"x\":30.5}}],\"name\":\"laba2_拷贝\"},{\"display\":[{\"path\":\"Gigwin/图层_1\",\"type\":\"image\",\"name\":\"Gigwin/图层_1\",\"transform\":{\"y\":-32,\"x\":-3}}],\"name\":\"图层_1\"},{\"display\":[{\"path\":\"Gigwin/麦子\",\"type\":\"image\",\"name\":\"Gigwin/麦子\",\"transform\":{\"y\":-55.5,\"x\":-43.5}}],\"name\":\"麦子\"},{\"display\":[{\"path\":\"Gigwin/798048dd7ba70216420540367fe9704\",\"type\":\"image\",\"name\":\"Gigwin/798048dd7ba70216420540367fe9704\",\"transform\":{\"x\":0.5}}],\"blendMode\":\"add\",\"name\":\"798048dd7ba70216420540367fe9704\"},{\"display\":[{\"path\":\"Gigwin/laba1_拷贝\",\"type\":\"image\",\"name\":\"Gigwin/laba1_拷贝\",\"transform\":{\"y\":-9.5,\"x\":37.5}}],\"name\":\"laba1_拷贝\"}],\"name\":\"\"}],\"defaultActions\":[{\"gotoAndPlay\":\"newAnimation\"}],\"ik\":[],\"name\":\"Armature\",\"slot\":[{\"name\":\"13d0ccc819103952f2e195a952ad6fb\",\"parent\":\"bone12\",\"color\":{\"aM\":0}},{\"z\":1,\"name\":\"麦子\",\"parent\":\"bone8\",\"color\":{}},{\"z\":2,\"name\":\"laba1\",\"parent\":\"bone5\",\"color\":{}},{\"z\":3,\"name\":\"laba2\",\"parent\":\"bone4\",\"color\":{}},{\"z\":4,\"name\":\"麦子_拷贝\",\"parent\":\"bone9\",\"color\":{}},{\"z\":5,\"name\":\"laba1_拷贝\",\"parent\":\"bone7\",\"color\":{}},{\"z\":6,\"name\":\"laba2_拷贝\",\"parent\":\"bone6\",\"color\":{}},{\"z\":7,\"name\":\"图层_1\",\"parent\":\"bone2\",\"color\":{}},{\"z\":8,\"name\":\"图层_2\",\"parent\":\"bone3\",\"color\":{}},{\"z\":9,\"name\":\"图层_3\",\"parent\":\"bone1\",\"color\":{\"aM\":0}},{\"blendMode\":\"add\",\"z\":10,\"parent\":\"bone10\",\"name\":\"798048dd7ba70216420540367fe9704\",\"color\":{\"aM\":0}},{\"blendMode\":\"add\",\"z\":11,\"parent\":\"bone11\",\"name\":\"gggg\",\"color\":{\"aM\":0}}]}],\"name\":\"bigwin\",\"version\":\"4.0\"}"]],0,0,[],[],[]]]]