[1,["7eiySrF/JN/IWYF+Z4HtBN","2fvHAgHsNE0rA5S7uKQdQN"],["_textureSetter","spriteFrame"],["cc.SpriteFrame",["cc.BitmapFont",["_name","fontSize","_fntConfig"],0]],[[1,0,1,2,4]],[[[{"name":"candyzpsz-export","rect":[0,0,204,224],"offset":[-26,16],"originalSize":[256,256],"capInsets":[0,0,0,0]}],[0],0,[0],[0],[0]],[[[0,"candyzpsz-export",32,{"commonHeight":90,"fontSize":32,"atlasName":"candyzpsz-export.png","fontDefDictionary":{"9":{"xOffset":0,"yOffset":0,"xAdvance":5248,"rect":{"x":0,"y":0,"width":0,"height":0}},"32":{"xOffset":0,"yOffset":0,"xAdvance":656,"rect":{"x":0,"y":0,"width":0,"height":0}},"37":{"xOffset":0,"yOffset":60,"xAdvance":73,"rect":{"x":0,"y":0,"width":32,"height":31}},"43":{"xOffset":0,"yOffset":64,"xAdvance":63,"rect":{"x":148,"y":56,"width":22,"height":23}},"44":{"xOffset":0,"yOffset":79,"xAdvance":52,"rect":{"x":193,"y":0,"width":11,"height":16}},"45":{"xOffset":0,"yOffset":73,"xAdvance":56,"rect":{"x":148,"y":213,"width":15,"height":11}},"46":{"xOffset":0,"yOffset":79,"xAdvance":52,"rect":{"x":188,"y":213,"width":11,"height":11}},"48":{"xOffset":0,"yOffset":60,"xAdvance":63,"rect":{"x":101,"y":168,"width":22,"height":31}},"49":{"xOffset":0,"yOffset":60,"xAdvance":58,"rect":{"x":151,"y":0,"width":17,"height":30}},"50":{"xOffset":0,"yOffset":60,"xAdvance":62,"rect":{"x":148,"y":104,"width":21,"height":30}},"51":{"xOffset":0,"yOffset":60,"xAdvance":63,"rect":{"x":104,"y":0,"width":22,"height":31}},"52":{"xOffset":0,"yOffset":61,"xAdvance":65,"rect":{"x":52,"y":111,"width":24,"height":29}},"53":{"xOffset":0,"yOffset":61,"xAdvance":63,"rect":{"x":54,"y":56,"width":22,"height":30}},"54":{"xOffset":0,"yOffset":60,"xAdvance":63,"rect":{"x":101,"y":112,"width":22,"height":31}},"55":{"xOffset":0,"yOffset":61,"xAdvance":62,"rect":{"x":148,"y":159,"width":21,"height":29}},"56":{"xOffset":0,"yOffset":60,"xAdvance":63,"rect":{"x":57,"y":0,"width":22,"height":31}},"57":{"xOffset":0,"yOffset":60,"xAdvance":63,"rect":{"x":101,"y":56,"width":22,"height":31}},"66":{"xOffset":0,"yOffset":60,"xAdvance":70,"rect":{"x":0,"y":56,"width":29,"height":30}},"75":{"xOffset":0,"yOffset":60,"xAdvance":68,"rect":{"x":0,"y":111,"width":27,"height":30}},"77":{"xOffset":0,"yOffset":60,"xAdvance":67,"rect":{"x":0,"y":166,"width":26,"height":30}},"84":{"xOffset":0,"yOffset":60,"xAdvance":66,"rect":{"x":51,"y":166,"width":25,"height":30}}},"kerningDict":{}}]],0,0,[0],[1],[1]]]]