[1,["ecpdLyjvZBwrvm+cedCcQy","a2MjXRFdtLlYQ5ouAFv/+R","81uem6CmlDdrA7AJswj4Fh","b9d9kqHhVGLqN+ojSMe8r4","e7SwwejLlBaZhzUOqBR3im","2cX3F6lHxKqbSa1x8HXTr4","84iScrhVRPr4CoVio+Qj6I","6eyQ16OWhPpa5aur4fgF/N","5ckis9fDNIwLXXJpI2fbgb","cbU/DygfFGd5Uqex2LORFZ"],["node","_spriteFrame","_N$file","root","data","_parent","_N$dragonAsset","_N$dragonAtlasAsset"],[["cc.Node",["_name","_active","_opacity","_prefab","_trs","_parent","_children","_components","_contentSize","_color"],0,4,7,1,2,9,5,5],["cc.Label",["_fontSize","_isSystemFontUsed","_N$horizontalAlign","_N$verticalAlign","_lineHeight","_spacingX","_N$overflow","_string","node","_materials","_N$file"],-5,1,3,6],["cc.Widget",["_alignFlags","_originalWidth","_originalHeight","node"],0,1],["cc.PrefabInfo",["fileId","root"],2,1],["cc.Sprite",["_sizeMode","node","_materials","_spriteFrame"],2,1,3,6],["cc.Prefab",["_name"],2],["cc.BlockInputEvents",["node"],3,1],["cc.Button",["zoomScale","_N$transition","node"],1,1],["dragonBones.ArmatureDisplay",["_armatureName","_animationName","_preCacheMode","playTimes","_armatureKey","node","_materials","_N$dragonAsset","_N$dragonAtlasAsset"],-2,1,3,6,6],["dragonBones.DragonBonesAsset",["_name","_dragonBonesJson"],1]],[[3,0,1,2],[0,0,5,7,3,8,4,2],[4,1,2,3,1],[0,0,1,6,7,3,8,4,3],[0,0,5,6,3,4,2],[5,0,2],[0,0,2,5,7,3,9,8,3],[0,0,1,5,6,3,4,3],[0,0,5,6,7,3,8,4,2],[2,0,3,2],[2,0,1,2,3,4],[3,1,1],[4,0,1,2,3,2],[6,0,1],[7,0,1,2,3],[8,0,1,2,3,4,5,6,7,8,6],[1,0,1,2,3,8,9,10,5],[1,0,4,1,5,2,3,6,8,9,10,8],[1,7,0,1,2,3,8,9,10,6],[9,0,1,3]],[[[[5,"freeOverNode"],[3,"freeOverNode",false,[-3,-4],[[9,45,-2]],[11,-1],[5,1520,720],[760,360,0,0,0,0,1,1,1,1]],[6,"bg",160,1,[[12,0,-5,[0],1],[10,45,100,100,-6],[13,-7]],[0,"e79tUX0+VFa6nnU/kw4M1w",1],[4,4278190080],[5,1520,720]],[4,"node",1,[-8,-9,-10],[0,"97B/j9zV1KwKq1UzJaOKg8",1],[0,31.46,0,0,0,0,1,1,1,1]],[3,"freeCloseBtn",false,[-13],[[2,-11,[7],8],[14,1.1,3,-12]],[0,"28vtjQey9N0LfbZzoNqDbd",1],[5,226,74],[0,-257.691,0,0,0,0,1,1,1,0]],[4,"freeoverConten",3,[4,-14],[0,"79yNytfDtJU79Yb+6F9ciL",1],[0,-43,0,0,0,0,1,1,1,1]],[7,"luckyBall",false,3,[-15,-16],[0,"14zYxDwQ5EW6ZOUek95CMH",1],[0,-302.043,0,0,0,0,1,1,1,1]],[8,"luckbtn",6,[-18],[[2,-17,[13],14]],[0,"51YC/9pZxEvIxPZw9hfyYm",1],[5,245,88],[150,0,0,0,0,0,1,1,1,1]],[1,"freeoverAni",3,[[15,"Armature","newAnimation",0,1,"81b9e9ba-0a69-4376-b03b-009b308f8161#b977d92a-1e15-462e-a37e-a2348c7bcaf8",-19,[2],3,4]],[0,"77N3b/vyBJi5BWHbhSQ1tC",1],[5,709,693],[0,-0.307,0,0,0,0,1,1,1,1]],[1,"freeCloseTimeLabel",4,[[16,28,false,1,1,-20,[5],6]],[0,"9aPyqhkm5MepoIa4rxZbdm",1],[5,0,40],[57.579,25.608,0,0,0,0,1,1,1,1]],[1,"freewinLabel",5,[[17,48,90,false,-58,1,1,3,-21,[9],10]],[0,"39h20D0eNNBY3rk2ln2rDM",1],[5,442,90],[0,-26.182,0,0,0,0,1,1,1,1]],[1,"timeLab",7,[[18,"1",25,false,1,1,-22,[11],12]],[0,"f08lf9THhIW7pQg3hXbRsh",1],[5,16.41,40],[82,-5,0,0,0,0,1,1,1,1]],[1,"closebtn",6,[[2,-23,[15],16]],[0,"2dsoyZRGREn7K5rzPeZZhf",1],[5,227,86],[-150,0,0,0,0,0,1,1,1,1]]],0,[0,3,1,0,0,1,0,-1,2,0,-2,3,0,0,2,0,0,2,0,0,2,0,-1,8,0,-2,5,0,-3,6,0,0,4,0,0,4,0,-1,9,0,-2,10,0,-1,7,0,-2,12,0,0,7,0,-1,11,0,0,8,0,0,9,0,0,10,0,0,11,0,0,12,0,4,1,4,5,5,23],[0,0,0,0,0,0,0,0,0,0,0,0,0,0,0,0,0],[-1,1,-1,6,7,-1,2,-1,1,-1,2,-1,2,-1,1,-1,1],[0,1,0,2,3,0,4,0,5,0,6,0,7,0,8,0,9]],[[[19,"candy_totalwin_ske","{\"frameRate\":24,\"isGlobal\":0,\"name\":\"candy_totalwin\",\"version\":\"5.0\",\"armature\":[{\"aabb\":{\"width\":709,\"y\":-342.5,\"height\":693,\"x\":-354.5},\"slot\":[{\"displayIndex\":-1,\"name\":\"22\",\"parent\":\"22\",\"color\":{\"bM\":14,\"rM\":18}},{\"z\":1,\"name\":\"211\",\"parent\":\"211\",\"color\":{}},{\"displayIndex\":-1,\"z\":2,\"name\":\"21\",\"parent\":\"21\",\"color\":{}},{\"z\":3,\"name\":\"td\",\"parent\":\"td\",\"color\":{}},{\"blendMode\":\"add\",\"z\":4,\"parent\":\"td1\",\"name\":\"td1\",\"color\":{}},{\"z\":5,\"name\":\"x\",\"parent\":\"x\",\"color\":{}},{\"blendMode\":\"add\",\"z\":6,\"parent\":\"x1\",\"name\":\"x1\",\"color\":{}},{\"z\":7,\"name\":\"free_spin\",\"parent\":\"free_spin\",\"color\":{}},{\"z\":8,\"name\":\"win\",\"parent\":\"win\",\"color\":{}}],\"animation\":[{\"slot\":[{\"frame\":[{\"tweenEasing\":0,\"duration\":2,\"color\":{\"aM\":0}},{\"tweenEasing\":null,\"duration\":58}],\"name\":\"td\"},{\"frame\":[{\"tweenEasing\":0,\"duration\":4,\"color\":{\"aM\":0}},{\"tweenEasing\":0,\"duration\":4,\"color\":{\"aM\":0}},{\"tweenEasing\":null,\"duration\":52}],\"name\":\"x\"},{\"frame\":[{\"tweenEasing\":null,\"displayIndex\":-1,\"duration\":12},{\"tweenEasing\":null,\"duration\":48}],\"name\":\"free_spin\"},{\"frame\":[{\"tweenEasing\":null,\"displayIndex\":-1,\"duration\":16},{\"tweenEasing\":null,\"displayIndex\":-1,\"duration\":6},{\"tweenEasing\":0,\"duration\":18,\"color\":{\"aM\":0}},{\"tweenEasing\":0,\"duration\":12},{\"tweenEasing\":null,\"duration\":8,\"color\":{\"bM\":14,\"rM\":18,\"aM\":0}}],\"name\":\"21\"},{\"frame\":[{\"tweenEasing\":null,\"displayIndex\":-1,\"duration\":16},{\"tweenEasing\":0,\"duration\":16},{\"tweenEasing\":null,\"duration\":28,\"color\":{\"bM\":14,\"rM\":18,\"aM\":0}}],\"name\":\"211\"},{\"frame\":[{\"tweenEasing\":null,\"displayIndex\":-1,\"duration\":16},{\"tweenEasing\":null,\"displayIndex\":-1,\"duration\":12},{\"tweenEasing\":0,\"displayIndex\":-1,\"duration\":12},{\"tweenEasing\":0,\"duration\":20,\"color\":{\"bM\":42,\"rM\":45}},{\"tweenEasing\":null,\"duration\":0,\"color\":{\"bM\":14,\"rM\":18,\"aM\":0}}],\"name\":\"22\"},{\"frame\":[{\"tweenEasing\":0,\"duration\":27,\"color\":{\"aM\":0}},{\"tweenEasing\":0,\"duration\":13,\"color\":{\"aM\":0}},{\"tweenEasing\":0,\"duration\":14,\"color\":{\"aM\":19}},{\"tweenEasing\":0,\"duration\":6,\"color\":{\"aM\":0}},{\"tweenEasing\":null,\"duration\":0,\"color\":{\"aM\":0}}],\"name\":\"x1\"},{\"frame\":[{\"tweenEasing\":null,\"displayIndex\":-1,\"duration\":12},{\"tweenEasing\":null,\"duration\":48}],\"name\":\"win\"},{\"frame\":[{\"tweenEasing\":0,\"duration\":2,\"color\":{\"aM\":0}},{\"tweenEasing\":0,\"duration\":14,\"color\":{\"aM\":0}},{\"tweenEasing\":0,\"duration\":12,\"color\":{\"aM\":0}},{\"tweenEasing\":0,\"duration\":12,\"color\":{\"aM\":21}},{\"tweenEasing\":null,\"duration\":20,\"color\":{\"aM\":0}}],\"name\":\"td1\"}],\"frame\":[],\"bone\":[{\"frame\":[{\"duration\":60,\"transform\":{}}],\"name\":\"root\"},{\"frame\":[{\"duration\":12,\"transform\":{}},{\"tweenEasing\":0,\"duration\":2,\"transform\":{\"scX\":0.01,\"scY\":0.01,\"x\":-627.6846}},{\"duration\":3,\"transform\":{\"x\":-373.411}},{\"tweenEasing\":0,\"duration\":1,\"transform\":{\"x\":7.9994}},{\"tweenEasing\":0,\"duration\":1,\"transform\":{\"x\":0.9994}},{\"duration\":41,\"transform\":{\"x\":3.9994}}],\"name\":\"free_spin\"},{\"frame\":[{\"tweenEasing\":0,\"duration\":4,\"transform\":{\"y\":-418.6738}},{\"tweenEasing\":0,\"duration\":4,\"transform\":{\"y\":-418.6738}},{\"tweenEasing\":0,\"duration\":2,\"transform\":{}},{\"tweenEasing\":0,\"duration\":2,\"transform\":{\"y\":-36.0006,\"scX\":0.85,\"scY\":1.12}},{\"tweenEasing\":0,\"duration\":14,\"transform\":{}},{\"duration\":34,\"transform\":{}}],\"name\":\"x\"},{\"frame\":[{\"tweenEasing\":0,\"duration\":4,\"transform\":{\"y\":-929.7292,\"scX\":0.01,\"scY\":0.01}},{\"tweenEasing\":0,\"duration\":1,\"transform\":{}},{\"tweenEasing\":0,\"duration\":1,\"transform\":{\"scX\":0.7,\"scY\":1.35}},{\"tweenEasing\":0,\"duration\":1,\"transform\":{\"scX\":1.25,\"scY\":0.98}},{\"tweenEasing\":0,\"duration\":1,\"transform\":{\"scX\":0.93,\"scY\":1.24}},{\"tweenEasing\":0,\"duration\":36,\"transform\":{}},{\"duration\":16,\"transform\":{}}],\"name\":\"td\"},{\"frame\":[{\"duration\":16,\"transform\":{}},{\"tweenEasing\":0,\"duration\":36,\"transform\":{}},{\"duration\":8,\"transform\":{\"skY\":188.0012,\"skX\":188.0012}}],\"name\":\"21\"},{\"frame\":[{\"duration\":16,\"transform\":{}},{\"tweenEasing\":0,\"duration\":40,\"transform\":{}},{\"duration\":4,\"transform\":{\"skY\":188.0012,\"skX\":188.0012}}],\"name\":\"211\"},{\"frame\":[{\"duration\":16,\"transform\":{}},{\"tweenEasing\":0,\"duration\":29,\"transform\":{}},{\"duration\":15,\"transform\":{\"skY\":-113.3628,\"skX\":-113.3628}},{\"duration\":0,\"transform\":{\"skY\":188.0012,\"skX\":188.0012}}],\"name\":\"22\"},{\"frame\":[{\"tweenEasing\":0,\"duration\":4,\"transform\":{\"y\":-418.6738}},{\"tweenEasing\":0,\"duration\":4,\"transform\":{\"y\":-418.6738}},{\"tweenEasing\":0,\"duration\":2,\"transform\":{}},{\"tweenEasing\":0,\"duration\":2,\"transform\":{\"y\":-36.0006,\"scX\":0.85,\"scY\":1.12}},{\"tweenEasing\":0,\"duration\":48,\"transform\":{}},{\"duration\":0,\"transform\":{}}],\"name\":\"x1\"},{\"frame\":[{\"duration\":12,\"transform\":{}},{\"tweenEasing\":0,\"duration\":2,\"transform\":{\"scX\":0.01,\"scY\":0.01,\"x\":575.5496}},{\"duration\":3,\"transform\":{\"x\":350.1936}},{\"tweenEasing\":0,\"duration\":1,\"transform\":{\"x\":12.1595}},{\"tweenEasing\":0,\"duration\":1,\"transform\":{\"x\":17.16}},{\"duration\":41,\"transform\":{\"x\":11.16}}],\"name\":\"win\"},{\"frame\":[{\"tweenEasing\":0,\"duration\":4,\"transform\":{\"y\":-929.7292,\"scX\":0.01,\"scY\":0.01}},{\"tweenEasing\":0,\"duration\":1,\"transform\":{}},{\"tweenEasing\":0,\"duration\":1,\"transform\":{\"scX\":0.7,\"scY\":1.35}},{\"tweenEasing\":0,\"duration\":1,\"transform\":{\"scX\":1.25,\"scY\":0.98}},{\"tweenEasing\":0,\"duration\":1,\"transform\":{\"scX\":0.93,\"scY\":1.24}},{\"tweenEasing\":0,\"duration\":36,\"transform\":{}},{\"duration\":16,\"transform\":{}}],\"name\":\"td1\"}],\"ik\":[],\"ffd\":[],\"duration\":60,\"name\":\"newAnimation\",\"playTimes\":0}],\"type\":\"Armature\",\"frameRate\":24,\"bone\":[{\"name\":\"root\",\"transform\":{}},{\"length\":63,\"transform\":{\"skY\":-93.633,\"y\":-62,\"skX\":-93.633,\"x\":-7.8494},\"parent\":\"root\",\"name\":\"free_spin\"},{\"length\":92,\"transform\":{\"skY\":-86.2686,\"y\":-158.7294,\"skX\":-86.2686,\"x\":1.754},\"parent\":\"root\",\"name\":\"x\"},{\"length\":147,\"transform\":{\"skY\":-89.6102,\"y\":76.2363,\"skX\":-89.6102},\"parent\":\"root\",\"name\":\"td\"},{\"length\":54,\"transform\":{\"skY\":-57.7712,\"y\":-119.5634,\"skX\":-57.7712,\"x\":3.6079},\"parent\":\"root\",\"name\":\"21\"},{\"length\":54,\"transform\":{\"skY\":-57.7712,\"y\":-119.5634,\"skX\":-57.7712,\"x\":3.6079},\"parent\":\"root\",\"name\":\"211\"},{\"length\":54,\"transform\":{\"skY\":-57.7712,\"y\":-119.5634,\"skX\":-57.7712,\"x\":3.6079},\"parent\":\"root\",\"name\":\"22\"},{\"length\":92,\"transform\":{\"skY\":-86.2686,\"y\":-158.7294,\"skX\":-86.2686,\"x\":1.754},\"parent\":\"root\",\"name\":\"x1\"},{\"length\":81,\"transform\":{\"skY\":-87.1411,\"y\":-45.9,\"skX\":-87.1411,\"x\":181.05},\"parent\":\"root\",\"name\":\"win\"},{\"length\":147,\"transform\":{\"skY\":-89.6102,\"y\":76.2363,\"skX\":-89.6102},\"parent\":\"root\",\"name\":\"td1\"}],\"ik\":[],\"skin\":[{\"name\":\"\",\"slot\":[{\"display\":[{\"path\":\"fs/3\",\"type\":\"image\",\"name\":\"fs/3\",\"transform\":{\"skY\":57.7712,\"y\":-6.2732,\"skX\":57.7712,\"x\":-9.9404}}],\"name\":\"21\"},{\"display\":[{\"path\":\"fs/2\",\"type\":\"image\",\"name\":\"fs/2\",\"transform\":{\"skY\":57.7712,\"y\":-0.4804,\"skX\":57.7712,\"x\":-0.3778}}],\"name\":\"211\"},{\"display\":[{\"path\":\"fs/free_spin\",\"type\":\"image\",\"name\":\"fs/free_spin\",\"transform\":{\"skY\":93.633,\"y\":-124.6496,\"skX\":93.633,\"x\":37.4737}}],\"name\":\"free_spin\"},{\"display\":[{\"path\":\"fs/win\",\"type\":\"image\",\"name\":\"fs/win\",\"transform\":{\"skY\":87.1411,\"y\":-1.4911,\"skX\":87.1411,\"x\":45.3712}}],\"name\":\"win\"},{\"display\":[{\"path\":\"fs/6\",\"type\":\"image\",\"name\":\"fs/6\",\"transform\":{\"skY\":57.7712,\"y\":5.9468,\"skX\":57.7712,\"x\":-4.0098}}],\"name\":\"22\"},{\"display\":[{\"path\":\"fs/x\",\"type\":\"image\",\"name\":\"fs/x\",\"transform\":{\"skY\":86.2686,\"y\":-1.8981,\"skX\":86.2686,\"x\":2.1516}}],\"blendMode\":\"add\",\"name\":\"x1\"},{\"display\":[{\"path\":\"fs/x\",\"type\":\"image\",\"name\":\"fs/x\",\"transform\":{\"skY\":86.2686,\"y\":-1.8981,\"skX\":86.2686,\"x\":2.1516}}],\"name\":\"x\"},{\"display\":[{\"path\":\"fs/td\",\"type\":\"image\",\"name\":\"fs/td\",\"transform\":{\"skY\":89.6102,\"y\":0.0187,\"skX\":89.6102,\"x\":-2.7637}}],\"blendMode\":\"add\",\"name\":\"td1\"},{\"display\":[{\"path\":\"fs/td\",\"type\":\"image\",\"name\":\"fs/td\",\"transform\":{\"skY\":89.6102,\"y\":0.0187,\"skX\":89.6102,\"x\":-2.7637}}],\"name\":\"td\"}]}],\"defaultActions\":[{\"gotoAndPlay\":\"newAnimation\"}],\"name\":\"Armature\"}]}"]],0,0,[],[],[]]]]