[1,["249NH4oLVHYp3ef3DUGOyM","22xwllwxREObYGDrniRd9/"],["spriteFrame","_textureSetter"],["cc.SpriteFrame",["cc.BitmapFont",["_name","fontSize","_fntConfig"],0]],[[1,0,1,2,4]],[[[[0,"sz1-export",32,{"commonHeight":90,"fontSize":32,"atlasName":"sz1-export.png","fontDefDictionary":{"9":{"xOffset":0,"yOffset":0,"xAdvance":5248,"rect":{"x":0,"y":0,"width":0,"height":0}},"32":{"xOffset":0,"yOffset":0,"xAdvance":656,"rect":{"x":0,"y":0,"width":0,"height":0}},"47":{"xOffset":0,"yOffset":64,"xAdvance":54,"rect":{"x":43,"y":197,"width":13,"height":26}},"48":{"xOffset":0,"yOffset":65,"xAdvance":59,"rect":{"x":0,"y":0,"width":18,"height":25}},"49":{"xOffset":0,"yOffset":65,"xAdvance":54,"rect":{"x":81,"y":197,"width":13,"height":24}},"50":{"xOffset":0,"yOffset":65,"xAdvance":58,"rect":{"x":43,"y":99,"width":17,"height":24}},"51":{"xOffset":0,"yOffset":65,"xAdvance":59,"rect":{"x":43,"y":0,"width":18,"height":25}},"52":{"xOffset":0,"yOffset":65,"xAdvance":59,"rect":{"x":43,"y":50,"width":18,"height":24}},"53":{"xOffset":0,"yOffset":65,"xAdvance":59,"rect":{"x":0,"y":150,"width":18,"height":25}},"54":{"xOffset":0,"yOffset":65,"xAdvance":59,"rect":{"x":0,"y":200,"width":18,"height":25}},"55":{"xOffset":0,"yOffset":65,"xAdvance":57,"rect":{"x":43,"y":148,"width":16,"height":24}},"56":{"xOffset":0,"yOffset":65,"xAdvance":59,"rect":{"x":0,"y":100,"width":18,"height":25}},"57":{"xOffset":0,"yOffset":65,"xAdvance":59,"rect":{"x":0,"y":50,"width":18,"height":25}}},"kerningDict":{}}]],0,0,[0],[0],[0]],[[{"name":"sz1-export","rect":[0,0,94,225],"offset":[-17,15.5],"originalSize":[128,256],"capInsets":[0,0,0,0]}],[0],0,[0],[1],[1]]]]