[1,["ecpdLyjvZBwrvm+cedCcQy","0dWNmA0EhGSJvS83ddkYUl","b4nFiriblB9q7x69TSS+46","d3OH3pF0VPrZS1OQgfRjJm"],["node","root","peopleGetNode","footballNode","footballDragonBones","data","_spriteFrame","_N$dragonAsset","_N$dragonAtlasAsset"],[["cc.Node",["_name","_active","_components","_prefab","_children","_parent","_contentSize"],1,9,4,2,1,5],["cc.PrefabInfo",["fileId","root"],2,1],["dragonBones.DragonBonesAsset",["_name","_dragonBonesJson"],1],["cc.Prefab",["_name"],2],["cc.Node",["_name","_parent","_components","_prefab","_contentSize","_trs"],2,1,2,4,5,7],["a0858Y9g1NOKpaGW7thbRaB",["node","footballDragonBones","footballNode","peopleGetNode"],3,1,1,1,1],["cc.Sprite",["_sizeMode","node","_materials","_spriteFrame"],2,1,3,6],["cc.Layout",["_resize","_N$layoutType","_N$paddingLeft","_N$paddingRight","node","_layoutSize"],-1,1,5],["dragonBones.ArmatureDisplay",["_armatureName","_animationName","_preCacheMode","_armatureKey","node","_materials"],-1,1,3],["cc.Label",["_string","_fontSize","_lineHeight","_N$horizontalAlign","_N$verticalAlign","node","_materials"],-2,1,3]],[[1,0,1,2],[2,0,1,3],[3,0,2],[0,0,4,2,3,2],[0,0,1,5,4,2,3,6,3],[0,0,5,2,3,6,2],[4,0,1,2,3,4,5,2],[5,0,1,2,3,1],[1,1,1],[6,0,1,2,3,2],[7,0,1,2,3,4,5,5],[8,0,1,2,3,4,5,5],[9,0,1,2,3,4,5,6,6]],[[[[1,"huo_ske","{\"frameRate\":24,\"isGlobal\":0,\"armature\":[{\"defaultActions\":[{\"gotoAndPlay\":\"fly\"}],\"ik\":[],\"type\":\"Armature\",\"frameRate\":24,\"skin\":[{\"name\":\"\",\"slot\":[{\"display\":[{\"path\":\"huo/zhezhao\",\"type\":\"image\",\"name\":\"huo/zhezhao\",\"transform\":{\"x\":16.6949}}],\"blendMode\":\"add\",\"name\":\"zhezhao\"},{\"display\":[{\"path\":\"huo/football\",\"type\":\"image\",\"name\":\"huo/football\",\"transform\":{\"x\":40}}],\"name\":\"football\"},{\"display\":[{\"path\":\"huo/huo01\",\"type\":\"image\",\"name\":\"huo/huo01\",\"transform\":{\"y\":-1.1769,\"x\":-30.6287}},{\"path\":\"huo/huo03\",\"type\":\"image\",\"name\":\"huo/huo03\",\"transform\":{\"y\":-2,\"x\":-34.1233}},{\"path\":\"huo/huo05\",\"type\":\"image\",\"name\":\"huo/huo05\",\"transform\":{\"y\":-2,\"x\":-35.4772}},{\"path\":\"huo/huo07\",\"type\":\"image\",\"name\":\"huo/huo07\",\"transform\":{\"y\":-1.7927,\"x\":-36.726}},{\"path\":\"huo/huo08\",\"type\":\"image\",\"name\":\"huo/huo08\",\"transform\":{\"y\":-1.8858,\"x\":-38.3104}},{\"path\":\"huo/huo06\",\"type\":\"image\",\"name\":\"huo/huo06\",\"transform\":{\"y\":-1.2168,\"x\":-33.6415}},{\"path\":\"huo/huo04\",\"type\":\"image\",\"name\":\"huo/huo04\",\"transform\":{\"y\":-1.1015,\"x\":-34.1951}},{\"path\":\"huo/huo02\",\"type\":\"image\",\"name\":\"huo/huo02\",\"transform\":{\"y\":-1.2531,\"x\":-30.9645}}],\"name\":\"bone3\"},{\"display\":[{\"path\":\"yanhua/02\",\"type\":\"image\",\"name\":\"yanhua/02\",\"transform\":{\"y\":2.5,\"x\":-12}},{\"path\":\"yanhua/04\",\"type\":\"image\",\"name\":\"yanhua/04\",\"transform\":{\"y\":1,\"x\":-11.5}},{\"path\":\"yanhua/06\",\"type\":\"image\",\"name\":\"yanhua/06\",\"transform\":{\"y\":-1,\"x\":-10}},{\"path\":\"yanhua/08\",\"type\":\"image\",\"name\":\"yanhua/08\",\"transform\":{\"y\":2.5,\"x\":-7}},{\"path\":\"yanhua/09\",\"type\":\"image\",\"name\":\"yanhua/09\",\"transform\":{\"y\":-4}},{\"path\":\"yanhua/07\",\"type\":\"image\",\"name\":\"yanhua/07\",\"transform\":{\"y\":-2,\"x\":-10.5}},{\"path\":\"yanhua/05\",\"type\":\"image\",\"name\":\"yanhua/05\",\"transform\":{\"y\":1.5,\"x\":-11}},{\"path\":\"yanhua/03\",\"type\":\"image\",\"name\":\"yanhua/03\",\"transform\":{\"y\":-1.5,\"x\":-11.5}},{\"path\":\"yanhua/01\",\"type\":\"image\",\"name\":\"yanhua/01\",\"transform\":{\"x\":-9.5}}],\"name\":\"bone4\"},{\"display\":[{\"path\":\"huo/zhezhao\",\"type\":\"image\",\"name\":\"huo/zhezhao\",\"transform\":{\"x\":16.6949}}],\"blendMode\":\"add\",\"name\":\"zhezhao1\"}]}],\"animation\":[{\"frame\":[],\"playTimes\":0,\"ffd\":[],\"duration\":23,\"slot\":[{\"frame\":[{\"tweenEasing\":null,\"duration\":1},{\"tweenEasing\":null,\"displayIndex\":7,\"duration\":1},{\"tweenEasing\":null,\"displayIndex\":1,\"duration\":1},{\"tweenEasing\":null,\"displayIndex\":6,\"duration\":1},{\"tweenEasing\":null,\"displayIndex\":2,\"duration\":1},{\"tweenEasing\":null,\"displayIndex\":5,\"duration\":1},{\"tweenEasing\":null,\"displayIndex\":3,\"duration\":1},{\"tweenEasing\":null,\"displayIndex\":4,\"duration\":1},{\"tweenEasing\":null,\"duration\":1},{\"tweenEasing\":null,\"displayIndex\":7,\"duration\":1},{\"tweenEasing\":null,\"displayIndex\":1,\"duration\":1},{\"tweenEasing\":null,\"displayIndex\":6,\"duration\":1},{\"tweenEasing\":null,\"displayIndex\":2,\"duration\":1},{\"tweenEasing\":null,\"displayIndex\":5,\"duration\":1},{\"tweenEasing\":null,\"displayIndex\":3,\"duration\":1},{\"tweenEasing\":null,\"displayIndex\":4,\"duration\":1},{\"tweenEasing\":null,\"duration\":1},{\"tweenEasing\":null,\"displayIndex\":7,\"duration\":1},{\"tweenEasing\":null,\"displayIndex\":1,\"duration\":1},{\"tweenEasing\":null,\"displayIndex\":6,\"duration\":1},{\"tweenEasing\":null,\"displayIndex\":2,\"duration\":1},{\"tweenEasing\":null,\"displayIndex\":5,\"duration\":1},{\"tweenEasing\":null,\"displayIndex\":3,\"duration\":1},{\"tweenEasing\":null,\"displayIndex\":4,\"duration\":0}],\"name\":\"bone3\"},{\"frame\":[{\"tweenEasing\":null,\"duration\":23}],\"name\":\"football\"},{\"frame\":[{\"tweenEasing\":0,\"color\":{\"gM\":89,\"aM\":30,\"bM\":21},\"duration\":12},{\"tweenEasing\":0,\"color\":{\"gM\":89,\"bM\":21},\"duration\":11},{\"tweenEasing\":null,\"color\":{\"gM\":89,\"aM\":35,\"bM\":21},\"duration\":0}],\"name\":\"zhezhao\"},{\"frame\":[{\"tweenEasing\":null,\"displayIndex\":-1,\"duration\":23}],\"name\":\"bone4\"},{\"frame\":[{\"tweenEasing\":0,\"color\":{\"gM\":89,\"aM\":70,\"bM\":21},\"duration\":12},{\"tweenEasing\":0,\"color\":{\"gM\":89,\"bM\":21},\"duration\":11},{\"tweenEasing\":null,\"color\":{\"gM\":89,\"aM\":70,\"bM\":21},\"duration\":0}],\"name\":\"zhezhao1\"}],\"ik\":[],\"bone\":[{\"frame\":[{\"transform\":{},\"duration\":23}],\"name\":\"root\"},{\"frame\":[{\"transform\":{},\"duration\":23}],\"name\":\"bone\"},{\"frame\":[{\"transform\":{},\"duration\":23}],\"name\":\"bone1\"},{\"frame\":[{\"transform\":{},\"duration\":23}],\"name\":\"bone2\"},{\"frame\":[{\"transform\":{},\"duration\":23}],\"name\":\"bone3\"},{\"frame\":[{\"transform\":{},\"duration\":23}],\"name\":\"bone4\"},{\"frame\":[{\"transform\":{},\"duration\":23}],\"name\":\"bone11\"}],\"name\":\"fly\"},{\"frame\":[],\"playTimes\":0,\"ffd\":[],\"duration\":24,\"slot\":[{\"frame\":[{\"tweenEasing\":null,\"duration\":1},{\"tweenEasing\":0,\"displayIndex\":1,\"duration\":1},{\"tweenEasing\":0,\"displayIndex\":2,\"duration\":1},{\"tweenEasing\":0,\"displayIndex\":3,\"duration\":1},{\"tweenEasing\":0,\"displayIndex\":4,\"duration\":1},{\"tweenEasing\":0,\"displayIndex\":5,\"duration\":1},{\"tweenEasing\":0,\"displayIndex\":6,\"duration\":1},{\"tweenEasing\":0,\"displayIndex\":7,\"duration\":1},{\"tweenEasing\":0,\"duration\":1},{\"tweenEasing\":0,\"displayIndex\":1,\"duration\":1},{\"tweenEasing\":0,\"displayIndex\":2,\"duration\":1},{\"tweenEasing\":0,\"displayIndex\":3,\"duration\":1},{\"tweenEasing\":0,\"displayIndex\":4,\"duration\":1},{\"tweenEasing\":0,\"displayIndex\":5,\"duration\":1},{\"tweenEasing\":0,\"displayIndex\":6,\"duration\":1},{\"tweenEasing\":0,\"displayIndex\":7,\"duration\":1},{\"tweenEasing\":0,\"duration\":1},{\"tweenEasing\":0,\"displayIndex\":1,\"duration\":1},{\"tweenEasing\":0,\"displayIndex\":2,\"duration\":1},{\"tweenEasing\":0,\"displayIndex\":3,\"duration\":1},{\"tweenEasing\":0,\"displayIndex\":4,\"duration\":1},{\"tweenEasing\":0,\"displayIndex\":5,\"duration\":1},{\"tweenEasing\":0,\"displayIndex\":6,\"duration\":1},{\"tweenEasing\":0,\"displayIndex\":7,\"duration\":1}],\"name\":\"bone3\"},{\"frame\":[{\"tweenEasing\":null,\"duration\":24}],\"name\":\"football\"},{\"frame\":[{\"tweenEasing\":0,\"color\":{\"aM\":0},\"duration\":12},{\"tweenEasing\":0,\"color\":{\"aM\":42},\"duration\":11},{\"tweenEasing\":null,\"color\":{\"aM\":0},\"duration\":1}],\"name\":\"zhezhao\"},{\"frame\":[{\"tweenEasing\":null,\"displayIndex\":-1,\"duration\":24}],\"name\":\"bone4\"},{\"frame\":[{\"tweenEasing\":null,\"color\":{\"aM\":0},\"duration\":24}],\"name\":\"zhezhao1\"}],\"ik\":[],\"bone\":[{\"frame\":[{\"transform\":{},\"duration\":24}],\"name\":\"root\"},{\"frame\":[{\"tweenEasing\":0,\"transform\":{},\"duration\":12},{\"tweenEasing\":0,\"transform\":{\"scX\":1.02,\"scY\":1.02},\"duration\":12},{\"transform\":{},\"duration\":0}],\"name\":\"bone\"},{\"frame\":[{\"transform\":{},\"duration\":24}],\"name\":\"bone1\"},{\"frame\":[{\"transform\":{},\"duration\":24}],\"name\":\"bone2\"},{\"frame\":[{\"transform\":{\"x\":0.8533},\"duration\":24}],\"name\":\"bone3\"},{\"frame\":[{\"transform\":{},\"duration\":24}],\"name\":\"bone4\"},{\"frame\":[{\"transform\":{},\"duration\":24}],\"name\":\"bone11\"}],\"name\":\"daiji\"},{\"frame\":[],\"playTimes\":0,\"ffd\":[],\"duration\":20,\"slot\":[{\"frame\":[{\"tweenEasing\":0,\"duration\":5},{\"tweenEasing\":0,\"color\":{\"aM\":40},\"duration\":7},{\"tweenEasing\":0,\"color\":{\"aM\":10},\"duration\":5},{\"tweenEasing\":null,\"color\":{\"aM\":0},\"duration\":3}],\"name\":\"bone3\"},{\"frame\":[{\"tweenEasing\":0,\"duration\":5},{\"tweenEasing\":0,\"color\":{\"aM\":56},\"duration\":7},{\"tweenEasing\":0,\"color\":{\"aM\":31},\"duration\":5},{\"tweenEasing\":null,\"color\":{\"aM\":0},\"duration\":3}],\"name\":\"football\"},{\"frame\":[{\"tweenEasing\":null,\"color\":{\"aM\":0},\"duration\":20}],\"name\":\"zhezhao\"},{\"frame\":[{\"tweenEasing\":null,\"displayIndex\":-1,\"duration\":2},{\"tweenEasing\":null,\"displayIndex\":8,\"duration\":2},{\"tweenEasing\":null,\"duration\":2},{\"tweenEasing\":null,\"displayIndex\":7,\"duration\":2},{\"tweenEasing\":null,\"displayIndex\":1,\"duration\":2},{\"tweenEasing\":null,\"displayIndex\":6,\"duration\":2},{\"tweenEasing\":null,\"displayIndex\":2,\"duration\":2},{\"tweenEasing\":null,\"displayIndex\":5,\"duration\":2},{\"tweenEasing\":null,\"displayIndex\":3,\"duration\":2},{\"tweenEasing\":null,\"displayIndex\":4,\"duration\":2},{\"tweenEasing\":null,\"displayIndex\":-1,\"duration\":0}],\"name\":\"bone4\"},{\"frame\":[{\"tweenEasing\":null,\"color\":{\"aM\":0},\"duration\":20}],\"name\":\"zhezhao1\"}],\"ik\":[],\"bone\":[{\"frame\":[{\"transform\":{},\"duration\":20}],\"name\":\"root\"},{\"frame\":[{\"transform\":{},\"duration\":20}],\"name\":\"bone\"},{\"frame\":[{\"transform\":{},\"duration\":20}],\"name\":\"bone1\"},{\"frame\":[{\"transform\":{},\"duration\":20}],\"name\":\"bone2\"},{\"frame\":[{\"transform\":{},\"duration\":20}],\"name\":\"bone3\"},{\"frame\":[{\"transform\":{\"scX\":1.1,\"scY\":1.1,\"x\":41.1774},\"duration\":20}],\"name\":\"bone4\"},{\"frame\":[{\"transform\":{},\"duration\":20}],\"name\":\"bone11\"}],\"name\":\"baoza\"}],\"bone\":[{\"name\":\"root\",\"transform\":{\"scX\":0.8,\"scY\":0.8}},{\"transform\":{},\"name\":\"bone\",\"parent\":\"root\"},{\"transform\":{\"x\":-2.5375},\"name\":\"bone1\",\"parent\":\"bone\"},{\"transform\":{\"y\":0.0752,\"x\":-2.5375},\"name\":\"bone2\",\"parent\":\"bone\"},{\"transform\":{\"y\":2.1596,\"x\":5.2324},\"name\":\"bone3\",\"parent\":\"bone\"},{\"transform\":{},\"name\":\"bone4\",\"parent\":\"bone\"},{\"transform\":{\"x\":-2.5375},\"name\":\"bone11\",\"parent\":\"bone\"}],\"aabb\":{\"width\":115.55571751259536,\"y\":-28.774769457076072,\"height\":59,\"x\":-53.08571368851213},\"name\":\"Armature\",\"slot\":[{\"displayIndex\":7,\"name\":\"bone3\",\"parent\":\"bone3\",\"color\":{}},{\"z\":1,\"name\":\"football\",\"parent\":\"bone2\",\"color\":{}},{\"blendMode\":\"add\",\"z\":2,\"parent\":\"bone1\",\"name\":\"zhezhao\",\"color\":{}},{\"z\":3,\"displayIndex\":-1,\"name\":\"bone4\",\"parent\":\"bone4\",\"color\":{}},{\"blendMode\":\"add\",\"z\":4,\"parent\":\"bone11\",\"name\":\"zhezhao1\",\"color\":{}}]}],\"name\":\"huo\",\"version\":\"5.0\"}"]],0,0,[],[],[]],[[[2,"football"],[3,"football",[-6,-7],[[7,-5,-4,-3,-2]],[8,-1]],[4,"wanjia",false,1,[-10],[[9,0,-8,[2],3],[10,1,1,2,2,-9,[5,52.94,31]]],[0,"7dnw8o+0lLw6bsYqkmcNzM",1],[5,52.94,31]],[6,"qiu_ske",1,[-11],[0,"29kyBfmsdEcZcZxBJzI9Wg",1],[5,115.55571751259536,59],[0,0,0,0,0,0,1,1.5,1.5,1]],[11,"Armature","daiji",0,"b49c58ab-89b9-41f6-aef1-ebd4d24bee3a#d3387de9-1745-4fad-94b5-39081f463266",3,[0]],[5,"peopleGetLabel",2,[[12,"Label",20,20,1,1,-12,[1]]],[0,"fellzvsndGrrdNxtuJ+zoP",1],[5,48.94,25.2]]],0,[0,1,1,0,2,2,0,3,3,0,4,4,0,0,1,0,-1,3,0,-2,2,0,0,2,0,0,2,0,-1,5,0,-1,4,0,0,5,0,5,1,12],[0,0,0,0,4,4],[-1,-1,-1,6,7,8],[0,0,0,1,2,3]]]]