[1,["89LZdf9ltCYLDslAHtEvIq"],["_texture"],[["dragonBones.DragonBonesAtlasAsset",["_name","_atlasJson"],1]],[[0,0,1,3]],[[0,"freespin_tex","{\"width\":1024,\"SubTexture\":[{\"width\":563,\"y\":1,\"height\":538,\"name\":\"freetime-jk/dd\",\"x\":1},{\"width\":269,\"y\":667,\"height\":270,\"name\":\"freetime-jk/jkjk\",\"x\":1},{\"width\":340,\"y\":1,\"height\":340,\"name\":\"freetime-jk/kkkkk\",\"x\":566},{\"width\":262,\"y\":343,\"height\":262,\"name\":\"freetime-jk/qianm\",\"x\":759},{\"width\":159,\"y\":343,\"height\":159,\"name\":\"freetime-jk/zp\",\"x\":566},{\"width\":134,\"y\":607,\"height\":324,\"name\":\"freetime-jk/men\",\"x\":759},{\"width\":128,\"y\":607,\"height\":107,\"name\":\"freetime-jk/jt\",\"x\":895},{\"width\":756,\"y\":541,\"height\":124,\"name\":\"freetime-jk/FREE_TIME\",\"x\":1}],\"height\":1024,\"name\":\"freespin\",\"imagePath\":\"freespin_tex.png\"}"]],0,0,[0],[0],[0]]