[1,["5745THxIhJ4LUrt3IbtTqP","1c3941ea9"],["spriteFrame","_textureSetter"],["cc.SpriteFrame",["cc.BitmapFont",["_name","fontSize","_fntConfig"],0]],[[1,0,1,2,4]],[[[[0,"img_font-export",32,{"commonHeight":90,"fontSize":32,"atlasName":"img_font-export.png","fontDefDictionary":{"9":{"xOffset":0,"yOffset":0,"xAdvance":5248,"rect":{"x":0,"y":0,"width":0,"height":0}},"32":{"xOffset":0,"yOffset":0,"xAdvance":656,"rect":{"x":0,"y":0,"width":0,"height":0}},"48":{"xOffset":0,"yOffset":63,"xAdvance":62,"rect":{"x":52,"y":0,"width":21,"height":27}},"49":{"xOffset":0,"yOffset":63,"xAdvance":57,"rect":{"x":459,"y":0,"width":16,"height":26}},"50":{"xOffset":0,"yOffset":63,"xAdvance":61,"rect":{"x":282,"y":0,"width":20,"height":26}},"51":{"xOffset":0,"yOffset":63,"xAdvance":60,"rect":{"x":415,"y":0,"width":19,"height":27}},"52":{"xOffset":0,"yOffset":63,"xAdvance":62,"rect":{"x":236,"y":0,"width":21,"height":26}},"53":{"xOffset":0,"yOffset":63,"xAdvance":60,"rect":{"x":327,"y":0,"width":19,"height":27}},"54":{"xOffset":0,"yOffset":63,"xAdvance":62,"rect":{"x":190,"y":0,"width":21,"height":27}},"55":{"xOffset":0,"yOffset":63,"xAdvance":60,"rect":{"x":371,"y":0,"width":19,"height":26}},"56":{"xOffset":0,"yOffset":63,"xAdvance":62,"rect":{"x":144,"y":0,"width":21,"height":27}},"57":{"xOffset":0,"yOffset":63,"xAdvance":62,"rect":{"x":98,"y":0,"width":21,"height":27}},"88":{"xOffset":0,"yOffset":63,"xAdvance":68,"rect":{"x":0,"y":0,"width":27,"height":26}}},"kerningDict":{}}]],0,0,[0],[0],[0]],[[{"name":"img_font-export","rect":[60,327,475,27],"offset":[-18.5,18.5],"originalSize":[512,64],"rotated":1,"capInsets":[0,0,0,0]}],[0],0,[0],[1],[1]]]]