[1,["ecpdLyjvZBwrvm+cedCcQy","06uoUDAVdDXYNh2c0bqX8G","17c0f4d91","d3F24/lZZPv7hjmr16Il0S","50MGjSRexA2YzApMM7VmE8","a2MjXRFdtLlYQ5ouAFv/+R","f98pjzeN9L+o3Ri7IkJu+O","2dPNjYB8BEV6r0YT9gERrz","705JOhGQZGp4GxGpxCX3v8","a17AjkFidP3pOKcGTjIkR3","49D89VADNI4ZXTDiXQGwqR","e6nHOHgsZKPLt09WN4P0x0","98nAcGcylPzabB9UeM03K7","6dcIQyVBNBmaUdeLl0/xFs","3ecQXtvzRJzZ2F8rj4TvVb","88vhS2gq1FCKy2ACeu90vo","a2htgiYt5HGJ+AFgVlDVE5"],["node","_textureSetter","_spriteFrame","root","data","_parent","_pageView","indicator","indicator1","spriteFrame"],["cc.SpriteFrame",["cc.Node",["_name","_opacity","_components","_prefab","_contentSize","_parent","_children","_trs","_anchorPoint","_color"],1,9,4,5,1,2,7,5,5],["cc.Sprite",["_sizeMode","_type","node","_materials","_spriteFrame"],1,1,3,6],["cc.Node",["_name","_parent","_components","_prefab","_contentSize","_trs","_children","_anchorPoint"],2,1,2,4,5,7,2,5],["cc.Widget",["_alignFlags","_originalWidth","_originalHeight","node"],0,1],["cc.PrefabInfo",["fileId","root"],2,1],["cc.Prefab",["_name"],2],["c512aoqRxNAuKzHQfqNVpxo",["node","indicator","indicator1"],3,1,6,6],["cc.Layout",["_resize","_N$layoutType","_N$spacingY","node","_layoutSize"],0,1,5],["cc.BlockInputEvents",["node"],3,1],["cc.Mask",["_N$alphaThreshold","node","_materials"],2,1,3],["cc.Button",["zoomScale","_N$transition","node","clickEvents"],1,1,9],["cc.ClickEvent",["_componentId","handler","target"],1,1],["cc.PageViewIndicator",["spacing","node","cellSize"],2,1,5],["cc.PageView",["bounceDuration","node","_N$content","_N$indicator"],2,1,1,1]],[[5,0,1,2],[1,0,5,2,3,4,7,2],[2,0,2,3,4,2],[2,2,3,4,1],[1,0,5,6,2,3,4,7,2],[1,0,5,2,3,4,2],[6,0,2],[1,0,6,2,3,4,7,2],[1,0,6,2,3,4,8,2],[1,0,1,5,2,3,9,4,3],[1,0,5,6,2,3,4,8,7,2],[3,0,1,6,2,3,4,7,5,2],[3,0,1,2,3,4,5,2],[4,0,3,2],[4,0,1,2,3,4],[7,0,1,2,1],[5,1,1],[8,0,1,2,3,4,4],[2,2,3,1],[2,1,0,2,3,3],[9,0,1],[10,0,1,2,2],[11,0,1,2,3,3],[12,0,1,2,3],[13,0,1,2,2],[14,0,1,2,3,2]],[[[{"name":"rule5","rect":[440,173,68,10],"offset":[0,0],"originalSize":[68,10],"capInsets":[0,0,0,0]}],[0],0,[0],[1],[2]],[[{"name":"rule1","rect":[0,0,803,358],"offset":[0,0],"originalSize":[803,358],"capInsets":[0,0,0,0]}],[0],0,[0],[1],[3]],[[{"name":"rule4","rect":[1,1,754,409],"offset":[0,-0.5],"originalSize":[756,410],"capInsets":[0,0,0,0]}],[0],0,[0],[1],[4]],[[[6,"ruleNode"],[7,"ruleNode",[-4,-5],[[13,45,-2],[15,-3,19,20]],[16,-1],[5,1520,720],[760,360,0,0,0,0,1,1,1,1]],[8,"content",[-7,-8,-9,-10],[[17,1,1,15,-6,[5,3168,350]]],[0,"10Rew7MDBGOpsmjPUpnl55",1],[5,3168,350],[0,0,0.5]],[4,"content",1,[-12,-13,-14,-15],[[3,-11,[17],18]],[0,"46apkN1IFD+5Dr+hQ13n92",1],[5,1520,626],[0,-6,0,0,0,0,1,1,1,1]],[11,"New PageView",3,[-17,-18,-19],[-16],[0,"4fZr76l/ZFO7D10LtrX2u2",1],[5,890,500],[0,0,0.5],[-405.154,66.15,0,0,0,0,1,1,1,1]],[9,"bg",96,1,[[2,0,-20,[0],1],[14,45,100,100,-21],[20,-22]],[0,"ab9XmE+39Heq3MMvOZ9i61",1],[4,4278190080],[5,1520,720]],[10,"view",4,[2],[[21,0,-23,[14]]],[0,"94GRZABelHAZZ7tV9vNpMS",1],[5,792,500],[0,0,0.5],[0,-5,0,0,0,0,1,1,1,1]],[4,"box_close",3,[-25],[[22,1.1,3,-24,[[23,"c512aoqRxNAuKzHQfqNVpxo","onHide",1]]]],[0,"13nlsnO/pMS4F3ZvlPVwgU",1],[5,83,86],[437.392,249.506,0,0,0,0,1,1,1,0]],[1,"bg",3,[[3,-26,[2],3]],[0,"45mrDVYldA8J+WsvDmEkE8",1],[5,1520,720],[0,6,0,0,0,0,1,1,1,1]],[1,"title_paytable",3,[[18,-27,[4]]],[0,"d4ND7ahc5ElZS5YBrEb7Hw",1],[5,255,65],[0,345.911,0,0,0,0,1,1,1,1]],[5,"background",4,[[19,1,0,-28,[5]]],[0,"3dOZH6/ntJ/avr4EpAqP/D",1],[5,400,350]],[1,"page_1",2,[[2,0,-29,[6],7]],[0,"4cgvjDI7BPSJfpPV1pXX4B",1],[5,792,396],[396,-14,0,0,0,0,1,1,1,1]],[1,"page_2",2,[[2,0,-30,[8],9]],[0,"47GPsWzKRP26/kGbQ4eHXz",1],[5,792,396],[1188,0,0,0,0,0,1,1,1,1]],[1,"page_3",2,[[2,0,-31,[10],11]],[0,"abntUwlsVEV4TVhlApu0v0",1],[5,792,396],[1980,0,0,0,0,0,1,1,1,1]],[1,"page_4",2,[[2,0,-32,[12],13]],[0,"5cdhjgcv5GI633xnDNMcOs",1],[5,792,396],[2772,0,0,0,0,0,1,1,1,1]],[12,"indicator",4,[-33],[0,"e0NSikWYVBzqdeiBge58sl",1],[5,100,27],[401.24,-218.052,0,0,0,0,1,0.6,0.6,1]],[24,10,15,[5,80,10]],[25,0.5,4,2,16],[5,"box_close",7,[[3,-34,[15],16]],[0,"c2kNNRvDxAQIaafB3twsya",1],[5,71,71]]],0,[0,3,1,0,0,1,0,0,1,0,-1,5,0,-2,3,0,0,2,0,-1,11,0,-2,12,0,-3,13,0,-4,14,0,0,3,0,-1,8,0,-2,9,0,-3,4,0,-4,7,0,-1,17,0,-1,10,0,-2,6,0,-3,15,0,0,5,0,0,5,0,0,5,0,0,6,0,0,7,0,-1,18,0,0,8,0,0,9,0,0,10,0,0,11,0,0,12,0,0,13,0,0,14,0,-1,16,0,0,18,0,4,1,2,5,6,16,6,17,34],[0,0,0,0,0,0,0,0,0,0,0,0,0,0,0,0,0,0,0,0,0,16],[-1,2,-1,2,-1,-1,-1,2,-1,2,-1,2,-1,2,-1,-1,2,-1,2,7,8,9],[0,5,0,6,0,0,0,7,0,8,0,9,0,10,0,0,11,0,12,1,1,1]],[[{"name":"rule2","rect":[0,0,804,357],"offset":[0,0],"originalSize":[804,357],"capInsets":[0,0,0,0]}],[0],0,[0],[1],[13]],[[{"name":"rule_bg","rect":[0,0,1520,626],"offset":[0,0],"originalSize":[1520,626],"capInsets":[0,0,0,0]}],[0],0,[0],[1],[14]],[[{"name":"rule3","rect":[0,0,804,357],"offset":[0,0],"originalSize":[804,357],"capInsets":[0,0,0,0]}],[0],0,[0],[1],[15]],[[{"name":"rule_close","rect":[434,596,71,71],"offset":[0,0.5],"originalSize":[71,72],"capInsets":[0,0,0,0]}],[0],0,[0],[1],[2]],[[{"name":"bg","rect":[0,0,1520,720],"offset":[0,0],"originalSize":[1520,720],"capInsets":[0,0,0,0]}],[0],0,[0],[1],[16]]]]