[1,["ecpdLyjvZBwrvm+cedCcQy","a2MjXRFdtLlYQ5ouAFv/+R","02gb3T0mhHpZ6Pp4fRrKan","badN1P2PtEA4fJd9KadG6a","5dA6X3KiNLv4scjpuTYuDh","ddfrJO6etBjqfxEdOgaYbc","3arAMBFDlEP78iuni+PqqJ","1c9KzO5hFL9pkACzvw601Q","ec1QX171FMAKWz4vsrOYTa","6eyQ16OWhPpa5aur4fgF/N","bc69R1Uy5KwZ9KDx8aYRfc","d2Gg6VAIhO0Ka551UbjZSs"],["node","_spriteFrame","_N$file","root","data","_parent","_file","_N$dragonAsset","_N$dragonAtlasAsset"],[["cc.Node",["_name","_active","_opacity","_prefab","_trs","_parent","_components","_children","_contentSize","_color"],0,4,7,1,9,2,5,5],["cc.Widget",["_alignFlags","_originalWidth","_originalHeight","node"],0,1],["cc.PrefabInfo",["fileId","root","asset"],2,1,1],["cc.Sprite",["_sizeMode","node","_materials","_spriteFrame"],2,1,3,6],["cc.Label",["_fontSize","_isSystemFontUsed","_N$horizontalAlign","_N$verticalAlign","_string","node","_materials","_N$file"],-2,1,3,6],["dragonBones.DragonBonesAsset",["_name","_dragonBonesJson"],1],["cc.Prefab",["_name"],2],["cc.BlockInputEvents",["node"],3,1],["cc.Button",["zoomScale","_N$transition","node"],1,1],["cc.ParticleSystem",["_custom","playOnLoad","totalParticles","duration","emissionRate","life","lifeVar","angleVar","startSize","startSizeVar","endSize","startSpinVar","endSpin","_positionType","speed","speedVar","tangentialAccel","tangentialAccelVar","radialAccel","node","_materials","_startColor","_startColorVar","_endColor","_endColorVar","gravity","_file","_spriteFrame"],-16,1,3,8,8,8,8,5,6,6],["dragonBones.ArmatureDisplay",["_armatureName","_preCacheMode","playTimes","_armatureKey","node","_materials","_N$dragonAsset","_N$dragonAtlasAsset"],-1,1,3,6,6]],[[2,0,1,2,2],[0,0,5,6,3,8,4,2],[3,1,2,3,1],[0,0,1,7,6,3,8,4,3],[0,0,5,7,3,4,2],[4,0,1,2,3,5,6,7,5],[5,0,1,3],[6,0,2],[0,0,2,5,6,3,9,8,3],[0,0,1,5,7,3,4,3],[0,0,5,7,6,3,8,4,2],[0,0,5,6,3,4,2],[1,0,3,2],[1,0,1,2,3,4],[2,1,2,1],[3,0,1,2,3,2],[7,0,1],[8,0,1,2,3],[9,0,1,2,3,4,5,6,7,8,9,10,11,12,13,14,15,16,17,18,19,20,21,22,23,24,25,26,27,20],[10,0,1,2,3,4,5,6,7,5],[4,4,0,1,2,3,5,6,7,6]],[[[[6,"totalwin_ske","{\"frameRate\":24,\"isGlobal\":0,\"armature\":[{\"aabb\":{\"width\":791,\"y\":-433.05722957696094,\"height\":758.0572295769609,\"x\":-402.5},\"ik\":[],\"type\":\"Armature\",\"bone\":[{\"name\":\"root\",\"transform\":{}},{\"length\":79,\"transform\":{\"y\":-87.55,\"skX\":88.4811,\"skY\":88.4811,\"x\":2.05},\"parent\":\"root\",\"name\":\"tot\"},{\"length\":64,\"transform\":{\"scX\":0.8114,\"y\":-233.7606,\"scY\":0.8114,\"skX\":91.8619,\"skY\":91.8619,\"x\":4.15},\"parent\":\"root\",\"name\":\"1\"},{\"length\":206,\"transform\":{\"y\":-143.8,\"skX\":88.8476,\"skY\":88.8476},\"parent\":\"root\",\"name\":\"bg\"},{\"length\":170,\"transform\":{\"y\":100,\"skX\":90.6874,\"skY\":90.6874,\"x\":-4.2},\"parent\":\"root\",\"name\":\"c\"},{\"length\":187,\"transform\":{\"y\":-265.15,\"skX\":19.5603,\"skY\":19.5603,\"x\":16.25},\"parent\":\"root\",\"name\":\"9d7a39fd6b70108fc17836efe78cdf3f7cd4166bc3fa-idfa3q_fw1200\"},{\"length\":79,\"transform\":{\"y\":-87.55,\"skX\":88.4811,\"skY\":88.4811,\"x\":2.05},\"parent\":\"root\",\"name\":\"tot1\"}],\"defaultActions\":[{\"gotoAndPlay\":\"newAnimation\"}],\"slot\":[{\"color\":{},\"name\":\"9d7a39fd6b70108fc17836efe78cdf3f7cd4166bc3fa-idfa3q_fw1200\",\"parent\":\"9d7a39fd6b70108fc17836efe78cdf3f7cd4166bc3fa-idfa3q_fw1200\"},{\"z\":1,\"color\":{},\"name\":\"1\",\"parent\":\"1\"},{\"z\":2,\"color\":{},\"name\":\"c\",\"parent\":\"c\"},{\"z\":3,\"color\":{},\"name\":\"bg\",\"parent\":\"bg\"},{\"z\":4,\"color\":{},\"name\":\"tot\",\"parent\":\"tot\"},{\"blendMode\":\"add\",\"z\":5,\"color\":{},\"name\":\"tot1\",\"parent\":\"tot1\"}],\"animation\":[{\"duration\":30,\"frame\":[],\"bone\":[{\"frame\":[{\"duration\":30,\"transform\":{}}],\"name\":\"root\"},{\"frame\":[{\"duration\":9,\"transform\":{\"scX\":2.2349,\"y\":-82.456,\"scY\":2.2349},\"tweenEasing\":0},{\"duration\":3,\"transform\":{\"scX\":0.8809,\"y\":1.874,\"scY\":0.8809},\"tweenEasing\":0},{\"duration\":18,\"transform\":{\"scX\":0.9982,\"y\":1.874,\"scY\":0.9982}}],\"name\":\"tot\"},{\"frame\":[{\"duration\":6,\"transform\":{\"y\":-296.5698},\"tweenEasing\":0},{\"duration\":3,\"transform\":{\"y\":6.542},\"tweenEasing\":0},{\"duration\":17,\"transform\":{\"y\":-25.441},\"tweenEasing\":0},{\"duration\":4,\"transform\":{\"y\":-25.441}}],\"name\":\"1\"},{\"frame\":[{\"duration\":6,\"transform\":{\"scX\":0.4465,\"y\":56.22,\"scY\":0.4465},\"tweenEasing\":0},{\"duration\":3,\"transform\":{\"scX\":1.0459,\"y\":9.37,\"scY\":1.0459},\"tweenEasing\":0},{\"duration\":17,\"transform\":{\"scX\":0.9977,\"y\":9.37,\"scY\":0.9977},\"tweenEasing\":0},{\"duration\":4,\"transform\":{\"scX\":0.9977,\"y\":9.37,\"scY\":0.9977}}],\"name\":\"bg\"},{\"frame\":[{\"duration\":5,\"transform\":{\"y\":155.5421},\"tweenEasing\":0},{\"duration\":3,\"transform\":{\"y\":-13.118},\"tweenEasing\":0},{\"duration\":18,\"transform\":{\"y\":13.118},\"tweenEasing\":0},{\"duration\":4,\"transform\":{\"y\":13.118}}],\"name\":\"c\"},{\"frame\":[{\"duration\":6,\"transform\":{\"scX\":0.4286,\"y\":83.8372,\"scY\":0.4286,\"x\":-4.6512},\"tweenEasing\":0},{\"duration\":24,\"transform\":{\"scX\":0.984,\"y\":7.093,\"scY\":0.984,\"x\":-4.6512}}],\"name\":\"9d7a39fd6b70108fc17836efe78cdf3f7cd4166bc3fa-idfa3q_fw1200\"},{\"frame\":[{\"duration\":9,\"transform\":{\"scX\":2.2349,\"y\":-82.456,\"scY\":2.2349},\"tweenEasing\":0},{\"duration\":3,\"transform\":{\"scX\":0.8809,\"y\":1.874,\"scY\":0.8809},\"tweenEasing\":0},{\"duration\":18,\"transform\":{\"scX\":0.9982,\"y\":1.874,\"scY\":0.9982}}],\"name\":\"tot1\"}],\"slot\":[{\"frame\":[{\"tweenEasing\":0,\"duration\":5,\"color\":{\"aM\":0}},{\"tweenEasing\":null,\"duration\":25}],\"name\":\"c\"},{\"frame\":[{\"tweenEasing\":0,\"duration\":6,\"color\":{\"aM\":0}},{\"tweenEasing\":null,\"duration\":24}],\"name\":\"1\"},{\"frame\":[{\"tweenEasing\":0,\"duration\":6,\"color\":{\"aM\":0}},{\"tweenEasing\":null,\"duration\":24}],\"name\":\"bg\"},{\"frame\":[{\"tweenEasing\":0,\"duration\":9,\"color\":{\"aM\":0}},{\"tweenEasing\":null,\"duration\":21}],\"name\":\"tot\"},{\"frame\":[{\"tweenEasing\":0,\"duration\":6,\"color\":{\"aM\":0}},{\"tweenEasing\":null,\"duration\":24}],\"name\":\"9d7a39fd6b70108fc17836efe78cdf3f7cd4166bc3fa-idfa3q_fw1200\"},{\"frame\":[{\"tweenEasing\":0,\"duration\":9,\"color\":{\"aM\":0}},{\"tweenEasing\":0,\"duration\":2,\"color\":{\"aM\":0}},{\"tweenEasing\":0,\"duration\":3,\"color\":{\"aM\":67}},{\"tweenEasing\":0,\"duration\":4,\"color\":{\"aM\":92}},{\"tweenEasing\":0,\"duration\":12,\"color\":{\"aM\":0}},{\"tweenEasing\":null,\"duration\":0}],\"name\":\"tot1\"}],\"ffd\":[],\"ik\":[],\"playTimes\":0,\"name\":\"newAnimation\"}],\"frameRate\":24,\"name\":\"Armature\",\"skin\":[{\"name\":\"\",\"slot\":[{\"display\":[{\"path\":\"totalwin/d6e12eaf0c3450da37e71ea5d5c80f6\",\"type\":\"image\",\"name\":\"c\",\"transform\":{\"y\":2.3019,\"skX\":-90.6874,\"skY\":-90.6874,\"x\":41.5306}}],\"name\":\"c\"},{\"display\":[{\"path\":\"022\",\"type\":\"image\",\"name\":\"1\",\"transform\":{\"scX\":1.4808,\"y\":67.5611,\"scY\":1.4808,\"skX\":-91.8619,\"skY\":-91.8619,\"x\":36.3578}}],\"name\":\"1\"},{\"display\":[{\"path\":\"totalwin/组_81_拷贝\",\"type\":\"image\",\"name\":\"tot\",\"transform\":{\"y\":9.8604,\"skX\":-88.4811,\"skY\":-88.4811,\"x\":49.306}}],\"blendMode\":\"add\",\"name\":\"tot1\"},{\"display\":[{\"path\":\"totalwin/组_81_拷贝\",\"type\":\"image\",\"name\":\"tot\",\"transform\":{\"y\":9.8604,\"skX\":-88.4811,\"skY\":-88.4811,\"x\":49.306}}],\"name\":\"tot\"},{\"display\":[{\"path\":\"9d7a39fd6b70108fc17836efe78cdf3f7cd4166bc3fa-idfa3q_fw1200\",\"type\":\"image\",\"name\":\"9d7a39fd6b70108fc17836efe78cdf3f7cd4166bc3fa-idfa3q_fw1200\",\"transform\":{\"scX\":2.1932,\"y\":268.9316,\"scY\":2.1932,\"skX\":-19.5603,\"skY\":-19.5603,\"x\":69.7926}}],\"name\":\"9d7a39fd6b70108fc17836efe78cdf3f7cd4166bc3fa-idfa3q_fw1200\"},{\"display\":[{\"path\":\"totalwin/fbc4f967f58cb5add7ce50e31f8c876\",\"type\":\"image\",\"name\":\"bg\",\"transform\":{\"y\":9.4281,\"skX\":-88.8476,\"skY\":-88.8476,\"x\":120.6348}}],\"name\":\"bg\"}]}]}],\"name\":\"totalwin\",\"version\":\"5.0\"}"]],0,0,[],[],[]],[[[7,"freeOverNode"],[3,"freeOverNode",false,[-3,-4],[[12,45,-2]],[14,-1,0],[5,1520,720],[760,360,0,0,0,0,1,1,1,1]],[4,"node",1,[-5,-6,-7,-8],[0,"97B/j9zV1KwKq1UzJaOKg8",1,0],[0,-19.517,0,0,0,0,1,1,1,1]],[8,"bg",160,1,[[15,0,-9,[0],1],[13,45,100,100,-10],[16,-11]],[0,"e79tUX0+VFa6nnU/kw4M1w",1,0],[4,4278190080],[5,1520,720]],[3,"freeCloseBtn",false,[-14],[[2,-12,[10],11],[17,1.1,3,-13]],[0,"28vtjQey9N0LfbZzoNqDbd",1,0],[5,226,74],[-8,-185,0,0,0,0,1,1,1,0]],[4,"freeoverConten",2,[4,-15],[0,"79yNytfDtJU79Yb+6F9ciL",1,0],[0,-50.767,0,0,0,0,1,1,1,1]],[9,"luckyBall",false,2,[-16,-17],[0,"14zYxDwQ5EW6ZOUek95CMH",1,0],[-8,-240,0,0,0,0,1,1,1,1]],[10,"luckbtn",6,[-19],[[2,-18,[16],17]],[0,"51YC/9pZxEvIxPZw9hfyYm",1,0],[5,245,88],[150,0,0,0,0,0,1,1,1,1]],[11,"particle",2,[[18,true,false,55,25,22,2,0.25,60,56,30,-1,720,360,1,540,20,12,12,6,-20,[2],[4,4294967295],[4,0],[4,4294967295],[4,0],[0,2,-550],3,4]],[0,"2b2WdWh4dGUIWp4X3SLz9P",1,0],[0,45.328,0,0,0,0,1,1,1,1]],[1,"freeoverAni",2,[[19,"Armature",0,2,"5d03a5f7-2a23-4bbf-8b1c-8e9b9362e0e1#dd7eb24e-e9eb-418e-a7f1-11d3a06986dc",-21,[5],6,7]],[0,"77N3b/vyBJi5BWHbhSQ1tC",1,0],[5,791,758.0572295769609],[-8,-8,0,0,0,0,1,0.8,0.8,1]],[1,"freeCloseTimeLabel",4,[[5,28,false,1,1,-22,[8],9]],[0,"9aPyqhkm5MepoIa4rxZbdm",1,0],[5,14.88,40],[57.579,25.608,0,0,0,0,1,1,1,1]],[1,"freewinLabel",5,[[5,28,false,1,1,-23,[12],13]],[0,"39h20D0eNNBY3rk2ln2rDM",1,0],[5,42.88,40],[-8.228,-97.55,0,0,0,0,1,1,1,1]],[1,"timeLab",7,[[20,"1",25,false,1,1,-24,[14],15]],[0,"f08lf9THhIW7pQg3hXbRsh",1,0],[5,16.41,40],[82,-5,0,0,0,0,1,1,1,1]],[1,"closebtn",6,[[2,-25,[18],19]],[0,"2dsoyZRGREn7K5rzPeZZhf",1,0],[5,227,86],[-150,0,0,0,0,0,1,1,1,1]]],0,[0,3,1,0,0,1,0,-1,3,0,-2,2,0,-1,8,0,-2,9,0,-3,5,0,-4,6,0,0,3,0,0,3,0,0,3,0,0,4,0,0,4,0,-1,10,0,-2,11,0,-1,7,0,-2,13,0,0,7,0,-1,12,0,0,8,0,0,9,0,0,10,0,0,11,0,0,12,0,0,13,0,4,1,4,5,5,25],[0,0,0,0,0,0,0,0,0,0,0,0,0,0,0,0,0,0,0,0],[-1,1,-1,6,1,-1,7,8,-1,2,-1,1,-1,2,-1,2,-1,1,-1,1],[0,1,0,2,3,0,4,5,0,6,0,7,0,8,0,9,0,10,0,11]]]]