[1,["639r1IJ7tCwrr4GQO2jmzI","11E/gbqzdBE5ShF7W95swC"],["_textureSetter","spriteFrame"],["cc.SpriteFrame",["cc.BitmapFont",["_name","fontSize","_fntConfig"],0]],[[1,0,1,2,4]],[[[{"name":"greenFont","rect":[0,0,136,120],"offset":[-60,4],"originalSize":[256,128],"capInsets":[0,0,0,0]}],[0],0,[0],[0],[0]],[[[0,"greenFont",32,{"commonHeight":60,"fontSize":32,"atlasName":"D:\\子项目-LUDO\\切图\\greenFont.png","fontDefDictionary":{"9":{"xOffset":0,"yOffset":0,"xAdvance":160,"rect":{"x":0,"y":0,"width":0,"height":0}},"32":{"xOffset":0,"yOffset":0,"xAdvance":20,"rect":{"x":0,"y":0,"width":0,"height":0}},"44":{"xOffset":0,"yOffset":50,"xAdvance":17,"rect":{"x":120,"y":0,"width":11,"height":21}},"46":{"xOffset":0,"yOffset":50,"xAdvance":17,"rect":{"x":120,"y":22,"width":11,"height":10}},"48":{"xOffset":0,"yOffset":21,"xAdvance":35,"rect":{"x":0,"y":40,"width":29,"height":39}},"49":{"xOffset":0,"yOffset":21,"xAdvance":23,"rect":{"x":119,"y":80,"width":17,"height":39}},"50":{"xOffset":0,"yOffset":21,"xAdvance":34,"rect":{"x":90,"y":80,"width":28,"height":40}},"51":{"xOffset":0,"yOffset":21,"xAdvance":35,"rect":{"x":60,"y":80,"width":29,"height":39}},"52":{"xOffset":0,"yOffset":21,"xAdvance":35,"rect":{"x":90,"y":40,"width":29,"height":39}},"53":{"xOffset":0,"yOffset":21,"xAdvance":35,"rect":{"x":90,"y":0,"width":29,"height":39}},"54":{"xOffset":0,"yOffset":21,"xAdvance":35,"rect":{"x":60,"y":40,"width":29,"height":39}},"55":{"xOffset":0,"yOffset":21,"xAdvance":35,"rect":{"x":0,"y":0,"width":29,"height":39}},"56":{"xOffset":0,"yOffset":21,"xAdvance":35,"rect":{"x":60,"y":0,"width":29,"height":39}},"57":{"xOffset":0,"yOffset":21,"xAdvance":35,"rect":{"x":30,"y":80,"width":29,"height":39}},"66":{"xOffset":0,"yOffset":21,"xAdvance":35,"rect":{"x":0,"y":80,"width":29,"height":39}},"75":{"xOffset":0,"yOffset":21,"xAdvance":35,"rect":{"x":30,"y":0,"width":29,"height":39}},"77":{"xOffset":0,"yOffset":21,"xAdvance":35,"rect":{"x":30,"y":40,"width":29,"height":39}}},"kerningDict":{}}]],0,0,[0],[1],[1]]]]