[1,["e7S/Fndn1HLLm7R2k8f1Eq","36nji2PaJEiY4zNaf/xZf5","ca7Jv1wGFMP41KMGIlmnAo","9feb4GF6tPA7bEi5H9id2l","7278WgLxNLGIW4qqMGU9gr","4420Ogd35N+bXA3jpgnJVl","ce1ZLeZoVAFYmpFUeqCEWk","12mAo3vwhI57UEpHPxiZcv","1dXwK6pyBGhoQdAAkF5CYq","19/QOY+3FH8oU5ZxLzHFbo","c4IkGtqbBGp51FfHhONH+u","5bqTuyyGdBmpxABjohifBB","4aDc21k5lIrIZpZ50+96Bo","2dqSBoydFP1qIUEfa7cOBG","20mWA/ExpNjpvnRvRGkrzi","ednfbkR49L0oYs2X88XcY4","e8UVQV5/9CS5+kv3mqO96b","c4yP2qYtZMM5bybO1vEP9B","5bGcVPPHlEXrD3Bb9PrqGz","41uDwESjtC54HIOp6elUli","424JohJe9LfZMSVmxHxEXD","2ekvC/jMtH3pJEO1Ys3RjU","cekE8OhmlLvIXsKsCav8KN","66DV9Kjp5JkK43zjOoPmE9","e0N8v16w5O8KmvdryFOdk5","8de9wMk+9PVq3JXlpyIST8","77cdfY+QlFhbG8wFSd+8be","a78vCb6ihO/7Z+tH85/Qpw","c51Tvz1LpA4q2eblkg63Z4","494+87t6VIZ53c2WEOaj5M","1emGYc+m1PEp5HpL+nQCpp","c4aDY1QWpBrqXFBMmqTeHd","bdA+W3HJtL/K4JVkQ5RVx+"],["_textureSetter","+","Candysaga","GIRO02","PARAR","back_img","bet","bet_add","btn_decuse","btn_rule","fenge2_img","fenge_img","free_imgspin 1","fruit_img_below2","fruit_img_slot","fruit_img_slot5","fruit_img_slot6","fruit_img_slot7","fruit_img_slot8","fruit_img_slot9","fruit_img_top","giro","goodluck","goodluck_bg","img_add","img_auto","img_jackpot","max_bet","max_bet_un","win_img","zeus_baxi_fast","zeus_baxi_fast01","？"],["cc.SpriteFrame",["cc.SpriteAtlas",["_name","_spriteFrames"],2,11]],[[1,0,1,2]],[[[{"name":"btn_rule","rect":[489,1664,75,75],"offset":[0,0],"originalSize":[75,75],"capInsets":[0,0,0,0]}],[0],0,[0],[0],[0]],[[{"name":"GIRO02","rect":[617,1323,167,74],"offset":[0,0],"originalSize":[167,74],"rotated":1,"capInsets":[0,0,0,0]}],[0],0,[0],[0],[0]],[[{"name":"max_bet_un","rect":[269,1866,128,74],"offset":[0,0],"originalSize":[128,74],"rotated":1,"capInsets":[0,0,0,0]}],[0],0,[0],[0],[0]],[[[0,"Samba.plist",[{},"+",6,0,"Candysaga",6,1,"GIRO02",6,2,"PARAR",6,3,"back_img",6,4,"bet",6,5,"bet_add",6,6,"btn_decuse",6,7,"btn_rule",6,8,"fenge2_img",6,9,"fenge_img",6,10,"free_imgspin 1",6,11,"fruit_img_below2",6,12,"fruit_img_slot",6,13,"fruit_img_slot5",6,14,"fruit_img_slot6",6,15,"fruit_img_slot7",6,16,"fruit_img_slot8",6,17,"fruit_img_slot9",6,18,"fruit_img_top",6,19,"giro",6,20,"goodluck",6,21,"goodluck_bg",6,22,"img_add",6,23,"img_auto",6,24,"img_jackpot",6,25,"max_bet",6,26,"max_bet_un",6,27,"win_img",6,28,"zeus_baxi_fast",6,29,"zeus_baxi_fast01",6,30,"？",6,31]]],0,0,[0,0,0,0,0,0,0,0,0,0,0,0,0,0,0,0,0,0,0,0,0,0,0,0,0,0,0,0,0,0,0,0],[1,2,3,4,5,6,7,8,9,10,11,12,13,14,15,16,17,18,19,20,21,22,23,24,25,26,27,28,29,30,31,32],[1,2,3,4,5,6,7,8,9,10,11,12,13,14,15,16,17,18,19,20,21,22,23,24,25,26,27,28,29,30,31,32]],[[{"name":"Candysaga","rect":[171,1846,196,43],"offset":[0,0],"originalSize":[198,43],"rotated":1,"capInsets":[0,0,0,0]}],[0],0,[0],[0],[0]],[[{"name":"img_add","rect":[216,1959,51,51],"offset":[0,0],"originalSize":[51,51],"capInsets":[0,0,0,0]}],[0],0,[0],[0],[0]]]]