[1,["9b3jBpqGVK04xBiLoINnPL"],["_texture"],[["dragonBones.DragonBonesAtlasAsset",["_name","_atlasJson"],1]],[[0,0,1,3]],[[0,"huo_tex","{\"width\":512,\"SubTexture\":[{\"width\":65,\"y\":272,\"height\":59,\"name\":\"huo/huo02\",\"x\":83},{\"width\":80,\"y\":229,\"height\":53,\"name\":\"huo/huo08\",\"x\":1},{\"width\":70,\"y\":214,\"height\":56,\"name\":\"huo/huo03\",\"x\":280},{\"width\":72,\"y\":284,\"height\":53,\"name\":\"huo/huo04\",\"x\":1},{\"width\":77,\"y\":192,\"height\":53,\"name\":\"huo/huo07\",\"x\":201},{\"width\":64,\"y\":247,\"height\":60,\"name\":\"huo/huo01\",\"x\":201},{\"width\":70,\"y\":123,\"height\":57,\"name\":\"huo/huo06\",\"x\":207},{\"width\":75,\"y\":192,\"height\":60,\"name\":\"huo/huo05\",\"x\":124},{\"width\":65,\"y\":272,\"height\":53,\"name\":\"huo/football\",\"x\":267},{\"width\":18,\"y\":1,\"height\":53,\"name\":\"huo/zhezhao\",\"x\":487},{\"width\":91,\"y\":207,\"height\":104,\"name\":\"yanhua/03\",\"x\":399},{\"width\":150,\"y\":1,\"height\":117,\"name\":\"yanhua/09\",\"x\":1},{\"width\":109,\"y\":106,\"height\":99,\"name\":\"yanhua/04\",\"x\":399},{\"width\":116,\"y\":106,\"height\":106,\"name\":\"yanhua/05\",\"x\":281},{\"width\":126,\"y\":1,\"height\":120,\"name\":\"yanhua/08\",\"x\":153},{\"width\":82,\"y\":1,\"height\":100,\"name\":\"yanhua/02\",\"x\":403},{\"width\":81,\"y\":123,\"height\":67,\"name\":\"yanhua/01\",\"x\":124},{\"width\":121,\"y\":120,\"height\":107,\"name\":\"yanhua/07\",\"x\":1},{\"width\":120,\"y\":1,\"height\":103,\"name\":\"yanhua/06\",\"x\":281}],\"height\":512,\"name\":\"huo\",\"imagePath\":\"huo_tex.png\"}"]],0,0,[0],[0],[0]]