[1,["a0y5Y4k1BMsL2BxpLBttAX","70ZjbE3HBDhYmOqQEKg2AH"],["_textureSetter","spriteFrame"],["cc.SpriteFrame",["cc.BitmapFont",["_name","fontSize","_fntConfig"],0]],[[1,0,1,2,4]],[[[{"name":"greenfont","rect":[0,0,101,55],"offset":[-13.5,4.5],"originalSize":[128,64],"capInsets":[0,0,0,0]}],[0],0,[0],[0],[0]],[[[0,"greenfont",32,{"commonHeight":55,"fontSize":32,"atlasName":"C:\\Users\\Administrator\\greenfont.png","fontDefDictionary":{"9":{"xOffset":0,"yOffset":0,"xAdvance":8,"rect":{"x":0,"y":0,"width":0,"height":0}},"32":{"xOffset":0,"yOffset":0,"xAdvance":1,"rect":{"x":0,"y":0,"width":0,"height":0}},"48":{"xOffset":0,"yOffset":28,"xAdvance":21,"rect":{"x":21,"y":28,"width":20,"height":27}},"49":{"xOffset":0,"yOffset":28,"xAdvance":18,"rect":{"x":83,"y":0,"width":17,"height":27}},"50":{"xOffset":0,"yOffset":28,"xAdvance":20,"rect":{"x":63,"y":0,"width":19,"height":27}},"51":{"xOffset":0,"yOffset":28,"xAdvance":21,"rect":{"x":22,"y":0,"width":20,"height":27}},"52":{"xOffset":0,"yOffset":28,"xAdvance":22,"rect":{"x":0,"y":0,"width":21,"height":27}},"53":{"xOffset":0,"yOffset":28,"xAdvance":20,"rect":{"x":82,"y":28,"width":19,"height":27}},"54":{"xOffset":0,"yOffset":28,"xAdvance":20,"rect":{"x":62,"y":28,"width":19,"height":27}},"55":{"xOffset":0,"yOffset":28,"xAdvance":20,"rect":{"x":43,"y":0,"width":19,"height":27}},"56":{"xOffset":0,"yOffset":28,"xAdvance":21,"rect":{"x":0,"y":28,"width":20,"height":27}},"57":{"xOffset":0,"yOffset":28,"xAdvance":20,"rect":{"x":42,"y":28,"width":19,"height":27}}},"kerningDict":{}}]],0,0,[0],[1],[1]]]]