[1,["aewYkfrBpAyoR+T6AyCHcn","90M+2y301G3pO5/uMnL52x"],["spriteFrame","_textureSetter"],["cc.SpriteFrame",["cc.BitmapFont",["_name","fontSize","_fntConfig"],0]],[[1,0,1,2,4]],[[[[0,"number1",30,{"commonHeight":30,"fontSize":30,"atlasName":"number1.png","fontDefDictionary":{"36":{"xOffset":0,"yOffset":0,"xAdvance":16,"rect":{"x":110,"y":2,"width":16,"height":30}},"44":{"xOffset":-2,"yOffset":0,"xAdvance":12,"rect":{"x":74,"y":2,"width":16,"height":30}},"46":{"xOffset":-1,"yOffset":0,"xAdvance":8,"rect":{"x":218,"y":2,"width":16,"height":30}},"48":{"xOffset":0,"yOffset":0,"xAdvance":16,"rect":{"x":128,"y":2,"width":16,"height":30}},"49":{"xOffset":0,"yOffset":0,"xAdvance":14,"rect":{"x":200,"y":2,"width":16,"height":30}},"50":{"xOffset":0,"yOffset":0,"xAdvance":16,"rect":{"x":146,"y":2,"width":16,"height":30}},"51":{"xOffset":0,"yOffset":0,"xAdvance":16,"rect":{"x":164,"y":2,"width":16,"height":30}},"52":{"xOffset":0,"yOffset":0,"xAdvance":16,"rect":{"x":182,"y":2,"width":16,"height":30}},"53":{"xOffset":0,"yOffset":0,"xAdvance":16,"rect":{"x":2,"y":2,"width":16,"height":30}},"54":{"xOffset":0,"yOffset":0,"xAdvance":16,"rect":{"x":20,"y":2,"width":16,"height":30}},"55":{"xOffset":0,"yOffset":0,"xAdvance":16,"rect":{"x":38,"y":2,"width":16,"height":30}},"56":{"xOffset":0,"yOffset":0,"xAdvance":16,"rect":{"x":56,"y":2,"width":16,"height":30}},"57":{"xOffset":0,"yOffset":0,"xAdvance":16,"rect":{"x":92,"y":2,"width":16,"height":30}}},"kerningDict":{}}]],0,0,[0],[0],[0]],[[{"name":"number1","rect":[2,2,222,30],"offset":[-15,111],"originalSize":[256,256],"capInsets":[0,0,0,0]}],[0],0,[0],[1],[1]]]]