[1,["ecpdLyjvZBwrvm+cedCcQy","a2MjXRFdtLlYQ5ouAFv/+R","02gb3T0mhHpZ6Pp4fRrKan","badN1P2PtEA4fJd9KadG6a","81dRgKae1NBZnfHIwqUjRr","a7aD0iuTNFmIgo6RUBu/2n","57kpdQS/ND0J0w4ayRXByK","76trbJoMVPMavkOiWJ/vee","cfHOpfbQ1Ea5qoH+a2sIIC","6eyQ16OWhPpa5aur4fgF/N","90ie4vakBPPYtXGX+GoCiZ","f2PR5gG8JBibH20YhbaaCJ"],["node","_spriteFrame","_N$file","root","data","_parent","_file","_N$dragonAsset","_N$dragonAtlasAsset"],[["cc.Node",["_name","_active","_opacity","_prefab","_parent","_trs","_children","_components","_contentSize","_color"],0,4,1,7,2,9,5,5],["cc.Widget",["_alignFlags","_originalWidth","_originalHeight","node"],0,1],["cc.PrefabInfo",["fileId","root"],2,1],["cc.Sprite",["_sizeMode","node","_materials","_spriteFrame"],2,1,3,6],["cc.Label",["_fontSize","_isSystemFontUsed","_N$horizontalAlign","_N$verticalAlign","_string","node","_materials","_N$file"],-2,1,3,6],["dragonBones.DragonBonesAsset",["_name","_dragonBonesJson"],1],["cc.Prefab",["_name"],2],["cc.BlockInputEvents",["node"],3,1],["cc.Button",["zoomScale","_N$transition","node"],1,1],["cc.ParticleSystem",["_custom","playOnLoad","totalParticles","duration","emissionRate","life","lifeVar","angleVar","startSize","startSizeVar","endSize","startSpinVar","endSpin","_positionType","speed","speedVar","tangentialAccel","tangentialAccelVar","radialAccel","node","_materials","_startColor","_startColorVar","_endColor","_endColorVar","gravity","_file","_spriteFrame"],-16,1,3,8,8,8,8,5,6,6],["dragonBones.ArmatureDisplay",["_armatureName","_preCacheMode","_armatureKey","node","_materials","_N$dragonAsset","_N$dragonAtlasAsset"],0,1,3,6,6]],[[2,0,1,2],[0,0,4,7,3,8,5,2],[3,1,2,3,1],[0,0,1,6,7,3,8,5,3],[4,4,0,1,2,3,5,6,7,6],[5,0,1,3],[6,0,2],[0,0,4,6,3,2],[0,0,2,4,7,3,9,8,3],[0,0,4,6,3,5,2],[0,0,1,4,6,3,5,3],[0,0,4,6,7,3,8,5,2],[0,0,4,7,3,5,2],[1,0,3,2],[1,0,1,2,3,4],[2,1,1],[3,0,1,2,3,2],[7,0,1],[8,0,1,2,3],[9,0,1,2,3,4,5,6,7,8,9,10,11,12,13,14,15,16,17,18,19,20,21,22,23,24,25,26,27,20],[10,0,1,2,3,4,5,6,4],[4,0,1,2,3,5,6,7,5]],[[[[5,"bigwin-fb_ske","{\"frameRate\":24,\"isGlobal\":0,\"armature\":[{\"ik\":[],\"type\":\"Armature\",\"frameRate\":24,\"skin\":[{\"name\":\"\",\"slot\":[{\"display\":[{\"path\":\"bigwin-fb/cb2\",\"type\":\"image\",\"name\":\"bigwin-fb/cb2\",\"transform\":{\"y\":-114.45,\"x\":89}}],\"name\":\"cb2\"},{\"display\":[{\"path\":\"JACKPOT-fb/shua\",\"type\":\"image\",\"name\":\"JACKPOT-fb/shua\",\"transform\":{\"x\":-18.9484}}],\"name\":\"shua\"},{\"display\":[{\"path\":\"bigwin-fb/cb1\",\"type\":\"image\",\"name\":\"bigwin-fb/cb1\",\"transform\":{\"y\":-106.45,\"x\":-80}}],\"name\":\"cb1\"},{\"display\":[{\"path\":\"ggg\",\"type\":\"image\",\"name\":\"ggg\",\"transform\":{\"x\":-19.5577}}],\"name\":\"ggg\"},{\"display\":[{\"path\":\"bigwin-fb/jtou\",\"type\":\"image\",\"name\":\"bigwin-fb/jtou\",\"transform\":{\"y\":2.55}}],\"name\":\"jtou\"},{\"display\":[{\"path\":\"bigwin-fb/big\",\"type\":\"image\",\"name\":\"bigwin-fb/big\",\"transform\":{\"y\":3.05,\"x\":-66.5}}],\"name\":\"big\"},{\"display\":[{\"path\":\"bigwin-fb/qiu2\",\"type\":\"image\",\"name\":\"bigwin-fb/qiu2\",\"transform\":{\"skX\":113.367,\"y\":-2.45,\"skY\":113.367,\"x\":3}}],\"name\":\"qiu2\"},{\"display\":[{\"path\":\"bigwin-fb/win\",\"type\":\"image\",\"name\":\"bigwin-fb/win\",\"transform\":{\"y\":6.05,\"x\":82}}],\"name\":\"win\"},{\"display\":[{\"path\":\"bigwin-fb/ggggg\",\"type\":\"image\",\"name\":\"bigwin-fb/ggggg\",\"transform\":{\"y\":1.55,\"x\":0.5}}],\"blendMode\":\"add\",\"name\":\"ggggg\"},{\"display\":[{\"path\":\"bigwin-fb/qiu2\",\"type\":\"image\",\"name\":\"bigwin-fb/qiu2\",\"transform\":{\"skX\":113.367,\"y\":-2.45,\"skY\":113.367,\"x\":3}}],\"blendMode\":\"add\",\"name\":\"qiu21\"}]}],\"animation\":[{\"ik\":[],\"frame\":[],\"playTimes\":0,\"ffd\":[],\"duration\":55,\"slot\":[{\"frame\":[{\"tweenEasing\":0,\"color\":{\"aM\":0},\"duration\":9},{\"tweenEasing\":0,\"color\":{\"aM\":0},\"duration\":1},{\"tweenEasing\":0,\"color\":{\"aM\":0},\"duration\":10},{\"tweenEasing\":0,\"duration\":25},{\"tweenEasing\":0,\"duration\":10},{\"tweenEasing\":null,\"color\":{\"aM\":0},\"duration\":0}],\"name\":\"ggggg\"},{\"frame\":[{\"tweenEasing\":0,\"color\":{\"aM\":0},\"duration\":5},{\"tweenEasing\":null,\"duration\":50}],\"name\":\"cb1\"},{\"frame\":[{\"tweenEasing\":0,\"color\":{\"aM\":0},\"duration\":5},{\"tweenEasing\":null,\"duration\":50}],\"name\":\"cb2\"},{\"frame\":[{\"tweenEasing\":0,\"color\":{\"aM\":0},\"duration\":5},{\"tweenEasing\":null,\"duration\":50}],\"name\":\"win\"},{\"frame\":[{\"tweenEasing\":0,\"color\":{\"aM\":0},\"duration\":5},{\"tweenEasing\":null,\"duration\":50}],\"name\":\"big\"},{\"frame\":[{\"tweenEasing\":0,\"duration\":9},{\"tweenEasing\":0,\"color\":{\"aM\":0},\"duration\":11},{\"tweenEasing\":0,\"duration\":11},{\"tweenEasing\":0,\"color\":{\"aM\":0},\"duration\":12},{\"tweenEasing\":0,\"duration\":12},{\"tweenEasing\":null,\"color\":{\"aM\":0},\"duration\":0}],\"name\":\"qiu21\"},{\"frame\":[{\"tweenEasing\":0,\"duration\":3},{\"tweenEasing\":0,\"duration\":7},{\"tweenEasing\":null,\"color\":{\"aM\":0},\"duration\":45}],\"name\":\"ggg\"},{\"frame\":[{\"tweenEasing\":0,\"color\":{\"aM\":0},\"duration\":9},{\"tweenEasing\":0,\"color\":{\"aM\":0},\"duration\":1},{\"tweenEasing\":0,\"color\":{\"aM\":0},\"duration\":10},{\"tweenEasing\":0,\"duration\":14},{\"tweenEasing\":0,\"duration\":11},{\"tweenEasing\":null,\"color\":{\"aM\":0},\"duration\":10}],\"name\":\"shua\"}],\"bone\":[{\"frame\":[{\"transform\":{},\"duration\":55}],\"name\":\"root\"},{\"frame\":[{\"transform\":{},\"duration\":55}],\"name\":\"bone\"},{\"frame\":[{\"tweenEasing\":0,\"transform\":{\"scX\":0.01},\"duration\":5},{\"tweenEasing\":0,\"transform\":{},\"duration\":2},{\"tweenEasing\":0,\"transform\":{\"scX\":1.1739},\"duration\":2},{\"tweenEasing\":0,\"transform\":{\"scX\":0.9192},\"duration\":2},{\"transform\":{},\"duration\":44}],\"name\":\"bone1\"},{\"frame\":[{\"tweenEasing\":0,\"transform\":{\"x\":-495.6537},\"duration\":5},{\"tweenEasing\":0,\"transform\":{\"scX\":0.8435,\"x\":12.1697},\"duration\":2},{\"tweenEasing\":0,\"transform\":{\"x\":-15.6467},\"duration\":2},{\"transform\":{\"x\":6.9541},\"duration\":46}],\"name\":\"bone2\"},{\"frame\":[{\"tweenEasing\":0,\"transform\":{\"x\":503.9986},\"duration\":5},{\"tweenEasing\":0,\"transform\":{\"scX\":0.8592,\"x\":-6.9541},\"duration\":2},{\"tweenEasing\":0,\"transform\":{\"x\":39.9861},\"duration\":2},{\"transform\":{\"x\":20.8623},\"duration\":46}],\"name\":\"bone3\"},{\"frame\":[{\"tweenEasing\":0,\"transform\":{\"y\":-478.0102,\"scX\":3,\"scY\":3,\"x\":1054.0344},\"duration\":3},{\"tweenEasing\":0,\"transform\":{\"skX\":30,\"y\":-187.1015,\"skY\":30,\"scX\":2.1429,\"scY\":2.1429,\"x\":527.0172},\"duration\":4},{\"tweenEasing\":0,\"transform\":{\"skX\":70,\"y\":26.0109,\"skY\":70,\"x\":-41.9722},\"duration\":2},{\"tweenEasing\":0,\"transform\":{\"skX\":90,\"y\":14.1878,\"skY\":90,\"x\":-0.7094},\"duration\":11},{\"tweenEasing\":0,\"transform\":{\"skX\":180,\"y\":14.1878,\"skY\":180,\"x\":-0.7094},\"duration\":11},{\"tweenEasing\":0,\"transform\":{\"skX\":271.3142,\"y\":14.1878,\"skY\":271.3142,\"x\":-0.7094},\"duration\":12},{\"transform\":{\"skX\":359.3877,\"y\":14.1878,\"skY\":359.3877,\"x\":-0.7094},\"duration\":12}],\"name\":\"bone4\"},{\"frame\":[{\"tweenEasing\":0,\"transform\":{\"skX\":116.0894,\"skY\":116.0894},\"duration\":7},{\"tweenEasing\":0,\"transform\":{},\"duration\":3},{\"tweenEasing\":0,\"transform\":{\"skX\":-22.8825,\"skY\":-22.8825},\"duration\":3},{\"tweenEasing\":0,\"transform\":{\"skX\":21.7864,\"skY\":21.7864},\"duration\":2},{\"transform\":{},\"duration\":40}],\"name\":\"bone5\"},{\"frame\":[{\"tweenEasing\":0,\"transform\":{\"skX\":-116.7923,\"skY\":-116.7923},\"duration\":7},{\"tweenEasing\":0,\"transform\":{},\"duration\":3},{\"tweenEasing\":0,\"transform\":{\"skX\":25.2789,\"skY\":25.2789},\"duration\":3},{\"tweenEasing\":0,\"transform\":{\"skX\":-26.1461,\"skY\":-26.1461},\"duration\":2},{\"transform\":{},\"duration\":40}],\"name\":\"bone6\"},{\"frame\":[{\"tweenEasing\":0,\"transform\":{},\"duration\":15},{\"tweenEasing\":0,\"transform\":{\"skX\":-24.7019,\"skY\":-24.7019,\"scX\":1.3,\"scY\":1.3},\"duration\":12},{\"tweenEasing\":0,\"transform\":{\"skX\":-44.4634,\"skY\":-44.4634,\"scX\":1.36,\"scY\":1.36},\"duration\":28},{\"transform\":{\"skX\":-90,\"skY\":-90,\"scX\":1.5,\"scY\":1.5},\"duration\":0}],\"name\":\"bone7\"},{\"frame\":[{\"tweenEasing\":0,\"transform\":{},\"duration\":10},{\"transform\":{\"skX\":45,\"skY\":45,\"scX\":800,\"scY\":800},\"duration\":45}],\"name\":\"bone8\"},{\"frame\":[{\"transform\":{},\"duration\":10},{\"tweenEasing\":0,\"transform\":{},\"duration\":35},{\"transform\":{\"x\":503.736},\"duration\":10}],\"name\":\"bone9\"}],\"name\":\"newAnimation\"}],\"defaultActions\":[{\"gotoAndPlay\":\"newAnimation\"}],\"bone\":[{\"name\":\"root\",\"transform\":{}},{\"transform\":{},\"name\":\"bone\",\"parent\":\"root\"},{\"transform\":{\"y\":76},\"name\":\"bone1\",\"parent\":\"bone\"},{\"transform\":{\"y\":-60,\"x\":-59},\"name\":\"bone2\",\"parent\":\"bone\"},{\"transform\":{\"y\":-62,\"x\":35},\"name\":\"bone3\",\"parent\":\"bone\"},{\"transform\":{\"y\":-138,\"x\":3},\"name\":\"bone4\",\"parent\":\"bone\"},{\"transform\":{\"y\":-59,\"x\":147.5},\"name\":\"bone5\",\"parent\":\"bone\"},{\"transform\":{\"y\":-67,\"x\":-146},\"name\":\"bone6\",\"parent\":\"bone\"},{\"transform\":{\"y\":-138,\"x\":11.5},\"name\":\"bone7\",\"parent\":\"bone\"},{\"transform\":{\"y\":-70.1,\"scX\":0.01,\"scY\":0.01,\"x\":3.65},\"name\":\"bone8\",\"parent\":\"bone\"},{\"transform\":{\"y\":-64.1,\"x\":-233.2},\"name\":\"bone9\",\"parent\":\"bone\"}],\"aabb\":{\"width\":777,\"y\":-345.45,\"height\":502,\"x\":-388.5},\"name\":\"Armature\",\"slot\":[{\"name\":\"cb1\",\"parent\":\"bone6\",\"color\":{}},{\"z\":1,\"name\":\"cb2\",\"parent\":\"bone5\",\"color\":{}},{\"z\":2,\"name\":\"qiu2\",\"parent\":\"bone4\",\"color\":{}},{\"blendMode\":\"add\",\"z\":3,\"parent\":\"bone7\",\"name\":\"ggggg\",\"color\":{}},{\"blendMode\":\"add\",\"z\":4,\"parent\":\"bone4\",\"name\":\"qiu21\",\"color\":{\"aM\":0}},{\"z\":5,\"name\":\"win\",\"parent\":\"bone3\",\"color\":{}},{\"z\":6,\"name\":\"big\",\"parent\":\"bone2\",\"color\":{}},{\"z\":7,\"name\":\"jtou\",\"parent\":\"bone1\",\"color\":{}},{\"z\":8,\"name\":\"ggg\",\"parent\":\"bone8\",\"color\":{}},{\"z\":9,\"name\":\"shua\",\"parent\":\"bone9\",\"color\":{\"aM\":0}}]}],\"name\":\"bigwin-fb\",\"version\":\"4.0\"}"]],0,0,[],[],[]],[[[6,"bigWinNode"],[3,"bigWinNode",false,[-3,-4],[[13,45,-2]],[15,-1],[5,1520,720],[760,360,0,0,0,0,1,1,1,1]],[7,"node",1,[-5,-6,-7,-8],[0,"fcWemAL/FJPZ0+WjpYvxX/",1]],[8,"bg",160,1,[[16,0,-9,[0],1],[14,45,100,100,-10],[17,-11]],[0,"b97DKNeNZDYKzSN3v5KGrU",1],[4,4278190080],[5,1520,720]],[3,"WinCloseBtn",false,[-14],[[2,-12,[10],11],[18,1.1,3,-13]],[0,"e9O8Eq0Q5PXYi2euoYEL75",1],[5,226,74],[25.582,-205.561,0,0,0,0,1,1,1,0]],[9,"winConten",2,[4,-15],[0,"c71FSc8DRNi5WWfZcc+kOX",1],[0,-23.230000000000004,0,0,0,0,1,1,1,1]],[10,"luckyBall",false,2,[-16,-17],[0,"a3Nav57D1Gbay1w8nLPs1p",1],[0,-239,0,0,0,0,1,1,1,1]],[11,"luckbtn",6,[-19],[[2,-18,[16],17]],[0,"650tSWK+xHzammfazPLkjf",1],[5,245,88],[150,0,0,0,0,0,1,1,1,1]],[12,"particle",2,[[19,true,false,55,25,22,2,0.25,60,56,30,-1,720,360,1,540,20,12,12,6,-20,[2],[4,4294967295],[4,0],[4,4294967295],[4,0],[0,2,-550],3,4]],[0,"74IhZ78aNMKbH1OuZb5lHt",1],[0,26,0,0,0,0,1,1,1,1]],[1,"win",2,[[20,"Armature",0,"8175180a-69ed-4d05-99df-1c8c2a52346b#a7683d22-b933-4598-8828-e91501bbfda7",-21,[5],6,7]],[0,"56DRA4JQ5M+KYnxCzoQod1",1],[5,777,502],[0,-23,0,0,0,0,1,1,1,1]],[1,"WinTimeLabel",4,[[4,"6",28,false,1,1,-22,[8],9]],[0,"34Dwllg0dOYqYpaNCn95VP",1],[5,17.5,40],[57.197,24.608,0,0,0,0,1,1,1,1]],[1,"WinLabel",5,[[21,32,false,1,1,-23,[12],13]],[0,"65HyhxvEpLDa9T3lZbJRlA",1],[5,186,40],[17,-80.745,0,0,0,0,1,1,1,1]],[1,"timeLab",7,[[4,"1",30,false,1,1,-24,[14],15]],[0,"dezy1cWutFII/NCI+Wey2X",1],[5,19.69,40],[81.184,-9.231,0,0,0,0,1,1,1,1]],[1,"closebtn",6,[[2,-25,[18],19]],[0,"2cGw1Ret1IDb5ogBZzzr42",1],[5,227,86],[-150,0,0,0,0,0,1,1,1,1]]],0,[0,3,1,0,0,1,0,-1,3,0,-2,2,0,-1,8,0,-2,9,0,-3,5,0,-4,6,0,0,3,0,0,3,0,0,3,0,0,4,0,0,4,0,-1,10,0,-2,11,0,-1,7,0,-2,13,0,0,7,0,-1,12,0,0,8,0,0,9,0,0,10,0,0,11,0,0,12,0,0,13,0,4,1,4,5,5,25],[0,0,0,0,0,0,0,0,0,0,0,0,0,0,0,0,0,0,0,0],[-1,1,-1,6,1,-1,7,8,-1,2,-1,1,-1,2,-1,2,-1,1,-1,1],[0,1,0,2,3,0,4,5,0,6,0,7,0,8,0,9,0,10,0,11]]]]