[1,0,0,[["dragonBones.DragonBonesAsset",["_name","_dragonBonesJson"],1]],[[0,0,1,3]],[[0,"Soccerlottery_ske","{\"frameRate\":24,\"isGlobal\":0,\"armature\":[{\"aabb\":{\"width\":275,\"y\":-190,\"height\":190,\"x\":-137},\"bone\":[{\"name\":\"root\",\"transform\":{}},{\"transform\":{},\"name\":\"bone\",\"parent\":\"root\"},{\"length\":31,\"transform\":{\"y\":-61.65,\"skX\":-79.5387,\"skY\":-79.5387,\"x\":-40.65},\"parent\":\"bone\",\"name\":\"bone1\"},{\"transform\":{\"y\":-93.1,\"x\":36.25},\"name\":\"bone8\",\"parent\":\"bone\"},{\"transform\":{\"y\":-77.35,\"x\":22.7},\"name\":\"bone9\",\"parent\":\"bone\"},{\"length\":35,\"transform\":{\"skX\":-16.18,\"skY\":-16.18,\"x\":31.1172},\"parent\":\"bone1\",\"name\":\"bone2\"},{\"length\":40,\"transform\":{\"y\":-25.9967,\"skX\":-87.3427,\"skY\":-87.3427,\"x\":25.4169},\"parent\":\"bone2\",\"name\":\"bone4\"},{\"length\":38,\"transform\":{\"skX\":-7.4616,\"skY\":-7.4616,\"x\":35.1248},\"parent\":\"bone2\",\"name\":\"bone3\"},{\"length\":35,\"transform\":{\"y\":25.9873,\"skX\":147.3007,\"skY\":147.3007,\"x\":13.6283},\"parent\":\"bone2\",\"name\":\"bone6\"},{\"length\":22,\"transform\":{\"skX\":18.8422,\"skY\":18.8422,\"x\":35.1628},\"parent\":\"bone6\",\"name\":\"bone7\"},{\"length\":47,\"transform\":{\"skX\":128.759,\"skY\":128.759,\"x\":40.2575},\"parent\":\"bone4\",\"name\":\"bone5\"}],\"defaultActions\":[{\"gotoAndPlay\":\"newAnimation\"}],\"type\":\"Armature\",\"frameRate\":24,\"animation\":[{\"playTimes\":0,\"bone\":[{\"frame\":[{\"transform\":{},\"duration\":95}],\"name\":\"root\"},{\"frame\":[{\"transform\":{},\"duration\":95}],\"name\":\"bone\"},{\"frame\":[{\"transform\":{},\"duration\":95},{\"transform\":{},\"duration\":0}],\"name\":\"bone1\"},{\"frame\":[{\"tweenEasing\":0,\"transform\":{\"y\":-15.9961},\"duration\":5},{\"tweenEasing\":0,\"transform\":{},\"duration\":3},{\"tweenEasing\":0,\"transform\":{\"y\":5.332},\"duration\":3},{\"tweenEasing\":0,\"transform\":{},\"duration\":3},{\"tweenEasing\":0,\"transform\":{\"y\":-3.1192},\"duration\":3},{\"tweenEasing\":0,\"transform\":{},\"duration\":27},{\"tweenEasing\":0,\"transform\":{},\"duration\":1},{\"tweenEasing\":0,\"transform\":{\"y\":-15.9961},\"duration\":5},{\"tweenEasing\":0,\"transform\":{},\"duration\":3},{\"tweenEasing\":0,\"transform\":{\"y\":5.332},\"duration\":3},{\"tweenEasing\":0,\"transform\":{},\"duration\":3},{\"tweenEasing\":0,\"transform\":{\"y\":-3.1192},\"duration\":3},{\"transform\":{},\"duration\":33}],\"name\":\"bone8\"},{\"frame\":[{\"tweenEasing\":0,\"transform\":{},\"duration\":5},{\"tweenEasing\":0,\"transform\":{},\"duration\":3},{\"tweenEasing\":0,\"transform\":{\"y\":4.7988},\"duration\":3},{\"tweenEasing\":0,\"transform\":{},\"duration\":3},{\"tweenEasing\":0,\"transform\":{\"y\":-2.1328},\"duration\":3},{\"tweenEasing\":0,\"transform\":{},\"duration\":27},{\"tweenEasing\":0,\"transform\":{},\"duration\":1},{\"tweenEasing\":0,\"transform\":{},\"duration\":5},{\"tweenEasing\":0,\"transform\":{},\"duration\":3},{\"tweenEasing\":0,\"transform\":{\"y\":4.7988},\"duration\":3},{\"tweenEasing\":0,\"transform\":{},\"duration\":3},{\"tweenEasing\":0,\"transform\":{\"y\":-2.1328},\"duration\":3},{\"transform\":{},\"duration\":33}],\"name\":\"bone9\"},{\"frame\":[{\"tweenEasing\":0,\"transform\":{},\"duration\":20},{\"tweenEasing\":0,\"transform\":{\"scY\":1.02,\"scX\":1.02},\"duration\":20},{\"tweenEasing\":0,\"transform\":{},\"duration\":20},{\"tweenEasing\":0,\"transform\":{\"scY\":0.98,\"scX\":0.98},\"duration\":20},{\"transform\":{},\"duration\":15}],\"name\":\"bone2\"},{\"frame\":[{\"tweenEasing\":0,\"transform\":{\"y\":-1.3331,\"skX\":4.6185,\"skY\":4.6185,\"x\":0.1335},\"duration\":20},{\"tweenEasing\":0,\"transform\":{\"y\":-1.3331,\"skX\":10.2764,\"skY\":10.2764,\"x\":0.1335},\"duration\":20},{\"tweenEasing\":0,\"transform\":{\"y\":-1.3331,\"skX\":4.6185,\"skY\":4.6185,\"x\":0.1335},\"duration\":20},{\"tweenEasing\":0,\"transform\":{\"y\":-1.3331,\"skX\":2.3006,\"skY\":2.3006,\"x\":0.1335},\"duration\":20},{\"transform\":{\"y\":-1.3331,\"skX\":4.6185,\"skY\":4.6185,\"x\":0.1335},\"duration\":15}],\"name\":\"bone6\"},{\"frame\":[{\"tweenEasing\":0,\"transform\":{},\"duration\":20},{\"tweenEasing\":0,\"transform\":{\"skX\":-5.8396,\"skY\":-5.8396},\"duration\":20},{\"tweenEasing\":0,\"transform\":{},\"duration\":20},{\"tweenEasing\":0,\"transform\":{\"skX\":5.1053,\"skY\":5.1053},\"duration\":20},{\"transform\":{},\"duration\":15}],\"name\":\"bone4\"},{\"frame\":[{\"tweenEasing\":0,\"transform\":{},\"duration\":20},{\"tweenEasing\":0,\"transform\":{\"scY\":1.02,\"scX\":1.02},\"duration\":20},{\"tweenEasing\":0,\"transform\":{},\"duration\":20},{\"tweenEasing\":0,\"transform\":{\"scY\":0.98,\"scX\":0.98},\"duration\":20},{\"transform\":{},\"duration\":15}],\"name\":\"bone3\"},{\"frame\":[{\"tweenEasing\":0,\"transform\":{},\"duration\":20},{\"tweenEasing\":0,\"transform\":{\"skX\":-5.8396,\"skY\":-5.8396},\"duration\":20},{\"tweenEasing\":0,\"transform\":{},\"duration\":20},{\"tweenEasing\":0,\"transform\":{\"skX\":5.1053,\"skY\":5.1053},\"duration\":20},{\"transform\":{},\"duration\":15}],\"name\":\"bone5\"},{\"frame\":[{\"tweenEasing\":0,\"transform\":{\"skX\":4.6185,\"skY\":4.6185},\"duration\":20},{\"tweenEasing\":0,\"transform\":{\"skX\":10.2764,\"skY\":10.2764},\"duration\":20},{\"tweenEasing\":0,\"transform\":{\"skX\":4.6185,\"skY\":4.6185},\"duration\":20},{\"tweenEasing\":0,\"transform\":{\"skX\":2.3006,\"skY\":2.3006},\"duration\":20},{\"transform\":{\"skX\":4.6185,\"skY\":4.6185},\"duration\":15}],\"name\":\"bone7\"}],\"slot\":[],\"ffd\":[],\"frame\":[],\"ik\":[],\"name\":\"newAnimation\",\"duration\":95}],\"skin\":[{\"slot\":[{\"display\":[{\"vertices\":[-30.5,-64.16,30.5,-64.16,-30.5,47.84,30.5,47.84,-30.5,17.4,30.5,18.25,-30.5,-18.9,30.5,-21],\"edges\":[0,1,3,2,2,4,5,3,4,6,6,0,1,7,7,5],\"path\":\"Soccerlottery/st\",\"bonePose\":[2,0.18157138503694303,-0.9833777667487537,0.9833777667487537,0.18157138503694303,-40.65,-61.65,5,-0.0996446581333536,-0.9950230862173435,0.9950230862173435,-0.0996446581333536,-34.99999999999999,-92.24999999999999,7,-0.2280166341626367,-0.9736572366829829,0.9736572366829829,-0.2280166341626367,-38.5,-127.20000000000002],\"triangles\":[0,6,7,7,6,5,6,4,5,4,2,5,0,7,1,5,2,3],\"type\":\"mesh\",\"transform\":{\"y\":-8.8851,\"skX\":79.5387,\"skY\":79.5387,\"x\":57.2087},\"slotPose\":[1,0,0,1,-39,-114.90651440772666],\"userEdges\":[],\"width\":61,\"uvs\":[0,0,1,0,0,1,1,1,0,0.72818,1,0.73577,0,0.40408,1,0.38533],\"height\":112,\"name\":\"Soccerlottery/st\",\"weights\":[2,7,0.85,5,0.15,2,7,0.65,5,0.35000000000000003,1,2,1,1,2,1,3,2,0.4171946835161261,5,0.388369882107881,7,0.194435434375993,3,2,0.43492370441213546,5,0.43509206661461164,7,0.12998422897325287,3,2,0.1,7,0.46,5,0.44,3,2,0.09,5,0.46,7,0.45]}],\"name\":\"st\"},{\"display\":[{\"vertices\":[-21,-38.66,21,-38.66,-21,22.34,21,22.34,-21,3.65,21,-0.35],\"edges\":[0,1,3,2,2,4,5,3,1,5,4,0],\"path\":\"Soccerlottery/yous\",\"bonePose\":[8,0.6213947110020435,0.7834976790895339,-0.7834976790895339,0.6213947110020435,-10.499999999999982,-108.39999999999995,9,0.3350540297623697,0.9421989159089479,-0.9421989159089479,0.3350540297623697,11.349999999999975,-80.84999999999992],\"triangles\":[0,4,5,0,5,1,5,4,3,4,2,3],\"type\":\"mesh\",\"transform\":{\"y\":-2.2072,\"skX\":-51.5819,\"skY\":-51.5819,\"x\":19.747},\"slotPose\":[1,6.661338147750939e-16,-6.661338147750939e-16,1,3.4999999999999862,-89.40651440772662],\"userEdges\":[],\"width\":42,\"uvs\":[0,0,1,0,0,1,1,1,0,0.69355,1,0.62798],\"height\":61,\"name\":\"Soccerlottery/yous\",\"weights\":[2,8,0.9285583605058886,9,0.0714416394941113,2,8,0.5869292649927547,9,0.41307073500724545,2,8,0.4759263377527979,9,0.5240736622472021,2,8,0.04998752726824867,9,0.9500124727317514,2,8,0.5816213600748074,9,0.4183786399251926,2,8,0.47590513379046545,9,0.5240948662095346]}],\"name\":\"yous\"},{\"display\":[{\"path\":\"Soccerlottery/qiuyi\",\"type\":\"image\",\"name\":\"Soccerlottery/qiuyi\",\"transform\":{\"y\":-38.4698,\"x\":-6.25}}],\"name\":\"qiuyi\"},{\"display\":[{\"path\":\"Soccerlottery/caipi\",\"type\":\"image\",\"name\":\"Soccerlottery/caipi\",\"transform\":{\"y\":-15.2198,\"x\":-3.7}}],\"name\":\"caipi\"},{\"display\":[{\"path\":\"Soccerlottery/Soccer_Lottery\",\"type\":\"image\",\"name\":\"Soccerlottery/Soccer_Lottery\",\"transform\":{\"y\":-55.0698,\"x\":0.5}}],\"name\":\"Soccer_Lottery\"},{\"display\":[{\"path\":\"Soccerlottery/zuoshou01\",\"type\":\"image\",\"name\":\"Soccerlottery/zuoshou01\",\"transform\":{\"y\":6.6051,\"skX\":-176.9386,\"skY\":-176.9386,\"x\":18.2733}}],\"name\":\"zuoshou01\"},{\"display\":[{\"path\":\"Soccerlottery/zuoshou02\",\"type\":\"image\",\"name\":\"Soccerlottery/zuoshou02\",\"transform\":{\"y\":-1.3904,\"skX\":54.3024,\"skY\":54.3024,\"x\":33.8113}}],\"name\":\"zuoshou02\"},{\"display\":[{\"path\":\"Soccerlottery/BG\",\"type\":\"image\",\"name\":\"Soccerlottery/BG\",\"transform\":{\"y\":-95,\"x\":0.5}}],\"name\":\"BG\"}],\"name\":\"\"}],\"ik\":[],\"slot\":[{\"name\":\"BG\",\"parent\":\"root\",\"color\":{}},{\"z\":1,\"name\":\"caipi\",\"parent\":\"bone9\",\"color\":{}},{\"z\":2,\"name\":\"qiuyi\",\"parent\":\"bone8\",\"color\":{}},{\"z\":3,\"name\":\"yous\",\"parent\":\"bone6\",\"color\":{}},{\"z\":4,\"name\":\"st\",\"parent\":\"bone1\",\"color\":{}},{\"z\":5,\"name\":\"zuoshou02\",\"parent\":\"bone5\",\"color\":{}},{\"z\":6,\"name\":\"zuoshou01\",\"parent\":\"bone4\",\"color\":{}},{\"z\":7,\"name\":\"Soccer_Lottery\",\"parent\":\"root\",\"color\":{}}],\"name\":\"Armature\"}],\"name\":\"Soccerlottery\",\"version\":\"5.0\"}"]],0,0,[],[],[]]