[1,["fbYUYVuuhGQZg/2YWqKW5m"],["_texture"],[["dragonBones.DragonBonesAtlasAsset",["_name","_atlasJson"],1]],[[0,0,1,3]],[[0,"s_slot_wild_tex","{\"width\":256,\"imagePath\":\"s_slot_wild_tex.png\",\"height\":256,\"name\":\"s_slot_wild\",\"SubTexture\":[{\"width\":79,\"y\":1,\"height\":83,\"name\":\"s_slot_wild/bg2\",\"x\":110},{\"width\":107,\"y\":1,\"height\":111,\"name\":\"s_slot_wild/bg\",\"x\":1},{\"width\":156,\"y\":114,\"height\":44,\"name\":\"s_slot_wild/wzi\",\"x\":1}]}"]],0,0,[0],[0],[0]]