[1,0,0,[["dragonBones.DragonBonesAsset",["_name","_dragonBonesJson"],1]],[[0,0,1,3]],[[0,"Freespin_ske","{\"frameRate\":24,\"isGlobal\":0,\"armature\":[{\"ik\":[],\"type\":\"Armature\",\"frameRate\":24,\"skin\":[{\"name\":\"\",\"slot\":[{\"display\":[{\"path\":\"totalwin-fb/ren2\",\"type\":\"image\",\"name\":\"totalwin-fb/ren2\",\"transform\":{\"y\":-10.55,\"x\":11.3}}],\"name\":\"ren2\"},{\"display\":[{\"path\":\"totalwin-fb/组_133\",\"type\":\"image\",\"name\":\"totalwin-fb/组_133\",\"transform\":{\"y\":-159.4,\"x\":-23.45}}],\"name\":\"组_133\"},{\"display\":[{\"path\":\"totalwin-fb/bo\",\"type\":\"image\",\"name\":\"totalwin-fb/bo\",\"transform\":{\"y\":-0.023,\"x\":0.3942}}],\"name\":\"bo\"},{\"display\":[{\"path\":\"totalwin-fb/ren1\",\"type\":\"image\",\"name\":\"totalwin-fb/ren1\",\"transform\":{\"y\":23.35,\"x\":-26.55}}],\"name\":\"ren11\"},{\"display\":[{\"path\":\"totalwin-fb/组_131\",\"type\":\"image\",\"name\":\"totalwin-fb/组_131\",\"transform\":{\"y\":-101.8,\"x\":-15.2}}],\"name\":\"组_131\"},{\"display\":[{\"path\":\"totalwin-fb/totalwin\",\"type\":\"image\",\"name\":\"totalwin-fb/totalwin\",\"transform\":{\"y\":14.45,\"x\":-6.85}},{\"path\":\"totalwin-fb/FREE__SPIN\",\"type\":\"image\",\"name\":\"totalwin-fb/FREE__SPIN\",\"transform\":{\"y\":13.95,\"x\":6.15}}],\"name\":\"bone1\"},{\"display\":[{\"path\":\"ggg\",\"type\":\"image\",\"name\":\"ggg\",\"transform\":{\"x\":-19.6941}}],\"name\":\"ggg\"},{\"display\":[{\"path\":\"totalwin-fb/组_132\",\"type\":\"image\",\"name\":\"totalwin-fb/组_132\",\"transform\":{\"y\":-162.6,\"x\":-28.7}}],\"name\":\"组_132\"},{\"display\":[{\"path\":\"totalwin-fb/caop\",\"type\":\"image\",\"name\":\"totalwin-fb/caop\",\"transform\":{\"y\":-23.6,\"x\":-0.8}}],\"name\":\"caop\"},{\"display\":[{\"path\":\"totalwin-fb/ren1\",\"type\":\"image\",\"name\":\"totalwin-fb/ren1\",\"transform\":{\"y\":23.35,\"x\":-26.55}}],\"name\":\"ren1\"},{\"display\":[{\"path\":\"totalwin-fb/ren2\",\"type\":\"image\",\"name\":\"totalwin-fb/ren2\",\"transform\":{\"y\":-10.55,\"x\":11.3}}],\"name\":\"ren21\"},{\"display\":[{\"path\":\"totalwin-fb/banzi\",\"type\":\"image\",\"name\":\"totalwin-fb/banzi\",\"transform\":{\"y\":-1.55,\"x\":9.2}}],\"name\":\"banzi\"},{\"display\":[{\"path\":\"totalwin-fb/men\",\"type\":\"image\",\"name\":\"totalwin-fb/men\",\"transform\":{\"y\":-227.5,\"x\":-28.5}}],\"name\":\"men\"}]}],\"animation\":[{\"ik\":[],\"frame\":[],\"playTimes\":0,\"ffd\":[],\"duration\":120,\"slot\":[{\"frame\":[{\"tweenEasing\":0,\"color\":{\"aM\":0},\"duration\":5},{\"tweenEasing\":null,\"duration\":115}],\"name\":\"caop\"},{\"frame\":[{\"tweenEasing\":0,\"color\":{\"aM\":0},\"duration\":5},{\"tweenEasing\":0,\"color\":{\"aM\":0},\"duration\":5},{\"tweenEasing\":null,\"duration\":110}],\"name\":\"组_131\"},{\"frame\":[{\"tweenEasing\":0,\"color\":{\"aM\":0},\"duration\":9},{\"tweenEasing\":0,\"color\":{\"aM\":0},\"duration\":5},{\"tweenEasing\":null,\"duration\":106}],\"name\":\"组_132\"},{\"frame\":[{\"tweenEasing\":0,\"color\":{\"aM\":0},\"duration\":14},{\"tweenEasing\":0,\"color\":{\"aM\":0},\"duration\":6},{\"tweenEasing\":null,\"duration\":100}],\"name\":\"组_133\"},{\"frame\":[{\"tweenEasing\":0,\"color\":{\"aM\":0},\"duration\":5},{\"tweenEasing\":null,\"duration\":115}],\"name\":\"men\"},{\"frame\":[{\"tweenEasing\":0,\"color\":{\"aM\":0},\"duration\":5},{\"tweenEasing\":0,\"color\":{\"aM\":0},\"duration\":5},{\"tweenEasing\":null,\"duration\":110}],\"name\":\"ren2\"},{\"frame\":[{\"tweenEasing\":0,\"color\":{\"aM\":0},\"duration\":5},{\"tweenEasing\":0,\"color\":{\"aM\":0},\"duration\":5},{\"tweenEasing\":null,\"duration\":110}],\"name\":\"ren1\"},{\"frame\":[{\"tweenEasing\":0,\"color\":{\"aM\":0},\"duration\":5},{\"tweenEasing\":null,\"duration\":115}],\"name\":\"bo\"},{\"frame\":[{\"tweenEasing\":0,\"color\":{\"aM\":0},\"duration\":5},{\"tweenEasing\":null,\"duration\":115}],\"name\":\"banzi\"},{\"frame\":[{\"tweenEasing\":0,\"displayIndex\":1,\"color\":{\"aM\":0},\"duration\":5},{\"tweenEasing\":0,\"displayIndex\":1,\"color\":{\"aM\":0},\"duration\":5},{\"tweenEasing\":null,\"displayIndex\":1,\"duration\":110}],\"name\":\"bone1\"},{\"frame\":[{\"tweenEasing\":0,\"color\":{\"aM\":0},\"duration\":4},{\"tweenEasing\":0,\"color\":{\"aM\":0},\"duration\":1},{\"tweenEasing\":0,\"duration\":11},{\"tweenEasing\":null,\"color\":{\"aM\":0},\"duration\":104}],\"name\":\"ggg\"},{\"frame\":[{\"tweenEasing\":0,\"color\":{\"aM\":0},\"duration\":5},{\"tweenEasing\":0,\"color\":{\"aM\":0},\"duration\":5},{\"tweenEasing\":null,\"duration\":110}],\"name\":\"ren21\"},{\"frame\":[{\"tweenEasing\":0,\"color\":{\"aM\":0},\"duration\":5},{\"tweenEasing\":0,\"color\":{\"aM\":0},\"duration\":5},{\"tweenEasing\":null,\"duration\":110}],\"name\":\"ren11\"}],\"bone\":[{\"frame\":[{\"transform\":{},\"duration\":120}],\"name\":\"root\"},{\"frame\":[{\"transform\":{},\"duration\":120}],\"name\":\"bone\"},{\"frame\":[{\"transform\":{},\"duration\":5},{\"tweenEasing\":0,\"transform\":{\"y\":144.2333},\"duration\":5},{\"tweenEasing\":0,\"transform\":{\"y\":-60.578},\"duration\":3},{\"transform\":{\"y\":-9.295},\"duration\":107}],\"name\":\"bone1\"},{\"frame\":[{\"tweenEasing\":0,\"transform\":{\"y\":719.419,\"scX\":3,\"scY\":3,\"x\":426.1782},\"duration\":5},{\"tweenEasing\":0,\"transform\":{\"skX\":180,\"skY\":180},\"duration\":5},{\"tweenEasing\":0,\"transform\":{},\"duration\":5},{\"tweenEasing\":0,\"transform\":{\"skX\":180,\"skY\":180},\"duration\":5},{\"tweenEasing\":0,\"transform\":{},\"duration\":8},{\"tweenEasing\":0,\"transform\":{\"skX\":180,\"skY\":180},\"duration\":12},{\"tweenEasing\":0,\"transform\":{},\"duration\":15},{\"tweenEasing\":0,\"transform\":{\"skX\":180,\"skY\":180},\"duration\":20},{\"tweenEasing\":0,\"transform\":{},\"duration\":45},{\"transform\":{\"skX\":180,\"skY\":180},\"duration\":0}],\"name\":\"bone2\"},{\"frame\":[{\"tweenEasing\":0,\"transform\":{\"x\":-818.5124},\"duration\":5},{\"tweenEasing\":0,\"transform\":{\"x\":124.0673},\"duration\":3},{\"transform\":{},\"duration\":112}],\"name\":\"bone3\"},{\"frame\":[{\"tweenEasing\":0,\"transform\":{\"x\":914.6087},\"duration\":5},{\"tweenEasing\":0,\"transform\":{\"x\":-51.905},\"duration\":3},{\"transform\":{\"x\":-5.7672},\"duration\":112}],\"name\":\"bone4\"},{\"frame\":[{\"tweenEasing\":0,\"transform\":{\"y\":-502.9804},\"duration\":5},{\"tweenEasing\":0,\"transform\":{\"y\":55.9812,\"scY\":0.7166},\"duration\":3},{\"transform\":{},\"duration\":112}],\"name\":\"bone5\"},{\"frame\":[{\"tweenEasing\":0,\"transform\":{\"y\":124.7318},\"duration\":5},{\"tweenEasing\":0,\"transform\":{\"y\":124.7318},\"duration\":5},{\"tweenEasing\":0,\"transform\":{\"y\":-54.6247},\"duration\":3},{\"transform\":{},\"duration\":107}],\"name\":\"bone6\"},{\"frame\":[{\"tweenEasing\":0,\"transform\":{\"y\":124.7318},\"duration\":9},{\"tweenEasing\":0,\"transform\":{\"y\":124.7318},\"duration\":5},{\"tweenEasing\":0,\"transform\":{\"y\":-54.6247},\"duration\":3},{\"transform\":{},\"duration\":103}],\"name\":\"bone7\"},{\"frame\":[{\"tweenEasing\":0,\"transform\":{\"y\":124.7318},\"duration\":14},{\"tweenEasing\":0,\"transform\":{\"y\":124.7318},\"duration\":6},{\"tweenEasing\":0,\"transform\":{\"y\":-54.6247},\"duration\":4},{\"transform\":{},\"duration\":96}],\"name\":\"bone8\"},{\"frame\":[{\"tweenEasing\":0,\"transform\":{\"y\":211.6297,\"x\":-234.0901},\"duration\":5},{\"tweenEasing\":0,\"transform\":{\"y\":211.6297,\"scX\":1.5,\"scY\":1.5,\"x\":-234.0901},\"duration\":5},{\"transform\":{},\"duration\":110}],\"name\":\"bone9\"},{\"frame\":[{\"transform\":{},\"duration\":5},{\"tweenEasing\":0,\"transform\":{\"y\":30.6378,\"scX\":1.5,\"scY\":1.5,\"x\":407.3408},\"duration\":5},{\"transform\":{},\"duration\":110}],\"name\":\"bone10\"},{\"frame\":[{\"transform\":{},\"duration\":5},{\"tweenEasing\":0,\"transform\":{},\"duration\":10},{\"transform\":{\"skX\":45,\"skY\":45,\"scX\":8,\"scY\":8},\"duration\":105}],\"name\":\"bone11\"},{\"frame\":[{\"tweenEasing\":0,\"transform\":{\"y\":211.6297,\"x\":-234.0901},\"duration\":5},{\"tweenEasing\":0,\"transform\":{\"y\":211.6297,\"x\":-234.0901},\"duration\":5},{\"transform\":{},\"duration\":110}],\"name\":\"bone91\"},{\"frame\":[{\"transform\":{},\"duration\":5},{\"tweenEasing\":0,\"transform\":{\"y\":30.6378,\"x\":407.3408},\"duration\":5},{\"transform\":{},\"duration\":110}],\"name\":\"bone101\"}],\"name\":\"freespin\"},{\"ik\":[],\"frame\":[],\"playTimes\":0,\"ffd\":[],\"duration\":120,\"slot\":[{\"frame\":[{\"tweenEasing\":0,\"color\":{\"aM\":0},\"duration\":5},{\"tweenEasing\":null,\"duration\":115}],\"name\":\"caop\"},{\"frame\":[{\"tweenEasing\":0,\"color\":{\"aM\":0},\"duration\":5},{\"tweenEasing\":0,\"color\":{\"aM\":0},\"duration\":5},{\"tweenEasing\":null,\"duration\":110}],\"name\":\"组_131\"},{\"frame\":[{\"tweenEasing\":0,\"color\":{\"aM\":0},\"duration\":9},{\"tweenEasing\":0,\"color\":{\"aM\":0},\"duration\":5},{\"tweenEasing\":null,\"duration\":106}],\"name\":\"组_132\"},{\"frame\":[{\"tweenEasing\":0,\"color\":{\"aM\":0},\"duration\":14},{\"tweenEasing\":0,\"color\":{\"aM\":0},\"duration\":6},{\"tweenEasing\":null,\"duration\":100}],\"name\":\"组_133\"},{\"frame\":[{\"tweenEasing\":0,\"color\":{\"aM\":0},\"duration\":5},{\"tweenEasing\":null,\"duration\":115}],\"name\":\"men\"},{\"frame\":[{\"tweenEasing\":0,\"color\":{\"aM\":0},\"duration\":5},{\"tweenEasing\":0,\"color\":{\"aM\":0},\"duration\":5},{\"tweenEasing\":null,\"duration\":110}],\"name\":\"ren2\"},{\"frame\":[{\"tweenEasing\":0,\"color\":{\"aM\":0},\"duration\":5},{\"tweenEasing\":0,\"color\":{\"aM\":0},\"duration\":5},{\"tweenEasing\":null,\"duration\":110}],\"name\":\"ren1\"},{\"frame\":[{\"tweenEasing\":0,\"color\":{\"aM\":0},\"duration\":5},{\"tweenEasing\":null,\"duration\":115}],\"name\":\"bo\"},{\"frame\":[{\"tweenEasing\":0,\"color\":{\"aM\":0},\"duration\":5},{\"tweenEasing\":null,\"duration\":115}],\"name\":\"banzi\"},{\"frame\":[{\"tweenEasing\":0,\"color\":{\"aM\":0},\"duration\":5},{\"tweenEasing\":0,\"color\":{\"aM\":0},\"duration\":5},{\"tweenEasing\":null,\"duration\":110}],\"name\":\"bone1\"},{\"frame\":[{\"tweenEasing\":0,\"color\":{\"aM\":0},\"duration\":4},{\"tweenEasing\":0,\"color\":{\"aM\":0},\"duration\":1},{\"tweenEasing\":0,\"duration\":11},{\"tweenEasing\":null,\"color\":{\"aM\":0},\"duration\":104}],\"name\":\"ggg\"},{\"frame\":[{\"tweenEasing\":0,\"color\":{\"aM\":0},\"duration\":5},{\"tweenEasing\":0,\"color\":{\"aM\":0},\"duration\":5},{\"tweenEasing\":0,\"duration\":10},{\"tweenEasing\":0,\"color\":{\"aM\":0},\"duration\":1},{\"tweenEasing\":0,\"duration\":10},{\"tweenEasing\":0,\"color\":{\"aM\":0},\"duration\":1},{\"tweenEasing\":0,\"duration\":18},{\"tweenEasing\":null,\"color\":{\"aM\":0},\"duration\":70}],\"name\":\"ren21\"},{\"frame\":[{\"tweenEasing\":0,\"color\":{\"aM\":0},\"duration\":5},{\"tweenEasing\":0,\"color\":{\"aM\":0},\"duration\":5},{\"tweenEasing\":0,\"duration\":10},{\"tweenEasing\":0,\"color\":{\"aM\":0},\"duration\":1},{\"tweenEasing\":0,\"duration\":10},{\"tweenEasing\":0,\"color\":{\"aM\":0},\"duration\":1},{\"tweenEasing\":0,\"duration\":18},{\"tweenEasing\":null,\"color\":{\"aM\":0},\"duration\":70}],\"name\":\"ren11\"}],\"bone\":[{\"frame\":[{\"transform\":{},\"duration\":120}],\"name\":\"root\"},{\"frame\":[{\"transform\":{},\"duration\":120}],\"name\":\"bone\"},{\"frame\":[{\"transform\":{},\"duration\":5},{\"tweenEasing\":0,\"transform\":{\"y\":144.2333,\"scX\":0.5,\"scY\":0.5},\"duration\":5},{\"tweenEasing\":0,\"transform\":{\"y\":-60.578,\"scX\":2,\"scY\":2,\"x\":24.2752},\"duration\":4},{\"transform\":{\"y\":-9.295,\"x\":18.3209},\"duration\":106}],\"name\":\"bone1\"},{\"frame\":[{\"tweenEasing\":0,\"transform\":{\"y\":719.419,\"scX\":3,\"scY\":3,\"x\":426.1782},\"duration\":5},{\"tweenEasing\":0,\"transform\":{\"skX\":180,\"skY\":180},\"duration\":5},{\"tweenEasing\":0,\"transform\":{},\"duration\":5},{\"tweenEasing\":0,\"transform\":{\"skX\":180,\"skY\":180},\"duration\":5},{\"tweenEasing\":0,\"transform\":{},\"duration\":8},{\"tweenEasing\":0,\"transform\":{\"skX\":180,\"skY\":180},\"duration\":12},{\"tweenEasing\":0,\"transform\":{},\"duration\":15},{\"tweenEasing\":0,\"transform\":{\"skX\":180,\"skY\":180},\"duration\":20},{\"tweenEasing\":0,\"transform\":{},\"duration\":45},{\"transform\":{\"skX\":180,\"skY\":180},\"duration\":0}],\"name\":\"bone2\"},{\"frame\":[{\"tweenEasing\":0,\"transform\":{\"x\":-818.5124},\"duration\":5},{\"tweenEasing\":0,\"transform\":{\"x\":124.0673},\"duration\":3},{\"transform\":{},\"duration\":112}],\"name\":\"bone3\"},{\"frame\":[{\"tweenEasing\":0,\"transform\":{\"x\":914.6087},\"duration\":5},{\"tweenEasing\":0,\"transform\":{\"x\":-51.905},\"duration\":3},{\"transform\":{\"x\":-5.7672},\"duration\":112}],\"name\":\"bone4\"},{\"frame\":[{\"tweenEasing\":0,\"transform\":{\"y\":-502.9804},\"duration\":5},{\"tweenEasing\":0,\"transform\":{\"y\":55.9812,\"scY\":0.7166},\"duration\":3},{\"transform\":{},\"duration\":112}],\"name\":\"bone5\"},{\"frame\":[{\"tweenEasing\":0,\"transform\":{\"y\":124.7318},\"duration\":5},{\"tweenEasing\":0,\"transform\":{\"y\":124.7318},\"duration\":5},{\"tweenEasing\":0,\"transform\":{\"y\":-54.6247},\"duration\":3},{\"transform\":{},\"duration\":107}],\"name\":\"bone6\"},{\"frame\":[{\"tweenEasing\":0,\"transform\":{\"y\":124.7318},\"duration\":9},{\"tweenEasing\":0,\"transform\":{\"y\":124.7318},\"duration\":5},{\"tweenEasing\":0,\"transform\":{\"y\":-54.6247},\"duration\":3},{\"transform\":{},\"duration\":103}],\"name\":\"bone7\"},{\"frame\":[{\"tweenEasing\":0,\"transform\":{\"y\":124.7318},\"duration\":14},{\"tweenEasing\":0,\"transform\":{\"y\":124.7318},\"duration\":6},{\"tweenEasing\":0,\"transform\":{\"y\":-54.6247},\"duration\":4},{\"transform\":{},\"duration\":96}],\"name\":\"bone8\"},{\"frame\":[{\"tweenEasing\":0,\"transform\":{\"y\":211.6297,\"x\":-234.0901},\"duration\":5},{\"tweenEasing\":0,\"transform\":{\"y\":211.6297,\"scX\":1.5,\"scY\":1.5,\"x\":-234.0901},\"duration\":5},{\"transform\":{},\"duration\":110}],\"name\":\"bone9\"},{\"frame\":[{\"transform\":{},\"duration\":5},{\"tweenEasing\":0,\"transform\":{\"y\":30.6378,\"scX\":1.5,\"scY\":1.5,\"x\":407.3408},\"duration\":5},{\"transform\":{},\"duration\":110}],\"name\":\"bone10\"},{\"frame\":[{\"transform\":{},\"duration\":5},{\"tweenEasing\":0,\"transform\":{},\"duration\":10},{\"transform\":{\"skX\":45,\"skY\":45,\"scX\":8,\"scY\":8},\"duration\":105}],\"name\":\"bone11\"},{\"frame\":[{\"tweenEasing\":0,\"transform\":{\"y\":211.6297,\"x\":-234.0901},\"duration\":5},{\"tweenEasing\":0,\"transform\":{\"y\":211.6297,\"x\":-234.0901},\"duration\":5},{\"tweenEasing\":0,\"transform\":{},\"duration\":10},{\"tweenEasing\":0,\"transform\":{\"scX\":2,\"scY\":2},\"duration\":1},{\"tweenEasing\":0,\"transform\":{},\"duration\":10},{\"tweenEasing\":0,\"transform\":{\"scX\":2,\"scY\":2},\"duration\":1},{\"tweenEasing\":0,\"transform\":{},\"duration\":18},{\"transform\":{\"scX\":2,\"scY\":2},\"duration\":70}],\"name\":\"bone91\"},{\"frame\":[{\"transform\":{},\"duration\":5},{\"tweenEasing\":0,\"transform\":{\"y\":30.6378,\"x\":407.3408},\"duration\":5},{\"tweenEasing\":0,\"transform\":{},\"duration\":10},{\"tweenEasing\":0,\"transform\":{\"scX\":2,\"scY\":2},\"duration\":1},{\"tweenEasing\":0,\"transform\":{},\"duration\":10},{\"tweenEasing\":0,\"transform\":{\"scX\":2,\"scY\":2},\"duration\":1},{\"tweenEasing\":0,\"transform\":{},\"duration\":18},{\"transform\":{\"scX\":2,\"scY\":2},\"duration\":70}],\"name\":\"bone101\"}],\"name\":\"totalwin\"}],\"defaultActions\":[{\"gotoAndPlay\":\"freespin\"}],\"bone\":[{\"name\":\"root\",\"transform\":{}},{\"transform\":{},\"name\":\"bone\",\"parent\":\"root\"},{\"transform\":{\"y\":-424.95,\"x\":-33.15},\"name\":\"bone1\",\"parent\":\"bone\"},{\"transform\":{\"y\":-211,\"x\":-26.8367},\"name\":\"bone2\",\"parent\":\"bone\"},{\"transform\":{\"y\":-93.45,\"x\":-43.7},\"name\":\"bone3\",\"parent\":\"bone\"},{\"transform\":{\"y\":-82.9,\"x\":-46.7},\"name\":\"bone4\",\"parent\":\"bone\"},{\"transform\":{},\"name\":\"bone5\",\"parent\":\"bone\"},{\"transform\":{\"y\":-40.2,\"x\":-3.8},\"name\":\"bone6\",\"parent\":\"bone\"},{\"transform\":{\"y\":-85.4,\"x\":-3.8},\"name\":\"bone7\",\"parent\":\"bone\"},{\"transform\":{\"y\":-133.1,\"x\":-5.05},\"name\":\"bone8\",\"parent\":\"bone\"},{\"transform\":{\"y\":-208.45,\"x\":-391.8},\"name\":\"bone9\",\"parent\":\"bone\"},{\"transform\":{\"y\":-232.35,\"x\":393.05},\"name\":\"bone10\",\"parent\":\"bone\"},{\"transform\":{\"y\":-222.1196,\"x\":-19.4199},\"name\":\"bone11\",\"parent\":\"bone\"},{\"transform\":{\"y\":-0.0256,\"x\":1.085},\"name\":\"bone91\",\"parent\":\"bone9\"},{\"transform\":{\"y\":-1.5915,\"x\":0.7605},\"name\":\"bone101\",\"parent\":\"bone10\"}],\"aabb\":{\"width\":1087.7604666088787,\"y\":-581,\"height\":581,\"x\":-543.5},\"name\":\"Armature\",\"slot\":[{\"name\":\"caop\",\"parent\":\"bone4\",\"color\":{}},{\"z\":1,\"name\":\"组_131\",\"parent\":\"bone6\",\"color\":{}},{\"z\":2,\"name\":\"组_132\",\"parent\":\"bone7\",\"color\":{}},{\"z\":3,\"name\":\"组_133\",\"parent\":\"bone8\",\"color\":{}},{\"z\":4,\"name\":\"men\",\"parent\":\"bone5\",\"color\":{}},{\"z\":5,\"name\":\"ren2\",\"parent\":\"bone9\",\"color\":{}},{\"z\":6,\"name\":\"ren1\",\"parent\":\"bone10\",\"color\":{}},{\"z\":7,\"name\":\"bo\",\"parent\":\"bone2\",\"color\":{}},{\"z\":8,\"name\":\"banzi\",\"parent\":\"bone3\",\"color\":{}},{\"z\":9,\"displayIndex\":1,\"name\":\"bone1\",\"parent\":\"bone1\",\"color\":{}},{\"z\":10,\"name\":\"ggg\",\"parent\":\"bone11\",\"color\":{}},{\"z\":11,\"name\":\"ren21\",\"parent\":\"bone91\",\"color\":{}},{\"z\":12,\"name\":\"ren11\",\"parent\":\"bone101\",\"color\":{}}]}],\"name\":\"Freespin\",\"version\":\"4.0\"}"]],0,0,[],[],[]]