[1,["0eKiEE9dBEPJPwS6prhD7v"],["_texture"],[["dragonBones.DragonBonesAtlasAsset",["_name","_atlasJson"],1]],[[0,0,1,3]],[[0,"777_tex","{\"width\":256,\"imagePath\":\"777_tex.png\",\"height\":256,\"name\":\"777\",\"SubTexture\":[{\"width\":134,\"y\":1,\"height\":134,\"name\":\"777/图层_778\",\"x\":1},{\"width\":138,\"y\":137,\"height\":106,\"name\":\"777/组_99\",\"x\":1},{\"width\":24,\"y\":64,\"height\":43,\"name\":\"777/图层_825_拷贝_6\",\"x\":171},{\"width\":25,\"y\":129,\"height\":49,\"name\":\"777/E\",\"x\":170},{\"width\":34,\"y\":1,\"height\":61,\"name\":\"777/R\",\"x\":137},{\"width\":28,\"y\":181,\"height\":46,\"name\":\"777/A\",\"x\":141},{\"width\":27,\"y\":129,\"height\":50,\"name\":\"777/C\",\"x\":141},{\"width\":32,\"y\":64,\"height\":63,\"name\":\"777/S\",\"x\":137},{\"width\":21,\"y\":1,\"height\":38,\"name\":\"777/T\",\"x\":173}]}"]],0,0,[0],[0],[0]]