[1,0,0,[["dragonBones.DragonBonesAsset",["_name","_dragonBonesJson"],1]],[[0,0,1,3]],[[0,"Astrology_ske","{\"frameRate\":24,\"isGlobal\":0,\"armature\":[{\"defaultActions\":[{\"gotoAndPlay\":\"newAnimation\"}],\"ik\":[],\"type\":\"Armature\",\"frameRate\":24,\"skin\":[{\"name\":\"\",\"slot\":[{\"display\":[{\"path\":\"Superspin/bg2\",\"type\":\"image\",\"name\":\"Superspin/bg2\",\"transform\":{\"y\":-146.45,\"x\":-1}}],\"name\":\"bg2\"},{\"display\":[{\"path\":\"Superspin/lunpanbg\",\"type\":\"image\",\"name\":\"Superspin/lunpanbg\",\"transform\":{\"y\":-1.45,\"x\":0.3}}],\"name\":\"lunpanbg\"},{\"display\":[{\"path\":\"Superspin/zhizhen2\",\"type\":\"image\",\"name\":\"Superspin/zhizhen2\",\"transform\":{\"y\":13.55,\"x\":0.55}}],\"name\":\"zhizhen2\"},{\"display\":[{\"path\":\"Superspin/zhizhen\",\"type\":\"image\",\"name\":\"Superspin/zhizhen\",\"transform\":{\"y\":-2.65,\"x\":0.55}}],\"name\":\"zhizhen\"},{\"display\":[{\"path\":\"Superspin/jbb\",\"type\":\"image\",\"name\":\"Superspin/jbb\",\"transform\":{\"y\":-29.35,\"x\":4.3}}],\"name\":\"jbb\"},{\"display\":[{\"path\":\"Superspin/neirong\",\"type\":\"image\",\"name\":\"Superspin/neirong\",\"transform\":{\"y\":-0.05,\"x\":0.8}}],\"name\":\"neirong\"},{\"display\":[{\"path\":\"Superspin/bigbg\",\"type\":\"image\",\"name\":\"Superspin/bigbg\",\"transform\":{\"y\":-191.45}}],\"name\":\"bigbg\"},{\"display\":[{\"path\":\"Superspin/SuperSpin\",\"type\":\"image\",\"name\":\"Superspin/SuperSpin\",\"transform\":{\"y\":2.6,\"x\":9.75}}],\"name\":\"SuperSpin\"}]}],\"animation\":[{\"frame\":[],\"playTimes\":0,\"ik\":[],\"ffd\":[],\"duration\":90,\"slot\":[],\"bone\":[{\"frame\":[{\"transform\":{\"y\":-10.5114},\"duration\":90}],\"name\":\"root\"},{\"frame\":[{\"transform\":{},\"duration\":90}],\"name\":\"bone\"},{\"frame\":[{\"transform\":{},\"duration\":90}],\"name\":\"SuperSpin\"},{\"frame\":[{\"transform\":{},\"duration\":90}],\"name\":\"zhizhen\"},{\"frame\":[{\"tweenEasing\":0,\"transform\":{},\"duration\":5},{\"tweenEasing\":0,\"transform\":{\"skX\":4.7552,\"skY\":4.7552},\"duration\":5},{\"tweenEasing\":0,\"transform\":{\"skX\":-22.9061,\"skY\":-22.9061},\"duration\":3},{\"tweenEasing\":0,\"transform\":{\"skX\":-12.0128,\"skY\":-12.0128},\"duration\":3},{\"tweenEasing\":0,\"transform\":{\"skX\":-24.047,\"skY\":-24.047},\"duration\":3},{\"tweenEasing\":0,\"transform\":{\"skX\":-12.0128,\"skY\":-12.0128},\"duration\":3},{\"tweenEasing\":0,\"transform\":{\"skX\":-24.047,\"skY\":-24.047},\"duration\":3},{\"tweenEasing\":0,\"transform\":{\"skX\":-12.0128,\"skY\":-12.0128},\"duration\":3},{\"tweenEasing\":0,\"transform\":{\"skX\":-24.047,\"skY\":-24.047},\"duration\":3},{\"tweenEasing\":0,\"transform\":{\"skX\":-5.569,\"skY\":-5.569},\"duration\":3},{\"tweenEasing\":0,\"transform\":{\"skX\":-28.3659,\"skY\":-28.3659},\"duration\":3},{\"tweenEasing\":0,\"transform\":{\"skX\":-12.0128,\"skY\":-12.0128},\"duration\":3},{\"tweenEasing\":0,\"transform\":{\"skX\":-24.047,\"skY\":-24.047},\"duration\":3},{\"tweenEasing\":0,\"transform\":{\"skX\":-12.0128,\"skY\":-12.0128},\"duration\":3},{\"tweenEasing\":0,\"transform\":{\"skX\":-24.047,\"skY\":-24.047},\"duration\":3},{\"tweenEasing\":0,\"transform\":{\"skX\":-12.0128,\"skY\":-12.0128},\"duration\":3},{\"tweenEasing\":0,\"transform\":{\"skX\":-24.047,\"skY\":-24.047},\"duration\":3},{\"tweenEasing\":0,\"transform\":{\"skX\":-5.569,\"skY\":-5.569},\"duration\":3},{\"tweenEasing\":0,\"transform\":{\"skX\":-28.3659,\"skY\":-28.3659},\"duration\":3},{\"tweenEasing\":0,\"transform\":{\"skX\":-12.0128,\"skY\":-12.0128},\"duration\":3},{\"tweenEasing\":0,\"transform\":{\"skX\":-24.047,\"skY\":-24.047},\"duration\":3},{\"tweenEasing\":0,\"transform\":{\"skX\":-12.0128,\"skY\":-12.0128},\"duration\":3},{\"tweenEasing\":0,\"transform\":{\"skX\":-24.047,\"skY\":-24.047},\"duration\":3},{\"transform\":{},\"duration\":17}],\"name\":\"zhizhen2\"},{\"frame\":[{\"tweenEasing\":0,\"transform\":{},\"duration\":5},{\"tweenEasing\":0,\"transform\":{\"skX\":-10,\"skY\":-10},\"duration\":15},{\"tweenEasing\":0,\"transform\":{\"skX\":80,\"skY\":80},\"duration\":15},{\"tweenEasing\":0,\"transform\":{\"skX\":170,\"skY\":170},\"duration\":15},{\"tweenEasing\":0,\"transform\":{\"skX\":-100,\"skY\":-100},\"duration\":15},{\"tweenEasing\":0,\"transform\":{\"skX\":10,\"skY\":10},\"duration\":5},{\"tweenEasing\":0,\"transform\":{\"skX\":49.9316,\"skY\":49.9316},\"duration\":3},{\"transform\":{\"skX\":45.7159,\"skY\":45.7159},\"duration\":17},{\"transform\":{\"skX\":45.7159,\"skY\":45.7159},\"duration\":0}],\"name\":\"neirong\"},{\"frame\":[{\"transform\":{},\"duration\":90}],\"name\":\"lunpanbg\"},{\"frame\":[{\"transform\":{},\"duration\":90}],\"name\":\"jbb\"}],\"name\":\"newAnimation\"}],\"bone\":[{\"name\":\"root\",\"transform\":{}},{\"transform\":{},\"name\":\"bone\",\"parent\":\"root\"},{\"transform\":{\"y\":-68.05,\"x\":-11.25},\"name\":\"SuperSpin\",\"parent\":\"bone\"},{\"transform\":{\"y\":-233.3,\"x\":-0.55},\"name\":\"zhizhen\",\"parent\":\"bone\"},{\"transform\":{\"y\":-343.5,\"x\":-0.55},\"name\":\"zhizhen2\",\"parent\":\"bone\"},{\"transform\":{\"y\":-232.4,\"x\":-1.3},\"name\":\"neirong\",\"parent\":\"bone\"},{\"transform\":{\"y\":-231.5,\"x\":-1.3},\"name\":\"lunpanbg\",\"parent\":\"bone\"},{\"transform\":{\"y\":-118.6,\"x\":-1.3},\"name\":\"jbb\",\"parent\":\"bone\"}],\"aabb\":{\"width\":299,\"y\":-398.45,\"height\":414,\"x\":-149.5},\"name\":\"Armature\",\"slot\":[{\"name\":\"bigbg\",\"parent\":\"root\",\"color\":{}},{\"z\":1,\"name\":\"lunpanbg\",\"parent\":\"lunpanbg\",\"color\":{}},{\"z\":2,\"name\":\"neirong\",\"parent\":\"neirong\",\"color\":{}},{\"z\":3,\"name\":\"zhizhen\",\"parent\":\"zhizhen\",\"color\":{}},{\"z\":4,\"name\":\"zhizhen2\",\"parent\":\"zhizhen2\",\"color\":{}},{\"z\":5,\"name\":\"bg2\",\"parent\":\"root\",\"color\":{}},{\"z\":6,\"name\":\"SuperSpin\",\"parent\":\"SuperSpin\",\"color\":{}},{\"z\":7,\"name\":\"jbb\",\"parent\":\"jbb\",\"color\":{}}]}],\"name\":\"Astrology\",\"version\":\"5.0\"}"]],0,0,[],[],[]]