{"paths":{"0":["Audio/Bet_rdc",1],"1":["Audio/megawin",1],"2":["Audio/Win_nm",1],"3":["Audio/getfreespin",1],"4":["DragonBone/scatter/777_tex",5],"5":["Font/34jackpot",5],"6":["Audio/Bet_max",1],"7":["Texture/winAnimate",5],"8":["DragonBone/xingxing/xing_tex",5],"9":["Audio/Bet_pls",1],"10":["Font/freeNum",5],"11":["Texture/com/shuiguo-luckyball",5],"12":["Audio/two_sides",1],"13":["Texture/Fruit/Fruit",5],"14":["Font/bigwin",5],"15":["Font/numfont",5],"16":["Texture/com/shuiguo-collect",5],"17":["Texture/rule/rule0",5],"18":["Audio/totalwin",1],"19":["Audio/collect",1],"20":["Font/lineNum",5],"21":["Audio/btn_touch",1],"22":["Audio/jackpot",1],"23":["Audio/Bg_frsp",1],"24":["Audio/Stop_spin",1],"25":["Audio/s_wait",1],"26":["DragonBone/bigwin/bigwin_tex",5],"27":["DragonBone/lingdang/yingdang_tex",5],"28":["DragonBone/jack/jackpot_tex",5],"29":["Texture/PZ_beijin",5],"30":["Audio/roll_number",1],"31":["Font/fruitFont",5],"32":["DragonBone/wild/wild_tex",5],"33":["DragonBone/xigua/xigua_tex",5],"34":["DragonBone/megawin/megwin_tex",5],"35":["Font/21jackpot",5],"36":["Font/autofont",5],"37":["DragonBone/ningmeng/ningmeng_tex",5],"38":["DragonBone/lagan/gan_tex",5],"39":["Audio/Bg_nm",1],"40":["Font/5jackpot",5],"41":["Audio/megawin_sound_m",1],"42":["Audio/scatter_award",1],"43":["Font/greenfont",5],"44":["Texture/free/free_img6",5],"45":["Audio/bigwin",1],"46":["Font/shijian",5],"47":["Font/mega",5],"48":["Audio/bigwin_sound_w",1],"49":["DragonBone/pingguo/pingguo_tex",5],"50":["DragonBone/yingtao/yingtou_tex",5],"51":["Audio/Bg_link",1],"52":["Audio/win",1],"53":["DragonBone/putao/putao_tex",5],"54":["DragonBone/xianjiao/xiangjiao_tex",5],"55":["DragonBone/freespin/freespin_tex",5],"56":["DragonBone/bar/bar_tex",5],"57":["Effect/particle_texture",5],"58":["Font/numfont1",5],"59":["Audio/Sp_stop",1],"60":["Texture/waitRight",5],"61":["Audio/luckyball",1],"62":["Audio/UIspin",1],"63":["Effect/particle_texture",6],"64":["Audio/But_spin",1],"66":["Font/21jackpot",7],"67":["DragonBone/bigwin/bigwin_ske",2],"68":["Font/fruitFont",7],"69":["Prefabs/animateNode/jackpotNode",8],"70":["Texture/elements/fruit_element_lemon",4,1],"71":["DragonBone/xingxing/xing_ske",2],"72":["Font/fruitFont",4,1],"73":["DragonBone/wild/wild_tex",3],"75":["Font/5jackpot",7],"78":["DragonBone/ningmeng/ningmeng_tex",3],"80":["Texture/rule/rule0",4,1],"81":["DragonBone/megawin/megwin_ske",2],"83":["DragonBone/bigwin/bigwin_tex",4,1],"87":["DragonBone/lagan/gan_tex",3],"88":["DragonBone/putao/putao_tex",4,1],"89":["Font/autofont",4,1],"90":["Texture/com/shuiguo-collect",4,1],"91":["Prefabs/ruleNode",8],"93":["Texture/elements/fruit_element_lingdang",4,1],"94":["DragonBone/lingdang/yingdang_ske",2],"95":["DragonBone/scatter/777_tex",4,1],"96":["Font/numfont1",4,1],"97":["DragonBone/bar/bar_tex",3],"98":["Texture/rule/btn_rule",4,1],"99":["Font/lineNum",4,1],"100":["Texture/elements/fruit_element_xingxing",4,1],"101":["Font/34jackpot",7],"102":["Font/autofont",7],"103":["Texture/rule/qieye1",4,1],"104":["Animate/row_right",0],"105":["Font/numfont",4,1],"106":["Texture/rule/rule2",4,1],"107":["Texture/free/free_img6",4,1],"108":["DragonBone/ningmeng/ningmeng_tex",4,1],"109":["Font/shijian",4,1],"110":["Animate/itemWinAnimate",0],"111":["Font/lineNum",7],"112":["DragonBone/xingxing/xing_tex",3],"114":["DragonBone/xigua/xigua_ske",2],"115":["DragonBone/yingtao/yingtou_tex",4,1],"116":["DragonBone/megawin/megwin_tex",4,1],"117":["DragonBone/bigwin/bigwin_tex",3],"118":["Prefabs/animateNode/winNode",8],"119":["Texture/elements/fruit_element_watermelon",4,1],"120":["Font/greenfont",4,1],"121":["Effect/particle_texture",4,1],"122":["DragonBone/megawin/megwin_tex",3],"123":["DragonBone/ningmeng/ningmeng_ske",2],"124":["Font/34jackpot",4,1],"125":["Prefabs/animateNode/bigWinNode",8],"126":["DragonBone/wild/wild_ske",2],"127":["Prefabs/slotRow",8],"128":["DragonBone/scatter/777_tex",3],"129":["DragonBone/pingguo/pingguo_tex",4,1],"130":["DragonBone/jack/jackpot_tex",3],"132":["Texture/rule/rule1",4,1],"133":["Font/greenfont",7],"134":["DragonBone/yingtao/yingtou_ske",2],"135":["Font/21jackpot",4,1],"136":["DragonBone/jack/jackpot_tex",4,1],"137":["Texture/rule/rule3",4,1],"138":["Font/5jackpot",4,1],"139":["Texture/Fruit/Fruit",9],"140":["DragonBone/putao/putao_ske",2],"141":["Texture/elements/elementAtlas",9],"142":["DragonBone/lagan/gan_tex",4,1],"143":["DragonBone/freespin/freespin_tex",4,1],"144":["Texture/waitRight",9],"145":["DragonBone/xianjiao/xiangjiao_ske",2],"147":["DragonBone/pingguo/pingguo_tex",3],"148":["Font/bigwin",7],"149":["Texture/rule/rule",9],"150":["Texture/rule/qieye2",4,1],"151":["Texture/elements/fruit_element_bar",4,1],"152":["DragonBone/putao/putao_tex",3],"153":["Texture/elements/fruit_element_mango",4,1],"154":["Texture/elements/fruit_element_mangosteen",4,1],"155":["DragonBone/bar/bar_tex",4,1],"156":["DragonBone/xigua/xigua_tex",3],"157":["Texture/elements/fruit_element_wild",4,1],"158":["DragonBone/scatter/777_ske",2],"159":["Prefabs/animateNode/megaWinNode",8],"160":["DragonBone/bar/bar_ske",2],"161":["Prefabs/animateNode/freeSpinNode",8],"162":["Texture/elements/fruit_element_orange",4,1],"163":["Font/freeNum",7],"164":["Font/freeNum",4,1],"165":["DragonBone/lingdang/yingdang_tex",4,1],"167":["Texture/com/shuiguo-luckyball",4,1],"168":["Font/bigwin",4,1],"170":["Font/numfont",7],"171":["DragonBone/lingdang/yingdang_tex",3],"172":["Texture/elements/fruit_element_waxapple",4,1],"173":["Texture/elements/fruit_element_scatter",4,1],"174":["DragonBone/xianjiao/xiangjiao_tex",3],"175":["Font/mega",4,1],"176":["DragonBone/xingxing/xing_tex",4,1],"177":["DragonBone/wild/wild_tex",4,1],"178":["Prefabs/animateNode/freeOverNode",8],"179":["DragonBone/xianjiao/xiangjiao_tex",4,1],"180":["Texture/PZ_beijin",4,1],"181":["Texture/winAnimate",9],"182":["DragonBone/freespin/freespin_ske",2],"183":["DragonBone/jack/jackpot_ske",2],"184":["DragonBone/pingguo/pingguo_ske",2],"185":["Font/numfont1",7],"186":["DragonBone/lagan/gan_ske",2],"187":["Font/shijian",7],"188":["DragonBone/freespin/freespin_tex",3],"190":["DragonBone/xigua/xigua_tex",4,1],"191":["Prefabs/slotItem",8],"192":["DragonBone/yingtao/yingtou_tex",3],"193":["Font/mega",7]},"types":["cc.AnimationClip","cc.AudioClip","dragonBones.DragonBonesAsset","dragonBones.DragonBonesAtlasAsset","cc.SpriteFrame","cc.Texture2D","cc.ParticleAsset","cc.BitmapFont","cc.Prefab","cc.SpriteAtlas"],"uuids":["00tyDpb51OpYnU3NDw4WP3","03dACTucBDY7d8XVW2McFF","04fDe0cdtHs4uVgZvGP+/o","07z4IXbVBBdpQOuisxk616","0eKiEE9dBEPJPwS6prhD7v","15UfarXlBDPoiu+lFlz3Yp","19jbUm7AJNdYXF5Gm722F1","1aTbwg0AROFKoEu5Udw24p","22fOEXcV5DSYWP4pAQjchJ","248qXow61Jp4gRiFk2/KE+","26lS14p/ZNIZzgicL82rzk","27oMrY6pVJ/Ian6T1p6XS/","2bIQizNA1On7AyBGja1QSF","3eFh0qN1xLeqdMVqL509PG","45/ybxKh9CraSwepxWxIkK","48dPYBxPJLwb1jCFdy9cMO","4deqrcE+FKNbGjzrLi5FZ6","4fG0EVbaxNdrrywKndTejh","55JE64SWBDfrc6h0Z1eTzx","55yK3+2KtHFbxfkFaFDUth","58bC+/1AtNdaIW0S/lDJaN","59ni39bvtMNqOa8glfTY0h","5eTjFakvxNf7DQGlC3UxyG","60ydLZEUVJtIuaVwViEOgn","61vWYBpVVOpJ+3hdDm0pqE","63SIdkgDFMRpVQlWASus5H","66jBZwEUJMZ4BzyPvPcN91","69++xkwtBCT5ziymmvC3Oj","6aRDKuRDpPY6qty5aqBGl/","6eauWALipDWqZDh0jJno44","7075n+ksJITJEXc02vGOpg","71RG/QCjZOipxG6uGc9rIp","72Fr69rs5AMo++NNy8AH5Y","77qOMfBelC06gnRTQtzK2u","7cBSNnQ2NAF68psU/mh4cn","7cBrIs29ZAJ5Lwzw6Lm6qV","7dVuuIfZtEg7RpRthc2l/b","873Jr8WdRK3pb0xvEa27ev","89tUe4XLJJRKJSsPyGV9O7","8e1gBWZMVLLJhuMa0GlArq","984GPgQBVMFIoc6az4rDLt","9bb6r0GpBL3JZm5+BPVZeG","9dw9KWnfZAN4/Tnmqx1i/j","a0y5Y4k1BMsL2BxpLBttAX","a5KwfIUhtAyb6XzdkTSK7I","afU4/Id7NHXYMguSZjKruH","b1CPTOwRpL7oviWXX0ZpT7","b2cSsW7y1NaKOXXg2DvjpV","b3fMmuNLpC06IMFecwWYw5","bceckmzJZOXJT8m2ysF0ub","bdJIaTK2hFOKwXi0ykjwSZ","beke/HyqVIIqRA9VTsj/RM","c7Isos4A9EEbJwf9JtDmX2","ca/UqZKiVAW6kqgkSd3s+8","d0fqePeclDlqnLh1eeB21Z","d0h7VlH/VEHb0dAv5W85AL","d74Q34MR9O87K0jadN4IuE","d8B86zTqVOhZn82JNPNYX0","d8iQP8LflO8p+Ry+9yztmw","de7rEl4+JCPIlPBxA33/eo","e0nKRXM5tChIUcLAm5XEi6","ecXJhc4oJDjI8xxfeNWuYX","efds15YvRMKLE7jiwauzwU","f8OIXUc49EKYiU5DiinJJj","fekUIpgqdCkbpVSUx+PtOD","02gb3T0mhHpZ6Pp4fRrKan","041+jcFEJNz4P4Qi2AskFJ","07XnAWrrhIMoIh3R58LzIH","08aLk6VaBN4ISlJ30UrtGh","08jOclGDVI2YAL7yjsT0yA","09SwgUTotL97LuHvmgJQ7O","0dHLU8ouFPXpF+STcYWqpK","0fhA3nZ0NJk68Z2hpWaF9X","10PbpGjYNElKpft9MJqpXE","113f0d8a0","12ADLo7B1JAKrp/qRTndRY","130436a35","136b8de0c","15CpNbRedETbdp1elD46GO","15e51fcd1","16bJc+8oZN3Z1arISLwM+m","16unGp7SNP6oKwBLoimFM7","1a159edee","1aMz5YnaNIwpPLFPq4N+1Z","1bvDGd17VDoqTPdVFf8yyc","1d5v0Gb1ZFIrYWawhLYFgh","21sto/yRVHw7i8bO83O3F2","23bQ2q2c9DH7pKNlT7LZ/p","26P/J9pcFMQbmd/YAYXvfd","2bCOm2FClL8JgHy+RDMb5n","2bSVkGln5IqoC7tsKVe9kT","2b3jVimt1ALKwC7nr1ip9e","30ifunASRErbiFgk9qYb9i","31AN4VnQVGzrVXCHX0cRu0","378b7a+aJJF7U0hEN/H97J","38HViSr9ZN/bCeE2oDIoL1","3cAaa1p7hK5IOnk9uJKs4W","3dUYGeaUlN8qg4Ggdlz8xz","43VAaXtCxNI7stCtlIIkPB","446CNNG19JiJPf7jlrUeWw","46QrW9NuhMI4gX0NMCGyf1","48Z8A2TRVEv42gXZoHtruE","493EGoznpDDrW7/piIhmBd","496/OFMWpGqZoKxkaSLING","4dy7A0IedNSrqnoFjL2mWp","4d0G6y8oRDnLnUBLpDrM4G","50/ClifM1A4YU6uu7nuiAE","51LOmtkBVOMJkrGSKpsSr9","51Ndb25ARH/6PILTQ36V/x","52IdEk6lxO9JduOny6gtJt","53GZ7KODFJI6Ijy9IEt2J/","55jWNeDLlHUptP4EuxC/P8","56/c2gq0ROBr5nBRuv53jk","57msOqzrxJUKgMcbIxNi7z","59UvKoA49N6qLZfBnqDhBE","5afaXP1k9KXr5S0r+lG+mJ","5chiuixwVE6KEPst67HHba","60bNWHdHxA9aro0zH9x8ZT","65PcNue3ZAZ6/w1CWCe/U3","66jTvvv/FH6K5uJhfesL36","70ZjbE3HBDhYmOqQEKg2AH","705LfrFmhC1YDFiObn2k+w","72PK8wcC9Ce4H6YijR2E9f","72dIVENt5IeZwrY0jTntGH","751iolR/ZLdo/FWzt9zaUU","77j/a5YLhJyp6BX+z4IMx6","80AuhT70pKdIKPize4GWnU","89yFrDWkREWqthqPViDPak","8aRHFclnZA7ojWBIxblZnk","8ape/XWsxCRIHheZjaZc1k","8bQY3W9dxM/IdAhAzgOX6a","8dXfGycbZNR6u8V4DEpyot","8dodllWbNHGq/XVtwtvGQR","8eSs4ud05M0JDBlUXrF3f7","8eippDuNRH1b2/X2zH04vh","8e6xmD1zxLO7TqkYXRey/N","8frCZRsgBNaZYqd8kllDsP","90zJ2cCgZKDIfm2MPshaq3","91vHC9QjxHbZPQB0OkI3AF","929cEaSptHjppLpcTttJha","95D4x6GhBMCa1VfNfQvPic","98QIMsYFFGOJRDo9YoiLiS","9at5KLJeBLU4yGQPRQOsIp","9cBZuJ67pN0Lg0VdSrKAhe","9cLuap/NhD07ba0fIl0eN5","9d1Lk2ZxxPp6PNc/d4vaRH","9ftvR8CdJOd5W8SHwBTl6y","a1f2U2AYtCqrktwpoxhAeV","a3vKSXtUxPPrTqkUbCTnkj","a36KoC/JlL8KImrzJsI1p6","a7bRmW2QpN861lwUY4+qme","a8R5V10PxGf53KRDhGMZIA","a9nucOosVPhrcEUV2whkvF","adVO5Qk9ZNmob29JGmZ87f","b0Q+vj0nNLe7GBzBhrMC4r","b3fJkJ5f1ADbuEzakQex5U","b4geGTTspDm4D0YEP/VNov","b454PcSfxIcqVRYIQ8sFm1","b5Mm89UVBI9a4+IEuXEqrU","b9jVNIPm1CyK7OTgl3MmdC","bdz8KrDkxE7L849wvHjER3","beW7FnsZ5Dh5NrBv3ZLlp7","c0WQvr0PlI85eulAn5tlEQ","c3jUnMf0JMZKic797DrsEX","c7g5HTLrlCB4vH5M8+jXzR","caNta1vXxEDLiSTjXLAHaN","ca9S/HyrJPqb8QWFlzq+nq","cdy8DFw1BHF7wSFKiHsnwm","ceN730aPlLqbm0sCAwfrNe","ceW67okbJGbJxYwd4aEcCz","d55dtNhGVFJrGEfhfuZIfV","d7aRapW6NMoIGBR4KMEmXJ","d8nO9SUmhKypdLbcDh9oRe","d9ipsi4LBAJ7POc8bEBYPe","dcUP+6w/hNBqrikSYdZNKg","ddCI4lQhBOGbrEWOKB6S2x","ddZR/cdDdGlrAcu3aKjE4G","ddvJ1DbQ1FRIVjgBsNUMtg","dd8o7FvlNDwLmD9oathIPF","dewB0PFwZIUJWbdMHiXkmT","e1knu18PxHJppjPlPPz9HS","e4PEANZnVCJ5sO1z8D5nPY","e6RnfS1HJH1Yv4RoEbodEN","e7T4owrXdExKdPGpMVkVMk","ebJRLHcVJPh5KvREz0JLHn","ecQbrX7AdCxI2HzurwR0sR","edrjOQgH9MTb2UduAE9dlM","eeZZT1RIdCVbUolvk52zMj","f5YB99SZ9GOY0GmyHc70CX","f7oGiAsDpMqoi8JbBdpXX0","fbB196LTVOOYHs3yH6TndC","fcuFnUVXpNXLShA/hwbfQv","fc7sfwgqBP36e93CfsL4yI","fewA+K3wlFab5RewUbSMaK","0193vZ5RpG+aPyYJZwFBLR","04h7QXqfNIPILrQHfaflQ5","06QCuqR4dAfrj/OWGrmbnf","06hXUSNfFNhp8TIhOdNnCg","065qQC0DVGhpaAWQ4Ycamt","067jcmQa1MgJTcou6VYuse","0aVopRd5FBrp2NS2CMpduB","0dldYO8MtAF6QbKMni9PbP","0eUDEh3kFGjrJ1Jq+uhcV6","0eZMtPfzpOh6Row4fdC9Oc","0ewNf4wqdOMo3nGM4Y/nud","0fkAS5aDdFsrUYj2qYx5OV","14v+pS+QJIJbn19x1a4Ent","18hEK0islDkbJJ9mZRJUhs","19AKKiMBhBq6fiWkRtcIVC","1ahstN8L9O0rNK3JiqXJUr","1bwvPT4G9IGqxngT8PQ1eC","1f9digCeBBPYVoY7TmUph5","208+YXMrRFoKzF8SZLOd07","21RjDZK8BOroekGXLBlT+/","23m0zhZ8BGbrTJzK1+loSB","24rpj7MVtPo7EvuZkCYM/S","28oreHLB9MmJFVf9JexlTd","29FYIk+N1GYaeWH/q1NxQO","2b+d2X4oRKxLDpk0/BAtjj","33CM+fPxtNmbVnFV2ad9J6","35BYiUu2BJQLQR3XoLHEj4","35g/sBN/JIm5v84wVS77kb","38T7LIt99GzqISRs7KiD/Y","38ovy23JxN2LtyIDYMU1X2","39R9XETCtDSqJGaou6rdqE","39wuJZei1A7ZdhGa06QdwI","3ae7efMv1CLq2ilvUY/tQi","41BnAAc95MA4b+HXgFpXgl","41MHg9BQVHqqfpqCc87g1T","43+VYf+QFKi6mcxr5r17Uj","46fqZL64VCrLFtyJA5L1aQ","49ZnPb6+FBGJ4AdZOBrbol","49g7pnhRxIor7U+trvYYxo","4dfwczd/VLUKnNYikCTEPX","4djVgHE/ZPu6ni1AHUobKQ","4dudmc5ydFa4Td7TfgU4zx","4eabQfT1tLvI2ijG+UTn0m","53G82zGJVKR6ZUrcF4I6FF","54GBdiM45JYL1JHimgWHZ/","557JbEoAFGj60aXud/kQW/","56A5xFvcVIrZibzp1n8rsr","58H4kLZbZMGLTUFUnmpCto","5bgyULDCJHjo5SSBYy5cPD","5cqXC1KYNBi6a7hpL+b5Mw","5epVafEihO5pppE2Mv2fz7","60F5ngXfxA+KNeHETP/nvO","604KFKpo5BdZiUhRa+Dy+y","61Fv0nIkZApIFOLUCHNC4K","622HgOtNFF6oBiXwE3JTkM","65TaNl1WdBzYmQyE02vH0C","68nS1dF0RIj5KjgP6UYRC1","69/bs9PCJHga1H7iVjgpoK","6cuGSfB35BY5a0Qe3nWVLP","6dIicjA6lEqpVGsZ30iW3O","6eyQ16OWhPpa5aur4fgF/N","70TFjQvbpHcraHKW0G5Q6a","71lCy4RTZDsL3JuNFRKIMF","72QuhCZnZA8o6kVo9VicGZ","76BUUHkv1J07LoYU+1TRkM","78Yirk6JpOqJ33OgLtZvBP","78izyO8gdNZLObpT0PFkWT","78lSQH995MXYQyNu2gd2NZ","78vew8WWVErJOXwI1rE0D8","79avZjaYFE4qtaYjWB0KXV","7cAoSh50BBOrLc1DwBqbc4","7c9bTlx6xJRJ9RepSKkLgz","7f+UxcqTZF05QZ26mdvR9U","80LAx8bc1JioegJbj6XJXf","81VIP7PSJBd5x7oWJNvD+g","81qO4UPGhHupoWabLHhrId","820rx0tbtBwKP29upjwHpH","856007X4dHYblEUORiexKh","86ejaeCzRAaIOB+AjF0E5s","88eb21q2ZAgKE3flsff7vF","8831wqavtKapAPemQsMktg","89dFbZ+tlPwJZ0DxgOX0Mu","8adM0V+zJHRIRH/RYFrT+H","8cF4Ey4odPepzzAzifrTFz","90GdOjGaBJC5+LzPHrRLuY","90LK80tQdBoaHC2Kwe08Y1","92x3fyjDVEQZaek2lBxuRI","93hSEjARtKfZxk1aFqOVpl","98+NqbBANB+7pRhzhl80jK","99KBq4qr1Moa2MRg+yW47Y","9aIxKUp2xPs5jEnjhWmF9I","9aQYv6k7xAF4Spq9bsQtyn","9d+1nL1DBAr6mTxDTYDbJF","a2MjXRFdtLlYQ5ouAFv/+R","a3NsRd+WFCQorMei+YDWwM","a5QcTsqNRPQ4uBhHWgKatS","a6XpiNUIlFabB7YMMWY4xu","a7V9nSDPdC4rutoQVCrTlu","a9cNWqur9KXJor3fP63NMi","abLLdjv6pN/6rW/dyhgpK3","afLUEXiJZPIL7pjs/nvDRM","b4RzUK9bBIQbqob+SskD2D","b4WcC7Ja1GZr4qcVtHVu8j","b5FIajalRMiJeUlamfSE1E","b9Zy2JxdFKVrwB+fEjY/X0","b9hMN0fh5E1rbCkffsOSWx","baCNvuyUdPN7RJ1uVqiWTx","badN1P2PtEA4fJd9KadG6a","bfzXhvJB1AE5afKbLdtGwQ","c07cFtp8pI1bfsWFalYkZa","c2vaEFSjtKyb4YgI0NIyt9","c2+2OcDP1IOZAqeiddcdO8","caQKP4jJ1MZp42e3R7sjRN","ca6LXg4f9KeI9CFoUrm4z9","ccCrWZfSJGx7l7T3GQLa5l","d0OPbvogVHTqMI02ONO37u","d0aT22ZXtLPIDQ1JipAwFW","d3H8p2Vn5HSIzcDvldtgPe","d4GnfVzyBEDoxs+VgVvlH3","d4UsmfPKlBNJp6Clg4Xr95","d6VrN44WlG2JgdJXyrCAD7","d9d8sWgCZCHJEdnPqWLxel","d9kOB/mxxAb4lPk6b2p5pD","dd87lr1vhMd4TqBhIZ/AgK","e3e3WPW9RIFK4FuaJ/q3Ai","e41VKThqVCL7NI7pCyINkn","e8OqL8Gn1GtJp/IKXMk7jo","e97GVMl6JHh5Ml5qEDdSGa","eaXdnWWupGsZy72/ujAcZj","ecpdLyjvZBwrvm+cedCcQy","efDMZ6KzdGhbZtaMKJZNiL","f0BIwQ8D5Ml7nTNQbh1YlS","f6YcPM541OTJXpHc+RgWOB","f8G7G4GgxJCIeG6GI7RYiU","f8MM5nvDBNHqKrV+JChP0k","f93lYdXxFDGZyhyFOeF5rk","faJXf6hT9CX6VDySpiJzFj","fdRcH+8pNOXKRe8eiWQ/zL","feaYRj97JLnYZMvJaelTX+","ffDdntJ4NEc6teA7E9r42+"],"scenes":{"db://assets/FruitSolt/FruitSlotScene.fire":113},"redirect":[217,0,226,1,287,2,321,0,322,2,323,1,325,0],"deps":["main","internal","resources"],"packs":{"017028d96":[214,222,224,225,234,269,280,139,291,294,295,304,315],"01fd691db":[109,187],"02143e386":[254,286,167],"028dca000":[67,125],"02bd01422":[194,219,223,232,240,251,255,258,259,270,275,285,289,299,303,307,309,310,314,316,328],"04a80d866":[70,71,93,94,100,114,119,123,126,134,140,145,151,153,154,157,158,160,51,162,172,173,184,191],"059ecde60":[101,124],"05d66eb53":[96,185],"061e34970":[120,133],"06ec1b987":[4,74,76,77,5,79,82,7,84,85,86,8,10,11,92,13,14,15,16,17,20,26,27,28,29,31,32,33,34,35,36,37,38,131,40,146,43,44,46,47,49,50,166,53,54,55,56,57,58,60,189],"072898452":[212,215,218,221,230,237,245,246,247,265,281,284,297,313,320,324,331],"0765276f5":[0,1,2,198,3,203,6,210,211,9,216,12,220,18,113,21,243,22,23,24,25,249,30,261,39,283,41,42,292,45,48,52,169,59,180,186,62,327,63,64,333],"08db8c2a7":[99,111],"090ca50db":[148,168],"0a33ffbe7":[68,72],"0a66c1ec9":[163,164],"0bbe9451b":[195,196,199,200,201,205,206,209,228,229,233,235,248,252,253,260,262,263,264,266,267,271,273,274,276,279,288,296,300,302,305,312,318,319,330,332],"0bc7a63d1":[69,183],"0c8187336":[175,193],"0c9557bd2":[75,138],"0c974721a":[197,202,204,208,227,231,236,238,244,118,256,268,272,277,278,282,293,298,326],"0cb39c938":[81,159],"0d4b031d0":[80,91,98,103,106,241,132,137,150],"0dc0ad040":[89,102],"0e892c79e":[65,301],"0f8aaf7be":[66,135],"0fb332842":[107,161],"0fee99387":[105,170]},"name":"FruitSolt","importBase":"import","nativeBase":"native","debug":false,"isZip":false,"encrypted":false,"versions":{"import":["017028d96","1c462","01fd691db","9391f","02143e386","70f41","028dca000","b4bf1","02bd01422","06c84","04a80d866","6ef8a","059ecde60","cacf5","05d66eb53","31581","061e34970","f4a5e","06ec1b987","a44c5","072898452","38214","0765276f5","d875c","08db8c2a7","b9e45","090ca50db","513f5","0a33ffbe7","cb4d0","0a66c1ec9","25c6d","0bbe9451b","6cfcb","0bc7a63d1","b941a","0c8187336","35d4a","0c9557bd2","2cd8a","0c974721a","ebf09","0cb39c938","3cbb4","0d4b031d0","3ccc0","0dc0ad040","4a05b","0e892c79e","39b1c","0f8aaf7be","4412a","0fb332842","2bff5","0fee99387","e1400",73,"63a82",78,"77ace",207,"3f57a",83,"c83be",213,"9bc97",87,"f95f0",88,"a61db",90,"b9c33",95,"033fe",97,"5a845",104,"33a1f",108,"9677e",110,"1bca4",19,"2eb22",239,"4e200",112,"99ac9",115,"98f1d",242,"7b7ca",116,"ee40b",117,"9ccf8",250,"452a4",121,"4ecf2",122,"4b6dc",257,"c6650",127,"0f6b9",128,"b386f",129,"17afc",130,"715bd",136,"3ba7e",141,"868f5",142,"6a1d8",143,"12bac",144,"183b5",147,"2842d",149,"3de93",290,"d386e",152,"f705b",155,"ccdfd",156,"2bd8c",165,"c6e6b",306,"cab8f",308,"68ac4",311,"3495e",171,"b3284",174,"c88cd",176,"447e0",177,"45fd1",178,"f3a6c",317,"03104",179,"8a7ec",181,"8310f",182,"53192",61,"8258d",188,"50bff",329,"e9d1f",190,"63d97",192,"5ccbe"],"native":[0,"77c3a",65,"44664",1,"3d53d",2,"25ee9",3,"fcf6e",4,"33c91",74,"f65c2",76,"eed99",77,"9f5e3",5,"cba84",79,"f81a4",6,"c1aba",82,"7ffa5",7,"9d9b5",84,"32f14",85,"cb1b7",86,"4d2cf",8,"d6aa4",9,"54781",10,"53484",11,"efa53",12,"d2fc1",92,"96ca6",13,"e75fb",14,"3f42b",15,"4e9cc",16,"540bb",17,"8dcfe",18,"01c2f",19,"5575b",20,"71a34",21,"3fe66",22,"8ed47",23,"e48fe",24,"feaaf",25,"83a80",26,"6b171",27,"df190",28,"782b9",29,"ccc61",30,"a1e21",31,"30da6",32,"0fd31",33,"924a4",34,"08685",35,"3dd75",36,"6c00c",37,"8a7ab",38,"a347d",131,"3f7ac",39,"4bd01",40,"5909b",41,"c6c80",42,"8d36d",146,"e54be",43,"f0660",44,"bfbe0",45,"6e4b0",46,"a382c",47,"bf45a",48,"7fca1",49,"53e7d",50,"39d41",51,"30499",52,"9ca5d",166,"d75c3",53,"c3c5c",169,"2cf8f",54,"251a2",55,"1759e",56,"b0c34",57,"b3006",58,"cc2cc",59,"a82a2",60,"3361e",61,"1ea9a",62,"1d3dc",189,"838a8",63,"59bb4",64,"e1464"]}}