[1,0,0,[["dragonBones.DragonBonesAsset",["_name","_dragonBonesJson"],1]],[[0,0,1,3]],[[0,"Amazon_a_ske","{\"frameRate\":24,\"isGlobal\":0,\"name\":\"Amazon_a\",\"version\":\"5.0\",\"armature\":[{\"slot\":[{\"name\":\"组_4\",\"parent\":\"组_4\",\"color\":{}},{\"blendMode\":\"add\",\"z\":1,\"parent\":\"组_41\",\"name\":\"组_41\",\"color\":{}}],\"animation\":[{\"slot\":[{\"frame\":[{\"tweenEasing\":0,\"duration\":13,\"color\":{\"aM\":0}},{\"tweenEasing\":0,\"duration\":12,\"color\":{\"gM\":96,\"bM\":12,\"aM\":38}},{\"tweenEasing\":null,\"duration\":0,\"color\":{\"gM\":96,\"bM\":12,\"aM\":0}}],\"name\":\"组_41\"}],\"frame\":[],\"bone\":[{\"frame\":[{\"duration\":25,\"transform\":{}}],\"name\":\"root\"},{\"frame\":[{\"tweenEasing\":0,\"duration\":4,\"transform\":{}},{\"tweenEasing\":0,\"duration\":14,\"transform\":{\"skY\":-5.0033,\"scX\":0.7,\"scY\":0.7,\"skX\":-5.0033}},{\"tweenEasing\":0,\"duration\":7,\"transform\":{\"skY\":8.9967,\"scX\":1.1,\"scY\":1.1,\"skX\":8.9967}},{\"duration\":0,\"transform\":{}}],\"name\":\"组_4\"},{\"frame\":[{\"tweenEasing\":0,\"duration\":4,\"transform\":{}},{\"tweenEasing\":0,\"duration\":14,\"transform\":{\"skY\":-5.0033,\"scX\":0.9,\"scY\":0.9,\"skX\":-5.0033}},{\"tweenEasing\":0,\"duration\":7,\"transform\":{\"skY\":8.9967,\"scX\":1.1,\"scY\":1.1,\"skX\":8.9967}},{\"duration\":0,\"transform\":{}}],\"name\":\"组_41\"}],\"ffd\":[],\"duration\":25,\"name\":\"newAnimation\",\"ik\":[],\"playTimes\":0}],\"type\":\"Armature\",\"frameRate\":24,\"bone\":[{\"name\":\"root\",\"transform\":{}},{\"length\":27,\"transform\":{\"skY\":86.6033,\"y\":19.1347,\"skX\":86.6033,\"x\":-1.0542},\"parent\":\"root\",\"name\":\"组_4\"},{\"length\":27,\"transform\":{\"skY\":86.6033,\"y\":19.1347,\"skX\":86.6033,\"x\":-1.0542},\"parent\":\"root\",\"name\":\"组_41\"}],\"aabb\":{\"width\":144,\"y\":-68.99999999999996,\"height\":140,\"x\":-69},\"skin\":[{\"name\":\"\",\"slot\":[{\"display\":[{\"path\":\"slots_6~10/组_3\",\"type\":\"image\",\"name\":\"slots_6~10/组_4\",\"transform\":{\"skY\":-86.6033,\"y\":-5.1216,\"skX\":-86.6033,\"x\":-17.8627}}],\"name\":\"组_4\"},{\"display\":[{\"path\":\"slots_6~10/组_3\",\"type\":\"image\",\"name\":\"slots_6~10/组_4\",\"transform\":{\"skY\":-86.6033,\"y\":-5.1216,\"skX\":-86.6033,\"x\":-17.8627}}],\"blendMode\":\"add\",\"name\":\"组_41\"}]}],\"defaultActions\":[{\"gotoAndPlay\":\"newAnimation\"}],\"name\":\"Armature\",\"ik\":[]}]}"]],0,0,[],[],[]]