[1,["00JRdhck1NP4Qzw6BO2UX3","01CLp0sN5F34rKUZMi+rwQ"],["_textureSetter","spriteFrame"],["cc.SpriteFrame",["cc.BitmapFont",["_name","fontSize","_fntConfig"],0]],[[1,0,1,2,4]],[[[{"name":"candyshuzi-export","rect":[0,0,298,221],"offset":[-107,17.5],"originalSize":[512,256],"capInsets":[0,0,0,0]}],[0],0,[0],[0],[0]],[[[0,"candyshuzi-export",32,{"commonHeight":90,"fontSize":32,"atlasName":"candyshuzi-export.png","fontDefDictionary":{"9":{"xOffset":0,"yOffset":0,"xAdvance":5248,"rect":{"x":0,"y":0,"width":0,"height":0}},"32":{"xOffset":0,"yOffset":0,"xAdvance":656,"rect":{"x":0,"y":0,"width":0,"height":0}},"43":{"xOffset":0,"yOffset":54,"xAdvance":75,"rect":{"x":0,"y":148,"width":34,"height":35}},"44":{"xOffset":0,"yOffset":73,"xAdvance":59,"rect":{"x":278,"y":0,"width":18,"height":24}},"45":{"xOffset":0,"yOffset":64,"xAdvance":60,"rect":{"x":0,"y":208,"width":19,"height":13}},"46":{"xOffset":0,"yOffset":73,"xAdvance":56,"rect":{"x":283,"y":147,"width":15,"height":17}},"48":{"xOffset":0,"yOffset":42,"xAdvance":73,"rect":{"x":65,"y":0,"width":32,"height":49}},"49":{"xOffset":0,"yOffset":42,"xAdvance":60,"rect":{"x":234,"y":0,"width":19,"height":48}},"50":{"xOffset":0,"yOffset":42,"xAdvance":71,"rect":{"x":229,"y":74,"width":30,"height":48}},"51":{"xOffset":0,"yOffset":42,"xAdvance":72,"rect":{"x":178,"y":0,"width":31,"height":49}},"52":{"xOffset":0,"yOffset":42,"xAdvance":72,"rect":{"x":173,"y":148,"width":31,"height":48}},"53":{"xOffset":0,"yOffset":42,"xAdvance":72,"rect":{"x":173,"y":74,"width":31,"height":49}},"54":{"xOffset":0,"yOffset":42,"xAdvance":72,"rect":{"x":122,"y":0,"width":31,"height":49}},"55":{"xOffset":0,"yOffset":42,"xAdvance":70,"rect":{"x":229,"y":147,"width":29,"height":48}},"56":{"xOffset":0,"yOffset":42,"xAdvance":72,"rect":{"x":117,"y":74,"width":31,"height":49}},"57":{"xOffset":0,"yOffset":42,"xAdvance":72,"rect":{"x":117,"y":148,"width":31,"height":49}},"66":{"xOffset":0,"yOffset":41,"xAdvance":74,"rect":{"x":59,"y":148,"width":33,"height":49}},"75":{"xOffset":0,"yOffset":41,"xAdvance":76,"rect":{"x":0,"y":74,"width":35,"height":49}},"77":{"xOffset":0,"yOffset":41,"xAdvance":81,"rect":{"x":0,"y":0,"width":40,"height":49}},"84":{"xOffset":0,"yOffset":41,"xAdvance":73,"rect":{"x":60,"y":74,"width":32,"height":49}}},"kerningDict":{}}]],0,0,[0],[1],[1]]]]