[1,["ecpdLyjvZBwrvm+cedCcQy","ceW67okbJGbJxYwd4aEcCz","a2MjXRFdtLlYQ5ouAFv/+R","97qfifadBNmZ/UGgmeP8P9","017TszyChFbp7aWXh5aFxT","36NZdIfB9GVbkJGAqM3Oqd","8fjkNLtLRKqru8o0yceVAz","e6ffVbJWRKn7VTKpevmQzP","6eyQ16OWhPpa5aur4fgF/N","b7UrJB07xJv5EqNJGvuPG2"],["node","_spriteFrame","_N$file","_parent","root","data","_N$dragonAsset","_N$dragonAtlasAsset"],[["cc.Node",["_name","_active","_opacity","_prefab","_children","_contentSize","_trs","_parent","_components","_color"],0,4,2,5,7,1,9,5],["cc.Sprite",["_sizeMode","_type","node","_materials","_spriteFrame"],1,1,3,6],["cc.Label",["_isSystemFontUsed","_N$horizontalAlign","_N$verticalAlign","_string","_fontSize","node","_materials","_N$file"],-2,1,3,6],["cc.Widget",["_alignFlags","_originalWidth","_originalHeight","node"],0,1],["cc.PrefabInfo",["fileId","root"],2,1],["cc.Prefab",["_name"],2],["cc.Button",["zoomScale","_N$transition","node"],1,1],["cc.BlockInputEvents",["node"],3,1],["dragonBones.ArmatureDisplay",["_armatureName","_animationName","_preCacheMode","_armatureKey","node","_materials","_N$dragonAsset","_N$dragonAtlasAsset"],-1,1,3,6,6],["dragonBones.DragonBonesAsset",["_name","_dragonBonesJson"],1]],[[4,0,1,2],[0,0,7,8,3,5,6,2],[6,0,1,2,3],[0,0,1,4,8,3,5,6,3],[1,2,3,4,1],[2,3,4,0,1,2,5,6,7,6],[5,0,2],[0,0,2,7,8,3,9,5,3],[0,0,7,4,3,2],[0,0,4,8,3,5,6,2],[0,0,1,7,4,3,6,3],[0,0,1,7,4,3,5,6,3],[3,0,3,2],[3,0,1,2,3,4],[4,1,1],[1,1,0,2,3,4,3],[1,0,2,3,4,2],[7,0,1],[8,0,1,2,3,4,5,6,7,5],[2,3,0,1,2,5,6,7,5],[2,0,1,2,5,6,7,4],[9,0,1,3]],[[[[6,"megaWinNode"],[3,"megaWinNode",false,[-3,-4],[[12,45,-2]],[14,-1],[5,1520,720],[760,360,0,0,0,0,1,1,1,1]],[3,"WinCloseBtn",false,[-7,-8],[[15,1,0,-5,[9],10],[2,1.1,3,-6]],[0,"acFMb22ndIuq2qZX3SokKN",1],[5,196,76],[16.5,-224.264,0,0,0,0,1,1,1,0]],[7,"bg",160,1,[[16,0,-9,[0],1],[13,45,100,100,-10],[17,-11]],[0,"16Dbpt6pZEqq3pythWBfql",1],[4,4278190080],[5,1520,720]],[8,"node",1,[-12,-13,-14],[0,"fbWY6g5ThB65j82FWgQSjW",1]],[9,"luckbtn",[-17],[[4,-15,[17],18],[2,1.1,3,-16]],[0,"d8tX+Uf6tGvZyYVDFz3hZq",1],[5,245,88],[150,0,0,0,0,0,1,1,1,0]],[10,"winConten",false,4,[2,-18],[0,"b9/d/fd+dNvJcJDorb5BHb",1],[0,23.534,0,0,0,0,1,1,1,1]],[11,"luckyBall",false,4,[-19,5],[0,"67iek9mrVJ/4nO89a6FsVA",1],[5,100,50],[29.804,-205.106,0,0,0,0,1,1,1,0]],[1,"closebtn",7,[[4,-20,[13],14],[2,1.1,3,-21]],[0,"fdh7Yr/RxOorQsmPsPizCB",1],[5,227,86],[-150,0,0,0,0,0,1,1,1,0]],[1,"win",4,[[18,"Armature","newAnimation",0,"97a9f89f-69d0-4d99-9fd4-1a099e3fc3fd#01ed3b33-c828-456e-9eda-597879685c53",-22,[2],3,4]],[0,"a6dDImVb5KN7cgND4fWt+I",1],[5,690.3290243607605,418.4273234789878],[0,60.108,0,0,0,0,1,1,1,1]],[1,"WinTimeLabel",2,[[19,"10",false,1,1,-23,[5],6]],[0,"a6UzQapMpBeaNmrEe/457e",1],[5,44.4,50.4],[52.585,0.334,0,0,0,0,1,1,1,1]],[1,"New Label",2,[[5,"collect",35,false,1,1,-24,[7],8]],[0,"65EscBd1VIxqr0YRnGknWM",1],[5,102.51,50.4],[-23.042,0,0,0,0,0,1,1,1,1]],[1,"WinLabel",6,[[20,false,1,1,-25,[11],12]],[0,"73LzSwOIFE0Lu4czomb3g/",1],[5,251.25,40],[29.274,-123.798,0,0,0,0,1,1,1,1]],[1,"timeLab",5,[[5,"1",25,false,1,1,-26,[15],16]],[0,"63NJEcyyJHJY96WLrB76Xx",1],[5,16.41,40],[82.085,-7.42,0,0,0,0,1,1,1,1]]],0,[0,4,1,0,0,1,0,-1,3,0,-2,4,0,0,2,0,0,2,0,-1,10,0,-2,11,0,0,3,0,0,3,0,0,3,0,-1,9,0,-2,6,0,-3,7,0,0,5,0,0,5,0,-1,13,0,-2,12,0,-1,8,0,0,8,0,0,8,0,0,9,0,0,10,0,0,11,0,0,12,0,0,13,0,5,1,2,3,6,5,3,7,26],[0,0,0,0,0,0,0,0,0,0,0,0,0,0,0,0,0,0,0],[-1,1,-1,6,7,-1,2,-1,2,-1,1,-1,2,-1,1,-1,2,-1,1],[0,2,0,3,4,0,1,0,1,0,5,0,6,0,7,0,8,0,9]],[[[21,"soltwin_ske","{\"frameRate\":24,\"isGlobal\":0,\"armature\":[{\"bone\":[{\"name\":\"root\",\"transform\":{}},{\"transform\":{},\"name\":\"hugewin\",\"parent\":\"root\"},{\"transform\":{\"y\":-50,\"x\":1},\"name\":\"huge\",\"parent\":\"hugewin\"},{\"transform\":{\"y\":96,\"x\":4},\"name\":\"win\",\"parent\":\"hugewin\"},{\"transform\":{\"y\":101,\"x\":-151.0755},\"name\":\"bone\",\"parent\":\"hugewin\"},{\"transform\":{\"y\":65,\"x\":-153.033},\"name\":\"bone1\",\"parent\":\"hugewin\"},{\"transform\":{\"scY\":-1,\"y\":147.9889,\"x\":16.2139},\"name\":\"yuan\",\"parent\":\"hugewin\"},{\"length\":1,\"transform\":{\"y\":65,\"skX\":180,\"skY\":180,\"x\":212},\"parent\":\"hugewin\",\"name\":\"bone2\"},{\"transform\":{\"x\":-220.95},\"name\":\"bone4\",\"parent\":\"hugewin\"},{\"transform\":{\"scX\":-1,\"x\":258.279},\"name\":\"bone41\",\"parent\":\"hugewin\"},{\"transform\":{\"y\":14.95,\"x\":12.95},\"name\":\"bg\",\"parent\":\"hugewin\"},{\"transform\":{\"y\":-15.406,\"x\":18.8635},\"name\":\"g1\",\"parent\":\"hugewin\"},{\"transform\":{\"y\":-19.3626,\"x\":26.4218},\"name\":\"g2\",\"parent\":\"hugewin\"},{\"transform\":{\"y\":72.7,\"x\":-107.0153},\"name\":\"jba\",\"parent\":\"hugewin\"},{\"transform\":{\"y\":99,\"x\":206.0472},\"name\":\"bone3\",\"parent\":\"hugewin\"},{\"transform\":{\"y\":29.4549,\"x\":-110.0011},\"name\":\"jba1\",\"parent\":\"hugewin\"},{\"transform\":{\"y\":-7.918,\"x\":-76.6094},\"name\":\"jba3\",\"parent\":\"hugewin\"},{\"transform\":{\"y\":-33.9944,\"x\":-42.3218},\"name\":\"jba4\",\"parent\":\"hugewin\"},{\"transform\":{\"y\":-64.7984,\"x\":-55.8577},\"name\":\"jba5\",\"parent\":\"hugewin\"},{\"transform\":{\"y\":-70.1232,\"x\":14.3596},\"name\":\"jba6\",\"parent\":\"hugewin\"},{\"transform\":{\"y\":73.1976,\"x\":-43.3171},\"name\":\"jba7\",\"parent\":\"hugewin\"},{\"transform\":{\"y\":-59.9713,\"x\":72.1855},\"name\":\"jba8\",\"parent\":\"hugewin\"},{\"transform\":{\"y\":-38.4732,\"x\":31.8766},\"name\":\"jba9\",\"parent\":\"hugewin\"},{\"transform\":{\"y\":63.7424,\"x\":44.8152},\"name\":\"jba10\",\"parent\":\"hugewin\"},{\"transform\":{\"y\":69.7141,\"x\":100.5511},\"name\":\"jba11\",\"parent\":\"hugewin\"},{\"transform\":{\"y\":-12.347,\"x\":90.1006},\"name\":\"jba12\",\"parent\":\"hugewin\"},{\"transform\":{\"y\":-37.2291,\"x\":132.1016},\"name\":\"jba13\",\"parent\":\"hugewin\"},{\"transform\":{\"y\":75.1882,\"x\":129.912},\"name\":\"jba14\",\"parent\":\"hugewin\"},{\"transform\":{\"y\":41.7467,\"x\":162.1592},\"name\":\"jba15\",\"parent\":\"hugewin\"},{\"transform\":{\"y\":8.5042,\"x\":144.8412},\"name\":\"jba16\",\"parent\":\"hugewin\"},{\"transform\":{\"y\":-35.7859,\"x\":-111.4443},\"name\":\"jba2\",\"parent\":\"hugewin\"}],\"animation\":[{\"playTimes\":0,\"bone\":[{\"frame\":[{\"transform\":{},\"duration\":60}],\"name\":\"root\"},{\"frame\":[{\"tweenEasing\":0,\"transform\":{\"scY\":0.1,\"y\":84.0179,\"scX\":0.1},\"duration\":7},{\"tweenEasing\":0,\"transform\":{\"scY\":0.7,\"y\":-196.3125,\"scX\":0.7},\"duration\":3},{\"tweenEasing\":0,\"transform\":{\"scY\":0.9,\"y\":37.5,\"scX\":0.9},\"duration\":3},{\"tweenEasing\":0,\"transform\":{\"y\":-44.5536},\"duration\":3},{\"transform\":{},\"duration\":44}],\"name\":\"hugewin\"},{\"frame\":[{\"transform\":{},\"duration\":60}],\"name\":\"huge\"},{\"frame\":[{\"transform\":{},\"duration\":60}],\"name\":\"win\"},{\"frame\":[{\"transform\":{},\"duration\":60}],\"name\":\"yuan\"},{\"frame\":[{\"transform\":{},\"duration\":7},{\"tweenEasing\":0,\"transform\":{\"y\":15.3991,\"x\":34.6479},\"duration\":3},{\"transform\":{},\"duration\":50}],\"name\":\"bone\"},{\"frame\":[{\"transform\":{},\"duration\":7},{\"tweenEasing\":0,\"transform\":{\"y\":12.8326,\"x\":26.9484},\"duration\":3},{\"transform\":{},\"duration\":50}],\"name\":\"bone1\"},{\"frame\":[{\"transform\":{},\"duration\":7},{\"tweenEasing\":0,\"transform\":{\"y\":12.6401,\"x\":-28.4883},\"duration\":3},{\"transform\":{},\"duration\":50}],\"name\":\"bone2\"},{\"frame\":[{\"transform\":{},\"duration\":7},{\"tweenEasing\":0,\"transform\":{\"y\":23.6119,\"x\":-41.77},\"duration\":3},{\"transform\":{},\"duration\":50}],\"name\":\"bone3\"},{\"frame\":[{\"transform\":{},\"duration\":8},{\"tweenEasing\":0,\"transform\":{\"skX\":-66.2109,\"skY\":-66.2109},\"duration\":4},{\"tweenEasing\":0,\"transform\":{},\"duration\":2},{\"tweenEasing\":0,\"transform\":{\"skX\":-8.8666,\"skY\":-8.8666},\"duration\":1},{\"transform\":{},\"duration\":45}],\"name\":\"bone4\"},{\"frame\":[{\"transform\":{},\"duration\":8},{\"tweenEasing\":0,\"transform\":{\"skX\":67.3552,\"skY\":67.3552},\"duration\":4},{\"tweenEasing\":0,\"transform\":{},\"duration\":2},{\"tweenEasing\":0,\"transform\":{\"skX\":8.1452,\"skY\":8.1452},\"duration\":1},{\"transform\":{},\"duration\":45}],\"name\":\"bone41\"},{\"frame\":[{\"transform\":{},\"duration\":60}],\"name\":\"bg\"},{\"frame\":[{\"tweenEasing\":0,\"transform\":{},\"duration\":10},{\"tweenEasing\":0,\"transform\":{\"skX\":30,\"skY\":30},\"duration\":10},{\"transform\":{\"scY\":2.1,\"skX\":60,\"skY\":60,\"scX\":2.1},\"duration\":10},{\"tweenEasing\":0,\"transform\":{\"scY\":2.1,\"skX\":90,\"skY\":90,\"scX\":2.1},\"duration\":30},{\"transform\":{\"scY\":2.1,\"skX\":180,\"skY\":180,\"scX\":2.1},\"duration\":0}],\"name\":\"g1\"},{\"frame\":[{\"transform\":{},\"duration\":10},{\"tweenEasing\":0,\"transform\":{},\"duration\":10},{\"transform\":{\"scY\":2.1,\"skX\":-20,\"skY\":-20,\"scX\":2.1},\"duration\":10},{\"tweenEasing\":0,\"transform\":{\"scY\":2.1,\"skX\":-40,\"skY\":-40,\"scX\":2.1},\"duration\":22},{\"transform\":{\"scY\":2.1,\"skX\":-80,\"skY\":-80,\"scX\":2.1},\"duration\":8}],\"name\":\"g2\"},{\"frame\":[{\"tweenEasing\":0,\"transform\":{},\"duration\":18},{\"tweenEasing\":0,\"transform\":{},\"duration\":4},{\"tweenEasing\":0,\"transform\":{\"scY\":1.0857,\"y\":-36.73,\"skX\":90,\"skY\":90,\"scX\":1.0857,\"x\":-167.5721},\"duration\":3},{\"tweenEasing\":0,\"transform\":{\"scY\":1.15,\"y\":-64.2775,\"skX\":180,\"skY\":180,\"scX\":1.15,\"x\":-293.2512},\"duration\":4},{\"tweenEasing\":0,\"transform\":{\"scY\":1.2357,\"y\":-101.0075,\"skX\":-90,\"skY\":-90,\"scX\":1.2357,\"x\":-460.8234},\"duration\":3},{\"tweenEasing\":0,\"transform\":{\"scY\":1.3,\"y\":-128.555,\"scX\":1.3,\"x\":-586.5025},\"duration\":1},{\"tweenEasing\":0,\"transform\":{},\"duration\":4},{\"tweenEasing\":0,\"transform\":{\"scY\":1.0857,\"y\":-46.6629,\"skX\":90,\"skY\":90,\"scX\":1.0857,\"x\":-190.5746},\"duration\":3},{\"tweenEasing\":0,\"transform\":{\"scY\":1.15,\"y\":-81.6601,\"skX\":180,\"skY\":180,\"scX\":1.15,\"x\":-333.5056},\"duration\":4},{\"tweenEasing\":0,\"transform\":{\"scY\":1.2357,\"y\":-128.323,\"skX\":-90,\"skY\":-90,\"scX\":1.2357,\"x\":-524.0802},\"duration\":3},{\"transform\":{\"scY\":1.3,\"y\":-163.3201,\"scX\":1.3,\"x\":-667.0112},\"duration\":13}],\"name\":\"jba\"},{\"frame\":[{\"tweenEasing\":0,\"transform\":{},\"duration\":18},{\"tweenEasing\":0,\"transform\":{},\"duration\":5},{\"tweenEasing\":0,\"transform\":{\"scY\":1.1333,\"y\":-131.5082,\"skX\":90,\"skY\":90,\"scX\":1.1333,\"x\":-176.8292},\"duration\":2},{\"tweenEasing\":0,\"transform\":{\"scY\":1.1867,\"y\":-184.1114,\"skX\":180,\"skY\":180,\"scX\":1.1867,\"x\":-247.5608},\"duration\":4},{\"tweenEasing\":0,\"transform\":{\"scY\":1.2933,\"y\":-289.3179,\"skX\":-90,\"skY\":-90,\"scX\":1.2933,\"x\":-389.0241},\"duration\":4},{\"tweenEasing\":0,\"transform\":{\"scY\":1.4,\"y\":-394.5245,\"scX\":1.4,\"x\":-530.4875},\"duration\":1},{\"tweenEasing\":0,\"transform\":{},\"duration\":5},{\"tweenEasing\":0,\"transform\":{\"scY\":1.1333,\"y\":-107.1116,\"skX\":90,\"skY\":90,\"scX\":1.1333,\"x\":-167.6804},\"duration\":2},{\"tweenEasing\":0,\"transform\":{\"scY\":1.1867,\"y\":-149.9562,\"skX\":180,\"skY\":180,\"scX\":1.1867,\"x\":-234.7526},\"duration\":4},{\"tweenEasing\":0,\"transform\":{\"scY\":1.2933,\"y\":-235.6455,\"skX\":-90,\"skY\":-90,\"scX\":1.2933,\"x\":-368.897},\"duration\":4},{\"transform\":{\"scY\":1.4,\"y\":-321.3347,\"scX\":1.4,\"x\":-503.0413},\"duration\":11}],\"name\":\"jba1\"},{\"frame\":[{\"tweenEasing\":0,\"transform\":{},\"duration\":15},{\"tweenEasing\":0,\"transform\":{},\"duration\":4},{\"tweenEasing\":0,\"transform\":{\"y\":-46.6323,\"skX\":90,\"skY\":90,\"x\":-165.739},\"duration\":3},{\"tweenEasing\":0,\"transform\":{\"y\":-81.6064,\"skX\":180,\"skY\":180,\"x\":-290.0433},\"duration\":4},{\"tweenEasing\":0,\"transform\":{\"y\":-128.2387,\"skX\":-90,\"skY\":-90,\"x\":-455.7823},\"duration\":3},{\"tweenEasing\":0,\"transform\":{\"y\":-163.2129,\"x\":-580.0866},\"duration\":1},{\"tweenEasing\":0,\"transform\":{},\"duration\":4},{\"tweenEasing\":0,\"transform\":{\"y\":-46.6323,\"skX\":90,\"skY\":90,\"x\":-165.739},\"duration\":3},{\"tweenEasing\":0,\"transform\":{\"y\":-81.6064,\"skX\":180,\"skY\":180,\"x\":-290.0433},\"duration\":4},{\"tweenEasing\":0,\"transform\":{\"y\":-128.2387,\"skX\":-90,\"skY\":-90,\"x\":-455.7823},\"duration\":3},{\"transform\":{\"y\":-163.2129,\"x\":-580.0866},\"duration\":16}],\"name\":\"jba2\"},{\"frame\":[{\"tweenEasing\":0,\"transform\":{},\"duration\":15},{\"tweenEasing\":0,\"transform\":{},\"duration\":4},{\"tweenEasing\":0,\"transform\":{\"y\":-182.5795,\"skX\":90,\"skY\":90,\"x\":-51.7867},\"duration\":3},{\"tweenEasing\":0,\"transform\":{\"y\":-319.5141,\"skX\":180,\"skY\":180,\"x\":-90.6267},\"duration\":5},{\"tweenEasing\":0,\"transform\":{\"y\":-547.7384,\"skX\":-90,\"skY\":-90,\"x\":-155.3601},\"duration\":3},{\"tweenEasing\":0,\"transform\":{\"y\":-684.673,\"x\":-194.2002},\"duration\":1},{\"tweenEasing\":0,\"transform\":{},\"duration\":4},{\"tweenEasing\":0,\"transform\":{\"scY\":1.1067,\"y\":-156.4866,\"skX\":90,\"skY\":90,\"scX\":1.1067,\"x\":-35.8691},\"duration\":3},{\"tweenEasing\":0,\"transform\":{\"scY\":1.1867,\"y\":-273.8515,\"skX\":180,\"skY\":180,\"scX\":1.1867,\"x\":-62.7709},\"duration\":5},{\"tweenEasing\":0,\"transform\":{\"scY\":1.32,\"y\":-469.4597,\"skX\":-90,\"skY\":-90,\"scX\":1.32,\"x\":-107.6073},\"duration\":3},{\"transform\":{\"scY\":1.4,\"y\":-586.8246,\"scX\":1.4,\"x\":-134.5091},\"duration\":14}],\"name\":\"jba3\"},{\"frame\":[{\"tweenEasing\":0,\"transform\":{},\"duration\":16},{\"tweenEasing\":0,\"transform\":{},\"duration\":4},{\"tweenEasing\":0,\"transform\":{\"y\":-118.5345,\"skX\":90,\"skY\":90,\"x\":-97.5311},\"duration\":3},{\"tweenEasing\":0,\"transform\":{\"y\":-207.4354,\"skX\":180,\"skY\":180,\"x\":-170.6794},\"duration\":5},{\"tweenEasing\":0,\"transform\":{\"y\":-355.6035,\"skX\":-90,\"skY\":-90,\"x\":-292.5933},\"duration\":3},{\"tweenEasing\":0,\"transform\":{\"y\":-444.5044,\"x\":-365.7416},\"duration\":1},{\"tweenEasing\":0,\"transform\":{},\"duration\":4},{\"tweenEasing\":0,\"transform\":{\"scY\":1.08,\"y\":-142.9311,\"skX\":90,\"skY\":90,\"scX\":1.08,\"x\":-103.8742},\"duration\":3},{\"tweenEasing\":0,\"transform\":{\"scY\":1.14,\"y\":-250.1294,\"skX\":180,\"skY\":180,\"scX\":1.14,\"x\":-181.7798},\"duration\":5},{\"tweenEasing\":0,\"transform\":{\"scY\":1.24,\"y\":-428.7932,\"skX\":-90,\"skY\":-90,\"scX\":1.24,\"x\":-311.6226},\"duration\":3},{\"transform\":{\"scY\":1.3,\"y\":-535.9915,\"scX\":1.3,\"x\":-389.5282},\"duration\":13}],\"name\":\"jba4\"},{\"frame\":[{\"tweenEasing\":0,\"transform\":{},\"duration\":15},{\"tweenEasing\":0,\"transform\":{},\"duration\":4},{\"tweenEasing\":0,\"transform\":{\"y\":-101.54,\"skX\":90,\"skY\":90,\"x\":-141.261},\"duration\":3},{\"tweenEasing\":0,\"transform\":{\"y\":-177.695,\"skX\":180,\"skY\":180,\"x\":-247.2068},\"duration\":4},{\"tweenEasing\":0,\"transform\":{\"y\":-279.235,\"skX\":-90,\"skY\":-90,\"x\":-388.4678},\"duration\":4},{\"tweenEasing\":0,\"transform\":{\"y\":-380.775,\"x\":-529.7289},\"duration\":1},{\"tweenEasing\":0,\"transform\":{},\"duration\":4},{\"tweenEasing\":0,\"transform\":{\"y\":-92.7572,\"skX\":90,\"skY\":90,\"x\":-140.2852},\"duration\":3},{\"tweenEasing\":0,\"transform\":{\"y\":-162.3251,\"skX\":180,\"skY\":180,\"x\":-245.4991},\"duration\":4},{\"tweenEasing\":0,\"transform\":{\"y\":-255.0824,\"skX\":-90,\"skY\":-90,\"x\":-385.7842},\"duration\":4},{\"transform\":{\"y\":-347.8396,\"x\":-526.0694},\"duration\":14}],\"name\":\"jba5\"},{\"frame\":[{\"tweenEasing\":0,\"transform\":{},\"duration\":15},{\"tweenEasing\":0,\"transform\":{},\"duration\":4},{\"tweenEasing\":0,\"transform\":{\"scY\":1.08,\"y\":-145.9866,\"skX\":90,\"skY\":90,\"scX\":1.08,\"x\":-15.0654},\"duration\":3},{\"tweenEasing\":0,\"transform\":{\"scY\":1.14,\"y\":-255.4766,\"skX\":180,\"skY\":180,\"scX\":1.14,\"x\":-26.3645},\"duration\":5},{\"tweenEasing\":0,\"transform\":{\"scY\":1.24,\"y\":-437.9599,\"skX\":-90,\"skY\":-90,\"scX\":1.24,\"x\":-45.1963},\"duration\":3},{\"tweenEasing\":0,\"transform\":{\"scY\":1.3,\"y\":-547.4498,\"scX\":1.3,\"x\":-56.4954},\"duration\":1},{\"tweenEasing\":0,\"transform\":{},\"duration\":4},{\"tweenEasing\":0,\"transform\":{\"scY\":1.08,\"y\":-155.7453,\"skX\":90,\"skY\":90,\"scX\":1.08,\"x\":2.2561},\"duration\":3},{\"tweenEasing\":0,\"transform\":{\"scY\":1.14,\"y\":-272.5542,\"skX\":180,\"skY\":180,\"scX\":1.14,\"x\":3.9482},\"duration\":5},{\"tweenEasing\":0,\"transform\":{\"scY\":1.24,\"y\":-467.2358,\"skX\":-90,\"skY\":-90,\"scX\":1.24,\"x\":6.7684},\"duration\":3},{\"transform\":{\"scY\":1.3,\"y\":-584.0447,\"scX\":1.3,\"x\":8.4605},\"duration\":14}],\"name\":\"jba6\"},{\"frame\":[{\"tweenEasing\":0,\"transform\":{},\"duration\":18},{\"tweenEasing\":0,\"transform\":{},\"duration\":4},{\"tweenEasing\":0,\"transform\":{\"y\":18.3115,\"skX\":90,\"skY\":90,\"x\":-169.4742},\"duration\":3},{\"tweenEasing\":0,\"transform\":{\"y\":32.0451,\"skX\":180,\"skY\":180,\"x\":-296.5798},\"duration\":4},{\"tweenEasing\":0,\"transform\":{\"y\":50.3566,\"skX\":-90,\"skY\":-90,\"x\":-466.054},\"duration\":4},{\"tweenEasing\":0,\"transform\":{\"y\":68.6681,\"x\":-635.5281},\"duration\":1},{\"tweenEasing\":0,\"transform\":{},\"duration\":4},{\"tweenEasing\":0,\"transform\":{\"y\":-0.7178,\"skX\":90,\"skY\":90,\"x\":-169.9621},\"duration\":3},{\"tweenEasing\":0,\"transform\":{\"y\":-1.2562,\"skX\":180,\"skY\":180,\"x\":-297.4337},\"duration\":4},{\"tweenEasing\":0,\"transform\":{\"y\":-1.974,\"skX\":-90,\"skY\":-90,\"x\":-467.3958},\"duration\":4},{\"transform\":{\"y\":-2.6919,\"x\":-637.3579},\"duration\":11}],\"name\":\"jba7\"},{\"frame\":[{\"tweenEasing\":0,\"transform\":{},\"duration\":17},{\"tweenEasing\":0,\"transform\":{},\"duration\":4},{\"tweenEasing\":0,\"transform\":{\"scY\":1.08,\"y\":-130.149,\"skX\":90,\"skY\":90,\"scX\":1.08,\"x\":83.7181},\"duration\":3},{\"tweenEasing\":0,\"transform\":{\"scY\":1.14,\"y\":-227.7607,\"skX\":180,\"skY\":180,\"scX\":1.14,\"x\":146.5067},\"duration\":5},{\"tweenEasing\":0,\"transform\":{\"scY\":1.24,\"y\":-390.4469,\"skX\":-90,\"skY\":-90,\"scX\":1.24,\"x\":251.1544},\"duration\":3},{\"tweenEasing\":0,\"transform\":{\"scY\":1.3,\"y\":-488.0586,\"scX\":1.3,\"x\":313.9429},\"duration\":1},{\"tweenEasing\":0,\"transform\":{},\"duration\":4},{\"tweenEasing\":0,\"transform\":{\"scY\":1.08,\"y\":-124.2938,\"skX\":90,\"skY\":90,\"scX\":1.08,\"x\":65.1767},\"duration\":3},{\"tweenEasing\":0,\"transform\":{\"scY\":1.14,\"y\":-217.5141,\"skX\":180,\"skY\":180,\"scX\":1.14,\"x\":114.0593},\"duration\":5},{\"tweenEasing\":0,\"transform\":{\"scY\":1.24,\"y\":-372.8814,\"skX\":-90,\"skY\":-90,\"scX\":1.24,\"x\":195.5302},\"duration\":3},{\"transform\":{\"scY\":1.3,\"y\":-466.1017,\"scX\":1.3,\"x\":244.4127},\"duration\":12}],\"name\":\"jba8\"},{\"frame\":[{\"tweenEasing\":0,\"transform\":{},\"duration\":15},{\"tweenEasing\":0,\"transform\":{},\"duration\":4},{\"tweenEasing\":0,\"transform\":{\"y\":-158.3428,\"skX\":90,\"skY\":90,\"x\":48.5889},\"duration\":3},{\"tweenEasing\":0,\"transform\":{\"y\":-277.0999,\"skX\":180,\"skY\":180,\"x\":85.0307},\"duration\":5},{\"tweenEasing\":0,\"transform\":{\"y\":-475.0284,\"skX\":-90,\"skY\":-90,\"x\":145.7668},\"duration\":3},{\"tweenEasing\":0,\"transform\":{\"y\":-593.7855,\"x\":182.2086},\"duration\":1},{\"tweenEasing\":0,\"transform\":{},\"duration\":4},{\"tweenEasing\":0,\"transform\":{\"y\":-150.5359,\"skX\":90,\"skY\":90,\"x\":34.4389},\"duration\":3},{\"tweenEasing\":0,\"transform\":{\"y\":-263.4378,\"skX\":180,\"skY\":180,\"x\":60.2681},\"duration\":5},{\"tweenEasing\":0,\"transform\":{\"y\":-451.6076,\"skX\":-90,\"skY\":-90,\"x\":103.3168},\"duration\":3},{\"transform\":{\"y\":-564.5096,\"x\":129.146},\"duration\":14}],\"name\":\"jba9\"},{\"frame\":[{\"tweenEasing\":0,\"transform\":{},\"duration\":16},{\"tweenEasing\":0,\"transform\":{},\"duration\":4},{\"tweenEasing\":0,\"transform\":{\"scY\":1.08,\"y\":-109.7135,\"skX\":90,\"skY\":90,\"scX\":1.08,\"x\":110.8853},\"duration\":3},{\"tweenEasing\":0,\"transform\":{\"scY\":1.14,\"y\":-191.9986,\"skX\":180,\"skY\":180,\"scX\":1.14,\"x\":194.0494},\"duration\":5},{\"tweenEasing\":0,\"transform\":{\"scY\":1.24,\"y\":-329.1404,\"skX\":-90,\"skY\":-90,\"scX\":1.24,\"x\":332.656},\"duration\":3},{\"tweenEasing\":0,\"transform\":{\"scY\":1.3,\"y\":-411.4255,\"scX\":1.3,\"x\":415.82},\"duration\":1},{\"tweenEasing\":0,\"transform\":{},\"duration\":4},{\"tweenEasing\":0,\"transform\":{\"scY\":1.08,\"y\":-120.6999,\"skX\":90,\"skY\":90,\"scX\":1.08,\"x\":129.5698},\"duration\":3},{\"tweenEasing\":0,\"transform\":{\"scY\":1.14,\"y\":-211.2248,\"skX\":180,\"skY\":180,\"scX\":1.14,\"x\":226.7471},\"duration\":5},{\"tweenEasing\":0,\"transform\":{\"scY\":1.24,\"y\":-362.0996,\"skX\":-90,\"skY\":-90,\"scX\":1.24,\"x\":388.7094},\"duration\":3},{\"transform\":{\"scY\":1.3,\"y\":-452.6245,\"scX\":1.3,\"x\":485.8867},\"duration\":13}],\"name\":\"jba10\"},{\"frame\":[{\"tweenEasing\":0,\"transform\":{},\"duration\":21},{\"tweenEasing\":0,\"transform\":{},\"duration\":4},{\"tweenEasing\":0,\"transform\":{\"y\":-127.7984,\"skX\":90,\"skY\":90,\"x\":86.6752},\"duration\":3},{\"tweenEasing\":0,\"transform\":{\"y\":-223.6472,\"skX\":180,\"skY\":180,\"x\":151.6816},\"duration\":5},{\"tweenEasing\":0,\"transform\":{\"y\":-383.3951,\"skX\":-90,\"skY\":-90,\"x\":260.0257},\"duration\":3},{\"tweenEasing\":0,\"transform\":{\"y\":-479.2439,\"x\":325.0321},\"duration\":1},{\"tweenEasing\":0,\"transform\":{},\"duration\":4},{\"tweenEasing\":0,\"transform\":{\"y\":-152.0486,\"skX\":90,\"skY\":90,\"x\":105.9241},\"duration\":3},{\"tweenEasing\":0,\"transform\":{\"y\":-266.085,\"skX\":180,\"skY\":180,\"x\":185.3672},\"duration\":5},{\"tweenEasing\":0,\"transform\":{\"y\":-456.1457,\"skX\":-90,\"skY\":-90,\"x\":317.7723},\"duration\":3},{\"transform\":{\"y\":-570.1821,\"x\":397.2154},\"duration\":8}],\"name\":\"jba11\"},{\"frame\":[{\"tweenEasing\":0,\"transform\":{},\"duration\":16},{\"tweenEasing\":0,\"transform\":{},\"duration\":4},{\"tweenEasing\":0,\"transform\":{\"scY\":1.08,\"y\":-53.9984,\"skX\":90,\"skY\":90,\"scX\":1.08,\"x\":161.4237},\"duration\":3},{\"tweenEasing\":0,\"transform\":{\"scY\":1.14,\"y\":-94.4972,\"skX\":180,\"skY\":180,\"scX\":1.14,\"x\":282.4914},\"duration\":5},{\"tweenEasing\":0,\"transform\":{\"scY\":1.24,\"y\":-161.9952,\"skX\":-90,\"skY\":-90,\"scX\":1.24,\"x\":484.271},\"duration\":3},{\"tweenEasing\":0,\"transform\":{\"scY\":1.3,\"y\":-202.4939,\"scX\":1.3,\"x\":605.3387},\"duration\":1},{\"tweenEasing\":0,\"transform\":{},\"duration\":4},{\"tweenEasing\":0,\"transform\":{\"scY\":1.08,\"y\":-52.5945,\"skX\":90,\"skY\":90,\"scX\":1.08,\"x\":158.48},\"duration\":3},{\"tweenEasing\":0,\"transform\":{\"scY\":1.14,\"y\":-92.0403,\"skX\":180,\"skY\":180,\"scX\":1.14,\"x\":277.34},\"duration\":5},{\"tweenEasing\":0,\"transform\":{\"scY\":1.24,\"y\":-157.7834,\"skX\":-90,\"skY\":-90,\"scX\":1.24,\"x\":475.44},\"duration\":3},{\"transform\":{\"scY\":1.3,\"y\":-197.2292,\"scX\":1.3,\"x\":594.3},\"duration\":13}],\"name\":\"jba12\"},{\"frame\":[{\"tweenEasing\":0,\"transform\":{},\"duration\":14},{\"tweenEasing\":0,\"transform\":{},\"duration\":4},{\"tweenEasing\":0,\"transform\":{\"y\":-80.5996,\"skX\":90,\"skY\":90,\"x\":119.5949},\"duration\":3},{\"tweenEasing\":0,\"transform\":{\"y\":-141.0493,\"skX\":180,\"skY\":180,\"x\":209.291},\"duration\":5},{\"tweenEasing\":0,\"transform\":{\"y\":-241.7987,\"skX\":-90,\"skY\":-90,\"x\":358.7846},\"duration\":3},{\"tweenEasing\":0,\"transform\":{\"y\":-302.2484,\"x\":448.4808},\"duration\":1},{\"tweenEasing\":0,\"transform\":{},\"duration\":4},{\"tweenEasing\":0,\"transform\":{\"y\":-76.2519,\"skX\":90,\"skY\":90,\"x\":129.2177},\"duration\":3},{\"tweenEasing\":0,\"transform\":{\"y\":-133.4408,\"skX\":180,\"skY\":180,\"x\":226.1309},\"duration\":5},{\"tweenEasing\":0,\"transform\":{\"y\":-228.7556,\"skX\":-90,\"skY\":-90,\"x\":387.653},\"duration\":3},{\"transform\":{\"y\":-285.9445,\"x\":484.5662},\"duration\":15}],\"name\":\"jba13\"},{\"frame\":[{\"tweenEasing\":0,\"transform\":{},\"duration\":15},{\"tweenEasing\":0,\"transform\":{},\"duration\":4},{\"tweenEasing\":0,\"transform\":{\"scY\":1.08,\"y\":-56.4225,\"skX\":90,\"skY\":90,\"scX\":1.08,\"x\":156.6395},\"duration\":3},{\"tweenEasing\":0,\"transform\":{\"scY\":1.14,\"y\":-98.7394,\"skX\":180,\"skY\":180,\"scX\":1.14,\"x\":274.1191},\"duration\":5},{\"tweenEasing\":0,\"transform\":{\"scY\":1.24,\"y\":-169.2676,\"skX\":-90,\"skY\":-90,\"scX\":1.24,\"x\":469.9184},\"duration\":3},{\"tweenEasing\":0,\"transform\":{\"scY\":1.3,\"y\":-211.5845,\"scX\":1.3,\"x\":587.398},\"duration\":1},{\"tweenEasing\":0,\"transform\":{},\"duration\":4},{\"tweenEasing\":0,\"transform\":{\"scY\":1.08,\"y\":-39.8328,\"skX\":90,\"skY\":90,\"scX\":1.08,\"x\":143.9533},\"duration\":3},{\"tweenEasing\":0,\"transform\":{\"scY\":1.14,\"y\":-69.7075,\"skX\":180,\"skY\":180,\"scX\":1.14,\"x\":251.9182},\"duration\":5},{\"tweenEasing\":0,\"transform\":{\"scY\":1.24,\"y\":-119.4985,\"skX\":-90,\"skY\":-90,\"scX\":1.24,\"x\":431.8598},\"duration\":3},{\"transform\":{\"scY\":1.3,\"y\":-149.3732,\"scX\":1.3,\"x\":539.8247},\"duration\":14}],\"name\":\"jba14\"},{\"frame\":[{\"tweenEasing\":0,\"transform\":{},\"duration\":16},{\"tweenEasing\":0,\"transform\":{},\"duration\":4},{\"tweenEasing\":0,\"transform\":{\"y\":-7.2146,\"skX\":90,\"skY\":90,\"x\":161.2016},\"duration\":3},{\"tweenEasing\":0,\"transform\":{\"y\":-12.6256,\"skX\":180,\"skY\":180,\"x\":282.1029},\"duration\":5},{\"tweenEasing\":0,\"transform\":{\"y\":-21.6439,\"skX\":-90,\"skY\":-90,\"x\":483.6049},\"duration\":3},{\"tweenEasing\":0,\"transform\":{\"y\":-27.0549,\"x\":604.5061},\"duration\":1},{\"tweenEasing\":0,\"transform\":{},\"duration\":4},{\"tweenEasing\":0,\"transform\":{\"scY\":1.0533,\"y\":7.1306,\"skX\":90,\"skY\":90,\"scX\":1.0533,\"x\":138.7324},\"duration\":3},{\"tweenEasing\":0,\"transform\":{\"scY\":1.0933,\"y\":12.4785,\"skX\":180,\"skY\":180,\"scX\":1.0933,\"x\":242.7817},\"duration\":5},{\"tweenEasing\":0,\"transform\":{\"scY\":1.16,\"y\":21.3917,\"skX\":-90,\"skY\":-90,\"scX\":1.16,\"x\":416.1972},\"duration\":3},{\"transform\":{\"scY\":1.2,\"y\":26.7396,\"scX\":1.2,\"x\":520.2465},\"duration\":13}],\"name\":\"jba15\"},{\"frame\":[{\"tweenEasing\":0,\"transform\":{},\"duration\":15},{\"tweenEasing\":0,\"transform\":{},\"duration\":4},{\"tweenEasing\":0,\"transform\":{\"scY\":1.08,\"y\":37.4799,\"skX\":90,\"skY\":90,\"scX\":1.08,\"x\":134.1214},\"duration\":3},{\"tweenEasing\":0,\"transform\":{\"scY\":1.14,\"y\":65.5898,\"skX\":180,\"skY\":180,\"scX\":1.14,\"x\":234.7125},\"duration\":5},{\"tweenEasing\":0,\"transform\":{\"scY\":1.24,\"y\":112.4397,\"skX\":-90,\"skY\":-90,\"scX\":1.24,\"x\":402.3643},\"duration\":3},{\"tweenEasing\":0,\"transform\":{\"scY\":1.3,\"y\":140.5496,\"scX\":1.3,\"x\":502.9554},\"duration\":1},{\"tweenEasing\":0,\"transform\":{},\"duration\":4},{\"tweenEasing\":0,\"transform\":{\"scY\":1.08,\"y\":42.8715,\"skX\":90,\"skY\":90,\"scX\":1.08,\"x\":117.0438},\"duration\":3},{\"tweenEasing\":0,\"transform\":{\"scY\":1.14,\"y\":75.0252,\"skX\":180,\"skY\":180,\"scX\":1.14,\"x\":204.8267},\"duration\":5},{\"tweenEasing\":0,\"transform\":{\"scY\":1.24,\"y\":128.6146,\"skX\":-90,\"skY\":-90,\"scX\":1.24,\"x\":351.1315},\"duration\":3},{\"transform\":{\"scY\":1.3,\"y\":160.7683,\"scX\":1.3,\"x\":438.9144},\"duration\":14}],\"name\":\"jba16\"}],\"slot\":[{\"frame\":[{\"tweenEasing\":0,\"color\":{\"aM\":0},\"duration\":18},{\"tweenEasing\":0,\"color\":{\"aM\":87},\"duration\":7},{\"tweenEasing\":0,\"duration\":8},{\"tweenEasing\":0,\"color\":{\"aM\":0},\"duration\":1},{\"tweenEasing\":0,\"color\":{\"aM\":0},\"duration\":7},{\"tweenEasing\":0,\"duration\":8},{\"tweenEasing\":null,\"color\":{\"aM\":0},\"duration\":11}],\"name\":\"jb1\"},{\"frame\":[{\"tweenEasing\":0,\"color\":{\"aM\":0},\"duration\":15},{\"tweenEasing\":0,\"color\":{\"aM\":87},\"duration\":7},{\"tweenEasing\":0,\"duration\":7},{\"tweenEasing\":0,\"color\":{\"aM\":0},\"duration\":1},{\"tweenEasing\":0,\"color\":{\"aM\":0},\"duration\":7},{\"tweenEasing\":0,\"duration\":7},{\"tweenEasing\":null,\"color\":{\"aM\":0},\"duration\":16}],\"name\":\"jb2\"},{\"frame\":[{\"tweenEasing\":0,\"color\":{\"aM\":0},\"duration\":15},{\"tweenEasing\":0,\"color\":{\"aM\":87},\"duration\":7},{\"tweenEasing\":0,\"duration\":8},{\"tweenEasing\":0,\"color\":{\"aM\":0},\"duration\":1},{\"tweenEasing\":0,\"color\":{\"aM\":0},\"duration\":7},{\"tweenEasing\":0,\"duration\":8},{\"tweenEasing\":null,\"color\":{\"aM\":0},\"duration\":14}],\"name\":\"jb3\"},{\"frame\":[{\"tweenEasing\":0,\"color\":{\"aM\":0},\"duration\":16},{\"tweenEasing\":0,\"color\":{\"aM\":87},\"duration\":7},{\"tweenEasing\":0,\"duration\":8},{\"tweenEasing\":0,\"color\":{\"aM\":0},\"duration\":1},{\"tweenEasing\":0,\"color\":{\"aM\":0},\"duration\":7},{\"tweenEasing\":0,\"duration\":8},{\"tweenEasing\":null,\"color\":{\"aM\":0},\"duration\":13}],\"name\":\"jb4\"},{\"frame\":[{\"tweenEasing\":0,\"color\":{\"aM\":0},\"duration\":15},{\"tweenEasing\":0,\"color\":{\"aM\":87},\"duration\":7},{\"tweenEasing\":0,\"duration\":8},{\"tweenEasing\":0,\"color\":{\"aM\":0},\"duration\":1},{\"tweenEasing\":0,\"color\":{\"aM\":0},\"duration\":7},{\"tweenEasing\":0,\"duration\":8},{\"tweenEasing\":null,\"color\":{\"aM\":0},\"duration\":14}],\"name\":\"jb5\"},{\"frame\":[{\"tweenEasing\":0,\"color\":{\"aM\":0},\"duration\":15},{\"tweenEasing\":0,\"color\":{\"aM\":87},\"duration\":7},{\"tweenEasing\":0,\"duration\":8},{\"tweenEasing\":0,\"color\":{\"aM\":0},\"duration\":1},{\"tweenEasing\":0,\"color\":{\"aM\":87},\"duration\":7},{\"tweenEasing\":0,\"duration\":8},{\"tweenEasing\":null,\"color\":{\"aM\":0},\"duration\":14}],\"name\":\"jb6\"},{\"frame\":[{\"tweenEasing\":0,\"color\":{\"aM\":0},\"duration\":18},{\"tweenEasing\":0,\"color\":{\"aM\":0},\"duration\":7},{\"tweenEasing\":0,\"duration\":8},{\"tweenEasing\":0,\"color\":{\"aM\":0},\"duration\":1},{\"tweenEasing\":0,\"color\":{\"aM\":0},\"duration\":7},{\"tweenEasing\":0,\"duration\":8},{\"tweenEasing\":null,\"color\":{\"aM\":0},\"duration\":11}],\"name\":\"jb7\"},{\"frame\":[{\"tweenEasing\":0,\"color\":{\"aM\":0},\"duration\":17},{\"tweenEasing\":0,\"color\":{\"aM\":87},\"duration\":7},{\"tweenEasing\":0,\"duration\":8},{\"tweenEasing\":0,\"color\":{\"aM\":0},\"duration\":1},{\"tweenEasing\":0,\"color\":{\"aM\":0},\"duration\":7},{\"tweenEasing\":0,\"duration\":8},{\"tweenEasing\":null,\"color\":{\"aM\":0},\"duration\":12}],\"name\":\"jb8\"},{\"frame\":[{\"tweenEasing\":0,\"color\":{\"aM\":0},\"duration\":15},{\"tweenEasing\":0,\"color\":{\"aM\":87},\"duration\":7},{\"tweenEasing\":0,\"duration\":8},{\"tweenEasing\":0,\"color\":{\"aM\":0},\"duration\":1},{\"tweenEasing\":0,\"color\":{\"aM\":0},\"duration\":7},{\"tweenEasing\":0,\"duration\":8},{\"tweenEasing\":null,\"color\":{\"aM\":0},\"duration\":14}],\"name\":\"jb9\"},{\"frame\":[{\"tweenEasing\":0,\"color\":{\"aM\":0},\"duration\":16},{\"tweenEasing\":0,\"color\":{\"aM\":87},\"duration\":8},{\"tweenEasing\":0,\"duration\":7},{\"tweenEasing\":0,\"color\":{\"aM\":0},\"duration\":1},{\"tweenEasing\":0,\"color\":{\"aM\":0},\"duration\":7},{\"tweenEasing\":0,\"duration\":8},{\"tweenEasing\":null,\"color\":{\"aM\":0},\"duration\":13}],\"name\":\"jb10\"},{\"frame\":[{\"tweenEasing\":0,\"color\":{\"aM\":0},\"duration\":21},{\"tweenEasing\":0,\"color\":{\"aM\":87},\"duration\":7},{\"tweenEasing\":0,\"duration\":8},{\"tweenEasing\":0,\"color\":{\"aM\":0},\"duration\":1},{\"tweenEasing\":0,\"color\":{\"aM\":0},\"duration\":7},{\"tweenEasing\":0,\"duration\":8},{\"tweenEasing\":null,\"color\":{\"aM\":0},\"duration\":8}],\"name\":\"jb11\"},{\"frame\":[{\"tweenEasing\":0,\"color\":{\"aM\":0},\"duration\":16},{\"tweenEasing\":0,\"color\":{\"aM\":87},\"duration\":7},{\"tweenEasing\":0,\"duration\":8},{\"tweenEasing\":0,\"color\":{\"aM\":0},\"duration\":1},{\"tweenEasing\":0,\"color\":{\"aM\":0},\"duration\":7},{\"tweenEasing\":0,\"duration\":8},{\"tweenEasing\":null,\"color\":{\"aM\":0},\"duration\":13}],\"name\":\"jb12\"},{\"frame\":[{\"tweenEasing\":0,\"color\":{\"aM\":0},\"duration\":14},{\"tweenEasing\":0,\"color\":{\"aM\":87},\"duration\":7},{\"tweenEasing\":0,\"duration\":8},{\"tweenEasing\":0,\"color\":{\"aM\":0},\"duration\":1},{\"tweenEasing\":0,\"color\":{\"aM\":0},\"duration\":7},{\"tweenEasing\":0,\"duration\":8},{\"tweenEasing\":null,\"color\":{\"aM\":0},\"duration\":15}],\"name\":\"jb13\"},{\"frame\":[{\"tweenEasing\":0,\"color\":{\"aM\":0},\"duration\":15},{\"tweenEasing\":0,\"color\":{\"aM\":87},\"duration\":7},{\"tweenEasing\":0,\"duration\":8},{\"tweenEasing\":0,\"color\":{\"aM\":0},\"duration\":1},{\"tweenEasing\":0,\"color\":{\"aM\":0},\"duration\":7},{\"tweenEasing\":0,\"duration\":8},{\"tweenEasing\":null,\"color\":{\"aM\":0},\"duration\":14}],\"name\":\"jb14\"},{\"frame\":[{\"tweenEasing\":0,\"color\":{\"aM\":0},\"duration\":16},{\"tweenEasing\":0,\"color\":{\"aM\":87},\"duration\":7},{\"tweenEasing\":0,\"duration\":8},{\"tweenEasing\":0,\"color\":{\"aM\":0},\"duration\":1},{\"tweenEasing\":0,\"color\":{\"aM\":0},\"duration\":7},{\"tweenEasing\":0,\"duration\":8},{\"tweenEasing\":null,\"color\":{\"aM\":0},\"duration\":13}],\"name\":\"jb15\"},{\"frame\":[{\"tweenEasing\":0,\"color\":{\"aM\":0},\"duration\":15},{\"tweenEasing\":0,\"color\":{\"aM\":87},\"duration\":7},{\"tweenEasing\":0,\"duration\":8},{\"tweenEasing\":0,\"color\":{\"aM\":0},\"duration\":1},{\"tweenEasing\":0,\"color\":{\"aM\":0},\"duration\":7},{\"tweenEasing\":0,\"duration\":8},{\"tweenEasing\":null,\"color\":{\"aM\":0},\"duration\":14}],\"name\":\"jb16\"},{\"frame\":[{\"tweenEasing\":0,\"color\":{\"aM\":0},\"duration\":15},{\"tweenEasing\":0,\"duration\":15},{\"tweenEasing\":0,\"color\":{\"aM\":80},\"duration\":15},{\"tweenEasing\":0,\"color\":{\"aM\":80},\"duration\":15},{\"tweenEasing\":null,\"color\":{\"aM\":0},\"duration\":0}],\"name\":\"gg01\"},{\"frame\":[{\"tweenEasing\":0,\"color\":{\"aM\":0},\"duration\":10},{\"tweenEasing\":0,\"color\":{\"aM\":0},\"duration\":15},{\"tweenEasing\":0,\"color\":{\"aM\":60},\"duration\":13},{\"tweenEasing\":0,\"color\":{\"aM\":60},\"duration\":14},{\"tweenEasing\":null,\"color\":{\"aM\":0},\"duration\":8}],\"name\":\"gg02\"},{\"frame\":[{\"tweenEasing\":0,\"color\":{\"aM\":0},\"duration\":5},{\"tweenEasing\":null,\"duration\":55}],\"name\":\"bg\"},{\"frame\":[{\"tweenEasing\":0,\"color\":{\"aM\":0},\"duration\":18},{\"tweenEasing\":0,\"color\":{\"aM\":87},\"duration\":7},{\"tweenEasing\":0,\"duration\":7},{\"tweenEasing\":0,\"color\":{\"aM\":0},\"duration\":1},{\"tweenEasing\":0,\"color\":{\"aM\":0},\"duration\":7},{\"tweenEasing\":0,\"duration\":7},{\"tweenEasing\":null,\"color\":{\"aM\":0},\"duration\":13}],\"name\":\"jb\"},{\"frame\":[{\"tweenEasing\":0,\"color\":{\"aM\":0},\"duration\":7},{\"tweenEasing\":0,\"color\":{\"aM\":0},\"duration\":3},{\"tweenEasing\":null,\"duration\":50}],\"name\":\"麦子1\"},{\"frame\":[{\"tweenEasing\":0,\"color\":{\"aM\":0},\"duration\":7},{\"tweenEasing\":0,\"color\":{\"aM\":0},\"duration\":3},{\"tweenEasing\":null,\"duration\":50}],\"name\":\"麦子\"},{\"frame\":[{\"tweenEasing\":0,\"color\":{\"aM\":0},\"duration\":7},{\"tweenEasing\":0,\"color\":{\"aM\":0},\"duration\":3},{\"tweenEasing\":null,\"duration\":50}],\"name\":\"laba2\"},{\"frame\":[{\"tweenEasing\":0,\"color\":{\"aM\":0},\"duration\":7},{\"tweenEasing\":0,\"color\":{\"aM\":0},\"duration\":3},{\"tweenEasing\":null,\"duration\":50}],\"name\":\"laba4\"},{\"frame\":[{\"tweenEasing\":0,\"color\":{\"aM\":0},\"duration\":7},{\"tweenEasing\":0,\"color\":{\"aM\":0},\"duration\":3},{\"tweenEasing\":null,\"duration\":50}],\"name\":\"laba3\"},{\"frame\":[{\"tweenEasing\":0,\"color\":{\"aM\":0},\"duration\":7},{\"tweenEasing\":0,\"color\":{\"aM\":0},\"duration\":3},{\"tweenEasing\":null,\"duration\":50}],\"name\":\"laba1\"},{\"frame\":[{\"tweenEasing\":0,\"color\":{\"aM\":0},\"duration\":5},{\"tweenEasing\":null,\"duration\":55}],\"name\":\"圆柱\"},{\"frame\":[{\"tweenEasing\":0,\"color\":{\"aM\":0},\"duration\":5},{\"tweenEasing\":null,\"duration\":55}],\"name\":\"HUGE\"},{\"frame\":[{\"tweenEasing\":0,\"color\":{\"aM\":0},\"duration\":5},{\"tweenEasing\":null,\"duration\":55}],\"name\":\"WIN\"}],\"ffd\":[],\"frame\":[],\"name\":\"newAnimation\",\"duration\":60,\"ik\":[]}],\"type\":\"Armature\",\"frameRate\":24,\"aabb\":{\"width\":690.3290243607605,\"y\":-199.43844467224065,\"height\":418.4273234789878,\"x\":-326.5},\"skin\":[{\"slot\":[{\"display\":[{\"path\":\"hugewin/jb\",\"type\":\"image\",\"name\":\"hugewin/jb\",\"transform\":{\"y\":4.3,\"x\":-0.15}}],\"name\":\"jb10\"},{\"display\":[{\"path\":\"hugewin/jb\",\"type\":\"image\",\"name\":\"hugewin/jb\",\"transform\":{\"y\":4.3,\"x\":-0.15}}],\"name\":\"jb7\"},{\"display\":[{\"path\":\"hugewin/HUGE\",\"type\":\"image\",\"name\":\"hugewin/HUGE\",\"transform\":{\"y\":-38,\"x\":18.5}}],\"name\":\"HUGE\"},{\"display\":[{\"path\":\"hugewin/jb\",\"type\":\"image\",\"name\":\"hugewin/jb\",\"transform\":{\"y\":4.3,\"x\":-0.15}}],\"name\":\"jb1\"},{\"display\":[{\"path\":\"hugewin/圆柱\",\"type\":\"image\",\"name\":\"hugewin/圆柱\",\"transform\":{\"y\":-19.5,\"x\":10}}],\"name\":\"圆柱\"},{\"display\":[{\"path\":\"hugewin/jb\",\"type\":\"image\",\"name\":\"hugewin/jb\",\"transform\":{\"y\":4.3,\"x\":-0.15}}],\"name\":\"jb15\"},{\"display\":[{\"path\":\"hugewin/WIN\",\"type\":\"image\",\"name\":\"hugewin/WIN\",\"transform\":{\"y\":-33,\"x\":13.5}}],\"name\":\"WIN\"},{\"display\":[{\"path\":\"hugewin/jb\",\"type\":\"image\",\"name\":\"hugewin/jb\",\"transform\":{\"y\":4.3,\"x\":-0.15}}],\"name\":\"jb\"},{\"display\":[{\"path\":\"hugewin/laba3\",\"type\":\"image\",\"name\":\"hugewin/laba3\",\"transform\":{\"y\":-8,\"x\":29}}],\"name\":\"laba3\"},{\"display\":[{\"path\":\"hugewin/jb\",\"type\":\"image\",\"name\":\"hugewin/jb\",\"transform\":{\"y\":4.3,\"x\":-0.15}}],\"name\":\"jb5\"},{\"display\":[{\"path\":\"hugewin/jb\",\"type\":\"image\",\"name\":\"hugewin/jb\",\"transform\":{\"y\":4.3,\"x\":-0.15}}],\"name\":\"jb6\"},{\"display\":[{\"path\":\"hugewin/jb\",\"type\":\"image\",\"name\":\"hugewin/jb\",\"transform\":{\"y\":4.3,\"x\":-0.15}}],\"name\":\"jb16\"},{\"display\":[{\"path\":\"hugewin/麦子\",\"type\":\"image\",\"name\":\"hugewin/麦子\",\"transform\":{\"y\":-48,\"x\":-39.05}}],\"name\":\"麦子1\"},{\"display\":[{\"path\":\"hugewin/laba1\",\"type\":\"image\",\"name\":\"hugewin/laba1\",\"transform\":{\"y\":-10,\"x\":-27}}],\"name\":\"laba1\"},{\"display\":[{\"path\":\"hugewin/gg01\",\"type\":\"image\",\"name\":\"hugewin/gg01\",\"transform\":{\"y\":2.5057,\"x\":-0.05}}],\"name\":\"gg01\"},{\"display\":[{\"path\":\"hugewin/jb\",\"type\":\"image\",\"name\":\"hugewin/jb\",\"transform\":{\"y\":4.3,\"x\":-0.15}}],\"name\":\"jb9\"},{\"display\":[{\"path\":\"hugewin/jb\",\"type\":\"image\",\"name\":\"hugewin/jb\",\"transform\":{\"y\":4.3,\"x\":-0.15}}],\"name\":\"jb8\"},{\"display\":[{\"path\":\"hugewin/jb\",\"type\":\"image\",\"name\":\"hugewin/jb\",\"transform\":{\"y\":4.3,\"x\":-0.15}}],\"name\":\"jb4\"},{\"display\":[{\"path\":\"hugewin/jb\",\"type\":\"image\",\"name\":\"hugewin/jb\",\"transform\":{\"y\":4.3,\"x\":-0.15}}],\"name\":\"jb12\"},{\"display\":[{\"path\":\"hugewin/laba4\",\"type\":\"image\",\"name\":\"hugewin/laba4\",\"transform\":{\"y\":19,\"skX\":180,\"skY\":180,\"x\":-14.033}}],\"name\":\"laba4\"},{\"display\":[{\"path\":\"hugewin/jb\",\"type\":\"image\",\"name\":\"hugewin/jb\",\"transform\":{\"y\":4.3,\"x\":-0.15}}],\"name\":\"jb14\"},{\"display\":[{\"path\":\"hugewin/gg02\",\"type\":\"image\",\"name\":\"hugewin/gg02\",\"transform\":{\"y\":15.4241,\"x\":-7.4334}}],\"blendMode\":\"add\",\"name\":\"gg02\"},{\"display\":[{\"path\":\"hugewin/jb\",\"type\":\"image\",\"name\":\"hugewin/jb\",\"transform\":{\"y\":4.3,\"x\":-0.15}}],\"name\":\"jb11\"},{\"display\":[{\"path\":\"hugewin/麦子\",\"type\":\"image\",\"name\":\"hugewin/麦子\",\"transform\":{\"y\":-48,\"x\":-39.05}}],\"name\":\"麦子\"},{\"display\":[{\"path\":\"hugewin/bg\",\"type\":\"image\",\"name\":\"hugewin/bg\",\"transform\":{\"y\":-14.95,\"x\":4.05}}],\"name\":\"bg\"},{\"display\":[{\"path\":\"hugewin/jb\",\"type\":\"image\",\"name\":\"hugewin/jb\",\"transform\":{\"y\":4.3,\"x\":-0.15}}],\"name\":\"jb2\"},{\"display\":[{\"path\":\"hugewin/jb\",\"type\":\"image\",\"name\":\"hugewin/jb\",\"transform\":{\"y\":4.3,\"x\":-0.15}}],\"name\":\"jb3\"},{\"display\":[{\"path\":\"hugewin/laba2\",\"type\":\"image\",\"name\":\"hugewin/laba2\",\"transform\":{\"y\":-19,\"x\":-22}}],\"name\":\"laba2\"},{\"display\":[{\"path\":\"hugewin/jb\",\"type\":\"image\",\"name\":\"hugewin/jb\",\"transform\":{\"y\":4.3,\"x\":-0.15}}],\"name\":\"jb13\"}],\"name\":\"\"}],\"defaultActions\":[{\"gotoAndPlay\":\"newAnimation\"}],\"ik\":[],\"name\":\"Armature\",\"slot\":[{\"name\":\"jb1\",\"parent\":\"jba1\",\"color\":{}},{\"z\":1,\"name\":\"jb2\",\"parent\":\"jba2\",\"color\":{}},{\"z\":2,\"name\":\"jb3\",\"parent\":\"jba3\",\"color\":{}},{\"z\":3,\"name\":\"jb4\",\"parent\":\"jba4\",\"color\":{}},{\"z\":4,\"name\":\"jb5\",\"parent\":\"jba5\",\"color\":{}},{\"z\":5,\"name\":\"jb6\",\"parent\":\"jba6\",\"color\":{}},{\"z\":6,\"name\":\"jb7\",\"parent\":\"jba7\",\"color\":{}},{\"z\":7,\"name\":\"jb8\",\"parent\":\"jba8\",\"color\":{}},{\"z\":8,\"name\":\"jb9\",\"parent\":\"jba9\",\"color\":{}},{\"z\":9,\"name\":\"jb10\",\"parent\":\"jba10\",\"color\":{}},{\"z\":10,\"name\":\"jb11\",\"parent\":\"jba11\",\"color\":{}},{\"z\":11,\"name\":\"jb12\",\"parent\":\"jba12\",\"color\":{}},{\"z\":12,\"name\":\"jb13\",\"parent\":\"jba13\",\"color\":{}},{\"z\":13,\"name\":\"jb14\",\"parent\":\"jba14\",\"color\":{}},{\"z\":14,\"name\":\"jb15\",\"parent\":\"jba15\",\"color\":{}},{\"z\":15,\"name\":\"jb16\",\"parent\":\"jba16\",\"color\":{}},{\"z\":16,\"name\":\"gg01\",\"parent\":\"g1\",\"color\":{}},{\"z\":17,\"name\":\"bg\",\"parent\":\"bg\",\"color\":{}},{\"z\":18,\"name\":\"jb\",\"parent\":\"jba\",\"color\":{}},{\"z\":19,\"name\":\"麦子1\",\"parent\":\"bone41\",\"color\":{}},{\"z\":20,\"name\":\"麦子\",\"parent\":\"bone4\",\"color\":{}},{\"z\":21,\"name\":\"laba2\",\"parent\":\"bone1\",\"color\":{}},{\"z\":22,\"name\":\"laba4\",\"parent\":\"bone2\",\"color\":{}},{\"z\":23,\"name\":\"laba3\",\"parent\":\"bone3\",\"color\":{}},{\"z\":24,\"name\":\"laba1\",\"parent\":\"bone\",\"color\":{}},{\"z\":25,\"name\":\"圆柱\",\"parent\":\"yuan\",\"color\":{}},{\"z\":26,\"name\":\"HUGE\",\"parent\":\"huge\",\"color\":{}},{\"z\":27,\"name\":\"WIN\",\"parent\":\"win\",\"color\":{}},{\"blendMode\":\"add\",\"z\":28,\"parent\":\"g2\",\"name\":\"gg02\",\"color\":{}}]}],\"name\":\"soltwin\",\"version\":\"4.0\"}"]],0,0,[],[],[]]]]