[1,["ecpdLyjvZBwrvm+cedCcQy","a2MjXRFdtLlYQ5ouAFv/+R","02gb3T0mhHpZ6Pp4fRrKan","badN1P2PtEA4fJd9KadG6a","57QYru8m5Em6BukN/x9uA+","51daZ/bQdGD5AGgGlwNBNk","3arAMBFDlEP78iuni+PqqJ","1c9KzO5hFL9pkACzvw601Q","0713xFwbRFGqZ/rUHptudk","6eyQ16OWhPpa5aur4fgF/N","bc69R1Uy5KwZ9KDx8aYRfc","d2Gg6VAIhO0Ka551UbjZSs"],["node","_spriteFrame","_N$file","root","data","_parent","_file","_N$dragonAsset","_N$dragonAtlasAsset"],[["cc.Node",["_name","_active","_opacity","_prefab","_parent","_children","_components","_trs","_contentSize","_color"],0,4,1,2,9,7,5,5],["cc.Widget",["_alignFlags","_originalWidth","_originalHeight","node"],0,1],["cc.PrefabInfo",["fileId","root"],2,1],["cc.Sprite",["_sizeMode","node","_materials","_spriteFrame"],2,1,3,6],["cc.Label",["_fontSize","_isSystemFontUsed","_N$horizontalAlign","_N$verticalAlign","_string","node","_materials","_N$file"],-2,1,3,6],["dragonBones.DragonBonesAsset",["_name","_dragonBonesJson"],1],["cc.Prefab",["_name"],2],["cc.BlockInputEvents",["node"],3,1],["cc.Button",["zoomScale","_N$transition","node"],1,1],["cc.ParticleSystem",["_custom","_stopped","playOnLoad","totalParticles","duration","emissionRate","life","lifeVar","angleVar","startSize","startSizeVar","endSize","startSpinVar","endSpin","_positionType","speed","speedVar","tangentialAccel","tangentialAccelVar","radialAccel","node","_materials","_startColor","_startColorVar","_endColor","_endColorVar","gravity","_file","_spriteFrame"],-17,1,3,8,8,8,8,5,6,6],["dragonBones.ArmatureDisplay",["_armatureName","_preCacheMode","_armatureKey","node","_materials","_N$dragonAsset","_N$dragonAtlasAsset"],0,1,3,6,6]],[[2,0,1,2],[0,0,4,6,3,8,7,2],[3,1,2,3,1],[0,0,1,5,6,3,8,7,3],[4,0,1,2,3,5,6,7,5],[5,0,1,3],[6,0,2],[0,0,4,5,3,2],[0,0,2,4,6,3,9,8,3],[0,0,4,5,3,7,2],[0,0,1,4,5,3,7,3],[0,0,4,5,6,3,8,7,2],[0,0,4,6,3,2],[1,0,3,2],[1,0,1,2,3,4],[2,1,1],[3,0,1,2,3,2],[7,0,1],[8,0,1,2,3],[9,0,1,2,3,4,5,6,7,8,9,10,11,12,13,14,15,16,17,18,19,20,21,22,23,24,25,26,27,28,21],[10,0,1,2,3,4,5,6,4],[4,4,0,1,2,3,5,6,7,6]],[[[[5,"megwin_ske","{\"frameRate\":24,\"isGlobal\":0,\"armature\":[{\"aabb\":{\"width\":1174,\"y\":-364,\"height\":612,\"x\":-587},\"ik\":[],\"type\":\"Armature\",\"bone\":[{\"name\":\"root\",\"transform\":{}},{\"length\":64,\"transform\":{\"y\":-314.2,\"skX\":88.4902,\"skY\":88.4902,\"x\":-3.4},\"parent\":\"root\",\"name\":\"图层_824\"},{\"length\":144,\"transform\":{\"y\":-98.5,\"skX\":90,\"skY\":90,\"x\":-5.1},\"parent\":\"root\",\"name\":\"图层_822\"},{\"length\":164,\"transform\":{\"y\":62.8,\"skX\":88.8177,\"skY\":88.8177,\"x\":-1.7},\"parent\":\"root\",\"name\":\"矩形_509_拷贝\"},{\"length\":122,\"transform\":{\"y\":-212.3,\"skX\":90,\"skY\":90,\"x\":-6.8},\"parent\":\"root\",\"name\":\"组_69_拷贝_2\"},{\"length\":61,\"transform\":{\"y\":-241.2,\"skX\":90,\"skY\":90,\"x\":-1.7},\"parent\":\"root\",\"name\":\"图层_819_拷贝\"},{\"length\":122,\"transform\":{\"y\":-212.3,\"skX\":90,\"skY\":90,\"x\":-6.8},\"parent\":\"root\",\"name\":\"组_69_拷贝_21\"}],\"defaultActions\":[{\"gotoAndPlay\":\"newAnimation\"}],\"slot\":[{\"color\":{},\"name\":\"图层_824\",\"parent\":\"图层_824\"},{\"z\":1,\"color\":{},\"name\":\"图层_822\",\"parent\":\"图层_822\"},{\"z\":2,\"color\":{},\"name\":\"矩形_509_拷贝\",\"parent\":\"矩形_509_拷贝\"},{\"z\":3,\"color\":{},\"name\":\"图层_819_拷贝\",\"parent\":\"图层_819_拷贝\"},{\"z\":4,\"color\":{},\"name\":\"组_69_拷贝_2\",\"parent\":\"组_69_拷贝_2\"},{\"blendMode\":\"add\",\"z\":5,\"color\":{},\"name\":\"组_69_拷贝_21\",\"parent\":\"组_69_拷贝_21\"}],\"animation\":[{\"duration\":42,\"frame\":[],\"bone\":[{\"frame\":[{\"duration\":42,\"transform\":{}}],\"name\":\"root\"},{\"frame\":[{\"duration\":32,\"transform\":{\"y\":-276.5631},\"tweenEasing\":0},{\"duration\":3,\"transform\":{\"y\":-69.0651},\"tweenEasing\":0},{\"duration\":3,\"transform\":{\"y\":20.4363},\"tweenEasing\":0},{\"duration\":4,\"transform\":{\"y\":1.9442},\"tweenEasing\":0},{\"duration\":0,\"transform\":{\"y\":-3.2731}}],\"name\":\"图层_824\"},{\"frame\":[{\"duration\":24,\"transform\":{\"scY\":0.15},\"tweenEasing\":0},{\"duration\":3,\"transform\":{\"scY\":0.15},\"tweenEasing\":0},{\"duration\":9,\"transform\":{\"scY\":0.15},\"tweenEasing\":0},{\"duration\":6,\"transform\":{}}],\"name\":\"图层_822\"},{\"frame\":[{\"duration\":10,\"transform\":{\"y\":-433.2401},\"tweenEasing\":0},{\"duration\":32,\"transform\":{\"y\":3.24}}],\"name\":\"矩形_509_拷贝\"},{\"frame\":[{\"duration\":11,\"transform\":{\"scX\":1.95,\"scY\":1.95},\"tweenEasing\":0},{\"duration\":3,\"transform\":{\"scX\":0.9,\"scY\":0.9},\"tweenEasing\":0},{\"duration\":6,\"transform\":{},\"tweenEasing\":0},{\"duration\":22,\"transform\":{}}],\"name\":\"组_69_拷贝_2\"},{\"frame\":[{\"duration\":9,\"transform\":{\"y\":-270.0408},\"tweenEasing\":0},{\"duration\":4,\"transform\":{\"y\":40.8458},\"tweenEasing\":0},{\"duration\":7,\"transform\":{\"y\":10.2751},\"tweenEasing\":0},{\"duration\":22,\"transform\":{\"y\":10.2751}}],\"name\":\"图层_819_拷贝\"},{\"frame\":[{\"duration\":11,\"transform\":{\"scX\":1.95,\"scY\":1.95},\"tweenEasing\":0},{\"duration\":3,\"transform\":{\"scX\":0.9,\"scY\":0.9},\"tweenEasing\":0},{\"duration\":6,\"transform\":{},\"tweenEasing\":0},{\"duration\":22,\"transform\":{}}],\"name\":\"组_69_拷贝_21\"}],\"slot\":[{\"frame\":[{\"tweenEasing\":0,\"duration\":32,\"color\":{\"aM\":0}},{\"tweenEasing\":0,\"duration\":3,\"color\":{\"aM\":0}},{\"tweenEasing\":0,\"duration\":6},{\"tweenEasing\":0,\"duration\":1},{\"tweenEasing\":null,\"duration\":0}],\"name\":\"图层_824\"},{\"frame\":[{\"tweenEasing\":0,\"duration\":24,\"color\":{\"aM\":0}},{\"tweenEasing\":0,\"duration\":12,\"color\":{\"aM\":0}},{\"tweenEasing\":0,\"duration\":6},{\"tweenEasing\":null,\"duration\":0}],\"name\":\"图层_822\"},{\"frame\":[{\"tweenEasing\":0,\"duration\":10,\"color\":{\"aM\":0}},{\"tweenEasing\":0,\"duration\":8},{\"tweenEasing\":null,\"duration\":24}],\"name\":\"矩形_509_拷贝\"},{\"frame\":[{\"tweenEasing\":0,\"duration\":9,\"color\":{\"aM\":0}},{\"tweenEasing\":null,\"duration\":33}],\"name\":\"图层_819_拷贝\"},{\"frame\":[{\"tweenEasing\":0,\"duration\":11,\"color\":{\"aM\":0}},{\"tweenEasing\":null,\"duration\":31}],\"name\":\"组_69_拷贝_2\"},{\"frame\":[{\"tweenEasing\":0,\"duration\":9,\"color\":{\"aM\":0}},{\"tweenEasing\":0,\"duration\":2,\"color\":{\"aM\":0}},{\"tweenEasing\":0,\"duration\":9},{\"tweenEasing\":null,\"duration\":22,\"color\":{\"aM\":0}}],\"name\":\"组_69_拷贝_21\"}],\"ffd\":[],\"ik\":[],\"playTimes\":0,\"name\":\"newAnimation\"}],\"frameRate\":24,\"name\":\"Armature\",\"skin\":[{\"name\":\"\",\"slot\":[{\"display\":[{\"path\":\"megawin/组_69_拷贝_2\",\"type\":\"image\",\"name\":\"megawin/组_69_拷贝_2\",\"transform\":{\"y\":-6.8,\"skX\":-90,\"skY\":-90,\"x\":57.3}}],\"name\":\"组_69_拷贝_2\"},{\"display\":[{\"path\":\"megawin/图层_824\",\"type\":\"image\",\"name\":\"megawin/图层_824\",\"transform\":{\"y\":-3.1688,\"skX\":-88.4902,\"skY\":-88.4902,\"x\":27.7931}}],\"name\":\"图层_824\"},{\"display\":[{\"path\":\"megawin/图层_822\",\"type\":\"image\",\"name\":\"megawin/图层_822\",\"transform\":{\"y\":-5.1,\"skX\":-90,\"skY\":-90,\"x\":19.5}}],\"name\":\"图层_822\"},{\"display\":[{\"path\":\"megawin/矩形_509_拷贝\",\"type\":\"image\",\"name\":\"megawin/矩形_509_拷贝\",\"transform\":{\"y\":-1.4376,\"skX\":-88.8177,\"skY\":-88.8177,\"x\":12.7324}}],\"name\":\"矩形_509_拷贝\"},{\"display\":[{\"path\":\"megawin/组_69_拷贝_2\",\"type\":\"image\",\"name\":\"megawin/组_69_拷贝_2\",\"transform\":{\"y\":-6.8,\"skX\":-90,\"skY\":-90,\"x\":57.3}}],\"blendMode\":\"add\",\"name\":\"组_69_拷贝_21\"},{\"display\":[{\"path\":\"megawin/图层_819_拷贝\",\"type\":\"image\",\"name\":\"megawin/图层_819_拷贝\",\"transform\":{\"y\":-1.7,\"skX\":-90,\"skY\":-90,\"x\":41.7}}],\"name\":\"图层_819_拷贝\"}]}]}],\"name\":\"megwin\",\"version\":\"5.0\"}"]],0,0,[],[],[]],[[[6,"megaWinNode"],[3,"megaWinNode",false,[-3,-4],[[13,45,-2]],[15,-1],[5,1520,720],[760,360,0,0,0,0,1,1,1,1]],[7,"node",1,[-5,-6,-7,-8],[0,"fbWY6g5ThB65j82FWgQSjW",1]],[8,"bg",160,1,[[16,0,-9,[0],1],[14,45,100,100,-10],[17,-11]],[0,"16Dbpt6pZEqq3pythWBfql",1],[4,4278190080],[5,1520,720]],[3,"WinCloseBtn",false,[-14],[[2,-12,[10],11],[18,1.1,3,-13]],[0,"acFMb22ndIuq2qZX3SokKN",1],[5,226,74],[22,-240,0,0,0,0,1,1,1,0]],[9,"winConten",2,[4,-15],[0,"b9/d/fd+dNvJcJDorb5BHb",1],[0,-21,0,0,0,0,1,1,1,1]],[10,"luckyBall",false,2,[-16,-17],[0,"08OBw9Su5I356dzLbjv4Pj",1],[22,-262,0,0,0,0,1,1,1,1]],[11,"luckbtn",6,[-19],[[2,-18,[16],17]],[0,"51Vp2c7z1FTInrVoedCd+9",1],[5,245,88],[150,0,0,0,0,0,1,1,1,1]],[12,"particle",2,[[19,true,false,false,55,25,22,2,0.25,60,56,30,-1,720,360,1,540,20,12,12,6,-20,[2],[4,4294967295],[4,0],[4,4294967295],[4,0],[0,2,-450],3,4]],[0,"5dXLc6bG9NSJSVIii2rblV",1]],[1,"win",2,[[20,"Armature",0,"57418aee-f26e-449b-a06e-90dff1f6e03e#5175a67f-6d07-460f-9006-806970341364",-21,[5],6,7]],[0,"629X+v7JFJ/6m+WbeIbB/B",1],[5,1174,612],[22,-26,0,0,0,0,1,1,1,1]],[1,"WinTimeLabel",4,[[21,"10",28,false,1,1,-22,[8],9]],[0,"a6UzQapMpBeaNmrEe/457e",1],[5,33.25,40],[57.197,25.608,0,0,0,0,1,1,1,1]],[1,"WinLabel",5,[[4,28,false,1,1,-23,[12],13]],[0,"73LzSwOIFE0Lu4czomb3g/",1],[5,35,40],[22,-79.368,0,0,0,0,1,1,1,1]],[1,"timeLab",7,[[4,25,false,1,1,-24,[14],15]],[0,"a8htcGsclOarocU6yvEon0",1],[5,16.41,40],[82,-5,0,0,0,0,1,1,1,1]],[1,"closebtn",6,[[2,-25,[18],19]],[0,"beacL2RSpAVIRBeu+ZOyU8",1],[5,227,86],[-150,0,0,0,0,0,1,1,1,1]]],0,[0,3,1,0,0,1,0,-1,3,0,-2,2,0,-1,8,0,-2,9,0,-3,5,0,-4,6,0,0,3,0,0,3,0,0,3,0,0,4,0,0,4,0,-1,10,0,-2,11,0,-1,7,0,-2,13,0,0,7,0,-1,12,0,0,8,0,0,9,0,0,10,0,0,11,0,0,12,0,0,13,0,4,1,4,5,5,25],[0,0,0,0,0,0,0,0,0,0,0,0,0,0,0,0,0,0,0,0],[-1,1,-1,6,1,-1,7,8,-1,2,-1,1,-1,2,-1,2,-1,1,-1,1],[0,1,0,2,3,0,4,5,0,6,0,7,0,8,0,9,0,10,0,11]]]]