[1,["66MnZH/pRL55GicotC8cPK","99RalKUDJK67N1t7HxtHlZ","e1Za3QfTBMQ7Rx5bi4RBAj","71pQB6A4pKU6Tqs8Nn9iPj","7eAKd1WQlP2bya+F1HvqE6","b2H8m2Bz5PHYAKBgfu3Rff","bcqFP4c5BDPbwEJTVJYPFT","81jZLpvLxKvJk9eM6hBGgq","22lrT/SxdDqaS4UunSbWC7","9dWnhpssFJK7X+Lt+AzrMz","8aADgc4klJ2rbiZ1qTXDeY","6djUo09RFKi6A7EteynHzP","1cdUv3h6BF4bu3WZpBkKcb","4cqacZYdBBiZsumGNicMTS","a6tKohze5L+a1xqcH/SHy1","1aAFK8jMBPqJS0Z/r8dE0l","6c11yitIxGfrCo7Zl98Iv4","a3p3hCOgJK/IVl0UEWLXEy","c1Yv+zFwFLGaOcFrBXCjCJ","f62OjxsT1GxKx8u8e0gbsw","0fTns0kwBDU6Ir/xqWRKLf","dfsDnjcTRInLkw6HW/cMU3"],["_textureSetter","11_00000","11_00001","11_00002","11_00003","11_00004","11_00005","11_00006","11_00007","11_00008","11_00009","11_00010","11_00011","11_00012","11_00013","11_00014","11_00015","11_00016","11_00017","11_00018","11_00019","11_00020"],["cc.SpriteFrame",["cc.SpriteAtlas",["_name","_spriteFrames"],2,11]],[[1,0,1,2]],[[[{"name":"11_00019","rect":[2,304,300,300],"offset":[0,0],"originalSize":[300,300],"capInsets":[0,0,0,0]}],[0],0,[0],[0],[0]],[[{"name":"11_00014","rect":[304,2,300,300],"offset":[0,0],"originalSize":[300,300],"capInsets":[0,0,0,0]}],[0],0,[0],[0],[0]],[[{"name":"11_00011","rect":[1210,2,300,300],"offset":[0,0],"originalSize":[300,300],"capInsets":[0,0,0,0]}],[0],0,[0],[0],[0]],[[{"name":"11_00007","rect":[304,908,300,300],"offset":[0,0],"originalSize":[300,300],"capInsets":[0,0,0,0]}],[0],0,[0],[0],[0]],[[{"name":"11_00012","rect":[908,2,300,300],"offset":[0,0],"originalSize":[300,300],"capInsets":[0,0,0,0]}],[0],0,[0],[0],[0]],[[[0,"winAnimate.plist",[{},"11_00000",6,0,"11_00001",6,1,"11_00002",6,2,"11_00003",6,3,"11_00004",6,4,"11_00005",6,5,"11_00006",6,6,"11_00007",6,7,"11_00008",6,8,"11_00009",6,9,"11_00010",6,10,"11_00011",6,11,"11_00012",6,12,"11_00013",6,13,"11_00014",6,14,"11_00015",6,15,"11_00016",6,16,"11_00017",6,17,"11_00018",6,18,"11_00019",6,19,"11_00020",6,20]]],0,0,[0,0,0,0,0,0,0,0,0,0,0,0,0,0,0,0,0,0,0,0,0],[1,2,3,4,5,6,7,8,9,10,11,12,13,14,15,16,17,18,19,20,21],[1,2,3,4,5,6,7,8,9,10,11,12,13,14,15,16,17,18,19,20,21]],[[{"name":"11_00015","rect":[2,1512,300,300],"offset":[0,0],"originalSize":[300,300],"capInsets":[0,0,0,0]}],[0],0,[0],[0],[0]],[[{"name":"11_00010","rect":[1512,2,300,300],"offset":[0,0],"originalSize":[300,300],"capInsets":[0,0,0,0]}],[0],0,[0],[0],[0]],[[{"name":"11_00002","rect":[1210,304,300,300],"offset":[0,0],"originalSize":[300,300],"capInsets":[0,0,0,0]}],[0],0,[0],[0],[0]],[[{"name":"11_00003","rect":[908,304,300,300],"offset":[0,0],"originalSize":[300,300],"capInsets":[0,0,0,0]}],[0],0,[0],[0],[0]],[[{"name":"11_00006","rect":[304,1210,300,300],"offset":[0,0],"originalSize":[300,300],"capInsets":[0,0,0,0]}],[0],0,[0],[0],[0]],[[{"name":"11_00009","rect":[304,304,300,300],"offset":[0,0],"originalSize":[300,300],"capInsets":[0,0,0,0]}],[0],0,[0],[0],[0]],[[{"name":"11_00008","rect":[304,606,300,300],"offset":[0,0],"originalSize":[300,300],"capInsets":[0,0,0,0]}],[0],0,[0],[0],[0]],[[{"name":"11_00016","rect":[2,1210,300,300],"offset":[0,0],"originalSize":[300,300],"capInsets":[0,0,0,0]}],[0],0,[0],[0],[0]],[[{"name":"11_00013","rect":[606,2,300,300],"offset":[0,0],"originalSize":[300,300],"capInsets":[0,0,0,0]}],[0],0,[0],[0],[0]],[[{"name":"11_00004","rect":[606,304,300,300],"offset":[0,0],"originalSize":[300,300],"capInsets":[0,0,0,0]}],[0],0,[0],[0],[0]],[[{"name":"11_00005","rect":[304,1512,300,300],"offset":[0,0],"originalSize":[300,300],"capInsets":[0,0,0,0]}],[0],0,[0],[0],[0]],[[{"name":"11_00017","rect":[2,908,300,300],"offset":[0,0],"originalSize":[300,300],"capInsets":[0,0,0,0]}],[0],0,[0],[0],[0]],[[{"name":"11_00020","rect":[2,2,300,300],"offset":[0,0],"originalSize":[300,300],"capInsets":[0,0,0,0]}],[0],0,[0],[0],[0]],[[{"name":"11_00001","rect":[1512,304,300,300],"offset":[0,0],"originalSize":[300,300],"capInsets":[0,0,0,0]}],[0],0,[0],[0],[0]],[[{"name":"11_00018","rect":[2,606,300,300],"offset":[0,0],"originalSize":[300,300],"capInsets":[0,0,0,0]}],[0],0,[0],[0],[0]]]]