[1,["cdOC9ey1lEp7QtIoabMl3Z"],["_texture"],[["dragonBones.DragonBonesAtlasAsset",["_name","_atlasJson"],1]],[[0,0,1,3]],[[0,"Jackpot-sg1_tex","{\"width\":1024,\"imagePath\":\"Jackpot-sg1_tex.png\",\"height\":1024,\"name\":\"Jackpot-sg1\",\"SubTexture\":[{\"width\":480,\"y\":1,\"height\":479,\"name\":\"jackpot-sg1/图层-3\",\"x\":1},{\"width\":697,\"y\":482,\"height\":261,\"name\":\"jackpot-sg1/jpot\",\"x\":1},{\"width\":681,\"y\":745,\"height\":156,\"name\":\"jackpot-sg1/kkk\",\"x\":1},{\"width\":133,\"y\":903,\"height\":119,\"name\":\"jackpot-sg1/jbjb\",\"x\":1},{\"width\":218,\"y\":745,\"height\":248,\"name\":\"jackpot-sg1/ggg\",\"x\":684}]}"]],0,0,[0],[0],[0]]