{"paths":{"1":["test_temp/SlotsWinTestPopup",0]},"types":["cc.Prefab"],"uuids":["ed0hW5J5ZKBar1gflskoHO","f2Cl4Eo4FNWbUgU592q4oP","29FYIk+N1GYaeWH/q1NxQO","a2MjXRFdtLlYQ5ouAFv/+R","e97GVMl6JHh5Ml5qEDdSGa","ecpdLyjvZBwrvm+cedCcQy","f0BIwQ8D5Ml7nTNQbh1YlS","ffDpHHVcZAhqOfy25Fe4w7"],"scenes":{},"redirect":[2,0,3,1,4,0,5,2,6,0],"deps":["main","resources","internal"],"packs":{"069107783":[1,7]},"name":"Slots","importBase":"import","nativeBase":"native","debug":false,"isZip":false,"encrypted":false,"versions":{"import":["069107783","4bb59",0,"7871f"],"native":[0,"17df6"]}}