{"paths":{"0":["SSL/cacert",0],"1":["imgCommon/bg",5],"2":["common/WF_TAB1dikuang",5],"3":["buttonCommon/buttonCommon_atlas",2],"6":["buttonCommon/btn_close2",1,1],"7":["common/PanelBase",4],"8":["imgCommon/img_hongdian",1,1],"10":["buttonCommon/btn_hui",1,1],"11":["cc-inspector",3],"12":["buttonCommon/btn_close",1,1],"13":["common/ErrorLog",4],"14":["imgCommon/icon_bonusjinbi",1,1],"15":["imgCommon/bg",1,1],"16":["common/WF_TAB1dikuang",1,1],"17":["imgCommon/imgCommon_atlas",2],"18":["imgCommon/bg_second",1,1],"21":["imgCommon/icon_jinbi",1,1],"23":["buttonCommon/btn_lan",1,1],"24":["buttonCommon/btn_lv",1,1]},"types":["cc.Asset","cc.SpriteFrame","cc.SpriteAtlas","cc.JsonAsset","cc.Prefab","cc.Texture2D"],"uuids":["2dr8LPY0JLJLHzGrCT3ESg","96wzMKTIRAqpV1aJZPcLUM","9fBPnc9nVOs7TSBKfzoYIJ","0faecJAPJNEqUesVzaNeaG","111996841","14bea33f2","40HDT/cNlPsaVNUOKcKVjI","50/cDBLJ1G0IVqfI9ta6HU","57P+aYiaRA/arunmH9p+sr","61cyPdEfRN047sDK9rO0W5","7bBNtvRElGhoCoQc40tUfr","7ekz9mFXlMWJO3YtdG/eaH","9aF5xfxX9GD46Mxc7mUAD3","a36DkOVBJGAr6uJno0v9x7","aaEhV6J15HMJlgy40fLa/9","ae+rW/kHRBDJ+4Ov5bgm/h","b6LsCjvuNKcZoN6a3/V93y","c4V1y7U6FCRagUtxqIePNb","ccx1PmFbVK0qVdF1371mN+","d608qFRoFHwbXd0Dap056i","d8HsitJHxOYqo801xBk8ev","eaXdnWWupGsZy72/ujAcZj","ecBWg4dqVBAoGGk/6B36lg","f6oA9lRHBADrBAkm66yZo9","ffUKyFr6pGa4M8Bcx6ik9P","02delMVqdBD70a/HSD99FK","5cO7kybDxGj4ipyMYdRYZB","5f5dyqtRNNxaFmVzYns6FZ","9bvaMerUlDyary99mJa6xp","a2MjXRFdtLlYQ5ouAFv/+R","a6ZWB9x/JCxpf6hONs+JGZ","ecpdLyjvZBwrvm+cedCcQy"],"scenes":{},"redirect":[25,0,31,0],"deps":["internal"],"packs":{"0353069b0":[26,27,28,13,30],"06d3e1fbb":[7,29],"0ddbb16f6":[4,5,9,1,2,19,20,22]},"name":"resources","importBase":"import","nativeBase":"native","debug":false,"isZip":false,"encrypted":false,"versions":{"import":["0353069b0","a704d","06d3e1fbb","ec45a","0ddbb16f6","537f2",3,"6b680",0,"64420",6,"b73c4",8,"8943a",10,"7f3fd",11,"ea60d",12,"076df",14,"3fd71",15,"ecdd8",16,"6a9c8",17,"2c1fe",18,"62e30",21,"70b49",23,"fb273",24,"249db"],"native":[4,"b8aa6",5,"eac6c",0,"be2b0",9,"6d707",1,"92be6",2,"b41a6",19,"d55c2",20,"cdbc9",22,"3457f"]}}