[1,["8f7uio+tlPFYAJyEpwrgD+"],["_texture"],[["dragonBones.DragonBonesAtlasAsset",["_name","_atlasJson"],1]],[[0,0,1,3]],[[0,"yundongyuan_tex","{\"width\":256,\"SubTexture\":[{\"width\":68,\"y\":103,\"height\":21,\"name\":\"xiaoheige/yingzi\",\"x\":108},{\"width\":63,\"y\":1,\"height\":83,\"name\":\"xiaoheige/toux\",\"x\":1},{\"width\":23,\"y\":61,\"height\":36,\"name\":\"xiaoheige/houbi2\",\"x\":193},{\"width\":23,\"y\":86,\"height\":37,\"name\":\"xiaoheige/houbi1\",\"x\":26},{\"width\":17,\"y\":1,\"height\":37,\"name\":\"xiaoheige/houtui2\",\"x\":237},{\"width\":33,\"y\":100,\"height\":18,\"name\":\"xiaoheige/houtui3\",\"x\":217},{\"width\":40,\"y\":61,\"height\":40,\"name\":\"xiaoheige/houtui1\",\"x\":126},{\"width\":37,\"y\":103,\"height\":24,\"name\":\"xiaoheige/yao\",\"x\":178},{\"width\":45,\"y\":1,\"height\":58,\"name\":\"xiaoheige/shenti\",\"x\":126},{\"width\":17,\"y\":61,\"height\":37,\"name\":\"xiaoheige/qiantui2\",\"x\":218},{\"width\":33,\"y\":40,\"height\":18,\"name\":\"xiaoheige/qiantui3\",\"x\":173},{\"width\":40,\"y\":77,\"height\":40,\"name\":\"xiaoheige/qiantui1\",\"x\":66},{\"width\":23,\"y\":61,\"height\":36,\"name\":\"xiaoheige/qianbi2\",\"x\":168},{\"width\":23,\"y\":86,\"height\":37,\"name\":\"xiaoheige/qianbi1\",\"x\":1},{\"width\":58,\"y\":1,\"height\":74,\"name\":\"ggg1\",\"x\":66}],\"imagePath\":\"yundongyuan_tex.png\",\"name\":\"yundongyuan\",\"height\":128}"]],0,0,[0],[0],[0]]