[1,["b34GCiBwpEjLDHN8ctRVCu"],["_textureSetter"],["cc.SpriteFrame"],0,[[[{"name":"bet_bn1","rect":[1376,5,77,53],"offset":[0,0],"originalSize":[77,53],"capInsets":[0,0,0,0]}],[0],0,[0],[0],[0]],[[{"name":"bet_bn2","rect":[1458,5,130,53],"offset":[0,0],"originalSize":[130,53],"capInsets":[0,0,0,0]}],[0],0,[0],[0],[0]],[[{"name":"bet_enter","rect":[5,63,236,56],"offset":[0,0],"originalSize":[236,56],"capInsets":[75,0,14,0]}],[0],0,[0],[0],[0]],[[{"name":"bet_bn3","rect":[1593,5,144,53],"offset":[0,0],"originalSize":[144,53],"capInsets":[0,0,0,0]}],[0],0,[0],[0],[0]],[[{"name":"bet_gb2","rect":[88,5,28,28],"offset":[0,0],"originalSize":[28,28],"capInsets":[0,0,0,0]}],[0],0,[0],[0],[0]],[[{"name":"juxing6","rect":[45,5,38,23],"offset":[0,0],"originalSize":[38,23],"capInsets":[0,0,0,0]}],[0],0,[0],[0],[0]]]]