[1,["c2FE9KVo5EmZCbrR+Kf3rC"],["_texture"],[["dragonBones.DragonBonesAtlasAsset",["_name","_atlasJson"],1]],[[0,0,1,3]],[[0,"jita_tex","{\"SubTexture\":[{\"width\":153,\"y\":1,\"height\":145,\"name\":\"jita/图层_1\",\"x\":1},{\"width\":28,\"y\":218,\"height\":33,\"name\":\"jita/图层_7\",\"x\":149},{\"width\":27,\"y\":223,\"height\":28,\"name\":\"jita/图层_6\",\"x\":74},{\"width\":17,\"y\":1,\"height\":30,\"name\":\"jita/图层_5\",\"x\":237},{\"width\":22,\"y\":223,\"height\":25,\"name\":\"jita/图层_4\",\"x\":103},{\"width\":74,\"y\":148,\"height\":71,\"name\":\"jita/图层_12\",\"x\":1},{\"width\":77,\"y\":145,\"height\":71,\"name\":\"jita/图层_11\",\"x\":156},{\"width\":81,\"y\":74,\"height\":69,\"name\":\"jita/图层_9\",\"x\":156},{\"width\":70,\"y\":148,\"height\":73,\"name\":\"jita/图层_14\",\"x\":77},{\"width\":71,\"y\":221,\"height\":71,\"name\":\"jita/图层_13\",\"x\":1},{\"width\":79,\"y\":1,\"height\":71,\"name\":\"jita/图层_10\",\"x\":156}],\"width\":256,\"imagePath\":\"jita_tex.png\",\"height\":512,\"name\":\"jita\"}"]],0,0,[0],[0],[0]]