[1,["0cqh4BVcxJd62iqTtuFWGa"],["_textureSetter"],["cc.SpriteFrame"],0,[[[{"name":"5_0009","rect":[130,194,62,62],"offset":[6,-24],"originalSize":[500,500],"capInsets":[0,0,0,0]}],[0],0,[0],[0],[0]],[[{"name":"5_0013","rect":[394,130,62,62],"offset":[6,-27],"originalSize":[500,500],"capInsets":[0,0,0,0]}],[0],0,[0],[0],[0]],[[{"name":"5_0029","rect":[66,66,64,62],"offset":[6,-13],"originalSize":[500,500],"capInsets":[0,0,0,0]}],[0],0,[0],[0],[0]],[[{"name":"5_0003","rect":[130,130,64,62],"offset":[6,-15],"originalSize":[500,500],"capInsets":[0,0,0,0]}],[0],0,[0],[0],[0]],[[{"name":"5_0025","rect":[330,66,64,62],"offset":[6,-13],"originalSize":[500,500],"capInsets":[0,0,0,0]}],[0],0,[0],[0],[0]],[[{"name":"5_0014","rect":[66,328,64,62],"offset":[6,-27],"originalSize":[500,500],"rotated":1,"capInsets":[0,0,0,0]}],[0],0,[0],[0],[0]],[[{"name":"5_0027","rect":[198,66,64,62],"offset":[6,-13],"originalSize":[500,500],"capInsets":[0,0,0,0]}],[0],0,[0],[0],[0]],[[{"name":"5_0018","rect":[66,196,64,62],"offset":[6,-22],"originalSize":[500,500],"rotated":1,"capInsets":[0,0,0,0]}],[0],0,[0],[0],[0]],[[{"name":"5_0008","rect":[66,394,64,62],"offset":[6,-22],"originalSize":[500,500],"rotated":1,"capInsets":[0,0,0,0]}],[0],0,[0],[0],[0]],[[{"name":"5_0019","rect":[2,134,66,62],"offset":[6,-20],"originalSize":[500,500],"rotated":1,"capInsets":[0,0,0,0]}],[0],0,[0],[0],[0]],[[{"name":"5_0006","rect":[352,2,68,62],"offset":[6,-19],"originalSize":[500,500],"capInsets":[0,0,0,0]}],[0],0,[0],[0],[0]],[[{"name":"5_0002","rect":[196,130,64,62],"offset":[6,-13],"originalSize":[500,500],"capInsets":[0,0,0,0]}],[0],0,[0],[0],[0]],[[{"name":"5_0023","rect":[66,130,64,62],"offset":[7,-15],"originalSize":[500,500],"rotated":1,"capInsets":[0,0,0,0]}],[0],0,[0],[0],[0]],[[{"name":"5_0024","rect":[396,66,64,62],"offset":[7,-13],"originalSize":[500,500],"capInsets":[0,0,0,0]}],[0],0,[0],[0],[0]],[[{"name":"5_0001","rect":[262,130,64,62],"offset":[6,-13],"originalSize":[500,500],"capInsets":[0,0,0,0]}],[0],0,[0],[0],[0]],[[{"name":"5_0000","rect":[328,130,64,62],"offset":[6,-13],"originalSize":[500,500],"capInsets":[0,0,0,0]}],[0],0,[0],[0],[0]],[[{"name":"5_0017","rect":[66,262,64,62],"offset":[6,-24],"originalSize":[500,500],"rotated":1,"capInsets":[0,0,0,0]}],[0],0,[0],[0],[0]],[[{"name":"5_0007","rect":[2,338,66,62],"offset":[7,-21],"originalSize":[500,500],"rotated":1,"capInsets":[0,0,0,0]}],[0],0,[0],[0],[0]],[[{"name":"5_0021","rect":[2,2,68,62],"offset":[6,-17],"originalSize":[500,500],"capInsets":[0,0,0,0]}],[0],0,[0],[0],[0]],[[{"name":"5_0026","rect":[264,66,64,62],"offset":[6,-13],"originalSize":[500,500],"capInsets":[0,0,0,0]}],[0],0,[0],[0],[0]],[[{"name":"5_0012","rect":[2,202,66,62],"offset":[6,-27],"originalSize":[500,500],"rotated":1,"capInsets":[0,0,0,0]}],[0],0,[0],[0],[0]],[[{"name":"5_0015","rect":[212,2,68,62],"offset":[6,-26],"originalSize":[500,500],"capInsets":[0,0,0,0]}],[0],0,[0],[0],[0]],[[{"name":"5_0004","rect":[2,406,66,62],"offset":[5,-16],"originalSize":[500,500],"rotated":1,"capInsets":[0,0,0,0]}],[0],0,[0],[0],[0]],[[{"name":"5_0011","rect":[282,2,68,62],"offset":[6,-26],"originalSize":[500,500],"capInsets":[0,0,0,0]}],[0],0,[0],[0],[0]],[[{"name":"5_0010","rect":[2,270,66,62],"offset":[6,-25],"originalSize":[500,500],"rotated":1,"capInsets":[0,0,0,0]}],[0],0,[0],[0],[0]],[[{"name":"5_0020","rect":[72,2,68,62],"offset":[6,-19],"originalSize":[500,500],"capInsets":[0,0,0,0]}],[0],0,[0],[0],[0]],[[{"name":"5_0005","rect":[422,2,68,62],"offset":[6,-17],"originalSize":[500,500],"capInsets":[0,0,0,0]}],[0],0,[0],[0],[0]],[[{"name":"5_0022","rect":[2,66,66,62],"offset":[7,-16],"originalSize":[500,500],"rotated":1,"capInsets":[0,0,0,0]}],[0],0,[0],[0],[0]],[[{"name":"5_0028","rect":[132,66,64,62],"offset":[6,-13],"originalSize":[500,500],"capInsets":[0,0,0,0]}],[0],0,[0],[0],[0]],[[{"name":"5_0016","rect":[142,2,68,62],"offset":[6,-25],"originalSize":[500,500],"capInsets":[0,0,0,0]}],[0],0,[0],[0],[0]]]]