[1,0,0,[["dragonBones.DragonBonesAsset",["_name","_dragonBonesJson"],1]],[[0,0,1,3]],[[0,"lunpan_ske","{\"frameRate\":24,\"isGlobal\":0,\"armature\":[{\"ik\":[],\"bone\":[{\"name\":\"root\",\"transform\":{}},{\"transform\":{},\"name\":\"bone\",\"parent\":\"root\"},{\"transform\":{},\"name\":\"bone1\",\"parent\":\"bone\"},{\"transform\":{\"y\":-134.4,\"x\":230.15},\"name\":\"zi1\",\"parent\":\"bone\"},{\"transform\":{\"y\":-115.35,\"x\":240.25},\"name\":\"zi2\",\"parent\":\"bone\"},{\"transform\":{\"y\":-92.4,\"x\":248.65},\"name\":\"zi3\",\"parent\":\"bone\"},{\"transform\":{\"y\":68.35,\"x\":249.75},\"name\":\"huan1\",\"parent\":\"bone\"},{\"transform\":{\"y\":89.6,\"x\":241.9},\"name\":\"huan2\",\"parent\":\"bone\"},{\"transform\":{\"y\":109.75,\"x\":232.4},\"name\":\"huan3\",\"parent\":\"bone\"},{\"transform\":{\"y\":220.65,\"x\":124.85},\"name\":\"hong1\",\"parent\":\"bone\"},{\"transform\":{\"y\":231.3,\"x\":105.25},\"name\":\"hong2\",\"parent\":\"bone\"},{\"transform\":{\"y\":239.7,\"x\":83.45},\"name\":\"hong3\",\"parent\":\"bone\"},{\"transform\":{\"y\":243.05,\"x\":-75.6},\"name\":\"fen3\",\"parent\":\"bone\"},{\"transform\":{\"y\":234.65,\"x\":-98.6},\"name\":\"fen2\",\"parent\":\"bone\"},{\"transform\":{\"y\":226.25,\"x\":-117.6},\"name\":\"fen1\",\"parent\":\"bone\"},{\"transform\":{\"y\":114.8,\"x\":-230.2},\"name\":\"lan3\",\"parent\":\"bone\"},{\"transform\":{\"y\":94.65,\"x\":-241.4},\"name\":\"lan2\",\"parent\":\"bone\"},{\"transform\":{\"y\":73.95,\"x\":-248.65},\"name\":\"lan1\",\"parent\":\"bone\"},{\"transform\":{\"y\":-88.45,\"x\":-250.35},\"name\":\"lu3\",\"parent\":\"bone\"},{\"transform\":{\"y\":-112,\"x\":-241.95},\"name\":\"lu2\",\"parent\":\"bone\"},{\"transform\":{\"y\":-131.05,\"x\":-233},\"name\":\"lu1\",\"parent\":\"bone\"}],\"aabb\":{\"width\":582,\"y\":-311,\"height\":603,\"x\":-291},\"type\":\"Armature\",\"frameRate\":24,\"defaultActions\":[{\"gotoAndPlay\":\"newAnimation\"}],\"animation\":[{\"ik\":[],\"playTimes\":0,\"bone\":[{\"frame\":[{\"transform\":{},\"duration\":150}],\"name\":\"root\"},{\"frame\":[{\"transform\":{},\"duration\":150}],\"name\":\"bone\"},{\"frame\":[{\"transform\":{},\"duration\":150},{\"transform\":{},\"duration\":0}],\"name\":\"bone1\"},{\"frame\":[{\"transform\":{},\"duration\":150}],\"name\":\"zi1\"},{\"frame\":[{\"transform\":{},\"duration\":150}],\"name\":\"zi2\"},{\"frame\":[{\"transform\":{},\"duration\":150}],\"name\":\"zi3\"},{\"frame\":[{\"transform\":{},\"duration\":150}],\"name\":\"huan1\"},{\"frame\":[{\"transform\":{},\"duration\":150}],\"name\":\"huan2\"},{\"frame\":[{\"transform\":{},\"duration\":150}],\"name\":\"huan3\"},{\"frame\":[{\"transform\":{},\"duration\":150}],\"name\":\"hong1\"},{\"frame\":[{\"transform\":{},\"duration\":150}],\"name\":\"hong2\"},{\"frame\":[{\"transform\":{},\"duration\":150}],\"name\":\"hong3\"},{\"frame\":[{\"transform\":{},\"duration\":150}],\"name\":\"fen3\"},{\"frame\":[{\"transform\":{},\"duration\":150}],\"name\":\"fen2\"},{\"frame\":[{\"transform\":{},\"duration\":150}],\"name\":\"fen1\"},{\"frame\":[{\"transform\":{},\"duration\":150}],\"name\":\"lan3\"},{\"frame\":[{\"transform\":{},\"duration\":150}],\"name\":\"lan2\"},{\"frame\":[{\"transform\":{},\"duration\":150}],\"name\":\"lan1\"},{\"frame\":[{\"transform\":{},\"duration\":150}],\"name\":\"lu3\"},{\"frame\":[{\"transform\":{},\"duration\":150}],\"name\":\"lu2\"},{\"frame\":[{\"transform\":{},\"duration\":150}],\"name\":\"lu1\"}],\"slot\":[{\"frame\":[{\"tweenEasing\":0,\"color\":{\"aM\":0},\"duration\":30},{\"tweenEasing\":0,\"color\":{\"aM\":0},\"duration\":5},{\"tweenEasing\":0,\"duration\":5},{\"tweenEasing\":0,\"color\":{\"aM\":0},\"duration\":50},{\"tweenEasing\":0,\"color\":{\"aM\":0},\"duration\":2},{\"tweenEasing\":0,\"duration\":13},{\"tweenEasing\":0,\"duration\":7},{\"tweenEasing\":0,\"color\":{\"aM\":0},\"duration\":7},{\"tweenEasing\":0,\"duration\":4},{\"tweenEasing\":0,\"color\":{\"aM\":0},\"duration\":4},{\"tweenEasing\":0,\"duration\":4},{\"tweenEasing\":0,\"color\":{\"aM\":0},\"duration\":4},{\"tweenEasing\":0,\"duration\":5},{\"tweenEasing\":null,\"color\":{\"aM\":0},\"duration\":10}],\"name\":\"huan1\"},{\"frame\":[{\"tweenEasing\":0,\"color\":{\"aM\":0},\"duration\":40},{\"tweenEasing\":0,\"color\":{\"aM\":0},\"duration\":5},{\"tweenEasing\":0,\"duration\":5},{\"tweenEasing\":0,\"color\":{\"aM\":0},\"duration\":40},{\"tweenEasing\":0,\"color\":{\"aM\":0},\"duration\":2},{\"tweenEasing\":0,\"duration\":13},{\"tweenEasing\":0,\"duration\":7},{\"tweenEasing\":0,\"color\":{\"aM\":0},\"duration\":7},{\"tweenEasing\":0,\"duration\":4},{\"tweenEasing\":0,\"color\":{\"aM\":0},\"duration\":4},{\"tweenEasing\":0,\"duration\":4},{\"tweenEasing\":0,\"color\":{\"aM\":0},\"duration\":4},{\"tweenEasing\":0,\"duration\":5},{\"tweenEasing\":null,\"color\":{\"aM\":0},\"duration\":10}],\"name\":\"huan2\"},{\"frame\":[{\"tweenEasing\":0,\"color\":{\"aM\":0},\"duration\":50},{\"tweenEasing\":0,\"color\":{\"aM\":0},\"duration\":5},{\"tweenEasing\":0,\"duration\":5},{\"tweenEasing\":0,\"color\":{\"aM\":0},\"duration\":30},{\"tweenEasing\":0,\"color\":{\"aM\":0},\"duration\":2},{\"tweenEasing\":0,\"duration\":13},{\"tweenEasing\":0,\"duration\":7},{\"tweenEasing\":0,\"color\":{\"aM\":0},\"duration\":7},{\"tweenEasing\":0,\"duration\":4},{\"tweenEasing\":0,\"color\":{\"aM\":0},\"duration\":4},{\"tweenEasing\":0,\"duration\":4},{\"tweenEasing\":0,\"color\":{\"aM\":0},\"duration\":4},{\"tweenEasing\":0,\"duration\":5},{\"tweenEasing\":null,\"color\":{\"aM\":0},\"duration\":10}],\"name\":\"huan3\"},{\"frame\":[{\"tweenEasing\":0,\"duration\":60},{\"tweenEasing\":0,\"duration\":5},{\"tweenEasing\":0,\"color\":{\"aM\":0},\"duration\":5},{\"tweenEasing\":null,\"duration\":80}],\"name\":\"hong1\"},{\"frame\":[{\"tweenEasing\":0,\"duration\":70},{\"tweenEasing\":0,\"duration\":5},{\"tweenEasing\":0,\"color\":{\"aM\":0},\"duration\":5},{\"tweenEasing\":null,\"duration\":70}],\"name\":\"hong2\"},{\"frame\":[{\"tweenEasing\":0,\"duration\":80},{\"tweenEasing\":0,\"duration\":5},{\"tweenEasing\":0,\"color\":{\"aM\":0},\"duration\":5},{\"tweenEasing\":null,\"duration\":60}],\"name\":\"hong3\"},{\"frame\":[{\"tweenEasing\":0,\"color\":{\"aM\":0},\"duration\":5},{\"tweenEasing\":0,\"duration\":5},{\"tweenEasing\":0,\"color\":{\"aM\":0},\"duration\":80},{\"tweenEasing\":0,\"color\":{\"aM\":0},\"duration\":2},{\"tweenEasing\":0,\"duration\":13},{\"tweenEasing\":0,\"duration\":7},{\"tweenEasing\":0,\"color\":{\"aM\":0},\"duration\":7},{\"tweenEasing\":0,\"duration\":4},{\"tweenEasing\":0,\"color\":{\"aM\":0},\"duration\":4},{\"tweenEasing\":0,\"duration\":4},{\"tweenEasing\":0,\"color\":{\"aM\":0},\"duration\":4},{\"tweenEasing\":0,\"duration\":5},{\"tweenEasing\":null,\"color\":{\"aM\":0},\"duration\":10}],\"name\":\"zi11\"},{\"frame\":[{\"tweenEasing\":0,\"color\":{\"aM\":0},\"duration\":10},{\"tweenEasing\":0,\"color\":{\"aM\":0},\"duration\":5},{\"tweenEasing\":0,\"duration\":5},{\"tweenEasing\":0,\"color\":{\"aM\":0},\"duration\":70},{\"tweenEasing\":0,\"color\":{\"aM\":0},\"duration\":2},{\"tweenEasing\":0,\"duration\":13},{\"tweenEasing\":0,\"duration\":7},{\"tweenEasing\":0,\"color\":{\"aM\":0},\"duration\":7},{\"tweenEasing\":0,\"duration\":4},{\"tweenEasing\":0,\"color\":{\"aM\":0},\"duration\":4},{\"tweenEasing\":0,\"duration\":4},{\"tweenEasing\":0,\"color\":{\"aM\":0},\"duration\":4},{\"tweenEasing\":0,\"duration\":5},{\"tweenEasing\":null,\"color\":{\"aM\":0},\"duration\":10}],\"name\":\"zi21\"},{\"frame\":[{\"tweenEasing\":0,\"color\":{\"aM\":0},\"duration\":20},{\"tweenEasing\":0,\"color\":{\"aM\":0},\"duration\":5},{\"tweenEasing\":0,\"duration\":5},{\"tweenEasing\":0,\"color\":{\"aM\":0},\"duration\":60},{\"tweenEasing\":0,\"color\":{\"aM\":0},\"duration\":2},{\"tweenEasing\":0,\"duration\":13},{\"tweenEasing\":0,\"duration\":7},{\"tweenEasing\":0,\"color\":{\"aM\":0},\"duration\":7},{\"tweenEasing\":0,\"duration\":4},{\"tweenEasing\":0,\"color\":{\"aM\":0},\"duration\":4},{\"tweenEasing\":0,\"duration\":4},{\"tweenEasing\":0,\"color\":{\"aM\":0},\"duration\":4},{\"tweenEasing\":0,\"duration\":5},{\"tweenEasing\":null,\"color\":{\"aM\":0},\"duration\":10}],\"name\":\"zi31\"},{\"frame\":[{\"tweenEasing\":0,\"color\":{\"aM\":0},\"duration\":5},{\"tweenEasing\":0,\"duration\":5},{\"tweenEasing\":0,\"color\":{\"aM\":0},\"duration\":80},{\"tweenEasing\":0,\"color\":{\"aM\":0},\"duration\":2},{\"tweenEasing\":0,\"duration\":13},{\"tweenEasing\":0,\"duration\":7},{\"tweenEasing\":0,\"color\":{\"aM\":0},\"duration\":7},{\"tweenEasing\":0,\"duration\":4},{\"tweenEasing\":0,\"color\":{\"aM\":0},\"duration\":4},{\"tweenEasing\":0,\"duration\":4},{\"tweenEasing\":0,\"color\":{\"aM\":0},\"duration\":4},{\"tweenEasing\":0,\"duration\":5},{\"tweenEasing\":null,\"color\":{\"aM\":0},\"duration\":10}],\"name\":\"lu11\"},{\"frame\":[{\"tweenEasing\":0,\"color\":{\"aM\":0},\"duration\":10},{\"tweenEasing\":0,\"color\":{\"aM\":0},\"duration\":5},{\"tweenEasing\":0,\"duration\":5},{\"tweenEasing\":0,\"color\":{\"aM\":0},\"duration\":70},{\"tweenEasing\":0,\"color\":{\"aM\":0},\"duration\":2},{\"tweenEasing\":0,\"duration\":13},{\"tweenEasing\":0,\"duration\":7},{\"tweenEasing\":0,\"color\":{\"aM\":0},\"duration\":7},{\"tweenEasing\":0,\"duration\":4},{\"tweenEasing\":0,\"color\":{\"aM\":0},\"duration\":4},{\"tweenEasing\":0,\"duration\":4},{\"tweenEasing\":0,\"color\":{\"aM\":0},\"duration\":4},{\"tweenEasing\":0,\"duration\":5},{\"tweenEasing\":null,\"color\":{\"aM\":0},\"duration\":10}],\"name\":\"lu21\"},{\"frame\":[{\"tweenEasing\":0,\"color\":{\"aM\":0},\"duration\":20},{\"tweenEasing\":0,\"color\":{\"aM\":0},\"duration\":5},{\"tweenEasing\":0,\"duration\":5},{\"tweenEasing\":0,\"color\":{\"aM\":0},\"duration\":60},{\"tweenEasing\":0,\"color\":{\"aM\":0},\"duration\":2},{\"tweenEasing\":0,\"duration\":13},{\"tweenEasing\":0,\"duration\":7},{\"tweenEasing\":0,\"color\":{\"aM\":0},\"duration\":7},{\"tweenEasing\":0,\"duration\":4},{\"tweenEasing\":0,\"color\":{\"aM\":0},\"duration\":4},{\"tweenEasing\":0,\"duration\":4},{\"tweenEasing\":0,\"color\":{\"aM\":0},\"duration\":4},{\"tweenEasing\":0,\"duration\":5},{\"tweenEasing\":null,\"color\":{\"aM\":0},\"duration\":10}],\"name\":\"lu31\"},{\"frame\":[{\"tweenEasing\":0,\"color\":{\"aM\":0},\"duration\":80},{\"tweenEasing\":0,\"color\":{\"aM\":0},\"duration\":5},{\"tweenEasing\":0,\"duration\":5},{\"tweenEasing\":0,\"color\":{\"aM\":0},\"duration\":2},{\"tweenEasing\":0,\"duration\":13},{\"tweenEasing\":0,\"duration\":7},{\"tweenEasing\":0,\"color\":{\"aM\":0},\"duration\":7},{\"tweenEasing\":0,\"duration\":4},{\"tweenEasing\":0,\"color\":{\"aM\":0},\"duration\":4},{\"tweenEasing\":0,\"duration\":4},{\"tweenEasing\":0,\"color\":{\"aM\":0},\"duration\":4},{\"tweenEasing\":0,\"duration\":5},{\"tweenEasing\":null,\"color\":{\"aM\":0},\"duration\":10}],\"name\":\"fen31\"},{\"frame\":[{\"tweenEasing\":0,\"color\":{\"aM\":0},\"duration\":70},{\"tweenEasing\":0,\"color\":{\"aM\":0},\"duration\":5},{\"tweenEasing\":0,\"duration\":5},{\"tweenEasing\":0,\"color\":{\"aM\":0},\"duration\":12},{\"tweenEasing\":0,\"duration\":13},{\"tweenEasing\":0,\"duration\":7},{\"tweenEasing\":0,\"color\":{\"aM\":0},\"duration\":7},{\"tweenEasing\":0,\"duration\":4},{\"tweenEasing\":0,\"color\":{\"aM\":0},\"duration\":4},{\"tweenEasing\":0,\"duration\":4},{\"tweenEasing\":0,\"color\":{\"aM\":0},\"duration\":4},{\"tweenEasing\":0,\"duration\":5},{\"tweenEasing\":null,\"color\":{\"aM\":0},\"duration\":10}],\"name\":\"fen21\"},{\"frame\":[{\"tweenEasing\":0,\"color\":{\"aM\":0},\"duration\":60},{\"tweenEasing\":0,\"color\":{\"aM\":0},\"duration\":5},{\"tweenEasing\":0,\"duration\":5},{\"tweenEasing\":0,\"color\":{\"aM\":0},\"duration\":22},{\"tweenEasing\":0,\"duration\":13},{\"tweenEasing\":0,\"duration\":7},{\"tweenEasing\":0,\"color\":{\"aM\":0},\"duration\":7},{\"tweenEasing\":0,\"duration\":4},{\"tweenEasing\":0,\"color\":{\"aM\":0},\"duration\":4},{\"tweenEasing\":0,\"duration\":4},{\"tweenEasing\":0,\"color\":{\"aM\":0},\"duration\":4},{\"tweenEasing\":0,\"duration\":5},{\"tweenEasing\":null,\"color\":{\"aM\":0},\"duration\":10}],\"name\":\"fen11\"},{\"frame\":[{\"tweenEasing\":0,\"color\":{\"aM\":0},\"duration\":50},{\"tweenEasing\":0,\"color\":{\"aM\":0},\"duration\":5},{\"tweenEasing\":0,\"duration\":5},{\"tweenEasing\":0,\"color\":{\"aM\":0},\"duration\":30},{\"tweenEasing\":0,\"color\":{\"aM\":0},\"duration\":2},{\"tweenEasing\":0,\"duration\":13},{\"tweenEasing\":0,\"duration\":7},{\"tweenEasing\":0,\"color\":{\"aM\":0},\"duration\":7},{\"tweenEasing\":0,\"duration\":4},{\"tweenEasing\":0,\"color\":{\"aM\":0},\"duration\":4},{\"tweenEasing\":0,\"duration\":4},{\"tweenEasing\":0,\"color\":{\"aM\":0},\"duration\":4},{\"tweenEasing\":0,\"duration\":5},{\"tweenEasing\":null,\"color\":{\"aM\":0},\"duration\":10}],\"name\":\"lan31\"},{\"frame\":[{\"tweenEasing\":0,\"color\":{\"aM\":0},\"duration\":40},{\"tweenEasing\":0,\"color\":{\"aM\":0},\"duration\":5},{\"tweenEasing\":0,\"duration\":5},{\"tweenEasing\":0,\"color\":{\"aM\":0},\"duration\":40},{\"tweenEasing\":0,\"color\":{\"aM\":0},\"duration\":2},{\"tweenEasing\":0,\"duration\":13},{\"tweenEasing\":0,\"duration\":7},{\"tweenEasing\":0,\"color\":{\"aM\":0},\"duration\":7},{\"tweenEasing\":0,\"duration\":4},{\"tweenEasing\":0,\"color\":{\"aM\":0},\"duration\":4},{\"tweenEasing\":0,\"duration\":4},{\"tweenEasing\":0,\"color\":{\"aM\":0},\"duration\":4},{\"tweenEasing\":0,\"duration\":5},{\"tweenEasing\":null,\"color\":{\"aM\":0},\"duration\":10}],\"name\":\"lan21\"},{\"frame\":[{\"tweenEasing\":0,\"color\":{\"aM\":0},\"duration\":30},{\"tweenEasing\":0,\"color\":{\"aM\":0},\"duration\":5},{\"tweenEasing\":0,\"duration\":5},{\"tweenEasing\":0,\"color\":{\"aM\":0},\"duration\":50},{\"tweenEasing\":0,\"color\":{\"aM\":0},\"duration\":2},{\"tweenEasing\":0,\"duration\":13},{\"tweenEasing\":0,\"duration\":7},{\"tweenEasing\":0,\"color\":{\"aM\":0},\"duration\":7},{\"tweenEasing\":0,\"duration\":4},{\"tweenEasing\":0,\"color\":{\"aM\":0},\"duration\":4},{\"tweenEasing\":0,\"duration\":4},{\"tweenEasing\":0,\"color\":{\"aM\":0},\"duration\":4},{\"tweenEasing\":0,\"duration\":5},{\"tweenEasing\":null,\"color\":{\"aM\":0},\"duration\":10}],\"name\":\"lan11\"},{\"frame\":[{\"tweenEasing\":0,\"color\":{\"aM\":0},\"duration\":80},{\"tweenEasing\":0,\"color\":{\"aM\":0},\"duration\":5},{\"tweenEasing\":0,\"duration\":5},{\"tweenEasing\":0,\"color\":{\"aM\":0},\"duration\":2},{\"tweenEasing\":0,\"duration\":13},{\"tweenEasing\":0,\"duration\":7},{\"tweenEasing\":0,\"color\":{\"aM\":0},\"duration\":7},{\"tweenEasing\":0,\"duration\":4},{\"tweenEasing\":0,\"color\":{\"aM\":0},\"duration\":4},{\"tweenEasing\":0,\"duration\":4},{\"tweenEasing\":0,\"color\":{\"aM\":0},\"duration\":4},{\"tweenEasing\":0,\"duration\":5},{\"tweenEasing\":null,\"color\":{\"aM\":0},\"duration\":10}],\"name\":\"hong31\"},{\"frame\":[{\"tweenEasing\":0,\"color\":{\"aM\":0},\"duration\":70},{\"tweenEasing\":0,\"color\":{\"aM\":0},\"duration\":5},{\"tweenEasing\":0,\"duration\":5},{\"tweenEasing\":0,\"color\":{\"aM\":0},\"duration\":12},{\"tweenEasing\":0,\"duration\":13},{\"tweenEasing\":0,\"duration\":7},{\"tweenEasing\":0,\"color\":{\"aM\":0},\"duration\":7},{\"tweenEasing\":0,\"duration\":4},{\"tweenEasing\":0,\"color\":{\"aM\":0},\"duration\":4},{\"tweenEasing\":0,\"duration\":4},{\"tweenEasing\":0,\"color\":{\"aM\":0},\"duration\":4},{\"tweenEasing\":0,\"duration\":5},{\"tweenEasing\":null,\"color\":{\"aM\":0},\"duration\":10}],\"name\":\"hong21\"},{\"frame\":[{\"tweenEasing\":0,\"color\":{\"aM\":0},\"duration\":60},{\"tweenEasing\":0,\"color\":{\"aM\":0},\"duration\":5},{\"tweenEasing\":0,\"duration\":5},{\"tweenEasing\":0,\"color\":{\"aM\":0},\"duration\":22},{\"tweenEasing\":0,\"duration\":13},{\"tweenEasing\":0,\"duration\":7},{\"tweenEasing\":0,\"color\":{\"aM\":0},\"duration\":7},{\"tweenEasing\":0,\"duration\":4},{\"tweenEasing\":0,\"color\":{\"aM\":0},\"duration\":4},{\"tweenEasing\":0,\"duration\":4},{\"tweenEasing\":0,\"color\":{\"aM\":0},\"duration\":4},{\"tweenEasing\":0,\"duration\":5},{\"tweenEasing\":null,\"color\":{\"aM\":0},\"duration\":10}],\"name\":\"hong11\"}],\"ffd\":[],\"frame\":[],\"name\":\"newAnimation\",\"duration\":150}],\"slot\":[{\"name\":\"图层_1\",\"parent\":\"bone1\",\"color\":{}},{\"z\":1,\"name\":\"zi1\",\"parent\":\"zi1\",\"color\":{}},{\"z\":2,\"name\":\"zi2\",\"parent\":\"zi2\",\"color\":{}},{\"z\":3,\"name\":\"zi3\",\"parent\":\"zi3\",\"color\":{}},{\"z\":4,\"name\":\"lu1\",\"parent\":\"lu1\",\"color\":{}},{\"z\":5,\"name\":\"lu2\",\"parent\":\"lu2\",\"color\":{}},{\"z\":6,\"name\":\"lu3\",\"parent\":\"lu3\",\"color\":{}},{\"z\":7,\"name\":\"lan1\",\"parent\":\"lan1\",\"color\":{}},{\"z\":8,\"name\":\"lan2\",\"parent\":\"lan2\",\"color\":{}},{\"z\":9,\"name\":\"lan3\",\"parent\":\"lan3\",\"color\":{}},{\"z\":10,\"name\":\"fen1\",\"parent\":\"fen1\",\"color\":{}},{\"z\":11,\"name\":\"fen2\",\"parent\":\"fen2\",\"color\":{}},{\"z\":12,\"name\":\"fen3\",\"parent\":\"fen3\",\"color\":{}},{\"blendMode\":\"add\",\"z\":13,\"parent\":\"huan1\",\"name\":\"huan1\",\"color\":{}},{\"blendMode\":\"add\",\"z\":14,\"parent\":\"huan2\",\"name\":\"huan2\",\"color\":{}},{\"blendMode\":\"add\",\"z\":15,\"parent\":\"huan3\",\"name\":\"huan3\",\"color\":{}},{\"z\":16,\"name\":\"hong1\",\"parent\":\"hong1\",\"color\":{\"aM\":0}},{\"z\":17,\"name\":\"hong2\",\"parent\":\"hong2\",\"color\":{\"aM\":0}},{\"z\":18,\"name\":\"hong3\",\"parent\":\"hong3\",\"color\":{\"aM\":0}},{\"blendMode\":\"add\",\"z\":19,\"parent\":\"zi1\",\"name\":\"zi11\",\"color\":{}},{\"blendMode\":\"add\",\"z\":20,\"parent\":\"zi2\",\"name\":\"zi21\",\"color\":{}},{\"blendMode\":\"add\",\"z\":21,\"parent\":\"zi3\",\"name\":\"zi31\",\"color\":{}},{\"blendMode\":\"add\",\"z\":22,\"parent\":\"lu1\",\"name\":\"lu11\",\"color\":{}},{\"blendMode\":\"add\",\"z\":23,\"parent\":\"lu2\",\"name\":\"lu21\",\"color\":{}},{\"blendMode\":\"add\",\"z\":24,\"parent\":\"lu3\",\"name\":\"lu31\",\"color\":{}},{\"blendMode\":\"add\",\"z\":25,\"parent\":\"fen3\",\"name\":\"fen31\",\"color\":{}},{\"blendMode\":\"add\",\"z\":26,\"parent\":\"fen2\",\"name\":\"fen21\",\"color\":{}},{\"blendMode\":\"add\",\"z\":27,\"parent\":\"fen1\",\"name\":\"fen11\",\"color\":{}},{\"blendMode\":\"add\",\"z\":28,\"parent\":\"lan3\",\"name\":\"lan31\",\"color\":{}},{\"blendMode\":\"add\",\"z\":29,\"parent\":\"lan2\",\"name\":\"lan21\",\"color\":{}},{\"blendMode\":\"add\",\"z\":30,\"parent\":\"lan1\",\"name\":\"lan11\",\"color\":{}},{\"blendMode\":\"add\",\"z\":31,\"parent\":\"hong3\",\"name\":\"hong31\",\"color\":{}},{\"blendMode\":\"add\",\"z\":32,\"parent\":\"hong2\",\"name\":\"hong21\",\"color\":{}},{\"blendMode\":\"add\",\"z\":33,\"parent\":\"hong1\",\"name\":\"hong11\",\"color\":{}}],\"name\":\"Armature\",\"skin\":[{\"slot\":[{\"display\":[{\"path\":\"轮盘/hong3\",\"type\":\"image\",\"name\":\"轮盘/hong3\",\"transform\":{\"y\":-0.7,\"x\":-0.95}}],\"blendMode\":\"add\",\"name\":\"hong31\"},{\"display\":[{\"path\":\"轮盘/lu1\",\"type\":\"image\",\"name\":\"轮盘/lu1\",\"transform\":{\"y\":1.05,\"x\":2}}],\"name\":\"lu1\"},{\"display\":[{\"path\":\"轮盘/zi1\",\"type\":\"image\",\"name\":\"轮盘/zi1\",\"transform\":{\"y\":2.4,\"x\":-0.65}}],\"name\":\"zi1\"},{\"display\":[{\"path\":\"轮盘/lu2\",\"type\":\"image\",\"name\":\"轮盘/lu2\",\"transform\":{\"y\":1.5,\"x\":0.95}}],\"blendMode\":\"add\",\"name\":\"lu21\"},{\"display\":[{\"path\":\"轮盘/lan3\",\"type\":\"image\",\"name\":\"轮盘/lan3\",\"transform\":{\"y\":-0.8,\"x\":1.2}}],\"name\":\"lan3\"},{\"display\":[{\"path\":\"轮盘/lu2\",\"type\":\"image\",\"name\":\"轮盘/lu2\",\"transform\":{\"y\":1.5,\"x\":0.95}}],\"name\":\"lu2\"},{\"display\":[{\"path\":\"轮盘/zi2\",\"type\":\"image\",\"name\":\"轮盘/zi2\",\"transform\":{\"y\":1.85,\"x\":-0.25}}],\"blendMode\":\"add\",\"name\":\"zi21\"},{\"display\":[{\"path\":\"轮盘/fen3\",\"type\":\"image\",\"name\":\"轮盘/fen3\",\"transform\":{\"y\":-0.55,\"x\":0.1}}],\"name\":\"fen3\"},{\"display\":[{\"path\":\"轮盘/lu3\",\"type\":\"image\",\"name\":\"轮盘/lu3\",\"transform\":{\"y\":-0.05,\"x\":1.85}}],\"blendMode\":\"add\",\"name\":\"lu31\"},{\"display\":[{\"path\":\"轮盘/hong1\",\"type\":\"image\",\"name\":\"轮盘/hong1\",\"transform\":{\"y\":-0.65,\"x\":-0.85}}],\"blendMode\":\"add\",\"name\":\"hong11\"},{\"display\":[{\"path\":\"轮盘/zi2\",\"type\":\"image\",\"name\":\"轮盘/zi2\",\"transform\":{\"y\":1.85,\"x\":-0.25}}],\"name\":\"zi2\"},{\"display\":[{\"path\":\"轮盘/hong1\",\"type\":\"image\",\"name\":\"轮盘/hong1\",\"transform\":{\"y\":-0.65,\"x\":-0.85}}],\"name\":\"hong1\"},{\"display\":[{\"path\":\"轮盘/lan3\",\"type\":\"image\",\"name\":\"轮盘/lan3\",\"transform\":{\"y\":-0.8,\"x\":1.2}}],\"blendMode\":\"add\",\"name\":\"lan31\"},{\"display\":[{\"path\":\"轮盘/fen1\",\"type\":\"image\",\"name\":\"轮盘/fen1\",\"transform\":{\"y\":-1.25,\"x\":0.6}}],\"name\":\"fen1\"},{\"display\":[{\"path\":\"轮盘/lan2\",\"type\":\"image\",\"name\":\"轮盘/lan2\",\"transform\":{\"y\":-1.15,\"x\":1.4}}],\"name\":\"lan2\"},{\"display\":[{\"path\":\"轮盘/zi3\",\"type\":\"image\",\"name\":\"轮盘/zi3\",\"transform\":{\"y\":0.9,\"x\":-0.65}}],\"blendMode\":\"add\",\"name\":\"zi31\"},{\"display\":[{\"path\":\"轮盘/huan1\",\"type\":\"image\",\"name\":\"轮盘/huan1\",\"transform\":{\"y\":-0.35,\"x\":-0.25}}],\"blendMode\":\"add\",\"name\":\"huan1\"},{\"display\":[{\"path\":\"轮盘/huan2\",\"type\":\"image\",\"name\":\"轮盘/huan2\",\"transform\":{\"y\":-1.1,\"x\":0.6}}],\"blendMode\":\"add\",\"name\":\"huan2\"},{\"display\":[{\"path\":\"轮盘/lan1\",\"type\":\"image\",\"name\":\"轮盘/lan1\",\"transform\":{\"y\":-0.95,\"x\":1.15}}],\"blendMode\":\"add\",\"name\":\"lan11\"},{\"display\":[{\"path\":\"轮盘/hong2\",\"type\":\"image\",\"name\":\"轮盘/hong2\",\"transform\":{\"y\":-0.8,\"x\":-0.75}}],\"blendMode\":\"add\",\"name\":\"hong21\"},{\"display\":[{\"path\":\"轮盘/zi3\",\"type\":\"image\",\"name\":\"轮盘/zi3\",\"transform\":{\"y\":0.9,\"x\":-0.65}}],\"name\":\"zi3\"},{\"display\":[{\"path\":\"轮盘/hong2\",\"type\":\"image\",\"name\":\"轮盘/hong2\",\"transform\":{\"y\":-0.8,\"x\":-0.75}}],\"name\":\"hong2\"},{\"display\":[{\"path\":\"轮盘/fen1\",\"type\":\"image\",\"name\":\"轮盘/fen1\",\"transform\":{\"y\":-1.25,\"x\":0.6}}],\"blendMode\":\"add\",\"name\":\"fen11\"},{\"display\":[{\"path\":\"轮盘/fen2\",\"type\":\"image\",\"name\":\"轮盘/fen2\",\"transform\":{\"y\":0.35,\"x\":1.1}}],\"name\":\"fen2\"},{\"display\":[{\"path\":\"轮盘/lan1\",\"type\":\"image\",\"name\":\"轮盘/lan1\",\"transform\":{\"y\":-0.95,\"x\":1.15}}],\"name\":\"lan1\"},{\"display\":[{\"path\":\"轮盘/lu3\",\"type\":\"image\",\"name\":\"轮盘/lu3\",\"transform\":{\"y\":-0.05,\"x\":1.85}}],\"name\":\"lu3\"},{\"display\":[{\"path\":\"轮盘/图层_1\",\"type\":\"image\",\"name\":\"轮盘/图层_1\",\"transform\":{\"y\":-9.5}}],\"name\":\"图层_1\"},{\"display\":[{\"path\":\"轮盘/huan3\",\"type\":\"image\",\"name\":\"轮盘/huan3\",\"transform\":{\"y\":-0.25,\"x\":-0.9}}],\"blendMode\":\"add\",\"name\":\"huan3\"},{\"display\":[{\"path\":\"轮盘/fen3\",\"type\":\"image\",\"name\":\"轮盘/fen3\",\"transform\":{\"y\":-0.55,\"x\":0.1}}],\"blendMode\":\"add\",\"name\":\"fen31\"},{\"display\":[{\"path\":\"轮盘/fen2\",\"type\":\"image\",\"name\":\"轮盘/fen2\",\"transform\":{\"y\":0.35,\"x\":1.1}}],\"blendMode\":\"add\",\"name\":\"fen21\"},{\"display\":[{\"path\":\"轮盘/hong3\",\"type\":\"image\",\"name\":\"轮盘/hong3\",\"transform\":{\"y\":-0.7,\"x\":-0.95}}],\"name\":\"hong3\"},{\"display\":[{\"path\":\"轮盘/zi1\",\"type\":\"image\",\"name\":\"轮盘/zi1\",\"transform\":{\"y\":2.4,\"x\":-0.65}}],\"blendMode\":\"add\",\"name\":\"zi11\"},{\"display\":[{\"path\":\"轮盘/lu1\",\"type\":\"image\",\"name\":\"轮盘/lu1\",\"transform\":{\"y\":1.05,\"x\":2}}],\"blendMode\":\"add\",\"name\":\"lu11\"},{\"display\":[{\"path\":\"轮盘/lan2\",\"type\":\"image\",\"name\":\"轮盘/lan2\",\"transform\":{\"y\":-1.15,\"x\":1.4}}],\"blendMode\":\"add\",\"name\":\"lan21\"}],\"name\":\"\"}]}],\"name\":\"lunpan\",\"version\":\"4.0\"}"]],0,0,[],[],[]]