[1,["5ccwYcd8NLMof4JPhFsg2d"],["_textureSetter"],["cc.SpriteFrame"],0,[[[{"name":"Fruit_btn_top+","rect":[649,957,53,43],"offset":[0,0],"originalSize":[53,43],"rotated":1,"capInsets":[0,0,0,0]}],[0],0,[0],[0],[0]],[[{"name":"tishiyu2","rect":[115,154,675,52],"offset":[0,0],"originalSize":[675,52],"capInsets":[0,0,0,0]}],[0],0,[0],[0],[0]],[[{"name":"img_zhanshi","rect":[69,574,314,56],"offset":[0,0],"originalSize":[314,56],"rotated":1,"capInsets":[0,0,0,0]}],[0],0,[0],[0],[0]],[[{"name":"Fruit_btn_spin","rect":[694,443,233,81],"offset":[0,0],"originalSize":[233,81],"rotated":1,"capInsets":[0,0,0,0]}],[0],0,[0],[0],[0]],[[{"name":"zhenzhao2","rect":[70,988,32,32],"offset":[0,0],"originalSize":[32,32],"capInsets":[10,10,10,10]}],[0],0,[0],[0],[0]],[[{"name":"Fruit_img_luck","rect":[391,574,298,81],"offset":[0,0],"originalSize":[298,81],"rotated":1,"capInsets":[0,0,0,0]}],[0],0,[0],[0],[0]],[[{"name":"SUPERMEJACKPOT","rect":[694,764,250,22],"offset":[0,0],"originalSize":[250,22],"rotated":1,"capInsets":[0,0,0,0]}],[0],0,[0],[0],[0]],[[{"name":"Fruit_img_below","rect":[1003,2,17,97],"offset":[0,0],"originalSize":[17,97],"capInsets":[6,0,5,0]}],[0],0,[0],[0],[0]],[[{"name":"Fruit_back_img","rect":[718,746,50,50],"offset":[0,0],"originalSize":[50,50],"capInsets":[0,0,0,0]}],[0],0,[0],[0],[0]],[[{"name":"jiangc","rect":[2,2,851,89],"offset":[0,0],"originalSize":[851,89],"capInsets":[0,0,0,0]}],[0],0,[0],[0],[0]],[[{"name":"JACKPOTCLÁSSICO","rect":[770,764,247,28],"offset":[0,0],"originalSize":[247,28],"capInsets":[0,0,0,0]}],[0],0,[0],[0],[0]],[[{"name":"Fruit_btn_fast","rect":[69,890,96,81],"offset":[0,0],"originalSize":[96,81],"rotated":1,"capInsets":[0,0,0,0]}],[0],0,[0],[0],[0]],[[{"name":"bg4_img","rect":[127,574,262,311],"offset":[0,0],"originalSize":[262,311],"capInsets":[0,0,0,0]}],[0],0,[0],[0],[0]],[[{"name":"jackpot_bg","rect":[855,30,318,126],"offset":[0,0],"originalSize":[318,126],"rotated":1,"capInsets":[0,0,0,0]}],[0],0,[0],[0],[0]],[[{"name":"line","rect":[1020,149,188,2],"offset":[0,0],"originalSize":[188,2],"rotated":1,"capInsets":[0,0,0,0]}],[0],0,[0],[0],[0]],[[{"name":"Bo","rect":[983,149,423,35],"offset":[0,0],"originalSize":[423,35],"rotated":1,"capInsets":[0,0,0,0]}],[0],0,[0],[0],[0]],[[{"name":"win_img","rect":[2,995,66,25],"offset":[0,0],"originalSize":[66,25],"capInsets":[0,0,0,0]}],[0],0,[0],[0],[0]],[[{"name":"JACKPOTFANTÁSTICO","rect":[104,988,285,28],"offset":[0,0],"originalSize":[285,28],"capInsets":[0,0,0,0]}],[0],0,[0],[0],[0]],[[{"name":"Fruit_btn_anto","rect":[2,154,108,81],"offset":[0,0],"originalSize":[108,81],"capInsets":[0,0,0,0]}],[0],0,[0],[0],[0]],[[{"name":"Fruit_btn_bet","rect":[152,887,96,81],"offset":[0,0],"originalSize":[96,81],"rotated":1,"capInsets":[0,0,0,0]}],[0],0,[0],[0],[0]],[[{"name":"Fruit_btn_sub0","rect":[466,957,59,65],"offset":[0,0],"originalSize":[59,65],"capInsets":[0,0,0,0]}],[0],0,[0],[0],[0]],[[{"name":"Fruit_img_bet","rect":[2,350,219,64],"offset":[0,0],"originalSize":[219,64],"rotated":1,"capInsets":[0,0,0,0]}],[0],0,[0],[0],[0]],[[{"name":"img_wzzsk","rect":[2,93,847,59],"offset":[0,0],"originalSize":[847,59],"capInsets":[0,0,0,0]}],[0],0,[0],[0],[0]],[[{"name":"free spin","rect":[855,2,146,26],"offset":[0,0],"originalSize":[146,26],"capInsets":[0,0,0,0]}],[0],0,[0],[0],[0]],[[{"name":"Fruit_btn_anto1","rect":[112,221,118,91],"offset":[0,0],"originalSize":[118,91],"rotated":1,"capInsets":[0,0,0,0]}],[0],0,[0],[0],[0]],[[{"name":"Fruit_btn_stop0","rect":[694,208,233,81],"offset":[0,0],"originalSize":[233,81],"rotated":1,"capInsets":[0,0,0,0]}],[0],0,[0],[0],[0]],[[{"name":"Fruit_btn_freespin1","rect":[777,574,233,81],"offset":[0,0],"originalSize":[233,81],"capInsets":[0,0,0,0]}],[0],0,[0],[0],[0]],[[{"name":"img_suo","rect":[983,101,36,46],"offset":[0,0],"originalSize":[36,46],"capInsets":[0,0,0,0]}],[0],0,[0],[0],[0]],[[{"name":"good luck","rect":[68,350,210,45],"offset":[0,0],"originalSize":[210,45],"rotated":1,"capInsets":[0,0,0,0]}],[0],0,[0],[0],[0]],[[{"name":"Fruit_img_top","rect":[2,574,419,65],"offset":[0,0],"originalSize":[419,65],"rotated":1,"capInsets":[0,0,0,0]}],[0],0,[0],[0],[0]],[[{"name":"Fruit_btn_fast1","rect":[2,237,96,81],"offset":[0,0],"originalSize":[96,81],"capInsets":[0,0,0,0]}],[0],0,[0],[0],[0]],[[{"name":"Fruit_btn_help","rect":[694,678,66,81],"offset":[0,0],"originalSize":[66,81],"rotated":1,"capInsets":[0,0,0,0]}],[0],0,[0],[0],[0]],[[{"name":"JACKPOTCOMUM","rect":[777,740,225,22],"offset":[0,0],"originalSize":[225,22],"capInsets":[0,0,0,0]}],[0],0,[0],[0],[0]],[[{"name":"Fruit_btn_add0","rect":[588,957,59,65],"offset":[0,0],"originalSize":[59,65],"capInsets":[0,0,0,0]}],[0],0,[0],[0],[0]]]]