[1,["ecpdLyjvZBwrvm+cedCcQy","ceN730aPlLqbm0sCAwfrNe","a2MjXRFdtLlYQ5ouAFv/+R","13Yke209xEQa4fnP2jgx75","df5zmutlNCgpPfZoIiDqcx","eeZZT1RIdCVbUolvk52zMj","36tlaeL4BBeZF7YPn7opNv","a3vKSXtUxPPrTqkUbCTnkj","6eyQ16OWhPpa5aur4fgF/N","cdy8DFw1BHF7wSFKiHsnwm","2bSVkGln5IqoC7tsKVe9kT","45/ybxKh9CraSwepxWxIkK"],["node","_spriteFrame","_N$file","spriteFrame","root","data","_parent","_N$dragonAsset","_N$dragonAtlasAsset","_textureSetter"],[["cc.Node",["_name","_active","_opacity","_prefab","_children","_components","_contentSize","_trs","_parent","_color"],0,4,2,9,5,7,1,5],["cc.Widget",["_alignFlags","_originalWidth","_originalHeight","node"],0,1],["cc.PrefabInfo",["fileId","root"],2,1],["cc.Sprite",["_sizeMode","node","_materials","_spriteFrame"],2,1,3,6],["cc.Label",["_fontSize","_isSystemFontUsed","_N$horizontalAlign","_N$verticalAlign","_string","node","_materials","_N$file"],-2,1,3,6],"cc.SpriteFrame",["cc.BitmapFont",["_name","fontSize","_fntConfig"],0],["cc.Prefab",["_name"],2],["cc.BlockInputEvents",["node"],3,1],["cc.Button",["zoomScale","_N$transition","node"],1,1],["dragonBones.ArmatureDisplay",["_armatureName","_preCacheMode","_armatureKey","node","_materials","_N$dragonAsset","_N$dragonAtlasAsset"],0,1,3,6,6]],[[2,0,1,2],[0,0,8,5,3,6,7,2],[3,1,2,3,1],[0,0,1,8,4,3,7,3],[4,4,0,1,2,3,5,6,7,6],[6,0,1,2,4],[7,0,2],[0,0,1,4,5,3,6,7,3],[0,0,2,8,5,3,9,6,3],[0,0,8,4,3,2],[0,0,4,5,3,6,7,2],[0,0,8,4,5,3,6,7,2],[1,0,3,2],[1,0,1,2,3,4],[2,1,1],[3,0,1,2,3,2],[8,0,1],[9,0,1,2,3],[10,0,1,2,3,4,5,6,4],[4,0,1,2,3,5,6,7,5]],[[[[5,"bigwin",32,{"commonHeight":45,"fontSize":32,"atlasName":"C:\\Users\\40315\\Desktop\\ziti\\新建文件夹\\新建文件夹\\bigwin.png","fontDefDictionary":{"9":{"xOffset":0,"yOffset":0,"xAdvance":104,"rect":{"x":0,"y":0,"width":0,"height":0}},"32":{"xOffset":0,"yOffset":0,"xAdvance":13,"rect":{"x":0,"y":0,"width":0,"height":0}},"43":{"xOffset":0,"yOffset":-31,"xAdvance":69,"rect":{"x":0,"y":186,"width":68,"height":63}},"44":{"xOffset":0,"yOffset":6,"xAdvance":36,"rect":{"x":144,"y":192,"width":35,"height":58}},"45":{"xOffset":0,"yOffset":-17,"xAdvance":39,"rect":{"x":69,"y":192,"width":38,"height":33}},"46":{"xOffset":0,"yOffset":6,"xAdvance":36,"rect":{"x":108,"y":192,"width":35,"height":39}},"48":{"xOffset":0,"yOffset":-49,"xAdvance":70,"rect":{"x":228,"y":0,"width":69,"height":95}},"49":{"xOffset":0,"yOffset":-47,"xAdvance":50,"rect":{"x":170,"y":0,"width":49,"height":92}},"50":{"xOffset":0,"yOffset":-49,"xAdvance":69,"rect":{"x":367,"y":0,"width":68,"height":94}},"51":{"xOffset":0,"yOffset":-49,"xAdvance":68,"rect":{"x":367,"y":95,"width":67,"height":95}},"52":{"xOffset":0,"yOffset":-47,"xAdvance":73,"rect":{"x":155,"y":93,"width":72,"height":92}},"53":{"xOffset":0,"yOffset":-47,"xAdvance":67,"rect":{"x":435,"y":95,"width":66,"height":93}},"54":{"xOffset":0,"yOffset":-49,"xAdvance":69,"rect":{"x":298,"y":96,"width":68,"height":95}},"55":{"xOffset":0,"yOffset":-47,"xAdvance":66,"rect":{"x":436,"y":0,"width":65,"height":92}},"56":{"xOffset":0,"yOffset":-49,"xAdvance":70,"rect":{"x":228,"y":96,"width":69,"height":95}},"57":{"xOffset":0,"yOffset":-49,"xAdvance":69,"rect":{"x":298,"y":0,"width":68,"height":95}},"66":{"xOffset":0,"yOffset":-47,"xAdvance":74,"rect":{"x":96,"y":0,"width":73,"height":92}},"75":{"xOffset":0,"yOffset":-47,"xAdvance":79,"rect":{"x":0,"y":93,"width":78,"height":92}},"77":{"xOffset":0,"yOffset":-47,"xAdvance":96,"rect":{"x":0,"y":0,"width":95,"height":92}},"84":{"xOffset":0,"yOffset":-47,"xAdvance":76,"rect":{"x":79,"y":93,"width":75,"height":92}}},"kerningDict":{}}]],0,0,[0],[3],[1]],[[[6,"freeOverNode"],[7,"freeOverNode",false,[-3,-4],[[12,45,-2]],[14,-1],[5,1520,720],[760,360,0,0,0,0,1,1,1,1]],[8,"bg",160,1,[[15,0,-5,[0],1],[13,45,100,100,-6],[16,-7]],[0,"e79tUX0+VFa6nnU/kw4M1w",1],[4,4278190080],[5,1520,720]],[9,"node",1,[-8,-9,-10],[0,"97B/j9zV1KwKq1UzJaOKg8",1]],[10,"freeCloseBtn",[-13],[[2,-11,[7],8],[17,1.1,3,-12]],[0,"28vtjQey9N0LfbZzoNqDbd",1],[5,226,74],[0,-208.415,0,0,0,0,1,1,1,0]],[3,"freeoverConten",false,3,[4,-14],[0,"79yNytfDtJU79Yb+6F9ciL",1],[0,-43,0,0,0,0,1,1,1,1]],[3,"luckyBall",false,3,[-15,-16],[0,"14zYxDwQ5EW6ZOUek95CMH",1],[0,-232,0,0,0,0,1,1,1,1]],[11,"luckbtn",6,[-18],[[2,-17,[13],14]],[0,"51YC/9pZxEvIxPZw9hfyYm",1],[5,245,88],[150,0,0,0,0,0,1,1,1,1]],[1,"freeoverAni",3,[[18,"Armature",0,"136247b6-d3dc-4441-ae1f-9cfda3831ef9#dfe739ae-b653-4282-93df-6682220ea731",-19,[2],3,4]],[0,"77N3b/vyBJi5BWHbhSQ1tC",1],[5,921,682.0842875885701],[0,-259,0,0,0,0,1,1,1,1]],[1,"freeCloseTimeLabel",4,[[4,"10",28,false,1,1,-20,[5],6]],[0,"9aPyqhkm5MepoIa4rxZbdm",1],[5,33.25,40],[57.579,25.608,0,0,0,0,1,1,1,1]],[1,"freewinLabel",5,[[19,28,false,1,1,-21,[9],10]],[0,"39h20D0eNNBY3rk2ln2rDM",1],[5,473.38,40],[2.928,-77.803,0,0,0,0,1,1,1,1]],[1,"timeLab",7,[[4,"1",25,false,1,1,-22,[11],12]],[0,"f08lf9THhIW7pQg3hXbRsh",1],[5,16.41,40],[82,-5,0,0,0,0,1,1,1,1]],[1,"closebtn",6,[[2,-23,[15],16]],[0,"2dsoyZRGREn7K5rzPeZZhf",1],[5,227,86],[-150,0,0,0,0,0,1,1,1,1]]],0,[0,4,1,0,0,1,0,-1,2,0,-2,3,0,0,2,0,0,2,0,0,2,0,-1,8,0,-2,5,0,-3,6,0,0,4,0,0,4,0,-1,9,0,-2,10,0,-1,7,0,-2,12,0,0,7,0,-1,11,0,0,8,0,0,9,0,0,10,0,0,11,0,0,12,0,5,1,4,6,5,23],[0,0,0,0,0,0,0,0,0,0,0,0,0,0,0,0,0],[-1,1,-1,7,8,-1,2,-1,1,-1,2,-1,2,-1,1,-1,1],[0,2,0,3,4,0,5,0,6,0,7,0,8,0,9,0,10]],[[{"name":"bigwin","rect":[0,0,501,250],"offset":[-5.5,3],"originalSize":[512,256],"capInsets":[0,0,0,0]}],[5],0,[0],[9],[11]]]]