[1,["20cYxnUUxMeKdzZys58yyg"],["_textureSetter"],["cc.SpriteFrame"],0,[[[{"name":"guang_img4","rect":[2,68,151,63],"offset":[0,0],"originalSize":[151,63],"capInsets":[0,0,0,0]}],[0],0,[0],[0],[0]],[[{"name":"guang_img3","rect":[155,153,150,62],"offset":[0,0],"originalSize":[150,62],"rotated":1,"capInsets":[0,0,0,0]}],[0],0,[0],[0],[0]],[[{"name":"guang_img8","rect":[2,320,145,61],"offset":[0,0],"originalSize":[145,61],"capInsets":[0,0,0,0]}],[0],0,[0],[0],[0]],[[{"name":"guang_img7","rect":[2,133,151,60],"offset":[0,0],"originalSize":[151,60],"capInsets":[0,0,0,0]}],[0],0,[0],[0],[0]],[[{"name":"guang_img5","rect":[155,2,149,64],"offset":[0,0],"originalSize":[149,64],"rotated":1,"capInsets":[0,0,0,0]}],[0],0,[0],[0],[0]],[[{"name":"guang_img","rect":[151,305,146,61],"offset":[0,0],"originalSize":[146,61],"rotated":1,"capInsets":[0,0,0,0]}],[0],0,[0],[0],[0]],[[{"name":"guang_img1","rect":[2,257,147,61],"offset":[0,0],"originalSize":[147,61],"capInsets":[0,0,0,0]}],[0],0,[0],[0],[0]],[[{"name":"guang_img2","rect":[2,195,149,60],"offset":[0,0],"originalSize":[149,60],"capInsets":[0,0,0,0]}],[0],0,[0],[0],[0]],[[{"name":"guang_img6","rect":[2,2,151,64],"offset":[0,0],"originalSize":[151,64],"capInsets":[0,0,0,0]}],[0],0,[0],[0],[0]]]]