[1,["ecpdLyjvZBwrvm+cedCcQy","11e7e59ce","90VoR7VnRImabq9vzvJAY6","fdlphOHJNI/qE3qgkvCP0i","6bdeOfQ+BO1rKElaiL/Ai4","18aDz2EmNNQJJemM8R1fxZ","9aHND84k5CYITQNt0nY8cj","adMKMLVK1DAa/tnXFTWvEB","5aqoqCuVhG/oXGWxXgB4H8","feBRuYO2FD3p8KejV4Z9ki","00ABKwgoZILbfUfONSM9zR","68YH3zs4JGwa4EqBiIFqIQ","7cN+HpasRGV5QqQe1tKzFD","aeSGnOuCVKGJIBbx8VSB18","d05NyyaMBKlJ6mr+BJlXCu","07z1ECU7xPxLgVgOtgD3tf","fcHWVq9F9JQoMEWkOjG4BV","5fba+bGNFG1o1ZD5oSLrLL","4esFOCjI1FToTpBoT3mnP7","aftKdHh5xNB6sd1HPFPSU3","5fQlOJ0uNDX6BmWrF2Dyz3","77SG+6Yd1ApIQ1jYtbhtuw","1eMiRsR4tC1INgaPlvx+TH","87PyOKOsxBF7WmC8kxypXU","3c8Gr0LRBJa6di/jf83sb2","4fFPYb3gxH06WY2X6q+qgb","4dld1VnPRDFr0eJy3hi71y","28dPMNeRtKdIlz28GW1Bgs","9c+Mwmze5CgbfkDgBv8jK6","47/GbmJChNOqjkvtSlnAUg","25Ghdl2EtI+bJ0jAQnW+3t","99IO1zc0FNtbzU/50Ki5qb","7bzh4GVppPSqchBM7+1t7D","dfz4y/FdFF5bvgHkzULWP5","411jLAtzJJSpNwkKD+/LZB","58TMjhMg1CSbiZoBtrmSlw","1f6ifs6elEibqgi+OcVBLe","14Qj15+xhHdbsfPWKbf1Dy","9am3k+fApF1oZNy2P/Pjnl","5f7msKyBlMnbpXj3W4R6Hq","0delYJ3qtL1bqTkc1Gm9LW"],["node","_spriteFrame","_textureSetter","_N$dragonAsset","_N$dragonAtlasAsset","_defaultClip","_parent","root","rightAnimate","data"],["cc.SpriteFrame",["cc.Node",["_name","_active","_opacity","_prefab","_components","_contentSize","_parent","_trs","_children"],0,4,9,5,1,7,2],["cc.Sprite",["_sizeMode","_dstBlendFactor","node","_materials","_spriteFrame"],1,1,3,6],["cc.PrefabInfo",["fileId","root"],2,1],["cc.Animation",["playOnLoad","node","_clips","_defaultClip"],2,1,3,6],["dragonBones.ArmatureDisplay",["_armatureName","_preCacheMode","_armatureKey","_animationName","node","_materials","_N$dragonAsset","_N$dragonAtlasAsset"],-1,1,3,6,6],["cc.AnimationClip",["_name","_duration","wrapMode","curveData"],0,11],["dragonBones.DragonBonesAsset",["_name","_dragonBonesJson"],1],["cc.Prefab",["_name"],2],["cc.Node",["_name","_active","_parent","_components","_prefab","_contentSize","_trs"],1,1,12,4,5,7],["d3e9duBD5RJ27dxlE3bgmXp",["node","elementNode","rightAnimate"],3,1,2,1]],[[3,0,1,2],[2,2,3,4,1],[1,0,6,4,3,5,2],[1,0,1,6,8,3,7,3],[1,0,6,4,3,5,7,2],[2,1,2,3,4,2],[7,0,1,3],[1,0,1,6,4,3,5,7,3],[5,0,3,1,2,4,5,6,7,5],[6,0,1,2,3,4],[4,0,1,2,3,2],[1,0,1,8,4,3,3],[1,0,2,6,4,3,5,7,3],[2,2,3,1],[5,0,1,2,4,5,6,7,4],[8,0,2],[1,0,8,4,3,5,2],[1,0,1,8,4,3,7,3],[1,0,1,6,4,3,5,3],[9,0,1,2,3,4,5,6,3],[2,0,2,3,4,2],[10,0,1,2,1],[3,1,1],[4,0,1,2,2]],[[[[9,"q",2,2,[{},"paths",11,[{},"q22",11,[{},"props",11,[{"opacity":[{"frame":1.1333333333333333,"value":0},{"frame":1.6166666666666667,"value":150},{"frame":2,"value":0}]},"scale",12,[[[{"frame":0},"value",8,[0,1,1]],[{"frame":0.2833333333333333},"value",8,[0,1.2,1.2]],[{"frame":0.5666666666666667},"value",8,[0,1.2,1.2]],[{"frame":0.9166666666666666},"value",8,[0,1,1]]],11,11,11,11]]],"q-2",11,[{},"props",11,[{"opacity":[{"frame":0,"value":0},{"frame":0.48333333333333334,"value":150},{"frame":0.8666666666666667,"value":0}]},"scale",12,[[[{"frame":0},"value",8,[0,1,1]],[{"frame":0.2833333333333333},"value",8,[0,1.2,1.2]],[{"frame":0.5666666666666667},"value",8,[0,1.2,1.2]],[{"frame":0.9166666666666666},"value",8,[0,1,1]]],11,11,11,11]]],"q2",11,[{},"props",11,[{},"scale",12,[[[{"frame":0},"value",8,[0,1,1]],[{"frame":0.2833333333333333},"value",8,[0,1.2,1.2]],[{"frame":0.5666666666666667},"value",8,[0,1.2,1.2]],[{"frame":0.9166666666666666},"value",8,[0,1,1]]],11,11,11,11]]],"q",11,[{},"props",11,[{},"scale",12,[[[{"frame":0},"value",8,[0,1,1]],[{"frame":0.2833333333333333},"value",8,[0,1.2,1.2]],[{"frame":0.5666666666666667},"value",8,[0,1.2,1.2]],[{"frame":0.9166666666666666},"value",8,[0,1,1]]],11,11,11,11]]]]]]],0,0,[],[],[]],[[{"name":"08","rect":[135,239,118,125],"offset":[0,0],"originalSize":[118,125],"rotated":1,"capInsets":[0,0,0,0]}],[0],0,[0],[2],[1]],[[[6,"bouns_ske","{\"frameRate\":24,\"isGlobal\":0,\"armature\":[{\"defaultActions\":[{\"gotoAndPlay\":\"newAnimation\"}],\"type\":\"Armature\",\"frameRate\":24,\"skin\":[{\"name\":\"\",\"slot\":[{\"display\":[{\"path\":\"bonus/bgbga\",\"type\":\"image\",\"name\":\"bonus/bgbga\",\"transform\":{\"y\":-32.5,\"x\":-1}}],\"name\":\"bgbga\"},{\"display\":[{\"path\":\"bonus/wwww\",\"type\":\"image\",\"name\":\"bonus/wwww\",\"transform\":{\"y\":3.25,\"x\":0.9}}],\"name\":\"wwww\"},{\"display\":[{\"path\":\"bonus/BONUS\",\"type\":\"image\",\"name\":\"bonus/BONUS\",\"transform\":{\"y\":-0.85,\"x\":0.9}}],\"blendMode\":\"add\",\"name\":\"BONUS1\"},{\"display\":[{\"path\":\"bonus/BONUS\",\"type\":\"image\",\"name\":\"bonus/BONUS\",\"transform\":{\"y\":-0.85,\"x\":0.9}}],\"name\":\"BONUS\"},{\"display\":[{\"path\":\"bonus/qqq2\",\"type\":\"image\",\"name\":\"bonus/qqq2\",\"transform\":{\"y\":-0.6,\"x\":-0.85}}],\"name\":\"qqq2\"}]}],\"animation\":[{\"frame\":[],\"playTimes\":0,\"ffd\":[],\"duration\":18,\"slot\":[{\"frame\":[{\"tweenEasing\":null,\"duration\":5},{\"tweenEasing\":0,\"duration\":13},{\"tweenEasing\":null,\"color\":{\"aM\":0},\"duration\":0}],\"name\":\"BONUS1\"}],\"bone\":[{\"frame\":[{\"transform\":{},\"duration\":18}],\"name\":\"root\"},{\"frame\":[{\"transform\":{},\"duration\":18}],\"name\":\"bone\"},{\"frame\":[{\"tweenEasing\":0,\"transform\":{\"y\":-25.116,\"scX\":1.5,\"scY\":1.5},\"duration\":7},{\"tweenEasing\":0,\"transform\":{\"skX\":101.8182,\"y\":-2.816,\"skY\":101.8182,\"scX\":0.8,\"scY\":0.8},\"duration\":4},{\"transform\":{\"skX\":160,\"y\":-5.8844,\"skY\":160},\"duration\":7}],\"name\":\"qqq2\"},{\"frame\":[{\"transform\":{},\"duration\":18}],\"name\":\"BONUS\"},{\"frame\":[{\"transform\":{},\"duration\":8},{\"tweenEasing\":0,\"transform\":{},\"duration\":3},{\"tweenEasing\":0,\"transform\":{\"scX\":0.9,\"scY\":0.9},\"duration\":2},{\"transform\":{},\"duration\":5}],\"name\":\"wwww\"},{\"frame\":[{\"transform\":{},\"duration\":5},{\"tweenEasing\":0,\"transform\":{},\"duration\":13},{\"transform\":{\"scX\":1.8,\"scY\":1.8},\"duration\":0}],\"name\":\"BONUS1\"}],\"name\":\"newAnimation\",\"ik\":[]}],\"slot\":[{\"name\":\"bgbga\",\"parent\":\"root\",\"color\":{}},{\"z\":1,\"name\":\"wwww\",\"parent\":\"wwww\",\"color\":{}},{\"z\":2,\"name\":\"qqq2\",\"parent\":\"qqq2\",\"color\":{}},{\"z\":3,\"name\":\"BONUS\",\"parent\":\"BONUS\",\"color\":{}},{\"blendMode\":\"add\",\"z\":4,\"parent\":\"BONUS1\",\"name\":\"BONUS1\",\"color\":{}}],\"bone\":[{\"name\":\"root\",\"transform\":{}},{\"transform\":{},\"name\":\"bone\",\"parent\":\"root\"},{\"transform\":{\"y\":-64.9,\"x\":-2.15},\"name\":\"qqq2\",\"parent\":\"bone\"},{\"transform\":{\"y\":-20.65,\"x\":-2.4},\"name\":\"BONUS\",\"parent\":\"bone\"},{\"transform\":{\"y\":-80.25,\"x\":-2.4},\"name\":\"wwww\",\"parent\":\"bone\"},{\"transform\":{\"y\":-20.65,\"x\":-2.4},\"name\":\"BONUS1\",\"parent\":\"bone\"}],\"aabb\":{\"width\":130,\"y\":-107,\"height\":107,\"x\":-66},\"name\":\"Armature\",\"ik\":[]}],\"name\":\"bouns\",\"version\":\"5.0\"}"]],0,0,[],[],[]],[[{"name":"04","rect":[3,437,130,111],"offset":[0,0],"originalSize":[130,111],"rotated":1,"capInsets":[0,0,0,0]}],[0],0,[0],[2],[1]],[[[6,"qiuyuan02_ske","{\"frameRate\":24,\"isGlobal\":0,\"armature\":[{\"defaultActions\":[{\"gotoAndPlay\":\"newAnimation\"}],\"type\":\"Armature\",\"frameRate\":24,\"skin\":[{\"name\":\"\",\"slot\":[{\"display\":[{\"path\":\"qiuyuan02/图层_2\",\"type\":\"image\",\"name\":\"qiuyuan02/图层_2\",\"transform\":{\"y\":4.5}}],\"name\":\"图层_2\"},{\"display\":[{\"path\":\"qiuyuan02/图层_3\",\"type\":\"image\",\"name\":\"qiuyuan02/图层_3\",\"transform\":{\"y\":-2.2013,\"x\":-3.75}}],\"name\":\"图层_3\"}]}],\"animation\":[{\"frame\":[],\"playTimes\":0,\"ffd\":[],\"duration\":41,\"slot\":[],\"bone\":[{\"frame\":[{\"transform\":{},\"duration\":41}],\"name\":\"root\"},{\"frame\":[{\"tweenEasing\":0,\"transform\":{},\"duration\":5},{\"tweenEasing\":0,\"transform\":{\"y\":-13.276},\"duration\":3},{\"tweenEasing\":0,\"transform\":{\"skX\":-10,\"y\":-13.276,\"skY\":-10},\"duration\":3},{\"tweenEasing\":0,\"transform\":{\"y\":-13.276},\"duration\":3},{\"tweenEasing\":0,\"transform\":{\"skX\":10,\"y\":-13.276,\"skY\":10},\"duration\":3},{\"tweenEasing\":0,\"transform\":{\"y\":-13.276},\"duration\":3},{\"tweenEasing\":0,\"transform\":{\"skX\":-10,\"y\":-13.276,\"skY\":-10},\"duration\":3},{\"tweenEasing\":0,\"transform\":{\"y\":-13.276},\"duration\":3},{\"tweenEasing\":0,\"transform\":{\"skX\":10,\"y\":-13.276,\"skY\":10},\"duration\":3},{\"tweenEasing\":0,\"transform\":{\"y\":-13.276},\"duration\":3},{\"tweenEasing\":0,\"transform\":{\"skX\":-10,\"y\":-13.276,\"skY\":-10},\"duration\":3},{\"tweenEasing\":0,\"transform\":{\"y\":-13.276},\"duration\":3},{\"tweenEasing\":0,\"transform\":{\"skX\":10,\"y\":-13.276,\"skY\":10},\"duration\":3},{\"transform\":{\"y\":-13.276},\"duration\":0}],\"name\":\"bone\"},{\"frame\":[{\"transform\":{},\"duration\":8},{\"tweenEasing\":0,\"transform\":{},\"duration\":4},{\"tweenEasing\":0,\"transform\":{\"scY\":0.183},\"duration\":2},{\"tweenEasing\":0,\"transform\":{},\"duration\":11},{\"tweenEasing\":0,\"transform\":{},\"duration\":4},{\"tweenEasing\":0,\"transform\":{\"scY\":0.183},\"duration\":2},{\"transform\":{},\"duration\":10}],\"name\":\"bone1\"}],\"name\":\"newAnimation\",\"ik\":[]}],\"slot\":[{\"name\":\"图层_2\",\"parent\":\"bone\",\"color\":{}},{\"z\":1,\"name\":\"图层_3\",\"parent\":\"bone1\",\"color\":{}}],\"bone\":[{\"name\":\"root\",\"transform\":{\"y\":-95.6513}},{\"transform\":{},\"name\":\"bone\",\"parent\":\"root\"},{\"transform\":{\"y\":13.7013,\"x\":20.25},\"name\":\"bone1\",\"parent\":\"bone\"}],\"aabb\":{\"width\":170,\"y\":-182.65130898816363,\"height\":183,\"x\":-85},\"name\":\"Armature\",\"ik\":[]}],\"name\":\"qiuyuan02\",\"version\":\"5.0\"}"]],0,0,[],[],[]],[[{"name":"12","rect":[266,239,130,107],"offset":[0,0],"originalSize":[130,107],"rotated":1,"capInsets":[0,0,0,0]}],[0],0,[0],[2],[1]],[[{"name":"11","rect":[379,221,122,122],"offset":[0,0],"originalSize":[122,122],"capInsets":[0,0,0,0]}],[0],0,[0],[2],[1]],[[{"name":"10","rect":[120,496,118,118],"offset":[-0.5,0],"originalSize":[119,118],"capInsets":[0,0,0,0]}],[0],0,[0],[2],[1]],[[{"name":"06","rect":[379,97,118,127],"offset":[0,0],"originalSize":[118,127],"rotated":1,"capInsets":[0,0,0,0]}],[0],0,[0],[2],[1]],[[[6,"minor_ske","{\"frameRate\":24,\"isGlobal\":0,\"armature\":[{\"defaultActions\":[{\"gotoAndPlay\":\"newAnimation\"}],\"type\":\"Armature\",\"frameRate\":24,\"skin\":[{\"name\":\"\",\"slot\":[{\"display\":[{\"path\":\"MINOR/MINOR\",\"type\":\"image\",\"name\":\"MINOR/MINOR\",\"transform\":{\"y\":-1.1,\"x\":2.7}}],\"blendMode\":\"add\",\"name\":\"MINOR1\"},{\"display\":[{\"path\":\"MINOR/组_50\",\"type\":\"image\",\"name\":\"MINOR/组_50\",\"transform\":{\"y\":-32.5}}],\"name\":\"组_50\"},{\"display\":[{\"path\":\"MINOR/qqqq\",\"type\":\"image\",\"name\":\"MINOR/qqqq\",\"transform\":{\"y\":-1.2,\"x\":-0.65}}],\"name\":\"qqqq\"},{\"display\":[{\"path\":\"MINOR/组_1\",\"type\":\"image\",\"name\":\"MINOR/组_1\",\"transform\":{\"skX\":-180,\"y\":-0.4,\"skY\":-180,\"x\":-0.15}}],\"name\":\"组_1\"},{\"display\":[{\"path\":\"MINOR/MINOR\",\"type\":\"image\",\"name\":\"MINOR/MINOR\",\"transform\":{\"y\":-1.1,\"x\":2.7}}],\"name\":\"MINOR\"}]}],\"animation\":[{\"frame\":[],\"playTimes\":0,\"ffd\":[],\"duration\":18,\"slot\":[{\"frame\":[{\"tweenEasing\":null,\"duration\":5},{\"tweenEasing\":0,\"duration\":13},{\"tweenEasing\":null,\"color\":{\"aM\":0},\"duration\":0}],\"name\":\"MINOR1\"}],\"bone\":[{\"frame\":[{\"transform\":{},\"duration\":18}],\"name\":\"root\"},{\"frame\":[{\"transform\":{},\"duration\":18}],\"name\":\"bone\"},{\"frame\":[{\"tweenEasing\":0,\"transform\":{\"y\":-25.116,\"scX\":1.5,\"scY\":1.5},\"duration\":7},{\"tweenEasing\":0,\"transform\":{\"skX\":101.8182,\"y\":-2.816,\"skY\":101.8182,\"scX\":0.8,\"scY\":0.8},\"duration\":4},{\"transform\":{\"skX\":160,\"y\":-5.8844,\"skY\":160},\"duration\":7}],\"name\":\"qqqq\"},{\"frame\":[{\"transform\":{},\"duration\":18}],\"name\":\"MINOR\"},{\"frame\":[{\"transform\":{},\"duration\":7},{\"tweenEasing\":0,\"transform\":{},\"duration\":3},{\"tweenEasing\":0,\"transform\":{\"scX\":0.9,\"scY\":0.9},\"duration\":2},{\"transform\":{},\"duration\":6}],\"name\":\"组_1\"},{\"frame\":[{\"transform\":{},\"duration\":5},{\"tweenEasing\":0,\"transform\":{},\"duration\":13},{\"transform\":{\"scX\":1.8,\"scY\":1.8},\"duration\":0}],\"name\":\"MINOR1\"}],\"name\":\"newAnimation\",\"ik\":[]}],\"slot\":[{\"name\":\"组_50\",\"parent\":\"root\",\"color\":{}},{\"z\":1,\"name\":\"组_1\",\"parent\":\"组_1\",\"color\":{}},{\"z\":2,\"name\":\"qqqq\",\"parent\":\"qqqq\",\"color\":{}},{\"z\":3,\"name\":\"MINOR\",\"parent\":\"MINOR\",\"color\":{}},{\"blendMode\":\"add\",\"z\":4,\"parent\":\"MINOR1\",\"name\":\"MINOR1\",\"color\":{}}],\"bone\":[{\"name\":\"root\",\"transform\":{}},{\"transform\":{},\"name\":\"bone\",\"parent\":\"root\"},{\"transform\":{\"y\":-64.3,\"x\":-1.35},\"name\":\"qqqq\",\"parent\":\"bone\"},{\"transform\":{\"y\":-20.4,\"x\":-2.7},\"name\":\"MINOR\",\"parent\":\"bone\"},{\"transform\":{\"skX\":180,\"y\":-77.4,\"skY\":180,\"x\":-0.65},\"name\":\"组_1\",\"parent\":\"bone\"},{\"transform\":{\"y\":-20.4,\"x\":-2.7},\"name\":\"MINOR1\",\"parent\":\"bone\"}],\"aabb\":{\"width\":130,\"y\":-107,\"height\":107,\"x\":-65},\"name\":\"Armature\",\"ik\":[]}],\"name\":\"minor\",\"version\":\"5.0\"}"]],0,0,[],[],[]],[[{"name":"09","rect":[3,189,118,126],"offset":[0,0],"originalSize":[118,126],"rotated":1,"capInsets":[0,0,0,0]}],[0],0,[0],[2],[1]],[[[6,"wild_ske","{\"frameRate\":24,\"isGlobal\":0,\"armature\":[{\"defaultActions\":[{\"gotoAndPlay\":\"newAnimation\"}],\"type\":\"Armature\",\"frameRate\":24,\"skin\":[{\"name\":\"\",\"slot\":[{\"display\":[{\"path\":\"wild/bg\",\"type\":\"image\",\"name\":\"wild/bg\",\"transform\":{\"y\":-82,\"x\":-1}}],\"name\":\"bg\"},{\"display\":[{\"path\":\"wild/图层_6\",\"type\":\"image\",\"name\":\"wild/图层_6\",\"transform\":{\"y\":-0.2397,\"x\":0.0151}}],\"name\":\"图层_6\"},{\"display\":[{\"path\":\"wild/wzi\",\"type\":\"image\",\"name\":\"wild/wzi\",\"transform\":{\"y\":13.05,\"x\":3.4}}],\"name\":\"wzi\"},{\"display\":[{\"path\":\"wild/图层_7\",\"type\":\"image\",\"name\":\"wild/图层_7\",\"transform\":{\"y\":6.05,\"x\":7}}],\"blendMode\":\"add\",\"name\":\"图层_7\"}]}],\"animation\":[{\"frame\":[],\"playTimes\":0,\"ffd\":[],\"duration\":30,\"slot\":[{\"frame\":[{\"tweenEasing\":0,\"duration\":15},{\"tweenEasing\":0,\"color\":{\"aM\":0},\"duration\":1},{\"tweenEasing\":0,\"duration\":14},{\"tweenEasing\":null,\"color\":{\"aM\":0},\"duration\":0}],\"name\":\"图层_7\"}],\"bone\":[{\"frame\":[{\"transform\":{},\"duration\":30}],\"name\":\"root\"},{\"frame\":[{\"transform\":{},\"duration\":30}],\"name\":\"bone\"},{\"frame\":[{\"transform\":{},\"duration\":30}],\"name\":\"wzi\"},{\"frame\":[{\"tweenEasing\":0,\"transform\":{},\"duration\":15},{\"tweenEasing\":0,\"transform\":{\"skX\":90,\"skY\":90},\"duration\":15},{\"transform\":{\"skX\":180,\"skY\":180},\"duration\":0}],\"name\":\"图层_6\"},{\"frame\":[{\"tweenEasing\":0,\"transform\":{},\"duration\":15},{\"tweenEasing\":0,\"transform\":{\"scX\":1.7,\"scY\":1.7},\"duration\":1},{\"tweenEasing\":0,\"transform\":{},\"duration\":14},{\"transform\":{\"scX\":1.7,\"scY\":1.7},\"duration\":0}],\"name\":\"图层_71\"}],\"name\":\"newAnimation\",\"ik\":[]}],\"slot\":[{\"name\":\"bg\",\"parent\":\"root\",\"color\":{}},{\"z\":1,\"name\":\"图层_6\",\"parent\":\"图层_6\",\"color\":{}},{\"z\":2,\"name\":\"wzi\",\"parent\":\"wzi\",\"color\":{}},{\"blendMode\":\"add\",\"z\":3,\"parent\":\"图层_71\",\"name\":\"图层_7\",\"color\":{}}],\"bone\":[{\"name\":\"root\",\"transform\":{}},{\"transform\":{},\"name\":\"bone\",\"parent\":\"root\"},{\"transform\":{\"y\":-82.55,\"x\":-3.4},\"name\":\"wzi\",\"parent\":\"bone\"},{\"transform\":{\"y\":-83.82,\"x\":-0.5151},\"name\":\"图层_6\",\"parent\":\"bone\"},{\"transform\":{\"y\":-84.55,\"x\":-7},\"name\":\"图层_71\",\"parent\":\"bone\"}],\"aabb\":{\"width\":166,\"y\":-164,\"height\":164,\"x\":-83},\"name\":\"Armature\",\"ik\":[]}],\"name\":\"wild\",\"version\":\"5.0\"}"]],0,0,[],[],[]],[[[9,"10",2,2,[{},"paths",11,[{},"10",11,[{},"props",11,[{},"scale",12,[[[{"frame":0},"value",8,[0,1,1]],[{"frame":0.2833333333333333},"value",8,[0,1.2,1.2]],[{"frame":0.5666666666666667},"value",8,[0,1.2,1.2]],[{"frame":0.9166666666666666},"value",8,[0,1,1]]],11,11,11,11]]],"102",11,[{},"props",11,[{"opacity":[{"frame":0,"value":0},{"frame":0.5833333333333334,"value":150},{"frame":1.0833333333333333,"value":0}]},"scale",12,[[[{"frame":0},"value",8,[0,1,1]],[{"frame":0.2833333333333333},"value",8,[0,1.2,1.2]],[{"frame":0.5666666666666667},"value",8,[0,1.2,1.2]],[{"frame":0.9166666666666666},"value",8,[0,1,1]]],11,11,11,11]]],"10-22",11,[{},"props",11,[{"opacity":[{"frame":0.9166666666666666,"value":0},{"frame":1.5,"value":150},{"frame":2,"value":0}]},"scale",12,[[[{"frame":0},"value",8,[0,1,1]],[{"frame":0.2833333333333333},"value",8,[0,1.2,1.2]],[{"frame":0.5666666666666667},"value",8,[0,1.2,1.2]],[{"frame":0.9166666666666666},"value",8,[0,1,1]]],11,11,11,11]]],"10-2",11,[{},"props",11,[{},"scale",12,[[[{"frame":0},"value",8,[0,1,1]],[{"frame":0.2833333333333333},"value",8,[0,1.2,1.2]],[{"frame":0.5666666666666667},"value",8,[0,1.2,1.2]],[{"frame":0.9166666666666666},"value",8,[0,1,1]]],11,11,11,11]]]]]]],0,0,[],[],[]],[[{"name":"14","rect":[256,375,130,107],"offset":[0,0],"originalSize":[130,107],"rotated":1,"capInsets":[0,0,0,0]}],[0],0,[0],[2],[1]],[[[9,"k",2,2,[{"props":{"scale":[],"opacity":[]}},"paths",11,[{},"k2-222",11,[{},"props",11,[{"opacity":[{"frame":1.1333333333333333,"value":0},{"frame":1.6166666666666667,"value":150},{"frame":2,"value":0}]},"scale",12,[[[{"frame":0},"value",8,[0,1,1]],[{"frame":0.2833333333333333},"value",8,[0,1.2,1.2]],[{"frame":0.5666666666666667},"value",8,[0,1.2,1.2]],[{"frame":0.9166666666666666},"value",8,[0,1,1]]],11,11,11,11]]],"k-222",11,[{},"props",11,[{"opacity":[{"frame":0,"value":0},{"frame":0.48333333333333334,"value":150},{"frame":0.8666666666666667,"value":0}]},"scale",12,[[[{"frame":0},"value",8,[0,1,1]],[{"frame":0.2833333333333333},"value",8,[0,1.2,1.2]],[{"frame":0.5666666666666667},"value",8,[0,1.2,1.2]],[{"frame":0.9166666666666666},"value",8,[0,1,1]]],11,11,11,11]]],"k2",11,[{},"props",11,[{},"scale",12,[[[{"frame":0},"value",8,[0,1,1]],[{"frame":0.2833333333333333},"value",8,[0,1.2,1.2]],[{"frame":0.5666666666666667},"value",8,[0,1.2,1.2]],[{"frame":0.9166666666666666},"value",8,[0,1,1]]],11,11,11,11]]],"k",11,[{},"props",11,[{},"scale",12,[[[{"frame":0},"value",8,[0,1,1]],[{"frame":0.2833333333333333},"value",8,[0,1.2,1.2]],[{"frame":0.5666666666666667},"value",8,[0,1.2,1.2]],[{"frame":0.9166666666666666},"value",8,[0,1,1]]],11,11,11,11]]]]]]],0,0,[],[],[]],[[{"name":"03","rect":[244,511,126,105],"offset":[0,0],"originalSize":[126,105],"rotated":1,"capInsets":[0,0,0,0]}],[0],0,[0],[2],[1]],[[{"name":"07","rect":[3,313,118,125],"offset":[0,0],"originalSize":[118,125],"rotated":1,"capInsets":[0,0,0,0]}],[0],0,[0],[2],[1]],[[[15,"CricketSlotItem"],[16,"GaneshSlotItem",[-19,-20,-21,-22,-23,-24,-25,-26,-27,-28,-29,-30,-31,-32,-33,-34],[[13,-2,[109]],[21,-18,[-4,-5,-6,-7,-8,-9,-10,-11,-12,-13,-14,-15,-16,-17],-3]],[22,-1],[5,148,133]],[11,"animateNode",false,[-36,-37,-38,-39],[[10,true,-35,[10],9]],[0,"79KIs7T0lM0K+fv1fS/qmF",1]],[11,"animateNode",false,[-41,-42,-43,-44],[[10,true,-40,[22],21]],[0,"9a3dWvukBHWI97Nb+HMSu+",1]],[11,"animateNode",false,[-46,-47,-48,-49],[[10,true,-45,[34],33]],[0,"0fg9HcochPkY3hVkvTpGWH",1]],[11,"animateNode",false,[-51,-52,-53,-54],[[10,true,-50,[46],45]],[0,"fdjFtddi9FLK27ynTcjOaE",1]],[17,"animateNode",false,[-56,-57,-58,-59],[[10,true,-55,[58],57]],[0,"5fCY6TfhlI0pa0M9XOTEZH",1],[0,0,0,0,0,0,1,1,1,0]],[3,"9",false,1,[2,-60],[0,"60BgoNhVZEHI0YTgtn+kUC",1],[0,4.234,0,0,0,0,1,1,1,1]],[3,"10",false,1,[3,-61],[0,"f3bYkfvCVO5LQpYfVZ3B1u",1],[0,5.927,0,0,0,0,1,1,1,1]],[3,"J",false,1,[4,-62],[0,"67xw90scVDuKbz6BuCedDk",1],[0,0,0,0,0,0,1,0.95,0.95,1]],[3,"Q",false,1,[5,-63],[0,"aa8z9PxaZDfozAdqiGvXwF",1],[0,3.387,0,0,0,0,1,0.95,0.95,1]],[3,"K",false,1,[6,-64],[0,"b6BWjUg8xJK5l4SotDwlMB",1],[0,7.585,0,0,0,0,1,1,1,1]],[3,"qiupai",false,1,[-65,-66],[0,"6faHywkRpLzbuabr6W99nQ",1],[2,3,0,0,0,0,1,1,1,1]],[3,"touqiu",false,1,[-67,-68],[0,"35XdQWFeJAzqW+bVno2h/Q",1],[3,6,0,0,0,0,1,1,1,1]],[3,"jiqiu",false,1,[-69,-70],[0,"14wq1eV3hDib7qRyCs/6zp",1],[3,6,0,0,0,0,1,1,1,1]],[3,"jieqiu",false,1,[-71,-72],[0,"bfx4DuMDNCerEro7t4uNLF",1],[3,6,0,0,0,0,1,1,1,1]],[3,"menzhu",false,1,[-73,-74],[0,"73fi8m6z1LC6WQS7tjv2sL",1],[0,9.43,0,0,0,0,1,1,1,1]],[3,"jiapai",false,1,[-75,-76],[0,"5ddISMWqpPsLpsOLsllfqh",1],[0,4,0,0,0,0,1,1,1,1]],[3,"tongbei",false,1,[-77,-78],[0,"3cLGZ0GPBCZpuwSaciQNMc",1],[0,4,0,0,0,0,1,1,1,1]],[3,"yingbei",false,1,[-79,-80],[0,"1b0GBvtZJJZJDEaP1kXFwJ",1],[0,2.458,0,0,0,0,1,1,1,1]],[3,"jingbei",false,1,[-81,-82],[0,"61iJW0EVtD2q+G83bZSeWK",1],[0,2.458,0,0,0,0,1,1,1,1]],[19,"animateNode",false,1,[[[20,0,-83,[106],107],-84],4,1],[0,"2ea+QJiytEmopZdu7Qxw1e",1],[5,250,250],[-3.598,7,0,0,0,0,1,1.05,1.05,1]],[18,"sign",false,1,[[13,-85,[0]]],[0,"10BNkvvt1OjKJcGo9W9quO",1],[5,180,194]],[2,"9",2,[[1,-86,[1],2]],[0,"10t3dAznlEZYyiUrSRS0d/",1],[5,127,116]],[2,"91",2,[[5,1,-87,[3],4]],[0,"26iZHD8kZDi5vQRj7/GWq+",1],[5,127,116]],[2,"92",2,[[1,-88,[5],6]],[0,"08f+809XpIvoexJNGi1fC0",1],[5,127,116]],[2,"922",2,[[5,1,-89,[7],8]],[0,"a1rCKbIglOSa/344IaZG2u",1],[5,127,116]],[2,"item",7,[[1,-90,[11],12]],[0,"23XiSd8iZG17P529tzq2Tj",1],[5,127,116]],[2,"10",3,[[1,-91,[13],14]],[0,"efsKB/3d5D+4hwsqpSLZja",1],[5,127,110]],[2,"102",3,[[5,1,-92,[15],16]],[0,"cd4//hdTpFfavOJp7Z/m0D",1],[5,127,110]],[2,"10-2",3,[[1,-93,[17],18]],[0,"abqW7lylJM9aK5aCs4Bhus",1],[5,127,110]],[2,"10-22",3,[[5,1,-94,[19],20]],[0,"5ezuapydxHk7IrRAgEGC6O",1],[5,127,110]],[2,"item",8,[[1,-95,[23],24]],[0,"bbHVFIXJFDjZNaP1CCyike",1],[5,127,110]],[2,"j",4,[[1,-96,[25],26]],[0,"59shm4D7tA37u8ttglIF+L",1],[5,126,105]],[2,"j2",4,[[5,1,-97,[27],28]],[0,"c3PjCWrgRDY64VTdJyCim1",1],[5,126,105]],[2,"j-2",4,[[1,-98,[29],30]],[0,"abq8p2NHVFBpC092eMhCWR",1],[5,126,105]],[2,"j-22",4,[[5,1,-99,[31],32]],[0,"54AEHOnJNGhrINd+RCreo+",1],[5,126,105]],[4,"item",9,[[1,-100,[35],36]],[0,"c4nEByG95Ahq6jEAI2uIr8",1],[5,126,105],[0,4,0,0,0,0,1,1,1,1]],[2,"q",5,[[1,-101,[37],38]],[0,"f9ehQVe3BN/abE5yfVWxzV",1],[5,130,111]],[2,"q-2",5,[[5,1,-102,[39],40]],[0,"b48/EzhBFGvrPjMHP8c2XQ",1],[5,130,111]],[2,"q2",5,[[1,-103,[41],42]],[0,"97kbzBlUhLko+djpwLT5Xz",1],[5,130,111]],[2,"q22",5,[[5,1,-104,[43],44]],[0,"5aTdiyGxhKUIf8nOCDttQK",1],[5,130,111]],[2,"item",10,[[1,-105,[47],48]],[0,"001I0n2QdHq4tO4ihf/B0V",1],[5,130,111]],[4,"k",6,[[1,-106,[49],50]],[0,"0emrCCmvlOHb7xwtfWOY9K",1],[5,129,101],[0,0,0,0,0,0,1,1,1,0]],[12,"k-222",0,6,[[5,1,-107,[51],52]],[0,"60RqMm6L9G5rs+yhHjcXpf",1],[5,129,101],[0,0,0,0,0,0,1,1,1,0]],[4,"k2",6,[[1,-108,[53],54]],[0,"63+xjawiZLgbbOR7S66lDh",1],[5,129,101],[0,0,0,0,0,0,1,1,1,0]],[12,"k2-222",0,6,[[5,1,-109,[55],56]],[0,"edKozgNIZK/LfP0e24GBoJ",1],[5,129,101],[0,0,0,0,0,0,1,1,1,0]],[2,"item",11,[[1,-110,[59],60]],[0,"b8Lvg1lcFOf6rfj5U46PlL",1],[5,129,101]],[7,"animateNode",false,12,[[8,"Armature","newAnimation",0,"ae4869ce-b825-4a18-9201-6f1f15481d7c#d0e4dcb2-68c0-4a94-9ea6-afe0499570ae",-111,[61],62,63]],[0,"b5FmR0ZGBBnpRhlNfXnljv",1],[5,169,180],[1,-56.708,0,0,0,0,1,0.65,0.65,0.65]],[4,"item",12,[[1,-112,[64],65]],[0,"18MhkWUVxOp4Iy5ZigGtJV",1],[5,118,125],[1.186,-0.357,0,0,0,0,1,1,1,1]],[7,"animateNode",false,13,[[14,"Armature",0,"fc1d656a-f45f-4942-8304-5a43a31b8055#5f6daf9b-18d1-46d6-8d59-0f9a122eb2cb",-113,[66],67,68]],[0,"4eXqaKipxOzoGFO2qhuTU+",1],[5,170,183],[0,-61.453,0,0,0,0,1,0.65,0.65,1]],[4,"item",13,[[1,-114,[69],70]],[0,"91J7o/CZRLbYPK+aU/jB3f",1],[5,118,126],[0,-4.631,0,0,0,0,1,1,1,1]],[7,"animateNode",false,14,[[8,"Armature","newAnimation",0,"afb4a747-879c-4d07-ab1d-d473c53d2537#5f425389-d2e3-435f-a066-5ab1760f2cf7",-115,[71],72,73]],[0,"3eGt6YkVpLsbw7ssxt0I+l",1],[5,169,180],[-1,-60.499,0,0,0,0,1,0.65,0.65,0.65]],[4,"item",14,[[1,-116,[74],75]],[0,"e2KUFyL+lKi7+RBWvzHGNI",1],[5,118,125],[-0.829,-3.686,0,0,0,0,1,1,1,1]],[7,"animateNode",false,15,[[14,"Armature",0,"1e32246c-478b-42d4-8360-68f96fc7e4c7#873f238a-3acc-4117-b5a6-0bc931ca95d4",-117,[76],77,78]],[0,"8aSONICGlDMbrlzIkj4rR6",1],[5,170,183],[0,-60.367,0,0,0,0,1,0.65,0.65,1]],[4,"item",15,[[1,-118,[79],80]],[0,"04Vm/ZJ79N1JYZV9BvvDUy",1],[5,118,127],[0,-3.12,0,0,0,0,1,1,1,1]],[7,"animateNode",false,16,[[8,"Armature","newAnimation",0,"4f14f61b-de0c-47d3-a598-d97eaafaa81b#4d95dd55-9cf4-4316-bd1e-272de18bbd72",-119,[81],82,83]],[0,"81bEjm8mdENaMruX4e0OH/",1],[5,166,164],[0,-59.836,0,0,0,0,1,0.68,0.68,1]],[4,"item",16,[[1,-120,[84],85]],[0,"541D+lmHdNtqen/TW6U3u3",1],[5,119,118],[0.448,-6.751,0,0,0,0,1,1,1,1]],[7,"animateNode",false,17,[[8,"Armature","newAnimation",0,"9cf8cc26-cdee-4281-b7e4-0e006ff232ba#47fc66e6-2428-4d3a-a8e4-bed4a59c0520",-121,[86],87,88]],[0,"72/0L89EdBAKY/ykDyU6c9",1],[5,235,231],[-2.056,-57.482,0,0,0,0,1,0.5,0.5,1]],[4,"item",17,[[1,-122,[89],90]],[0,"eaL3HUQqNCX4OZLFFUhaJk",1],[5,122,122],[-2.084,0,0,0,0,0,1,1,1,1]],[7,"animateNode",false,18,[[8,"Armature","newAnimation",0,"9920ed73-7341-4db5-bcd4-ff9d0a8b9a9b#7bce1e06-569a-4f4a-a721-04cefed6dec3",-123,[91],92,93]],[0,"44EEoCUrdAiIctZOY8z6F2",1],[5,130,107],[0,-68.197,0,0,0,0,1,1,1,1]],[4,"item",18,[[1,-124,[94],95]],[0,"74/lkCTeRNabPoBDkLiwgi",1],[5,130,107],[0,-13.213,0,0,0,0,1,1,1,1]],[7,"animateNode",false,19,[[8,"Armature","newAnimation",0,"41d632c0-b732-494a-9370-90a0fefcb641#584cc8e1-320d-4249-b899-a01b6b992970",-125,[96],97,98]],[0,"25m+ujmVdDsqJUqK49lgbN",1],[5,130,107],[0,-63.57,0,0,0,0,1,1,1,1]],[4,"item",19,[[1,-126,[99],100]],[0,"7aPRRtHYdDVrB2PH2JuDsM",1],[5,130,107],[0,-11.07,0,0,0,0,1,1,1,1]],[7,"animateNode",false,20,[[8,"Armature","newAnimation",0,"14423d79-fb18-4775-bb1f-3d629b7f50f2#9a9b793e-7c0a-45d6-864d-cb63ff3e39e5",-127,[101],102,103]],[0,"383bXceF1ArrOIP+PkeWPI",1],[5,130,107],[0,-62,0,0,0,0,1,1,1,1]],[4,"item",20,[[1,-128,[104],105]],[0,"b2+LlBbOVDsIFUA7f127Ka",1],[5,130,107],[-1.057,-9.513,0,0,0,0,1,1,1,1]],[23,true,21,[108]]],0,[0,7,1,0,0,1,0,8,66,0,-1,7,0,-2,8,0,-3,9,0,-4,10,0,-5,11,0,-6,12,0,-7,13,0,-8,14,0,-9,15,0,-10,16,0,-11,17,0,-12,18,0,-13,19,0,-14,20,0,0,1,0,-1,22,0,-2,7,0,-3,8,0,-4,9,0,-5,10,0,-6,11,0,-7,12,0,-8,13,0,-9,14,0,-10,15,0,-11,16,0,-12,17,0,-13,18,0,-14,19,0,-15,20,0,-16,21,0,0,2,0,-1,23,0,-2,24,0,-3,25,0,-4,26,0,0,3,0,-1,28,0,-2,29,0,-3,30,0,-4,31,0,0,4,0,-1,33,0,-2,34,0,-3,35,0,-4,36,0,0,5,0,-1,38,0,-2,39,0,-3,40,0,-4,41,0,0,6,0,-1,43,0,-2,44,0,-3,45,0,-4,46,0,-2,27,0,-2,32,0,-2,37,0,-2,42,0,-2,47,0,-1,48,0,-2,49,0,-1,50,0,-2,51,0,-1,52,0,-2,53,0,-1,54,0,-2,55,0,-1,56,0,-2,57,0,-1,58,0,-2,59,0,-1,60,0,-2,61,0,-1,62,0,-2,63,0,-1,64,0,-2,65,0,0,21,0,-2,66,0,0,22,0,0,23,0,0,24,0,0,25,0,0,26,0,0,27,0,0,28,0,0,29,0,0,30,0,0,31,0,0,32,0,0,33,0,0,34,0,0,35,0,0,36,0,0,37,0,0,38,0,0,39,0,0,40,0,0,41,0,0,42,0,0,43,0,0,44,0,0,45,0,0,46,0,0,47,0,0,48,0,0,49,0,0,50,0,0,51,0,0,52,0,0,53,0,0,54,0,0,55,0,0,56,0,0,57,0,0,58,0,0,59,0,0,60,0,0,61,0,0,62,0,0,63,0,0,64,0,0,65,0,9,1,2,6,7,3,6,8,4,6,9,5,6,10,6,6,11,128],[0,0,0,0,0,0,0,0,0,0,0,0,0,0,0,0,0,0,0,0,0,0,0,0,0,0,0,0,0,0,0,0,0,0,0,0,0,0,0,0,0,0,0,0,0,0,0,0,0,0,0,0,0,0,0,0,0,0,0,0,0,0,0,0,0,0,0,0,0,0,0,0,0,0,0,0,0,0,0,0,0,0,0,0,0,0,0,0,0,0,0,0,0,0,0,0,0,0,0,0,0,0,0,0,0,0,0,0,0,0,66],[-1,-1,1,-1,1,-1,1,-1,1,5,-1,-1,1,-1,1,-1,1,-1,1,-1,1,5,-1,-1,1,-1,1,-1,1,-1,1,-1,1,5,-1,-1,1,-1,1,-1,1,-1,1,-1,1,5,-1,-1,1,-1,1,-1,1,-1,1,-1,1,5,-1,-1,1,-1,3,4,-1,1,-1,3,4,-1,1,-1,3,4,-1,1,-1,3,4,-1,1,-1,3,4,-1,1,-1,3,4,-1,1,-1,3,4,-1,1,-1,3,4,-1,1,-1,3,4,-1,1,-1,1,-1,-1,5],[0,0,2,0,2,0,2,0,2,7,7,0,2,0,3,0,3,0,3,0,3,8,8,0,3,0,4,0,4,0,4,0,4,9,9,0,4,0,5,0,5,0,5,0,5,10,10,0,5,0,6,0,6,0,6,0,6,11,11,0,6,0,13,14,0,15,0,16,17,0,18,0,19,20,0,21,0,22,23,0,24,0,25,26,0,27,0,28,29,0,30,0,31,32,0,33,0,34,35,0,36,0,37,38,0,39,0,40,12,0,12]],[[{"name":"01","rect":[134,363,127,116],"offset":[0,0],"originalSize":[127,116],"rotated":1,"capInsets":[0,0,0,0]}],[0],0,[0],[2],[1]],[[[6,"mini_ske","{\"frameRate\":24,\"isGlobal\":0,\"armature\":[{\"defaultActions\":[{\"gotoAndPlay\":\"newAnimation\"}],\"type\":\"Armature\",\"frameRate\":24,\"skin\":[{\"name\":\"\",\"slot\":[{\"display\":[{\"path\":\"MIN/组_1\",\"type\":\"image\",\"name\":\"MIN/组_1\",\"transform\":{\"y\":2.4,\"x\":-0.5}}],\"name\":\"组_1\"},{\"display\":[{\"path\":\"MIN/qiu\",\"type\":\"image\",\"name\":\"MIN/qiu\",\"transform\":{\"y\":0.0569,\"x\":0.25}}],\"name\":\"qiu\"},{\"display\":[{\"path\":\"MIN/MINI\",\"type\":\"image\",\"name\":\"MIN/MINI\",\"transform\":{\"y\":0.2,\"x\":-0.7}}],\"name\":\"MINI\"},{\"display\":[{\"path\":\"MIN/组_50\",\"type\":\"image\",\"name\":\"MIN/组_50\",\"transform\":{\"y\":-18.8,\"x\":0.25}}],\"name\":\"组_50\"},{\"display\":[{\"path\":\"MIN/MINI\",\"type\":\"image\",\"name\":\"MIN/MINI\",\"transform\":{\"y\":0.2,\"x\":-0.7}}],\"blendMode\":\"add\",\"name\":\"MINI1\"}]}],\"animation\":[{\"frame\":[],\"playTimes\":0,\"ffd\":[],\"duration\":18,\"slot\":[{\"frame\":[{\"tweenEasing\":null,\"duration\":5},{\"tweenEasing\":0,\"duration\":13},{\"tweenEasing\":null,\"color\":{\"aM\":0},\"duration\":0}],\"name\":\"MINI1\"}],\"bone\":[{\"frame\":[{\"transform\":{},\"duration\":18}],\"name\":\"root\"},{\"frame\":[{\"transform\":{},\"duration\":18}],\"name\":\"bone\"},{\"frame\":[{\"tweenEasing\":0,\"transform\":{\"y\":-25.116,\"scX\":1.5,\"scY\":1.5},\"duration\":7},{\"tweenEasing\":0,\"transform\":{\"skX\":101.8182,\"y\":-2.816,\"skY\":101.8182,\"scX\":0.8,\"scY\":0.8},\"duration\":4},{\"transform\":{\"skX\":160,\"skY\":160},\"duration\":7}],\"name\":\"qiu\"},{\"frame\":[{\"transform\":{},\"duration\":18}],\"name\":\"MINI\"},{\"frame\":[{\"transform\":{},\"duration\":7},{\"tweenEasing\":0,\"transform\":{},\"duration\":3},{\"tweenEasing\":0,\"transform\":{\"scX\":0.9,\"scY\":0.9},\"duration\":2},{\"transform\":{},\"duration\":6}],\"name\":\"组_1\"},{\"frame\":[{\"transform\":{},\"duration\":18}],\"name\":\"组_50\"},{\"frame\":[{\"transform\":{},\"duration\":5},{\"tweenEasing\":0,\"transform\":{},\"duration\":13},{\"transform\":{\"scX\":1.8,\"scY\":1.8},\"duration\":0}],\"name\":\"MINI1\"}],\"name\":\"newAnimation\",\"ik\":[]}],\"slot\":[{\"name\":\"组_50\",\"parent\":\"组_50\",\"color\":{}},{\"z\":1,\"name\":\"组_1\",\"parent\":\"组_1\",\"color\":{}},{\"z\":2,\"name\":\"qiu\",\"parent\":\"qiu\",\"color\":{}},{\"z\":3,\"name\":\"MINI\",\"parent\":\"MINI\",\"color\":{}},{\"blendMode\":\"add\",\"z\":4,\"parent\":\"MINI1\",\"name\":\"MINI1\",\"color\":{}}],\"bone\":[{\"name\":\"root\",\"transform\":{}},{\"transform\":{},\"name\":\"bone\",\"parent\":\"root\"},{\"transform\":{\"y\":-67.3126,\"x\":-0.25},\"name\":\"qiu\",\"parent\":\"bone\"},{\"transform\":{\"y\":-21.2,\"x\":0.7},\"name\":\"MINI\",\"parent\":\"bone\"},{\"transform\":{\"y\":-79.4},\"name\":\"组_1\",\"parent\":\"bone\"},{\"transform\":{\"y\":-13.2,\"x\":-0.25},\"name\":\"组_50\",\"parent\":\"bone\"},{\"transform\":{\"y\":-21.2,\"x\":0.7},\"name\":\"MINI1\",\"parent\":\"bone\"}],\"aabb\":{\"width\":130,\"y\":-107,\"height\":107,\"x\":-65},\"name\":\"Armature\",\"ik\":[]}],\"name\":\"mini\",\"version\":\"5.0\"}"]],0,0,[],[],[]],[[{"name":"05","rect":[355,578,129,101],"offset":[0,0],"originalSize":[129,101],"capInsets":[0,0,0,0]}],[0],0,[0],[2],[1]],[[[6,"scrtter_ske","{\"frameRate\":24,\"isGlobal\":0,\"armature\":[{\"defaultActions\":[{\"gotoAndPlay\":\"newAnimation\"}],\"type\":\"Armature\",\"frameRate\":24,\"skin\":[{\"name\":\"\",\"slot\":[{\"display\":[{\"path\":\"scrtter/qy\",\"type\":\"image\",\"name\":\"scrtter/qy\",\"transform\":{\"y\":0.2,\"x\":6.9}}],\"name\":\"qy\"},{\"display\":[{\"path\":\"scrtter/ggg\",\"type\":\"image\",\"name\":\"scrtter/ggg\",\"transform\":{\"y\":-132.5,\"x\":-33.5}}],\"name\":\"ggg\"},{\"display\":[{\"path\":\"scrtter/qiu\",\"type\":\"image\",\"name\":\"scrtter/qiu\",\"transform\":{\"y\":-0.25,\"x\":0.15}}],\"name\":\"qiu\"},{\"display\":[{\"path\":\"scrtter/bga\",\"type\":\"image\",\"name\":\"scrtter/bga\",\"transform\":{\"y\":-120,\"x\":-1}}],\"name\":\"bga\"},{\"display\":[{\"path\":\"scrtter/scrtter\",\"type\":\"image\",\"name\":\"scrtter/scrtter\",\"transform\":{\"y\":12.2,\"x\":-12}}],\"name\":\"scrtter\"}]}],\"animation\":[{\"frame\":[],\"playTimes\":0,\"ffd\":[],\"duration\":25,\"slot\":[{\"frame\":[{\"tweenEasing\":0,\"color\":{\"aM\":0},\"duration\":7},{\"tweenEasing\":null,\"duration\":18}],\"name\":\"scrtter\"}],\"bone\":[{\"frame\":[{\"transform\":{},\"duration\":25}],\"name\":\"root\"},{\"frame\":[{\"transform\":{},\"duration\":25}],\"name\":\"bone\"},{\"frame\":[{\"transform\":{},\"duration\":5},{\"tweenEasing\":0,\"transform\":{\"y\":88.116,\"x\":84.1421},\"duration\":10},{\"tweenEasing\":0,\"transform\":{\"skX\":180,\"y\":-1.7278,\"skY\":180,\"x\":-2.9156},\"duration\":5},{\"tweenEasing\":0,\"transform\":{\"skX\":-90,\"y\":-1.7278,\"skY\":-90,\"x\":-2.9156},\"duration\":5},{\"transform\":{\"y\":-1.7278,\"x\":-2.9156},\"duration\":0}],\"name\":\"qiu\"},{\"frame\":[{\"tweenEasing\":0,\"transform\":{\"y\":26.6724,\"x\":71.3351},\"duration\":6},{\"transform\":{},\"duration\":19}],\"name\":\"qy\"},{\"frame\":[{\"tweenEasing\":0,\"transform\":{\"y\":16.0898,\"x\":-91.5499},\"duration\":6},{\"transform\":{\"y\":0.1928,\"x\":8.7329},\"duration\":1},{\"tweenEasing\":0,\"transform\":{\"y\":-2.4567,\"x\":25.4467},\"duration\":3},{\"transform\":{},\"duration\":15}],\"name\":\"scrtter\"}],\"name\":\"newAnimation\",\"ik\":[]}],\"slot\":[{\"name\":\"bga\",\"parent\":\"root\",\"color\":{}},{\"z\":1,\"name\":\"ggg\",\"parent\":\"root\",\"color\":{}},{\"z\":2,\"name\":\"qiu\",\"parent\":\"qiu\",\"color\":{}},{\"z\":3,\"name\":\"qy\",\"parent\":\"qy\",\"color\":{}},{\"z\":4,\"name\":\"scrtter\",\"parent\":\"scrtter\",\"color\":{}}],\"bone\":[{\"name\":\"root\",\"transform\":{}},{\"transform\":{},\"name\":\"bone\",\"parent\":\"root\"},{\"transform\":{\"y\":-176.25,\"x\":-64.65},\"name\":\"qiu\",\"parent\":\"bone\"},{\"transform\":{\"y\":-138.2,\"x\":39.6},\"name\":\"qy\",\"parent\":\"bone\"},{\"transform\":{\"y\":-66.2,\"x\":12},\"name\":\"scrtter\",\"parent\":\"bone\"}],\"aabb\":{\"width\":235,\"y\":-236,\"height\":231,\"x\":-116},\"name\":\"Armature\",\"ik\":[]}],\"name\":\"scrtter\",\"version\":\"5.0\"}"]],0,0,[],[],[]],[[[9,"9",2,2,[{},"paths",11,[{},"9",11,[{},"props",11,[{},"scale",12,[[[{"frame":0},"value",8,[0,1,1]],[{"frame":0.2833333333333333},"value",8,[0,1.2,1.2]],[{"frame":0.5666666666666667},"value",8,[0,1.2,1.2]],[{"frame":0.9166666666666666},"value",8,[0,1,1]]],11,11,11,11]]],"91",11,[{},"props",11,[{"opacity":[{"frame":0,"value":0},{"frame":0.5833333333333334,"value":150},{"frame":1.0833333333333333,"value":0}]},"scale",12,[[[{"frame":0},"value",8,[0,1,1]],[{"frame":0.2833333333333333},"value",8,[0,1.2,1.2]],[{"frame":0.5666666666666667},"value",8,[0,1.2,1.2]],[{"frame":0.9166666666666666},"value",8,[0,1,1]]],11,11,11,11]]],"92",11,[{},"props",11,[{},"scale",12,[[[{"frame":0},"value",8,[0,1,1]],[{"frame":0.2833333333333333},"value",8,[0,1.2,1.2]],[{"frame":0.5666666666666667},"value",8,[0,1.2,1.2]],[{"frame":0.9166666666666666},"value",8,[0,1,1]]],11,11,11,11]]],"922",11,[{},"props",11,[{"opacity":[{"frame":1.1333333333333333,"value":0},{"frame":1.6166666666666667,"value":150},{"frame":2,"value":0}]},"scale",12,[[[{"frame":0},"value",8,[0,1,1]],[{"frame":0.2833333333333333},"value",8,[0,1.2,1.2]],[{"frame":0.5666666666666667},"value",8,[0,1.2,1.2]],[{"frame":0.9166666666666666},"value",8,[0,1,1]]],11,11,11,11]]]]]]],0,0,[],[],[]],[[[6,"qiuyuan03_ske","{\"frameRate\":24,\"isGlobal\":0,\"armature\":[{\"defaultActions\":[{\"gotoAndPlay\":\"newAnimation\"}],\"type\":\"Armature\",\"frameRate\":24,\"skin\":[{\"name\":\"\",\"slot\":[{\"display\":[{\"path\":\"qiuyuan03/图层_2\",\"type\":\"image\",\"name\":\"qiuyuan03/图层_2\",\"transform\":{\"y\":0.2,\"x\":-2.65}}],\"name\":\"图层_2\"},{\"display\":[{\"path\":\"qiuyuan03/图层_1\",\"type\":\"image\",\"name\":\"qiuyuan03/图层_1\",\"transform\":{\"y\":-0.55,\"x\":-2.25}}],\"name\":\"图层_1\"}]}],\"animation\":[{\"frame\":[],\"playTimes\":0,\"ffd\":[],\"duration\":41,\"slot\":[],\"bone\":[{\"frame\":[{\"transform\":{},\"duration\":41}],\"name\":\"root\"},{\"frame\":[{\"tweenEasing\":0,\"transform\":{},\"duration\":5},{\"tweenEasing\":0,\"transform\":{\"y\":-13.276},\"duration\":3},{\"tweenEasing\":0,\"transform\":{\"skX\":-10,\"y\":-13.276,\"skY\":-10},\"duration\":3},{\"tweenEasing\":0,\"transform\":{\"y\":-13.276},\"duration\":3},{\"tweenEasing\":0,\"transform\":{\"skX\":10,\"y\":-13.276,\"skY\":10},\"duration\":3},{\"tweenEasing\":0,\"transform\":{\"y\":-13.276},\"duration\":3},{\"tweenEasing\":0,\"transform\":{\"skX\":-10,\"y\":-13.276,\"skY\":-10},\"duration\":3},{\"tweenEasing\":0,\"transform\":{\"y\":-13.276},\"duration\":3},{\"tweenEasing\":0,\"transform\":{\"skX\":10,\"y\":-13.276,\"skY\":10},\"duration\":3},{\"tweenEasing\":0,\"transform\":{\"y\":-13.276},\"duration\":3},{\"tweenEasing\":0,\"transform\":{\"skX\":-10,\"y\":-13.276,\"skY\":-10},\"duration\":3},{\"tweenEasing\":0,\"transform\":{\"y\":-13.276},\"duration\":3},{\"tweenEasing\":0,\"transform\":{\"skX\":10,\"y\":-13.276,\"skY\":10},\"duration\":3},{\"transform\":{\"y\":-13.276},\"duration\":0}],\"name\":\"bone\"},{\"frame\":[{\"transform\":{},\"duration\":10},{\"tweenEasing\":0,\"transform\":{},\"duration\":4},{\"tweenEasing\":0,\"transform\":{\"scY\":0.183},\"duration\":2},{\"tweenEasing\":0,\"transform\":{},\"duration\":11},{\"tweenEasing\":0,\"transform\":{},\"duration\":4},{\"tweenEasing\":0,\"transform\":{\"scY\":0.183},\"duration\":2},{\"transform\":{},\"duration\":8}],\"name\":\"bone1\"}],\"name\":\"newAnimation\",\"ik\":[]}],\"slot\":[{\"name\":\"图层_1\",\"parent\":\"bone\",\"color\":{}},{\"z\":1,\"name\":\"图层_2\",\"parent\":\"bone1\",\"color\":{}}],\"bone\":[{\"name\":\"root\",\"transform\":{}},{\"transform\":{\"y\":-89.45,\"x\":2.25},\"name\":\"bone\",\"parent\":\"root\"},{\"transform\":{\"y\":-4.25,\"x\":14.4},\"name\":\"bone1\",\"parent\":\"bone\"}],\"aabb\":{\"width\":169,\"y\":-180,\"height\":180,\"x\":-84.5},\"name\":\"Armature\",\"ik\":[]}],\"name\":\"qiuyuan03\",\"version\":\"5.0\"}"]],0,0,[],[],[]],[[[6,"qiuyuan04_ske","{\"frameRate\":24,\"isGlobal\":0,\"armature\":[{\"defaultActions\":[{\"gotoAndPlay\":\"newAnimation\"}],\"type\":\"Armature\",\"frameRate\":24,\"skin\":[{\"name\":\"\",\"slot\":[{\"display\":[{\"path\":\"qiuyuan04/图层_11\",\"type\":\"image\",\"name\":\"qiuyuan04/图层_11\",\"transform\":{\"y\":-3.1,\"x\":-5.55}}],\"name\":\"图层_11\"},{\"display\":[{\"path\":\"qiuyuan04/图层_9\",\"type\":\"image\",\"name\":\"qiuyuan04/图层_9\",\"transform\":{\"y\":1.5,\"x\":0.8}}],\"name\":\"图层_9\"}]}],\"animation\":[{\"frame\":[],\"playTimes\":0,\"ffd\":[],\"duration\":41,\"slot\":[],\"bone\":[{\"frame\":[{\"transform\":{},\"duration\":41}],\"name\":\"root\"},{\"frame\":[{\"tweenEasing\":0,\"transform\":{},\"duration\":5},{\"tweenEasing\":0,\"transform\":{\"y\":-13.276},\"duration\":3},{\"tweenEasing\":0,\"transform\":{\"skX\":-10,\"y\":-13.276,\"skY\":-10},\"duration\":3},{\"tweenEasing\":0,\"transform\":{\"y\":-13.276},\"duration\":3},{\"tweenEasing\":0,\"transform\":{\"skX\":10,\"y\":-13.276,\"skY\":10},\"duration\":3},{\"tweenEasing\":0,\"transform\":{\"y\":-13.276},\"duration\":3},{\"tweenEasing\":0,\"transform\":{\"skX\":-10,\"y\":-13.276,\"skY\":-10},\"duration\":3},{\"tweenEasing\":0,\"transform\":{\"y\":-13.276},\"duration\":3},{\"tweenEasing\":0,\"transform\":{\"skX\":10,\"y\":-13.276,\"skY\":10},\"duration\":3},{\"tweenEasing\":0,\"transform\":{\"y\":-13.276},\"duration\":3},{\"tweenEasing\":0,\"transform\":{\"skX\":-10,\"y\":-13.276,\"skY\":-10},\"duration\":3},{\"tweenEasing\":0,\"transform\":{\"y\":-13.276},\"duration\":3},{\"tweenEasing\":0,\"transform\":{\"skX\":10,\"y\":-13.276,\"skY\":10},\"duration\":3},{\"transform\":{\"y\":-13.276},\"duration\":0}],\"name\":\"bone\"},{\"frame\":[{\"transform\":{},\"duration\":9},{\"tweenEasing\":0,\"transform\":{},\"duration\":4},{\"tweenEasing\":0,\"transform\":{\"scY\":0.183},\"duration\":2},{\"tweenEasing\":0,\"transform\":{},\"duration\":11},{\"tweenEasing\":0,\"transform\":{},\"duration\":4},{\"tweenEasing\":0,\"transform\":{\"scY\":0.183},\"duration\":2},{\"transform\":{},\"duration\":9}],\"name\":\"bone1\"}],\"name\":\"newAnimation\",\"ik\":[]}],\"slot\":[{\"name\":\"图层_9\",\"parent\":\"bone\",\"color\":{}},{\"z\":1,\"name\":\"图层_11\",\"parent\":\"bone1\",\"color\":{}}],\"bone\":[{\"name\":\"root\",\"transform\":{}},{\"transform\":{\"y\":-91.5,\"x\":-0.8},\"name\":\"bone\",\"parent\":\"root\"},{\"transform\":{\"y\":-4.9,\"x\":26.85},\"name\":\"bone1\",\"parent\":\"bone\"}],\"aabb\":{\"width\":169,\"y\":-180,\"height\":180,\"x\":-84.5},\"name\":\"Armature\",\"ik\":[]}],\"name\":\"qiuyuan04\",\"version\":\"5.0\"}"]],0,0,[],[],[]],[[{"name":"13","rect":[369,465,130,107],"offset":[0,0],"originalSize":[130,107],"capInsets":[0,0,0,0]}],[0],0,[0],[2],[1]],[[[6,"qiuyuan01_ske","{\"frameRate\":24,\"isGlobal\":0,\"armature\":[{\"defaultActions\":[{\"gotoAndPlay\":\"newAnimation\"}],\"type\":\"Armature\",\"frameRate\":24,\"skin\":[{\"name\":\"\",\"slot\":[{\"display\":[{\"path\":\"qiuyuan01/图层_2\",\"type\":\"image\",\"name\":\"qiuyuan01/图层_2\",\"transform\":{\"y\":-1.55,\"x\":-4.05}}],\"name\":\"图层_2\"},{\"display\":[{\"path\":\"qiuyuan01/图层_1\",\"type\":\"image\",\"name\":\"qiuyuan01/图层_1\",\"transform\":{\"y\":0.5}}],\"name\":\"图层_1\"}]}],\"animation\":[{\"frame\":[],\"playTimes\":0,\"ffd\":[],\"duration\":41,\"slot\":[],\"bone\":[{\"frame\":[{\"transform\":{\"y\":-0.4467},\"duration\":41}],\"name\":\"root\"},{\"frame\":[{\"tweenEasing\":0,\"transform\":{},\"duration\":5},{\"tweenEasing\":0,\"transform\":{\"y\":-13.276},\"duration\":3},{\"tweenEasing\":0,\"transform\":{\"skX\":-10,\"y\":-13.276,\"skY\":-10},\"duration\":3},{\"tweenEasing\":0,\"transform\":{\"y\":-13.276},\"duration\":3},{\"tweenEasing\":0,\"transform\":{\"skX\":10,\"y\":-13.276,\"skY\":10},\"duration\":3},{\"tweenEasing\":0,\"transform\":{\"y\":-13.276},\"duration\":3},{\"tweenEasing\":0,\"transform\":{\"skX\":-10,\"y\":-13.276,\"skY\":-10},\"duration\":3},{\"tweenEasing\":0,\"transform\":{\"y\":-13.276},\"duration\":3},{\"tweenEasing\":0,\"transform\":{\"skX\":10,\"y\":-13.276,\"skY\":10},\"duration\":3},{\"tweenEasing\":0,\"transform\":{\"y\":-13.276},\"duration\":3},{\"tweenEasing\":0,\"transform\":{\"skX\":-10,\"y\":-13.276,\"skY\":-10},\"duration\":3},{\"tweenEasing\":0,\"transform\":{\"y\":-13.276},\"duration\":3},{\"tweenEasing\":0,\"transform\":{\"skX\":10,\"y\":-13.276,\"skY\":10},\"duration\":3},{\"transform\":{\"y\":-13.276},\"duration\":0}],\"name\":\"bone\"},{\"frame\":[{\"transform\":{},\"duration\":8},{\"tweenEasing\":0,\"transform\":{},\"duration\":4},{\"tweenEasing\":0,\"transform\":{\"scY\":0.183},\"duration\":2},{\"tweenEasing\":0,\"transform\":{},\"duration\":11},{\"tweenEasing\":0,\"transform\":{},\"duration\":4},{\"tweenEasing\":0,\"transform\":{\"scY\":0.183},\"duration\":2},{\"transform\":{},\"duration\":10}],\"name\":\"bone1\"}],\"name\":\"newAnimation\",\"ik\":[]}],\"slot\":[{\"name\":\"图层_1\",\"parent\":\"bone\",\"color\":{}},{\"z\":1,\"name\":\"图层_2\",\"parent\":\"bone1\",\"color\":{}}],\"bone\":[{\"name\":\"root\",\"transform\":{}},{\"transform\":{\"y\":-91.0051},\"name\":\"bone\",\"parent\":\"root\"},{\"transform\":{\"y\":4.05,\"x\":14.55},\"name\":\"bone1\",\"parent\":\"bone\"}],\"aabb\":{\"width\":170,\"y\":-182.00506221851919,\"height\":183,\"x\":-85},\"name\":\"Armature\",\"ik\":[]}],\"name\":\"qiuyuan01\",\"version\":\"5.0\"}"]],0,0,[],[],[]],[[{"name":"02","rect":[379,349,127,110],"offset":[0,0],"originalSize":[127,110],"capInsets":[0,0,0,0]}],[0],0,[0],[2],[1]],[[[9,"j",2,2,[{},"paths",11,[{},"j-22",11,[{},"props",11,[{"opacity":[{"frame":1.1333333333333333,"value":0},{"frame":1.6166666666666667,"value":150},{"frame":2,"value":0}]},"scale",12,[[[{"frame":0},"value",8,[0,1,1]],[{"frame":0.2833333333333333},"value",8,[0,1.2,1.2]],[{"frame":0.5666666666666667},"value",8,[0,1.2,1.2]],[{"frame":0.9166666666666666},"value",8,[0,1,1]]],11,11,11,11]]],"j2",11,[{},"props",11,[{"opacity":[{"frame":0,"value":0},{"frame":0.48333333333333334,"value":150},{"frame":0.8666666666666667,"value":0}]},"scale",12,[[[{"frame":0},"value",8,[0,1,1]],[{"frame":0.2833333333333333},"value",8,[0,1.2,1.2]],[{"frame":0.5666666666666667},"value",8,[0,1.2,1.2]],[{"frame":0.9166666666666666},"value",8,[0,1,1]]],11,11,11,11]]],"j",11,[{},"props",11,[{},"scale",12,[[[{"frame":0},"value",8,[0,1,1]],[{"frame":0.2833333333333333},"value",8,[0,1.2,1.2]],[{"frame":0.5666666666666667},"value",8,[0,1.2,1.2]],[{"frame":0.9166666666666666},"value",8,[0,1,1]]],11,11,11,11]]],"j-2",11,[{},"props",11,[{},"scale",12,[[[{"frame":0},"value",8,[0,1,1]],[{"frame":0.2833333333333333},"value",8,[0,1.2,1.2]],[{"frame":0.5666666666666667},"value",8,[0,1.2,1.2]],[{"frame":0.9166666666666666},"value",8,[0,1,1]]],11,11,11,11]]]]]]],0,0,[],[],[]]]]