[1,["7cBSNnQ2NAF68psU/mh4cn"],["_texture"],[["dragonBones.DragonBonesAtlasAsset",["_name","_atlasJson"],1]],[[0,0,1,3]],[[0,"megwin_tex","{\"width\":2048,\"imagePath\":\"megwin_tex.png\",\"height\":1024,\"name\":\"megwin\",\"SubTexture\":[{\"width\":187,\"y\":264,\"height\":155,\"name\":\"megawin/图层_824\",\"x\":627},{\"width\":856,\"y\":1,\"height\":306,\"name\":\"megawin/图层_822\",\"x\":1177},{\"width\":624,\"y\":264,\"height\":345,\"name\":\"megawin/矩形_509_拷贝\",\"x\":1},{\"width\":1174,\"y\":1,\"height\":261,\"name\":\"megawin/图层_819_拷贝\",\"x\":1},{\"width\":782,\"y\":611,\"height\":166,\"name\":\"megawin/组_69_拷贝_2\",\"x\":1}]}"]],0,0,[0],[0],[0]]