[1,["f7A5TSSmlFya93EuKICeN1","81ymHBhKFAN7eXLHEBaHh0"],["spriteFrame","_textureSetter"],["cc.SpriteFrame",["cc.BitmapFont",["_name","fontSize","_fntConfig"],0]],[[1,0,1,2,4]],[[[[0,"jackPotNum",32,{"commonHeight":30,"fontSize":32,"atlasName":"C:\\Users\\Administrator\\Desktop\\jackPotNum.png","fontDefDictionary":{"9":{"xOffset":0,"yOffset":0,"xAdvance":0,"rect":{"x":0,"y":0,"width":0,"height":0}},"32":{"xOffset":0,"yOffset":0,"xAdvance":22,"rect":{"x":0,"y":0,"width":0,"height":0}},"44":{"xOffset":0,"yOffset":23,"xAdvance":9,"rect":{"x":230,"y":0,"width":9,"height":11}},"46":{"xOffset":0,"yOffset":23,"xAdvance":8,"rect":{"x":230,"y":17,"width":8,"height":7}},"48":{"xOffset":0,"yOffset":8,"xAdvance":18,"rect":{"x":48,"y":0,"width":18,"height":22}},"49":{"xOffset":0,"yOffset":8,"xAdvance":12,"rect":{"x":212,"y":0,"width":12,"height":22}},"50":{"xOffset":0,"yOffset":8,"xAdvance":18,"rect":{"x":96,"y":0,"width":18,"height":22}},"51":{"xOffset":0,"yOffset":8,"xAdvance":17,"rect":{"x":120,"y":0,"width":17,"height":22}},"52":{"xOffset":0,"yOffset":8,"xAdvance":17,"rect":{"x":166,"y":0,"width":17,"height":22}},"53":{"xOffset":0,"yOffset":8,"xAdvance":18,"rect":{"x":24,"y":0,"width":18,"height":22}},"54":{"xOffset":0,"yOffset":8,"xAdvance":18,"rect":{"x":0,"y":0,"width":18,"height":22}},"55":{"xOffset":0,"yOffset":8,"xAdvance":17,"rect":{"x":143,"y":0,"width":17,"height":22}},"56":{"xOffset":0,"yOffset":8,"xAdvance":18,"rect":{"x":72,"y":0,"width":18,"height":22}},"57":{"xOffset":0,"yOffset":8,"xAdvance":17,"rect":{"x":189,"y":0,"width":17,"height":22}}},"kerningDict":{}}]],0,0,[0],[0],[0]],[[{"name":"jackPotNum","rect":[0,0,65,127],"offset":[-31.5,0.5],"originalSize":[128,128],"capInsets":[0,0,0,0]}],[0],0,[0],[1],[1]]]]