[1,["f6m9Kt3BBO04wHH1Jdj5Kp"],["_texture"],[["dragonBones.DragonBonesAtlasAsset",["_name","_atlasJson"],1]],[[0,0,1,3]],[[0,"freespin-sg1_tex","{\"width\":1024,\"imagePath\":\"freespin-sg1_tex.png\",\"height\":2048,\"name\":\"freespin-sg1\",\"SubTexture\":[{\"frameHeight\":298,\"y\":1185,\"frameX\":-3,\"width\":579,\"frameY\":-2,\"height\":295,\"name\":\"freespin-sg1/圆角矩形_34_拷贝\",\"frameWidth\":585,\"x\":1},{\"width\":617,\"y\":566,\"height\":617,\"name\":\"freespin-sg1/4393e55c63e6a18a88f122cbfd72b8a\",\"x\":1},{\"width\":85,\"y\":1659,\"height\":116,\"name\":\"freespin-sg1/组_1_拷贝_7\",\"x\":905},{\"width\":96,\"y\":1659,\"height\":112,\"name\":\"freespin-sg1/组_1_拷贝_8\",\"x\":807},{\"width\":121,\"y\":1659,\"height\":151,\"name\":\"freespin-sg1/组_1_拷贝_6\",\"x\":684},{\"width\":437,\"y\":1185,\"height\":151,\"name\":\"freespin-sg1/组_76\",\"x\":582},{\"width\":840,\"y\":1482,\"height\":175,\"name\":\"freespin-sg1/图层_541\",\"x\":1},{\"width\":681,\"y\":1659,\"height\":173,\"name\":\"freespin-sg1/You_Ge\",\"x\":1},{\"width\":484,\"y\":1834,\"height\":121,\"name\":\"freespin-sg1/组_65_拷贝_2\",\"x\":1},{\"width\":888,\"y\":1,\"height\":563,\"name\":\"freespin-sg1/bigwin_12\",\"x\":1},{\"width\":534,\"y\":1834,\"height\":100,\"name\":\"freespin-sg1/total1\",\"x\":487}]}"]],0,0,[0],[0],[0]]