[1,["2fe1pjvUxC57r/DY4KElzu"],["_texture"],[["dragonBones.DragonBonesAtlasAsset",["_name","_atlasJson"],1]],[[0,0,1,3]],[[0,"lunpan_tex","{\"width\":1024,\"imagePath\":\"lunpan_tex.png\",\"height\":1024,\"name\":\"lunpan\",\"SubTexture\":[{\"width\":582,\"y\":1,\"height\":603,\"name\":\"轮盘/图层_1\",\"x\":1},{\"width\":31,\"y\":710,\"height\":34,\"name\":\"轮盘/zi1\",\"x\":34},{\"width\":30,\"y\":817,\"height\":35,\"name\":\"轮盘/zi2\",\"x\":1},{\"width\":30,\"y\":891,\"height\":35,\"name\":\"轮盘/zi3\",\"x\":1},{\"width\":32,\"y\":606,\"height\":34,\"name\":\"轮盘/lu1\",\"x\":35},{\"width\":30,\"y\":854,\"height\":35,\"name\":\"轮盘/lu2\",\"x\":1},{\"width\":29,\"y\":928,\"height\":35,\"name\":\"轮盘/lu3\",\"x\":32},{\"width\":29,\"y\":966,\"height\":36,\"name\":\"轮盘/lan1\",\"x\":1},{\"width\":30,\"y\":746,\"height\":35,\"name\":\"轮盘/lan2\",\"x\":34},{\"width\":32,\"y\":606,\"height\":34,\"name\":\"轮盘/lan3\",\"x\":1},{\"width\":34,\"y\":676,\"height\":32,\"name\":\"轮盘/fen1\",\"x\":1},{\"width\":35,\"y\":642,\"height\":30,\"name\":\"轮盘/fen2\",\"x\":37},{\"width\":35,\"y\":674,\"height\":29,\"name\":\"轮盘/fen3\",\"x\":37},{\"width\":29,\"y\":928,\"height\":36,\"name\":\"轮盘/huan1\",\"x\":1},{\"width\":31,\"y\":710,\"height\":35,\"name\":\"轮盘/huan2\",\"x\":1},{\"width\":31,\"y\":747,\"height\":35,\"name\":\"轮盘/huan3\",\"x\":1},{\"width\":34,\"y\":642,\"height\":32,\"name\":\"轮盘/hong1\",\"x\":1},{\"width\":35,\"y\":784,\"height\":31,\"name\":\"轮盘/hong2\",\"x\":1},{\"width\":35,\"y\":606,\"height\":30,\"name\":\"轮盘/hong3\",\"x\":69}]}"]],0,0,[0],[0],[0]]