[1,["09GliIzoRDUbxd0R4O2lPj"],["_texture"],[["dragonBones.DragonBonesAtlasAsset",["_name","_atlasJson"],1]],[[0,0,1,3]],[[0,"money_tex","{\"width\":1024,\"imagePath\":\"money_tex.png\",\"height\":256,\"name\":\"money\",\"SubTexture\":[{\"width\":52,\"y\":63,\"height\":55,\"name\":\"$\",\"x\":934},{\"width\":81,\"y\":1,\"height\":81,\"name\":\"wld/ggggg\",\"x\":851},{\"width\":755,\"y\":1,\"height\":202,\"name\":\"winfall/gg\",\"x\":1},{\"width\":91,\"y\":1,\"height\":87,\"name\":\"winfall/zzz\",\"x\":758},{\"width\":73,\"y\":1,\"height\":60,\"name\":\"wld/gg\",\"x\":934}]}"]],0,0,[0],[0],[0]]