[1,0,0,[["cc.AnimationClip",["_name","_duration","wrapMode","curveData"],0,11]],[[0,0,1,2,3,4]],[[0,"qiu",2,2,[{},"paths",11,[{},"qiu",11,[{},"props",11,[{"opacity":[{"frame":0,"value":0},{"frame":0.48333333333333334,"value":150},{"frame":0.8666666666666667,"value":0},{"frame":2,"value":1}],"angle":[{"frame":0,"value":1},{"frame":0.5833333333333334,"value":360}]},"scale",12,[[[{"frame":0},"value",8,[0,1,1]],[{"frame":0.2833333333333333},"value",8,[0,1.2,1.2]],[{"frame":0.5666666666666667},"value",8,[0,1.2,1.2]],[{"frame":0.9166666666666666},"value",8,[0,1,1]]],11,11,11,11]]],"qiu2",11,[{},"props",11,[{"opacity":[],"angle":[{"frame":0,"value":1},{"frame":0.43333333333333335,"value":360}]},"scale",12,[[[{"frame":0},"value",8,[0,1,1]],[{"frame":0.2833333333333333},"value",8,[0,1.2,1.2]],[{"frame":0.5666666666666667},"value",8,[0,1.2,1.2]],[{"frame":0.9166666666666666},"value",8,[0,1,1]]],11,11,11,11]]]]]]],0,0,[],[],[]]