{"paths":{"0":["small_Icon/Sweet-Melee",0],"1":["small_Icon/Pharoah-Coin",0],"2":["small_Icon/The-Magicians",0],"3":["big_Icon/10",0],"4":["big_Icon/4",0],"5":["small_Icon/Super777",0],"6":["small_Icon/GoldDragon",0],"7":["small_Icon/LegendOfTarzan",0],"8":["small_Icon/DiamondMask",0],"9":["small_Icon/PiratesTreasure",0],"10":["small_Icon/QueensBow",0],"11":["small_Icon/Frozen-Uncharted",0],"12":["small_Icon/HalloweenGhost",0],"13":["small_Icon/The-Pirates",0],"14":["small_Icon/World-Cup-Champion",0],"15":["small_Icon/MedusaBlessing",0],"16":["small_Icon/FantasticFairies",0],"17":["small_Icon/OlympusLegend",0],"18":["small_Icon/MegaCave",0],"19":["small_Icon/BigSevensJackpot",0],"20":["small_Icon/ThreeZombies",0],"21":["small_Icon/Dragon-Quest",0],"22":["small_Icon/Mermaid-Secret",0],"23":["small_Icon/SecretofGoddess",0],"24":["small_Icon/DoubleRace",0],"25":["small_Icon/JamCrush",0],"26":["small_Icon/Fruit-Rush",0],"27":["small_Icon/MagicFire",0],"28":["small_Icon/Wraith-Of-Olympus-II",0],"29":["small_Icon/TigerTrain",0],"30":["small_Icon/Witch-Elf",0],"31":["small_Icon/GoldMineRush",0],"32":["small_Icon/Rave-Club",0],"33":["small_Icon/MiracleRing",0],"34":["small_Icon/Elf-Of-Princess",0],"35":["small_Icon/The-Rich-Man",0],"36":["small_Icon/HighLow",0],"37":["small_Icon/HiddenCity",0],"38":["small_Icon/SkullLord",0],"39":["small_Icon/BonanzaCoins",0],"40":["small_Icon/DragonTiger",0],"41":["big_Icon/5",0],"42":["small_Icon/BookofPharaoh777Jackpot",0],"43":["small_Icon/AndarBahar",0],"44":["small_Icon/ElizabethLab",0],"45":["small_Icon/Dragon-VS-Tiger",0],"46":["small_Icon/MonkeyKing",0],"47":["small_Icon/AstroLuck",0],"48":["small_Icon/PandasJackpot",0],"49":["big_Icon/11",0],"50":["small_Icon/DrFrankensLab777Jackpot",0],"51":["small_Icon/Chicken-Farm",0],"52":["small_Icon/GoldenPanda",0],"53":["small_Icon/FrozenBlade",0],"54":["small_Icon/LuckyWaterfalls",0],"55":["small_Icon/YummyKitchen",0],"56":["small_Icon/LuckofAmazon",0],"57":["big_Icon/6",0],"58":["small_Icon/Roullet",0],"59":["small_Icon/MegaSevens",0],"60":["small_Icon/Wrath-Of-Olympus",0],"61":["small_Icon/GoldoftheKing",0],"62":["small_Icon/Gem-Miner",0],"63":["small_Icon/SwordMaster",0],"64":["small_Icon/BuffaloBegins",0],"65":["small_Icon/HottiesParadise",0],"66":["small_Icon/Genie3",0],"67":["big_Icon/2",0],"68":["big_Icon/18",0],"69":["small_Icon/TheFatesofSisters",0],"70":["big_Icon/15",0],"71":["small_Icon/ToyofLegend",0],"72":["small_Icon/AmazingSodaRush",0],"73":["big_Icon/13",0],"74":["small_Icon/WolfBegins",0],"75":["big_Icon/8",0],"76":["small_Icon/FestivaloftheDead",0],"77":["small_Icon/RoyalPrincess",0],"78":["small_Icon/Baccarat",0],"79":["small_Icon/LuckyRocket",0],"80":["small_Icon/LegacyofMidas",0],"81":["small_Icon/CherryBell",0],"82":["big_Icon/14",0],"83":["big_Icon/7",0],"84":["small_Icon/Adventure-Island",0],"85":["small_Icon/Fa-Cai-Shen",0],"86":["small_Icon/DrFrankensLab",0],"87":["small_Icon/BigBangSpin",0],"88":["small_Icon/BlackJack",0],"89":["big_Icon/3",0],"90":["small_Icon/The-Book-Of-Carl",0],"91":["small_Icon/Space-travel",0],"92":["big_Icon/1",0],"93":["small_Icon/Ice-Age",0],"94":["small_Icon/KingofPig",0],"95":["small_Icon/CaptainsBounty",0],"96":["small_Icon/Baccarat_SuperSix",0],"97":["big_Icon/9",0],"98":["small_Icon/HolyKnight",0],"99":["small_Icon/GoldenKitty",0],"100":["small_Icon/King-of-speed",0],"101":["small_Icon/Cash-train",0],"102":["small_Icon/SecretBall",0],"103":["small_Icon/MazeAdventure",0],"104":["small_Icon/Hockey",0],"105":["small_Icon/Saint-ella",0],"106":["small_Icon/Rainbow-Crystal",0],"107":["small_Icon/BountyHunter",0],"108":["small_Icon/Super-777-II",0],"109":["small_Icon/CleosFortune",0],"110":["small_Icon/SecretofEarth",0],"111":["small_Icon/LuckyGoldbar",0],"112":["small_Icon/Puppy-Love",0],"113":["small_Icon/Myan-temple",0],"114":["small_Icon/LastValkyrie",0],"115":["small_Icon/BookofPharaoh",0],"116":["small_Icon/MountainSpirit",0],"117":["small_Icon/Aladdin-Fantastic-Journey",0],"118":["small_Icon/West-World",0],"119":["small_Icon/RhinoKing777Jackpot",0],"120":["small_Icon/LuckyFifth",0],"121":["small_Icon/FuryFighters",0],"122":["small_Icon/Candy-Crush",0],"123":["small_Icon/AeroAdventure",0],"124":["small_Icon/PopPopcorns",0],"125":["small_Icon/Vampire",0],"126":["small_Icon/LostTreasure",0],"127":["small_Icon/JourneytotheAbyss",0],"128":["small_Icon/AncientStones",0],"129":["small_Icon/JewelrySpin",0],"130":["big_Icon/12",0],"131":["small_Icon/SafariRun",0],"132":["small_Icon/Mahjong-Master",0],"133":["small_Icon/QuestsofOlympus",0],"134":["small_Icon/SweetJam",0],"135":["small_Icon/WesternSherrif",0],"136":["small_Icon/Baccarat_Private",0],"137":["small_Icon/RhinoKing",0],"138":["small_Icon/SafariRace",0],"139":["small_Icon/DetectivesDream",0],"140":["small_Icon/Poker-Life",0],"141":["small_Icon/Jackpot-Fishing",0],"142":["small_Icon/AncientBlocks",0],"143":["small_Icon/MonkeyKing777Jackpot",0],"144":["small_Icon/Samurai-Preach",0],"145":["small_Icon/Animal-Party",0],"146":["small_Icon/MysteryWind",0],"147":["small_Icon/CrashWonderBlond",0],"148":["small_Icon/HottiesVacation",0],"149":["small_Icon/Dragon-Fortune",0],"150":["small_Icon/Space-travel",1,1],"151":["small_Icon/Saint-ella",1,1],"152":["small_Icon/DragonTiger",1,1],"153":["small_Icon/QueensBow",1,1],"154":["small_Icon/BookofPharaoh777Jackpot",1,1],"155":["small_Icon/AeroAdventure",1,1],"156":["small_Icon/HighLow",1,1],"157":["small_Icon/RoyalPrincess",1,1],"158":["small_Icon/DrFrankensLab777Jackpot",1,1],"159":["small_Icon/LuckyWaterfalls",1,1],"160":["big_Icon/15",1,1],"161":["small_Icon/LuckyGoldbar",1,1],"162":["small_Icon/GoldMineRush",1,1],"163":["small_Icon/AndarBahar",1,1],"164":["small_Icon/SwordMaster",1,1],"165":["small_Icon/ElizabethLab",1,1],"166":["small_Icon/ThreeZombies",1,1],"167":["small_Icon/DiamondMask",1,1],"168":["small_Icon/Baccarat_SuperSix",1,1],"169":["small_Icon/WesternSherrif",1,1],"170":["small_Icon/ToyofLegend",1,1],"171":["small_Icon/Fa-Cai-Shen",1,1],"172":["small_Icon/AncientStones",1,1],"173":["small_Icon/King-of-speed",1,1],"174":["small_Icon/HiddenCity",1,1],"175":["small_Icon/BlackJack",1,1],"176":["small_Icon/Mahjong-Master",1,1],"177":["small_Icon/Vampire",1,1],"178":["small_Icon/Super777",1,1],"179":["small_Icon/Cash-train",1,1],"180":["small_Icon/BountyHunter",1,1],"181":["big_Icon/7",1,1],"182":["small_Icon/West-World",1,1],"183":["small_Icon/World-Cup-Champion",1,1],"184":["small_Icon/JamCrush",1,1],"185":["big_Icon/13",1,1],"186":["small_Icon/OlympusLegend",1,1],"187":["small_Icon/FrozenBlade",1,1],"188":["small_Icon/Rainbow-Crystal",1,1],"189":["small_Icon/AncientBlocks",1,1],"190":["small_Icon/BigSevensJackpot",1,1],"191":["small_Icon/FestivaloftheDead",1,1],"192":["small_Icon/Candy-Crush",1,1],"193":["small_Icon/Wrath-Of-Olympus",1,1],"194":["small_Icon/GoldDragon",1,1],"195":["big_Icon/4",1,1],"196":["big_Icon/9",1,1],"197":["small_Icon/HolyKnight",1,1],"198":["small_Icon/The-Pirates",1,1],"199":["small_Icon/MazeAdventure",1,1],"200":["small_Icon/CherryBell",1,1],"201":["small_Icon/MiracleRing",1,1],"202":["small_Icon/DoubleRace",1,1],"203":["small_Icon/Mermaid-Secret",1,1],"204":["small_Icon/YummyKitchen",1,1],"205":["small_Icon/Frozen-Uncharted",1,1],"206":["small_Icon/Dragon-VS-Tiger",1,1],"207":["small_Icon/Animal-Party",1,1],"208":["small_Icon/SkullLord",1,1],"209":["small_Icon/CaptainsBounty",1,1],"210":["small_Icon/Roullet",1,1],"211":["small_Icon/TigerTrain",1,1],"212":["small_Icon/Gem-Miner",1,1],"213":["small_Icon/JourneytotheAbyss",1,1],"214":["small_Icon/FantasticFairies",1,1],"215":["small_Icon/Samurai-Preach",1,1],"216":["small_Icon/CleosFortune",1,1],"217":["small_Icon/MegaSevens",1,1],"218":["small_Icon/Adventure-Island",1,1],"219":["small_Icon/GoldenPanda",1,1],"220":["small_Icon/Puppy-Love",1,1],"221":["big_Icon/10",1,1],"222":["big_Icon/14",1,1],"223":["small_Icon/KingofPig",1,1],"224":["small_Icon/BookofPharaoh",1,1],"225":["big_Icon/8",1,1],"226":["small_Icon/MagicFire",1,1],"227":["small_Icon/LuckyRocket",1,1],"228":["small_Icon/Dragon-Quest",1,1],"229":["small_Icon/The-Rich-Man",1,1],"230":["small_Icon/DrFrankensLab",1,1],"231":["small_Icon/LegendOfTarzan",1,1],"232":["small_Icon/Rave-Club",1,1],"233":["small_Icon/Baccarat_Private",1,1],"234":["big_Icon/6",1,1],"235":["small_Icon/BigBangSpin",1,1],"236":["small_Icon/QuestsofOlympus",1,1],"237":["small_Icon/AstroLuck",1,1],"238":["small_Icon/MonkeyKing",1,1],"239":["small_Icon/Dragon-Fortune",1,1],"240":["small_Icon/RhinoKing777Jackpot",1,1],"241":["small_Icon/Poker-Life",1,1],"242":["small_Icon/Jackpot-Fishing",1,1],"243":["small_Icon/LastValkyrie",1,1],"244":["big_Icon/3",1,1],"245":["small_Icon/The-Magicians",1,1],"246":["small_Icon/RhinoKing",1,1],"247":["big_Icon/5",1,1],"248":["big_Icon/12",1,1],"249":["small_Icon/BuffaloBegins",1,1],"250":["small_Icon/MysteryWind",1,1],"251":["small_Icon/MountainSpirit",1,1],"252":["small_Icon/Fruit-Rush",1,1],"253":["small_Icon/SecretBall",1,1],"254":["small_Icon/Pharoah-Coin",1,1],"255":["small_Icon/Sweet-Melee",1,1],"256":["small_Icon/TheFatesofSisters",1,1],"257":["big_Icon/11",1,1],"258":["small_Icon/DetectivesDream",1,1],"259":["small_Icon/SecretofEarth",1,1],"260":["big_Icon/2",1,1],"261":["small_Icon/HalloweenGhost",1,1],"262":["small_Icon/MedusaBlessing",1,1],"263":["small_Icon/SweetJam",1,1],"264":["small_Icon/CrashWonderBlond",1,1],"265":["small_Icon/The-Book-Of-Carl",1,1],"266":["small_Icon/LostTreasure",1,1],"267":["small_Icon/Aladdin-Fantastic-Journey",1,1],"268":["small_Icon/JewelrySpin",1,1],"269":["big_Icon/18",1,1],"270":["small_Icon/HottiesVacation",1,1],"271":["small_Icon/MonkeyKing777Jackpot",1,1],"272":["small_Icon/AmazingSodaRush",1,1],"273":["small_Icon/Baccarat",1,1],"274":["small_Icon/Elf-Of-Princess",1,1],"275":["small_Icon/Ice-Age",1,1],"276":["small_Icon/LuckofAmazon",1,1],"277":["small_Icon/SecretofGoddess",1,1],"278":["big_Icon/1",1,1],"279":["small_Icon/SafariRace",1,1],"280":["small_Icon/MegaCave",1,1],"281":["small_Icon/Witch-Elf",1,1],"282":["small_Icon/PiratesTreasure",1,1],"283":["small_Icon/GoldenKitty",1,1],"284":["small_Icon/LegacyofMidas",1,1],"285":["small_Icon/SafariRun",1,1],"286":["small_Icon/BonanzaCoins",1,1],"287":["small_Icon/Myan-temple",1,1],"288":["small_Icon/Wraith-Of-Olympus-II",1,1],"289":["small_Icon/Super-777-II",1,1],"290":["small_Icon/LuckyFifth",1,1],"291":["small_Icon/HottiesParadise",1,1],"292":["small_Icon/PandasJackpot",1,1],"293":["small_Icon/Genie3",1,1],"294":["small_Icon/FuryFighters",1,1],"295":["small_Icon/Chicken-Farm",1,1],"296":["small_Icon/Hockey",1,1],"297":["small_Icon/GoldoftheKing",1,1],"298":["small_Icon/WolfBegins",1,1],"299":["small_Icon/PopPopcorns",1,1]},"types":["cc.Texture2D","cc.SpriteFrame"],"uuids":["00igqEPMxF3rKnz09+ZAd2","06446k9mlI25b9ALNERsEs","07CjRg/bFLao9tu0VvQEGc","07FrMaSVhDG6P3I4ucd12U","09VCFFKAFENoemaqO6Qosg","0bQakk7QVH3a7VO/JVOR2W","0brIT5vfNBbJzvmXNFOClh","12OCamN0FNLJ/CJKSkHZgy","12WFATYeVBwZMrhtmCJuGp","12cH58SeVPjICAw5gvlb7Y","16Wf113u9CzpUCW6aWV3Hy","16eRhSlwBBzqEM2eUwrnDr","16wbt3JH5Jma7EDM/tjMtw","18lDatVIBM5oLwSsH/E4bw","19j0somqhI4alXK82UNXq1","20QqARH4RHUqpHeyel0iw0","21jEMy1LZN15rfNWcM/awV","23Y+IX6KRGnLHKc6E1SSsU","28KdvUnlZJZYlV0vFghTjB","2ay4qoOFpGUobFnzJfilhg","2bKTi9N7hBF6/TWySwJmuw","2bZfQOPy9G+JyQVfyX4c9Y","2bobcsbk9AuKCgk8e+rUsX","2dUtgvICZK3bnt9dosE1Ug","2eZNfPCHZDCpkclWvKDzVN","303n61psJMFZziPbsI7Zgx","31EZeKHhBE8qaVDcOLwGkG","33C5IIIr5NN4vTgsSKFmrp","36CCY+f+xFe4A3x789kDdC","36Jexo8FhDv6CZ0pP+nqKk","360TFCmPdAsqByA7rro1Qb","3aOJKUpXFDXpHW6w/xEdzS","3b8vcqh4pOZqq/ZImh7OwH","3dEZrTABhB1KZLWMsbEBpE","40aRLJ08JDbbvrblLSLjel","42hTkTirxAdIdGStpgfzSr","434pLvzVZD7ocbbJIbS5DG","44ise/P9JMrKoiMS+X5I8Z","44rF+CUwJBh55Hhijpy3MS","47uzjal5dFc46IkRT7kQTZ","49y+4yRQNIZ6urwV4/mA2u","4cVsyuQ1dADaWUv58Nwxcd","4cqXlbeWxNG7H54qTfAukx","4dFMVdpkhLta9z4ULl0+zd","4fqK7MlTpIubjgTJofSmYq","50M59ZCGFGXJw0/9c6dUZ/","50csNdcW9B5JZI5m1efpJd","52cf7fjUtJd7ZwWgX1b6gt","56uFrIePBP/7yppYygZQ8y","58fGgkUtRPiJ+FAXFqX6Sx","59c7fdpCZEVKC+v5FPWeoY","5cvV9kHhVMsrrwiiQvIQ11","5eikm21yxDwr/LUWlWwDiQ","5fj3t3Zv5EkYDn0zVv2YOU","61utBfxIBPG6+Rn8ynODA8","63omBumGFF5pV0+JJzSw5G","64hrRic0JAB5vqKNY7FhIA","652sXXEJZNrq6d6G5Or7Io","6cdDkopw9Jr4LHwLcJzihF","6dTq0cTSZFcqn/XZQ6Z70a","6dzQqsVsJO86C3qK8pS1Hq","70flw8JrtIsYbBXQyxlKq+","71Hi4miVdH4Y1tIr54wZrE","71NCKuSjxI7qu1fW1sGNIE","72k0maLbhMV7wV7vSBL8ng","76VtN7jqtIrpfc3jYem0fv","7cHN9Lmz9CJ5yRI1jYspDU","7d3/6YcjhK6Y2rpJiBjWQW","7eT7kYFzZOmq50u6usdYQP","7fs7zMlkpEDrExFe+ttNVV","89Ds/kSBJKfrDYVCfj2xaj","89OeDSnptMkL3omIM7QXfc","89Sk38PjtItKhkc9+9D/Df","89u8iPW51FZpHmAfdhD6Ln","8bQQJ9m/5C7pqghcMCgXMr","8b74uwJ7RDCqmdkpOYNocs","8dgB7kOIxKiKDF3PBVDt0R","90JL2fa0dIUpjlTmcm74ro","91GXXhwYZIepa6y0RRjcn7","91ZEqP8FVBao3J9LfRIkIv","96UA3Nz8hD+pgJTtFOckNs","96iZ5lzLJMXpYHmwLAbH5t","97HVM43EFMmKemP96Cm50k","99LJYMMyNGGqSysOJlsTOz","99ZL1meSdOEbXBfXyMC/Nu","9aAIZXcqtF4Lb2MFyuVSZ1","9a4VHeHq1MpJrwXGSd8BXz","9dK+j9+9FOPquTachPiXaz","9eK6jIcdtLIJJKcCY5WNbd","9euAdu6TxPuIOPVoGZjk0m","9fSOnqGZhDfbktbO3vfRXE","a222JYxOVFPq6AMff3cJcm","a3gJzguP5MXpcC8V8WZqEH","a3pg9w7OxPya7DuilU0Uro","a54ip40PdId6T3dqf9KMly","a56UCZjxBFAKgO1S1MyJ1V","a6NE4p0p1GfJP+9MuvNBDH","a9tXJHvvBNJJTj70bAl+Bf","b0272mHlBPJa+Yg5m3/tih","b1aVNbu2ZPxIJ50Rv36dT2","b1eQ2DqAtBoJY2A4VviOrJ","b2mQE6Nl9FYpoMxaQVkiMc","b39eQ3U6dLZJkjRvsURH5j","b4QR4YTENIMphspOkhI6wX","b6Q7OTdZhOQ5x1+C2QU13o","b7OcR2hTlPjKUQQn/DnzSr","b8ISq7wYVF3J322Z8YUqBr","bbd/9iTIdM0p9NQeys8try","bcoXdAaJpOZbZRoh5O+cvR","bdS2Pv9WNHdqTnwhR/8Xby","be/xdNFg9JJK7vyLEEv/fN","bfpt1VxGVOCKKfszNCbQHi","c3h/DJg9NCRIDrOnbMkNtw","c4B/BRrcJIkJ4VlUaUQCdr","c5Zga6prlGBrxzRSao9fdE","c5c3eoO7JBB7nKTN0M4a7J","c8PFsZ7WpFr5YZUZEYaQN4","c9wyPhYbZKkKQAWC4y2g9l","c9ziX8F2JMR5p7vLaUd3sf","caAOcnEG5Frrzh7L80X8GM","caEt+F5lhF7oCxzfEiKdj/","d1wHQRYw1Iha/uVuEgK/Cn","d4M2WEySFHHZaqHVtj4g0B","d420H7IjxGX7dE/POJw32Y","d5PvWfhoVJ6Isb4KyCpWz2","d7SElpuH1B3qa+nklxwd4F","d8/2lPynVMZpjcPrpEpbp9","dcqwoNQ/dCYbyIg8zy/YnG","deLECXcLNM94eM7jOZONFd","dfoYvjyfBC7qS3y6gGfP+O","e2EURFz71Jsa+hz1dxJvfr","e3HHKATRxBeYizpIVwkoDq","e7KjQvO1ZG+LYtsbs+G7Ey","e9F/6gk8VIrZRnglKSIAdA","e99HfkME1A9IZVe1lIdKaf","efRdRhs19NA4po0Zvnv5mE","f1weoxk79PkpC713qUKtaf","f1xCljyFxKH6yYbl+D+Psv","f2pJLuuIdPJ6b0NoI1OzPf","f4Ev4zvKRPBISxRhrDYGa2","f4himfPmNPH6Xy7uuW9471","f4zXqkPsFDB5K5r3qJnNUT","f5aDSrNzBN8blJMrDQXZ66","f6xZVfoxJKhbfcPNR4Ytub","f7k5OBXfpB0I8xbzO/n525","f8E2so+idBfLF/WWiHGVa9","faC5m+tQxEUaf3HkuKbOSB","fcYHQ9pT5CJ7+qQmTGHI8L","fePkNEVQ9MjIVMitdGQBHL","ffx/IQNe5Kjq/LiSpow+Vb","008GZ9KQBCc7DPMuuZYbi6","01+sjR1t5Jy5PHuLujZ36V","03STnUjeBEgZDmd2wHKHff","0awr1MuNVAtLI2l+XuZfVb","0eBZZS1KpAaY1l9liwwJRY","0fDmXdNw1CNYDFYMyw5Vwv","10h2slJkpM0bWBFEV3W+hN","13W+Yvc5FJZI3x85jRY+Cn","13boUPJKlEAanEiGwkL0eD","14hLzy1bhFJ7zNyn5oQS3t","14j8IyOe9KFo5y4JB7u4kb","15dtv47e5PRomwByOdvk/G","15th6ZYQtGhJ/Ay0mmfvd4","15+icNysZEp7THi2t4YRNv","16YxkxqK1NlKF4g2FJXEKW","162xCnUZ1PNa/CQm9qKh/n","1b5N3mr7RM5Zt6Afn5hYCz","1cI6792ElDE7J7dnxPciPi","1c5pDau71H64S1UPhD8yXW","1dlkjKQyJMtrhy1qO4miOU","1f27/oyWdA6roAwGeo4i2Y","22AoYQNCBMtoxhkymC5Rba","220X/QLN5JPr1BzxUG0eS7","23uCql67FJJZeghNWT/M8r","26IvHZhVlElYWIFoNUugHc","262XjSgd5HzIZEyCxO2Hc0","2anvZq/KRKQLAKWOPZvcm/","2cvIVWLCxGLKH+uqiOkmc6","2egDy8CwFEdZJ9I4SEoj+N","30sGfEZIdJNqj1I3ZB/mtp","32HxVrEi9D4KuPfBSnv9Nv","32eN7Y9ohFKZyW2ZTalDmH","35LfYeVC5BUKeZxGKRVphs","35SmFLWZBEIbzPp+sPDHRH","36eGTfZn1KdKOWfan3ppnd","363FAQtddJJI3JQSoTL8Ii","38hVAgKDVPd47LeG4trH9C","3cXXGY3PJBR634j1uu16RT","3cm5BN5oxDt4NdUzvbHv5M","3cnWKW03xLEKW3gJwU2l5B","3djd789XZMwYG6r5QkfRkK","3ej3MkkVRF4p9WYmrv6upX","3fUsUcjXNOCpu0nf21KmPc","45Gx0QzLlN6KrDZ10TJfyR","48JyOi/oBG17DUj2T5XwFi","49I7QYPapFiY4W2leIozU5","51E8tVistCd74qbQ17DEil","51wCQnOYVJ17N+qVXLaq+B","54RacRKOVGwL3zkwV2KhUf","55EoHwmzFC/ppaGoUlVEl3","55ibvdx0NENpxFgy2vOZOI","55rPo7kK5K+aJ4sLwlWJA8","57DHA7nUJBZruDj+a+TSvs","5cIZPkwcxIw55TArCqYRtt","5dEvh1qSZI/ZiqQyBeAOJa","615rYpKAVN07meKIttBuXA","65Juzjfw5CwpSupeaBLsC6","66m08Ud/1MT7df9JwU7DkE","66wx9BeFZB244kytHGbiEh","67PPP4VdJLR5h/gWNS+t9g","6bPicgUwxG57S0Scbx6AQu","6bpKuXw5JBdp7urVBkruEE","6bwlgeIDhDLo537jMUDy2I","6cAxtrIsFKjrEO+Ta1MTrG","6dkaOkwPlDaKS1+ZaV+Bgt","74XevoYKFFVaUOf2OeoZv6","75cylJjQNHPZCwk4Nj2X2R","76j+cn0Q9PcZ3p4w4Qzsic","78ASvC24JAq7h2koXhBU7J","78zxs2KJhIxLMcIb1lQSpn","7cMLM6EUhElpPjU/Kj92Fk","7dtPN5SlpMdaoWLywYW9Hn","7f5ThcrOlDzIHiWYPUXu18","7f97Dv8XpLDqXNFelypWIb","819NQILk1MjYqx3wQd4uzd","82GtFq0/FKfZy6D/UCKUyE","853MJDIX9MLLTSsjxeO4jh","8585+T5r5L0Y7KuQ8dyCmk","87EsJ9eV5GMY/feZzLaYau","87keTdP11AyKhx3+CRbz0R","8aHiCGaQ5IdqP3gzl0hfTc","8cZKeeT9pOb6AOuhgd+C92","8fhTZ8SZ1MApLvN0l2EdnN","93Ud1dI6VOrbKoVWcaq/tn","97VZa4SPVGjbQJsZdq1ga4","97y53qecNOr4Q2jFOzsor5","98SNsp5uJI+ZA2pdyXahkY","99izNjDyNIaozR/y/kkeMn","9auuHTACtEh7/G0D9aDwRY","9dvK4RJCBCE73P6ZxgW4Zx","9d+6ZuDO1Hl43w4uXwSXuN","9fiWmK5oFDEJY6f2/+NwgG","a0lVoiO8JLeqXMLIazWGKn","a14tIlMJRIOINYtEccjpx+","a2gRMlwqBP07L83KvWixIP","a3EhL+a99Os6WvcLy5n+rY","a3miEMo/dFR78Qx41fuJRs","a4O3tn+NZIjKtbM5M8YHtn","a5lKXzIL9ChKrYEncKjBDn","a8BmkPDG1BWotuKQAOMs6G","a8iIyaxbNN8qiAgSNXszR9","acLsq4r0xP+5A+4aOb4Olt","acYfmiSERMu5WHPewskilL","b386B4ckhIgr/PmcMporiA","b4REypLFVE0IZefG9PCCo1","b6s61GEaVJm4Bw1jMb0Cgn","b9Ixnx6QdFUJ6h8111JzU8","baS7wA1U1FxJWihyd5/pCw","bbdBYrFMdN56oNrW7pr8vB","bcQLzEQPRMYJ6mLei/PxIF","bfccy8YlRCMqW0zT/Sj3B/","c2InylZrpGE57mFFEJI2ug","c6PZAMCklCVJjeV+d172bU","c7JZRIk3BKr4MuWlcY4hwV","c872U8YM5Ex6qAVu9BWTwQ","caseSVt7VB6qymltuxnRM/","cdFxC/lcVK+LFH6V+1BCOX","cdvvtFUNBFRqr0xUuVQBMT","ceKW5IpUxICqKcJUCXPiUK","d0I2CA97pCwqw0CTT0tbu8","d01TjjQzZFIYo4UNwbi9TU","d1Wnp1WUtFX7wKuEcVwyy/","d3xOv+5StLcZo68WHsOyVv","d4gqXWZcZBsoFdlcL1SDjX","d5H1eg8VdKg6mYPxBnEAHN","d51Dg3YE9EQa/Au7P5UQs6","d6PXsVElpHh4bniY7mlNQg","d7ZqzpOnlEmKazKSa5IOKN","d9zNrVjYNF2qt93Uvvxjnf","ddTBYm7kREZIxDkK9SZdYZ","df8BozuSFIJ6HRvYhFrcNX","e0K0vncPdPEYHzTymNC2Tv","e0wGSuyJBEJK1jDLIWS+J2","e2M/oS/9VCmIa6sXRcgujl","e62qILPz1OQ7vz0IMEKn2G","e9Uc6HwwFL8qcY3oo/jqsj","eayN2LriVGGrvSASOmU+NE","eb3FaJV8FF+YrDcwJGomgi","edeoJAWHJORJayKv/IQAE8","eeqgg3NaBOALd0EWiyhSXt","efI1XErPdPEa4aUV/lXJb7","f0GxNTnZJLULyWJsriN8L9","f3TRl2mCJHJIEeOpbaMcac","f4sV5HYfxP8Y0pJHRc8Fw2","f6uch3PNhJya9kpfbb+WCi","f907TC+6dMAZCi5kue6cp3","fa+GRgwLtLJI7UwkBrBwvB","fc03jaP1ZD7YkgNh8A/yYB","ffRMzNiVxDVoqYggGci8WF","ffnIRSxNJAHbwHj4Eu1Hr5"],"scenes":{},"redirect":[],"deps":[],"packs":{"0988cb4de":[0,1,2,3,4,5,6,7,8,9,10,11,12,13,14,15,16,17,18,19,20,21,22,23,24,25,26,27,28,29,30,31,32,33,34,35,36,37,38,39,40,41,42,43,44,45,46,47,48,49,50,51,52,53,54,55,56,57,58,59,60,61,62,63,64,65,66,67,68,69,70,71,72,73,74,75,76,77,78,79,80,81,82,83,84,85,86,87,88,89,90,91,92,93,94,95,96,97,98,99,100,101,102,103,104,105,106,107,108,109,110,111,112,113,114,115,116,117,118,119,120,121,122,123,124,125,126,127,128,129,130,131,132,133,134,135,136,137,138,139,140,141,142,143,144,145,146,147,148,149]},"name":"hallResIcon","importBase":"import","nativeBase":"native","debug":false,"isZip":false,"encrypted":false,"versions":{"import":[150,"5272d",151,"527b9",152,"df366","0988cb4de","02a77",153,"ecaba",154,"cbfd1",155,"2b93f",156,"9a37e",157,"b5505",158,"83b9a",159,"1d577",160,"18bb0",161,"ea5db",162,"dc94b",163,"77782",164,"86f69",165,"81dcb",166,"86627",167,"168ae",168,"31a24",169,"f18ec",170,"d025f",171,"6d968",172,"b44a8",173,"5f920",174,"a611b",175,"295e0",176,"88023",177,"bd0f2",178,"bb2bc",179,"ab451",180,"488e6",181,"382d0",182,"86f26",183,"9e421",184,"5c27c",185,"57bb4",186,"15f05",187,"23a61",188,"5971c",189,"65a67",190,"dc932",191,"c85b1",192,"84bc4",193,"6101c",194,"c4d86",195,"d00a6",196,"808aa",197,"35032",198,"5023d",199,"7aba3",200,"4d0bc",201,"c583f",202,"5a039",203,"e8f3a",204,"269b3",205,"f4e9a",206,"9b432",207,"83e28",208,"15ebd",209,"3763d",210,"2abdb",211,"38e68",212,"0d4a0",213,"47f76",214,"987bc",215,"efe67",216,"7cfca",217,"d10e9",218,"61e71",219,"2a92d",220,"04784",221,"cf2c9",222,"2f8f0",223,"2d7dd",224,"d688a",225,"eee98",226,"4c109",227,"88b57",228,"a957e",229,"3dea7",230,"730da",231,"23dd5",232,"cd9fb",233,"20a4e",234,"24da6",235,"16789",236,"64350",237,"0801b",238,"b6f89",239,"7fdfd",240,"bb11a",241,"9f707",242,"09499",243,"935ab",244,"3d360",245,"31b33",246,"62f65",247,"48917",248,"53000",249,"ac304",250,"19402",251,"b03a6",252,"2762b",253,"0e255",254,"fef69",255,"00377",256,"129d3",257,"5bbc0",258,"33f34",259,"e3545",260,"f09f5",261,"4ca44",262,"76668",263,"2ba55",264,"b041b",265,"792b4",266,"058c6",267,"1e8f7",268,"f0e43",269,"7db6f",270,"0e920",271,"0a1ed",272,"4be8e",273,"edf2f",274,"eca5f",275,"b2b19",276,"7b28f",277,"cbecc",278,"51952",279,"a9c49",280,"55adf",281,"c2e1a",282,"dbf6b",283,"91356",284,"f1fbe",285,"1a9e4",286,"72507",287,"3ca9f",288,"5bcdc",289,"cf0c7",290,"2007a",291,"44d57",292,"03667",293,"ce35a",294,"8b43a",295,"2b58b",296,"61e15",297,"17aef",298,"0a803",299,"ba65b"],"native":[0,"dc2db",1,"e2e84",2,"338cf",3,"09a5b",4,"bb52c",5,"cfa2b",6,"b9c9e",7,"99a61",8,"66458",9,"b3ff4",10,"d97ad",11,"b074b",12,"32d4f",13,"6e295",14,"11105",15,"b840b",16,"a3604",17,"b8c98",18,"3a4f2",19,"4a854",20,"2c687",21,"cd39f",22,"ec109",23,"493cd",24,"926db",25,"1d698",26,"2457d",27,"372d8",28,"3c3c1",29,"7008a",30,"e062a",31,"d2980",32,"f8fb0",33,"c1d30",34,"c651f",35,"7fb18",36,"65ceb",37,"49618",38,"1c65b",39,"76109",40,"dde98",41,"795dd",42,"7a2ac",43,"56c33",44,"a4c58",45,"c3430",46,"36874",47,"bb7e8",48,"5361e",49,"629f2",50,"c73f8",51,"204a0",52,"4c70b",53,"58ef7",54,"40146",55,"658f4",56,"d9f0d",57,"9e29d",58,"ae5c4",59,"2927e",60,"761fd",61,"90ff5",62,"d4e7b",63,"d8f0f",64,"92e45",65,"12be7",66,"8e978",67,"eece9",68,"622a3",69,"42758",70,"c786c",71,"66cdc",72,"ce275",73,"2e9d5",74,"3d672",75,"054f4",76,"b83f1",77,"9b0a5",78,"968db",79,"87476",80,"e2bd4",81,"0d8d8",82,"da2f2",83,"cd9f8",84,"29964",85,"fe2d1",86,"c1968",87,"1c7c2",88,"1cd6d",89,"18847",90,"48ded",91,"2fdb7",92,"5230b",93,"3ba09",94,"907d7",95,"30ff2",96,"fb068",97,"0371b",98,"6fdb0",99,"24d6a",100,"84afa",101,"892da",102,"f526a",103,"a824f",104,"c2b83",105,"7129c",106,"3afee",107,"59bfd",108,"3d65d",109,"848bb",110,"12a09",111,"53daa",112,"eaae9",113,"9e563",114,"b80af",115,"1dd5b",116,"5999b",117,"42603",118,"a65a6",119,"63362",120,"79046",121,"168fe",122,"126c5",123,"a916a",124,"eddd8",125,"db1ad",126,"fcc85",127,"2d73c",128,"7339b",129,"677ca",130,"2b39e",131,"ec8d5",132,"9254c",133,"ea349",134,"5344b",135,"4e644",136,"6a5db",137,"a6698",138,"3371c",139,"075c9",140,"a68bb",141,"8a46c",142,"b5312",143,"beb9d",144,"d8c45",145,"dd177",146,"d76ce",147,"7abda",148,"4ec9b",149,"1e7a3"]}}