[1,["113f0d8a0","ecpdLyjvZBwrvm+cedCcQy","53GZ7KODFJI6Ijy9IEt2J/","b9hMN0fh5E1rbCkffsOSWx","beke/HyqVIIqRA9VTsj/RM","d8nO9SUmhKypdLbcDh9oRe","09SwgUTotL97LuHvmgJQ7O","c0WQvr0PlI85eulAn5tlEQ","66jTvvv/FH6K5uJhfesL36","b0Q+vj0nNLe7GBzBhrMC4r","adVO5Qk9ZNmob29JGmZ87f","31AN4VnQVGzrVXCHX0cRu0","46QrW9NuhMI4gX0NMCGyf1","b454PcSfxIcqVRYIQ8sFm1","d9ipsi4LBAJ7POc8bEBYPe","a8R5V10PxGf53KRDhGMZIA","8eippDuNRH1b2/X2zH04vh","ebJRLHcVJPh5KvREz0JLHn","9d1Lk2ZxxPp6PNc/d4vaRH","59UvKoA49N6qLZfBnqDhBE","72dIVENt5IeZwrY0jTntGH","95D4x6GhBMCa1VfNfQvPic","378b7a+aJJF7U0hEN/H97J","0dHLU8ouFPXpF+STcYWqpK","80AuhT70pKdIKPize4GWnU","b5Mm89UVBI9a4+IEuXEqrU","bdz8KrDkxE7L849wvHjER3","fc7sfwgqBP36e93CfsL4yI","a1f2U2AYtCqrktwpoxhAeV","dcUP+6w/hNBqrikSYdZNKg","b4geGTTspDm4D0YEP/VNov","15CpNbRedETbdp1elD46GO","a9nucOosVPhrcEUV2whkvF","d7aRapW6NMoIGBR4KMEmXJ","56/c2gq0ROBr5nBRuv53jk","10PbpGjYNElKpft9MJqpXE","8aRHFclnZA7ojWBIxblZnk","3dUYGeaUlN8qg4Ggdlz8xz"],["_textureSetter","node","root","imgNode","aniPalyNode","rightAnimate","data","_spriteFrame","rightClip","_defaultClip"],["cc.SpriteFrame",["cc.Node",["_name","_active","_components","_prefab","_contentSize","_parent","_children"],1,9,4,5,1,2],["cc.Sprite",["_sizeMode","node","_materials","_spriteFrame"],2,1,3,6],["cc.PrefabInfo",["fileId","root","asset"],2,1,1],["dragonBones.DragonBonesAsset",["_name","_dragonBonesJson"],1],["cc.AudioClip",["_name","_native","duration"],0],["cc.Prefab",["_name"],2],["cc.Node",["_name","_active","_parent","_components","_prefab","_contentSize","_trs"],1,1,12,4,5,7],["b5473pRz4xM/Y/lCrHztbaK",["node","rightAnimate","aniPalyNode","imgNode","itemTextureList","itemWinAnim","itemWinAnimTexture","rightClip"],3,1,1,1,1,3,3,3,6],["dragonBones.ArmatureDisplay",["_preCacheMode","_armatureKey","node","_materials"],1,1,3],["cc.Animation",["playOnLoad","node","_clips"],2,1,3]],[[4,0,1,3],[3,0,1,2,2],[2,1,2,1],[1,0,5,2,3,4,2],[5,0,1,2,4],[6,0,2],[1,0,6,2,3,4,2],[1,0,1,5,2,3,4,3],[7,0,1,2,3,4,5,6,3],[2,0,1,2,3,2],[8,0,1,2,3,4,5,6,7,1],[3,1,2,1],[9,0,1,2,3,3],[10,0,1,2,2]],[[[{"name":"fruit_element_lemon","rect":[146,674,133,143],"offset":[0,0],"originalSize":[135,145],"capInsets":[0,0,0,0]}],[0],0,[0],[0],[0]],[[[0,"xing_ske","{\"frameRate\":24,\"isGlobal\":0,\"armature\":[{\"ik\":[],\"bone\":[{\"name\":\"root\",\"transform\":{}},{\"transform\":{\"y\":-0.0388},\"name\":\"bone\",\"parent\":\"root\"}],\"aabb\":{\"width\":167,\"y\":-77.03876604685797,\"height\":154,\"x\":-83.5},\"type\":\"Armature\",\"frameRate\":24,\"defaultActions\":[{\"gotoAndPlay\":\"newAnimation\"}],\"animation\":[{\"ik\":[],\"playTimes\":0,\"bone\":[{\"frame\":[{\"transform\":{},\"duration\":20}],\"name\":\"root\"},{\"frame\":[{\"tweenEasing\":0,\"transform\":{\"skX\":15.6346,\"skY\":15.6346},\"duration\":3},{\"tweenEasing\":0,\"transform\":{\"scY\":1.1,\"y\":-14.3687,\"skX\":15.6346,\"skY\":15.6346,\"scX\":1.1},\"duration\":4},{\"tweenEasing\":0,\"transform\":{\"scY\":1.1,\"y\":-14.3687,\"skX\":-22.8756,\"skY\":-22.8756,\"scX\":1.1},\"duration\":5},{\"tweenEasing\":0,\"transform\":{\"scY\":1.1,\"y\":-14.3687,\"skX\":15.6346,\"skY\":15.6346,\"scX\":1.1},\"duration\":5},{\"tweenEasing\":0,\"transform\":{\"scY\":1.1,\"y\":-14.3687,\"skX\":-23.9029,\"skY\":-23.9029,\"scX\":1.1},\"duration\":3},{\"transform\":{\"skX\":15.6346,\"skY\":15.6346},\"duration\":0}],\"name\":\"bone\"}],\"slot\":[{\"frame\":[{\"tweenEasing\":0,\"color\":{\"aM\":0},\"duration\":3},{\"tweenEasing\":0,\"color\":{\"aM\":0},\"duration\":4},{\"tweenEasing\":0,\"duration\":4},{\"tweenEasing\":0,\"color\":{\"aM\":0},\"duration\":6},{\"tweenEasing\":0,\"duration\":3},{\"tweenEasing\":null,\"color\":{\"aM\":0},\"duration\":0}],\"name\":\"putao1\"}],\"ffd\":[],\"frame\":[],\"name\":\"newAnimation\",\"duration\":20}],\"slot\":[{\"name\":\"putao2\",\"parent\":\"bone\",\"color\":{}},{\"blendMode\":\"add\",\"z\":1,\"parent\":\"bone\",\"name\":\"putao1\",\"color\":{}},{\"z\":2,\"displayIndex\":-1,\"name\":\"xigua\",\"parent\":\"root\",\"color\":{}}],\"name\":\"Armature\",\"skin\":[{\"slot\":[{\"display\":[{\"path\":\"xigua\",\"type\":\"image\",\"name\":\"xigua\",\"transform\":{}}],\"name\":\"xigua\"},{\"display\":[{\"path\":\"xing\",\"type\":\"image\",\"name\":\"putao\",\"transform\":{}}],\"name\":\"putao2\"},{\"display\":[{\"path\":\"xing\",\"type\":\"image\",\"name\":\"putao\",\"transform\":{}}],\"blendMode\":\"add\",\"name\":\"putao1\"}],\"name\":\"\"}]}],\"name\":\"xing\",\"version\":\"5.0\"}"]],0,0,[],[],[]],[[{"name":"fruit_element_lingdang","rect":[167,3,118,127],"offset":[0.5,0],"originalSize":[119,127],"capInsets":[0,0,0,0]}],[0],0,[0],[0],[0]],[[[0,"yingdang_ske","{\"frameRate\":24,\"isGlobal\":0,\"armature\":[{\"ik\":[],\"bone\":[{\"name\":\"root\",\"transform\":{}},{\"transform\":{\"y\":-0.0388},\"name\":\"bone\",\"parent\":\"root\"}],\"aabb\":{\"width\":119,\"y\":-63.53876604685797,\"height\":127,\"x\":-59.5},\"type\":\"Armature\",\"frameRate\":24,\"defaultActions\":[{\"gotoAndPlay\":\"newAnimation\"}],\"animation\":[{\"ik\":[],\"playTimes\":0,\"bone\":[{\"frame\":[{\"transform\":{},\"duration\":20}],\"name\":\"root\"},{\"frame\":[{\"tweenEasing\":0,\"transform\":{\"skX\":15.6346,\"skY\":15.6346},\"duration\":3},{\"tweenEasing\":0,\"transform\":{\"scY\":1.1,\"y\":-14.3687,\"skX\":15.6346,\"skY\":15.6346,\"scX\":1.1},\"duration\":4},{\"tweenEasing\":0,\"transform\":{\"scY\":1.1,\"y\":-14.3687,\"skX\":-22.8756,\"skY\":-22.8756,\"scX\":1.1},\"duration\":5},{\"tweenEasing\":0,\"transform\":{\"scY\":1.1,\"y\":-14.3687,\"skX\":15.6346,\"skY\":15.6346,\"scX\":1.1},\"duration\":5},{\"tweenEasing\":0,\"transform\":{\"scY\":1.1,\"y\":-14.3687,\"skX\":-23.9029,\"skY\":-23.9029,\"scX\":1.1},\"duration\":3},{\"transform\":{\"skX\":15.6346,\"skY\":15.6346},\"duration\":0}],\"name\":\"bone\"}],\"slot\":[{\"frame\":[{\"tweenEasing\":0,\"color\":{\"aM\":0},\"duration\":3},{\"tweenEasing\":0,\"color\":{\"aM\":0},\"duration\":4},{\"tweenEasing\":0,\"duration\":4},{\"tweenEasing\":0,\"color\":{\"aM\":0},\"duration\":6},{\"tweenEasing\":0,\"duration\":3},{\"tweenEasing\":null,\"color\":{\"aM\":0},\"duration\":0}],\"name\":\"putao1\"}],\"ffd\":[],\"frame\":[],\"name\":\"newAnimation\",\"duration\":20}],\"slot\":[{\"name\":\"putao2\",\"parent\":\"bone\",\"color\":{}},{\"blendMode\":\"add\",\"z\":1,\"parent\":\"bone\",\"name\":\"putao1\",\"color\":{}}],\"name\":\"Armature\",\"skin\":[{\"slot\":[{\"display\":[{\"path\":\"lingdang\",\"type\":\"image\",\"name\":\"putao\",\"transform\":{}}],\"blendMode\":\"add\",\"name\":\"putao1\"},{\"display\":[{\"path\":\"lingdang\",\"type\":\"image\",\"name\":\"putao\",\"transform\":{}}],\"name\":\"putao2\"}],\"name\":\"\"}]}],\"name\":\"yingdang\",\"version\":\"5.0\"}"]],0,0,[],[],[]],[[{"name":"fruit_element_xingxing","rect":[3,174,163,150],"offset":[1,1],"originalSize":[167,154],"rotated":1,"capInsets":[0,0,0,0]}],[0],0,[0],[0],[0]],[[[0,"xigua_ske","{\"frameRate\":24,\"isGlobal\":0,\"armature\":[{\"ik\":[],\"bone\":[{\"name\":\"root\",\"transform\":{}},{\"transform\":{\"y\":-0.0388},\"name\":\"bone\",\"parent\":\"root\"}],\"aabb\":{\"width\":148,\"y\":-67.03876604685797,\"height\":134,\"x\":-74},\"type\":\"Armature\",\"frameRate\":24,\"defaultActions\":[{\"gotoAndPlay\":\"newAnimation\"}],\"animation\":[{\"ik\":[],\"playTimes\":0,\"bone\":[{\"frame\":[{\"transform\":{},\"duration\":20}],\"name\":\"root\"},{\"frame\":[{\"tweenEasing\":0,\"transform\":{\"skX\":15.6346,\"skY\":15.6346},\"duration\":3},{\"tweenEasing\":0,\"transform\":{\"scY\":1.1,\"y\":-14.3687,\"skX\":15.6346,\"skY\":15.6346,\"scX\":1.1},\"duration\":4},{\"tweenEasing\":0,\"transform\":{\"scY\":1.1,\"y\":-14.3687,\"skX\":-22.8756,\"skY\":-22.8756,\"scX\":1.1},\"duration\":5},{\"tweenEasing\":0,\"transform\":{\"scY\":1.1,\"y\":-14.3687,\"skX\":15.6346,\"skY\":15.6346,\"scX\":1.1},\"duration\":5},{\"tweenEasing\":0,\"transform\":{\"scY\":1.1,\"y\":-14.3687,\"skX\":-23.9029,\"skY\":-23.9029,\"scX\":1.1},\"duration\":3},{\"transform\":{\"skX\":15.6346,\"skY\":15.6346},\"duration\":0}],\"name\":\"bone\"}],\"slot\":[{\"frame\":[{\"tweenEasing\":0,\"color\":{\"aM\":0},\"duration\":3},{\"tweenEasing\":0,\"color\":{\"aM\":0},\"duration\":4},{\"tweenEasing\":0,\"duration\":4},{\"tweenEasing\":0,\"color\":{\"aM\":0},\"duration\":6},{\"tweenEasing\":0,\"duration\":3},{\"tweenEasing\":null,\"color\":{\"aM\":0},\"duration\":0}],\"name\":\"putao1\"}],\"ffd\":[],\"frame\":[],\"name\":\"newAnimation\",\"duration\":20}],\"slot\":[{\"name\":\"putao2\",\"parent\":\"bone\",\"color\":{}},{\"blendMode\":\"add\",\"z\":1,\"parent\":\"bone\",\"name\":\"putao1\",\"color\":{}},{\"z\":2,\"displayIndex\":-1,\"name\":\"xigua\",\"parent\":\"root\",\"color\":{}}],\"name\":\"Armature\",\"skin\":[{\"slot\":[{\"display\":[{\"path\":\"xigua1\",\"type\":\"image\",\"name\":\"putao\",\"transform\":{}}],\"name\":\"putao2\"},{\"display\":[{\"path\":\"xigua\",\"type\":\"image\",\"name\":\"xigua\",\"transform\":{}}],\"name\":\"xigua\"},{\"display\":[{\"path\":\"xigua1\",\"type\":\"image\",\"name\":\"putao\",\"transform\":{}}],\"blendMode\":\"add\",\"name\":\"putao1\"}],\"name\":\"\"}]}],\"name\":\"xigua\",\"version\":\"5.0\"}"]],0,0,[],[],[]],[[{"name":"fruit_element_watermelon","rect":[3,830,148,134],"offset":[0,0],"originalSize":[148,134],"capInsets":[0,0,0,0]}],[0],0,[0],[0],[0]],[[[0,"ningmeng_ske","{\"frameRate\":24,\"isGlobal\":0,\"armature\":[{\"ik\":[],\"bone\":[{\"name\":\"root\",\"transform\":{}},{\"transform\":{\"y\":-0.0388},\"name\":\"bone\",\"parent\":\"root\"}],\"aabb\":{\"width\":133,\"y\":-64.53876604685797,\"height\":129,\"x\":-66.5},\"type\":\"Armature\",\"frameRate\":24,\"defaultActions\":[{\"gotoAndPlay\":\"newAnimation\"}],\"animation\":[{\"ik\":[],\"playTimes\":0,\"bone\":[{\"frame\":[{\"transform\":{},\"duration\":20}],\"name\":\"root\"},{\"frame\":[{\"tweenEasing\":0,\"transform\":{\"skX\":15.6346,\"skY\":15.6346},\"duration\":3},{\"tweenEasing\":0,\"transform\":{\"scY\":1.1,\"y\":-14.3687,\"skX\":15.6346,\"skY\":15.6346,\"scX\":1.1},\"duration\":4},{\"tweenEasing\":0,\"transform\":{\"scY\":1.1,\"y\":-14.3687,\"skX\":-22.8756,\"skY\":-22.8756,\"scX\":1.1},\"duration\":5},{\"tweenEasing\":0,\"transform\":{\"scY\":1.1,\"y\":-14.3687,\"skX\":15.6346,\"skY\":15.6346,\"scX\":1.1},\"duration\":5},{\"tweenEasing\":0,\"transform\":{\"scY\":1.1,\"y\":-14.3687,\"skX\":-23.9029,\"skY\":-23.9029,\"scX\":1.1},\"duration\":3},{\"transform\":{\"skX\":15.6346,\"skY\":15.6346},\"duration\":0}],\"name\":\"bone\"}],\"slot\":[{\"frame\":[{\"tweenEasing\":0,\"color\":{\"aM\":0},\"duration\":3},{\"tweenEasing\":0,\"color\":{\"aM\":0},\"duration\":4},{\"tweenEasing\":0,\"duration\":4},{\"tweenEasing\":0,\"color\":{\"aM\":0},\"duration\":6},{\"tweenEasing\":0,\"duration\":3},{\"tweenEasing\":null,\"color\":{\"aM\":0},\"duration\":0}],\"name\":\"putao1\"}],\"ffd\":[],\"frame\":[],\"name\":\"newAnimation\",\"duration\":20}],\"slot\":[{\"name\":\"putao2\",\"parent\":\"bone\",\"color\":{}},{\"blendMode\":\"add\",\"z\":1,\"parent\":\"bone\",\"name\":\"putao1\",\"color\":{}}],\"name\":\"Armature\",\"skin\":[{\"slot\":[{\"display\":[{\"path\":\"ningmeng\",\"type\":\"image\",\"name\":\"putao\",\"transform\":{}}],\"name\":\"putao2\"},{\"display\":[{\"path\":\"ningmeng\",\"type\":\"image\",\"name\":\"putao\",\"transform\":{}}],\"blendMode\":\"add\",\"name\":\"putao1\"}],\"name\":\"\"}]}],\"name\":\"ningmeng\",\"version\":\"5.0\"}"]],0,0,[],[],[]],[[[0,"wild_ske","{\"frameRate\":24,\"isGlobal\":0,\"armature\":[{\"ik\":[],\"bone\":[{\"name\":\"root\",\"transform\":{}},{\"length\":26,\"transform\":{\"y\":32,\"skX\":87.7974,\"skY\":87.7974,\"x\":-39},\"parent\":\"root\",\"name\":\"W\"},{\"length\":16,\"transform\":{\"y\":44.05,\"skX\":81.2147,\"skY\":81.2147,\"x\":-7.65},\"parent\":\"root\",\"name\":\"I\"},{\"length\":22,\"transform\":{\"y\":33.85,\"skX\":88.9607,\"skY\":88.9607,\"x\":47.85},\"parent\":\"root\",\"name\":\"D\"},{\"length\":17,\"transform\":{\"y\":35.55,\"skX\":97.229,\"skY\":97.229,\"x\":11.85},\"parent\":\"root\",\"name\":\"L\"},{\"length\":51,\"transform\":{\"y\":-46.6,\"skX\":89.5563,\"skY\":89.5563,\"x\":-1.7},\"parent\":\"root\",\"name\":\"zs\"},{\"length\":51,\"transform\":{\"y\":-46.6,\"skX\":89.5563,\"skY\":89.5563,\"x\":-1.7},\"parent\":\"root\",\"name\":\"zs1\"}],\"aabb\":{\"width\":153,\"y\":-76,\"height\":146,\"x\":-77.5},\"type\":\"Armature\",\"frameRate\":24,\"defaultActions\":[{\"gotoAndPlay\":\"newAnimation\"}],\"animation\":[{\"ik\":[],\"playTimes\":0,\"bone\":[{\"frame\":[{\"transform\":{},\"duration\":32}],\"name\":\"root\"},{\"frame\":[{\"tweenEasing\":0,\"transform\":{},\"duration\":4},{\"tweenEasing\":0,\"transform\":{\"scY\":1.2714,\"y\":-4.234,\"scX\":1.2714},\"duration\":4},{\"tweenEasing\":0,\"transform\":{\"scY\":0.8357,\"y\":-2.117,\"scX\":0.8357},\"duration\":2},{\"tweenEasing\":0,\"transform\":{\"skX\":0.0026,\"skY\":0.0026},\"duration\":16},{\"transform\":{\"skX\":0.0026,\"skY\":0.0026},\"duration\":6}],\"name\":\"W\"},{\"frame\":[{\"tweenEasing\":0,\"transform\":{},\"duration\":8},{\"tweenEasing\":0,\"transform\":{},\"duration\":4},{\"tweenEasing\":0,\"transform\":{\"scY\":1.1962,\"y\":-2.5404,\"scX\":1.1962},\"duration\":4},{\"tweenEasing\":0,\"transform\":{\"scY\":0.9312,\"y\":0.4234,\"scX\":0.9312},\"duration\":2},{\"transform\":{},\"duration\":14}],\"name\":\"I\"},{\"frame\":[{\"tweenEasing\":0,\"transform\":{},\"duration\":22},{\"tweenEasing\":0,\"transform\":{},\"duration\":5},{\"tweenEasing\":0,\"transform\":{\"scY\":1.2578,\"y\":-3.3872,\"scX\":1.2578},\"duration\":3},{\"tweenEasing\":0,\"transform\":{\"scY\":0.8685,\"y\":-0.4234,\"scX\":0.8685},\"duration\":2},{\"transform\":{},\"duration\":0}],\"name\":\"D\"},{\"frame\":[{\"tweenEasing\":0,\"transform\":{\"skX\":0.001,\"skY\":0.001},\"duration\":14},{\"tweenEasing\":0,\"transform\":{},\"duration\":4},{\"tweenEasing\":0,\"transform\":{\"scY\":1.2645,\"y\":-5.9276,\"scX\":1.2645},\"duration\":4},{\"tweenEasing\":0,\"transform\":{\"scY\":0.9519,\"y\":0.4234,\"scX\":0.9519},\"duration\":3},{\"transform\":{},\"duration\":7}],\"name\":\"L\"},{\"frame\":[{\"tweenEasing\":0,\"transform\":{},\"duration\":8},{\"tweenEasing\":0,\"transform\":{\"scY\":1.1805,\"scX\":1.1805},\"duration\":11},{\"tweenEasing\":0,\"transform\":{\"scY\":1.1805,\"scX\":1.1805},\"duration\":5},{\"tweenEasing\":0,\"transform\":{\"scY\":0.92,\"scX\":0.92},\"duration\":3},{\"transform\":{},\"duration\":5}],\"name\":\"zs\"},{\"frame\":[{\"tweenEasing\":0,\"transform\":{},\"duration\":8},{\"tweenEasing\":0,\"transform\":{\"scY\":1.1805,\"scX\":1.1805},\"duration\":11},{\"tweenEasing\":0,\"transform\":{\"scY\":1.1805,\"scX\":1.1805},\"duration\":5},{\"tweenEasing\":0,\"transform\":{\"scY\":0.92,\"scX\":0.92},\"duration\":3},{\"transform\":{},\"duration\":5}],\"name\":\"zs1\"}],\"slot\":[{\"frame\":[{\"tweenEasing\":null,\"duration\":32}],\"name\":\"W\"},{\"frame\":[{\"tweenEasing\":0,\"color\":{\"aM\":0},\"duration\":12},{\"tweenEasing\":0,\"color\":{\"aM\":50},\"duration\":8},{\"tweenEasing\":0,\"color\":{\"aM\":0},\"duration\":12},{\"tweenEasing\":null,\"color\":{\"aM\":0},\"duration\":0}],\"name\":\"zs1\"}],\"ffd\":[],\"frame\":[],\"name\":\"newAnimation\",\"duration\":32}],\"slot\":[{\"name\":\"kk\",\"parent\":\"root\",\"color\":{}},{\"z\":1,\"name\":\"zs\",\"parent\":\"zs\",\"color\":{}},{\"z\":2,\"name\":\"D\",\"parent\":\"D\",\"color\":{}},{\"z\":3,\"name\":\"L\",\"parent\":\"L\",\"color\":{}},{\"z\":4,\"name\":\"I\",\"parent\":\"I\",\"color\":{}},{\"z\":5,\"name\":\"W\",\"parent\":\"W\",\"color\":{}},{\"blendMode\":\"add\",\"z\":6,\"parent\":\"zs1\",\"name\":\"zs1\",\"color\":{}}],\"name\":\"Armature\",\"skin\":[{\"slot\":[{\"display\":[{\"path\":\"zhunshi/D\",\"type\":\"image\",\"name\":\"d\",\"transform\":{\"y\":-2.9472,\"skX\":-88.9607,\"skY\":-88.9607,\"x\":11.2053}}],\"name\":\"D\"},{\"display\":[{\"path\":\"zhunshi/W\",\"type\":\"image\",\"name\":\"w\",\"transform\":{\"y\":3.4974,\"skX\":-87.7974,\"skY\":-87.7974,\"x\":12.8751}}],\"name\":\"W\"},{\"display\":[{\"path\":\"zhunshi/图层_776\",\"type\":\"image\",\"name\":\"zs\",\"transform\":{\"y\":-0.4824,\"skX\":-89.5563,\"skY\":-89.5563,\"x\":28.1046}}],\"blendMode\":\"add\",\"name\":\"zs1\"},{\"display\":[{\"path\":\"zhunshi/I\",\"type\":\"image\",\"name\":\"i\",\"transform\":{\"y\":1.367,\"skX\":-81.2147,\"skY\":-81.2147,\"x\":3.2797}}],\"name\":\"I\"},{\"display\":[{\"path\":\"zhunshi/图层_778_拷贝\",\"type\":\"image\",\"name\":\"kk\",\"transform\":{\"y\":3,\"x\":-1.5}}],\"name\":\"kk\"},{\"display\":[{\"path\":\"zhunshi/L\",\"type\":\"image\",\"name\":\"l\",\"transform\":{\"y\":-5.1247,\"skX\":-97.229,\"skY\":-97.229,\"x\":11.3957}}],\"name\":\"L\"},{\"display\":[{\"path\":\"zhunshi/图层_776\",\"type\":\"image\",\"name\":\"zs\",\"transform\":{\"y\":-0.4824,\"skX\":-89.5563,\"skY\":-89.5563,\"x\":28.1046}}],\"name\":\"zs\"}],\"name\":\"\"}]}],\"name\":\"wild\",\"version\":\"5.0\"}"]],0,0,[],[],[]],[[[0,"yingtou_ske","{\"frameRate\":24,\"isGlobal\":0,\"armature\":[{\"ik\":[],\"bone\":[{\"name\":\"root\",\"transform\":{}},{\"transform\":{\"y\":-0.0388},\"name\":\"bone\",\"parent\":\"root\"}],\"aabb\":{\"width\":152,\"y\":-69.53876604685797,\"height\":139,\"x\":-76},\"type\":\"Armature\",\"frameRate\":24,\"defaultActions\":[{\"gotoAndPlay\":\"newAnimation\"}],\"animation\":[{\"ik\":[],\"playTimes\":0,\"bone\":[{\"frame\":[{\"transform\":{},\"duration\":20}],\"name\":\"root\"},{\"frame\":[{\"tweenEasing\":0,\"transform\":{\"skX\":15.6346,\"skY\":15.6346},\"duration\":3},{\"tweenEasing\":0,\"transform\":{\"scY\":1.1,\"y\":-14.3687,\"skX\":15.6346,\"skY\":15.6346,\"scX\":1.1},\"duration\":4},{\"tweenEasing\":0,\"transform\":{\"scY\":1.1,\"y\":-14.3687,\"skX\":-22.8756,\"skY\":-22.8756,\"scX\":1.1},\"duration\":5},{\"tweenEasing\":0,\"transform\":{\"scY\":1.1,\"y\":-14.3687,\"skX\":15.6346,\"skY\":15.6346,\"scX\":1.1},\"duration\":5},{\"tweenEasing\":0,\"transform\":{\"scY\":1.1,\"y\":-14.3687,\"skX\":-23.9029,\"skY\":-23.9029,\"scX\":1.1},\"duration\":3},{\"transform\":{\"skX\":15.6346,\"skY\":15.6346},\"duration\":0}],\"name\":\"bone\"}],\"slot\":[{\"frame\":[{\"tweenEasing\":0,\"color\":{\"aM\":0},\"duration\":3},{\"tweenEasing\":0,\"color\":{\"aM\":0},\"duration\":4},{\"tweenEasing\":0,\"duration\":4},{\"tweenEasing\":0,\"color\":{\"aM\":0},\"duration\":6},{\"tweenEasing\":0,\"duration\":3},{\"tweenEasing\":null,\"color\":{\"aM\":0},\"duration\":0}],\"name\":\"putao1\"}],\"ffd\":[],\"frame\":[],\"name\":\"newAnimation\",\"duration\":20}],\"slot\":[{\"name\":\"putao2\",\"parent\":\"bone\",\"color\":{}},{\"blendMode\":\"add\",\"z\":1,\"parent\":\"bone\",\"name\":\"putao1\",\"color\":{}}],\"name\":\"Armature\",\"skin\":[{\"slot\":[{\"display\":[{\"path\":\"yingtao\",\"type\":\"image\",\"name\":\"putao\",\"transform\":{}}],\"name\":\"putao2\"},{\"display\":[{\"path\":\"yingtao\",\"type\":\"image\",\"name\":\"putao\",\"transform\":{}}],\"blendMode\":\"add\",\"name\":\"putao1\"}],\"name\":\"\"}]}],\"name\":\"yingtou\",\"version\":\"5.0\"}"]],0,0,[],[],[]],[[[0,"putao_ske","{\"frameRate\":24,\"isGlobal\":0,\"armature\":[{\"ik\":[],\"bone\":[{\"name\":\"root\",\"transform\":{}},{\"transform\":{\"y\":-0.0388},\"name\":\"bone\",\"parent\":\"root\"}],\"aabb\":{\"width\":161,\"y\":-62.53876604685797,\"height\":125,\"x\":-80.5},\"type\":\"Armature\",\"frameRate\":24,\"defaultActions\":[{\"gotoAndPlay\":\"newAnimation\"}],\"animation\":[{\"ik\":[],\"playTimes\":0,\"bone\":[{\"frame\":[{\"transform\":{},\"duration\":20}],\"name\":\"root\"},{\"frame\":[{\"tweenEasing\":0,\"transform\":{\"skX\":15.6346,\"skY\":15.6346},\"duration\":3},{\"tweenEasing\":0,\"transform\":{\"scY\":1.1,\"y\":-14.3687,\"skX\":15.6346,\"skY\":15.6346,\"scX\":1.1},\"duration\":4},{\"tweenEasing\":0,\"transform\":{\"scY\":1.1,\"y\":-14.3687,\"skX\":-22.8756,\"skY\":-22.8756,\"scX\":1.1},\"duration\":5},{\"tweenEasing\":0,\"transform\":{\"scY\":1.1,\"y\":-14.3687,\"skX\":15.6346,\"skY\":15.6346,\"scX\":1.1},\"duration\":5},{\"tweenEasing\":0,\"transform\":{\"scY\":1.1,\"y\":-14.3687,\"skX\":-23.9029,\"skY\":-23.9029,\"scX\":1.1},\"duration\":3},{\"transform\":{\"skX\":15.6346,\"skY\":15.6346},\"duration\":0}],\"name\":\"bone\"}],\"slot\":[{\"frame\":[{\"tweenEasing\":0,\"color\":{\"aM\":0},\"duration\":3},{\"tweenEasing\":0,\"color\":{\"aM\":0},\"duration\":4},{\"tweenEasing\":0,\"duration\":4},{\"tweenEasing\":0,\"color\":{\"aM\":0},\"duration\":6},{\"tweenEasing\":0,\"duration\":3},{\"tweenEasing\":null,\"color\":{\"aM\":0},\"duration\":0}],\"name\":\"putao1\"}],\"ffd\":[],\"frame\":[],\"name\":\"newAnimation\",\"duration\":20}],\"slot\":[{\"name\":\"putao2\",\"parent\":\"bone\",\"color\":{}},{\"blendMode\":\"add\",\"z\":1,\"parent\":\"bone\",\"name\":\"putao1\",\"color\":{}},{\"z\":2,\"displayIndex\":-1,\"name\":\"putao\",\"parent\":\"root\",\"color\":{}}],\"name\":\"Armature\",\"skin\":[{\"slot\":[{\"display\":[{\"path\":\"putao\",\"type\":\"image\",\"name\":\"putao\",\"transform\":{}}],\"name\":\"putao\"},{\"display\":[{\"path\":\"putao\",\"type\":\"image\",\"name\":\"putao\",\"transform\":{}}],\"blendMode\":\"add\",\"name\":\"putao1\"},{\"display\":[{\"path\":\"putao\",\"type\":\"image\",\"name\":\"putao\",\"transform\":{}}],\"name\":\"putao2\"}],\"name\":\"\"}]}],\"name\":\"putao\",\"version\":\"5.0\"}"]],0,0,[],[],[]],[[[0,"xiangjiao_ske","{\"frameRate\":24,\"isGlobal\":0,\"armature\":[{\"ik\":[],\"bone\":[{\"name\":\"root\",\"transform\":{}},{\"transform\":{\"y\":-0.0388},\"name\":\"bone\",\"parent\":\"root\"}],\"aabb\":{\"width\":134,\"y\":-63.53876604685797,\"height\":127,\"x\":-67},\"type\":\"Armature\",\"frameRate\":24,\"defaultActions\":[{\"gotoAndPlay\":\"newAnimation\"}],\"animation\":[{\"ik\":[],\"playTimes\":0,\"bone\":[{\"frame\":[{\"transform\":{},\"duration\":20}],\"name\":\"root\"},{\"frame\":[{\"tweenEasing\":0,\"transform\":{\"skX\":15.6346,\"skY\":15.6346},\"duration\":3},{\"tweenEasing\":0,\"transform\":{\"scY\":1.1,\"y\":-14.3687,\"skX\":15.6346,\"skY\":15.6346,\"scX\":1.1},\"duration\":4},{\"tweenEasing\":0,\"transform\":{\"scY\":1.1,\"y\":-14.3687,\"skX\":-22.8756,\"skY\":-22.8756,\"scX\":1.1},\"duration\":5},{\"tweenEasing\":0,\"transform\":{\"scY\":1.1,\"y\":-14.3687,\"skX\":15.6346,\"skY\":15.6346,\"scX\":1.1},\"duration\":5},{\"tweenEasing\":0,\"transform\":{\"scY\":1.1,\"y\":-14.3687,\"skX\":-23.9029,\"skY\":-23.9029,\"scX\":1.1},\"duration\":3},{\"transform\":{\"skX\":15.6346,\"skY\":15.6346},\"duration\":0}],\"name\":\"bone\"}],\"slot\":[{\"frame\":[{\"tweenEasing\":0,\"color\":{\"aM\":0},\"duration\":3},{\"tweenEasing\":0,\"color\":{\"aM\":0},\"duration\":4},{\"tweenEasing\":0,\"duration\":4},{\"tweenEasing\":0,\"color\":{\"aM\":0},\"duration\":6},{\"tweenEasing\":0,\"duration\":3},{\"tweenEasing\":null,\"color\":{\"aM\":0},\"duration\":0}],\"name\":\"putao1\"}],\"ffd\":[],\"frame\":[],\"name\":\"newAnimation\",\"duration\":20}],\"slot\":[{\"name\":\"putao2\",\"parent\":\"bone\",\"color\":{}},{\"blendMode\":\"add\",\"z\":1,\"parent\":\"bone\",\"name\":\"putao1\",\"color\":{}},{\"z\":2,\"displayIndex\":-1,\"name\":\"xiangjiao\",\"parent\":\"root\",\"color\":{}}],\"name\":\"Armature\",\"skin\":[{\"slot\":[{\"display\":[{\"path\":\"xiangjiao\",\"type\":\"image\",\"name\":\"putao\",\"transform\":{}}],\"name\":\"putao2\"},{\"display\":[{\"path\":\"xiangjiao\",\"type\":\"image\",\"name\":\"putao\",\"transform\":{}}],\"blendMode\":\"add\",\"name\":\"putao1\"},{\"display\":[{\"path\":\"xiangjiao\",\"type\":\"image\",\"name\":\"xiangjiao\",\"transform\":{}}],\"name\":\"xiangjiao\"}],\"name\":\"\"}]}],\"name\":\"xiangjiao\",\"version\":\"5.0\"}"]],0,0,[],[],[]],[[{"name":"fruit_element_bar","rect":[3,509,159,156],"offset":[0,0],"originalSize":[163,158],"rotated":1,"capInsets":[0,0,0,0]}],[0],0,[0],[0],[0]],[[{"name":"fruit_element_mango","rect":[3,343,160,124],"offset":[-0.5,-0.5],"originalSize":[161,125],"rotated":1,"capInsets":[0,0,0,0]}],[0],0,[0],[0],[0]],[[{"name":"fruit_element_mangosteen","rect":[157,823,131,128],"offset":[0,0.5],"originalSize":[133,129],"rotated":1,"capInsets":[0,0,0,0]}],[0],0,[0],[0],[0]],[[{"name":"fruit_element_wild","rect":[3,3,165,158],"offset":[0,0.5],"originalSize":[171,159],"rotated":1,"capInsets":[0,0,0,0]}],[0],0,[0],[0],[0]],[[[0,"777_ske","{\"frameRate\":24,\"isGlobal\":0,\"armature\":[{\"ik\":[],\"bone\":[{\"name\":\"root\",\"transform\":{}},{\"length\":33,\"transform\":{\"y\":14.4,\"skX\":90.6077,\"skY\":90.6077,\"x\":-58.9},\"parent\":\"root\",\"name\":\"S\"},{\"length\":19,\"transform\":{\"y\":33.4,\"skX\":87.8253,\"skY\":87.8253,\"x\":-14.75},\"parent\":\"root\",\"name\":\"A\"},{\"length\":18,\"transform\":{\"y\":33.4,\"skX\":83.0125,\"skY\":83.0125,\"x\":13.6},\"parent\":\"root\",\"name\":\"t\"},{\"length\":16,\"transform\":{\"y\":32.7,\"skX\":90,\"skY\":90,\"x\":31.2},\"parent\":\"root\",\"name\":\"E\"},{\"length\":26,\"transform\":{\"y\":20.1,\"skX\":91.6151,\"skY\":91.6151,\"x\":59.95},\"parent\":\"root\",\"name\":\"R\"},{\"length\":40,\"transform\":{\"y\":-46.3,\"skX\":90,\"skY\":90,\"x\":0.7},\"parent\":\"root\",\"name\":\"777\"},{\"length\":17,\"transform\":{\"y\":40.6,\"skX\":93.6593,\"skY\":93.6593,\"x\":1.8},\"parent\":\"root\",\"name\":\"T\"},{\"length\":23,\"transform\":{\"y\":27.65,\"skX\":88.1323,\"skY\":88.1323,\"x\":-34.5},\"parent\":\"root\",\"name\":\"C\"},{\"length\":119,\"transform\":{\"y\":-59.2,\"skX\":90.1683,\"skY\":90.1683,\"x\":-6.5},\"parent\":\"root\",\"name\":\"kk\"},{\"length\":40,\"transform\":{\"y\":-46.3,\"skX\":90,\"skY\":90,\"x\":0.7},\"parent\":\"root\",\"name\":\"7771\"}],\"aabb\":{\"width\":147,\"y\":-72.5,\"height\":142,\"x\":-73},\"type\":\"Armature\",\"frameRate\":24,\"defaultActions\":[{\"gotoAndPlay\":\"newAnimation\"}],\"animation\":[{\"ik\":[],\"playTimes\":0,\"bone\":[{\"frame\":[{\"transform\":{},\"duration\":36}],\"name\":\"root\"},{\"frame\":[{\"tweenEasing\":0,\"transform\":{},\"duration\":3},{\"tweenEasing\":0,\"transform\":{\"scY\":1.1461,\"y\":-9.3331,\"scX\":1.1461,\"x\":-1.7948},\"duration\":3},{\"tweenEasing\":0,\"transform\":{\"scY\":0.8052,\"y\":9.692,\"scX\":0.8052,\"x\":1.0769},\"duration\":4},{\"tweenEasing\":0,\"transform\":{},\"duration\":10},{\"transform\":{},\"duration\":16}],\"name\":\"S\"},{\"frame\":[{\"tweenEasing\":0,\"transform\":{},\"duration\":10},{\"tweenEasing\":0,\"transform\":{},\"duration\":6},{\"tweenEasing\":0,\"transform\":{\"scY\":1.1969,\"y\":-2.6451,\"scX\":1.1969},\"duration\":4},{\"tweenEasing\":0,\"transform\":{\"scY\":0.8026,\"y\":3.0859,\"scX\":0.8026},\"duration\":4},{\"transform\":{\"skX\":0.0247,\"skY\":0.0247},\"duration\":12}],\"name\":\"A\"},{\"frame\":[{\"tweenEasing\":0,\"transform\":{},\"duration\":22},{\"tweenEasing\":0,\"transform\":{\"scY\":1.1929,\"y\":-1.7634,\"scX\":1.1929},\"duration\":5},{\"tweenEasing\":0,\"transform\":{\"scY\":0.9262,\"y\":0.8187,\"scX\":0.9262},\"duration\":2},{\"transform\":{\"scY\":1.0236,\"scX\":1.0236},\"duration\":7}],\"name\":\"t\"},{\"frame\":[{\"transform\":{},\"duration\":20},{\"tweenEasing\":0,\"transform\":{},\"duration\":5},{\"tweenEasing\":0,\"transform\":{\"scY\":1.2118,\"y\":-5.731,\"scX\":1.2118},\"duration\":3},{\"tweenEasing\":0,\"transform\":{\"scY\":0.8098,\"y\":1.3225,\"scX\":0.8098},\"duration\":2},{\"transform\":{},\"duration\":6}],\"name\":\"E\"},{\"frame\":[{\"tweenEasing\":0,\"transform\":{},\"duration\":26},{\"tweenEasing\":0,\"transform\":{},\"duration\":4},{\"tweenEasing\":0,\"transform\":{\"scY\":1.1804,\"scX\":1.1804},\"duration\":4},{\"tweenEasing\":0,\"transform\":{\"scY\":0.8672,\"scX\":0.8672},\"duration\":2},{\"transform\":{},\"duration\":0}],\"name\":\"R\"},{\"frame\":[{\"tweenEasing\":0,\"transform\":{},\"duration\":6},{\"tweenEasing\":0,\"transform\":{\"scY\":1.1358,\"y\":-7.84,\"scX\":1.1358},\"duration\":18},{\"tweenEasing\":0,\"transform\":{},\"duration\":12},{\"transform\":{},\"duration\":0}],\"name\":\"777\"},{\"frame\":[{\"tweenEasing\":0,\"transform\":{},\"duration\":18},{\"tweenEasing\":0,\"transform\":{\"scY\":1.2564,\"y\":-3.9676,\"scX\":1.2564},\"duration\":6},{\"transform\":{},\"duration\":12}],\"name\":\"T\"},{\"frame\":[{\"tweenEasing\":0,\"transform\":{},\"duration\":10},{\"tweenEasing\":0,\"transform\":{\"scY\":1.1574,\"y\":-4.9623,\"scX\":1.1574},\"duration\":4},{\"tweenEasing\":0,\"transform\":{\"scY\":0.8084,\"y\":4.9623,\"scX\":0.8084},\"duration\":2},{\"tweenEasing\":0,\"transform\":{},\"duration\":8},{\"transform\":{},\"duration\":12}],\"name\":\"C\"},{\"frame\":[{\"transform\":{},\"duration\":36}],\"name\":\"kk\"},{\"frame\":[{\"tweenEasing\":0,\"transform\":{},\"duration\":6},{\"tweenEasing\":0,\"transform\":{\"scY\":1.1358,\"y\":-7.84,\"scX\":1.1358},\"duration\":18},{\"tweenEasing\":0,\"transform\":{},\"duration\":12},{\"transform\":{},\"duration\":0}],\"name\":\"7771\"}],\"slot\":[{\"frame\":[{\"tweenEasing\":0,\"duration\":20},{\"tweenEasing\":null,\"duration\":16}],\"name\":\"E\"},{\"frame\":[{\"tweenEasing\":null,\"duration\":20},{\"tweenEasing\":null,\"duration\":16}],\"name\":\"S\"},{\"frame\":[{\"tweenEasing\":0,\"color\":{\"aM\":0},\"duration\":10},{\"tweenEasing\":0,\"color\":{\"aM\":75},\"duration\":6},{\"tweenEasing\":0,\"color\":{\"aM\":0},\"duration\":8},{\"tweenEasing\":0,\"color\":{\"aM\":0},\"duration\":12},{\"tweenEasing\":null,\"color\":{\"aM\":0},\"duration\":0}],\"name\":\"7771\"}],\"ffd\":[],\"frame\":[],\"name\":\"newAnimation\",\"duration\":36}],\"slot\":[{\"name\":\"kk\",\"parent\":\"kk\",\"color\":{}},{\"z\":1,\"name\":\"777\",\"parent\":\"777\",\"color\":{}},{\"z\":2,\"name\":\"t\",\"parent\":\"t\",\"color\":{}},{\"z\":3,\"name\":\"E\",\"parent\":\"E\",\"color\":{}},{\"z\":4,\"name\":\"R\",\"parent\":\"R\",\"color\":{}},{\"z\":5,\"name\":\"A\",\"parent\":\"A\",\"color\":{}},{\"z\":6,\"name\":\"C\",\"parent\":\"C\",\"color\":{}},{\"z\":7,\"name\":\"S\",\"parent\":\"S\",\"color\":{}},{\"z\":8,\"name\":\"T\",\"parent\":\"T\",\"color\":{}},{\"blendMode\":\"add\",\"z\":9,\"parent\":\"7771\",\"name\":\"7771\",\"color\":{}}],\"name\":\"Armature\",\"skin\":[{\"slot\":[{\"display\":[{\"path\":\"777/A\",\"type\":\"image\",\"name\":\"777/A\",\"transform\":{\"y\":0.6331,\"skX\":-87.8253,\"skY\":-87.8253,\"x\":10.0832}}],\"name\":\"A\"},{\"display\":[{\"path\":\"777/图层_778\",\"type\":\"image\",\"name\":\"kk\",\"transform\":{\"y\":-6.6812,\"skX\":-90.1683,\"skY\":-90.1683,\"x\":61.6806}}],\"name\":\"kk\"},{\"display\":[{\"path\":\"777/R\",\"type\":\"image\",\"name\":\"r\",\"transform\":{\"y\":2.5007,\"skX\":-91.6151,\"skY\":-91.6151,\"x\":15.9768}}],\"name\":\"R\"},{\"display\":[{\"path\":\"777/图层_825_拷贝_6\",\"type\":\"image\",\"name\":\"t\",\"transform\":{\"y\":0.8925,\"skX\":-83.0125,\"skY\":-83.0125,\"x\":10.5699}}],\"name\":\"t\"},{\"display\":[{\"path\":\"777/组_99\",\"type\":\"image\",\"name\":\"777\",\"transform\":{\"y\":0.7,\"skX\":-90,\"skY\":-90,\"x\":26.8}}],\"blendMode\":\"add\",\"name\":\"7771\"},{\"display\":[{\"path\":\"777/C\",\"type\":\"image\",\"name\":\"c\",\"transform\":{\"y\":0.4514,\"skX\":-88.1323,\"skY\":-88.1323,\"x\":13.8426}}],\"name\":\"C\"},{\"display\":[{\"path\":\"777/S\",\"type\":\"image\",\"name\":\"777/S\",\"transform\":{\"y\":-2.1078,\"skX\":-90.6077,\"skY\":-90.6077,\"x\":19.5787}}],\"name\":\"S\"},{\"display\":[{\"path\":\"777/T\",\"type\":\"image\",\"name\":\"t\",\"transform\":{\"y\":0.7931,\"skX\":-93.6593,\"skY\":-93.6593,\"x\":7.9669}}],\"name\":\"T\"},{\"display\":[{\"path\":\"777/E\",\"type\":\"image\",\"name\":\"e\",\"transform\":{\"y\":-1.3,\"skX\":-90,\"skY\":-90,\"x\":9.3}}],\"name\":\"E\"},{\"display\":[{\"path\":\"777/组_99\",\"type\":\"image\",\"name\":\"777\",\"transform\":{\"y\":0.7,\"skX\":-90,\"skY\":-90,\"x\":26.8}}],\"name\":\"777\"}],\"name\":\"\"}]}],\"name\":\"777\",\"version\":\"5.0\"}"]],0,0,[],[],[]],[[[0,"bar_ske","{\"frameRate\":24,\"isGlobal\":0,\"armature\":[{\"ik\":[],\"bone\":[{\"name\":\"root\",\"transform\":{}},{\"length\":17,\"transform\":{\"y\":-56.65,\"skX\":90,\"skY\":90,\"x\":16},\"parent\":\"root\",\"name\":\"A1\"},{\"length\":15,\"transform\":{\"y\":-13.7,\"skX\":88.3424,\"skY\":88.3424,\"x\":-18.25},\"parent\":\"root\",\"name\":\"B2\"},{\"length\":15,\"transform\":{\"y\":-5,\"skX\":84.8554,\"skY\":84.8554,\"x\":44.35},\"parent\":\"root\",\"name\":\"R2\"},{\"length\":62,\"transform\":{\"y\":-26.95,\"skX\":90,\"skY\":90,\"x\":9.6},\"parent\":\"root\",\"name\":\"BAR01\"},{\"length\":15,\"transform\":{\"y\":33.85,\"skX\":90,\"skY\":90,\"x\":47.1},\"parent\":\"root\",\"name\":\"R3\"},{\"length\":16,\"transform\":{\"y\":33.85,\"skX\":93.2195,\"skY\":93.2195,\"x\":16.45},\"parent\":\"root\",\"name\":\"A3\"},{\"length\":19,\"transform\":{\"y\":30.65,\"skX\":99.6852,\"skY\":99.6852,\"x\":-17.35},\"parent\":\"root\",\"name\":\"B3\"},{\"length\":18,\"transform\":{\"y\":-13.25,\"skX\":92.7481,\"skY\":92.7481,\"x\":18.3},\"parent\":\"root\",\"name\":\"A2\"},{\"length\":12,\"transform\":{\"y\":-47.05,\"skX\":96.0207,\"skY\":96.0207,\"x\":48},\"parent\":\"root\",\"name\":\"R1\"},{\"length\":16,\"transform\":{\"y\":-57.6,\"skX\":90,\"skY\":90,\"x\":-23.3},\"parent\":\"root\",\"name\":\"B1\"},{\"length\":62,\"transform\":{\"y\":-26.95,\"skX\":90,\"skY\":90,\"x\":9.6},\"parent\":\"root\",\"name\":\"BAR011\"}],\"aabb\":{\"width\":163,\"y\":-79,\"height\":158,\"x\":-81.5},\"type\":\"Armature\",\"frameRate\":24,\"defaultActions\":[{\"gotoAndPlay\":\"newAnimation\"}],\"animation\":[{\"ik\":[],\"zOrder\":{\"frame\":[{\"zOrder\":[],\"tweenEasing\":null,\"duration\":9},{\"zOrder\":[9,2],\"tweenEasing\":null,\"duration\":6},{\"zOrder\":[7,3,9,0],\"tweenEasing\":null,\"duration\":6},{\"zOrder\":[2,8,6,3,7,1,9,-2],\"tweenEasing\":null,\"duration\":3},{\"zOrder\":[3,7,6,3,7,1,9,-2],\"tweenEasing\":null,\"duration\":7}]},\"playTimes\":0,\"bone\":[{\"frame\":[{\"transform\":{},\"duration\":31}],\"name\":\"root\"},{\"frame\":[{\"tweenEasing\":0,\"transform\":{},\"duration\":5},{\"tweenEasing\":0,\"transform\":{},\"duration\":4},{\"tweenEasing\":0,\"transform\":{\"scY\":1.4582,\"y\":-17.8212,\"scX\":1.4582},\"duration\":3},{\"transform\":{},\"duration\":19}],\"name\":\"A1\"},{\"frame\":[{\"tweenEasing\":0,\"transform\":{},\"duration\":8},{\"tweenEasing\":0,\"transform\":{},\"duration\":4},{\"tweenEasing\":0,\"transform\":{\"scY\":1.2892,\"y\":-7.9205,\"scX\":1.2892},\"duration\":3},{\"transform\":{},\"duration\":16}],\"name\":\"B2\"},{\"frame\":[{\"tweenEasing\":0,\"transform\":{},\"duration\":15},{\"tweenEasing\":0,\"transform\":{},\"duration\":4},{\"tweenEasing\":0,\"transform\":{\"scY\":1.3345,\"y\":-8.9106,\"scX\":1.3345,\"x\":3.9603},\"duration\":4},{\"transform\":{},\"duration\":8}],\"name\":\"R2\"},{\"frame\":[{\"transform\":{},\"duration\":31}],\"name\":\"BAR01\"},{\"frame\":[{\"tweenEasing\":0,\"transform\":{},\"duration\":17},{\"tweenEasing\":0,\"transform\":{},\"duration\":4},{\"tweenEasing\":0,\"transform\":{\"scY\":1.4648,\"y\":-5.9404,\"scX\":1.4648},\"duration\":3},{\"transform\":{},\"duration\":7}],\"name\":\"R3\"},{\"frame\":[{\"tweenEasing\":0,\"transform\":{},\"duration\":24},{\"tweenEasing\":0,\"transform\":{},\"duration\":4},{\"tweenEasing\":0,\"transform\":{\"scY\":1.5163,\"scX\":1.5163},\"duration\":3},{\"transform\":{},\"duration\":0}],\"name\":\"A3\"},{\"frame\":[{\"tweenEasing\":0,\"transform\":{},\"duration\":19},{\"tweenEasing\":0,\"transform\":{},\"duration\":3},{\"tweenEasing\":0,\"transform\":{\"scY\":1.3582,\"y\":-4.9503,\"scX\":1.3582},\"duration\":2},{\"transform\":{},\"duration\":7}],\"name\":\"B3\"},{\"frame\":[{\"tweenEasing\":0,\"transform\":{},\"duration\":20},{\"tweenEasing\":0,\"transform\":{},\"duration\":3},{\"tweenEasing\":0,\"transform\":{\"scY\":1.3745,\"y\":-4.9503,\"scX\":1.3745},\"duration\":3},{\"transform\":{},\"duration\":5}],\"name\":\"A2\"},{\"frame\":[{\"tweenEasing\":0,\"transform\":{},\"duration\":12},{\"tweenEasing\":0,\"transform\":{},\"duration\":4},{\"tweenEasing\":0,\"transform\":{\"scY\":1.3357,\"y\":-9.9007,\"scX\":1.3357},\"duration\":3},{\"transform\":{},\"duration\":12}],\"name\":\"R1\"},{\"frame\":[{\"tweenEasing\":0,\"transform\":{},\"duration\":5},{\"tweenEasing\":0,\"transform\":{\"scY\":1.2637,\"y\":-12.6675,\"scX\":1.2637,\"x\":-4.4447},\"duration\":3},{\"transform\":{},\"duration\":23}],\"name\":\"B1\"},{\"frame\":[{\"transform\":{},\"duration\":31}],\"name\":\"BAR011\"}],\"slot\":[{\"frame\":[{\"tweenEasing\":null,\"duration\":21},{\"tweenEasing\":null,\"duration\":10}],\"name\":\"R3\"},{\"frame\":[{\"tweenEasing\":null,\"duration\":28},{\"tweenEasing\":null,\"duration\":3}],\"name\":\"A3\"},{\"frame\":[{\"tweenEasing\":null,\"duration\":23},{\"tweenEasing\":null,\"duration\":8}],\"name\":\"A2\"},{\"frame\":[{\"tweenEasing\":null,\"duration\":12},{\"tweenEasing\":null,\"duration\":19}],\"name\":\"B2\"},{\"frame\":[{\"tweenEasing\":0,\"color\":{\"aM\":0},\"duration\":12},{\"tweenEasing\":0,\"color\":{\"aM\":63},\"duration\":12},{\"tweenEasing\":0,\"color\":{\"aM\":0},\"duration\":7},{\"tweenEasing\":null,\"color\":{\"aM\":0},\"duration\":0}],\"name\":\"BAR011\"}],\"ffd\":[],\"frame\":[],\"name\":\"newAnimation\",\"duration\":31}],\"slot\":[{\"name\":\"BAR01\",\"parent\":\"BAR01\",\"color\":{}},{\"z\":1,\"name\":\"di\",\"parent\":\"root\",\"color\":{}},{\"z\":2,\"name\":\"R3\",\"parent\":\"R3\",\"color\":{}},{\"z\":3,\"name\":\"A3\",\"parent\":\"A3\",\"color\":{}},{\"z\":4,\"name\":\"B3\",\"parent\":\"B3\",\"color\":{}},{\"z\":5,\"name\":\"R2\",\"parent\":\"R2\",\"color\":{}},{\"z\":6,\"name\":\"A2\",\"parent\":\"A2\",\"color\":{}},{\"z\":7,\"name\":\"B2\",\"parent\":\"B2\",\"color\":{}},{\"z\":8,\"name\":\"R1\",\"parent\":\"R1\",\"color\":{}},{\"z\":9,\"name\":\"A1\",\"parent\":\"A1\",\"color\":{}},{\"z\":10,\"name\":\"B1\",\"parent\":\"B1\",\"color\":{}},{\"blendMode\":\"add\",\"z\":11,\"parent\":\"BAR011\",\"name\":\"BAR011\",\"color\":{}}],\"name\":\"Armature\",\"skin\":[{\"slot\":[{\"display\":[{\"path\":\"BAR01/图层_7\",\"type\":\"image\",\"name\":\"A1\",\"transform\":{\"y\":1.5,\"skX\":-90,\"skY\":-90,\"x\":8.65}}],\"name\":\"A1\"},{\"display\":[{\"path\":\"BAR01/图层_3\",\"type\":\"image\",\"name\":\"B2\",\"transform\":{\"y\":-0.4257,\"skX\":-88.3424,\"skY\":-88.3424,\"x\":11.217}}],\"name\":\"B2\"},{\"display\":[{\"path\":\"BAR01/图层_5\",\"type\":\"image\",\"name\":\"B3\",\"transform\":{\"y\":-3.1561,\"skX\":-99.6852,\"skY\":-99.6852,\"x\":10.4682}}],\"name\":\"B3\"},{\"display\":[{\"path\":\"BAR01/图层_11\",\"type\":\"image\",\"name\":\"R2\",\"transform\":{\"y\":-2.2855,\"skX\":-84.8554,\"skY\":-84.8554,\"x\":9.7442}}],\"name\":\"R2\"},{\"display\":[{\"path\":\"BAR01/图层_12\",\"type\":\"image\",\"name\":\"R3\",\"transform\":{\"y\":-0.4,\"skX\":-90,\"skY\":-90,\"x\":8.65}}],\"name\":\"R3\"},{\"display\":[{\"path\":\"BAR01/图层_9\",\"type\":\"image\",\"name\":\"B1\",\"transform\":{\"y\":-5.3,\"skX\":-90,\"skY\":-90,\"x\":9.6}}],\"name\":\"B1\"},{\"display\":[{\"path\":\"BAR01/图层_1\",\"type\":\"image\",\"name\":\"BAR01\",\"transform\":{\"y\":9.6,\"skX\":-90,\"skY\":-90,\"x\":26.95}}],\"name\":\"BAR01\"},{\"display\":[{\"path\":\"BAR01/图层_8\",\"type\":\"image\",\"name\":\"R1\",\"transform\":{\"y\":-1.6038,\"skX\":-96.0207,\"skY\":-96.0207,\"x\":10.4394}}],\"name\":\"R1\"},{\"display\":[{\"path\":\"BAR01/图层_10\",\"type\":\"image\",\"name\":\"A2\",\"transform\":{\"y\":2.3053,\"skX\":-92.7481,\"skY\":-92.7481,\"x\":10.3725}}],\"name\":\"A2\"},{\"display\":[{\"path\":\"BAR01/图层_13\",\"type\":\"image\",\"name\":\"A3\",\"transform\":{\"y\":0.6874,\"skX\":-93.2195,\"skY\":-93.2195,\"x\":4.696}}],\"name\":\"A3\"},{\"display\":[{\"path\":\"BAR01/图层_1\",\"type\":\"image\",\"name\":\"BAR01\",\"transform\":{\"y\":9.6,\"skX\":-90,\"skY\":-90,\"x\":26.95}}],\"blendMode\":\"add\",\"name\":\"BAR011\"},{\"display\":[{\"path\":\"图层1拷贝\",\"type\":\"image\",\"name\":\"di\",\"transform\":{}}],\"name\":\"di\"}],\"name\":\"\"}]}],\"name\":\"bar\",\"version\":\"5.0\"}"]],0,0,[],[],[]],[[[4,"Bg_link",".mp3",2.377143],-1],0,0,[],[],[]],[[{"name":"fruit_element_orange","rect":[159,174,133,126],"offset":[-0.5,0.5],"originalSize":[134,127],"rotated":1,"capInsets":[0,0,0,0]}],[0],0,[0],[0],[0]],[[{"name":"fruit_element_waxapple","rect":[3,674,150,137],"offset":[0,0],"originalSize":[152,139],"rotated":1,"capInsets":[0,0,0,0]}],[0],0,[0],[0],[0]],[[{"name":"fruit_element_scatter","rect":[133,343,154,152],"offset":[-1,-0.5],"originalSize":[158,155],"rotated":1,"capInsets":[0,0,0,0]}],[0],0,[0],[0],[0]],[[[0,"pingguo_ske","{\"frameRate\":24,\"isGlobal\":0,\"armature\":[{\"ik\":[],\"bone\":[{\"name\":\"root\",\"transform\":{}},{\"transform\":{\"y\":-0.0388},\"name\":\"bone\",\"parent\":\"root\"}],\"aabb\":{\"width\":135,\"y\":-72.53876604685797,\"height\":145,\"x\":-67.5},\"type\":\"Armature\",\"frameRate\":24,\"defaultActions\":[{\"gotoAndPlay\":\"newAnimation\"}],\"animation\":[{\"ik\":[],\"playTimes\":0,\"bone\":[{\"frame\":[{\"transform\":{},\"duration\":20}],\"name\":\"root\"},{\"frame\":[{\"tweenEasing\":0,\"transform\":{\"skX\":15.6346,\"skY\":15.6346},\"duration\":3},{\"tweenEasing\":0,\"transform\":{\"scY\":1.1,\"y\":-14.3687,\"skX\":15.6346,\"skY\":15.6346,\"scX\":1.1},\"duration\":4},{\"tweenEasing\":0,\"transform\":{\"scY\":1.1,\"y\":-14.3687,\"skX\":-22.8756,\"skY\":-22.8756,\"scX\":1.1},\"duration\":5},{\"tweenEasing\":0,\"transform\":{\"scY\":1.1,\"y\":-14.3687,\"skX\":15.6346,\"skY\":15.6346,\"scX\":1.1},\"duration\":5},{\"tweenEasing\":0,\"transform\":{\"scY\":1.1,\"y\":-14.3687,\"skX\":-23.9029,\"skY\":-23.9029,\"scX\":1.1},\"duration\":3},{\"transform\":{\"skX\":15.6346,\"skY\":15.6346},\"duration\":0}],\"name\":\"bone\"}],\"slot\":[{\"frame\":[{\"tweenEasing\":0,\"color\":{\"aM\":0},\"duration\":3},{\"tweenEasing\":0,\"color\":{\"aM\":0},\"duration\":4},{\"tweenEasing\":0,\"duration\":4},{\"tweenEasing\":0,\"color\":{\"aM\":0},\"duration\":6},{\"tweenEasing\":0,\"duration\":3},{\"tweenEasing\":null,\"color\":{\"aM\":0},\"duration\":0}],\"name\":\"putao1\"}],\"ffd\":[],\"frame\":[],\"name\":\"newAnimation\",\"duration\":20}],\"slot\":[{\"name\":\"putao2\",\"parent\":\"bone\",\"color\":{}},{\"blendMode\":\"add\",\"z\":1,\"parent\":\"bone\",\"name\":\"putao1\",\"color\":{}},{\"z\":2,\"displayIndex\":-1,\"name\":\"qinggou\",\"parent\":\"root\",\"color\":{}}],\"name\":\"Armature\",\"skin\":[{\"slot\":[{\"display\":[{\"path\":\"qinggou\",\"type\":\"image\",\"name\":\"qinggou\",\"transform\":{}}],\"name\":\"qinggou\"},{\"display\":[{\"path\":\"qinggou\",\"type\":\"image\",\"name\":\"putao\",\"transform\":{}}],\"blendMode\":\"add\",\"name\":\"putao1\"},{\"display\":[{\"path\":\"qinggou\",\"type\":\"image\",\"name\":\"putao\",\"transform\":{}}],\"name\":\"putao2\"}],\"name\":\"\"}]}],\"name\":\"pingguo\",\"version\":\"5.0\"}"]],0,0,[],[],[]],[[[5,"slotItem"],[6,"slotItem",[-7,-8,-9,-10],[[2,-2,[6]],[10,-6,-5,-4,-3,[8,9,10,11,12,13,14,15,16,17,18],[19,20,21,22,23,24,25,26,27,28,29],[30,31,32,33,34,35,36,37,38,39,40],7]],[11,-1,0],[5,148,133]],[8,"animateNode",false,1,[[[9,0,-11,[1],2],-12],4,1],[1,"2ea+QJiytEmopZdu7Qxw1e",1,0],[5,250,250],[0,7,0,0,0,0,1,1.05,1.05,1]],[3,"img",1,[[2,-13,[4]]],[1,"cdOYPIdlBC46A/74ZVIvyp",1,0],[5,156,152]],[3,"winAnim",1,[[12,0,"0d1cb53c-a2e1-4f5e-917e-4937185aaa4a#56fdcda0-ab44-4e06-be67-051bafe778e4",-14,[5]]],[1,"1aTCyJ951K5LmIIFOuT2KY",1,0],[5,167,154]],[7,"sign",false,1,[[2,-15,[0]]],[1,"10BNkvvt1OjKJcGo9W9quO",1,0],[5,180,194]],[13,true,2,[3]]],0,[0,2,1,0,1,1,0,3,3,0,4,4,0,5,6,0,1,1,0,-1,5,0,-2,2,0,-3,3,0,-4,4,0,1,2,0,-2,6,0,1,3,0,1,4,0,1,5,0,6,1,15],[0,0,0,0,0,0,0,0,0,0,0,0,0,0,0,0,0,0,0,0,0,0,0,0,0,0,0,0,0,0,0,0,0,0,0,0,0,0,0,0,0,6],[-1,-1,7,-1,-1,-1,-1,8,-1,-2,-3,-4,-5,-6,-7,-8,-9,-10,-11,-1,-2,-3,-4,-5,-6,-7,-8,-9,-10,-11,-1,-2,-3,-4,-5,-6,-7,-8,-9,-10,-11,9],[1,1,3,2,1,1,1,4,5,6,7,8,9,10,11,12,13,14,15,16,17,18,19,20,21,22,23,24,25,26,27,28,29,30,31,32,33,34,35,36,37,2]]]]