[1,["3fNVzqSQdGS5CXgomvVKTz"],["_texture"],[["dragonBones.DragonBonesAtlasAsset",["_name","_atlasJson"],1]],[[0,0,1,3]],[[0,"candy_freespin_tex","{\"width\":1024,\"imagePath\":\"candy_freespin_tex.png\",\"height\":2048,\"name\":\"candy_freespin\",\"SubTexture\":[{\"width\":441,\"y\":492,\"height\":429,\"name\":\"fs/6\",\"x\":1},{\"width\":370,\"y\":914,\"height\":380,\"name\":\"fs/2\",\"x\":444},{\"width\":422,\"y\":492,\"height\":420,\"name\":\"fs/3\",\"x\":444},{\"width\":952,\"y\":1,\"height\":489,\"name\":\"fs/td\",\"x\":1},{\"width\":292,\"y\":923,\"height\":363,\"name\":\"fs/x\",\"x\":1},{\"width\":552,\"y\":1296,\"height\":126,\"name\":\"fs/free_spin\",\"x\":1}]}"]],0,0,[0],[0],[0]]