[1,["ecpdLyjvZBwrvm+cedCcQy","a9lLG5OntCSYxcjK2mHpMD","131e4306b","116c981f5","a2MjXRFdtLlYQ5ouAFv/+R","a67WTTUC9BqbnVukkZ2ldp","f2VIYKSnJOsYsuOMKa4+dE","c3gRDf4KtImIKUMYeaXT5c","56kb7tvNNHSphSejC9ACnP","8bUzhUeadCAo4H49umypAm","52KCbUnZpDiZGC1nleBC17","5bw8vK6hZDFauniuoHfh3h","dfhcgX3s9IL72xHGlq0Mmy","1cTaCfTu5LvqUncRXZ54S1","d4LKZQWdlPALe8aaUvJ2s4"],["node","_N$file","_spriteFrame","_textureSetter","root","data","_parent","_N$dragonAsset","_N$dragonAtlasAsset","_normalMaterial","endfreeSpin","getReward"],["cc.SpriteFrame",["cc.Node",["_name","_opacity","_active","_prefab","_components","_contentSize","_trs","_parent","_children","_color","_eulerAngles"],0,4,9,5,7,1,2,5,5],["cc.Widget",["_alignFlags","_originalWidth","_originalHeight","node"],0,1],["cc.PrefabInfo",["fileId","root"],2,1],["cc.Sprite",["_sizeMode","node","_materials","_spriteFrame"],2,1,3,6],["cc.Button",["zoomScale","_N$enableAutoGrayEffect","_N$transition","node","clickEvents","_normalMaterial"],0,1,9,6],["cc.Label",["_fontSize","_isSystemFontUsed","_spacingX","_N$horizontalAlign","_N$verticalAlign","_string","_N$cacheMode","node","_materials","_N$file"],-4,1,3,6],["cc.AudioClip",["_name","_native","duration"],0],["cc.Prefab",["_name"],2],["a1c03XzLbhAOZzTAyfBB6Jf",["node","endfreeSpin","getReward"],3,1,6,6],["cc.ClickEvent",["_componentId","handler","target"],1,1],["dragonBones.ArmatureDisplay",["_armatureName","_animationName","_preCacheMode","playTimes","_armatureKey","node","_materials","_N$dragonAsset","_N$dragonAtlasAsset"],-2,1,3,6,6],["dragonBones.DragonBonesAsset",["_name","_dragonBonesJson"],1]],[[3,0,1,2],[6,5,0,1,2,3,4,6,7,8,9,8],[1,0,7,4,3,5,6,10,2],[1,0,7,4,3,5,6,2],[4,1,2,3,1],[7,0,1,2,4],[1,0,8,4,3,5,6,2],[10,0,1,2,3],[8,0,2],[1,0,7,8,3,6,2],[1,0,1,7,4,3,9,5,3],[1,0,2,7,4,3,5,6,3],[2,0,3,2],[2,0,1,2,3,4],[9,0,1,2,1],[3,1,1],[4,0,1,2,3,2],[5,3,4,1],[5,0,1,2,3,4,5,4],[11,0,1,2,3,4,5,6,7,8,6],[6,0,1,2,3,4,7,8,9,6],[12,0,1,3]],[[[[5,"guendong",".mp3",7.836735],-1],0,0,[],[],[]],[[{"name":"jac_img_direct","rect":[521,451,102,129],"offset":[0,0.5],"originalSize":[104,130],"capInsets":[0,0,0,0]}],[0],0,[0],[3],[2]],[[[8,"CandySagaSpinJackpot"],[6,"CandySagaSpinJackpot",[-4,-5],[[12,45,-2],[14,-3,40,41]],[15,-1],[5,1520,720],[760,360,0,0,0,0,1,1,1,1]],[6,"img_zhuanpan",[-7,-8,-9,-10,-11,-12,-13,-14,-15,-16],[[4,-6,[25],26]],[0,"a15pTM8rVALaJJLmWveJwj",1],[5,442,442],[0,54.632,0,0,0,0,1,1,1,1]],[9,"contentNode",1,[-17,2,-18,-19,-20,-21,-22,-23],[0,"c2Jh6vVjxL9bFzZ78kaWM2",1],[0,-84.985,0,0,0,0,1,1,1,1]],[10,"bg",96,1,[[16,0,-24,[0],1],[13,45,100,100,-25],[17,-26,[[7,"a1c03XzLbhAOZzTAyfBB6Jf","onClickClose",1]]]],[0,"ab9XmE+39Heq3MMvOZ9i61",1],[4,4278190080],[5,1520,720]],[3,"jac_btn_spin",3,[[4,-27,[35],36],[18,0.95,true,3,-28,[[7,"a1c03XzLbhAOZzTAyfBB6Jf","onSpin",1]],37]],[0,"9bBK0yiCdJILRzJ95a4GkX",1],[5,286,84],[0,-219.058,0,0,0,0,1,1,1,0]],[3,"animNode",3,[[19,"Armature","newAnimation",0,0,"a6ed64d3-502f-41a9-b9d5-ba4919da5769#f254860a-4a72-4eb1-8b2e-38c29ae3e744",-29,[2],3,4]],[0,"82O2dGrVtPtZGLFtKWrJkO",1],[5,541,578],[0,45.961,0,0,0,0,1,1,1,1]],[3,"text1",2,[[1,"10%",30,false,-38,1,1,2,-30,[5],6]],[0,"f1bC1tfnpOU6Iln7BxWU1H",1],[5,67.44,40],[0,234.417,0,0,0,0,1,1,1,1]],[2,"text2",2,[[1,"20%",30,false,-38,1,1,2,-31,[7],8]],[0,"a5WVLIpNVANb/XPeje4X1J",1],[5,71.19,40],[140.89,182.489,0,0,0,-0.35836794954530027,0.9335804264972017,1,1,1],[1,0,0,-42]],[2,"text3",2,[[1,"30%",30,false,-38,1,1,2,-32,[9],10]],[0,"4edt0MlfNOwZZrgCfwAu/E",1],[5,72.13,40],[215.962,72.633,0,0,0,-0.573576436351046,0.8191520442889918,1,1,1],[1,0,0,-70]],[2,"text4",2,[[1,"40%",30,false,-38,1,1,2,-33,[11],12]],[0,"4c1OIcOdlIr4gWFmJizoFX",1],[5,74,40],[220.505,-70.98,0,0,0,-0.8191520442889918,0.573576436351046,1,1,1],[1,0,0,-110]],[2,"text5",2,[[1,"50%",30,false,-38,1,1,2,-34,[13],14]],[0,"0c6+Qn7ypBH5PZyNsKfXH4",1],[5,72.13,40],[137.346,-186.191,0,0,0,-0.9396926207859083,0.3420201433256688,1,1,1],[1,0,0,-140]],[2,"text6",2,[[1,"60%",30,false,-38,1,1,2,-35,[15],16]],[0,"36Xao1xfhE/JNz6aGRlHTh",1],[5,72.13,40],[-2.255,-234.713,0,0,0,1,1.1028010998692062e-15,1,1,1],[1,0,0,-1980]],[2,"text7",2,[[1,"70%",30,false,-38,1,1,2,-36,[17],18]],[0,"612XzGTxxDMKkRxNH/YMEN",1],[5,71.19,40],[-139.249,-184.811,0,0,0,0.9396926207859083,0.3420201433256688,1,1,1],[1,0,0,140]],[2,"text8",2,[[1,"80%",30,false,-38,1,1,2,-37,[19],20]],[0,"dcsI0hcJpIW5V8TpcE+dMd",1],[5,72.13,40],[-220.572,-72.316,0,0,0,0.8191520442889918,0.573576436351046,1,1,1],[1,0,0,110]],[2,"text9",2,[[1,"90%",30,false,-38,1,1,2,-38,[21],22]],[0,"c9oC/Mb99N17LwjGnUCCyX",1],[5,72.13,40],[-221.018,78.24,0,0,0,0.573576436351046,0.8191520442889918,1,1,1],[1,0,0,70]],[2,"text10",2,[[1,"100%",30,false,-38,1,1,2,-39,[23],24]],[0,"adFfuhpWtDeK8ZhaC5/a7U",1],[5,88.5,40],[-139.372,187.807,0,0,0,0.3420201433256687,0.9396926207859084,1,1,1],[1,0,0,40]],[11,"jac_img_sel",false,3,[[4,-40,[27],28]],[0,"4fVze8lwVD1rGBdhmHWAV1",1],[5,141,225],[0,171.403,0,0,0,0,1,1,1,1]],[3,"jac_zhizhen",3,[[4,-41,[29],30]],[0,"73HTBMZIVImqn6fUTinR83",1],[5,64,67],[0,288.994,0,0,0,0,1,1,1,1]],[3,"jac_img_direct",3,[[4,-42,[31],32]],[0,"fcR+RqX2dEFa7occwfRPeh",1],[5,102,129],[0,68.761,0,0,0,0,1,1,1,1]],[3,"jac_img_jackpot",3,[[4,-43,[33],34]],[0,"0deswGy+ZE+q5DtBcGQa2r",1],[5,380,106],[0,372.204,0,0,0,0,1,1,1,1]],[3,"textJackpot",3,[[20,36,false,-45,1,1,-44,[38],39]],[0,"41EuFgvXFEd7s6Mmtr71gO",1],[5,0,40],[0,416.39,0,0,0,0,1,1,1,1]]],0,[0,4,1,0,0,1,0,0,1,0,-1,4,0,-2,3,0,0,2,0,-1,7,0,-2,8,0,-3,9,0,-4,10,0,-5,11,0,-6,12,0,-7,13,0,-8,14,0,-9,15,0,-10,16,0,-1,6,0,-3,17,0,-4,18,0,-5,19,0,-6,20,0,-7,5,0,-8,21,0,0,4,0,0,4,0,0,4,0,0,5,0,0,5,0,0,6,0,0,7,0,0,8,0,0,9,0,0,10,0,0,11,0,0,12,0,0,13,0,0,14,0,0,15,0,0,16,0,0,17,0,0,18,0,0,19,0,0,20,0,0,21,0,5,1,2,6,3,44],[0,0,0,0,0,0,0,0,0,0,0,0,0,0,0,0,0,0,0,0,0,0,0,0,0,0,0,0,0,0,0,0,0,0,0,0,0,0,0,0,0,0],[-1,2,-1,7,8,-1,1,-1,1,-1,1,-1,1,-1,1,-1,1,-1,1,-1,1,-1,1,-1,1,-1,2,-1,2,-1,2,-1,2,-1,2,-1,2,9,-1,1,10,11],[0,4,0,5,6,0,1,0,1,0,1,0,1,0,1,0,1,0,1,0,1,0,1,0,1,0,7,0,8,0,9,0,10,0,11,0,12,0,0,1,13,14]],[[{"name":"jac_img_sel","rect":[3,175,141,225],"offset":[0.5,0],"originalSize":[142,225],"rotated":1,"capInsets":[0,0,0,0]}],[0],0,[0],[3],[3]],[[{"name":"jac_img_jackpot","rect":[236,586,380,106],"offset":[0,0],"originalSize":[380,106],"rotated":1,"capInsets":[0,0,0,0]}],[0],0,[0],[3],[2]],[[{"name":"jac_zhizhen","rect":[137,455,64,67],"offset":[0,-0.5],"originalSize":[66,68],"rotated":1,"capInsets":[0,0,0,0]}],[0],0,[0],[3],[3]],[[[21,"candyzp_ske","{\"frameRate\":24,\"isGlobal\":0,\"armature\":[{\"ik\":[],\"type\":\"Armature\",\"frameRate\":24,\"skin\":[{\"name\":\"\",\"slot\":[{\"display\":[{\"path\":\"candyzp/di\",\"type\":\"image\",\"name\":\"candyzp/di\",\"transform\":{\"y\":249.5,\"x\":1.5}}],\"name\":\"di\"},{\"display\":[{\"path\":\"candyzp/t2\",\"type\":\"image\",\"name\":\"candyzp/t2\",\"transform\":{\"skX\":109.1868,\"y\":-4.1286,\"skY\":109.1868,\"x\":18.3018}}],\"name\":\"t2\"},{\"display\":[{\"path\":\"candyzp/guang\",\"type\":\"image\",\"name\":\"candyzp/guang\",\"transform\":{\"y\":-8.9738,\"x\":7.8979}}],\"blendMode\":\"add\",\"name\":\"guang\"},{\"display\":[{\"path\":\"candyzp/yun2\",\"type\":\"image\",\"name\":\"candyzp/yun2\",\"transform\":{\"y\":232.5,\"x\":-142}}],\"name\":\"yun2\"},{\"display\":[{\"path\":\"candyzp/bbt\",\"type\":\"image\",\"name\":\"candyzp/bbt\",\"transform\":{\"skX\":48.8064,\"y\":-0.5854,\"skY\":48.8064,\"x\":26.6401}}],\"name\":\"bbt\"},{\"display\":[{\"path\":\"candyzp/t1\",\"type\":\"image\",\"name\":\"candyzp/t1\",\"transform\":{\"skX\":131.1859,\"y\":6.94,\"skY\":131.1859,\"x\":21.8347}}],\"name\":\"t1\"},{\"display\":[{\"path\":\"candyzp/yun1\",\"type\":\"image\",\"name\":\"candyzp/yun1\",\"transform\":{\"y\":231.5,\"x\":143.5}}],\"name\":\"yun1\"},{\"display\":[{\"path\":\"candyzp/zhuanpan\",\"type\":\"image\",\"name\":\"candyzp/zhuanpan\",\"transform\":{\"y\":-10,\"x\":-0.5}}],\"name\":\"zhuanpan\"}]}],\"animation\":[{\"frame\":[],\"playTimes\":0,\"ffd\":[],\"duration\":60,\"slot\":[{\"frame\":[{\"tweenEasing\":0,\"color\":{\"aM\":27},\"duration\":30},{\"tweenEasing\":0,\"color\":{\"bM\":90,\"gM\":97,\"aM\":21},\"duration\":30},{\"tweenEasing\":null,\"color\":{\"bM\":66,\"aM\":8,\"rM\":79},\"duration\":0}],\"name\":\"guang\"}],\"ik\":[],\"bone\":[{\"frame\":[{\"transform\":{},\"duration\":60}],\"name\":\"root\"},{\"frame\":[{\"tweenEasing\":0,\"transform\":{},\"duration\":6},{\"tweenEasing\":0,\"transform\":{},\"duration\":10},{\"transform\":{\"skX\":8.9964,\"skY\":8.9964,\"scX\":1.02,\"scY\":1.02},\"duration\":6},{\"transform\":{\"skX\":8.9964,\"skY\":8.9964,\"scX\":1.02,\"scY\":1.02},\"duration\":8},{\"tweenEasing\":0,\"transform\":{},\"duration\":6},{\"tweenEasing\":0,\"transform\":{},\"duration\":10},{\"tweenEasing\":0,\"transform\":{\"skX\":-10.0036,\"skY\":-10.0036,\"scX\":1.03},\"duration\":6},{\"transform\":{\"skX\":-10.0036,\"skY\":-10.0036,\"scX\":1.03},\"duration\":8}],\"name\":\"bbt\"},{\"frame\":[{\"transform\":{},\"duration\":10},{\"tweenEasing\":0,\"transform\":{},\"duration\":14},{\"transform\":{\"skX\":12.9968,\"skY\":12.9968},\"duration\":8},{\"tweenEasing\":0,\"transform\":{\"skX\":2.9968,\"skY\":2.9968},\"duration\":16},{\"transform\":{\"skX\":-7.0032,\"skY\":-7.0032},\"duration\":12}],\"name\":\"t2\"},{\"frame\":[{\"tweenEasing\":0,\"transform\":{},\"duration\":22},{\"transform\":{\"skX\":11.9959,\"skY\":11.9959,\"scX\":1.02,\"scY\":1.02},\"duration\":16},{\"tweenEasing\":0,\"transform\":{},\"duration\":22},{\"transform\":{\"skX\":-10.0036,\"y\":-2,\"skY\":-10.0036,\"scX\":1.03},\"duration\":0}],\"name\":\"t1\"},{\"frame\":[{\"tweenRotate\":2,\"tweenEasing\":0,\"transform\":{\"skX\":-60,\"skY\":-60},\"duration\":60},{\"transform\":{\"skX\":-60,\"skY\":-60},\"duration\":0}],\"name\":\"bone\"}],\"name\":\"newAnimation\"}],\"defaultActions\":[{\"gotoAndPlay\":\"newAnimation\"}],\"bone\":[{\"name\":\"root\",\"transform\":{}},{\"length\":35,\"transform\":{\"skX\":-48.8064,\"y\":231.4319,\"skY\":-48.8064,\"x\":193.8952},\"parent\":\"root\",\"name\":\"bbt\"},{\"length\":30,\"transform\":{\"skX\":-109.1868,\"y\":237.4284,\"skY\":-109.1868,\"x\":157.4141},\"parent\":\"root\",\"name\":\"t2\"},{\"length\":28,\"transform\":{\"skX\":-131.1859,\"y\":232.5023,\"skY\":-131.1859,\"x\":-179.3447},\"parent\":\"root\",\"name\":\"t1\"},{\"transform\":{\"y\":-10.5262,\"x\":-2.3979},\"name\":\"bone\",\"parent\":\"root\"}],\"aabb\":{\"width\":541,\"y\":-297.5,\"height\":578,\"x\":-270.5},\"name\":\"Armature\",\"slot\":[{\"name\":\"di\",\"parent\":\"root\",\"color\":{}},{\"z\":1,\"name\":\"zhuanpan\",\"parent\":\"root\",\"color\":{}},{\"z\":2,\"name\":\"yun1\",\"parent\":\"root\",\"color\":{}},{\"z\":3,\"name\":\"bbt\",\"parent\":\"bbt\",\"color\":{}},{\"z\":4,\"name\":\"t2\",\"parent\":\"t2\",\"color\":{}},{\"z\":5,\"name\":\"yun2\",\"parent\":\"root\",\"color\":{}},{\"z\":6,\"name\":\"t1\",\"parent\":\"t1\",\"color\":{}},{\"blendMode\":\"add\",\"z\":7,\"parent\":\"bone\",\"name\":\"guang\",\"color\":{}}]}],\"name\":\"candyzp\",\"version\":\"5.0\"}"]],0,0,[],[],[]],[[{"name":"jac_imgBg","rect":[533,3,442,442],"offset":[0,0],"originalSize":[442,442],"capInsets":[0,0,0,0]}],[0],0,[0],[3],[2]],[[[5,"UIspin",".mp3",1.802449],-1],0,0,[],[],[]],[[{"name":"jac_btn_spin","rect":[623,586,286,84],"offset":[0,0],"originalSize":[288,86],"rotated":1,"capInsets":[0,0,0,0]}],[0],0,[0],[3],[2]]]]