[1,["d2VmaJ6ilBabqNAKWoRtrf","bebNO6m6tCKqyBw+l8Al0N","50T48uanxPbJUqrKWl2OdO","669tMd8WlMqpbqX14tyHdY","b1JHq0VXtGWb2sqNibjTqE","096H8PFNlKipP+esxUdLG8","cfUMlE6RNHB4UMYWgz6mkS","25ZHeDRj1D2ZnPnJ3ykbOj","ffTg0UjrhAfbb5tT/IGVdT","58GkDG19RK3YWiTPo6q0Ah","24bnKUlQpHU7z3ubf9DF9i","b88uvzn39LW5RH6AdTWU8m","31Sqo4NNhGMrZbzqUv/CR8","2e2czT9sFOqqstaWCpth9Z","ban00ObrpJj4urUfN+L45d","4ffU1zGr9NhqAarUGC6M7O","65t80M7LJKsYOzjitStKHP","76IJ4xnjdIkpd30otn6dE4","bedF3sNcFDlYRIoMcDlpsY","48vtEUXTBD9pLs/zUrVEwj","805GdynL9A47wzZJSNrgtj","d4RbKjvrpIO79nqaUFDhEc","9eAF3K9lNKgZIsq75nBvHZ","13Ueo6jsBHGb3bVnfCR1gw","5eURzljXhHaoq++fESL6oW","413oFG92xDNZewIRNCFZ+c","2763+GEkBLHLALFPausS7C","d3tt85LmBN7I69KlN1C+N6","8ca/XOk0pJm66LLuBdd9s9","50IxqoS8BAHoF9jOCTBxDM","55txInQkBJsZN367Cq02Qd","4fO8X6jNNFd6Ag558DKcYF","d2PQGK9pVII4UltaH7fcK2","57JAMKEtZK45YxKf1A4TaW","0bftXfZXlJVL7F9zrOIDWZ","5ebjxDsQpEs78Rx5e6fgeg","95/ZF88PVO84CMWu8T6nAu","5aipSsmgJP56K01VeyaQ0o","40OVMKJhZEHYKS9QH0qT4m","d2KXcpywFD9bUslWpaT7O+","78cHiT8/dA/b5MO/mFwQDF","84WlASueVFobCucFpQaZ8N","cd4A3Y1fdMWaVhJIYOsrce","2cIG9Ixj1JmbE5wKKxkiWx","c188ZsX/tOWrD2R8f7eFmZ","95PWhDlg5GAK6DTn0eKgrU","4cEuDqUPFBh53G15giF/1c","9468KfXuhBV6eo3Ionyle3"],["value"],[["cc.AnimationClip",["_name","_duration","speed","wrapMode","curveData"],-1,11]],[[0,0,1,2,3,4,5]],[[0,"right1",0.8,0.5,2,[{},"comps",11,[{},"cc.Sprite",11,[{},"spriteFrame",12,[[[{"frame":0},"value",6,0],[{"frame":0.016666666666666666},"value",6,1],[{"frame":0.03333333333333333},"value",6,2],[{"frame":0.05},"value",6,3],[{"frame":0.06666666666666667},"value",6,4],[{"frame":0.08333333333333333},"value",6,5],[{"frame":0.1},"value",6,6],[{"frame":0.11666666666666667},"value",6,7],[{"frame":0.13333333333333333},"value",6,8],[{"frame":0.15},"value",6,9],[{"frame":0.16666666666666666},"value",6,10],[{"frame":0.18333333333333332},"value",6,11],[{"frame":0.2},"value",6,12],[{"frame":0.21666666666666667},"value",6,13],[{"frame":0.23333333333333334},"value",6,14],[{"frame":0.25},"value",6,15],[{"frame":0.26666666666666666},"value",6,16],[{"frame":0.2833333333333333},"value",6,17],[{"frame":0.3},"value",6,18],[{"frame":0.31666666666666665},"value",6,19],[{"frame":0.3333333333333333},"value",6,20],[{"frame":0.35},"value",6,21],[{"frame":0.36666666666666664},"value",6,22],[{"frame":0.38333333333333336},"value",6,23],[{"frame":0.4},"value",6,24],[{"frame":0.4166666666666667},"value",6,25],[{"frame":0.43333333333333335},"value",6,26],[{"frame":0.45},"value",6,27],[{"frame":0.4666666666666667},"value",6,28],[{"frame":0.48333333333333334},"value",6,29],[{"frame":0.5},"value",6,30],[{"frame":0.5166666666666667},"value",6,31],[{"frame":0.5333333333333333},"value",6,32],[{"frame":0.55},"value",6,33],[{"frame":0.5666666666666667},"value",6,34],[{"frame":0.5833333333333334},"value",6,35],[{"frame":0.6},"value",6,36],[{"frame":0.6166666666666667},"value",6,37],[{"frame":0.6333333333333333},"value",6,38],[{"frame":0.65},"value",6,39],[{"frame":0.6666666666666666},"value",6,40],[{"frame":0.6833333333333333},"value",6,41],[{"frame":0.7},"value",6,42],[{"frame":0.7166666666666667},"value",6,43],[{"frame":0.7333333333333333},"value",6,44],[{"frame":0.75},"value",6,45],[{"frame":0.7666666666666667},"value",6,46],[{"frame":0.7833333333333333},"value",6,47]],11,11,11,11,11,11,11,11,11,11,11,11,11,11,11,11,11,11,11,11,11,11,11,11,11,11,11,11,11,11,11,11,11,11,11,11,11,11,11,11,11,11,11,11,11,11,11,11]]]]]],0,0,[0,0,0,0,0,0,0,0,0,0,0,0,0,0,0,0,0,0,0,0,0,0,0,0,0,0,0,0,0,0,0,0,0,0,0,0,0,0,0,0,0,0,0,0,0,0,0,0],[0,0,0,0,0,0,0,0,0,0,0,0,0,0,0,0,0,0,0,0,0,0,0,0,0,0,0,0,0,0,0,0,0,0,0,0,0,0,0,0,0,0,0,0,0,0,0,0],[0,1,2,3,4,5,6,7,8,9,10,11,12,13,14,15,16,17,18,19,20,21,22,23,24,25,26,27,28,29,30,31,32,33,34,35,36,37,38,39,40,41,42,43,44,45,46,47]]