[1,["ed1o6YqCpP/pLPjvRFeV5p"],["_texture"],[["dragonBones.DragonBonesAtlasAsset",["_name","_atlasJson"],1]],[[0,0,1,3]],[[0,"xiao_tex","{\"SubTexture\":[{\"width\":28,\"y\":172,\"height\":55,\"name\":\"zoulu/01\",\"x\":110},{\"width\":37,\"y\":175,\"height\":54,\"name\":\"zoulu/08\",\"x\":41},{\"width\":36,\"y\":60,\"height\":54,\"name\":\"zoulu/09\",\"x\":85},{\"width\":38,\"y\":175,\"height\":54,\"name\":\"zoulu/05\",\"x\":1},{\"width\":34,\"y\":1,\"height\":54,\"name\":\"zoulu/02\",\"x\":105},{\"width\":37,\"y\":118,\"height\":55,\"name\":\"zoulu/07\",\"x\":41},{\"width\":37,\"y\":116,\"height\":54,\"name\":\"zoulu/06\",\"x\":80},{\"width\":37,\"y\":60,\"height\":54,\"name\":\"zoulu/04\",\"x\":46},{\"width\":28,\"y\":172,\"height\":55,\"name\":\"zoulu/10\",\"x\":80},{\"width\":38,\"y\":118,\"height\":55,\"name\":\"zoulu/03\",\"x\":1},{\"width\":57,\"y\":1,\"height\":56,\"name\":\"zoulu/shejian04\",\"x\":1},{\"width\":27,\"y\":57,\"height\":55,\"name\":\"zoulu/shejian01\",\"x\":123},{\"width\":43,\"y\":59,\"height\":57,\"name\":\"zoulu/shejian03\",\"x\":1},{\"width\":43,\"y\":1,\"height\":57,\"name\":\"zoulu/shejian02\",\"x\":60}],\"width\":256,\"height\":256,\"name\":\"xiao\",\"imagePath\":\"xiao_tex.png\"}"]],0,0,[0],[0],[0]]