[1,["ecpdLyjvZBwrvm+cedCcQy","a2MjXRFdtLlYQ5ouAFv/+R","caQKP4jJ1MZp42e3R7sjRN","4fZPVydMJJMKoXSPjOF4Ff","1a159edee"],["node","_spriteFrame","root","data","_textureSetter"],[["cc.Node",["_name","_opacity","_components","_prefab","_contentSize","_parent","_children","_trs","_color"],1,9,4,5,1,2,7,5],["cc.Widget",["_alignFlags","_originalWidth","_originalHeight","node"],0,1],["cc.PrefabInfo",["fileId","root"],2,1],["cc.Sprite",["_sizeMode","node","_materials","_spriteFrame"],2,1,3,6],"cc.SpriteFrame",["cc.Prefab",["_name"],2],["bf243/0O49CNKGv6TbL9/DI",["node"],3,1],["cc.BlockInputEvents",["node"],3,1],["cc.Button",["node","clickEvents"],3,1,9],["cc.ClickEvent",["_componentId","handler","target"],1,1]],[[2,0,1,2],[3,1,2,3,1],[5,0,2],[0,0,6,2,3,4,7,2],[0,0,1,5,2,3,8,4,3],[0,0,5,6,2,3,4,2],[0,0,5,6,2,3,4,7,2],[0,0,5,2,3,4,2],[1,0,3,2],[1,0,1,2,3,4],[6,0,1],[2,1,1],[3,0,1,2,3,2],[7,0,1],[8,0,1,1],[9,0,1,2,3]],[[[[2,"help"],[3,"help",[-4,-5],[[8,45,-2],[10,-3]],[11,-1],[5,1520,720],[760,360,0,0,0,0,1,1,1,0]],[4,"bg",160,1,[[12,0,-6,[0],1],[9,45,100,100,-7],[13,-8]],[0,"b97DKNeNZDYKzSN3v5KGrU",1],[4,4278190080],[5,1520,720]],[5,"help",1,[-10],[[1,-9,[4],5]],[0,"f8ySQLAl9M4qGvieCjhFPD",1],[5,837,640]],[6,"clossBtn",3,[-12],[[14,-11,[[15,"bf243/0O49CNKGv6TbL9/DI","onClickClossBtn",1]]]],[0,"25dvdFtwBMuqB+YiAvBnQK",1],[5,80,80],[366.875,269.761,0,0,0,0,1,1,1,1]],[7,"btn_close",4,[[1,-13,[2],3]],[0,"aaQHOUretHiJPc9r3ljWx3",1],[5,42,44]]],0,[0,2,1,0,0,1,0,0,1,0,-1,2,0,-2,3,0,0,2,0,0,2,0,0,2,0,0,3,0,-1,4,0,0,4,0,-1,5,0,0,5,0,3,1,13],[0,0,0,0,0,0],[-1,1,-1,1,-1,1],[0,1,0,2,0,3]],[[{"name":"btn_close","rect":[233,894,42,43],"offset":[0.5,0],"originalSize":[43,45],"capInsets":[0,0,0,0]}],[4],0,[0],[4],[4]]]]