[1,["7f+u9/z5NAbKB09sP/x0lh","52c1IGVyxCbZhCNtj1rGBm"],["_textureSetter","spriteFrame"],["cc.SpriteFrame",["cc.BitmapFont",["_name","fontSize","_fntConfig"],0]],[[1,0,1,2,4]],[[[{"name":"beishu_0","rect":[0,0,256,256],"offset":[0,0],"originalSize":[256,256],"capInsets":[0,0,0,0]}],[0],0,[0],[0],[0]],[[[0,"beishu",32,{"commonHeight":32,"fontSize":32,"atlasName":"beishu_0.png","fontDefDictionary":{"46":{"xOffset":0,"yOffset":0,"xAdvance":13,"rect":{"x":222,"y":0,"width":13,"height":50}},"48":{"xOffset":0,"yOffset":0,"xAdvance":36,"rect":{"x":0,"y":0,"width":36,"height":50}},"49":{"xOffset":0,"yOffset":0,"xAdvance":36,"rect":{"x":37,"y":0,"width":36,"height":50}},"50":{"xOffset":0,"yOffset":0,"xAdvance":36,"rect":{"x":74,"y":0,"width":36,"height":50}},"51":{"xOffset":0,"yOffset":0,"xAdvance":36,"rect":{"x":111,"y":0,"width":36,"height":50}},"52":{"xOffset":0,"yOffset":0,"xAdvance":36,"rect":{"x":148,"y":0,"width":36,"height":50}},"53":{"xOffset":0,"yOffset":0,"xAdvance":36,"rect":{"x":185,"y":0,"width":36,"height":50}},"54":{"xOffset":0,"yOffset":0,"xAdvance":36,"rect":{"x":0,"y":51,"width":36,"height":50}},"55":{"xOffset":0,"yOffset":0,"xAdvance":36,"rect":{"x":37,"y":51,"width":36,"height":50}},"56":{"xOffset":0,"yOffset":0,"xAdvance":36,"rect":{"x":74,"y":51,"width":36,"height":50}},"57":{"xOffset":0,"yOffset":0,"xAdvance":36,"rect":{"x":111,"y":51,"width":36,"height":50}},"88":{"xOffset":0,"yOffset":0,"xAdvance":36,"rect":{"x":148,"y":51,"width":36,"height":50}}},"kerningDict":{}}]],0,0,[0],[1],[1]]]]