[1,["f0iBRRaINP8qBs9U9g2fjq"],["_texture"],[["dragonBones.DragonBonesAtlasAsset",["_name","_atlasJson"],1]],[[0,0,1,3]],[[0,"candy_totalwin_tex","{\"width\":1024,\"imagePath\":\"candy_totalwin_tex.png\",\"height\":2048,\"name\":\"candy_totalwin\",\"SubTexture\":[{\"width\":441,\"y\":546,\"height\":429,\"name\":\"fs/6\",\"x\":1},{\"width\":370,\"y\":968,\"height\":380,\"name\":\"fs/2\",\"x\":444},{\"width\":422,\"y\":546,\"height\":420,\"name\":\"fs/3\",\"x\":444},{\"width\":709,\"y\":1,\"height\":543,\"name\":\"fs/td\",\"x\":1},{\"width\":292,\"y\":1,\"height\":363,\"name\":\"fs/x\",\"x\":712},{\"width\":382,\"y\":977,\"height\":135,\"name\":\"fs/free_spin\",\"x\":1},{\"width\":237,\"y\":366,\"height\":134,\"name\":\"fs/win\",\"x\":712}]}"]],0,0,[0],[0],[0]]