[1,["ecpdLyjvZBwrvm+cedCcQy","1b475d33e","1a9623a44","1dcf96c7f","496/OFMWpGqZoKxkaSLING","6c0R3Y8eNGkZj95yXfkiGh","a2MjXRFdtLlYQ5ouAFv/+R","e3MXxb1VVJAb7rEhJID6Y9","d20Khbm/NE4b4hkWrIP3Y0","55RWzYoBhMzaW9cxN7Qdyx","82m63U/hRNUYr+ClVCnPyx","33d9zwWK5L7LKc5KMx+Ny8","95ZCM0yoJJHIhDrM50fZDb","c0iXAF+bxKMb0NlxK1f9nC","de1kJauC9G64NQXA5Sgv1D","09togVEc1EFq1iPBvIlYDP","a7bRmW2QpN861lwUY4+qme","ecBWg4dqVBAoGGk/6B36lg","186a9f03d"],["node","_textureSetter","_spriteFrame","root","data","_parent","_pageView","indicator","indicator1","spriteFrame"],["cc.SpriteFrame",["cc.Node",["_name","_opacity","_active","_components","_prefab","_contentSize","_trs","_parent","_children","_anchorPoint","_color"],0,9,4,5,7,1,2,5,5],["cc.Sprite",["_sizeMode","_type","node","_materials","_spriteFrame"],1,1,3,6],["cc.Node",["_name","_parent","_components","_prefab","_contentSize","_trs","_children","_anchorPoint"],2,1,2,4,5,7,2,5],["cc.Widget",["_alignFlags","_originalWidth","_originalHeight","node"],0,1],["cc.PrefabInfo",["fileId","root"],2,1],["cc.Prefab",["_name"],2],["c512aoqRxNAuKzHQfqNVpxo",["node","indicator","indicator1"],3,1,6,6],["cc.Layout",["_resize","_N$layoutType","_N$spacingY","node","_layoutSize"],0,1,5],["cc.BlockInputEvents",["node"],3,1],["cc.Button",["zoomScale","_N$transition","node","clickEvents"],1,1,9],["cc.ClickEvent",["_componentId","handler","target"],1,1],["cc.Mask",["_N$alphaThreshold","node","_materials"],2,1,3],["cc.PageViewIndicator",["spacing","node","cellSize"],2,1,5],["cc.PageView",["bounceDuration","node","_N$content","pageEvents","_N$indicator"],2,1,1,9,1]],[[5,0,1,2],[1,0,7,3,4,5,6,2],[2,0,2,3,4,2],[2,2,3,4,1],[1,0,7,8,3,4,5,6,2],[1,0,7,3,4,5,2],[11,0,1,2,3],[6,0,2],[1,0,8,3,4,5,6,2],[1,0,8,3,4,5,9,6,2],[1,0,1,7,3,4,10,5,3],[1,0,7,8,3,4,5,9,6,2],[1,0,2,7,3,4,5,6,3],[3,0,1,6,2,3,4,7,5,2],[3,0,1,2,3,4,5,2],[4,0,3,2],[4,0,1,2,3,4],[7,0,1,2,1],[5,1,1],[8,0,1,2,3,4,4],[2,1,0,2,3,4,3],[2,1,0,2,3,3],[9,0,1],[10,0,1,2,3,3],[12,0,1,2,2],[13,0,1,2,2],[14,0,1,2,3,4,2]],[[[{"name":"rule0","rect":[0,0,1202,669],"offset":[0,0.5],"originalSize":[1202,670],"capInsets":[0,0,0,0]}],[0],0,[0],[1],[5]],[[{"name":"rule2","rect":[3,3,879,433],"offset":[0.5,-0.5],"originalSize":[880,436],"capInsets":[0,0,0,0]}],[0],0,[0],[1],[2]],[[{"name":"qieye1","rect":[3,3,33,33],"offset":[0,0],"originalSize":[33,33],"capInsets":[0,0,0,0]}],[0],0,[0],[1],[3]],[[{"name":"btn_rule","rect":[914,235,65,65],"offset":[0,0],"originalSize":[67,67],"capInsets":[0,0,0,0]}],[0],0,[0],[1],[1]],[[{"name":"rule1","rect":[3,3,905,441],"offset":[0,-0.5],"originalSize":[905,442],"capInsets":[0,0,0,0]}],[0],0,[0],[1],[1]],[[[7,"SambaFeverRuleNode"],[8,"SambaSuleNode",[-4,-5],[[15,45,-2],[17,-3,22,23]],[18,-1],[5,1520,720],[760,360,0,0,0,0,1,1,1,1]],[9,"content",[-7,-8,-9,-10,-11],[[19,1,1,15,-6,[5,4450,350]]],[0,"10Rew7MDBGOpsmjPUpnl55",1],[5,4450,350],[0,0,0.5],[0,15.296,0,0,0,0,1,1,1,1]],[4,"content",1,[-13,-14,-15,-16],[[3,-12,[20],21]],[0,"46apkN1IFD+5Dr+hQ13n92",1],[5,1202,669],[0,-6,0,0,0,0,1,1,1,1]],[13,"New PageView",3,[-18,-19,-20],[-17],[0,"4fZr76l/ZFO7D10LtrX2u2",1],[5,890,500],[0,0,0.5],[-450.715,-16.658,0,0,0,0,1,1,1,1]],[10,"bg",96,1,[[2,0,-21,[0],1],[16,45,100,100,-22],[22,-23]],[0,"ab9XmE+39Heq3MMvOZ9i61",1],[4,4278190080],[5,1520,720]],[4,"box_close",3,[-25],[[23,1.1,3,-24,[[6,"c512aoqRxNAuKzHQfqNVpxo","onHide",1]]]],[0,"13nlsnO/pMS4F3ZvlPVwgU",1],[5,83,86],[439.098,272.55,0,0,0,0,1,1,1,0]],[11,"view",4,[2],[[24,0,-26,[19]]],[0,"94GRZABelHAZZ7tV9vNpMS",1],[5,890,500],[0,0,0.5],[0,15.081,0,0,0,0,1,1,1,1]],[1,"title_paytable",3,[[3,-27,[2],3]],[0,"d4ND7ahc5ElZS5YBrEb7Hw",1],[5,513,37],[-6,292.545,0,0,0,0,1,1,1,1]],[12,"box_frame_1",false,3,[[20,1,0,-28,[4],5]],[0,"d8Q5EFgFBNLLxEtFbP6mMg",1],[5,1050,510],[0,-23,0,0,0,0,1,1,1,1]],[5,"box_close",6,[[3,-29,[6],7]],[0,"c2kNNRvDxAQIaafB3twsya",1],[5,65,65]],[5,"background",4,[[21,1,0,-30,[8]]],[0,"3dOZH6/ntJ/avr4EpAqP/D",1],[5,400,350]],[1,"page_1",2,[[2,0,-31,[9],10]],[0,"4cgvjDI7BPSJfpPV1pXX4B",1],[5,890,445],[445,0,0,0,0,0,1,1,1,1]],[1,"page_2",2,[[2,0,-32,[11],12]],[0,"47GPsWzKRP26/kGbQ4eHXz",1],[5,890,398],[1335,0,0,0,0,0,1,1,1,1]],[1,"page_3",2,[[2,0,-33,[13],14]],[0,"abntUwlsVEV4TVhlApu0v0",1],[5,890,409],[2225,0,0,0,0,0,1,1,1,1]],[1,"page_4",2,[[2,0,-34,[15],16]],[0,"795mn+32hDOJzShvS2BZ3z",1],[5,890,409],[3115,0,0,0,0,0,1,1,1,1]],[1,"page_5",2,[[2,0,-35,[17],18]],[0,"76bvp65HZOIqviqaxa+vYw",1],[5,890,409],[4005,0,0,0,0,0,1,1,1,1]],[14,"indicator",4,[-36],[0,"e0NSikWYVBzqdeiBge58sl",1],[5,33,33],[446.801,-213.731,0,0,0,0,1,1,1,1]],[25,10,17,[5,33,33]],[26,0.5,4,2,[[6,"c512aoqRxNAuKzHQfqNVpxo","pageViewClick",1]],18]],0,[0,3,1,0,0,1,0,0,1,0,-1,5,0,-2,3,0,0,2,0,-1,12,0,-2,13,0,-3,14,0,-4,15,0,-5,16,0,0,3,0,-1,8,0,-2,9,0,-3,6,0,-4,4,0,-1,19,0,-1,11,0,-2,7,0,-3,17,0,0,5,0,0,5,0,0,5,0,0,6,0,-1,10,0,0,7,0,0,8,0,0,9,0,0,10,0,0,11,0,0,12,0,0,13,0,0,14,0,0,15,0,0,16,0,-1,18,0,4,1,2,5,7,18,6,19,36],[0,0,0,0,0,0,0,0,0,0,0,0,0,0,0,0,0,0,0,0,0,0,0,0,18],[-1,2,-1,2,-1,2,-1,2,-1,-1,2,-1,2,-1,2,-1,2,-1,2,-1,-1,2,7,8,9],[0,6,0,7,0,8,0,9,0,0,10,0,11,0,12,0,13,0,14,0,0,15,16,4,4]],[[{"name":"rule3","rect":[3,450,879,437],"offset":[0,0],"originalSize":[879,439],"capInsets":[0,0,0,0]}],[0],0,[0],[1],[1]],[[{"name":"qieye2","rect":[3,42,33,33],"offset":[0,0],"originalSize":[33,33],"capInsets":[0,0,0,0]}],[0],0,[0],[1],[3]],[[{"name":"rule4","rect":[3,442,915,408],"offset":[0,0],"originalSize":[915,408],"capInsets":[0,0,0,0]}],[0],0,[0],[1],[2]],[[{"name":"box_frame_1","rect":[112,742,32,33],"offset":[0,0],"originalSize":[32,33],"rotated":1,"capInsets":[25,25,24,27]}],[0],0,[0],[1],[17]],[[{"name":"rule5","rect":[3,3,915,408],"offset":[0,0],"originalSize":[915,408],"capInsets":[0,0,0,0]}],[0],0,[0],[1],[18]],[[{"name":"rule","rect":[980,701,212,36],"offset":[1,0.5],"originalSize":[514,37],"rotated":1,"capInsets":[0,0,0,0]}],[0],0,[0],[1],[1]]]]