[1,["91vHC9QjxHbZPQB0OkI3AF","984GPgQBVMFIoc6az4rDLt"],["spriteFrame","_textureSetter"],["cc.SpriteFrame",["cc.BitmapFont",["_name","fontSize","_fntConfig"],0]],[[1,0,1,2,4]],[[[[0,"5jackpot",32,{"commonHeight":55,"fontSize":32,"atlasName":"C:\\Users\\Administrator\\Desktop\\5jackpot.png","fontDefDictionary":{"9":{"xOffset":0,"yOffset":0,"xAdvance":8,"rect":{"x":0,"y":0,"width":0,"height":0}},"32":{"xOffset":0,"yOffset":0,"xAdvance":1,"rect":{"x":0,"y":0,"width":0,"height":0}},"44":{"xOffset":0,"yOffset":44,"xAdvance":13,"rect":{"x":0,"y":102,"width":12,"height":18}},"46":{"xOffset":0,"yOffset":44,"xAdvance":13,"rect":{"x":13,"y":102,"width":12,"height":11}},"48":{"xOffset":0,"yOffset":22,"xAdvance":26,"rect":{"x":26,"y":34,"width":25,"height":33}},"49":{"xOffset":0,"yOffset":22,"xAdvance":22,"rect":{"x":77,"y":0,"width":21,"height":33}},"50":{"xOffset":0,"yOffset":22,"xAdvance":25,"rect":{"x":52,"y":34,"width":24,"height":33}},"51":{"xOffset":0,"yOffset":22,"xAdvance":26,"rect":{"x":27,"y":0,"width":25,"height":33}},"52":{"xOffset":0,"yOffset":22,"xAdvance":27,"rect":{"x":0,"y":0,"width":26,"height":33}},"53":{"xOffset":0,"yOffset":23,"xAdvance":24,"rect":{"x":53,"y":0,"width":23,"height":32}},"54":{"xOffset":0,"yOffset":22,"xAdvance":26,"rect":{"x":0,"y":34,"width":25,"height":33}},"55":{"xOffset":0,"yOffset":23,"xAdvance":25,"rect":{"x":52,"y":68,"width":24,"height":32}},"56":{"xOffset":0,"yOffset":22,"xAdvance":26,"rect":{"x":26,"y":68,"width":25,"height":33}},"57":{"xOffset":0,"yOffset":22,"xAdvance":26,"rect":{"x":0,"y":68,"width":25,"height":33}}},"kerningDict":{}}]],0,0,[0],[0],[0]],[[{"name":"5jackpot","rect":[0,0,98,120],"offset":[-15,4],"originalSize":[128,128],"capInsets":[0,0,0,0]}],[0],0,[0],[1],[1]]]]