[1,["146eff87d","61HreRTtRBvaHIOliAAPq5"],["_textureSetter","spriteFrame"],["cc.SpriteFrame",["cc.LabelAtlas",["_name","fontSize","_fntConfig"],0]],[[1,0,1,2,4]],[[[{"name":"number","rect":[936,590,374,50],"offset":[0,0],"originalSize":[374,50],"rotated":1,"capInsets":[0,0,0,0]}],[0],0,[0],[0],[0]],[[[0,"LabelAtlas",44,{"commonHeight":50,"fontSize":44,"atlasName":"number","fontDefDictionary":{"46":{"xOffset":0,"yOffset":0,"xAdvance":34,"rect":{"x":0,"y":0,"width":34,"height":50}},"47":{"xOffset":0,"yOffset":0,"xAdvance":34,"rect":{"x":34,"y":0,"width":34,"height":50}},"48":{"xOffset":0,"yOffset":0,"xAdvance":34,"rect":{"x":68,"y":0,"width":34,"height":50}},"49":{"xOffset":0,"yOffset":0,"xAdvance":34,"rect":{"x":102,"y":0,"width":34,"height":50}},"50":{"xOffset":0,"yOffset":0,"xAdvance":34,"rect":{"x":136,"y":0,"width":34,"height":50}},"51":{"xOffset":0,"yOffset":0,"xAdvance":34,"rect":{"x":170,"y":0,"width":34,"height":50}},"52":{"xOffset":0,"yOffset":0,"xAdvance":34,"rect":{"x":204,"y":0,"width":34,"height":50}},"53":{"xOffset":0,"yOffset":0,"xAdvance":34,"rect":{"x":238,"y":0,"width":34,"height":50}},"54":{"xOffset":0,"yOffset":0,"xAdvance":34,"rect":{"x":272,"y":0,"width":34,"height":50}},"55":{"xOffset":0,"yOffset":0,"xAdvance":34,"rect":{"x":306,"y":0,"width":34,"height":50}},"56":{"xOffset":0,"yOffset":0,"xAdvance":34,"rect":{"x":340,"y":0,"width":34,"height":50}}},"kerningDict":{}}]],0,0,[0],[1],[1]]]]