[1,["eaOQ0ZaoZOdZMrAlfadJOM"],["_texture"],[["dragonBones.DragonBonesAtlasAsset",["_name","_atlasJson"],1]],[[0,0,1,3]],[[0,"scatter_tex","{\"width\":256,\"imagePath\":\"scatter_tex.png\",\"height\":512,\"name\":\"scatter\",\"SubTexture\":[{\"width\":141,\"y\":1,\"height\":140,\"name\":\"scatter-x/bg\",\"x\":1},{\"width\":123,\"y\":143,\"height\":145,\"name\":\"scatter-x/g1\",\"x\":1},{\"width\":111,\"y\":1,\"height\":110,\"name\":\"scatter-x/g2\",\"x\":144},{\"width\":119,\"y\":284,\"height\":127,\"name\":\"scatter-x/g3\",\"x\":126},{\"width\":120,\"y\":143,\"height\":139,\"name\":\"scatter-x/candy\",\"x\":126},{\"width\":164,\"y\":413,\"height\":44,\"name\":\"scatter-x/zd\",\"x\":1},{\"width\":22,\"y\":413,\"height\":35,\"name\":\"scatter-x/r\",\"x\":193},{\"width\":21,\"y\":459,\"height\":35,\"name\":\"scatter-x/e\",\"x\":1},{\"width\":22,\"y\":450,\"height\":34,\"name\":\"scatter-x/t_0\",\"x\":212},{\"width\":21,\"y\":459,\"height\":34,\"name\":\"scatter-x/t\",\"x\":24},{\"width\":24,\"y\":413,\"height\":35,\"name\":\"scatter-x/a\",\"x\":167},{\"width\":23,\"y\":450,\"height\":35,\"name\":\"scatter-x/c\",\"x\":167},{\"width\":22,\"y\":413,\"height\":35,\"name\":\"scatter-x/s\",\"x\":217},{\"width\":20,\"y\":486,\"height\":20,\"name\":\"scatter-x/图层_1\",\"x\":212},{\"width\":18,\"y\":450,\"height\":44,\"name\":\"scatter-x/g4\",\"x\":192}]}"]],0,0,[0],[0],[0]]