[1,["ecpdLyjvZBwrvm+cedCcQy","a5KwfIUhtAyb6XzdkTSK7I","a2MjXRFdtLlYQ5ouAFv/+R","87IcP7jvFLd7YV9MDdViRD","51LOmtkBVOMJkrGSKpsSr9","ecQoHhTbRP27I++2o4hcem","7dHeS0D8RGRKguZd91XWDc","3arAMBFDlEP78iuni+PqqJ","b4NkFuKhpOvL/1+MDdTAQY","1b475d33e"],["node","_spriteFrame","_textureSetter","_N$file","root","data","_parent","_N$dragonAsset","_N$dragonAtlasAsset"],[["cc.Node",["_name","_active","_opacity","_prefab","_children","_components","_contentSize","_trs","_parent","_color"],0,4,2,9,5,7,1,5],"cc.SpriteFrame",["cc.Widget",["_alignFlags","_originalWidth","_originalHeight","node"],0,1],["cc.PrefabInfo",["fileId","root"],2,1],["cc.Sprite",["_sizeMode","node","_materials","_spriteFrame"],2,1,3,6],["cc.Label",["_fontSize","_isSystemFontUsed","_N$horizontalAlign","_N$verticalAlign","_string","node","_materials","_N$file"],-2,1,3,6],["cc.Prefab",["_name"],2],["cc.BlockInputEvents",["node"],3,1],["cc.Button",["zoomScale","_N$transition","clickEvents","node"],0,1],["dragonBones.ArmatureDisplay",["_armatureName","_animationName","_preCacheMode","playTimes","_armatureKey","node","_materials","_N$dragonAsset","_N$dragonAtlasAsset"],-2,1,3,6,6],["dragonBones.DragonBonesAsset",["_name","_dragonBonesJson"],1]],[[3,0,1,2],[0,0,8,5,3,6,7,2],[4,1,2,3,1],[6,0,2],[0,0,1,4,5,3,6,7,3],[0,0,2,8,5,3,9,6,3],[0,0,4,5,3,6,7,2],[0,0,8,4,3,2],[0,0,8,4,5,3,6,7,2],[0,0,1,8,4,5,3,6,7,3],[0,0,1,8,4,3,7,3],[2,0,3,2],[2,0,1,2,3,4],[3,1,1],[4,0,1,2,3,2],[7,0,1],[8,0,1,2,3,4],[9,0,1,2,3,4,5,6,7,8,6],[5,4,0,1,2,3,5,6,7,6],[5,0,1,2,3,5,6,7,5],[10,0,1,3]],[[[{"name":"free_img6","rect":[16,1,425,44],"offset":[-39,-0.5],"originalSize":[535,45],"capInsets":[0,0,0,0]}],[1],0,[0],[2],[1]],[[[3,"freeSpinNode"],[4,"freeSpinNode",false,[-3,-4],[[11,45,-2]],[13,-1],[5,1520,720],[760,360,0,0,0,0,1,1,1,1]],[5,"bg",160,1,[[14,0,-5,[0],1],[12,45,100,100,-6],[15,-7]],[0,"69vr6VEeJI8441niP4PKMw",1],[4,4278190080],[5,1520,720]],[6,"freeStartBtn",[-10],[[2,-8,[11],12],[16,1.1,3,[null],-9]],[0,"47amjxylBEgqHMztzdsTWr",1],[5,226,74],[-10.569,-185.273,0,0,0,0,1,1,1,0]],[7,"node",1,[-11,-12],[0,"10FGXwDbpMDLDrpBIG7SpF",1]],[8,"freeSpinAni",4,[-14],[[17,"Armature","newAnimation",0,1,"ec4281e1-4db4-4fdb-b23e-fb6a3885c7a6#7d1de4b4-0fc4-4644-a82e-65df755d60dc",-13,[6],7,8]],[0,"07v2PFB5BEyK5uC7ClNkpj",1],[5,1107,1024],[-55.839,-25.029,0,0,0,0,1,0.8,0.8,1]],[9,"free_img6",false,5,[-16],[[2,-15,[4],5]],[0,"42RNtigf1G0aY8/FTRYDK6",1],[5,535,45],[47.863,-124.115,0,0,0,0,1,0.7,0.7,1]],[1,"getFreeCountLabel",6,[[18,"10",30,false,1,1,-17,[2],3]],[0,"afuJzrkZtKVrzQTKoeMcca",1],[5,57.19,40],[7.201,26,0,0,0,0,1,1,1,1]],[10,"freeConten",false,4,[3],[0,"2cxRR0gtxHPp68kqtCw1A9",1],[-16.199,-51.74,0,0,0,0,1,1,1,1]],[1,"freeSpinTimeLabel",3,[[19,28,false,1,1,-18,[9],10]],[0,"8dwaa2mFpC7KMbkjDUzOce",1],[5,0,40],[38.61,25.608,0,0,0,0,1,1,1,1]]],0,[0,4,1,0,0,1,0,-1,2,0,-2,4,0,0,2,0,0,2,0,0,2,0,0,3,0,0,3,0,-1,9,0,-1,5,0,-2,8,0,0,5,0,-1,6,0,0,6,0,-1,7,0,0,7,0,0,9,0,5,1,3,6,8,18],[0,0,0,0,0,0,0,0,0,0,0,0,0],[-1,1,-1,3,-1,1,-1,7,8,-1,3,-1,1],[0,2,0,3,0,4,0,5,6,0,7,0,8]],[[{"name":"Star_img","rect":[3,893,226,74],"offset":[0,0],"originalSize":[226,74],"capInsets":[0,0,0,0]}],[1],0,[0],[2],[9]],[[[20,"freespin_ske","{\"frameRate\":24,\"isGlobal\":0,\"armature\":[{\"aabb\":{\"width\":1107,\"y\":-626,\"height\":1024,\"x\":-553.5},\"ik\":[],\"type\":\"Armature\",\"bone\":[{\"name\":\"root\",\"transform\":{}},{\"length\":71,\"transform\":{\"y\":-252,\"skX\":89.1931,\"skY\":89.1931,\"x\":44},\"parent\":\"root\",\"name\":\"图层_824_拷贝\"},{\"length\":109,\"transform\":{\"scX\":1.7019,\"y\":171.2412,\"scY\":1.7019,\"skX\":88.9488,\"skY\":88.9488,\"x\":44},\"parent\":\"root\",\"name\":\"4e0e5262961cebb77f85fb47d4f817b\"},{\"length\":61,\"transform\":{\"y\":-81,\"skX\":90,\"skY\":90,\"x\":55},\"parent\":\"root\",\"name\":\"FREE_拷贝_2\"},{\"length\":173,\"transform\":{\"y\":-138,\"skX\":89.6688,\"skY\":89.6688,\"x\":33},\"parent\":\"root\",\"name\":\"图层_541\"},{\"length\":91,\"transform\":{\"scX\":1.1884,\"y\":-139,\"scY\":1.1884,\"skX\":-90.6296,\"skY\":-90.6296,\"x\":54.7242},\"parent\":\"root\",\"name\":\"free_img9\"},{\"length\":56,\"transform\":{\"y\":-138,\"skX\":85.9144,\"skY\":85.9144,\"x\":211.5747},\"parent\":\"root\",\"name\":\"组_76\"}],\"defaultActions\":[{\"gotoAndPlay\":\"newAnimation\"}],\"slot\":[{\"color\":{},\"name\":\"free_img9\",\"parent\":\"free_img9\"},{\"z\":1,\"color\":{},\"name\":\"组_76\",\"parent\":\"组_76\"},{\"z\":2,\"color\":{},\"name\":\"图层_824_拷贝\",\"parent\":\"图层_824_拷贝\"},{\"z\":3,\"color\":{},\"name\":\"4e0e5262961cebb77f85fb47d4f817b\",\"parent\":\"4e0e5262961cebb77f85fb47d4f817b\"},{\"z\":4,\"color\":{},\"name\":\"图层_541\",\"parent\":\"图层_541\"},{\"z\":5,\"color\":{},\"name\":\"FREE_拷贝_2\",\"parent\":\"FREE_拷贝_2\"},{\"z\":6,\"color\":{},\"name\":\"bigwin_12\",\"parent\":\"root\"}],\"animation\":[{\"duration\":81,\"frame\":[],\"bone\":[{\"frame\":[{\"duration\":81,\"transform\":{}}],\"name\":\"root\"},{\"frame\":[{\"duration\":11,\"transform\":{\"y\":-150.1518},\"tweenEasing\":0},{\"duration\":3,\"transform\":{\"y\":13.9874},\"tweenEasing\":0},{\"duration\":67,\"transform\":{\"y\":-1.5299}}],\"name\":\"图层_824_拷贝\"},{\"frame\":[{\"duration\":8,\"transform\":{\"scX\":0.35,\"scY\":0.35},\"tweenEasing\":0},{\"duration\":14,\"transform\":{},\"tweenEasing\":0},{\"duration\":59,\"transform\":{}}],\"name\":\"4e0e5262961cebb77f85fb47d4f817b\"},{\"frame\":[{\"duration\":14,\"transform\":{\"scX\":2.6344,\"scY\":2.6344},\"tweenEasing\":0},{\"duration\":4,\"transform\":{\"scX\":0.9,\"scY\":0.9},\"tweenEasing\":0},{\"duration\":4,\"transform\":{},\"tweenEasing\":0},{\"duration\":59,\"transform\":{}}],\"name\":\"FREE_拷贝_2\"},{\"frame\":[{\"duration\":8,\"transform\":{\"scX\":1.4488,\"y\":-52.6253,\"scY\":1.4488},\"tweenEasing\":0},{\"duration\":14,\"transform\":{\"y\":-4.3854},\"tweenEasing\":0},{\"duration\":59,\"transform\":{\"y\":-4.3854}}],\"name\":\"图层_541\"},{\"frame\":[{\"duration\":10,\"transform\":{},\"tweenEasing\":0},{\"duration\":12,\"transform\":{\"skX\":40.0677,\"skY\":40.0677},\"tweenEasing\":0},{\"duration\":8,\"transform\":{\"skX\":86.9628,\"skY\":86.9628},\"tweenEasing\":0},{\"duration\":10,\"transform\":{\"skX\":131.6807,\"skY\":131.6807},\"tweenEasing\":0},{\"duration\":12,\"transform\":{\"skX\":178.9618,\"skY\":178.9618},\"tweenEasing\":0},{\"duration\":9,\"transform\":{\"skX\":221.1674,\"skY\":221.1674},\"tweenEasing\":0},{\"duration\":10,\"transform\":{\"skX\":270.3039,\"skY\":270.3039},\"tweenEasing\":0},{\"duration\":10,\"transform\":{\"skX\":-49.3276,\"skY\":-49.3276},\"tweenEasing\":0},{\"duration\":0,\"transform\":{\"skX\":-0.3598,\"skY\":-0.3598}}],\"name\":\"free_img9\"},{\"frame\":[{\"duration\":8,\"transform\":{\"y\":-300.5405},\"tweenEasing\":0},{\"duration\":6,\"transform\":{\"y\":19.5966},\"tweenEasing\":0},{\"duration\":8,\"transform\":{\"y\":4.2475},\"tweenEasing\":0},{\"duration\":59,\"transform\":{\"y\":4.2475}}],\"name\":\"组_76\"}],\"slot\":[{\"frame\":[{\"tweenEasing\":0,\"duration\":8,\"color\":{\"aM\":0}},{\"tweenEasing\":null,\"duration\":73}],\"name\":\"组_76\"},{\"frame\":[{\"tweenEasing\":0,\"duration\":8,\"color\":{\"aM\":13}},{\"tweenEasing\":null,\"duration\":73}],\"name\":\"4e0e5262961cebb77f85fb47d4f817b\"},{\"frame\":[{\"tweenEasing\":0,\"duration\":11,\"color\":{\"aM\":0}},{\"tweenEasing\":null,\"duration\":70}],\"name\":\"图层_824_拷贝\"},{\"frame\":[{\"tweenEasing\":0,\"duration\":8,\"color\":{\"aM\":0}},{\"tweenEasing\":null,\"duration\":73}],\"name\":\"图层_541\"},{\"frame\":[{\"tweenEasing\":0,\"duration\":10,\"color\":{\"aM\":0}},{\"tweenEasing\":0,\"duration\":4,\"color\":{\"aM\":0}},{\"tweenEasing\":null,\"duration\":67}],\"name\":\"FREE_拷贝_2\"}],\"ffd\":[],\"ik\":[],\"playTimes\":0,\"name\":\"newAnimation\"}],\"frameRate\":24,\"name\":\"Armature\",\"skin\":[{\"name\":\"\",\"slot\":[{\"display\":[{\"path\":\"free spin 拷贝/bigwin_12\",\"type\":\"image\",\"name\":\"free spin 拷贝/bigwin_12\",\"transform\":{\"y\":25.5,\"x\":-19.5}}],\"name\":\"bigwin_12\"},{\"display\":[{\"path\":\"free spin 拷贝/FREE_拷贝_2\",\"type\":\"image\",\"name\":\"free spin 拷贝/FREE_拷贝_2\",\"transform\":{\"y\":7,\"skX\":-90,\"skY\":-90,\"x\":23.5}}],\"name\":\"FREE_拷贝_2\"},{\"display\":[{\"path\":\"图层2\",\"type\":\"image\",\"name\":\"free spin 拷贝/图层_824_拷贝\",\"transform\":{\"scX\":1.4283,\"y\":26.3157,\"scY\":1.4283,\"skX\":-89.1931,\"skY\":-89.1931,\"x\":34.0651}}],\"name\":\"图层_824_拷贝\"},{\"display\":[{\"path\":\"23d0aad63c20add9d9cce98f3a8056f06d544a472eaf-FcHArD\",\"type\":\"image\",\"name\":\"free spin 拷贝/4e0e5262961cebb77f85fb47d4f817b\",\"transform\":{\"scX\":1.105,\"y\":-3.211,\"scY\":1.105,\"skX\":-88.9488,\"skY\":-88.9488,\"x\":-23.3759}}],\"name\":\"4e0e5262961cebb77f85fb47d4f817b\"},{\"display\":[{\"path\":\"free spin 拷贝/图层_541\",\"type\":\"image\",\"name\":\"free spin 拷贝/图层_541\",\"transform\":{\"y\":-15.494,\"skX\":-89.6688,\"skY\":-89.6688,\"x\":87.591}}],\"name\":\"图层_541\"},{\"display\":[{\"path\":\"free spin 拷贝/free_img9\",\"type\":\"image\",\"name\":\"free spin 拷贝/free_img9\",\"transform\":{\"y\":-3.0712,\"skX\":90.6296,\"skY\":90.6296,\"x\":-6.4666}}],\"name\":\"free_img9\"},{\"display\":[{\"path\":\"0f50e17d632215902c6610c8a49fbce6f75c0024f8d7a-LeMgYW\",\"type\":\"image\",\"name\":\"free spin 拷贝/组_76\",\"transform\":{\"scX\":0.6062,\"y\":168.0356,\"scY\":0.6062,\"skX\":-85.9144,\"skY\":-85.9144,\"x\":12.0586}}],\"name\":\"组_76\"}]}]}],\"name\":\"freespin\",\"version\":\"5.0\"}"]],0,0,[],[],[]]]]