[1,["ecpdLyjvZBwrvm+cedCcQy","147768f2c","8d84aoi4JD04rJoytuNqxP","1de662e9f","5fu5dtLCJO/rJTEAzLzInq","49U0Iz2ARIN5S9uN8E4j9q","bbH2sa7RNIU7i+z7qIuh4q","7aMqXuUJNNQLjXV7IIQelP","69/bkodb5PNI14UIns1DV9","99eVjje7RJB5LP+N+6YJEZ","fdLn+GHyJHcrFeyxlG2zg7","10VzBr4c5JApmV/kejDaou","269qAPeoZDuqBSvNzVWtua","7a8Do5qO9MUIKalzHn6zQI","72AFk0MjhM4JAP5Ru6cE7w","45aJv0ORZO8JcRZlHZcne+"],["node","_spriteFrame","_textureSetter","_parent","root","txLevel","rewardContent","data","rewardItem","_N$file"],["cc.SpriteFrame",["cc.Node",["_name","_prefab","_components","_contentSize","_trs","_children","_parent","_anchorPoint"],2,4,9,5,7,2,1,5],["cc.Sprite",["_sizeMode","_type","node","_materials","_spriteFrame"],1,1,3,6],["cc.Node",["_name","_parent","_components","_prefab","_contentSize","_anchorPoint","_trs","_color"],2,1,2,4,5,5,7,5],["cc.PrefabInfo",["fileId","root","asset"],2,1,1],["cc.Label",["_fontSize","_N$verticalAlign","_string","_isSystemFontUsed","_spacingX","_N$horizontalAlign","_lineHeight","_N$overflow","node","_materials"],-5,1,3],["cc.Prefab",["_name"],2],["0530e2vwyZBlbcD04TlkvWI",["node","wordText","rewardContent","txLevel","rewardItem"],3,1,2,1,1,6],["cc.Layout",["_resize","_N$layoutType","_N$paddingLeft","_N$spacingX","_N$spacingY","node","_layoutSize"],-2,1,5]],[[4,0,1,2,2],[1,0,6,2,1,3,4,2],[2,2,3,4,1],[3,0,1,2,3,7,4,5,6,2],[5,0,6,1,7,8,9,5],[2,0,2,3,4,2],[1,0,5,1,2],[6,0,2],[1,0,5,2,1,3,4,2],[1,0,6,5,2,1,3,4,2],[1,0,6,2,1,3,7,4,2],[3,0,1,2,3,4,5,6,2],[7,0,1,2,3,4,1],[4,1,2,1],[2,1,0,2,3,3],[8,0,1,2,3,4,5,6,6],[5,2,0,3,4,5,1,8,9,7]],[[[{"name":"icon6","rect":[934,237,41,41],"offset":[0,0],"originalSize":[41,41],"capInsets":[0,0,0,0]}],[0],0,[0],[2],[1]],[[[7,"ViperPageItem"],[8,"ViperPageItem",[-11,-12,-13,-14,-15,-16,-17],[[12,-10,[-4,-5,-6,-7,-8,-9],-3,-2,38]],[13,-1,0],[5,1120,450],[0,6,0,0,0,0,1,1,1,1]],[6,"iconNode",[-18,-19,-20,-21,-22,-23],[0,"bbrSBxKAtH4qzaJ0ZkwKXy",1,0]],[6,"richNode",[-24,-25,-26,-27,-28,-29],[0,"fcTa6o4vxCWabTD2AO0o+m",1,0]],[6,"lineNode",[-30,-31,-32,-33,-34],[0,"19bC7ISCpOYKkCU0nDaWvK",1,0]],[9,"wordTips",1,[4,2,3],[[14,1,0,-35,[37]]],[0,"30px+V4aFOopd+eSvGoMxd",1,0],[5,500,250],[-207.562,78.407,0,0,0,0,1,1,1,1]],[10,"content",1,[[15,1,3,38,30,10,-36,[5,400,310]]],[0,"dbgKkl0gVBnYZJGqBgvJnQ",1,0],[5,400,310],[0,0.5,1],[335.847,127.505,0,0,0,0,1,1,1,1]],[1,"bg_vip1",1,[[2,-37,[0],1]],[0,"4cPJ2gu+hHv7jZITPYyslJ",1,0],[5,674,428],[-222.052,0,0,0,0,0,1,1,1,1]],[1,"bg_vip2",1,[[2,-38,[2],3]],[0,"deQK8aRWdLn4NvD5kxyh0y",1,0],[5,444,428],[340.398,0,0,0,0,0,1,1,1,1]],[1,"img_title_1",1,[[2,-39,[4],5]],[0,"63lafq5vhJtI7gaN4+POeI",1,0],[5,389,34],[350.158,168.369,0,0,0,0,1,1,1,1]],[1,"img_title_2",1,[[2,-40,[6],7]],[0,"10yT69lFtJtrO+JPJ7aNbu",1,0],[5,252,38],[-303.796,179.349,0,0,0,0,1,1,1,1]],[11,"textLevel",1,[-41],[0,"d8G6/lwzFETJK8NeoPapa0",1,0],[5,13,40],[0,0,0.5],[-375.819,239.784,0,0,0,0,1,1,1,1]],[16,"1",32,false,-40,1,1,11,[8]],[1,"line_1",4,[[5,0,-42,[9],10]],[0,"4e80YswvtFMpzwTuoKHpy0",1,0],[5,620,4],[-19,-153,0,0,0,0,1,1,1,1]],[1,"line_1",4,[[5,0,-43,[11],12]],[0,"c3r901LuxABadR1GUWVcqJ",1,0],[5,620,4],[-19,-94,0,0,0,0,1,1,1,1]],[1,"line_1",4,[[5,0,-44,[13],14]],[0,"d7+Rt2hI9BrLMUvWFHDI2m",1,0],[5,620,4],[-19,-35,0,0,0,0,1,1,1,1]],[1,"line_1",4,[[5,0,-45,[15],16]],[0,"37LJ3w8WxKgbveZ9WFyXBY",1,0],[5,620,4],[-19,25,0,0,0,0,1,1,1,1]],[1,"line_1",4,[[5,0,-46,[17],18]],[0,"f1V3GQtstLpYrrA7cowV2H",1,0],[5,620,4],[-19,-213,0,0,0,0,1,1,1,1]],[1,"icon4",2,[[2,-47,[19],20]],[0,"6cL1tdQp1Pa6faYmQsCp5K",1,0],[5,41,41],[-298,-124,0,0,0,0,1,1,1,1]],[1,"icon5",2,[[2,-48,[21],22]],[0,"7anRDLP+1DlKV3Mk8bRtag",1,0],[5,41,41],[-298,-183,0,0,0,0,1,1,1,1]],[1,"icon2",2,[[2,-49,[23],24]],[0,"d08AyST+pNQp1/HUyfLIKZ",1,0],[5,41,41],[-298,-5,0,0,0,0,1,1,1,1]],[1,"icon6",2,[[2,-50,[25],26]],[0,"c6/ALzOc9AbaJ1NyfkWFw2",1,0],[5,41,41],[-298,-242,0,0,0,0,1,1,1,1]],[1,"icon1",2,[[2,-51,[27],28]],[0,"b7t5SFt6xMLaRgcr63CM3Z",1,0],[5,41,41],[-298,54,0,0,0,0,1,1,1,1]],[1,"icon3",2,[[2,-52,[29],30]],[0,"17D8zHMipHDJskQTddTYiy",1,0],[5,41,41],[-298,-64,0,0,0,0,1,1,1,1]],[3,"rich_1",3,[-53],[0,"d2wQMhdDhNKpJSUBafJ8b3",1,0],[4,4292931583],[5,543.02,27.72],[0,0,0.5],[-265.369,54.654,0,0,0,0,1,1,1,1]],[4,20,22,1,3,24,[31]],[3,"rich_2",3,[-54],[0,"40vjYMlSlO2YPQK34hHhlY",1,0],[4,4292931583],[5,543.02,27.72],[0,0,0.5],[-265.369,-5.97,0,0,0,0,1,1,1,1]],[4,20,22,1,3,26,[32]],[3,"rich_3",3,[-55],[0,"c7oQ8YBh1FXoIcIRrztDP6",1,0],[4,4292931583],[5,543.02,27.72],[0,0,0.5],[-265.369,-62.6,0,0,0,0,1,1,1,1]],[4,20,22,1,3,28,[33]],[3,"rich_4",3,[-56],[0,"05MkwbIANAWY9dXHmQZxMQ",1,0],[4,4292931583],[5,535.97,27.72],[0,0,0.5],[-265.369,-122.728,0,0,0,0,1,1,1,1]],[4,20,22,1,3,30,[34]],[3,"rich_5",3,[-57],[0,"37e4xKMn9CfrpHzkhBktqG",1,0],[4,4292931583],[5,535.97,27.72],[0,0,0.5],[-265.369,-180.977,0,0,0,0,1,1,1,1]],[4,20,22,1,3,32,[35]],[3,"rich_6",3,[-58],[0,"17tTcXt8RESZfsvNS0Kgm2",1,0],[4,4292931583],[5,535.97,27.72],[0,0,0.5],[-265.369,-240.233,0,0,0,0,1,1,1,1]],[4,20,22,1,3,34,[36]]],0,[0,4,1,0,5,12,0,6,6,0,-1,25,0,-2,27,0,-3,29,0,-4,31,0,-5,33,0,-6,35,0,0,1,0,-1,7,0,-2,8,0,-3,9,0,-4,10,0,-5,6,0,-6,11,0,-7,5,0,-1,18,0,-2,19,0,-3,20,0,-4,21,0,-5,22,0,-6,23,0,-1,24,0,-2,26,0,-3,28,0,-4,30,0,-5,32,0,-6,34,0,-1,13,0,-2,14,0,-3,15,0,-4,16,0,-5,17,0,0,5,0,0,6,0,0,7,0,0,8,0,0,9,0,0,10,0,-1,12,0,0,13,0,0,14,0,0,15,0,0,16,0,0,17,0,0,18,0,0,19,0,0,20,0,0,21,0,0,22,0,0,23,0,-1,25,0,-1,27,0,-1,29,0,-1,31,0,-1,33,0,-1,35,0,7,1,2,3,5,3,3,5,4,3,5,58],[0,0,0,0,0,0,0,0,0,0,0,0,0,0,0,0,0,0,0,0,0,0,0,0,0,0,0,0,0,0,0,0,0,0,0,0,0,0,0,12],[-1,1,-1,1,-1,1,-1,1,-1,-1,1,-1,1,-1,1,-1,1,-1,1,-1,1,-1,1,-1,1,-1,1,-1,1,-1,1,-1,-1,-1,-1,-1,-1,-1,8,9],[0,4,0,5,0,6,0,7,0,0,2,0,2,0,2,0,2,0,2,0,8,0,9,0,10,0,11,0,12,0,13,0,0,0,0,0,0,0,14,15]],[[{"name":"icon1","rect":[934,284,41,41],"offset":[0,0],"originalSize":[41,41],"capInsets":[0,0,0,0]}],[0],0,[0],[2],[1]],[[{"name":"bg_vip2","rect":[3,437,444,428],"offset":[0,0],"originalSize":[444,428],"rotated":1,"capInsets":[0,0,0,0]}],[0],0,[0],[2],[1]],[[{"name":"bg_vip1","rect":[3,3,674,428],"offset":[0,0],"originalSize":[674,428],"capInsets":[0,0,0,0]}],[0],0,[0],[2],[1]],[[{"name":"icon4","rect":[260,797,41,41],"offset":[0,0],"originalSize":[41,41],"capInsets":[0,0,0,0]}],[0],0,[0],[2],[3]],[[{"name":"img_title_2","rect":[683,316,245,34],"offset":[-0.5,0],"originalSize":[252,38],"capInsets":[0,0,0,0]}],[0],0,[0],[2],[1]],[[{"name":"icon3","rect":[260,844,41,41],"offset":[0,0],"originalSize":[41,41],"capInsets":[0,0,0,0]}],[0],0,[0],[2],[3]],[[{"name":"img_line","rect":[934,331,8,4],"offset":[0,0],"originalSize":[8,4],"rotated":1,"capInsets":[1,0,1,3]}],[0],0,[0],[2],[1]],[[{"name":"icon5","rect":[200,499,41,41],"offset":[0,0],"originalSize":[41,41],"capInsets":[0,0,0,0]}],[0],0,[0],[2],[3]],[[{"name":"img_title_1","rect":[985,3,347,33],"offset":[6,0.5],"originalSize":[389,34],"rotated":1,"capInsets":[0,0,0,0]}],[0],0,[0],[2],[1]],[[{"name":"icon2","rect":[200,546,41,41],"offset":[0,0],"originalSize":[41,41],"capInsets":[0,0,0,0]}],[0],0,[0],[2],[3]]]]