[1,["ecpdLyjvZBwrvm+cedCcQy","1510e1667","54dZMFWc5MkJAiZayWN41A","200aqtd79EzYcmarypQz6Y","a3sEvgbJpFvJs4L1TjaBVc","68hO9j6kRCe6QIIC65ZqyZ","75zqU+YYtIQarGdGkoh7fd","30f9XCwX9O26RpT4iPNbEW","98AV/NtzNNFoeYK76vzLcL","2b9GZKs/ZF47M+cG7fpnDr","7b0LlcfH9AhJQBFF1OfJ9p","e5ZFzLT89IOprPZTkV/NiM","98gReAaSNKIowhXtXsmDJz","19oMG//xJAbZof7A9rNlKZ","a2MjXRFdtLlYQ5ouAFv/+R","7a/QZLET9IDreTiBfRn2PD","72/f/TMQBAM56DeSMupEE+","c6ilyVNPhJ1728bb4ckcoD","e592FcyQtNFYDtlEZ2TQ3/","4bUch/a8dPta1PHDPWf7kK"],["node","_spriteFrame","_textureSetter","_parent","root","privacyPolicyRichText","rePasswordloginLabel","registerPasswordLabel","registerLabel","passwordLabel","loginLabel","loadingNode","loginView","toggle","nodeLogin","txVersion2","txVersion","data","checkMark","_N$target","_N$skeletonData","_defaultClip"],[["cc.Node",["_name","_active","_opacity","_prefab","_components","_contentSize","_parent","_trs","_children","_color","_anchorPoint"],0,4,9,5,1,7,2,5,5],"cc.SpriteFrame",["cc.Sprite",["_sizeMode","_type","_isTrimmedMode","_fillRange","node","_materials","_spriteFrame"],-1,1,3,6],["cc.Label",["_fontSize","_N$verticalAlign","_N$horizontalAlign","_string","_lineHeight","_N$cacheMode","node","_materials"],-3,1,3],["cc.Widget",["_alignFlags","_originalHeight","_originalWidth","_left","_right","_top","_bottom","alignMode","_enabled","node","_target"],-6,1,1],["cc.Node",["_name","_active","_components","_prefab","_contentSize","_trs","_parent","_children","_color","_anchorPoint"],1,12,4,5,7,1,2,5,5],["cc.Node",["_name","_parent","_components","_prefab","_contentSize","_trs","_children","_anchorPoint"],2,1,2,4,5,7,2,5],["cc.PrefabInfo",["fileId","root","asset"],2,1,1],["cc.Layout",["_enabled","_N$paddingTop","_N$paddingBottom","_N$spacingY","_N$layoutType","_N$spacingX","node","_layoutSize"],-3,1,5],["cc.ClickEvent",["_componentId","handler","customEventData","target"],0,1],["cc.Prefab",["_name"],2],["4e045V1GuhFSaG/ExKZYD3Q",["node","txVersion","txVersion2","nodeLogin","toggle","loginView","loadingNode","loginLabel","passwordLabel","registerLabel","registerPasswordLabel","rePasswordloginLabel","privacyPolicyRichText","titleSpriteFrame"],3,1,1,1,1,1,1,1,1,1,1,1,1,1,3],["4c7c1nM8b9KxYmLXgi0Spt3",["node"],3,1],["cc.Animation",["playOnLoad","node","_clips","_defaultClip"],2,1,12,6],["cc.Button",["node","clickEvents"],3,1,9],["cc.LabelOutline",["_enabled","_width","node"],1,1],["cc.RichText",["_N$string","_N$horizontalAlign","_N$fontSize","_N$maxWidth","_N$lineHeight","node"],-2,1],["0ada78VkIdPSYTUtiF6Wovq",["node"],3,1],["cc.Toggle",["_N$transition","node","_N$normalColor"],2,1,5],["81103OkBWhJmaq6qD6nIU1n",["node","toggle","loginBtnNode","registerBtnNode"],3,1,1,1,1],["6dbaacb0j9CkpNlQEFpLMCG",["_string","_fontSize","_enableWrapText","_N$textKey","node","_materials"],-1,1,3],["sp.Skeleton",["defaultSkin","defaultAnimation","_preCacheMode","_animationName","node","_materials","_N$skeletonData"],-1,1,3,6],["9d7c2UfJT5AZpWA7rbBxyAW",["node"],3,1]],[[7,0,1,2,2],[0,0,6,4,3,5,7,2],[14,0,1,1],[9,0,1,2,3,4],[2,4,5,6,1],[2,0,4,5,6,2],[3,3,0,2,1,6,7,5],[0,0,6,8,4,3,5,7,2],[0,0,1,6,4,3,5,7,3],[5,0,6,2,3,4,9,5,2],[6,0,1,2,3,4,7,5,2],[4,0,2,1,9,4],[2,0,2,4,5,6,3],[2,1,0,4,5,6,3],[2,4,5,1],[0,0,6,4,3,5,2],[4,8,0,3,4,5,6,1,9,10,8],[4,0,3,4,5,6,2,1,9,8],[15,0,1,2,3],[16,0,1,2,3,4,5,6],[17,0,1],[3,3,0,4,2,1,5,6,7,7],[3,0,4,1,6,7,4],[3,0,2,1,6,7,4],[10,0,2],[0,0,8,4,3,5,7,2],[0,0,1,8,3,7,3],[0,0,6,8,4,3,5,2],[0,0,1,6,8,4,3,9,5,3],[0,0,1,6,8,3,5,7,3],[0,0,6,4,3,9,5,7,2],[0,0,2,6,4,3,9,5,3],[0,0,6,4,3,5,10,7,2],[0,0,1,6,4,3,5,10,7,3],[0,0,6,4,3,2],[5,0,7,2,3,4,5,2],[5,0,1,6,2,3,8,4,5,3],[6,0,1,6,2,3,4,5,2],[6,0,1,2,3,4,5,2],[4,7,0,2,1,9,5],[11,0,1,2,3,4,5,6,7,8,9,10,11,12,13,1],[12,0,1],[7,1,2,1],[8,0,1,2,3,6,7,5],[8,4,5,6,7,3],[13,0,1,2,3,2],[2,1,0,3,4,5,6,4],[2,0,2,4,5,3],[9,0,1,3,3],[18,0,1,2,2],[3,0,1,6,7,3],[19,0,1,2,3,1],[20,0,1,2,3,4,5,5],[21,0,1,2,3,4,5,6,5],[22,0,1]],[[[{"name":"08","rect":[89,3,256,70],"offset":[0,0],"originalSize":[256,70],"rotated":1,"capInsets":[0,0,0,0]}],[1],0,[0],[2],[1]],[[{"name":"01","rect":[3,980,149,36],"offset":[0,0],"originalSize":[149,36],"capInsets":[0,0,0,0]}],[1],0,[0],[2],[1]],[[{"name":"001","rect":[3,291,240,70],"offset":[0,0],"originalSize":[240,70],"rotated":1,"capInsets":[0,0,0,0]}],[1],0,[0],[2],[1]],[[{"name":"03","rect":[45,537,226,26],"offset":[0,5.5],"originalSize":[226,37],"rotated":1,"capInsets":[0,0,0,0]}],[1],0,[0],[2],[1]],[[{"name":"06","rect":[45,769,34,27],"offset":[2.5,0.5],"originalSize":[39,34],"rotated":1,"capInsets":[0,0,0,0]}],[1],0,[0],[2],[1]],[[{"name":"002","rect":[79,527,240,70],"offset":[0,0],"originalSize":[240,70],"rotated":1,"capInsets":[0,0,0,0]}],[1],0,[0],[2],[1]],[[{"name":"04","rect":[78,773,201,37],"offset":[-0.5,0],"originalSize":[226,37],"rotated":1,"capInsets":[0,0,0,0]}],[1],0,[0],[2],[1]],[[{"name":"09","rect":[89,265,256,70],"offset":[0,0],"originalSize":[256,70],"rotated":1,"capInsets":[0,0,0,0]}],[1],0,[0],[2],[1]],[[[24,"LoginPopup"],[25,"LoginPopup",[-17,-18,-19,-20],[[11,45,1920,1080,-2],[40,-15,-14,-13,-12,-11,-10,-9,-8,-7,-6,-5,-4,-3,[55,56]],[41,-16]],[42,-1,0],[5,1520,720],[760,360,0,0,0,0,1,1,1,1]],[26,"RegisterNode",false,[-21,-22,-23,-24,-25,-26,-27,-28,-29,-30,-31,-32,-33,-34],[0,"9apav4nr5KOZBkD3uF3h+F",1,0],[5.448,-0.026,0,0,0,0,1,1,1,1]],[35,"nodeLogin",[-37,-38,-39,-40,-41,-42,-43,-44,-45],[[-35,[43,false,36,36,20,-36,[5,179,98]]],1,4],[0,"02OWaoBdVKcKnLNu5MCrDQ",1,0],[5,962,234],[26.264,-199.838,0,0,0,0,1,1,1,1]],[27,"nodeMain",1,[-47,3,2,-48,-49,-50,-51],[[39,2,45,1520,720,-46]],[0,"68Lks0roVO1K1EWnMIm8Kk",1,0],[5,1520,720]],[28,"imgBlackBg",false,4,[-54,-55,-56],[[11,45,1520,720,-52],[45,true,-53,[[null,52],0,6],51]],[0,"f5LC58e7ZK75FDeAxpnvoS",1,0],[4,4278190080],[5,1520,720]],[7,"img_bg",1,[-58,-59,-60],[[46,1,0,1,-57,[5],6]],[0,"a3Qw5tH6ZG3qgz5j3WSwjN",1,0],[5,778.7,591],[1.4,-2.4,0,0,0,0,1,1,1,1]],[36,"txVersion2",false,6,[[-61,[16,false,9,685.433,5,650.047,4.999999999999968,29.9,-62,1],[2,-63,[[3,"4e045V1GuhFSaG/ExKZYD3Q","onClickVersion","Version",1]]],[18,false,0.1,-64]],1,4,4,4],[0,"7e3OBBgwpIhphdpyai7f3z",1,0],[4,4279905915],[5,194.45,33],[0.37299999999999045,-306.247,0,0,0,0,1,1,1,1]],[9,"txVersion",3,[[-65,[16,false,9,681.904,5,137.42400000000004,4.999999999999968,29.9,-66,1],[2,-67,[[3,"4e045V1GuhFSaG/ExKZYD3Q","onClickVersion","Version",1]]],[18,false,0.1,-68]],1,4,4,4],[0,"c04rARPplPEZUhM+yrtOhT",1,0],[5,152.6,33],[0,1,0.5],[316.687,385.996,0,0,0,0,1,1,1,1]],[29,"New Node",false,4,[-69,-70,-71],[0,"8a5XQz/WpIhbolr01BLmu6",1,0],[5,636.1,50],[-121.968,-332.993,0,0,0,0,1,1,1,1]],[1,"Rrgidtration",3,[[4,-72,[12],13],[2,-73,[[3,"4e045V1GuhFSaG/ExKZYD3Q","onClickBtn","register",1]]]],[0,"edSTgUA9REdZsdIf5n/1W1",1,0],[5,201,37],[167.657,57.964,0,0,0,0,1,1,1,1]],[1,"Btn_Login",3,[[12,0,false,-74,[14],15],[2,-75,[[3,"4e045V1GuhFSaG/ExKZYD3Q","onClickBtn","passwordLogin",1]]]],[0,"31R7foOFlD94W9+nxFN65/",1,0],[5,281.5,81.8],[-198.306,143,0,0,0,0,1,1,1,1]],[7,"loginAccount",3,[-78],[[13,1,0,-76,[19],20],[2,-77,[[3,"4e045V1GuhFSaG/ExKZYD3Q","startEdit","loginAccount",1]]]],[0,"1d+Utf21ZPLLxoRkLK5XX+",1,0],[5,499,58.3],[50.4,313.1,0,0,0,0,1,1,1,1]],[7,"loginPassword",3,[-81],[[13,1,0,-79,[22],23],[2,-80,[[3,"4e045V1GuhFSaG/ExKZYD3Q","startEdit","loginPassword",1]]]],[0,"ebCWEkDU5GToVdCKGQdm9q",1,0],[5,499,58.3],[50.831,238.763,0,0,0,0,1,1,1,1]],[37,"Toggle",4,[-83,-84],[-82],[0,"01gTUO6QZCc4LeidhFEtQj",1,0],[5,60,60],[-250.684,-208.037,0,0,0,0,1,1,1,1]],[1,"privacyPolicyRichText",4,[[19,"LoginScene/nodeMain/bg/LabelLine1",1,21,461.5,32,-85],[20,-86]],[0,"cdd2ctCO1Du593Hf0Rapgs",1,0],[5,461.5,40.32],[1.7,-208.2,0,0,0,0,1,1,1,1]],[1,"Btn_Guest",3,[[12,0,false,-87,[16],17],[2,-88,[[3,"4e045V1GuhFSaG/ExKZYD3Q","onClickBtn","Guest",1]]]],[0,"3d48pTPiFGurxVweksxyde",1,0],[5,281.5,81.8],[151.348,143,0,0,0,0,1,1,1,1]],[9,"label",12,[[-89,[17,45,22.340000000000003,323.72,13.399999999999999,13.399999999999999,16.68,50.4,-90]],1,4],[0,"feyRz4d6ZIvoOy3FncUI4N",1,0],[5,152.93999999999997,31.5],[0,0,0.5],[-227.16,0,0,0,0,0,1,1,1,1]],[9,"label",13,[[-91,[17,45,22,365.77,13.399999999999999,13.399999999999999,16.68,50.4,-92]],1,4],[0,"d3ILZ+s/xBUZg8PAAKdBhi",1,0],[5,111.23000000000002,31.5],[0,0,0.5],[-227.5,0,0,0,0,0,1,1,1,1]],[49,3,14,[4,4292269782]],[1,"Background",14,[[12,2,false,-93,[24],25]],[0,"21YS/Emj9OBrXfQG0QLvXL",1,0],[5,39,34],[0,0,0,0,0,0,1,1,1,0]],[1,"Btn_Back",2,[[4,-94,[30],31],[2,-95,[[3,"4e045V1GuhFSaG/ExKZYD3Q","onClickBtn","backLogin",1]]]],[0,"d9OLQwsklL8quhYg7G1nbW",1,0],[5,256,70],[-152.57,-125.205,0,0,0,0,1,1,1,1]],[1,"Btn_registration",2,[[4,-96,[32],33],[2,-97,[[48,"4e045V1GuhFSaG/ExKZYD3Q","registerEvent",1]]]],[0,"17B2Bdb5xBOo1vVdvwdNPy",1,0],[5,256,70],[143.579,-123.966,0,0,0,0,1,1,1,1]],[1,"Kuang",2,[[5,0,-98,[34],35],[2,-99,[[3,"4e045V1GuhFSaG/ExKZYD3Q","startEdit","registerAccount",1]]]],[0,"d4Jne6BkBKII6OnEH5IqIa",1,0],[5,572.5,54.3],[-4.5,127.8,0,0,0,0,1,1,1,1]],[1,"Kuang",2,[[5,0,-100,[36],37],[2,-101,[[3,"4e045V1GuhFSaG/ExKZYD3Q","startEdit","confirmPassword",1]]]],[0,"e8RhyShH1KiYv+SqA4Rm/g",1,0],[5,572.5,54.3],[-4.82,-46.157,0,0,0,0,1,1,1,1]],[1,"Kuang",2,[[5,0,-102,[38],39],[2,-103,[[3,"4e045V1GuhFSaG/ExKZYD3Q","startEdit","firstPassword",1]]]],[0,"21g1yao5tPkKwBMtwVJ6Dl",1,0],[5,572.5,54.3],[-4.4,40.978,0,0,0,0,1,1,1,1]],[30,"privacyPolicyRichText2",4,[[19,"<color=#00F470 click=\"richClick\">LoginScene/nodeMain/bg/label2</c>",1,21,720.2,32,-104],[20,-105]],[0,"408eRX5O9CD5mfK5ud23U5",1,0],[4,4284411370],[5,720.2,40.32],[0,-243.456,0,0,0,0,1,1,1,1]],[31,"New Sprite(Splash)",120,5,[[5,0,-106,[46],47],[11,45,100,100,-107]],[0,"8eVFPZVE9KR5HRcxETyNLB",1,0],[4,4278190080],[5,1520,720]],[7,"btnClose",1,[-109],[[2,-108,[[3,"4e045V1GuhFSaG/ExKZYD3Q","onClickBtn","btnClose",1]]]],[0,"c4PTAjC1dH1bn/z3VqcGYY",1,0],[5,102.2,80.5],[339.58,246.252,0,0,0,0,1,1,1,1]],[1,"title",6,[[5,2,-110,[0],1]],[0,"c8TIsJ+ZxM4YRD7NtRsHmw",1,0],[5,149,36],[0,251.122,0,0,0,0,1,1,1,1]],[1,"01a",6,[[13,1,0,-111,[2],3]],[0,"e7Tg9HUIBKE5cZ14/XQeZW",1,0],[5,701,383],[0,14,0,0,0,0,1,1,1,1]],[21,"Version:t 6 1.0.0",26.7,33,1,1,2,7,[4]],[32,"New RichText",9,[[44,1,15,-112,[5,804.08,63]]],[0,"f2tOkLYGJOv5wI/New8MCX",1,0],[5,804.08,63],[0,0,0.5],[265.51,-61.099,0,0,0,0,1,1,1,1]],[1,"btnUserPrivacy",9,[[2,-113,[[3,"4e045V1GuhFSaG/ExKZYD3Q","onClickBtn","Privacy",1]]]],[0,"73GOaUvAFM+6M+vrhXca0K",1,0],[5,140,45],[8.626,133.321,0,0,0,0,1,1,1,1]],[1,"btnTC",9,[[2,-114,[[3,"4e045V1GuhFSaG/ExKZYD3Q","onClickBtn","TC",1]]]],[0,"15zONf6XBKEaEpGZNovk15",1,0],[5,150,45],[192.906,81.474,0,0,0,0,1,1,1,1]],[21,"Version:1.0.0",25.9,33,1,1,2,8,[7]],[1,"label1",3,[[6,"ACCOUNT:",24.5,1,1,-115,[8]]],[0,"bd7OL5pKZEA6AXIZAtzzhE",1,0],[5,125.23,50.4],[-269.647,313.622,0,0,0,0,1,1,1,1]],[1,"label2",3,[[6,"PASSWORD:",24.5,1,1,-116,[9]]],[0,"3e58TuyKxBnLCa9XBTwyrv",1,0],[5,147.92,50.4],[-280.054,239.882,0,0,0,0,1,1,1,1]],[1,"REMEMBERME",3,[[4,-117,[10],11]],[0,"6eP/z69sFEHJ9tHsCUon7z",1,0],[5,226,26],[-205.08,64.53,0,0,0,0,1,1,1,1]],[22,25,25,1,17,[18]],[22,25,25,1,18,[21]],[51,3,19,11,10],[38,"checkmark",14,[-118],[0,"b6KMnsInZLIJN1WBxV6nwn",1,0],[5,39,34],[-0.153,-0.764,0,0,0,0,1,1,1,1]],[47,2,false,42,[26]],[8,"PASSWORD",false,2,[[14,-119,[27]]],[0,"84uDFSQx9IzoWeMrXQula5",1,0],[5,179,26],[-154,116,0,0,0,0,1,1,1,1]],[8,"ACCOUNT",false,2,[[14,-120,[28]]],[0,"19VMbngb9L2aRB7rG3a9Cv",1,0],[5,146,28],[-172,248,0,0,0,0,1,1,1,1]],[8,"confurm_p",false,2,[[14,-121,[29]]],[0,"58Il158DlNZI9eYZVXQCId",1,0],[5,297,26],[-100,-16,0,0,0,0,1,1,1,1]],[1,"label1",2,[[6,"ACCOUNT:",24,1,1,-122,[40]]],[0,"fbzNZtEm5K4qMrJGyx4uDA",1,0],[5,122.67,50.4],[-222.059,172.25,0,0,0,0,1,1,1,1]],[1,"label2",2,[[6,"PASSWORD:",24,1,1,-123,[41]]],[0,"beLNsUVn9KT6yrL22oYPzk",1,0],[5,144.9,50.4],[-214.598,84.847,0,0,0,0,1,1,1,1]],[1,"label3",2,[[6,"CONFIRM PASSWORD:",24,1,1,-124,[42]]],[0,"afFtZyuyFPva8xc8Ga9veF",1,0],[5,263.55,50.4],[-152.186,-2.184,0,0,0,0,1,1,1,1]],[10,"label",2,[-125],[0,"e4kmZxO29CkYT4giKtUkRj",1,0],[5,0,50.4],[0,0,0.5],[-279,127.725,0,0,0,0,1,1,1,1]],[50,30,1,50,[43]],[10,"label",2,[-126],[0,"9cDw3rjX1INrEnIgr1BKp3",1,0],[5,0,50.4],[0,0,0.5],[-279,-47.546,0,0,0,0,1,1,1,1]],[23,30,1,1,52,[44]],[10,"label",2,[-127],[0,"7116xQ6M1A65eUqZStjFyM",1,0],[5,0,50.4],[0,0,0.5],[-279,39.303,0,0,0,0,1,1,1,1]],[23,30,1,1,54,[45]],[33,"txLoading",false,5,[[52,"Loading...",50,false,"LoadScene/LoadScene/txLoading",-128,[48]]],[0,"baWlRv18JN05Ke5wNrmzzC",1,0],[5,219.63,50.4],[0,0,0.5],[-115.638,-64.764,0,0,0,0,1,1,1,1]],[15,"anim",5,[[53,"default","animation",0,"animation",-129,[49],50]],[0,"6bcxwIRQlCWqCHFihxH5Lz",1,0],[5,242.4,962.39]],[34,"SceneAdapter",1,[[54,-130]],[0,"08e5eh6JhDOLnsjsoVcihj",1,0]],[15,"New Sprite",28,[[4,-131,[53],54]],[0,"b7avl8pmxODp4PA3Vcm9Fm",1,0],[5,41,41]]],0,[0,4,1,0,0,1,0,5,15,0,6,53,0,7,55,0,8,51,0,9,40,0,10,39,0,11,5,0,12,41,0,13,19,0,14,3,0,15,31,0,16,35,0,0,1,0,0,1,0,-1,6,0,-2,4,0,-3,58,0,-4,28,0,-1,44,0,-2,45,0,-3,46,0,-4,21,0,-5,22,0,-6,23,0,-7,24,0,-8,25,0,-9,47,0,-10,48,0,-11,49,0,-12,50,0,-13,52,0,-14,54,0,-1,41,0,0,3,0,-1,8,0,-2,36,0,-3,37,0,-4,38,0,-5,10,0,-6,11,0,-7,16,0,-8,12,0,-9,13,0,0,4,0,-1,9,0,-4,14,0,-5,15,0,-6,26,0,-7,5,0,0,5,0,0,5,0,-1,27,0,-2,56,0,-3,57,0,0,6,0,-1,29,0,-2,30,0,-3,7,0,-1,31,0,0,7,0,0,7,0,0,7,0,-1,35,0,0,8,0,0,8,0,0,8,0,-1,32,0,-2,33,0,-3,34,0,0,10,0,0,10,0,0,11,0,0,11,0,0,12,0,0,12,0,-1,17,0,0,13,0,0,13,0,-1,18,0,-1,19,0,-1,20,0,-2,42,0,0,15,0,0,15,0,0,16,0,0,16,0,-1,39,0,0,17,0,-1,40,0,0,18,0,0,20,0,0,21,0,0,21,0,0,22,0,0,22,0,0,23,0,0,23,0,0,24,0,0,24,0,0,25,0,0,25,0,0,26,0,0,26,0,0,27,0,0,27,0,0,28,0,-1,59,0,0,29,0,0,30,0,0,32,0,0,33,0,0,34,0,0,36,0,0,37,0,0,38,0,-1,43,0,0,44,0,0,45,0,0,46,0,0,47,0,0,48,0,0,49,0,-1,51,0,-1,53,0,-1,55,0,0,56,0,0,57,0,0,58,0,0,59,0,17,1,2,3,4,3,3,4,19,18,43,19,19,20,131],[0,0,0,0,0,0,0,0,0,0,0,0,0,0,0,0,0,0,0,0,0,0,0,0,0,0,0,0,0,0,0,0,0,0,0,0,0,0,0,0,0,0,0,0,0,0,0,0,0,0,0,0,0,0,0,0,0,43],[-1,1,-1,1,-1,-1,1,-1,-1,-1,-1,1,-1,1,-1,1,-1,1,-1,-1,1,-1,-1,1,-1,1,-1,-1,-1,-1,-1,1,-1,1,-1,1,-1,1,-1,1,-1,-1,-1,-1,-1,-1,-1,1,-1,-1,20,21,-2,-1,1,-1,-2,1],[0,3,0,5,0,0,6,0,0,0,0,7,0,8,0,9,0,10,0,0,2,0,0,2,0,11,0,0,0,0,0,12,0,13,0,2,0,2,0,2,0,0,0,0,0,0,0,14,0,15,16,4,4,0,17,3,18,19]],[[{"name":"05","rect":[3,905,34,34],"offset":[-2.5,0],"originalSize":[39,34],"capInsets":[13.5,14,18.5,14]}],[1],0,[0],[2],[1]],[[{"name":"07","rect":[3,537,362,36],"offset":[0,0],"originalSize":[362,36],"rotated":1,"capInsets":[0,0,0,0]}],[1],0,[0],[2],[1]]]]