[1,["ecpdLyjvZBwrvm+cedCcQy","54dZMFWc5MkJAiZayWN41A","56YtQ+ZXREJ7Uvw1zM0haX","ccIJrPrSBEfrnNVzvWYITT","73mGZabwBJ15J4OtAzhN5A","75zqU+YYtIQarGdGkoh7fd","68hO9j6kRCe6QIIC65ZqyZ","499FlT1X1F3pm3HC5b6Zik","c6ilyVNPhJ1728bb4ckcoD","a97PVYjOVHGKNn8aZr//W+","f4GBkm0xBHq43dlndEWHY3","f4/YIbfeFKaKvimWfT7Vyu","a00AbGrddIk4aHX8YNO1qh","1aYaG18xBFkJoXx2IDDlah","93uWwwA9RGB4PH5OLiA4NX","b15NxsMm9HEbZy3bi4fsZK","24L2BaSvlEuZDXJurILk84","28AdNmUBtCNpiPAF16FB7L","15vM4nldxFxZfSdB9hPM4l","0fgrg06thLf42X9/wNjoDn","7eXX8v4cJJZp0waTKl2Gwg"],["node","_spriteFrame","_textureSetter","root","facebook","whatsapp","facebookLabel","whatsappLabel","emailLabel","target","data","_parent"],["cc.SpriteFrame",["cc.Node",["_name","_active","_components","_prefab","_contentSize","_trs","_children","_parent","_anchorPoint"],1,9,4,5,7,2,1,5],["cc.Sprite",["_sizeMode","_type","node","_materials","_spriteFrame"],1,1,3,6],["cc.Node",["_name","_parent","_components","_prefab","_contentSize","_trs","_anchorPoint"],2,1,2,4,5,7,5],["cc.ClickEvent",["_componentId","handler","target"],1,1],["cc.PrefabInfo",["fileId","root","asset"],2,1,1],["cc.Label",["_string","_fontSize","_N$horizontalAlign","_N$verticalAlign","_lineHeight","node","_materials"],-2,1,3],["cc.Prefab",["_name"],2],["1224d1ZylFNZpTAMW9XFmzT",["node","emailLabel","whatsappLabel","facebookLabel","whatsapp","facebook"],3,1,1,1,1,1,1],["cc.Button",["node","clickEvents"],3,1,9],["cc.Layout",["_resize","_N$layoutType","node","_layoutSize"],1,1,5],["cc.ScrollView",["vertical","brake","bounceDuration","_N$horizontalScrollBar","_N$verticalScrollBar","node","_N$content"],-2,1,1],["cc.Mask",["_N$alphaThreshold","node","_materials"],2,1,3]],[[5,0,1,2,2],[1,0,7,2,3,4,5,2],[2,2,3,4,1],[9,0,1,1],[4,0,1,2,3],[2,0,2,3,4,2],[6,0,1,2,3,5,6,5],[1,0,7,6,2,3,4,5,2],[1,0,1,7,6,2,3,4,5,3],[1,0,1,7,2,3,4,5,3],[3,0,1,2,3,4,5,2],[2,1,0,2,3,4,3],[7,0,2],[1,0,6,2,3,4,5,2],[1,0,6,2,3,4,8,5,2],[1,0,7,6,2,3,4,2],[3,0,1,2,3,4,6,5,2],[8,0,1,2,3,4,5,1],[4,1],[5,1,2,1],[2,1,2,3,4,2],[10,0,1,2,3,3],[11,0,1,2,3,4,5,6,6],[12,0,1,2,2],[6,0,1,4,2,3,5,6,6]],[[[{"name":"05","rect":[0,0,403,58],"offset":[0,0],"originalSize":[403,58],"capInsets":[0,0,0,0]}],[0],0,[0],[2],[3]],[[{"name":"01","rect":[0,0,210,36],"offset":[0,0],"originalSize":[210,36],"capInsets":[0,0,0,0]}],[0],0,[0],[2],[4]],[[[12,"CustomerServicePopup"],[13,"CustomServicePopup",[-10,-11,-12,-13,-14,-15,-16,-17,-18,-19,-20,-21],[[17,-7,-6,-5,-4,-3,-2],[3,-9,[[4,"1224d1ZylFNZpTAMW9XFmzT","openwhatsapp",-8]]]],[19,-1,0],[5,1004,634],[0,14,0,0,0,0,1,1,1,1]],[7,"facebook",1,[-23,-24,-25],[[5,0,-22,[22],23]],[0,"81AexTDLJLb45+gU0XyaoP",1,0],[5,377.4,47],[-19.851,-91.707,0,0,0,0,1,1,1,1]],[8,"06",false,1,[-27,-28,-29],[[11,1,2,-26,[32],33]],[0,"5e1/NWvr5A7p9Jf+29L8dv",1,0],[5,659,105],[0.1,-89.5,0,0,0,0,1,1,1,1]],[14,"content",[-31],[[21,1,1,-30,[5,969.03,64]]],[0,"f1wKWn2ihOnJfAGEi/PdDg",1,0],[5,969.03,64],[0,0,0.5],[-187.43,0,0,0,0,0,1,1,1,1]],[1,"04",1,[[5,2,-32,[6],7],[3,-33,[[4,"1224d1ZylFNZpTAMW9XFmzT","dismissService",1]]]],[0,"30kjc+aaJFw7Q1lWQMLMag",1,0],[5,41,41],[339.826,185.068,0,0,0,0,1,1,1,1]],[1,"02",1,[[2,-34,[8],9],[3,-35,[[4,"1224d1ZylFNZpTAMW9XFmzT","copyEmail",1]]]],[0,"9bnbm9A35G+75/sVDMKPTN",1,0],[5,147,57],[246.543,16.62,0,0,0,0,1,1,1,1]],[1,"contact",2,[[2,-36,[16],17],[3,-37,[[4,"1224d1ZylFNZpTAMW9XFmzT","openfacebook",1],[18]]]],[0,"384gOX+vZG76OTVneMrMb4",1,0],[5,179,57],[283.884,-2.014,0,0,0,0,1,1,1,1]],[7,"New ScrollView",2,[-39],[[22,false,0.75,0.23,null,null,-38,4]],[0,"462UfWvk1BE780R8PBLOld",1,0],[5,377.4,47],[-0.3,0,0,0,0,0,1,1,1,1]],[15,"view",8,[4],[[23,0,-40,[21]]],[0,"faEqwxsu1B1opae0QXcgHX",1,0],[5,377.4,47]],[9,"contact",false,3,[[2,-41,[26],27],[3,-42,[[4,"1224d1ZylFNZpTAMW9XFmzT","openfacebook",1]]]],[0,"e7iUZ6c15PWK82b5mRrHZz",1,0],[5,179,57],[285.364,103.149,0,0,0,0,1,1,1,1]],[8,"05",false,3,[-44],[[5,0,-43,[30],31]],[0,"33jB7oonNJNIh+NuUGzsEx",1,0],[5,430,63],[-31.026,104.967,0,0,0,0,1,1,1,1]],[1,"bg",1,[[11,1,0,-45,[0],1]],[0,"15MHJgKWxLS7uhMXfsiJZa",1,0],[5,780,466.1],[3,-2.1,0,0,0,0,1,1,1,1]],[1,"01a",1,[[5,0,-46,[2],3]],[0,"b1R4Qh1vpNSIgCImBnFvLZ",1,0],[5,701.6,319.4],[0.3,-15.7,0,0,0,0,1,1,1,1]],[1,"标题",1,[[20,1,-47,[4],5]],[0,"faQb9KuIlHToup74e3U7W1",1,0],[5,210,36],[0.1,184.334,0,0,0,0,1,1,1,1]],[1,"01",1,[[2,-48,[10],11]],[0,"dfEOWRPW5LoY3njl1NBQbb",1,0],[5,109,27],[-268.36,18.68,0,0,0,0,1,1,1,1]],[1,"03",1,[[5,0,-49,[12],13]],[0,"9dm1+RuXdFe73y5gtzSycW",1,0],[5,377.4,47],[-19.4,18.3,0,0,0,0,1,1,1,1]],[9,"02",false,1,[[2,-50,[14],15]],[0,"a6O0sXrG9Ik7LCYzFjQHtR",1,0],[5,427,66],[-0.747,-89.823,0,0,0,0,1,1,1,1]],[1,"facebook",2,[[2,-51,[18],19]],[0,"0a4Xj12/JJpKyo/yv70dG+",1,0],[5,78,81],[-247.042,-1.319,0,0,0,0,1,1,1,1]],[10,"label",4,[-52],[0,"b6qZEXe+VIyqoQnDkDTyZw",1,0],[5,969.03,50.4],[484.515,0.391,0,0,0,0,1,1,1,1]],[6,"slotspot777@outlook.comadsfadsfasdfasdfasdfasdfasdfasdfasdfasdfasdfasdfasdfasd",25.7,1,1,19,[20]],[1,"label",1,[[24,"If you have any questions,please contactour \n24-hour customer service",26,32.2,1,1,-53,[24]]],[0,"70bCdaK4dMuK1d3X00e9E9",1,0],[5,514.55,72.32],[2.826,98.004,0,0,0,0,1,1,1,1]],[16,"label",1,[-54],[0,"76Wvxj2A1LfIpOGBwQqxQp",1,0],[5,271.37,50.4],[0,0,0.5],[-195.221,20.967,0,0,0,0,1,1,1,1]],[6,"www.sdfskf sou sd flsjdf",25.7,1,1,22,[25]],[10,"label",3,[-55],[0,"7em/Px/rdNW5aAqlW87Pgm",1,0],[5,387.79,50.4],[-0.431,-15.071,0,0,0,0,1,1,1,1]],[6,"https://wa.me/+85267352880",30,1,1,24,[28]],[1,"label",11,[[6,"http://m.me/61552922625105",30,1,1,-56,[29]]],[0,"ecK+I8N3BC5pytHIaM/5Hz",1,0],[5,391.96,50.4],[-0.6520000000000001,2.029,0,0,0,0,1,1,1,1]]],0,[0,3,1,0,4,2,0,5,3,0,6,20,0,7,25,0,8,23,0,0,1,0,9,1,0,0,1,0,-1,12,0,-2,13,0,-3,14,0,-4,5,0,-5,6,0,-6,15,0,-7,16,0,-8,17,0,-9,2,0,-10,21,0,-11,22,0,-12,3,0,0,2,0,-1,7,0,-2,18,0,-3,8,0,0,3,0,-1,10,0,-2,24,0,-3,11,0,0,4,0,-1,19,0,0,5,0,0,5,0,0,6,0,0,6,0,0,7,0,0,7,0,0,8,0,-1,9,0,0,9,0,0,10,0,0,10,0,0,11,0,-1,26,0,0,12,0,0,13,0,0,14,0,0,15,0,0,16,0,0,17,0,0,18,0,-1,20,0,0,21,0,-1,23,0,-1,25,0,0,26,0,10,1,4,11,9,56],[0,0,0,0,0,0,0,0,0,0,0,0,0,0,0,0,0,0,0,0,0,0,0,0,0,0,0,0,0,0,0,0,0,0],[-1,1,-1,1,-1,1,-1,1,-1,1,-1,1,-1,1,-1,1,-1,1,-1,1,-1,-1,-1,1,-1,-1,-1,1,-1,-1,-1,1,-1,1],[0,5,0,6,0,7,0,8,0,9,0,10,0,1,0,11,0,2,0,12,0,0,0,1,0,0,0,2,0,0,0,13,0,14]],[[{"name":"contact","rect":[0,0,179,57],"offset":[0,0],"originalSize":[179,57],"capInsets":[0,0,0,0]}],[0],0,[0],[2],[15]],[[{"name":"05_1","rect":[0,0,659,105],"offset":[0,0],"originalSize":[659,105],"capInsets":[0,0,0,0]}],[0],0,[0],[2],[16]],[[{"name":"facebook","rect":[0,0,78,81],"offset":[0,0],"originalSize":[78,81],"capInsets":[0,0,0,0]}],[0],0,[0],[2],[17]],[[{"name":"06","rect":[0,0,147,57],"offset":[0,0],"originalSize":[147,57],"capInsets":[0,0,0,0]}],[0],0,[0],[2],[18]],[[{"name":"02","rect":[0,0,109,27],"offset":[0,0],"originalSize":[109,27],"capInsets":[0,0,0,0]}],[0],0,[0],[2],[19]],[[{"name":"04_1","rect":[0,0,427,66],"offset":[0,0],"originalSize":[427,66],"capInsets":[0,0,0,0]}],[0],0,[0],[2],[20]]]]