[1,["ecpdLyjvZBwrvm+cedCcQy","f0BIwQ8D5Ml7nTNQbh1YlS","ae+rW/kHRBDJ+4Ov5bgm/h","40HDT/cNlPsaVNUOKcKVjI","e97GVMl6JHh5Ml5qEDdSGa","29FYIk+N1GYaeWH/q1NxQO","5f5dyqtRNNxaFmVzYns6FZ","f0V7vhLJJIk7fyb0aAnjQq","5cO7kybDxGj4ipyMYdRYZB","183cc1c51"],["node","_spriteFrame","_parent","root","richNode","rulesList","ruleContent","_N$target","data","_N$verticalScrollBar","_N$normalSprite","_N$pressedSprite","_N$hoverSprite","_N$disabledSprite","_textureSetter"],[["cc.Node",["_name","_components","_prefab","_contentSize","_children","_parent","_trs","_anchorPoint","_color"],2,9,4,5,2,1,7,5,5],["cc.Sprite",["_sizeMode","_type","node","_materials","_spriteFrame"],1,1,3,6],["cc.Node",["_name","_objFlags","_parent","_components","_prefab","_contentSize","_anchorPoint","_trs","_children"],1,1,2,4,5,5,7,2],["cc.PrefabInfo",["fileId","root"],2,1],["cc.Widget",["_alignFlags","_left","alignMode","_originalHeight","_right","_top","_originalWidth","node"],-4,1],"cc.SpriteFrame",["cc.Prefab",["_name"],2],["cc.Node",["_name","_objFlags","_active","_children","_components","_prefab","_contentSize","_anchorPoint","_trs"],0,2,12,4,5,5,7],["125cfKShQZKYY6mnPj7pPLg",["node","ruleContent","rulesList","richNode"],3,1,1,1,1],["cc.Layout",["_resize","_N$layoutType","node","_layoutSize"],1,1,5],["cc.Button",["zoomScale","_N$transition","node","clickEvents","_N$normalColor","_N$pressedColor","_N$disabledColor","_N$target","_N$normalSprite","_N$pressedSprite","_N$hoverSprite","_N$disabledSprite"],1,1,9,5,5,5,1,6,6,6,6],["cc.ClickEvent",["_componentId","handler","customEventData","target"],0,1],["cc.ScrollView",["horizontal","brake","bounceDuration","_N$horizontalScrollBar","node","_N$content"],-1,1,1],["cc.Mask",["_N$alphaThreshold","node","_materials"],2,1,3],["cc.RichText",["_N$string","_N$fontSize","_N$cacheMode","_N$maxWidth","_N$lineHeight","node"],-2,1],["cc.Scrollbar",["_N$direction","node","_scrollView","_N$handle"],2,1,1,1]],[[3,0,1,2],[0,0,5,1,2,3,6,2],[1,1,0,2,3,4,3],[6,0,2],[0,0,4,1,2,3,2],[0,0,4,1,2,3,7,2],[0,0,5,4,1,2,8,3,6,2],[0,0,5,4,1,2,3,7,6,2],[0,0,5,1,2,3,2],[7,0,1,2,3,4,5,6,7,8,4],[2,0,2,8,3,4,5,6,7,2],[2,0,1,2,3,4,5,6,7,3],[8,0,1,2,3,1],[3,1,1],[4,2,0,1,3,7,5],[4,0,1,4,5,6,7,6],[1,0,2,3,4,2],[1,1,0,2,3,3],[1,2,3,4,1],[9,0,1,2,3,3],[10,0,1,2,3,4,5,6,7,8,9,10,11,3],[11,0,1,2,3,4],[12,0,1,2,3,4,5,5],[13,0,1,2,2],[14,0,1,2,3,4,5,6],[15,0,1,2,3,2]],[[[[3,"VipMonthCardRulesPopup"],[4,"VipMonthCardRulesPopup",[-6,-7,-8,-9,-10],[[12,-5,-4,-3,-2]],[13,-1],[5,860,540]],[9,"scrollBar",512,false,[-14],[[-11,[14,0,37,350.07654921020657,237,-12],[2,1,0,-13,[10],11]],1,4,4],[0,"baW3128gdDFZt73QtnRwIY",1],[5,12,250],[0,1,0.5],[120,0,0,0,0,0,1,1,1,1]],[5,"ruleContent",[-16],[[19,1,2,-15,[5,776,37.8]]],[0,"2di9Xi92BC/Yk7zQHw1+ph",1],[5,776,37.8],[0,0.5,1]],[10,"rulesList",1,[2,-18],[-17],[0,"a73RtOGjNEtbVQCjIj7hvZ",1],[5,834,420],[0,0.5,1],[0,174.02,0,0,0,0,1,1,1,1]],[6,"btnClose",1,[-21],[[20,0.95,3,-20,[[21,"125cfKShQZKYY6mnPj7pPLg","onClickClose","Close",1]],[4,4293322470],[4,4291348680],[4,3363338360],-19,4,5,6,7]],[0,"81y71E7QFNn6IQOy4XMbTU",1],[4,4294704123],[5,85,85],[420.604,261.291,0,0,0,0,1,1,1,1]],[1,"Background",5,[[2,1,2,-22,[2],3]],[0,"76ZsIPB+JEzKkhcfBse1eZ",1],[5,81,81],[0,0,0,0,0,0,1,1,1,0]],[22,false,0.75,0.23,null,4,3],[7,"view",4,[3],[[23,0,-23,[9]]],[0,"ffKpysWp1JH5c6oHpGopeP",1],[5,834,436],[0,0.5,1],[0,17.756,0,0,0,0,1,1,1,1]],[1,"richTxt",3,[[24,"",30,2,776,30,-24]],[0,"ffPdSpnpxHhK1AVm78M1av",1],[5,776,37.8],[0,-18.9,0,0,0,0,1,1,1,1]],[8,"bg",1,[[16,0,-25,[0],1]],[0,"59i9nMy4RFQ4hA9RplUyEl",1],[5,860,550]],[1,"popup_top",1,[[15,41,-1,-1,-10,900,-26]],[0,"af9ss1JyFGMIgMxsANLACn",1],[5,862,68],[0,246,0,0,0,0,1,1,1,1]],[11,"bar",512,2,[-27],[0,"15RM6LDrRIlqA4TKUpHN5l",1],[5,10,30],[0,1,0],[-1,0,0,0,0,0,1,1,1,1]],[17,1,0,12,[8]],[25,1,2,7,13],[1,"Activityrules",1,[[18,-28,[12],13]],[0,"1c53RSzVBKsaLZijpUrM8o",1],[5,374,33],[0,226.664,0,0,0,0,1,1,1,1]]],0,[0,3,1,0,4,9,0,5,7,0,6,3,0,0,1,0,-1,10,0,-2,11,0,-3,5,0,-4,4,0,-5,15,0,-1,14,0,0,2,0,0,2,0,-1,12,0,0,3,0,-1,9,0,-1,7,0,-2,8,0,7,6,0,0,5,0,-1,6,0,0,6,0,0,8,0,0,9,0,0,10,0,0,11,0,-1,13,0,0,15,0,8,1,2,2,4,3,2,8,7,9,14,28],[0,0,0,0,0,0,0,0,0,0,0,0,0,0,13],[-1,1,-1,1,10,11,12,13,-1,-1,-1,1,-1,1,1],[0,2,0,3,1,4,1,5,0,0,0,6,0,7,8]],[[{"name":"Activityrules","rect":[616,262,272,32],"offset":[0,-0.5],"originalSize":[374,33],"rotated":1,"capInsets":[0,0,0,0]}],[5],0,[0],[14],[9]]]]