[1,["e4w03vXqhP6blgcdhmM1gb","c6saK8mW1GOK8PMVrrypsb"],["_textureSetter","spriteFrame"],["cc.SpriteFrame",["cc.BitmapFont",["_name","fontSize","_fntConfig"],0]],[[1,0,1,2,4]],[[[{"name":"timeNum","rect":[4,2,236,70],"offset":[-6,91],"originalSize":[256,256],"capInsets":[0,0,0,0]}],[0],0,[0],[0],[0]],[[[0,"timeNum",34,{"commonHeight":34,"fontSize":34,"atlasName":"timeNum.png","fontDefDictionary":{"48":{"xOffset":0,"yOffset":0,"xAdvance":28,"rect":{"x":152,"y":2,"width":28,"height":34}},"49":{"xOffset":0,"yOffset":0,"xAdvance":28,"rect":{"x":182,"y":2,"width":28,"height":34}},"50":{"xOffset":0,"yOffset":0,"xAdvance":28,"rect":{"x":212,"y":2,"width":28,"height":34}},"51":{"xOffset":0,"yOffset":0,"xAdvance":28,"rect":{"x":2,"y":38,"width":28,"height":34}},"52":{"xOffset":0,"yOffset":0,"xAdvance":28,"rect":{"x":32,"y":38,"width":28,"height":34}},"53":{"xOffset":0,"yOffset":0,"xAdvance":28,"rect":{"x":2,"y":2,"width":28,"height":34}},"54":{"xOffset":0,"yOffset":0,"xAdvance":28,"rect":{"x":32,"y":2,"width":28,"height":34}},"55":{"xOffset":0,"yOffset":0,"xAdvance":28,"rect":{"x":62,"y":2,"width":28,"height":34}},"56":{"xOffset":0,"yOffset":0,"xAdvance":28,"rect":{"x":92,"y":2,"width":28,"height":34}},"57":{"xOffset":0,"yOffset":0,"xAdvance":28,"rect":{"x":122,"y":2,"width":28,"height":34}}},"kerningDict":{}}]],0,0,[0],[1],[1]]]]