[1,["62lCHXseZJqogLYT5G6TXf"],["_texture"],[["dragonBones.DragonBonesAtlasAsset",["_name","_atlasJson"],1]],[[0,0,1,3]],[[0,"Amazon_meizhoubao_tex","{\"width\":256,\"imagePath\":\"Amazon_meizhoubao_tex.png\",\"name\":\"Amazon_meizhoubao\",\"SubTexture\":[{\"width\":151,\"y\":130,\"height\":122,\"name\":\"图层15\",\"x\":1},{\"width\":114,\"y\":387,\"height\":91,\"name\":\"图层31\",\"x\":138},{\"width\":159,\"y\":1,\"height\":127,\"name\":\"组4\",\"x\":1},{\"width\":138,\"y\":254,\"height\":131,\"name\":\"图层32\",\"x\":1},{\"width\":135,\"y\":387,\"height\":119,\"name\":\"图层29\",\"x\":1}],\"height\":512}"]],0,0,[0],[0],[0]]