{"paths":{"0":["Animation/qiu/huo2_tex",3],"1":["Animation/smailwin/money_tex",3],"2":["font/font123",3],"3":["audio/Win_nm",6],"4":["audio/Bg_nm",6],"5":["font/beishu_0",3],"6":["Texture/bg",3],"7":["audio/btn_touch",6],"8":["Animation/heiren/yundongyuan_tex",3],"9":["Animation/qiu/huo_tex",3],"10":["audio/kick",6],"11":["Animation/qiu/qiu_tex",3],"12":["Animation/liuxing/liuxin_tex",3],"13":["audio/boom",6],"14":["Texture/CrizeFootballNew/luzi2",1,1],"15":["Texture/CrizeFootballNew/feixing_xian",1,1],"16":["Animation/qiu/qiu_ske",0],"18":["Animation/qiu/huo2_tex",2],"24":["Animation/smailwin/money_tex",2],"25":["Texture/CrizeFootballNew/greenbtn",1,1],"27":["Texture/CrizeFootballNew/luzu_bg",1,1],"28":["Texture/CrizeFootballNew/jdt_ddd",1,1],"29":["Texture/CrizeFootballNew/Automaic",1,1],"30":["Animation/heiren/yundongyuan_tex",1,1],"31":["font/beishu_0",1,1],"32":["Texture/CrizeFootballNew/CrizeFootball",5],"33":["Texture/CrizeFootballNew/shuzhi_red",1,1],"34":["Texture/CrizeFootballNew/shuzhi_blue",1,1],"35":["Texture/CrizeFootballNew/daijidi",1,1],"36":["Texture/luzi1",1,1],"37":["font/beishu",7],"38":["Texture/luzi2",1,1],"39":["Texture/CrizeFootballNew/010203paiming",1,1],"40":["Texture/CrizeFootballNew/luzi1",1,1],"41":["Texture/CrizeFootballNew/back",1,1],"42":["Texture/CrizeFootballNew/xianlu",1,1],"43":["Animation/qiu/qiu_tex",2],"44":["Texture/CrizeFootballNew/heng3",1,1],"45":["font/font123",1,1],"46":["Texture/CrizeFootballNew/shuzhi_purple",1,1],"47":["Animation/heiren/yundongyuan_tex",2],"48":["Texture/CrizeFootballNew/Automaic_bg",1,1],"49":["Animation/qiu/huo2_ske",0],"50":["font/font123",7],"52":["Animation/liuxing/liuxin_ske",0],"53":["Texture/CrizeFootballNew/choumadi",1,1],"54":["Texture/CrizeFootballNew/xiazhushurudi",1,1],"56":["Texture/bg",1,1],"57":["Animation/heiren/yundongyuan_ske",0],"58":["Texture/CrizeFootballNew/luzi_bg",1,1],"59":["Texture/CrizeFootballNew/shuzhi_Purpleblue",1,1],"60":["Texture/CrizeFootballNew/jdt_ddd2",1,1],"61":["Animation/liuxing/liuxin_tex",2],"62":["Texture/CrizeFootballNew/heng2",1,1],"63":["Animation/qiu/huo_ske",0],"64":["Animation/qiu/huo_tex",1,1],"65":["Texture/CrizeFootballNew/jilu",1,1],"66":["Animation/smailwin/money_ske",0],"67":["Texture/Craze",5],"68":["Texture/CrizeFootballNew/help",1,1],"69":["Texture/CrizeFootballNew/green",1,1],"70":["Animation/smailwin/money_tex",1,1],"71":["Texture/CrizeFootballNew/shuzhi_yellow",1,1],"72":["Animation/qiu/huo_tex",2],"73":["Texture/luzi_bg",1,1],"74":["Texture/CrizeFootballNew/autoplay",1,1],"75":["Texture/CrizeFootballNew/jinbidi",1,1],"76":["Prefabs/football",4],"77":["Texture/CrizeFootballNew/ADD",1,1],"78":["Animation/qiu/huo2_tex",1,1],"79":["Animation/liuxing/liuxin_tex",1,1],"80":["Animation/qiu/qiu_tex",1,1],"81":["Texture/CrazyFootball",5]},"types":["dragonBones.DragonBonesAsset","cc.SpriteFrame","dragonBones.DragonBonesAtlasAsset","cc.Texture2D","cc.Prefab","cc.SpriteAtlas","cc.AudioClip","cc.BitmapFont"],"uuids":["1920mYvUNJ7qPrubbHX/kG","3ecU/277dFiahEzblk2YQC","50CTGt0zdODZTZgoQHtjHs","5evEup/IBEM6efM5no//ak","78FDnLAEVJnYTJy1a6XRJ3","7f+u9/z5NAbKB09sP/x0lh","8ajGUKfUdIZ6nLNdmnZWmM","8eCumWhnBK5LnIMo/AfcfU","8f7uio+tlPFYAJyEpwrgD+","9b3jBpqGVK04xBiLoINnPL","a5WbQb5xxBuIAWW+FnBSIL","d3i0LTar5Aa5I5nzT6Fr9q","e1v9epCmJKiLO9l9AezuJO","f6W6iTsgxFG6TzZHAv6FRl","08az0LkFdIHpdVFqn39hJB","0dNf8gxJRM3ZRmoqH8qMH0","16KJzg4G5LiICzC3tqxiWi","17cbbdf42","175v5j8FBM9oXQdhP1hXwd","1a159edee","1bafcbc0a","1d9bfbf29","1d5v0Gb1ZFIrYWawhLYFgh","21sto/yRVHw7i8bO83O3F2","22SQMlh99GvaZhTTH5+TxG","2cgVoJT4pOmZiRvUqHs6QA","30ifunASRErbiFgk9qYb9i","35EVswZOZOC5Aa/uuDSG2l","3aCZ2n5qtINIrK49hpG1n3","3dHcK4RIJH5I6JrwZewzgl","4ftRXpyO9NwLZ33eNCgBpI","52c1IGVyxCbZhCNtj1rGBm","5dBEaGdkpDD47/gKBoMUMM","5ejKbZINZOEKAU8KxvBdBU","5evQMhWoNNA5UOo10ihrCb","61B5ajNzJCOoOhVDlYGZ7p","646r2EJb1NkIhLoduAUoQY","684jYaQFZGOL8aWSlNaaGZ","6bV8ygxvdEQrHpaYOpCBDm","6fvtqc+iFK3J/E0VTnD7eb","71uRZ6I8JNgIbZi+B/Lj+T","721RxuaBNB2rN/B+Dj567Z","78K38+ug1ERqk+zkiAh0BL","83vv/ugGxC+ZrGZSNQuMj5","84cFPv73ZNCZHor2gnJeiJ","85HUx9DppFZZzWkt8rRlfy","86dKJzsX5A0p4Sd+DvVrZy","88Wdv1NW9MerfwExoirf0F","8afpoil9hKrZWXj5exAV29","8bX0kplfNMSo01u2fkZBsC","8cNtR4Qd9MJJ3S6vjyHjXJ","8dXfGycbZNR6u8V4DEpyot","8foMaaFitN9LRQYaCcpRAW","96JbCTstpDh4tKQy/8tZCj","97RHIlkw9Bf7GAfCJgs7bZ","98oOPrR31ER4zaErvJeVbZ","99WPpxGetDabk35wj6VOKJ","a2OhQ98pRBabqbr1JN/JEm","aanK2V5iVP4LPeMLVcIm4k","adddmfDitHiZrZ45O+4jCw","b1EwNxfR5F9pBvYwRTPc3H","b2GIDKMnlLDJaDsjAL7h7p","b38dYPQe9B0LYgocCirruy","b4nFiriblB9q7x69TSS+46","b5HfiW5NxNfb6HCoO8f9O0","b6O8/t1spAtLFMBwYOgaTg","baG8/KF8VF4bPTMzl2AQCz","bcSzF+//dMq7ObWw6NsBTY","c0nyA+G/JPIpfIdOfaY5oo","c9wXw+ZMJA1YlmM++NUS8I","cejbNREslL/K2zl81Rgv4P","d0eQokiU1HO6Op0To7VdE8","d3OH3pF0VPrZS1OQgfRjJm","d8b7+k/jdOOL1gXXPLI3PQ","dcEojwInZEe5eNDbXSwNPk","e0e+ig6ulJdJbsBizE7lX2","e1GvtRC7ZA3pdA2cjJ0oSf","e57o2D4FhEu5sc+pOmXgHJ","e8yQbthzJHtZqHtrfABCb8","e8/PXxT6lIKZUUHCdYYu5W","f1mg9M9HJHErgXHnekoANQ","f5q1aYBKRAeLP9J6FykZWv","f7oGiAsDpMqoi8JbBdpXX0","04WWsGRKJAV4i7O3BVizD9","065qQC0DVGhpaAWQ4Ycamt","08135esgBG2K4F2sf9RXDR","09RUJtaNJJraG0qoHkXqtz","0ahFE+ZjxLXasTFCeVHSY8","0dWNmA0EhGSJvS83ddkYUl","0eTt5dJRZL8o8AqzRUtFP7","0eZMtPfzpOh6Row4fdC9Oc","12y2KEBVdCJ6HZi3jS5sJd","17p2ZB06dM0YYNqfDIYDCY","18hEK0islDkbJJ9mZRJUhs","1bwvPT4G9IGqxngT8PQ1eC","1f9digCeBBPYVoY7TmUph5","21RjDZK8BOroekGXLBlT+/","24BeyRBPNBO5X7yb7Dz6K/","25Wqwn8lJEs53IASHyr0Bi","27mIFEcmRDmrYA6wdUjLF3","28oreHLB9MmJFVf9JexlTd","29FYIk+N1GYaeWH/q1NxQO","35BYiUu2BJQLQR3XoLHEj4","37LDyGltxNEIwsi1t4aKtf","39xH2yDcBPNq4BZAhclGZc","3aWlUM8AtJYpuIrlJNp/mV","40TCBLA7RDFp85RTAfjD9D","417eM26yFKhqOGg6bqUO6A","4e9BdL9hlKBKA55U+A2StA","51Ardu3ctNCaTZAg9g6/Bj","5428WKysBAQond+tfQLja7","5bgyULDCJHjo5SSBYy5cPD","5cqXC1KYNBi6a7hpL+b5Mw","65TaNl1WdBzYmQyE02vH0C","68nS1dF0RIj5KjgP6UYRC1","6fEJ/ZenFAdrljNSqELBru","72QuhCZnZA8o6kVo9VicGZ","78lSQH995MXYQyNu2gd2NZ","7cDjLCmb1EN4KXp5F9U/KY","7dr+dupxFIbIh7KhSQQKbt","7fxUiIHfZAJoaeToFwNIdb","80Bceh5HxA4p11MenXTMb9","889XGj8bZGnamH+aZKE/Ao","8bOW6kmIVF6bn4VTMUj+Tb","8dx8BBED5FOY1ZMY2Gq5od","8feud6csNIL4GZRj9SQiOr","99KBq4qr1Moa2MRg+yW47Y","a1DKwmKA5KNJ7dAWLxXkyA","a2MjXRFdtLlYQ5ouAFv/+R","a6pmpHwWpKXa/9aMDylDcu","a8lBWKftRBiL60/wIxLHkb","a8vl7A2rRAc5ywSwkDoqOc","a9cNWqur9KXJor3fP63NMi","b0qD1xy/1EVoJW5bD842zn","b3TWNCf6NNPJGcYTr5VgpI","b5+FAXWrNMKo2ml6vwIFoj","bfkHKglVJJFoTrB3f/8nd3","c0JMWWDoVJEZq7UXXHTklz","caQKP4jJ1MZp42e3R7sjRN","cb2r+I5G9E2pMwNPKptx5n","ccCrWZfSJGx7l7T3GQLa5l","d1AUaKtmFBqLZOO8Cu1AkG","d3H8p2Vn5HSIzcDvldtgPe","d99gYLG81NT7/VIm9fyLPO","dd87lr1vhMd4TqBhIZ/AgK","e97GVMl6JHh5Ml5qEDdSGa","eaXdnWWupGsZy72/ujAcZj","ecFK3I/8ZBp79bM5NydA9M","ecpdLyjvZBwrvm+cedCcQy","ec/Emvy4lGAapm55HGJGKM","f0BIwQ8D5Ml7nTNQbh1YlS","f7ZgL2HltBzriNKplUkYMx","f75VbatHZLEYSXM3qITdfr","f8G7G4GgxJCIeG6GI7RYiU","ffDdntJ4NEc6teA7E9r42+"],"scenes":{"db://assets/CrazyFootball/CrazyFootball.fire":55},"redirect":[101,0,128,1,145,0,146,1,148,2,150,0],"deps":["main","resources","internal"],"packs":{"04f118943":[45,50],"05e0882c9":[85,91,92,103,105,106,107,109,119,120,122,125,129,130,136,139,141,147,151,152],"0641e2706":[17,0,19,20,21,22,23,26,1,2,5,6,51,8,9,11,12,82],"07d90f380":[31,37],"080fde81e":[84,14,15,90,94,95,100,25,102,27,28,29,112,33,3,34,35,113,39,40,41,4,42,117,44,46,48,49,7,52,53,54,55,126,56,57,10,132,58,59,60,65,66,68,71,74,75,77,13,153,154],"0ab7298c5":[63,76],"0e4e4cea0":[83,86,87,89,97,98,99,104,108,110,115,118,121,123,124,127,131,133,134,135,137,143,149,81]},"name":"CrazyFootball","importBase":"import","nativeBase":"native","debug":false,"isZip":false,"encrypted":false,"versions":{"import":["04f118943","28bef","05e0882c9","459a6","0641e2706","54ef8","07d90f380","5e6f8","080fde81e","0c63c","0ab7298c5","a1122",88,"03390","0e4e4cea0","24609",16,"c1cfa",18,"9f9a3",93,"3f57a",96,"9bc97",24,"1db38",30,"84218",111,"7b7ca",32,"adfd9",36,"fcfd4",114,"452a4",38,"e8998",116,"c6650",43,"2c337",47,"bf031",61,"6b1f4",62,"96c86",64,"a1ab3",67,"7d765",69,"c040c",138,"cab8f",140,"68ac4",70,"3e073",142,"3495e",72,"75f76",73,"a4304",144,"03104",78,"bfe42",79,"2db5d",80,"a7a41"],"native":[17,"b1928",0,"fe4fb",19,"7ffa5",20,"b87a0",21,"85bf6",22,"cb1b7",23,"4d2cf",26,"96ca6",1,"7d3f8",2,"fdac6",3,"b0b38",4,"6159f",5,"d5cda",6,"aeb30",51,"3f7ac",7,"99676",8,"1f36f",9,"44e5c",10,"8a907",11,"00f82",12,"9b4c3",13,"ce6ed",82,"838a8"]}}