[1,0,0,[["cc.AnimationClip",["_name","_duration","sample","curveData"],0,11]],[[0,0,1,2,3,4]],[[0,"clickParticle",0.5,30,[{},"paths",11,[{},"1_1",11,[{},"props",11,[{"angle":[{"frame":0,"value":0},{"frame":0.3333333333333333,"value":45}]},"scale",12,[[[{"frame":0},"value",8,[1,1,1,1]],[{"frame":0.3333333333333333},"value",8,[1,5,5,1]]],11,11]]],"1_2",11,[{},"props",11,[{"angle":[{"frame":0,"value":45},{"frame":0.3333333333333333,"value":0}]},"scale",12,[[[{"frame":0},"value",8,[1,1,1,1]],[{"frame":0.3333333333333333},"value",8,[1,5,5,1]]],11,11]]],"2_1",11,[{},"props",11,[{},"scale",12,[[[{"frame":0},"value",8,[1,0.3,0.3,1]],[{"frame":0.3333333333333333},"value",8,[1,1,1,1]]],11,11]]],"2_2",11,[{},"props",11,[{"opacity":[{"frame":0,"value":0},{"frame":0.16666666666666666,"value":255}]},"scale",12,[[[{"frame":0.16666666666666666},"value",8,[1,0.3,0.3,1]],[{"frame":0.5},"value",8,[1,1,1,1]]],11,11]]]]]]],0,0,[],[],[]]