[1,["ecpdLyjvZBwrvm+cedCcQy","1b4b35ff2","35juUQit1Oo4UBR32CP2ec","b172D5NRdCw5CxdmrdPi0r","7euEBfVOBI1InRxebiKil3","beok2meJxJeaJlHW7mKinr","cedrQJcApFBLdkZUsEzSZH","dao0b8fShGt77SuxqphTH9","e5TGllw2lKnJoTEMq0gFYH","0e7ymPsNJNYJ9Ppj4ZztDl","8cvC10gBNEMom/ZnM7uIpB","bcuovldZlBI57ytkvZrsiq","13186001d","86g2nbsYxPO5Pn8MCzehiT","b97GLvHXZG6JjbpO+1Se4f","f0BIwQ8D5Ml7nTNQbh1YlS","7alNskBpBGpq1uudLoa/b6","50Eaqrk7RNvKgH+nqfTeKN","0eiYPku35EsoKL3duATPTl","1e99BcDGBBC7fghIvUYJbt","73PPqssfFOOY4fFaiRCI1Z","54YMzN339AgZVnZPg+KpSD","21w15WjQdKJI/Zg2NzIEhu","7b6b7OReJMprETOdfBPxD1","1eBxjmAkZPfZO/qMCl4Xr0","77JyrbVUhHMqPJ7vEdw4pX","aah1mHs29CjJD22p+9sApA","f7lzUkgeJG647xGMMOUIub","39ETG5BKtD2pVRNpOhZ5Pd","95pn1d1e5GoprHkX37VXqH","3bM/hjGuZMUrA50IHNiP6s","a2MjXRFdtLlYQ5ouAFv/+R","7a/QZLET9IDreTiBfRn2PD","65SI7fk4pNgKNIiQWM9Hev","12XeXQKQpAFobdGF9eRRCP","7c8zQDcGNJHKkvipBHHDVc","8fmqW+TJ1O+5fEfBr2ZuqO"],["node","_spriteFrame","_textureSetter","_defaultClip","_parent","_normalMaterial","root","wheelBgLightAni","winNode","cardLayout","timeNode","apertureNode","apertureAniNode","spinBtnNode","lightNode","wheelNode","data","_N$file","_N$skeletonData","wheelCell"],[["cc.Node",["_name","_active","_opacity","_prefab","_parent","_components","_contentSize","_trs","_children","_color","_anchorPoint","_eulerAngles"],0,4,1,9,5,7,2,5,5,5],"cc.SpriteFrame",["cc.Label",["_string","_N$horizontalAlign","_N$verticalAlign","_fontSize","_N$cacheMode","_lineHeight","_N$overflow","_isSystemFontUsed","node","_materials","_N$file"],-5,1,3,6],["cc.Sprite",["_type","_sizeMode","_isTrimmedMode","_enabled","node","_materials","_spriteFrame"],-1,1,3,6],["cc.Widget",["_alignFlags","_originalWidth","_originalHeight","node","_target"],0,1,1],["cc.Button",["_N$transition","node","clickEvents","_N$disabledColor","_normalMaterial"],2,1,9,5,6],["cc.Animation",["playOnLoad","node","_clips","_defaultClip"],2,1,3,6],["cc.LabelOutline",["_width","node","_color"],2,1,5],["cc.PrefabInfo",["fileId","root","asset"],2,1,1],["cc.Layout",["_N$layoutType","_N$spacingX","_resize","_N$paddingLeft","_N$spacingY","_enabled","node","_layoutSize"],-3,1,5],["cc.Prefab",["_name"],2],["cc.Node",["_name","_parent","_children","_components","_prefab","_contentSize","_trs"],2,1,2,12,4,5,7],["37474Lq74VEw4vC5SIx4rl+",["isNewWheel","node","wheelNode","lightNode","spinBtnNode","apertureAniNode","apertureNode","timeNode","cardLayout","winNode","wheelBgLightAni","wheelCellSpriteFrames","wheelCell"],2,1,1,1,1,1,1,1,1,1,1,3,6],["cc.ClickEvent",["_componentId","handler","target"],1,1],["cc.BlockInputEvents",["node"],3,1],["cc.LabelShadow",["node","_color","_offset"],3,1,5,5],["sp.Skeleton",["defaultSkin","defaultAnimation","_preCacheMode","_animationName","node","_materials","_N$skeletonData"],-1,1,3,6],["cc.AnimationClip",["_name","_duration","sample","wrapMode","curveData"],-2]],[[8,0,1,2,2],[0,0,4,5,3,6,7,2],[3,2,4,5,6,2],[3,4,5,6,1],[2,0,3,1,2,6,4,8,9,7],[0,0,4,8,5,3,6,7,2],[0,0,1,4,5,3,6,3],[0,0,8,5,3,6,7,2],[0,0,4,5,3,9,6,7,2],[13,0,1,2,3],[14,0,1],[7,0,1,2,2],[0,0,1,4,5,3,6,7,3],[0,0,4,5,3,6,2],[5,1,2,1],[5,1,3,4,1],[6,1,2,3,1],[2,0,1,2,4,8,9,5],[2,0,3,1,2,4,8,9,6],[2,0,3,5,1,2,8,9,6],[7,1,1],[15,0,1,2,1],[0,0,2,4,5,3,9,6,3],[3,4,5,1],[2,0,3,1,2,8,9,5],[10,0,2],[0,0,4,8,5,3,6,10,7,2],[0,0,1,4,8,5,3,6,7,3],[0,0,1,4,8,3,3],[0,0,4,8,5,3,6,2],[0,0,4,8,3,7,2],[0,0,4,5,3,6,7,11,2],[11,0,1,2,3,4,5,6,2],[12,0,1,2,3,4,5,6,7,8,9,10,11,12,2],[4,0,3,2],[4,0,1,2,3,4,4],[4,0,1,2,3,4],[8,1,2,1],[3,0,1,4,5,6,3],[3,3,0,1,4,5,6,4],[5,0,1,2,2],[9,2,0,3,1,4,6,7,6],[9,5,0,1,6,7,4],[6,0,1,2,3,2],[6,0,1,2,2],[2,0,3,5,7,1,2,8,9,10,7],[7,1,2,1],[16,0,1,2,3,4,5,6,5],[17,0,1,2,3,4,6]],[[[{"name":"05_1","rect":[0,0,1414,713],"offset":[0,0],"originalSize":[1414,713],"capInsets":[0,0,0,0]}],[1],0,[0],[2],[11]],[[{"name":"04_1","rect":[3,3,594,594],"offset":[0,0],"originalSize":[594,594],"capInsets":[0,0,0,0]}],[1],0,[0],[2],[1]],[[{"name":"03_1","rect":[3,3,520,520],"offset":[0,0],"originalSize":[522,522],"capInsets":[0,0,0,0]}],[1],0,[0],[2],[12]],[[{"name":"07_1","rect":[0,0,1185,79],"offset":[0,0],"originalSize":[1185,79],"capInsets":[0,0,0,0]}],[1],0,[0],[2],[13]],[[{"name":"06_1","rect":[0,0,1185,74],"offset":[0,2.5],"originalSize":[1185,79],"capInsets":[0,0,0,0]}],[1],0,[0],[2],[14]],[[{"name":"02_1","rect":[436,929,220,55],"offset":[0,0],"originalSize":[220,55],"capInsets":[0,0,0,0]}],[1],0,[0],[2],[1]],[[[25,"WheelGiftPopup2"],[7,"WheelGiftPopup2",[-13,-14,-15,-16,-17,-18,-19,-20,-21,-22,-23,-24,-25,-26],[[33,2,-11,-10,-9,-8,-7,-6,-5,-4,-3,-2,[99,100],98],[34,45,-12]],[37,-1,0],[5,1520,720],[760,360,0,0,0,0,1,1,1,1]],[7,"cardCell",[-28,-29,-30,-31,-32,-33],[[2,false,-27,[54],55]],[0,"09BH0MD8JCTL0LbFfA6y9v",1,0],[5,433,157],[0,-78.5,0,0,0,0,1,1,1,1]],[7,"cardCell",[-35,-36,-37,-38,-39,-40],[[2,false,-34,[67],68]],[0,"80xKUkezJN8qKUOaQCVTIk",1,0],[5,433,157],[0,-248.7,0,0,0,0,1,1,1,1]],[7,"cardCell",[-42,-43,-44,-45,-46,-47],[[2,false,-41,[80],81]],[0,"62uNsSYj1KtoQJMYO+A3Zz",1,0],[5,433,157],[0,-418.9,0,0,0,0,1,1,1,1]],[5,"spinBtn",1,[-50,-51,-52],[[14,-48,[[9,"37474Lq74VEw4vC5SIx4rl+","runSpin",1]]],[2,false,-49,[41],42]],[0,"34TNnFGJ1JH4x+mQJF/ykl",1,0],[5,156,213],[-237.566,34.438,0,0,0,0,1,1,1,1]],[32,"wheelBg",1,[-55,-56,-57],[[[3,-53,[16],17],-54],4,1],[0,"72dxYlOehMsol00hyn+ey4",1,0],[5,594,594],[-237.376,4.502,0,0,0,0,1,1,1,1]],[26,"cardLayout",1,[2,3,4],[[41,1,2,4.5,16.1,13.2,-58,[5,450.2,497.4]]],[0,"f8ZpkRL29KrbA8XgaE0zxH",1,0],[5,450.2,497.4],[0,0.5,1],[288.1,259,0,0,0,0,1,1,1,1]],[27,"timeNode",false,1,[-60,-61,-62],[[42,false,1,24.5,-59,[5,217.8,34]]],[0,"e8uVair4pG16U9MsXHxmAY",1,0],[5,217.8,34],[-13.9,199,0,0,0,0,1,1,1,1]],[28,"winNode",false,1,[-63,-64,-65,-66],[0,"ddU6HsrshAwpTX1aANjJ55",1,0]],[29,"bg",1,[-69,-70],[[3,-67,[6],7],[43,true,-68,[9],8]],[0,"7cJM8KOc1P8rGYyPLuHlVQ",1,0],[5,1414,713]],[5,"wheelNode",1,[-72],[[2,false,-71,[21],22]],[0,"b8lvLeYJNN7aM4ARcfr2Ci",1,0],[5,520,520],[-238.639,4.502,0,0,0,0,1,1,1,1]],[30,"apertureAni",1,[-73,-74],[0,"32vNv29WpC54b8dws/4FNw",1,0],[-237.092,5.209,0,0,0,0,1,1,1,1]],[12,"light",false,1,[[2,false,-75,[31],32],[16,-76,[34,35],33]],[0,"21Wm7vlfFDZaFScJn8iQfm",1,0],[5,241,301],[-239.767,130.408,0,0,0,0,1,1,1,1]],[5,"getBtn",2,[-79],[[15,-77,[4,4289506476],49],[2,false,-78,[50],51]],[0,"b5sjmFbJ1IApr5DWc77gyk",1,0],[5,220,55],[68.609,-32.556,0,0,0,0,1,1,1,0]],[5,"getBtn",3,[-82],[[15,-80,[4,4289506476],62],[2,false,-81,[63],64]],[0,"07igxZBhxJNLuAc7sB0AuK",1,0],[5,220,55],[68.609,-32.556,0,0,0,0,1,1,1,0]],[5,"getBtn",4,[-85],[[15,-83,[4,4289506476],75],[2,false,-84,[76],77]],[0,"65TfP3rIVEXr/P4jrjsFpl",1,0],[5,220,55],[68.609,-32.556,0,0,0,0,1,1,1,0]],[22,"New Sprite(Splash)",180,9,[[38,1,0,-86,[91],92],[35,45,100,100,-87,1],[10,-88]],[0,"1dwKhKOT9OvqSG1My9nsw4",1,0],[4,4278190080],[5,1520,720]],[22,"mask",180,1,[[39,false,1,0,-89,[0],1],[36,45,40,36,-90]],[0,"3502AHGnFNRbAXEAWCz/lH",1,0],[4,4278190080],[5,1520,720]],[6,"15",false,11,[[3,-91,[19],20]],[0,"ceBurjrt1O16BHjhrWVerG",1,0],[5,594,594]],[1,"14",12,[[3,-92,[23],24],[16,-93,[26],25]],[0,"a8/SryGSBEkYbh0KW3qVhe",1,0],[5,182,182],[0,0,0,0,0,0,1,0.7,0.7,1]],[1,"14_1",12,[[3,-94,[27],28],[16,-95,[30],29]],[0,"9dk3ROjcBFW6oXFnco2Ij2",1,0],[5,182,182],[0,0,0,0,0,0,1,0.7,0.7,1]],[8,"New Label",5,[[24,"spin",35.3,1,1,-96,[40]],[46,-97,[4,4280339706]]],[0,"2dnYfw4FpJiInsJmSeRbYS",1,0],[4,4278206624],[5,66.76,52.4],[0,-54.069,0,0,0,0,1,1,1,1]],[1,"coinLabel",2,[[4,"X200",33.7,1,1,2,1,-98,[46]],[11,2,-99,[4,4280508081]]],[0,"3a9RuKDA5CcJ9tjvQ7cCH+",1,0],[5,146.7,54.4],[-132.2,-43.6,0,0,0,0,1,1,1,1]],[8,"maxLabel",2,[[4,"MAX:60000",36,1,1,2,1,-100,[47]],[20,-101]],[0,"37ihCEWoRPK5Mtl1j8eB7O",1,0],[4,4282786779],[5,204.22,55],[76.784,18.072,0,0,0,0,1,1,1,1]],[1,"priceLabel",14,[[17,"$00",1,1,1,-102,[48]],[21,-103,[4,4278198070],[0,0,-2]]],[0,"6bGtdIKapFF5csm2TPSGTf",1,0],[5,66.74,50.4],[0,5.183,0,0,0,0,1,1,1,1]],[6,"mask",false,2,[[3,-104,[52],53],[10,-105]],[0,"90nuCW+zpEYKlP/6wuQbIf",1,0],[5,431,157]],[1,"coinLabel",3,[[4,"X200",33.7,1,1,2,1,-106,[59]],[11,2,-107,[4,4280508081]]],[0,"d4nK4y4p9HWYzZoi9SL4YV",1,0],[5,146.7,54.4],[-132.2,-43.6,0,0,0,0,1,1,1,1]],[8,"maxLabel",3,[[4,"MAX:60000",36,1,1,2,1,-108,[60]],[20,-109]],[0,"4eAMl72uNGM7HzEWBmKYNh",1,0],[4,4282786779],[5,204.22,55],[76.784,18.072,0,0,0,0,1,1,1,1]],[1,"priceLabel",15,[[17,"$00",1,1,1,-110,[61]],[21,-111,[4,4278198070],[0,0,-2]]],[0,"f26m+S+WpEt6Hcpb/2EA01",1,0],[5,66.74,50.4],[0,5.183,0,0,0,0,1,1,1,1]],[6,"mask",false,3,[[3,-112,[65],66],[10,-113]],[0,"d4Y7Z/kaFDmLKqueQJ9MPa",1,0],[5,431,157]],[1,"coinLabel",4,[[4,"X200",33.7,1,1,2,1,-114,[72]],[11,2,-115,[4,4280508081]]],[0,"f2mFjJNXxFB5OMIDHGPPVr",1,0],[5,146.7,54.4],[-132.2,-43.6,0,0,0,0,1,1,1,1]],[8,"maxLabel",4,[[4,"MAX:60000",36,1,1,2,1,-116,[73]],[20,-117]],[0,"fdLMcggDBPo5mSe+7p6plw",1,0],[4,4282786779],[5,204.22,55],[76.784,18.072,0,0,0,0,1,1,1,1]],[1,"priceLabel",16,[[17,"$00",1,1,1,-118,[74]],[21,-119,[4,4278198070],[0,0,-2]]],[0,"72V+JaM1FNgbSUrrb7nAZN",1,0],[5,66.74,50.4],[0,5.183,0,0,0,0,1,1,1,1]],[6,"mask",false,4,[[3,-120,[78],79],[10,-121]],[0,"3ei88tGxZKkqi9N4iqR66W",1,0],[5,431,157]],[1,"helpBtn",1,[[14,-122,[[9,"37474Lq74VEw4vC5SIx4rl+","openWheelGiftRule",1]]],[2,false,-123,[87],88]],[0,"1fBf5N4etPZo+oOUsAcwCo",1,0],[5,44,44],[541.617,-288.085,0,0,0,0,1,1,1,1]],[1,"closeBtn",1,[[14,-124,[[9,"37474Lq74VEw4vC5SIx4rl+","closePop",1]]],[2,false,-125,[89],90]],[0,"4d7gkjrphMl5lTIArF3PZR",1,0],[5,51,51],[554.422,268.218,0,0,0,0,1,1,1,1]],[1,"coinNum",9,[[24,"20000",68.1,1,1,-126,[95]],[11,3,-127,[4,4279062700]]],[0,"38QCihLJ5IRr8B1Dxsn6Ub",1,0],[5,195.37,56.4],[0,-164.566,0,0,0,0,1,1,1,1]],[1,"receberBtn",9,[[2,false,-128,[96],97],[40,3,-129,[[9,"37474Lq74VEw4vC5SIx4rl+","hideWinNode",1]]]],[0,"b0zmMGNl5FnJA2U8/kNtWF",1,0],[5,362,74],[0,-253.269,0,0,0,0,1,1,1,0]],[1,"06_1",10,[[3,-130,[2],3]],[0,"aeanRUXrlCOYdV4MtAFY/x",1,0],[5,1185,74],[0,323.51,0,0,0,0,1,1,1,1]],[1,"07_1",10,[[3,-131,[4],5]],[0,"d4K7rd70FKIooUCznUk2ql",1,0],[5,1185,79],[0,320.82,0,0,0,0,1,1,1,1]],[13,"06",6,[[2,false,-132,[10],11]],[0,"54nup9//hJbr7Yt7ydlYmR",1,0],[5,594,594]],[13,"05",6,[[2,false,-133,[12],13]],[0,"24CGEeYAJPzLonyffV6IrV",1,0],[5,578,580]],[31,"05_1",6,[[2,false,-134,[14],15]],[0,"d5Db3PNDNEqqy+JNpIOv4p",1,0],[5,578,580],[0,0,0,0,0,0.3826834323650898,0.9238795325112867,1,1,1],[1,0,0,45]],[44,true,6,[18]],[6,"activeNode",false,5,[[3,-135,[36],37]],[0,"c1o7jNpIhKJoJ7orLhdG4N",1,0],[5,156,213]],[1,"spinNum",5,[[45,"1",49.7,49,false,1,1,-136,[38],39]],[0,"b2JXpdoQlJ+btPo7HT0vC1",1,0],[5,38.54,49],[-2,-15.336,0,0,0,0,1,1,1,1]],[1,"percentLabel",2,[[18,"+100%",26.1,1,1,1,-137,[43]]],[0,"402j2y/XlBIqD4deebeV1v",1,0],[5,82,50.4],[136.751,57.415,0,0,0,0,1,1,1,1]],[1,"icon",2,[[3,-138,[44],45]],[0,"32/G90D3VA+rYmLPI07ciF",1,0],[5,82,68],[-132.927,14.188,0,0,0,0,1,1.3,1.3,1]],[1,"percentLabel",3,[[18,"+100%",26.1,1,1,1,-139,[56]]],[0,"22+wM4sEdL/qqlhHidukDm",1,0],[5,82,50.4],[136.751,57.415,0,0,0,0,1,1,1,1]],[1,"icon",3,[[3,-140,[57],58]],[0,"aajhLTPWFFhp1P5ESdVMVs",1,0],[5,82,68],[-132.927,14.188,0,0,0,0,1,1.3,1.3,1]],[1,"percentLabel",4,[[18,"+100%",26.1,1,1,1,-141,[69]]],[0,"e1l1pnl7lE7pe6Rrsz7VJh",1,0],[5,82,50.4],[136.751,57.415,0,0,0,0,1,1,1,1]],[1,"icon",4,[[3,-142,[70],71]],[0,"c3iT8YbRJBIaUBs3W7JQP/",1,0],[5,82,68],[-132.927,14.188,0,0,0,0,1,1.3,1.3,1]],[1,"TimeLabel",8,[[19,"00",34,34,1,1,-143,[82]]],[0,"c4dVnrg11LIpjG8WEQ9iqh",1,0],[5,56,34],[-80.9,0,0,0,0,0,1,1,1,1]],[1,"TimeLabel",8,[[19,"00",34,34,1,1,-144,[83]]],[0,"01RdRP5uNICJdEyYM7T+zC",1,0],[5,56,34],[-0.4000000000000057,0,0,0,0,0,1,1,1,1]],[1,"TimeLabel",8,[[19,"00",34,34,1,1,-145,[84]]],[0,"29hOT251xBYLbAy9JeyfUm",1,0],[5,56,34],[80.1,0,0,0,0,0,1,1,1,1]],[12,"9",false,1,[[23,-146,[85]]],[0,"e0JVmv64xOi5aFb4z46AH3",1,0],[5,19,7],[-54.027,196.665,0,0,0,0,1,1,1,1]],[12,"9",false,1,[[23,-147,[86]]],[0,"88T7TFkXBBe7S8+HmM59uo",1,0],[5,19,7],[26.687,196.665,0,0,0,0,1,1,1,1]],[13,"GRNDEVENCEDOR",9,[[47,"default","animation2",0,"animation2",-148,[93],94]],[0,"47uQBbwDBAiJXQEQRlUPk1",1,0],[5,858,674]]],0,[0,6,1,0,7,44,0,8,9,0,9,7,0,10,8,0,11,19,0,12,12,0,13,5,0,14,13,0,15,11,0,0,1,0,0,1,0,-1,18,0,-2,10,0,-3,6,0,-4,11,0,-5,12,0,-6,13,0,-7,5,0,-8,7,0,-9,8,0,-10,56,0,-11,57,0,-12,35,0,-13,36,0,-14,9,0,0,2,0,-1,47,0,-2,48,0,-3,23,0,-4,24,0,-5,14,0,-6,26,0,0,3,0,-1,49,0,-2,50,0,-3,27,0,-4,28,0,-5,15,0,-6,30,0,0,4,0,-1,51,0,-2,52,0,-3,31,0,-4,32,0,-5,16,0,-6,34,0,0,5,0,0,5,0,-1,45,0,-2,46,0,-3,22,0,0,6,0,-2,44,0,-1,41,0,-2,42,0,-3,43,0,0,7,0,0,8,0,-1,53,0,-2,54,0,-3,55,0,-1,17,0,-2,58,0,-3,37,0,-4,38,0,0,10,0,0,10,0,-1,39,0,-2,40,0,0,11,0,-1,19,0,-1,20,0,-2,21,0,0,13,0,0,13,0,0,14,0,0,14,0,-1,25,0,0,15,0,0,15,0,-1,29,0,0,16,0,0,16,0,-1,33,0,0,17,0,0,17,0,0,17,0,0,18,0,0,18,0,0,19,0,0,20,0,0,20,0,0,21,0,0,21,0,0,22,0,0,22,0,0,23,0,0,23,0,0,24,0,0,24,0,0,25,0,0,25,0,0,26,0,0,26,0,0,27,0,0,27,0,0,28,0,0,28,0,0,29,0,0,29,0,0,30,0,0,30,0,0,31,0,0,31,0,0,32,0,0,32,0,0,33,0,0,33,0,0,34,0,0,34,0,0,35,0,0,35,0,0,36,0,0,36,0,0,37,0,0,37,0,0,38,0,0,38,0,0,39,0,0,40,0,0,41,0,0,42,0,0,43,0,0,45,0,0,46,0,0,47,0,0,48,0,0,49,0,0,50,0,0,51,0,0,52,0,0,53,0,0,54,0,0,55,0,0,56,0,0,57,0,0,58,0,16,1,2,4,7,3,4,7,4,4,7,148],[0,0,0,0,0,0,0,0,0,0,0,0,0,0,0,0,0,0,0,0,0,0,0,0,0,0,0,0,0,0,0,0,0,0,0,0,0,0,0,0,0,0,0,0,0,0,0,0,0,0,0,0,0,0,0,0,0,0,0,0,0,0,0,0,0,0,0,0,0,0,0,0,0,0,0,0,0,0,0,0,0,0,0,0,0,0,0,0,0,0,0,0,0,0,0,0,0,0,0,0,0,44],[-1,1,-1,1,-1,1,-1,1,3,-1,-1,1,-1,1,-1,1,-1,1,-1,-1,1,-1,1,-1,1,3,-1,-1,1,3,-1,-1,1,3,-1,-2,-1,1,-1,17,-1,-1,1,-1,-1,1,-1,-1,-1,5,-1,1,-1,1,-1,1,-1,-1,1,-1,-1,-1,5,-1,1,-1,1,-1,1,-1,-1,1,-1,-1,-1,5,-1,1,-1,1,-1,1,-1,-1,-1,-1,-1,-1,1,-1,1,-1,1,-1,18,-1,-1,1,19,-1,-2,3],[0,15,0,16,0,17,0,18,8,8,0,19,0,9,0,9,0,20,4,0,21,0,22,0,10,2,2,0,10,2,2,0,23,4,24,25,0,26,0,27,0,0,28,0,0,3,0,0,0,0,0,5,0,6,0,7,0,0,3,0,0,0,0,0,5,0,6,0,7,0,0,3,0,0,0,0,0,5,0,6,0,7,0,0,0,0,0,0,29,0,30,0,31,32,33,0,0,34,35,3,36,4]],[[{"name":"01_2","rect":[563,766,431,157],"offset":[0,0],"originalSize":[433,157],"capInsets":[0,0,0,0]}],[1],0,[0],[2],[1]],[[{"name":"01_1","rect":[563,603,433,157],"offset":[0,0],"originalSize":[433,157],"capInsets":[0,0,0,0]}],[1],0,[0],[2],[1]],[[[48,"lineLightAni",0.625,24,22,{"paths":{"07_1":{"props":{"opacity":[{"frame":0,"value":0},{"frame":0.625,"value":255}]}},"06_1":{"props":{"opacity":[{"frame":0,"value":255},{"frame":0.625,"value":0}]}}}}]],0,0,[],[],[]]]]