[1,["39c2Drk6tN4ZdMylGN0Rqx","bebHVyTGpCJag/UE/AdaD9","39KBxD7NJCdb8Ge+pYj5+Z","9406C92CtAcIxD1IJ5ojcu","2dTdLAbNlLHZTu+6lEl+cB","eeVrRBIOtEwqJ5Dmyb3mfY","2fh3ELg61Mb4OkpFlQ9XYx","3eaumq0gFLtJ7GiY116HRY","2amwQznxdH+4JhQtIBIfGW","93spfGLc5GZY/pPCBTWwiX","cbFmxn89NMMZc00WAA2DGh","f3dLEMCbVJ76sPTVAyvW64","3d9SI20w9A8KPROvIN/h7l","59W2GX3spG7pgkdvoe4Ezd","e1NJD/lyFJBbYYDiEqJd0b","57a9l2TudNqZz0FD3B8T/2","f1r6MbdvFEk4CmcKZpazFQ","d0tQ/kEQBP4bVhR2g+GdXV","61jBaLOupMe4AYAptYHcA8","7dckGIIxpAVLWEpjxafktS","79Gp7rYWNCK7tOOzKv6/S5","c2SJ8bychGarq1TyLer+CG","24GDAqdnhIobzRkKHyq03W","85FtrSI1hFUJDZ1H8jtvMS","63+NZ79RpMO60LQ9x3v6nv","71WD+iFrNJf4zSH/VZhbE5","5cL/L6LDNONoieJBGBk7et","84EdhZR0ZOZrARL8wEJjDC","54kYXCm6VBXaUQ5aSso7wt","88KdXjRDJILbJoJkniRoR+","e7WsYU7bVHoIu/u8egLJun","658O5ZUb5P0oHJAWU3gJ/5","59mXFI+aFImbf8FG/AMygj","dcCSr9KgVEgJnnquXo+0CU","dap6qleltEq69bWtXxyc25","d1cyNtRLhFkpqOuxq7H57G","35t9Sc8JlC+aO0R6JSeQ/p","2fDs8DO2VC1K2VwYPYrcK5","c268JjaRNKUaWkLh57VQUC","afd0GpzDxKT4oOgMUNttOP","00EedbR2tMnJW+kYutgWTH","39JrmEe3BMqKK+FzL/avvF","1cn+ozkzRL8aT5XyXsyW8/","c0l1o415pKHLIZjqCRwf3L","c4YOBeTv9GKaccahdxSF7G","13vLqG6+hI2LUMZaP7+afW","beCpAH90pMAZ2p6SkQXym5","3agXATykdPV7nEYa3gqQt0","15B7MDmidHx4NY/2TKfjGI","39zJDw32ZKEZvSmpZqaPfp","1199LKkwpK5YbX38QgwdRh","5cj5bn/NZNb7qJV2jZbZ72","b9YQRIqxRFO4N+0HjzHFoA","a0qIQYzSlLVYXKgWJcpSnX","d2EST/ztpPqaHMMkfewWYV"],["_textureSetter","paibei","paidi_img","poker_0","poker_1","poker_10","poker_11","poker_12","poker_13","poker_14","poker_15","poker_16","poker_17","poker_18","poker_19","poker_2","poker_20","poker_21","poker_22","poker_23","poker_24","poker_25","poker_26","poker_27","poker_28","poker_29","poker_3","poker_30","poker_31","poker_32","poker_33","poker_34","poker_35","poker_36","poker_37","poker_38","poker_39","poker_4","poker_40","poker_41","poker_42","poker_43","poker_44","poker_45","poker_46","poker_47","poker_48","poker_49","poker_5","poker_50","poker_51","poker_6","poker_7","poker_8","poker_9"],["cc.SpriteFrame",["cc.SpriteAtlas",["_name","_spriteFrames"],2,11]],[[1,0,1,2]],[[[{"name":"poker_42","rect":[420,950,135,185],"offset":[0,0],"originalSize":[135,185],"capInsets":[0,0,0,0]}],[0],0,[0],[0],[0]],[[[0,"poker.plist",[{},"paibei",6,0,"paidi_img",6,1,"poker_0",6,2,"poker_1",6,3,"poker_10",6,4,"poker_11",6,5,"poker_12",6,6,"poker_13",6,7,"poker_14",6,8,"poker_15",6,9,"poker_16",6,10,"poker_17",6,11,"poker_18",6,12,"poker_19",6,13,"poker_2",6,14,"poker_20",6,15,"poker_21",6,16,"poker_22",6,17,"poker_23",6,18,"poker_24",6,19,"poker_25",6,20,"poker_26",6,21,"poker_27",6,22,"poker_28",6,23,"poker_29",6,24,"poker_3",6,25,"poker_30",6,26,"poker_31",6,27,"poker_32",6,28,"poker_33",6,29,"poker_34",6,30,"poker_35",6,31,"poker_36",6,32,"poker_37",6,33,"poker_38",6,34,"poker_39",6,35,"poker_4",6,36,"poker_40",6,37,"poker_41",6,38,"poker_42",6,39,"poker_43",6,40,"poker_44",6,41,"poker_45",6,42,"poker_46",6,43,"poker_47",6,44,"poker_48",6,45,"poker_49",6,46,"poker_5",6,47,"poker_50",6,48,"poker_51",6,49,"poker_6",6,50,"poker_7",6,51,"poker_8",6,52,"poker_9",6,53]]],0,0,[0,0,0,0,0,0,0,0,0,0,0,0,0,0,0,0,0,0,0,0,0,0,0,0,0,0,0,0,0,0,0,0,0,0,0,0,0,0,0,0,0,0,0,0,0,0,0,0,0,0,0,0,0,0],[1,2,3,4,5,6,7,8,9,10,11,12,13,14,15,16,17,18,19,20,21,22,23,24,25,26,27,28,29,30,31,32,33,34,35,36,37,38,39,40,41,42,43,44,45,46,47,48,49,50,51,52,53,54],[1,2,3,4,5,6,7,8,9,10,11,12,13,14,15,16,17,18,19,20,21,22,23,24,25,26,27,28,29,30,31,32,33,34,35,36,37,38,39,40,41,42,43,44,45,46,47,48,49,50,51,52,53,54]],[[{"name":"poker_51","rect":[840,1140,135,185],"offset":[0,0],"originalSize":[135,185],"capInsets":[0,0,0,0]}],[0],0,[0],[0],[0]],[[{"name":"poker_47","rect":[140,1140,135,185],"offset":[0,0],"originalSize":[135,185],"capInsets":[0,0,0,0]}],[0],0,[0],[0],[0]],[[{"name":"poker_5","rect":[560,1140,135,185],"offset":[0,0],"originalSize":[135,185],"capInsets":[0,0,0,0]}],[0],0,[0],[0],[0]],[[{"name":"poker_44","rect":[700,950,135,185],"offset":[0,0],"originalSize":[135,185],"capInsets":[0,0,0,0]}],[0],0,[0],[0],[0]],[[{"name":"poker_26","rect":[840,380,135,185],"offset":[0,0],"originalSize":[135,185],"capInsets":[0,0,0,0]}],[0],0,[0],[0],[0]],[[{"name":"poker_13","rect":[840,0,135,185],"offset":[0,0],"originalSize":[135,185],"capInsets":[0,0,0,0]}],[0],0,[0],[0],[0]],[[{"name":"poker_1","rect":[280,0,135,185],"offset":[0,0],"originalSize":[135,185],"capInsets":[0,0,0,0]}],[0],0,[0],[0],[0]],[[{"name":"poker_4","rect":[0,950,135,185],"offset":[0,0],"originalSize":[135,185],"capInsets":[0,0,0,0]}],[0],0,[0],[0],[0]],[[{"name":"poker_11","rect":[560,0,135,185],"offset":[0,0],"originalSize":[135,185],"capInsets":[0,0,0,0]}],[0],0,[0],[0],[0]],[[{"name":"poker_39","rect":[840,760,135,185],"offset":[0,0],"originalSize":[135,185],"capInsets":[0,0,0,0]}],[0],0,[0],[0],[0]],[[{"name":"poker_43","rect":[560,950,135,185],"offset":[0,0],"originalSize":[135,185],"capInsets":[0,0,0,0]}],[0],0,[0],[0],[0]],[[{"name":"poker_50","rect":[700,1140,135,185],"offset":[0,0],"originalSize":[135,185],"capInsets":[0,0,0,0]}],[0],0,[0],[0],[0]],[[{"name":"poker_49","rect":[420,1140,135,185],"offset":[0,0],"originalSize":[135,185],"capInsets":[0,0,0,0]}],[0],0,[0],[0],[0]],[[{"name":"poker_17","rect":[420,190,135,185],"offset":[0,0],"originalSize":[135,185],"capInsets":[0,0,0,0]}],[0],0,[0],[0],[0]],[[{"name":"poker_12","rect":[700,0,135,185],"offset":[0,0],"originalSize":[135,185],"capInsets":[0,0,0,0]}],[0],0,[0],[0],[0]],[[{"name":"poker_31","rect":[700,570,135,185],"offset":[0,0],"originalSize":[135,185],"capInsets":[0,0,0,0]}],[0],0,[0],[0],[0]],[[{"name":"poker_2","rect":[840,190,135,185],"offset":[0,0],"originalSize":[135,185],"capInsets":[0,0,0,0]}],[0],0,[0],[0],[0]],[[{"name":"poker_18","rect":[560,190,135,185],"offset":[0,0],"originalSize":[135,185],"capInsets":[0,0,0,0]}],[0],0,[0],[0],[0]],[[{"name":"poker_35","rect":[280,760,135,185],"offset":[0,0],"originalSize":[135,185],"capInsets":[0,0,0,0]}],[0],0,[0],[0],[0]],[[{"name":"poker_3","rect":[420,570,135,185],"offset":[0,0],"originalSize":[135,185],"capInsets":[0,0,0,0]}],[0],0,[0],[0],[0]],[[{"name":"poker_6","rect":[0,1330,135,185],"offset":[0,0],"originalSize":[135,185],"capInsets":[0,0,0,0]}],[0],0,[0],[0],[0]],[[{"name":"poker_22","rect":[280,380,135,185],"offset":[0,0],"originalSize":[135,185],"capInsets":[0,0,0,0]}],[0],0,[0],[0],[0]],[[{"name":"poker_28","rect":[140,570,135,185],"offset":[0,0],"originalSize":[135,185],"capInsets":[0,0,0,0]}],[0],0,[0],[0],[0]],[[{"name":"poker_34","rect":[140,760,135,185],"offset":[0,0],"originalSize":[135,185],"capInsets":[0,0,0,0]}],[0],0,[0],[0],[0]],[[{"name":"poker_29","rect":[280,570,135,185],"offset":[0,0],"originalSize":[135,185],"capInsets":[0,0,0,0]}],[0],0,[0],[0],[0]],[[{"name":"poker_24","rect":[560,380,135,185],"offset":[0,0],"originalSize":[135,185],"capInsets":[0,0,0,0]}],[0],0,[0],[0],[0]],[[{"name":"poker_23","rect":[420,380,135,185],"offset":[0,0],"originalSize":[135,185],"capInsets":[0,0,0,0]}],[0],0,[0],[0],[0]],[[{"name":"poker_30","rect":[560,570,135,185],"offset":[0,0],"originalSize":[135,185],"capInsets":[0,0,0,0]}],[0],0,[0],[0],[0]],[[{"name":"poker_27","rect":[0,570,135,185],"offset":[0,0],"originalSize":[135,185],"capInsets":[0,0,0,0]}],[0],0,[0],[0],[0]],[[{"name":"poker_32","rect":[840,570,135,185],"offset":[0,0],"originalSize":[135,185],"capInsets":[0,0,0,0]}],[0],0,[0],[0],[0]],[[{"name":"poker_14","rect":[0,190,135,185],"offset":[0,0],"originalSize":[135,185],"capInsets":[0,0,0,0]}],[0],0,[0],[0],[0]],[[{"name":"poker_0","rect":[140,0,135,185],"offset":[0,0],"originalSize":[135,185],"capInsets":[0,0,0,0]}],[0],0,[0],[0],[0]],[[{"name":"poker_8","rect":[280,1330,135,185],"offset":[0,0],"originalSize":[135,185],"capInsets":[0,0,0,0]}],[0],0,[0],[0],[0]],[[{"name":"poker_41","rect":[280,950,135,185],"offset":[0,0],"originalSize":[135,185],"capInsets":[0,0,0,0]}],[0],0,[0],[0],[0]],[[{"name":"poker_7","rect":[140,1330,135,185],"offset":[0,0],"originalSize":[135,185],"capInsets":[0,0,0,0]}],[0],0,[0],[0],[0]],[[{"name":"poker_48","rect":[280,1140,135,185],"offset":[0,0],"originalSize":[135,185],"capInsets":[0,0,0,0]}],[0],0,[0],[0],[0]],[[{"name":"paibei","rect":[0,0,135,185],"offset":[0,0],"originalSize":[135,185],"capInsets":[0,0,0,0]}],[0],0,[0],[0],[0]],[[{"name":"poker_45","rect":[840,950,135,185],"offset":[0,0],"originalSize":[135,185],"capInsets":[0,0,0,0]}],[0],0,[0],[0],[0]],[[{"name":"poker_25","rect":[700,380,135,185],"offset":[0,0],"originalSize":[135,185],"capInsets":[0,0,0,0]}],[0],0,[0],[0],[0]],[[{"name":"poker_40","rect":[140,950,135,185],"offset":[0,0],"originalSize":[135,185],"capInsets":[0,0,0,0]}],[0],0,[0],[0],[0]],[[{"name":"poker_46","rect":[0,1140,135,185],"offset":[0,0],"originalSize":[135,185],"capInsets":[0,0,0,0]}],[0],0,[0],[0],[0]],[[{"name":"poker_15","rect":[140,190,135,185],"offset":[0,0],"originalSize":[135,185],"capInsets":[0,0,0,0]}],[0],0,[0],[0],[0]],[[{"name":"poker_21","rect":[140,380,135,185],"offset":[0,0],"originalSize":[135,185],"capInsets":[0,0,0,0]}],[0],0,[0],[0],[0]],[[{"name":"poker_38","rect":[700,760,135,185],"offset":[0,0],"originalSize":[135,185],"capInsets":[0,0,0,0]}],[0],0,[0],[0],[0]],[[{"name":"poker_9","rect":[420,1330,135,185],"offset":[0,0],"originalSize":[135,185],"capInsets":[0,0,0,0]}],[0],0,[0],[0],[0]],[[{"name":"poker_37","rect":[560,760,135,185],"offset":[0,0],"originalSize":[135,185],"capInsets":[0,0,0,0]}],[0],0,[0],[0],[0]],[[{"name":"poker_36","rect":[420,760,135,185],"offset":[0,0],"originalSize":[135,185],"capInsets":[0,0,0,0]}],[0],0,[0],[0],[0]],[[{"name":"poker_19","rect":[700,190,135,185],"offset":[0,0],"originalSize":[135,185],"capInsets":[0,0,0,0]}],[0],0,[0],[0],[0]],[[{"name":"poker_33","rect":[0,760,135,185],"offset":[0,0],"originalSize":[135,185],"capInsets":[0,0,0,0]}],[0],0,[0],[0],[0]],[[{"name":"poker_10","rect":[420,0,135,185],"offset":[0,0],"originalSize":[135,185],"capInsets":[0,0,0,0]}],[0],0,[0],[0],[0]],[[{"name":"poker_20","rect":[0,380,135,185],"offset":[0,0],"originalSize":[135,185],"capInsets":[0,0,0,0]}],[0],0,[0],[0],[0]],[[{"name":"poker_16","rect":[280,190,135,185],"offset":[0,0],"originalSize":[135,185],"capInsets":[0,0,0,0]}],[0],0,[0],[0],[0]]]]