[1,["ecpdLyjvZBwrvm+cedCcQy","ceW67okbJGbJxYwd4aEcCz","3ae7efMv1CLq2ilvUY/tQi","39KBxD7NJCdb8Ge+pYj5+Z","33XntlphxA76+3OU/00ryY","36cOSAovVHppIjSZihPozt","eaXdnWWupGsZy72/ujAcZj","93TiTRVepB2ZUFZora4we4","3bz/VQnytML4xvQBunGl7i","ebyI8REXhBiq6NjrBG4B72","f5admS66BPCZ48GF6HAdqV","3aX5yskMxCNZErR9ccBMaI","5atp0yHQNIoYgvTlHBHDhD","1cWBP1DKZP1LB7kkcEsrWD","1aOqiyzaZPBqPnuo7f9zlP","50JW54zlxE1INd7nupzTiZ","b8VmGUmZRJELXmMf58aoHq","7aBr/eChZCboH2O4Ud8yq1","a3Dm40AjBMurSf3wQrvjn3","ddUQGmpbVISooHRPkae4lK","eeAIZmxaRKVI2JIA1X/oed","a3pbYw7jlA7KCPPXr40FZk","beistxKKBD65lkVc7vQtyY","dbhjnqm7dCaKQz0o1/TBig","e9NH6k2t9M24HyC2X9oFX7","78fLL7YL9AoaZ/yKlhTDKT","c39OwdDTBAMJlC63nx+wxw","17XDLpWhJAtpQCn6Cv2KKZ","d7gZrfTYZD1ILoqkh4vGCK"],["node","_spriteFrame","_N$file","_normalMaterial","_N$dragonAsset","_N$dragonAtlasAsset","_grayMaterial","root","pokerNumber","pokerDragonBones","allGold","historyText","finishTip","EvenBtn","oddBtn","winLabel","settleNode","contenthis","winLab","pokerNode","data","touchAudio","winAudio","failAudio","spinIngAudio","spinFinshAudio","xipaiAudio","jump_numberAudio","keep","bmgClip","_textureSetter"],[["cc.Node",["_name","_active","_components","_prefab","_contentSize","_trs","_parent","_children","_anchorPoint","_color"],1,9,4,5,7,1,2,5,5],["cc.Label",["_string","_isSystemFontUsed","_N$verticalAlign","_N$horizontalAlign","_fontSize","node","_materials","_N$file"],-2,1,3,6],["cc.Node",["_name","_parent","_components","_prefab","_contentSize","_color","_trs"],2,1,2,4,5,5,7],["cc.Widget",["_alignFlags","_originalWidth","_originalHeight","node","_target"],0,1,1],["cc.PrefabInfo",["fileId","root"],2,1],["cc.Button",["zoomScale","_N$transition","node","clickEvents","_normalMaterial","_grayMaterial"],1,1,9,6,6],["cc.ClickEvent",["_componentId","handler","customEventData","target"],0,1],["dragonBones.ArmatureDisplay",["_armatureName","_animationName","_preCacheMode","playTimes","_armatureKey","node","_materials","_N$dragonAsset","_N$dragonAtlasAsset"],-2,1,3,6,6],"cc.SpriteFrame",["dragonBones.DragonBonesAsset",["_name","_dragonBonesJson"],1],["cc.Prefab",["_name"],2],["df14etjdvJFW72yY7tLK5wB",["node","pokerNode","winLab","contenthis","settleNode","winLabel","oddBtn","EvenBtn","finishTip","historyText","allGold","pokerDragonBones","pokerNumber","touchAudio","winAudio","failAudio","spinIngAudio","spinFinshAudio","xipaiAudio","jump_numberAudio","keep","bmgClip"],3,1,1,1,1,1,1,1,1,1,1,1,1,1,6,6,6,6,6,6,6,6,6],["cc.Sprite",["node","_materials","_spriteFrame"],3,1,3,6],["cc.BlockInputEvents",["_enabled","node"],2,1],["cc.Layout",["_resize","_N$layoutType","_N$spacingX","_N$affectedByScale","node","_layoutSize"],-1,1,5],["cc.AudioClip",["_name","_native","duration"],0],["cc.TTFFont",["_name","_native"],1]],[[4,0,1,2],[12,0,1,2,1],[15,0,1,2,4],[0,0,6,2,3,4,5,2],[0,0,6,7,2,3,4,5,2],[2,0,1,2,3,4,6,2],[9,0,1,3],[5,0,1,2,3,4,5,3],[6,0,1,2,3,4],[1,0,4,1,3,2,5,6,6],[7,0,1,2,3,4,5,6,7,8,6],[10,0,2],[0,0,7,2,3,4,5,2],[0,0,1,6,7,2,3,4,3],[0,0,1,6,7,2,3,4,5,3],[0,0,6,2,3,4,8,5,2],[0,0,1,6,2,3,4,5,3],[0,0,6,2,3,9,4,5,2],[2,0,1,2,3,5,4,2],[2,0,1,2,3,5,4,6,2],[11,0,1,2,3,4,5,6,7,8,9,10,11,12,13,14,15,16,17,18,19,20,21,1],[3,0,1,2,3,4],[3,0,3,2],[3,0,3,4,2],[4,1,1],[13,0,1,2],[5,0,1,2,3,4,3],[6,0,1,3,3],[14,0,1,2,3,4,5,5],[1,0,1,3,2,5,6,7,5],[1,0,1,2,5,6,4],[1,0,1,3,2,5,6,5],[7,0,1,2,3,4,5,6,6],[16,0,1,3]],[[[[6,"winfall_ske","{\"frameRate\":24,\"isGlobal\":0,\"armature\":[{\"ik\":[],\"bone\":[{\"name\":\"root\",\"transform\":{}},{\"transform\":{},\"name\":\"bone\",\"parent\":\"root\"},{\"transform\":{\"y\":-171,\"x\":33},\"name\":\"bone1\",\"parent\":\"bone\"},{\"transform\":{\"y\":-94.65,\"x\":3.3},\"name\":\"bone2\",\"parent\":\"bone\"},{\"transform\":{\"y\":-95.332,\"x\":4.6236},\"name\":\"bone3\",\"parent\":\"bone\"},{\"transform\":{\"y\":-135,\"x\":22.5},\"name\":\"bone4\",\"parent\":\"bone\"}],\"aabb\":{\"width\":755,\"y\":-275,\"height\":275,\"x\":-377.5},\"type\":\"Armature\",\"frameRate\":24,\"defaultActions\":[{\"gotoAndPlay\":\"WIN\"}],\"animation\":[{\"ik\":[],\"playTimes\":0,\"bone\":[{\"frame\":[{\"transform\":{},\"duration\":13}],\"name\":\"root\"},{\"frame\":[{\"transform\":{},\"duration\":13}],\"name\":\"bone\"},{\"frame\":[{\"tweenEasing\":0,\"transform\":{\"scY\":0.01,\"scX\":0.01},\"duration\":3},{\"tweenEasing\":0,\"transform\":{\"scY\":0.01,\"scX\":0.01},\"duration\":7},{\"tweenEasing\":0,\"transform\":{\"scY\":1.5,\"scX\":1.5},\"duration\":3},{\"transform\":{\"scY\":1.2,\"scX\":1.2},\"duration\":0}],\"name\":\"bone1\"},{\"frame\":[{\"tweenEasing\":0,\"transform\":{\"scY\":0.5,\"scX\":0.5},\"duration\":6},{\"tweenEasing\":0,\"transform\":{\"scY\":4,\"skX\":100,\"skY\":100,\"scX\":4},\"duration\":2},{\"transform\":{\"scY\":4.5,\"skX\":140,\"skY\":140,\"scX\":4.5},\"duration\":5}],\"name\":\"bone2\"},{\"frame\":[{\"tweenEasing\":0,\"transform\":{\"scY\":0.01,\"scX\":0.01},\"duration\":6},{\"tweenEasing\":0,\"transform\":{\"scY\":1.5,\"scX\":1.5},\"duration\":3},{\"transform\":{\"scY\":1.8,\"scX\":1.8},\"duration\":4}],\"name\":\"bone3\"},{\"frame\":[{\"tweenEasing\":0,\"transform\":{\"x\":457.8893},\"duration\":6},{\"tweenEasing\":0,\"transform\":{\"x\":-74.5627},\"duration\":2},{\"transform\":{\"x\":-4.0435},\"duration\":5}],\"name\":\"bone4\"}],\"slot\":[{\"frame\":[{\"tweenEasing\":0,\"duration\":6},{\"tweenEasing\":0,\"duration\":6},{\"tweenEasing\":null,\"color\":{\"aM\":0},\"duration\":1}],\"name\":\"gg\"},{\"frame\":[{\"tweenEasing\":0,\"duration\":5},{\"tweenEasing\":0,\"duration\":3},{\"tweenEasing\":null,\"color\":{\"aM\":0},\"duration\":5}],\"name\":\"zzz\"}],\"ffd\":[],\"frame\":[],\"name\":\"WIN\",\"duration\":13},{\"ik\":[],\"playTimes\":0,\"bone\":[{\"frame\":[{\"transform\":{},\"duration\":13}],\"name\":\"root\"},{\"frame\":[{\"transform\":{},\"duration\":13}],\"name\":\"bone\"},{\"frame\":[{\"tweenEasing\":0,\"transform\":{\"y\":-204.1983},\"duration\":8},{\"transform\":{\"scY\":1.2,\"y\":-27.496,\"scX\":1.2},\"duration\":5}],\"name\":\"bone1\"},{\"frame\":[{\"transform\":{},\"duration\":13}],\"name\":\"bone2\"},{\"frame\":[{\"transform\":{},\"duration\":13}],\"name\":\"bone3\"},{\"frame\":[{\"tweenEasing\":0,\"transform\":{\"x\":457.8893},\"duration\":6},{\"tweenEasing\":0,\"transform\":{\"x\":-74.5627},\"duration\":2},{\"tweenEasing\":0,\"transform\":{\"x\":-4.0435},\"duration\":5},{\"transform\":{\"x\":-4.0435},\"duration\":0}],\"name\":\"bone4\"}],\"slot\":[{\"frame\":[{\"tweenEasing\":null,\"color\":{\"aM\":0},\"duration\":13}],\"name\":\"gg\"},{\"frame\":[{\"tweenEasing\":null,\"color\":{\"aM\":0},\"duration\":13}],\"name\":\"zzz\"},{\"frame\":[{\"displayIndex\":1,\"tweenEasing\":0,\"color\":{\"aM\":0},\"duration\":7},{\"displayIndex\":1,\"tweenEasing\":null,\"duration\":6}],\"name\":\"bone1\"}],\"ffd\":[],\"frame\":[],\"name\":\"FALL\",\"duration\":13}],\"slot\":[{\"name\":\"dddd\",\"parent\":\"bone4\",\"color\":{}},{\"z\":1,\"name\":\"gg\",\"parent\":\"bone3\",\"color\":{}},{\"blendMode\":\"add\",\"z\":2,\"parent\":\"bone2\",\"name\":\"zzz\",\"color\":{}},{\"z\":3,\"name\":\"bone1\",\"parent\":\"bone1\",\"color\":{}}],\"name\":\"Armature\",\"skin\":[{\"slot\":[{\"display\":[{\"path\":\"winfall/dddd\",\"type\":\"image\",\"name\":\"winfall/dddd\",\"transform\":{\"y\":4,\"x\":4.5}}],\"name\":\"dddd\"},{\"display\":[{\"path\":\"winfall/zzz\",\"type\":\"image\",\"name\":\"winfall/zzz\",\"transform\":{\"y\":-5.85,\"x\":-3.3}}],\"blendMode\":\"add\",\"name\":\"zzz\"},{\"display\":[{\"path\":\"winfall/gg\",\"type\":\"image\",\"name\":\"winfall/gg\",\"transform\":{\"y\":-5.668,\"x\":-4.6236}}],\"name\":\"gg\"},{\"display\":[{\"path\":\"winfall/win\",\"type\":\"image\",\"name\":\"winfall/win\",\"transform\":{\"y\":-10,\"x\":-8.5}},{\"path\":\"winfall/fall\",\"type\":\"image\",\"name\":\"winfall/fall\",\"transform\":{\"y\":6,\"x\":-8}}],\"name\":\"bone1\"}],\"name\":\"\"}]}],\"name\":\"winfall\",\"version\":\"4.0\"}"]],0,0,[],[],[]],[[[11,"LuckyBall"],[12,"LuckyBall",[-16,-17,-18,-19],[[20,-14,-13,-12,-11,-10,-9,-8,-7,-6,-5,-4,-3,-2,42,43,44,45,46,47,48,49,50],[21,45,1280,720,-15]],[24,-1],[5,1520,720],[760,360,0,0,0,0,1,1,1,1]],[4,"luckyball_bg",1,[-21,-22,-23,-24,-25,-26,-27,-28,-29],[[1,-20,[31],32]],[0,"aaFTQqNDdFc7O03rkbaoah",1],[5,1010,644],[0,43,0,0,0,0,1,1,1,1]],[13,"settleNode",false,1,[-32,-33],[[22,45,-30],[25,false,-31]],[0,"05bzv/w/1ETIdKt4Dqdf80",1],[5,1520,720]],[14,"luckyball_img_left",false,1,[-36,-37],[[1,-34,[3],4],[23,9,-35,1]],[0,"f7Xguc/7lKBYaH1yFoxOQv",1],[5,287,76],[-616.5,322,0,0,0,0,1,1,1,1]],[4,"luckyball_img_machine",2,[-39,-40,-41],[[1,-38,[25],26]],[0,"4afQJeh4dGipF4C4+UM26k",1],[5,214,289],[-263.702,-47.568,0,0,0,0,1,1,1,1]],[3,"luckyball_btn_odd",2,[[1,-42,[5],6],[7,1.1,3,-43,[[8,"df14etjdvJFW72yY7tLK5wB","spineStart","1",1]],7,8]],[0,"0flffdPA1Atbwtk/fakaXA",1],[5,141,135],[41.784,-135,0,0,0,0,1,1,1,0]],[3,"luckyball_btn_even",2,[[1,-44,[9],10],[7,1.1,3,-45,[[8,"df14etjdvJFW72yY7tLK5wB","spineStart","0",1]],11,12]],[0,"8dP56ENSJKBJdc34gZWVYg",1],[5,141,135],[249.067,-135,0,0,0,0,1,1,1,0]],[3,"luckyball_btn_keep",2,[[1,-46,[13],14],[26,1.1,3,-47,[[27,"df14etjdvJFW72yY7tLK5wB","onCloseClick",1]],15]],[0,"d5x0KLzHdNe6y7As1c7dWd",1],[5,210,67],[-273.702,-242.757,0,0,0,0,1,1,1,0]],[15,"contenthis",2,[[28,1,1,-19,true,-48,[5,88,0]]],[0,"2eGVWvoQpH55FZ2rETSBu0",1],[5,88,0],[0,1,0.5],[343.736,24.181,0,0,0,0,1,1,1,1]],[4,"win_img2",5,[-50],[[1,-49,[20],21]],[0,"4f7IwF63xF3YM88cKdHvS3",1],[5,251,60],[0,-118.42,0,0,0,0,1,1,1,1]],[16,"pokerNumber",false,5,[[1,-51,[23],24]],[0,"40IVYQzIlLzLmxoAynslDJ",1],[5,143,197],[0,17.142,0,0,0,0,1,1,1,1]],[17,"tis",2,[[29,"Haswon all awards",false,1,1,-52,[28],29]],[0,"c37eLfsLZLKpNMuokU1WPe",1],[4,4281814031],[5,329.52,50.4],[154.003,-43.891,0,0,0,0,1,1,1,1]],[4,"jisuan_ske",3,[-54],[[10,"Armature","WIN",0,1,"335e7b65-a61c-40ef-afb7-394ff4d2bc98#3670e480-a2f5-47a6-9223-4998a13e8ced",-53,[34],35,36]],[0,"024A9c9BxClro9Sh0Ao9Nr",1],[5,755,275],[0,-120.399,0,0,0,0,1,1,1,1]],[3,"pokerNode",1,[[1,-55,[40],41]],[0,"eckQ8GrrRNJKdH/ZYBKGwo",1],[5,143,197],[-28.367,68.338,0,0,0,0,1,0.55,0.55,1]],[3,"icon_rupee",4,[[1,-56,[0],1]],[0,"49yhp+Lv1AFZxoz314Jwci",1],[5,47,50],[-112,0,0,0,0,0,1,1,1,1]],[18,"allGold",4,[-57],[0,"a4SclZRk9A9oHkqaCsHdya",1],[4,4287692797],[5,16.65,50.4]],[9,"0",30,false,1,1,16,[2]],[3,"xianshiqu_img",2,[[1,-58,[16],17]],[0,"8cUMx1rONF4766kRtvqlmi",1],[5,413,108],[140.731,25.743,0,0,0,0,1,1,1,1]],[3,"win_img",10,[[1,-59,[18],19]],[0,"13r8NYGrRIioUmu6we12fw",1],[5,80,59],[-94.129,0,0,0,0,0,1,1,1,1]],[5,"pai_ske",5,[-60],[0,"49KLs8kURK1az3z3CnSRlc",1],[5,401.5021326392113,400],[0,18.274,0,0,0,0,1,1,1,1]],[32,"Armature","xipai",0,1,"787cb2fb-60bf-40a1-a67f-c8a9614c3293#c3f4ec1d-0d30-4030-9942-eb79f1fb0c70",20,[22]],[5,"winLab",2,[-61],[0,"15IC5GjqZBhLqmbkfLK0VF",1],[5,133.2,50.4],[-251.008,-166.626,0,0,0,0,1,1,1,1]],[30,"111111",false,1,22,[27]],[19,"text",2,[-62],[0,"6dPy8AlcBIMba/XuPGMnbS",1],[4,4281814031],[5,209.56,50.4],[154.003,111.154,0,0,0,0,1,1,1,1]],[31,"HISTORY 52",false,1,1,24,[30]],[5,"New Label",13,[-63],[0,"cbVxIpzT9CC4GjFniC0Ur9",1],[5,161,40],[0,-49,0,0,0,0,1,1,1,1]],[9,"5.5K",32,false,1,1,26,[33]],[3,"shibai_ske",3,[[10,"Armature","FALL",0,1,"335e7b65-a61c-40ef-afb7-394ff4d2bc98#3670e480-a2f5-47a6-9223-4998a13e8ced",-64,[37],38,39]],[0,"4dtAcvObZPwZvSVlARyqzU",1],[5,755,275],[0,-120.399,0,0,0,0,1,1,1,1]]],0,[0,7,1,0,8,11,0,9,21,0,10,17,0,11,25,0,12,12,0,13,7,0,14,6,0,15,27,0,16,3,0,17,9,0,18,23,0,19,14,0,0,1,0,0,1,0,-1,4,0,-2,2,0,-3,3,0,-4,14,0,0,2,0,-1,6,0,-2,7,0,-3,8,0,-4,18,0,-5,9,0,-6,5,0,-7,22,0,-8,12,0,-9,24,0,0,3,0,0,3,0,-1,13,0,-2,28,0,0,4,0,0,4,0,-1,15,0,-2,16,0,0,5,0,-1,10,0,-2,20,0,-3,11,0,0,6,0,0,6,0,0,7,0,0,7,0,0,8,0,0,8,0,0,9,0,0,10,0,-1,19,0,0,11,0,0,12,0,0,13,0,-1,26,0,0,14,0,0,15,0,-1,17,0,0,18,0,0,19,0,-1,21,0,-1,23,0,-1,25,0,-1,27,0,0,28,0,20,1,64],[0,0,0,0,0,0,0,0,0,0,0,0,0,0,0,0,0,0,0,0,0,0,0,0,0,0,0,0,0,0,0,0,0,0,0,0,0,0,0,0,0,0,0,0,0,0,0,0,0,0,0,17,21,21,23,25,27],[-1,1,-1,-1,1,-1,1,3,6,-1,1,3,6,-1,1,3,-1,1,-1,1,-1,1,-1,-1,1,-1,1,-1,-1,2,-1,-1,1,-1,-1,4,5,-1,4,5,-1,1,21,22,23,24,25,26,27,28,29,2,4,5,2,2,2],[0,6,0,0,7,0,8,0,2,0,9,0,2,0,10,0,0,11,0,12,0,13,0,0,3,0,14,0,0,1,0,0,15,0,0,4,5,0,4,5,0,3,16,17,18,19,20,21,22,23,24,1,25,26,1,1,27]],[[[6,"pai_ske","{\"frameRate\":24,\"isGlobal\":0,\"armature\":[{\"ik\":[],\"bone\":[{\"name\":\"root\",\"transform\":{}},{\"transform\":{},\"name\":\"bone\",\"parent\":\"root\"},{\"transform\":{},\"name\":\"bone2\",\"parent\":\"root\"},{\"transform\":{\"y\":8.6666,\"x\":0.7504},\"name\":\"bone3\",\"parent\":\"root\"},{\"transform\":{},\"name\":\"pai5\",\"parent\":\"bone\"},{\"transform\":{},\"name\":\"pai2\",\"parent\":\"bone\"},{\"transform\":{},\"name\":\"pai\",\"parent\":\"bone\"},{\"transform\":{},\"name\":\"pai1\",\"parent\":\"bone\"},{\"transform\":{},\"name\":\"pai3\",\"parent\":\"bone\"},{\"transform\":{},\"name\":\"pai10\",\"parent\":\"bone\"},{\"transform\":{},\"name\":\"pai11\",\"parent\":\"bone\"},{\"transform\":{},\"name\":\"pai12\",\"parent\":\"bone\"},{\"transform\":{},\"name\":\"pai13\",\"parent\":\"bone\"},{\"transform\":{},\"name\":\"pai14\",\"parent\":\"bone\"},{\"transform\":{},\"name\":\"pai15\",\"parent\":\"bone\"},{\"transform\":{},\"name\":\"pai4\",\"parent\":\"bone\"},{\"transform\":{},\"name\":\"pai6\",\"parent\":\"bone\"},{\"transform\":{},\"name\":\"pai7\",\"parent\":\"bone\"},{\"transform\":{},\"name\":\"pai81\",\"parent\":\"bone2\"},{\"transform\":{},\"name\":\"pai141\",\"parent\":\"bone2\"},{\"transform\":{},\"name\":\"pai131\",\"parent\":\"bone2\"},{\"transform\":{},\"name\":\"pai151\",\"parent\":\"bone2\"},{\"transform\":{},\"name\":\"pai111\",\"parent\":\"bone2\"},{\"transform\":{},\"name\":\"pai71\",\"parent\":\"bone2\"},{\"transform\":{},\"name\":\"pai121\",\"parent\":\"bone2\"},{\"transform\":{},\"name\":\"pai101\",\"parent\":\"bone2\"},{\"transform\":{},\"name\":\"pai91\",\"parent\":\"bone2\"},{\"transform\":{},\"name\":\"pai61\",\"parent\":\"bone2\"},{\"transform\":{},\"name\":\"pai31\",\"parent\":\"bone2\"},{\"transform\":{},\"name\":\"pai21\",\"parent\":\"bone2\"},{\"transform\":{},\"name\":\"pai51\",\"parent\":\"bone2\"},{\"transform\":{},\"name\":\"pai8\",\"parent\":\"bone\"},{\"transform\":{},\"name\":\"pai9\",\"parent\":\"bone\"},{\"transform\":{},\"name\":\"pai41\",\"parent\":\"bone2\"},{\"transform\":{},\"name\":\"$%error_pai16\",\"parent\":\"bone2\"},{\"transform\":{\"x\":7.5036},\"name\":\"bone5\",\"parent\":\"bone3\"},{\"transform\":{},\"name\":\"bone4\",\"parent\":\"bone3\"},{\"transform\":{\"y\":89.65,\"x\":-2.1},\"name\":\"13\",\"parent\":\"pai31\"},{\"transform\":{\"y\":89.65,\"x\":-2.1},\"name\":\"bone112\",\"parent\":\"pai12\"},{\"transform\":{\"y\":89.65,\"x\":-2.1},\"name\":\"bone113\",\"parent\":\"pai13\"},{\"transform\":{\"y\":89.65,\"x\":-2.1},\"name\":\"bone11\",\"parent\":\"pai1\"},{\"transform\":{\"y\":89.65,\"x\":-2.1},\"name\":\"bone13\",\"parent\":\"pai3\"},{\"transform\":{\"y\":89.65,\"x\":-2.1},\"name\":\"bone110\",\"parent\":\"pai10\"},{\"transform\":{\"y\":89.65,\"x\":-2.1},\"name\":\"bone15\",\"parent\":\"pai5\"},{\"transform\":{\"y\":89.65,\"x\":-2.1},\"name\":\"bone1\",\"parent\":\"pai\"},{\"transform\":{\"y\":89.65,\"x\":-2.1},\"name\":\"bone12\",\"parent\":\"pai2\"},{\"transform\":{\"y\":89.65,\"x\":-2.1},\"name\":\"bone17\",\"parent\":\"pai7\"},{\"transform\":{\"y\":89.65,\"x\":-2.1},\"name\":\"bone14\",\"parent\":\"pai4\"},{\"transform\":{\"y\":89.65,\"x\":-2.1},\"name\":\"bone19\",\"parent\":\"pai9\"},{\"transform\":{\"y\":89.65,\"x\":-2.1},\"name\":\"12\",\"parent\":\"pai41\"},{\"transform\":{\"y\":89.65,\"x\":-2.1},\"name\":\"bone18\",\"parent\":\"pai8\"},{\"transform\":{\"y\":89.65,\"x\":-2.1},\"name\":\"bone114\",\"parent\":\"pai14\"},{\"transform\":{\"y\":89.65,\"x\":-2.1},\"name\":\"bone16\",\"parent\":\"pai6\"},{\"transform\":{\"y\":89.65,\"x\":-2.1},\"name\":\"10\",\"parent\":\"pai61\"},{\"transform\":{\"y\":89.65,\"x\":-2.1},\"name\":\"07\",\"parent\":\"pai91\"},{\"transform\":{\"y\":89.65,\"x\":-2.1},\"name\":\"06\",\"parent\":\"pai101\"},{\"transform\":{\"y\":89.65,\"x\":-2.1},\"name\":\"05\",\"parent\":\"pai111\"},{\"transform\":{\"y\":89.65,\"x\":-2.1},\"name\":\"04\",\"parent\":\"pai121\"},{\"transform\":{\"y\":89.65,\"x\":-2.1},\"name\":\"03\",\"parent\":\"pai131\"},{\"transform\":{\"y\":89.65,\"x\":-2.1},\"name\":\"02\",\"parent\":\"pai141\"},{\"transform\":{\"y\":89.65,\"x\":-2.1},\"name\":\"01\",\"parent\":\"pai151\"},{\"transform\":{\"y\":89.65,\"x\":-2.1},\"name\":\"09\",\"parent\":\"pai71\"},{\"transform\":{\"y\":89.65,\"x\":-2.1},\"name\":\"08\",\"parent\":\"pai81\"},{\"transform\":{\"y\":89.65,\"x\":-2.1},\"name\":\"bone115\",\"parent\":\"pai15\"},{\"transform\":{\"y\":89.65,\"x\":-2.1},\"name\":\"bone111\",\"parent\":\"pai11\"},{\"transform\":{\"y\":89.65,\"x\":-2.1},\"name\":\"11\",\"parent\":\"pai51\"},{\"transform\":{\"y\":89.65,\"x\":-2.1},\"name\":\"16\",\"parent\":\"pai21\"}],\"aabb\":{\"width\":401.5021326392113,\"y\":-199.3736864075581,\"height\":400,\"x\":-200.75177719934277},\"type\":\"Armature\",\"frameRate\":24,\"defaultActions\":[{\"gotoAndPlay\":\"fapai\"}],\"animation\":[{\"ik\":[],\"playTimes\":0,\"bone\":[{\"frame\":[{\"transform\":{},\"duration\":26}],\"name\":\"root\"},{\"frame\":[{\"transform\":{},\"duration\":26}],\"name\":\"pai\"},{\"frame\":[{\"transform\":{},\"duration\":26}],\"name\":\"bone1\"},{\"frame\":[{\"transform\":{},\"duration\":26}],\"name\":\"bone\"},{\"frame\":[{\"transform\":{},\"duration\":26}],\"name\":\"pai1\"},{\"frame\":[{\"transform\":{},\"duration\":26}],\"name\":\"bone11\"},{\"frame\":[{\"transform\":{},\"duration\":26}],\"name\":\"pai2\"},{\"frame\":[{\"transform\":{},\"duration\":26}],\"name\":\"bone12\"},{\"frame\":[{\"transform\":{},\"duration\":26}],\"name\":\"pai3\"},{\"frame\":[{\"transform\":{},\"duration\":26}],\"name\":\"bone13\"},{\"frame\":[{\"transform\":{},\"duration\":26}],\"name\":\"pai4\"},{\"frame\":[{\"transform\":{},\"duration\":26}],\"name\":\"bone14\"},{\"frame\":[{\"transform\":{},\"duration\":26}],\"name\":\"pai5\"},{\"frame\":[{\"transform\":{},\"duration\":26}],\"name\":\"bone15\"},{\"frame\":[{\"transform\":{},\"duration\":26}],\"name\":\"pai6\"},{\"frame\":[{\"transform\":{},\"duration\":26}],\"name\":\"bone16\"},{\"frame\":[{\"transform\":{},\"duration\":26}],\"name\":\"pai7\"},{\"frame\":[{\"transform\":{},\"duration\":26}],\"name\":\"bone17\"},{\"frame\":[{\"transform\":{},\"duration\":26}],\"name\":\"pai8\"},{\"frame\":[{\"transform\":{},\"duration\":26}],\"name\":\"bone18\"},{\"frame\":[{\"transform\":{},\"duration\":26}],\"name\":\"pai9\"},{\"frame\":[{\"transform\":{},\"duration\":26}],\"name\":\"bone19\"},{\"frame\":[{\"transform\":{},\"duration\":26}],\"name\":\"pai10\"},{\"frame\":[{\"transform\":{},\"duration\":26}],\"name\":\"bone110\"},{\"frame\":[{\"transform\":{},\"duration\":26}],\"name\":\"pai11\"},{\"frame\":[{\"transform\":{},\"duration\":26}],\"name\":\"bone111\"},{\"frame\":[{\"transform\":{},\"duration\":26}],\"name\":\"pai12\"},{\"frame\":[{\"transform\":{},\"duration\":26}],\"name\":\"bone112\"},{\"frame\":[{\"transform\":{},\"duration\":26}],\"name\":\"pai13\"},{\"frame\":[{\"transform\":{},\"duration\":26}],\"name\":\"bone113\"},{\"frame\":[{\"transform\":{},\"duration\":26}],\"name\":\"pai14\"},{\"frame\":[{\"transform\":{},\"duration\":26}],\"name\":\"bone114\"},{\"frame\":[{\"tweenEasing\":0,\"transform\":{},\"duration\":6},{\"tweenEasing\":0,\"transform\":{\"scY\":1.12,\"y\":-19.5025,\"scX\":1.12},\"duration\":4},{\"tweenEasing\":0,\"transform\":{\"scY\":1.2,\"y\":-19.5025,\"scX\":1.2},\"duration\":6},{\"tweenEasing\":0,\"transform\":{\"y\":-19.5025,\"scX\":0},\"duration\":4},{\"transform\":{\"scX\":-1},\"duration\":6}],\"name\":\"pai15\"},{\"frame\":[{\"transform\":{},\"duration\":26}],\"name\":\"bone115\"},{\"frame\":[{\"transform\":{},\"duration\":26}],\"name\":\"bone2\"},{\"frame\":[{\"transform\":{},\"duration\":26}],\"name\":\"pai41\"},{\"frame\":[{\"transform\":{},\"duration\":26}],\"name\":\"pai51\"},{\"frame\":[{\"transform\":{},\"duration\":26}],\"name\":\"pai21\"},{\"frame\":[{\"transform\":{},\"duration\":26}],\"name\":\"pai31\"},{\"frame\":[{\"transform\":{},\"duration\":26}],\"name\":\"pai61\"},{\"frame\":[{\"transform\":{},\"duration\":26}],\"name\":\"pai91\"},{\"frame\":[{\"transform\":{},\"duration\":26}],\"name\":\"pai101\"},{\"frame\":[{\"transform\":{},\"duration\":26}],\"name\":\"pai111\"},{\"frame\":[{\"transform\":{},\"duration\":26}],\"name\":\"pai121\"},{\"frame\":[{\"transform\":{},\"duration\":26}],\"name\":\"pai131\"},{\"frame\":[{\"transform\":{},\"duration\":26}],\"name\":\"pai141\"},{\"frame\":[{\"transform\":{},\"duration\":26}],\"name\":\"pai151\"},{\"frame\":[{\"transform\":{},\"duration\":26}],\"name\":\"pai71\"},{\"frame\":[{\"transform\":{},\"duration\":26}],\"name\":\"pai81\"},{\"frame\":[{\"transform\":{},\"duration\":26}],\"name\":\"12\"},{\"frame\":[{\"transform\":{},\"duration\":26}],\"name\":\"11\"},{\"frame\":[{\"transform\":{},\"duration\":26}],\"name\":\"16\"},{\"frame\":[{\"transform\":{},\"duration\":26}],\"name\":\"13\"},{\"frame\":[{\"transform\":{},\"duration\":26}],\"name\":\"10\"},{\"frame\":[{\"transform\":{},\"duration\":26}],\"name\":\"07\"},{\"frame\":[{\"transform\":{},\"duration\":26}],\"name\":\"06\"},{\"frame\":[{\"transform\":{},\"duration\":26}],\"name\":\"05\"},{\"frame\":[{\"transform\":{},\"duration\":26}],\"name\":\"04\"},{\"frame\":[{\"transform\":{},\"duration\":26}],\"name\":\"03\"},{\"frame\":[{\"transform\":{},\"duration\":26}],\"name\":\"02\"},{\"frame\":[{\"transform\":{},\"duration\":26}],\"name\":\"01\"},{\"frame\":[{\"transform\":{},\"duration\":26}],\"name\":\"09\"},{\"frame\":[{\"transform\":{},\"duration\":26}],\"name\":\"08\"},{\"frame\":[{\"transform\":{},\"duration\":26}],\"name\":\"bone3\"},{\"frame\":[{\"tweenEasing\":0,\"transform\":{},\"duration\":12},{\"transform\":{\"scY\":1.3,\"skX\":-25.7143,\"skY\":-25.7143,\"scX\":1.3},\"duration\":9},{\"transform\":{\"scY\":1.3,\"skX\":-45,\"skY\":-45,\"scX\":1.3},\"duration\":5}],\"name\":\"bone5\"},{\"frame\":[{\"tweenEasing\":0,\"transform\":{\"scY\":0.3,\"scX\":0.3},\"duration\":10},{\"tweenEasing\":0,\"transform\":{\"scY\":0.3,\"scX\":0.3},\"duration\":9},{\"transform\":{},\"duration\":7}],\"name\":\"bone4\"},{\"frame\":[{\"transform\":{},\"duration\":26}],\"name\":\"$%error_pai16\"}],\"slot\":[{\"frame\":[{\"tweenEasing\":null,\"displayIndex\":1,\"duration\":17},{\"tweenEasing\":null,\"duration\":6},{\"tweenEasing\":0,\"duration\":3},{\"tweenEasing\":null,\"color\":{\"aM\":0},\"duration\":0}],\"name\":\"bone115\"},{\"frame\":[{\"tweenEasing\":0,\"color\":{\"aM\":0},\"duration\":6},{\"tweenEasing\":0,\"color\":{\"aM\":0},\"duration\":7},{\"tweenEasing\":0,\"duration\":3},{\"tweenEasing\":0,\"duration\":6},{\"tweenEasing\":null,\"color\":{\"aM\":0},\"duration\":4}],\"name\":\"qqqqq2\"},{\"frame\":[{\"tweenEasing\":0,\"color\":{\"aM\":0},\"duration\":10},{\"tweenEasing\":0,\"color\":{\"aM\":0},\"duration\":9},{\"tweenEasing\":0,\"duration\":7},{\"tweenEasing\":null,\"color\":{\"aM\":0},\"duration\":0}],\"name\":\"qqqqq\"}],\"ffd\":[],\"zOrder\":{\"frame\":[{\"zOrder\":[],\"tweenEasing\":null,\"duration\":23},{\"zOrder\":[31,1],\"tweenEasing\":null,\"duration\":3}]},\"frame\":[{\"duration\":20,\"tweenEasing\":null},{\"tweenEasing\":null,\"event\":\"ding\",\"duration\":0}],\"name\":\"fapai\",\"duration\":26},{\"ik\":[],\"playTimes\":0,\"bone\":[{\"frame\":[{\"transform\":{},\"duration\":80}],\"name\":\"root\"},{\"frame\":[{\"tweenEasing\":0,\"transform\":{},\"duration\":4},{\"tweenEasing\":0,\"transform\":{\"y\":-25.7836},\"duration\":20},{\"tweenEasing\":0,\"transform\":{\"y\":-25.7836},\"duration\":8},{\"transform\":{\"y\":-88.3143,\"x\":-75.8977},\"duration\":48}],\"name\":\"bone\"},{\"frame\":[{\"transform\":{},\"duration\":80}],\"name\":\"pai\"},{\"frame\":[{\"transform\":{},\"duration\":80}],\"name\":\"pai1\"},{\"frame\":[{\"transform\":{},\"duration\":80}],\"name\":\"pai2\"},{\"frame\":[{\"transform\":{},\"duration\":80}],\"name\":\"pai3\"},{\"frame\":[{\"transform\":{},\"duration\":80}],\"name\":\"pai4\"},{\"frame\":[{\"transform\":{},\"duration\":80}],\"name\":\"pai5\"},{\"frame\":[{\"transform\":{},\"duration\":15},{\"tweenEasing\":0,\"transform\":{},\"duration\":8},{\"tweenEasing\":0,\"transform\":{\"skX\":80,\"skY\":80},\"duration\":12},{\"tweenEasing\":0,\"transform\":{\"skX\":80,\"skY\":80},\"duration\":8},{\"tweenEasing\":0,\"transform\":{},\"duration\":7},{\"transform\":{\"y\":87.1611,\"x\":76.1678},\"duration\":30}],\"name\":\"bone12\"},{\"frame\":[{\"transform\":{},\"duration\":14},{\"tweenEasing\":0,\"transform\":{},\"duration\":8},{\"tweenEasing\":0,\"transform\":{\"skX\":70,\"skY\":70},\"duration\":12},{\"tweenEasing\":0,\"transform\":{\"skX\":70,\"skY\":70},\"duration\":8},{\"transform\":{},\"duration\":3},{\"tweenEasing\":0,\"transform\":{},\"duration\":6},{\"transform\":{\"y\":87.1611,\"x\":76.1678},\"duration\":29}],\"name\":\"bone1\"},{\"frame\":[{\"transform\":{},\"duration\":14},{\"tweenEasing\":0,\"transform\":{},\"duration\":8},{\"tweenEasing\":0,\"transform\":{\"skX\":60,\"skY\":60},\"duration\":10},{\"tweenEasing\":0,\"transform\":{\"skX\":60,\"skY\":60},\"duration\":8},{\"transform\":{},\"duration\":7},{\"tweenEasing\":0,\"transform\":{},\"duration\":6},{\"transform\":{\"y\":87.1611,\"x\":76.1678},\"duration\":27}],\"name\":\"bone11\"},{\"frame\":[{\"transform\":{},\"duration\":12},{\"tweenEasing\":0,\"transform\":{},\"duration\":8},{\"tweenEasing\":0,\"transform\":{\"skX\":40,\"skY\":40},\"duration\":9},{\"tweenEasing\":0,\"transform\":{\"skX\":40,\"skY\":40},\"duration\":8},{\"transform\":{},\"duration\":11},{\"tweenEasing\":0,\"transform\":{},\"duration\":7},{\"transform\":{\"y\":87.1611,\"x\":76.1678},\"duration\":25}],\"name\":\"bone14\"},{\"frame\":[{\"transform\":{},\"duration\":13},{\"tweenEasing\":0,\"transform\":{},\"duration\":8},{\"tweenEasing\":0,\"transform\":{\"skX\":50,\"skY\":50},\"duration\":9},{\"tweenEasing\":0,\"transform\":{\"skX\":50,\"skY\":50},\"duration\":8},{\"transform\":{},\"duration\":10},{\"tweenEasing\":0,\"transform\":{},\"duration\":7},{\"transform\":{\"y\":87.1611,\"x\":76.1678},\"duration\":25}],\"name\":\"bone13\"},{\"frame\":[{\"transform\":{},\"duration\":14},{\"tweenEasing\":0,\"transform\":{},\"duration\":10},{\"tweenEasing\":0,\"transform\":{\"skX\":30,\"skY\":30},\"duration\":10},{\"tweenEasing\":0,\"transform\":{\"skX\":30,\"skY\":30},\"duration\":10},{\"transform\":{},\"duration\":18},{\"tweenEasing\":0,\"transform\":{},\"duration\":8},{\"transform\":{\"y\":87.1611,\"x\":76.1678},\"duration\":10}],\"name\":\"bone15\"},{\"frame\":[{\"transform\":{},\"duration\":80}],\"name\":\"pai6\"},{\"frame\":[{\"transform\":{},\"duration\":10},{\"tweenEasing\":0,\"transform\":{},\"duration\":8},{\"tweenEasing\":0,\"transform\":{\"skX\":20,\"skY\":20},\"duration\":8},{\"tweenEasing\":0,\"transform\":{\"skX\":20,\"skY\":20},\"duration\":8},{\"transform\":{},\"duration\":17},{\"tweenEasing\":0,\"transform\":{},\"duration\":7},{\"transform\":{\"y\":87.1611,\"x\":76.1678},\"duration\":22}],\"name\":\"bone16\"},{\"frame\":[{\"transform\":{},\"duration\":80}],\"name\":\"pai7\"},{\"frame\":[{\"transform\":{},\"duration\":10},{\"tweenEasing\":0,\"transform\":{},\"duration\":8},{\"tweenEasing\":0,\"transform\":{\"skX\":10,\"skY\":10},\"duration\":6},{\"tweenEasing\":0,\"transform\":{\"skX\":10,\"skY\":10},\"duration\":8},{\"transform\":{},\"duration\":26},{\"tweenEasing\":0,\"transform\":{},\"duration\":6},{\"transform\":{\"y\":87.1611,\"x\":76.1678},\"duration\":16}],\"name\":\"bone17\"},{\"frame\":[{\"transform\":{},\"duration\":80}],\"name\":\"pai8\"},{\"frame\":[{\"transform\":{},\"duration\":59},{\"tweenEasing\":0,\"transform\":{},\"duration\":7},{\"transform\":{\"y\":87.1611,\"x\":76.1678},\"duration\":14}],\"name\":\"bone18\"},{\"frame\":[{\"transform\":{},\"duration\":80}],\"name\":\"pai9\"},{\"frame\":[{\"transform\":{},\"duration\":8},{\"tweenEasing\":0,\"transform\":{},\"duration\":8},{\"tweenEasing\":0,\"transform\":{\"skX\":-10,\"skY\":-10},\"duration\":8},{\"tweenEasing\":0,\"transform\":{\"skX\":-10,\"skY\":-10},\"duration\":8},{\"transform\":{},\"duration\":21},{\"tweenEasing\":0,\"transform\":{},\"duration\":6},{\"transform\":{\"y\":87.1611,\"x\":76.1678},\"duration\":21}],\"name\":\"bone19\"},{\"frame\":[{\"transform\":{},\"duration\":80}],\"name\":\"pai10\"},{\"frame\":[{\"transform\":{},\"duration\":7},{\"tweenEasing\":0,\"transform\":{},\"duration\":8},{\"tweenEasing\":0,\"transform\":{\"skX\":-20,\"skY\":-20},\"duration\":11},{\"tweenEasing\":0,\"transform\":{\"skX\":-20,\"skY\":-20},\"duration\":8},{\"transform\":{},\"duration\":21},{\"tweenEasing\":0,\"transform\":{},\"duration\":6},{\"transform\":{\"y\":87.1611,\"x\":76.1678},\"duration\":19}],\"name\":\"bone110\"},{\"frame\":[{\"transform\":{},\"duration\":80}],\"name\":\"pai11\"},{\"frame\":[{\"transform\":{},\"duration\":6},{\"tweenEasing\":0,\"transform\":{},\"duration\":8},{\"tweenEasing\":0,\"transform\":{\"skX\":-30,\"skY\":-30},\"duration\":13},{\"tweenEasing\":0,\"transform\":{\"skX\":-30,\"skY\":-30},\"duration\":8},{\"transform\":{},\"duration\":21},{\"tweenEasing\":0,\"transform\":{},\"duration\":7},{\"transform\":{\"y\":87.1611,\"x\":76.1678},\"duration\":17}],\"name\":\"bone111\"},{\"frame\":[{\"transform\":{},\"duration\":80}],\"name\":\"pai12\"},{\"frame\":[{\"transform\":{},\"duration\":6},{\"tweenEasing\":0,\"transform\":{},\"duration\":8},{\"tweenEasing\":0,\"transform\":{\"skX\":-40,\"skY\":-40},\"duration\":15},{\"tweenEasing\":0,\"transform\":{\"skX\":-40,\"skY\":-40},\"duration\":8},{\"transform\":{},\"duration\":21},{\"tweenEasing\":0,\"transform\":{},\"duration\":6},{\"transform\":{\"y\":87.1611,\"x\":76.1678},\"duration\":16}],\"name\":\"bone112\"},{\"frame\":[{\"transform\":{},\"duration\":80}],\"name\":\"pai13\"},{\"frame\":[{\"transform\":{},\"duration\":5},{\"tweenEasing\":0,\"transform\":{},\"duration\":8},{\"tweenEasing\":0,\"transform\":{\"skX\":-50,\"skY\":-50},\"duration\":17},{\"tweenEasing\":0,\"transform\":{\"skX\":-50,\"skY\":-50},\"duration\":8},{\"transform\":{},\"duration\":21},{\"tweenEasing\":0,\"transform\":{},\"duration\":7},{\"transform\":{\"y\":87.1611,\"x\":76.1678},\"duration\":14}],\"name\":\"bone113\"},{\"frame\":[{\"transform\":{},\"duration\":80}],\"name\":\"pai14\"},{\"frame\":[{\"transform\":{},\"duration\":4},{\"tweenEasing\":0,\"transform\":{},\"duration\":8},{\"tweenEasing\":0,\"transform\":{\"skX\":-60,\"skY\":-60},\"duration\":20},{\"tweenEasing\":0,\"transform\":{\"skX\":-60,\"skY\":-60},\"duration\":8},{\"transform\":{},\"duration\":21},{\"tweenEasing\":0,\"transform\":{},\"duration\":6},{\"transform\":{\"y\":87.1611,\"x\":76.1678},\"duration\":13}],\"name\":\"bone114\"},{\"frame\":[{\"transform\":{},\"duration\":80}],\"name\":\"pai15\"},{\"frame\":[{\"transform\":{},\"duration\":3},{\"tweenEasing\":0,\"transform\":{},\"duration\":8},{\"tweenEasing\":0,\"transform\":{\"skX\":-70,\"skY\":-70},\"duration\":23},{\"tweenEasing\":0,\"transform\":{\"skX\":-70,\"skY\":-70},\"duration\":8},{\"transform\":{},\"duration\":21},{\"tweenEasing\":0,\"transform\":{},\"duration\":6},{\"transform\":{\"y\":87.1611,\"x\":76.1678},\"duration\":11}],\"name\":\"bone115\"},{\"frame\":[{\"tweenEasing\":0,\"transform\":{},\"duration\":4},{\"tweenEasing\":0,\"transform\":{\"y\":-25.7836},\"duration\":18},{\"tweenEasing\":0,\"transform\":{\"y\":-25.7836},\"duration\":7},{\"transform\":{\"y\":-88.3143,\"x\":100.8194},\"duration\":51}],\"name\":\"bone2\"},{\"frame\":[{\"transform\":{},\"duration\":80}],\"name\":\"pai41\"},{\"frame\":[{\"transform\":{},\"duration\":80}],\"name\":\"pai51\"},{\"frame\":[{\"transform\":{},\"duration\":80}],\"name\":\"pai21\"},{\"frame\":[{\"transform\":{},\"duration\":80}],\"name\":\"pai31\"},{\"frame\":[{\"transform\":{},\"duration\":80}],\"name\":\"pai61\"},{\"frame\":[{\"transform\":{},\"duration\":80}],\"name\":\"pai91\"},{\"frame\":[{\"transform\":{},\"duration\":80}],\"name\":\"pai101\"},{\"frame\":[{\"transform\":{},\"duration\":80}],\"name\":\"pai111\"},{\"frame\":[{\"transform\":{},\"duration\":80}],\"name\":\"pai121\"},{\"frame\":[{\"transform\":{},\"duration\":80}],\"name\":\"pai131\"},{\"frame\":[{\"transform\":{},\"duration\":80}],\"name\":\"pai141\"},{\"frame\":[{\"transform\":{},\"duration\":80}],\"name\":\"pai151\"},{\"frame\":[{\"transform\":{},\"duration\":80}],\"name\":\"pai71\"},{\"frame\":[{\"transform\":{},\"duration\":80}],\"name\":\"pai81\"},{\"frame\":[{\"transform\":{},\"duration\":12},{\"tweenEasing\":0,\"transform\":{},\"duration\":7},{\"tweenEasing\":0,\"transform\":{\"skX\":40,\"skY\":40},\"duration\":9},{\"tweenEasing\":0,\"transform\":{\"skX\":40,\"skY\":40},\"duration\":8},{\"transform\":{},\"duration\":13},{\"tweenEasing\":0,\"transform\":{},\"duration\":7},{\"transform\":{\"y\":87.1611,\"x\":-100.3448},\"duration\":24}],\"name\":\"12\"},{\"frame\":[{\"transform\":{},\"duration\":11},{\"tweenEasing\":0,\"transform\":{},\"duration\":8},{\"tweenEasing\":0,\"transform\":{\"skX\":30,\"skY\":30},\"duration\":7},{\"tweenEasing\":0,\"transform\":{\"skX\":30,\"skY\":30},\"duration\":8},{\"transform\":{},\"duration\":17},{\"tweenEasing\":0,\"transform\":{},\"duration\":6},{\"transform\":{\"y\":87.1611,\"x\":-100.3448},\"duration\":23}],\"name\":\"11\"},{\"frame\":[{\"transform\":{},\"duration\":15},{\"tweenEasing\":0,\"transform\":{},\"duration\":7},{\"tweenEasing\":0,\"transform\":{\"skX\":70,\"skY\":70},\"duration\":8},{\"tweenEasing\":0,\"transform\":{\"skX\":70,\"skY\":70},\"duration\":8},{\"transform\":{},\"duration\":5},{\"tweenEasing\":0,\"transform\":{},\"duration\":6},{\"transform\":{\"y\":87.1611,\"x\":-100.3448},\"duration\":31}],\"name\":\"16\"},{\"frame\":[{\"transform\":{},\"duration\":12},{\"tweenEasing\":0,\"transform\":{},\"duration\":8},{\"tweenEasing\":0,\"transform\":{\"skX\":50,\"skY\":50},\"duration\":9},{\"tweenEasing\":0,\"transform\":{\"skX\":50,\"skY\":50},\"duration\":8},{\"transform\":{},\"duration\":11},{\"tweenEasing\":0,\"transform\":{},\"duration\":6},{\"transform\":{\"y\":87.1611,\"x\":-100.3448},\"duration\":26}],\"name\":\"13\"},{\"frame\":[{\"transform\":{},\"duration\":10},{\"tweenEasing\":0,\"transform\":{},\"duration\":8},{\"tweenEasing\":0,\"transform\":{\"skX\":20,\"skY\":20},\"duration\":7},{\"tweenEasing\":0,\"transform\":{\"skX\":20,\"skY\":20},\"duration\":7},{\"transform\":{},\"duration\":21},{\"tweenEasing\":0,\"transform\":{},\"duration\":6},{\"transform\":{\"y\":87.1611,\"x\":-100.3448},\"duration\":21}],\"name\":\"10\"},{\"frame\":[{\"transform\":{},\"duration\":8},{\"tweenEasing\":0,\"transform\":{},\"duration\":7},{\"tweenEasing\":0,\"transform\":{\"skX\":-10,\"skY\":-10},\"duration\":8},{\"tweenEasing\":0,\"transform\":{\"skX\":-10,\"skY\":-10},\"duration\":8},{\"transform\":{},\"duration\":26},{\"tweenEasing\":0,\"transform\":{},\"duration\":6},{\"transform\":{\"y\":87.1611,\"x\":-100.3448},\"duration\":17}],\"name\":\"07\"},{\"frame\":[{\"transform\":{},\"duration\":7},{\"tweenEasing\":0,\"transform\":{},\"duration\":8},{\"tweenEasing\":0,\"transform\":{\"skX\":-20,\"skY\":-20},\"duration\":10},{\"tweenEasing\":0,\"transform\":{\"skX\":-20,\"skY\":-20},\"duration\":7},{\"transform\":{},\"duration\":27},{\"tweenEasing\":0,\"transform\":{},\"duration\":6},{\"transform\":{\"y\":87.1611,\"x\":-100.3448},\"duration\":15}],\"name\":\"06\"},{\"frame\":[{\"transform\":{},\"duration\":6},{\"tweenEasing\":0,\"transform\":{},\"duration\":8},{\"tweenEasing\":0,\"transform\":{\"skX\":-30,\"skY\":-30},\"duration\":12},{\"tweenEasing\":0,\"transform\":{\"skX\":-30,\"skY\":-30},\"duration\":8},{\"transform\":{},\"duration\":26},{\"tweenEasing\":0,\"transform\":{},\"duration\":6},{\"transform\":{\"y\":87.1611,\"x\":-100.3448},\"duration\":14}],\"name\":\"05\"},{\"frame\":[{\"transform\":{},\"duration\":5},{\"tweenEasing\":0,\"transform\":{},\"duration\":8},{\"tweenEasing\":0,\"transform\":{\"skX\":-40,\"skY\":-40},\"duration\":15},{\"tweenEasing\":0,\"transform\":{\"skX\":-40,\"skY\":-40},\"duration\":8},{\"transform\":{},\"duration\":26},{\"tweenEasing\":0,\"transform\":{},\"duration\":6},{\"transform\":{\"y\":87.1611,\"x\":-100.3448},\"duration\":12}],\"name\":\"04\"},{\"frame\":[{\"transform\":{},\"duration\":5},{\"tweenEasing\":0,\"transform\":{},\"duration\":7},{\"tweenEasing\":0,\"transform\":{\"skX\":-50,\"skY\":-50},\"duration\":17},{\"tweenEasing\":0,\"transform\":{\"skX\":-50,\"skY\":-50},\"duration\":8},{\"transform\":{},\"duration\":26},{\"tweenEasing\":0,\"transform\":{},\"duration\":7},{\"transform\":{\"y\":87.1611,\"x\":-100.3448},\"duration\":10}],\"name\":\"03\"},{\"frame\":[{\"transform\":{},\"duration\":4},{\"tweenEasing\":0,\"transform\":{},\"duration\":8},{\"tweenEasing\":0,\"transform\":{\"skX\":-60,\"skY\":-60},\"duration\":19},{\"tweenEasing\":0,\"transform\":{\"skX\":-60,\"skY\":-60},\"duration\":8},{\"transform\":{},\"duration\":24},{\"tweenEasing\":0,\"transform\":{},\"duration\":7},{\"transform\":{\"y\":87.1611,\"x\":-100.3448},\"duration\":10}],\"name\":\"02\"},{\"frame\":[{\"transform\":{},\"duration\":3},{\"tweenEasing\":0,\"transform\":{},\"duration\":8},{\"tweenEasing\":0,\"transform\":{\"skX\":-70,\"skY\":-70},\"duration\":21},{\"tweenEasing\":0,\"transform\":{\"skX\":-70,\"skY\":-70},\"duration\":8},{\"transform\":{},\"duration\":23},{\"tweenEasing\":0,\"transform\":{},\"duration\":7},{\"transform\":{\"y\":87.1611,\"x\":-100.3448},\"duration\":10}],\"name\":\"01\"},{\"frame\":[{\"transform\":{},\"duration\":9},{\"tweenEasing\":0,\"transform\":{},\"duration\":8},{\"tweenEasing\":0,\"transform\":{\"skX\":10,\"skY\":10},\"duration\":6},{\"tweenEasing\":0,\"transform\":{\"skX\":10,\"skY\":10},\"duration\":8},{\"transform\":{},\"duration\":23},{\"tweenEasing\":0,\"transform\":{},\"duration\":6},{\"transform\":{\"y\":87.1611,\"x\":-100.3448},\"duration\":20}],\"name\":\"09\"},{\"frame\":[{\"transform\":{},\"duration\":56},{\"tweenEasing\":0,\"transform\":{},\"duration\":6},{\"transform\":{\"y\":87.1611,\"x\":-100.3448},\"duration\":18}],\"name\":\"08\"},{\"frame\":[{\"transform\":{},\"duration\":80}],\"name\":\"bone3\"},{\"frame\":[{\"transform\":{},\"duration\":62},{\"tweenEasing\":0,\"transform\":{},\"duration\":8},{\"transform\":{\"scY\":1.3,\"skX\":-20,\"skY\":-20,\"scX\":1.3},\"duration\":10},{\"transform\":{\"scY\":1.3,\"skX\":-45,\"skY\":-45,\"scX\":1.3},\"duration\":0}],\"name\":\"bone5\"},{\"frame\":[{\"transform\":{},\"duration\":80}],\"name\":\"bone4\"},{\"frame\":[{\"transform\":{},\"duration\":80}],\"name\":\"$%error_pai16\"}],\"slot\":[{\"frame\":[{\"tweenEasing\":0,\"duration\":6},{\"tweenEasing\":0,\"color\":{\"aM\":0},\"duration\":54},{\"tweenEasing\":0,\"color\":{\"aM\":0},\"duration\":10},{\"tweenEasing\":null,\"duration\":10}],\"name\":\"paibei_拷贝\"},{\"frame\":[{\"tweenEasing\":0,\"color\":{\"aM\":0},\"duration\":62},{\"tweenEasing\":0,\"color\":{\"aM\":0},\"duration\":8},{\"tweenEasing\":0,\"duration\":10},{\"tweenEasing\":null,\"color\":{\"aM\":0},\"duration\":0}],\"name\":\"qqqqq2\"}],\"ffd\":[],\"frame\":[],\"name\":\"xipai\",\"duration\":80}],\"slot\":[{\"name\":\"paibei_拷贝\",\"parent\":\"root\",\"color\":{}},{\"z\":1,\"displayIndex\":1,\"name\":\"bone12\",\"parent\":\"bone12\",\"color\":{}},{\"z\":2,\"displayIndex\":1,\"name\":\"bone1\",\"parent\":\"bone1\",\"color\":{}},{\"z\":3,\"displayIndex\":1,\"name\":\"bone11\",\"parent\":\"bone11\",\"color\":{}},{\"z\":4,\"displayIndex\":1,\"name\":\"bone13\",\"parent\":\"bone13\",\"color\":{}},{\"z\":5,\"displayIndex\":1,\"name\":\"bone14\",\"parent\":\"bone14\",\"color\":{}},{\"z\":6,\"displayIndex\":1,\"name\":\"bone15\",\"parent\":\"bone15\",\"color\":{}},{\"z\":7,\"displayIndex\":1,\"name\":\"bone16\",\"parent\":\"bone16\",\"color\":{}},{\"z\":8,\"displayIndex\":1,\"name\":\"bone17\",\"parent\":\"bone17\",\"color\":{}},{\"z\":9,\"displayIndex\":1,\"name\":\"bone18\",\"parent\":\"bone18\",\"color\":{}},{\"z\":10,\"displayIndex\":1,\"name\":\"bone19\",\"parent\":\"bone19\",\"color\":{}},{\"z\":11,\"displayIndex\":1,\"name\":\"bone110\",\"parent\":\"bone110\",\"color\":{}},{\"z\":12,\"displayIndex\":1,\"name\":\"bone111\",\"parent\":\"bone111\",\"color\":{}},{\"z\":13,\"displayIndex\":1,\"name\":\"bone112\",\"parent\":\"bone112\",\"color\":{}},{\"z\":14,\"displayIndex\":1,\"name\":\"bone113\",\"parent\":\"bone113\",\"color\":{}},{\"z\":15,\"displayIndex\":1,\"name\":\"bone114\",\"parent\":\"bone114\",\"color\":{}},{\"z\":16,\"displayIndex\":1,\"name\":\"bone121\",\"parent\":\"16\",\"color\":{}},{\"z\":17,\"displayIndex\":1,\"name\":\"bone131\",\"parent\":\"13\",\"color\":{}},{\"z\":18,\"displayIndex\":1,\"name\":\"bone141\",\"parent\":\"12\",\"color\":{}},{\"z\":19,\"displayIndex\":1,\"name\":\"bone151\",\"parent\":\"11\",\"color\":{}},{\"z\":20,\"displayIndex\":1,\"name\":\"bone161\",\"parent\":\"10\",\"color\":{}},{\"z\":21,\"displayIndex\":1,\"name\":\"bone171\",\"parent\":\"09\",\"color\":{}},{\"z\":22,\"displayIndex\":1,\"name\":\"bone181\",\"parent\":\"08\",\"color\":{}},{\"z\":23,\"displayIndex\":1,\"name\":\"bone191\",\"parent\":\"07\",\"color\":{}},{\"z\":24,\"displayIndex\":1,\"name\":\"bone1101\",\"parent\":\"06\",\"color\":{}},{\"z\":25,\"displayIndex\":1,\"name\":\"bone1111\",\"parent\":\"05\",\"color\":{}},{\"z\":26,\"displayIndex\":1,\"name\":\"bone1121\",\"parent\":\"04\",\"color\":{}},{\"z\":27,\"displayIndex\":1,\"name\":\"bone1131\",\"parent\":\"03\",\"color\":{}},{\"z\":28,\"displayIndex\":1,\"name\":\"bone1141\",\"parent\":\"02\",\"color\":{}},{\"z\":29,\"displayIndex\":1,\"name\":\"bone1151\",\"parent\":\"01\",\"color\":{}},{\"z\":30,\"name\":\"qqqqq2\",\"parent\":\"bone5\",\"color\":{\"aM\":0}},{\"z\":31,\"displayIndex\":1,\"name\":\"bone115\",\"parent\":\"bone115\",\"color\":{}},{\"z\":32,\"name\":\"qqqqq\",\"parent\":\"bone4\",\"color\":{\"aM\":0}}],\"name\":\"Armature\",\"skin\":[{\"slot\":[{\"display\":[{\"path\":\"caihongl/paimian\",\"type\":\"image\",\"name\":\"caihongl/paimian\",\"transform\":{\"y\":-89.65,\"x\":2.1}},{\"path\":\"caihongl/paibei\",\"type\":\"image\",\"name\":\"caihongl/paibei\",\"transform\":{\"y\":-89.65,\"x\":2.1}}],\"name\":\"bone161\"},{\"display\":[{\"path\":\"caihongl/qqqqq\",\"type\":\"image\",\"name\":\"caihongl/qqqqq\",\"transform\":{\"y\":-8.0403}}],\"name\":\"qqqqq\"},{\"display\":[{\"path\":\"caihongl/paimian\",\"type\":\"image\",\"name\":\"caihongl/paimian\",\"transform\":{\"y\":-89.65,\"x\":2.1}},{\"path\":\"caihongl/paibei\",\"type\":\"image\",\"name\":\"caihongl/paibei\",\"transform\":{\"y\":-89.65,\"x\":2.1}}],\"name\":\"bone115\"},{\"display\":[{\"path\":\"caihongl/paimian\",\"type\":\"image\",\"name\":\"caihongl/paimian\",\"transform\":{\"y\":-89.65,\"x\":2.1}},{\"path\":\"caihongl/paibei\",\"type\":\"image\",\"name\":\"caihongl/paibei\",\"transform\":{\"y\":-89.65,\"x\":2.1}}],\"name\":\"bone113\"},{\"display\":[{\"path\":\"caihongl/paimian\",\"type\":\"image\",\"name\":\"caihongl/paimian\",\"transform\":{\"y\":-89.65,\"x\":2.1}},{\"path\":\"caihongl/paibei\",\"type\":\"image\",\"name\":\"caihongl/paibei\",\"transform\":{\"y\":-89.65,\"x\":2.1}}],\"name\":\"bone16\"},{\"display\":[{\"path\":\"caihongl/paibei_拷贝\",\"type\":\"image\",\"name\":\"caihongl/paibei_拷贝\",\"transform\":{\"y\":10.5}}],\"name\":\"paibei_拷贝\"},{\"display\":[{\"path\":\"caihongl/paimian\",\"type\":\"image\",\"name\":\"caihongl/paimian\",\"transform\":{\"y\":-89.65,\"x\":2.1}},{\"path\":\"caihongl/paibei\",\"type\":\"image\",\"name\":\"caihongl/paibei\",\"transform\":{\"y\":-89.65,\"x\":2.1}}],\"name\":\"bone1131\"},{\"display\":[{\"path\":\"caihongl/paimian\",\"type\":\"image\",\"name\":\"caihongl/paimian\",\"transform\":{\"y\":-89.65,\"x\":2.1}},{\"path\":\"caihongl/paibei\",\"type\":\"image\",\"name\":\"caihongl/paibei\",\"transform\":{\"y\":-89.65,\"x\":2.1}}],\"name\":\"bone171\"},{\"display\":[{\"path\":\"caihongl/paimian\",\"type\":\"image\",\"name\":\"caihongl/paimian\",\"transform\":{\"y\":-89.65,\"x\":2.1}},{\"path\":\"caihongl/paibei\",\"type\":\"image\",\"name\":\"caihongl/paibei\",\"transform\":{\"y\":-89.65,\"x\":2.1}}],\"name\":\"bone110\"},{\"display\":[{\"path\":\"caihongl/paimian\",\"type\":\"image\",\"name\":\"caihongl/paimian\",\"transform\":{\"y\":-89.65,\"x\":2.1}},{\"path\":\"caihongl/paibei\",\"type\":\"image\",\"name\":\"caihongl/paibei\",\"transform\":{\"y\":-89.65,\"x\":2.1}}],\"name\":\"bone13\"},{\"display\":[{\"path\":\"caihongl/paimian\",\"type\":\"image\",\"name\":\"caihongl/paimian\",\"transform\":{\"y\":-89.65,\"x\":2.1}},{\"path\":\"caihongl/paibei\",\"type\":\"image\",\"name\":\"caihongl/paibei\",\"transform\":{\"y\":-89.65,\"x\":2.1}}],\"name\":\"bone1101\"},{\"display\":[{\"path\":\"caihongl/qqqqq2\",\"type\":\"image\",\"name\":\"caihongl/qqqqq2\",\"transform\":{\"y\":-24.0114,\"x\":-12.0057}}],\"name\":\"qqqqq2\"},{\"display\":[{\"path\":\"caihongl/paimian\",\"type\":\"image\",\"name\":\"caihongl/paimian\",\"transform\":{\"y\":-89.65,\"x\":2.1}},{\"path\":\"caihongl/paibei\",\"type\":\"image\",\"name\":\"caihongl/paibei\",\"transform\":{\"y\":-89.65,\"x\":2.1}}],\"name\":\"bone114\"},{\"display\":[{\"path\":\"caihongl/paimian\",\"type\":\"image\",\"name\":\"caihongl/paimian\",\"transform\":{\"y\":-89.65,\"x\":2.1}},{\"path\":\"caihongl/paibei\",\"type\":\"image\",\"name\":\"caihongl/paibei\",\"transform\":{\"y\":-89.65,\"x\":2.1}}],\"name\":\"bone1111\"},{\"display\":[{\"path\":\"caihongl/paimian\",\"type\":\"image\",\"name\":\"caihongl/paimian\",\"transform\":{\"y\":-89.65,\"x\":2.1}},{\"path\":\"caihongl/paibei\",\"type\":\"image\",\"name\":\"caihongl/paibei\",\"transform\":{\"y\":-89.65,\"x\":2.1}}],\"name\":\"bone151\"},{\"display\":[{\"path\":\"caihongl/paimian\",\"type\":\"image\",\"name\":\"caihongl/paimian\",\"transform\":{\"y\":-89.65,\"x\":2.1}},{\"path\":\"caihongl/paibei\",\"type\":\"image\",\"name\":\"caihongl/paibei\",\"transform\":{\"y\":-89.65,\"x\":2.1}}],\"name\":\"bone191\"},{\"display\":[{\"path\":\"caihongl/paimian\",\"type\":\"image\",\"name\":\"caihongl/paimian\",\"transform\":{\"y\":-89.65,\"x\":2.1}},{\"path\":\"caihongl/paibei\",\"type\":\"image\",\"name\":\"caihongl/paibei\",\"transform\":{\"y\":-89.65,\"x\":2.1}}],\"name\":\"bone111\"},{\"display\":[{\"path\":\"caihongl/paimian\",\"type\":\"image\",\"name\":\"caihongl/paimian\",\"transform\":{\"y\":-89.65,\"x\":2.1}},{\"path\":\"caihongl/paibei\",\"type\":\"image\",\"name\":\"caihongl/paibei\",\"transform\":{\"y\":-89.65,\"x\":2.1}}],\"name\":\"bone1121\"},{\"display\":[{\"path\":\"caihongl/paimian\",\"type\":\"image\",\"name\":\"caihongl/paimian\",\"transform\":{\"y\":-89.65,\"x\":2.1}},{\"path\":\"caihongl/paibei\",\"type\":\"image\",\"name\":\"caihongl/paibei\",\"transform\":{\"y\":-89.65,\"x\":2.1}}],\"name\":\"bone141\"},{\"display\":[{\"path\":\"caihongl/paimian\",\"type\":\"image\",\"name\":\"caihongl/paimian\",\"transform\":{\"y\":-89.65,\"x\":2.1}},{\"path\":\"caihongl/paibei\",\"type\":\"image\",\"name\":\"caihongl/paibei\",\"transform\":{\"y\":-89.65,\"x\":2.1}}],\"name\":\"bone121\"},{\"display\":[{\"path\":\"caihongl/paimian\",\"type\":\"image\",\"name\":\"caihongl/paimian\",\"transform\":{\"y\":-89.65,\"x\":2.1}},{\"path\":\"caihongl/paibei\",\"type\":\"image\",\"name\":\"caihongl/paibei\",\"transform\":{\"y\":-89.65,\"x\":2.1}}],\"name\":\"bone17\"},{\"display\":[{\"path\":\"caihongl/paimian\",\"type\":\"image\",\"name\":\"caihongl/paimian\",\"transform\":{\"y\":-89.65,\"x\":2.1}},{\"path\":\"caihongl/paibei\",\"type\":\"image\",\"name\":\"caihongl/paibei\",\"transform\":{\"y\":-89.65,\"x\":2.1}}],\"name\":\"bone18\"},{\"display\":[{\"path\":\"caihongl/paimian\",\"type\":\"image\",\"name\":\"caihongl/paimian\",\"transform\":{\"y\":-89.65,\"x\":2.1}},{\"path\":\"caihongl/paibei\",\"type\":\"image\",\"name\":\"caihongl/paibei\",\"transform\":{\"y\":-89.65,\"x\":2.1}}],\"name\":\"bone12\"},{\"display\":[{\"path\":\"caihongl/paimian\",\"type\":\"image\",\"name\":\"caihongl/paimian\",\"transform\":{\"y\":-89.65,\"x\":2.1}},{\"path\":\"caihongl/paibei\",\"type\":\"image\",\"name\":\"caihongl/paibei\",\"transform\":{\"y\":-89.65,\"x\":2.1}}],\"name\":\"bone1\"},{\"display\":[{\"path\":\"caihongl/paimian\",\"type\":\"image\",\"name\":\"caihongl/paimian\",\"transform\":{\"y\":-89.65,\"x\":2.1}},{\"path\":\"caihongl/paibei\",\"type\":\"image\",\"name\":\"caihongl/paibei\",\"transform\":{\"y\":-89.65,\"x\":2.1}}],\"name\":\"bone1151\"},{\"display\":[{\"path\":\"caihongl/paimian\",\"type\":\"image\",\"name\":\"caihongl/paimian\",\"transform\":{\"y\":-89.65,\"x\":2.1}},{\"path\":\"caihongl/paibei\",\"type\":\"image\",\"name\":\"caihongl/paibei\",\"transform\":{\"y\":-89.65,\"x\":2.1}}],\"name\":\"bone131\"},{\"display\":[{\"path\":\"caihongl/paimian\",\"type\":\"image\",\"name\":\"caihongl/paimian\",\"transform\":{\"y\":-89.65,\"x\":2.1}},{\"path\":\"caihongl/paibei\",\"type\":\"image\",\"name\":\"caihongl/paibei\",\"transform\":{\"y\":-89.65,\"x\":2.1}}],\"name\":\"bone112\"},{\"display\":[{\"path\":\"caihongl/paimian\",\"type\":\"image\",\"name\":\"caihongl/paimian\",\"transform\":{\"y\":-89.65,\"x\":2.1}},{\"path\":\"caihongl/paibei\",\"type\":\"image\",\"name\":\"caihongl/paibei\",\"transform\":{\"y\":-89.65,\"x\":2.1}}],\"name\":\"bone14\"},{\"display\":[{\"path\":\"caihongl/paimian\",\"type\":\"image\",\"name\":\"caihongl/paimian\",\"transform\":{\"y\":-89.65,\"x\":2.1}},{\"path\":\"caihongl/paibei\",\"type\":\"image\",\"name\":\"caihongl/paibei\",\"transform\":{\"y\":-89.65,\"x\":2.1}}],\"name\":\"bone15\"},{\"display\":[{\"path\":\"caihongl/paimian\",\"type\":\"image\",\"name\":\"caihongl/paimian\",\"transform\":{\"y\":-89.65,\"x\":2.1}},{\"path\":\"caihongl/paibei\",\"type\":\"image\",\"name\":\"caihongl/paibei\",\"transform\":{\"y\":-89.65,\"x\":2.1}}],\"name\":\"bone181\"},{\"display\":[{\"path\":\"caihongl/paimian\",\"type\":\"image\",\"name\":\"caihongl/paimian\",\"transform\":{\"y\":-89.65,\"x\":2.1}},{\"path\":\"caihongl/paibei\",\"type\":\"image\",\"name\":\"caihongl/paibei\",\"transform\":{\"y\":-89.65,\"x\":2.1}}],\"name\":\"bone1141\"},{\"display\":[{\"path\":\"caihongl/paimian\",\"type\":\"image\",\"name\":\"caihongl/paimian\",\"transform\":{\"y\":-89.65,\"x\":2.1}},{\"path\":\"caihongl/paibei\",\"type\":\"image\",\"name\":\"caihongl/paibei\",\"transform\":{\"y\":-89.65,\"x\":2.1}}],\"name\":\"bone19\"},{\"display\":[{\"path\":\"caihongl/paimian\",\"type\":\"image\",\"name\":\"caihongl/paimian\",\"transform\":{\"y\":-89.65,\"x\":2.1}},{\"path\":\"caihongl/paibei\",\"type\":\"image\",\"name\":\"caihongl/paibei\",\"transform\":{\"y\":-89.65,\"x\":2.1}}],\"name\":\"bone11\"}],\"name\":\"\"}]}],\"name\":\"pai\",\"version\":\"4.0\"}"]],0,0,[],[],[]],[[[2,"01huosheng",".mp3",1.48898],-1],0,0,[],[],[]],[[{"name":"luckyball_img_left","rect":[0,0,287,76],"offset":[0,0],"originalSize":[287,76],"capInsets":[0,0,0,0]}],[8],0,[0],[30],[28]],[[[2,"02shibai",".mp3",0.992653],-1],0,0,[],[],[]],[[[2,"05xipai",".mp3",3.918367],-1],0,0,[],[],[]],[[[2,"btn_touch",".mp3",0.261],-1],0,0,[],[],[]],[[[2,"06jump_number",".mp3",0.914286],-1],0,0,[],[],[]],[[[33,"MyriadPro-Bold","MyriadPro-Bold.ttf"],-1],0,0,[],[],[]],[[[2,"keep",".mp3",0.261],-1],0,0,[],[],[]],[[[2,"03fanpai",".mp3",1.018776],-1],0,0,[],[],[]],[[[2,"Bg_nm",".mp3",49.345306],-1],0,0,[],[],[]],[[[2,"04kaijiang",".mp3",1.332245],-1],0,0,[],[],[]]]]