[1,["9e/JSmEG9AsI/qibWl9d7t"],["_textureSetter"],["cc.SpriteFrame"],0,[[[{"name":"zhanshipai_img","rect":[2,648,214,289],"offset":[0,0],"originalSize":[214,289],"capInsets":[0,0,0,0]}],[0],0,[0],[0],[0]],[[{"name":"win_img2","rect":[218,648,251,60],"offset":[0,0],"originalSize":[253,60],"rotated":1,"capInsets":[0,0,0,0]}],[0],0,[0],[0],[0]],[[{"name":"xianshiqu_img1","rect":[275,901,413,108],"offset":[0,0],"originalSize":[413,108],"capInsets":[0,0,0,0]}],[0],0,[0],[0],[0]],[[{"name":"btn_black","rect":[417,648,141,135],"offset":[0,0],"originalSize":[141,135],"rotated":1,"capInsets":[0,0,0,0]}],[0],0,[0],[0],[0]],[[{"name":"lucky poker_img","rect":[2,2,1010,644],"offset":[0,-2],"originalSize":[1010,648],"capInsets":[0,0,0,0]}],[0],0,[0],[0],[0]],[[{"name":"win_img","rect":[2,939,80,59],"offset":[0,0],"originalSize":[80,59],"rotated":1,"capInsets":[0,0,0,0]}],[0],0,[0],[0],[0]],[[{"name":"btn_red","rect":[280,648,141,135],"offset":[0,0],"originalSize":[141,135],"rotated":1,"capInsets":[0,0,0,0]}],[0],0,[0],[0],[0]],[[{"name":"btn_keep","rect":[63,939,210,67],"offset":[0,0],"originalSize":[210,67],"capInsets":[0,0,0,0]}],[0],0,[0],[0],[0]]]]