[1,["bcVAU5O+VCpLHuSZ76nrI0","1a/UrB7DVH57KTJU48J6SV","2cS66erPhAdaKNlAT/1ppc","724tozXcpGAJungJgcWX+j","20DAoBsHNFhKJfR/w+a4Iv","c8GqR4tmxJJ4k8kX388LoE","f5tYMqJtxB4ash+jPb75mS","c1QEtBI8FIaqqzBUerOqzg","28Ff93PbZEvZQJkwUHyTeO","cbosNj8chPcp1cFwqI1e/5","a8oDFH8tZMepx9YtwUTsbV","e7WsIUywZHUps+XpvP4nIS","a1gZtE9dZBLqjCxllQ5cm2","3aPXHzCFJCo5+R1SJbZKEz","afcSicN1dKarAk3NKR82eA","ac+z+ZlHpH7aghlEFyET+j","11Q6+E6mJKz5/3Zl9FAAJU","35rgf4Fx5NjYej2x30W3i2","c2HXxPt5ZPXozBr6UPT9Lu","6cEmRrKFNNkrk9XHdNZAzM","8etKh8QD9C/JJeY3aLhbrE","88vVtf3rtFDJB/hW1vvHzW","36P/vNW89P+aTtglJuWRDO","ac88xWLoVAUKuTpD7Uw5rD","84X9958BdH9qHD1Z8f0MSP","c8u50bpoxDxqeupBw3gDuc"],["_textureSetter","10","11","12","13","14","15","16","17","18","19","20","21","22","23","24","25","01","02","03","04","05","06","07","08","09"],["cc.SpriteFrame",["cc.SpriteAtlas",["_name","_spriteFrames"],2,11]],[[1,0,1,2]],[[[{"name":"25","rect":[2,2,81,81],"offset":[0,0],"originalSize":[81,81],"capInsets":[0,0,0,0]}],[0],0,[0],[0],[0]],[[{"name":"10","rect":[85,417,81,81],"offset":[0,0],"originalSize":[81,81],"capInsets":[0,0,0,0]}],[0],0,[0],[0],[0]],[[{"name":"13","rect":[85,168,81,81],"offset":[0,0],"originalSize":[81,81],"capInsets":[0,0,0,0]}],[0],0,[0],[0],[0]],[[{"name":"17","rect":[251,2,81,81],"offset":[0,0],"originalSize":[81,81],"capInsets":[0,0,0,0]}],[0],0,[0],[0],[0]],[[{"name":"11","rect":[85,334,81,81],"offset":[0,0],"originalSize":[81,81],"capInsets":[0,0,0,0]}],[0],0,[0],[0],[0]],[[{"name":"06","rect":[417,85,81,81],"offset":[0,0],"originalSize":[81,81],"capInsets":[0,0,0,0]}],[0],0,[0],[0],[0]],[[{"name":"22","rect":[2,251,81,81],"offset":[0,0],"originalSize":[81,81],"capInsets":[0,0,0,0]}],[0],0,[0],[0],[0]],[[{"name":"03","rect":[168,334,81,81],"offset":[0,0],"originalSize":[81,81],"capInsets":[0,0,0,0]}],[0],0,[0],[0],[0]],[[{"name":"12","rect":[85,251,81,81],"offset":[0,0],"originalSize":[81,81],"capInsets":[0,0,0,0]}],[0],0,[0],[0],[0]],[[{"name":"08","rect":[251,85,81,81],"offset":[0,0],"originalSize":[81,81],"capInsets":[0,0,0,0]}],[0],0,[0],[0],[0]],[[{"name":"05","rect":[168,168,81,81],"offset":[0,0],"originalSize":[81,81],"capInsets":[0,0,0,0]}],[0],0,[0],[0],[0]],[[{"name":"04","rect":[168,251,81,81],"offset":[0,0],"originalSize":[81,81],"capInsets":[0,0,0,0]}],[0],0,[0],[0],[0]],[[{"name":"21","rect":[2,334,81,81],"offset":[0,0],"originalSize":[81,81],"capInsets":[0,0,0,0]}],[0],0,[0],[0],[0]],[[{"name":"19","rect":[85,2,81,81],"offset":[0,0],"originalSize":[81,81],"capInsets":[0,0,0,0]}],[0],0,[0],[0],[0]],[[{"name":"07","rect":[334,85,81,81],"offset":[0,0],"originalSize":[81,81],"capInsets":[0,0,0,0]}],[0],0,[0],[0],[0]],[[{"name":"24","rect":[2,85,81,81],"offset":[0,0],"originalSize":[81,81],"capInsets":[0,0,0,0]}],[0],0,[0],[0],[0]],[[{"name":"23","rect":[2,168,81,81],"offset":[0,0],"originalSize":[81,81],"capInsets":[0,0,0,0]}],[0],0,[0],[0],[0]],[[{"name":"16","rect":[334,2,81,81],"offset":[0,0],"originalSize":[81,81],"capInsets":[0,0,0,0]}],[0],0,[0],[0],[0]],[[{"name":"02","rect":[168,417,81,81],"offset":[0,0],"originalSize":[81,81],"capInsets":[0,0,0,0]}],[0],0,[0],[0],[0]],[[{"name":"14","rect":[85,85,81,81],"offset":[0,0],"originalSize":[81,81],"capInsets":[0,0,0,0]}],[0],0,[0],[0],[0]],[[{"name":"09","rect":[168,85,81,81],"offset":[0,0],"originalSize":[81,81],"capInsets":[0,0,0,0]}],[0],0,[0],[0],[0]],[[{"name":"18","rect":[168,2,81,81],"offset":[0,0],"originalSize":[81,81],"capInsets":[0,0,0,0]}],[0],0,[0],[0],[0]],[[{"name":"20","rect":[2,417,81,81],"offset":[0,0],"originalSize":[81,81],"capInsets":[0,0,0,0]}],[0],0,[0],[0],[0]],[[{"name":"15","rect":[417,2,81,81],"offset":[0,0],"originalSize":[81,81],"capInsets":[0,0,0,0]}],[0],0,[0],[0],[0]],[[[0,"coinIcon.plist",[{},"10",6,0,"11",6,1,"12",6,2,"13",6,3,"14",6,4,"15",6,5,"16",6,6,"17",6,7,"18",6,8,"19",6,9,"20",6,10,"21",6,11,"22",6,12,"23",6,13,"24",6,14,"25",6,15,"01",6,16,"02",6,17,"03",6,18,"04",6,19,"05",6,20,"06",6,21,"07",6,22,"08",6,23,"09",6,24]]],0,0,[0,0,0,0,0,0,0,0,0,0,0,0,0,0,0,0,0,0,0,0,0,0,0,0,0],[1,2,3,4,5,6,7,8,9,10,11,12,13,14,15,16,17,18,19,20,21,22,23,24,25],[1,2,3,4,5,6,7,8,9,10,11,12,13,14,15,16,17,18,19,20,21,22,23,24,25]]]]