[1,0,0,[["dragonBones.DragonBonesAsset",["_name","_dragonBonesJson"],1]],[[0,0,1,3]],[[0,"xiaohuojianrukou_ske","{\"frameRate\":24,\"isGlobal\":0,\"armature\":[{\"type\":\"Armature\",\"ik\":[],\"skin\":[{\"name\":\"\",\"slot\":[{\"display\":[{\"path\":\"xiaohuojian/1\",\"type\":\"image\",\"name\":\"xiaohuojian/1\",\"transform\":{\"skX\":-137.5486,\"y\":1.2388,\"skY\":-137.5486,\"x\":19.8737}},{\"path\":\"xiaohuojian/2\",\"type\":\"image\",\"name\":\"xiaohuojian/2\",\"transform\":{\"skX\":-137.5486,\"y\":2.0081,\"skY\":-137.5486,\"x\":18.4924}},{\"path\":\"xiaohuojian/3\",\"type\":\"image\",\"name\":\"xiaohuojian/3\",\"transform\":{\"skX\":-137.5486,\"y\":-0.3941,\"skY\":-137.5486,\"x\":24.7557}},{\"path\":\"xiaohuojian/4\",\"type\":\"image\",\"name\":\"xiaohuojian/4\",\"transform\":{\"skX\":-137.5486,\"y\":-0.8573,\"skY\":-137.5486,\"x\":27.2124}},{\"path\":\"xiaohuojian/5\",\"type\":\"image\",\"name\":\"xiaohuojian/5\",\"transform\":{\"skX\":-137.5486,\"y\":-1.2891,\"skY\":-137.5486,\"x\":28.9627}},{\"path\":\"xiaohuojian/6\",\"type\":\"image\",\"name\":\"xiaohuojian/6\",\"transform\":{\"skX\":-137.5486,\"y\":-1.5952,\"skY\":-137.5486,\"x\":27.8874}},{\"path\":\"xiaohuojian/7\",\"type\":\"image\",\"name\":\"xiaohuojian/7\",\"transform\":{\"skX\":-137.5486,\"y\":-0.3081,\"skY\":-137.5486,\"x\":30.7759}},{\"path\":\"xiaohuojian/8\",\"type\":\"image\",\"name\":\"xiaohuojian/8\",\"transform\":{\"skX\":-137.5486,\"y\":-0.065,\"skY\":-137.5486,\"x\":33.264}}],\"name\":\"1\"},{\"display\":[{\"path\":\"xiaohuojian/jinbi3\",\"type\":\"image\",\"name\":\"xiaohuojian/jinbi3\",\"transform\":{\"skX\":8.3057,\"y\":1.5619,\"skY\":8.3057,\"x\":8.9684}}],\"name\":\"jinbi3\"},{\"display\":[{\"path\":\"xiaohuojian/jinbi2\",\"type\":\"image\",\"name\":\"xiaohuojian/jinbi2\",\"transform\":{\"skX\":70.2532,\"y\":2.1696,\"skY\":70.2532,\"x\":1.9475}}],\"name\":\"jinbi2\"},{\"display\":[{\"path\":\"xiaohuojian/guangdian\",\"type\":\"image\",\"name\":\"xiaohuojian/guangdian\",\"transform\":{\"skX\":56.4217,\"y\":-1.6039,\"skY\":56.4217,\"x\":2.4161}}],\"blendMode\":\"add\",\"name\":\"guangdian\"},{\"display\":[{\"path\":\"xiaohuojian/g2\",\"type\":\"image\",\"name\":\"xiaohuojian/g2\",\"transform\":{\"skX\":39.6358,\"y\":-8.3899,\"skY\":39.6358,\"x\":22.7914}},{\"path\":\"xiaohuojian/g4\",\"type\":\"image\",\"name\":\"xiaohuojian/g4\",\"transform\":{\"skX\":39.6358,\"y\":-10.9399,\"skY\":39.6358,\"x\":83.9858}},{\"path\":\"xiaohuojian/g3\",\"type\":\"image\",\"name\":\"xiaohuojian/g3\",\"transform\":{\"skX\":39.6358,\"y\":-9.836,\"skY\":39.6358,\"x\":57.1012}},{\"path\":\"xiaohuojian/g1\",\"type\":\"image\",\"name\":\"xiaohuojian/g1\",\"transform\":{\"skX\":39.6358,\"y\":-8.3552,\"skY\":39.6358,\"x\":11.0761}}],\"blendMode\":\"add\",\"name\":\"g2\"},{\"display\":[{\"path\":\"xiaohuojian/feiji\",\"type\":\"image\",\"name\":\"xiaohuojian/feiji\",\"transform\":{\"skX\":-138.5454,\"y\":-2.6757,\"skY\":-138.5454,\"x\":56.3341}}],\"name\":\"feiji\"},{\"display\":[{\"path\":\"xiaohuojian/jinbi\",\"type\":\"image\",\"name\":\"xiaohuojian/jinbi\",\"transform\":{\"skX\":86.9872,\"y\":1.3718,\"skY\":86.9872,\"x\":3.4268}}],\"name\":\"jinbi\"},{\"display\":[{\"path\":\"xiaohuojian/guang\",\"type\":\"image\",\"name\":\"xiaohuojian/guang\",\"transform\":{\"skX\":157.9805,\"y\":0.3621,\"skY\":157.9805,\"x\":1.3693}}],\"name\":\"guang\"},{\"display\":[{\"path\":\"xiaohuojian/Crash\",\"type\":\"image\",\"name\":\"xiaohuojian/Crash\",\"transform\":{\"skX\":-0.9615,\"y\":-4.4957,\"skY\":-0.9615,\"x\":23.1778}}],\"name\":\"Crash\"}]}],\"animation\":[{\"ik\":[],\"frame\":[],\"playTimes\":0,\"ffd\":[],\"duration\":23,\"slot\":[{\"frame\":[{\"tweenEasing\":0,\"color\":{\"gM\":92,\"bM\":39,\"aM\":63},\"duration\":1},{\"tweenEasing\":0,\"color\":{\"gM\":93,\"bM\":46,\"aM\":55},\"duration\":7},{\"tweenEasing\":0,\"color\":{\"aM\":0},\"duration\":8},{\"tweenEasing\":0,\"color\":{\"aM\":31},\"duration\":7},{\"tweenEasing\":null,\"color\":{\"gM\":83,\"bM\":26,\"aM\":50},\"duration\":0}],\"name\":\"guangdian\"},{\"frame\":[{\"tweenEasing\":null,\"duration\":1},{\"tweenEasing\":null,\"displayIndex\":1,\"duration\":1},{\"tweenEasing\":null,\"displayIndex\":2,\"duration\":1},{\"tweenEasing\":null,\"displayIndex\":3,\"duration\":1},{\"tweenEasing\":null,\"displayIndex\":4,\"duration\":1},{\"tweenEasing\":null,\"displayIndex\":5,\"duration\":1},{\"tweenEasing\":null,\"displayIndex\":6,\"duration\":1},{\"tweenEasing\":null,\"displayIndex\":7,\"duration\":1},{\"tweenEasing\":null,\"duration\":1},{\"tweenEasing\":null,\"displayIndex\":1,\"duration\":1},{\"tweenEasing\":null,\"displayIndex\":2,\"duration\":1},{\"tweenEasing\":null,\"displayIndex\":3,\"duration\":1},{\"tweenEasing\":null,\"displayIndex\":4,\"duration\":1},{\"tweenEasing\":null,\"displayIndex\":5,\"duration\":1},{\"tweenEasing\":null,\"displayIndex\":6,\"duration\":1},{\"tweenEasing\":null,\"displayIndex\":7,\"duration\":1},{\"tweenEasing\":null,\"duration\":1},{\"tweenEasing\":null,\"displayIndex\":1,\"duration\":1},{\"tweenEasing\":null,\"displayIndex\":2,\"duration\":1},{\"tweenEasing\":null,\"displayIndex\":3,\"duration\":1},{\"tweenEasing\":null,\"displayIndex\":4,\"duration\":1},{\"tweenEasing\":null,\"displayIndex\":5,\"duration\":1},{\"tweenEasing\":null,\"displayIndex\":6,\"duration\":1},{\"tweenEasing\":null,\"displayIndex\":7,\"duration\":0}],\"name\":\"1\"},{\"frame\":[{\"tweenEasing\":0,\"displayIndex\":3,\"color\":{\"gM\":97,\"aM\":37,\"rM\":20},\"duration\":1},{\"tweenEasing\":0,\"color\":{\"gM\":97,\"aM\":31,\"rM\":20},\"duration\":1},{\"tweenEasing\":0,\"displayIndex\":2,\"color\":{\"gM\":97,\"aM\":26,\"rM\":20},\"duration\":1},{\"tweenEasing\":null,\"displayIndex\":1,\"color\":{\"gM\":97,\"aM\":21,\"rM\":20},\"duration\":7},{\"tweenEasing\":0,\"displayIndex\":3,\"color\":{\"gM\":97,\"rM\":20},\"duration\":1},{\"tweenEasing\":0,\"color\":{\"gM\":97,\"aM\":73,\"rM\":20},\"duration\":1},{\"tweenEasing\":0,\"displayIndex\":2,\"color\":{\"gM\":97,\"aM\":47,\"rM\":20},\"duration\":1},{\"tweenEasing\":null,\"displayIndex\":1,\"color\":{\"gM\":97,\"aM\":21,\"rM\":20},\"duration\":5},{\"tweenEasing\":0,\"displayIndex\":3,\"color\":{\"gM\":97,\"rM\":20},\"duration\":1},{\"tweenEasing\":0,\"color\":{\"gM\":97,\"aM\":73,\"rM\":20},\"duration\":1},{\"tweenEasing\":0,\"displayIndex\":2,\"color\":{\"gM\":97,\"aM\":47,\"rM\":20},\"duration\":1},{\"tweenEasing\":null,\"displayIndex\":1,\"color\":{\"gM\":97,\"aM\":21,\"rM\":20},\"duration\":2}],\"name\":\"g2\"}],\"bone\":[{\"frame\":[{\"transform\":{},\"duration\":23}],\"name\":\"root\"},{\"frame\":[{\"tweenEasing\":0,\"transform\":{},\"duration\":11},{\"tweenEasing\":0,\"transform\":{\"y\":-3},\"duration\":12},{\"transform\":{},\"duration\":0}],\"name\":\"jinbi2\"},{\"frame\":[{\"curve\":[0.5,0,1,1],\"transform\":{},\"duration\":11},{\"curve\":[0,0,0.5,1],\"transform\":{\"y\":-5,\"x\":3},\"duration\":12},{\"transform\":{},\"duration\":0}],\"name\":\"jinbi\"},{\"frame\":[{\"tweenEasing\":0,\"transform\":{},\"duration\":12},{\"tweenEasing\":0,\"transform\":{\"skX\":-5.0043,\"y\":3,\"skY\":-5.0043},\"duration\":11},{\"transform\":{},\"duration\":0}],\"name\":\"jinbi3\"},{\"frame\":[{\"tweenEasing\":0,\"transform\":{},\"duration\":12},{\"tweenEasing\":0,\"transform\":{\"y\":-2},\"duration\":11},{\"transform\":{},\"duration\":0}],\"name\":\"feiji\"},{\"frame\":[{\"transform\":{},\"duration\":23}],\"name\":\"1\"},{\"frame\":[{\"transform\":{},\"duration\":23}],\"name\":\"g2\"},{\"frame\":[{\"tweenEasing\":0,\"transform\":{},\"duration\":11},{\"tweenEasing\":0,\"transform\":{\"skX\":84.0017,\"skY\":84.0017,\"scX\":0.95,\"scY\":0.95},\"duration\":12},{\"transform\":{\"skX\":171.8417,\"skY\":171.8417},\"duration\":0}],\"name\":\"guangdian\"},{\"frame\":[{\"tweenEasing\":0,\"transform\":{\"skX\":15.4691,\"y\":-3.7735,\"skY\":15.4691,\"x\":9.1823},\"duration\":12},{\"tweenEasing\":0,\"transform\":{\"skX\":105.4691,\"y\":-3.7735,\"skY\":105.4691,\"x\":9.1823},\"duration\":11},{\"transform\":{\"skX\":195.4691,\"y\":-3.7735,\"skY\":195.4691,\"x\":9.1823},\"duration\":0}],\"name\":\"guang1\"},{\"frame\":[{\"tweenEasing\":0,\"transform\":{},\"duration\":12},{\"tweenEasing\":0,\"transform\":{\"y\":-4},\"duration\":11},{\"transform\":{},\"duration\":0}],\"name\":\"Crash\"}],\"name\":\"newAnimation\"}],\"slot\":[{\"name\":\"guang\",\"parent\":\"guang1\",\"color\":{}},{\"blendMode\":\"add\",\"z\":1,\"parent\":\"guangdian\",\"name\":\"guangdian\",\"color\":{}},{\"z\":2,\"name\":\"jinbi3\",\"parent\":\"jinbi3\",\"color\":{}},{\"z\":3,\"name\":\"1\",\"parent\":\"1\",\"color\":{}},{\"z\":4,\"name\":\"feiji\",\"parent\":\"feiji\",\"color\":{}},{\"blendMode\":\"add\",\"z\":5,\"parent\":\"g2\",\"name\":\"g2\",\"color\":{}},{\"z\":6,\"name\":\"jinbi\",\"parent\":\"jinbi\",\"color\":{}},{\"z\":7,\"name\":\"jinbi2\",\"parent\":\"jinbi2\",\"color\":{}},{\"z\":8,\"name\":\"Crash\",\"parent\":\"Crash\",\"color\":{}}],\"defaultActions\":[{\"gotoAndPlay\":\"newAnimation\"}],\"bone\":[{\"name\":\"root\",\"transform\":{}},{\"length\":10,\"transform\":{\"skX\":-70.2532,\"y\":-31.4,\"skY\":-70.2532,\"x\":-34.2},\"parent\":\"root\",\"name\":\"jinbi2\"},{\"length\":13,\"transform\":{\"skX\":-86.9872,\"y\":-47.15,\"skY\":-86.9872,\"x\":5.95},\"parent\":\"root\",\"name\":\"jinbi\"},{\"length\":20,\"transform\":{\"skX\":-8.3057,\"y\":29.25,\"skY\":-8.3057,\"x\":31.9},\"parent\":\"root\",\"name\":\"jinbi3\"},{\"length\":53,\"transform\":{\"skX\":138.5454,\"y\":-52.8,\"skY\":138.5454,\"x\":57.45},\"parent\":\"root\",\"name\":\"feiji\"},{\"length\":42,\"transform\":{\"skX\":-56.4217,\"y\":-7.6,\"skY\":-56.4217,\"x\":-2},\"parent\":\"root\",\"name\":\"guangdian\"},{\"length\":22,\"transform\":{\"skX\":-15.4691,\"y\":-5.2401,\"skY\":-15.4691,\"x\":-2.2737},\"parent\":\"root\",\"name\":\"guang1\"},{\"length\":35,\"transform\":{\"skX\":0.9615,\"y\":44.25,\"skY\":0.9615,\"x\":-23.25},\"parent\":\"root\",\"name\":\"Crash\"},{\"length\":15,\"transform\":{\"skX\":-178.1813,\"y\":-9.3201,\"skY\":-178.1813,\"x\":85.8196},\"parent\":\"feiji\",\"name\":\"g2\"},{\"length\":47,\"transform\":{\"skX\":-0.9969,\"y\":-2.5012,\"skY\":-0.9969,\"x\":93.5392},\"parent\":\"feiji\",\"name\":\"1\"}],\"aabb\":{\"width\":162,\"y\":-86.25626694847573,\"height\":162,\"x\":-81.85741105836127},\"name\":\"Armaturexiaohuojian\",\"frameRate\":24}],\"name\":\"xiaohuojianrukou\",\"version\":\"5.0\"}"]],0,0,[],[],[]]