[1,["fbUEfMBKtO0JtnvZLTtxme"],["_textureSetter"],["cc.SpriteFrame"],0,[[[{"name":"img_zpbg_1","rect":[2,626,711,371],"offset":[0,0],"originalSize":[711,371],"capInsets":[0,0,0,0]}],[0],0,[0],[0],[0]],[[{"name":"img_zhizhen","rect":[741,2,139,126],"offset":[0,1],"originalSize":[141,128],"rotated":1,"capInsets":[0,0,0,0]}],[0],0,[0],[0],[0]],[[{"name":"Moedas de ouro","rect":[626,2,145,83],"offset":[0,0],"originalSize":[145,83],"rotated":1,"capInsets":[0,0,0,0]}],[0],0,[0],[0],[0]],[[{"name":"btn_spin","rect":[715,762,258,258],"offset":[0,0],"originalSize":[258,258],"capInsets":[0,0,0,0]}],[0],0,[0],[0],[0]],[[{"name":"FREESPIN","rect":[741,143,97,98],"offset":[0,0],"originalSize":[97,98],"capInsets":[0,0,0,0]}],[0],0,[0],[0],[0]],[[{"name":"img_zhuanpan","rect":[2,2,622,622],"offset":[0,0],"originalSize":[622,622],"capInsets":[0,0,0,0]}],[0],0,[0],[0],[0]]]]