[1,["5d2US18ltLurHAwhKrvXQ+","9fA97ZwQVDtbyCFpZFRm10"],["spriteFrame","_textureSetter"],["cc.SpriteFrame",["cc.BitmapFont",["_name","fontSize","_fntConfig"],0]],[[1,0,1,2,4]],[[[[0,"bigwin",32,{"commonHeight":45,"fontSize":32,"atlasName":"C:\\Users\\40315\\Desktop\\ziti\\新建文件夹\\新建文件夹\\bigwin.png","fontDefDictionary":{"9":{"xOffset":0,"yOffset":0,"xAdvance":104,"rect":{"x":0,"y":0,"width":0,"height":0}},"32":{"xOffset":0,"yOffset":0,"xAdvance":13,"rect":{"x":0,"y":0,"width":0,"height":0}},"43":{"xOffset":0,"yOffset":-31,"xAdvance":69,"rect":{"x":0,"y":186,"width":68,"height":63}},"44":{"xOffset":0,"yOffset":6,"xAdvance":36,"rect":{"x":144,"y":192,"width":35,"height":58}},"45":{"xOffset":0,"yOffset":-17,"xAdvance":39,"rect":{"x":69,"y":192,"width":38,"height":33}},"46":{"xOffset":0,"yOffset":6,"xAdvance":36,"rect":{"x":108,"y":192,"width":35,"height":39}},"48":{"xOffset":0,"yOffset":-49,"xAdvance":70,"rect":{"x":228,"y":0,"width":69,"height":95}},"49":{"xOffset":0,"yOffset":-47,"xAdvance":50,"rect":{"x":170,"y":0,"width":49,"height":92}},"50":{"xOffset":0,"yOffset":-49,"xAdvance":69,"rect":{"x":367,"y":0,"width":68,"height":94}},"51":{"xOffset":0,"yOffset":-49,"xAdvance":68,"rect":{"x":367,"y":95,"width":67,"height":95}},"52":{"xOffset":0,"yOffset":-47,"xAdvance":73,"rect":{"x":155,"y":93,"width":72,"height":92}},"53":{"xOffset":0,"yOffset":-47,"xAdvance":67,"rect":{"x":435,"y":95,"width":66,"height":93}},"54":{"xOffset":0,"yOffset":-49,"xAdvance":69,"rect":{"x":298,"y":96,"width":68,"height":95}},"55":{"xOffset":0,"yOffset":-47,"xAdvance":66,"rect":{"x":436,"y":0,"width":65,"height":92}},"56":{"xOffset":0,"yOffset":-49,"xAdvance":70,"rect":{"x":228,"y":96,"width":69,"height":95}},"57":{"xOffset":0,"yOffset":-49,"xAdvance":69,"rect":{"x":298,"y":0,"width":68,"height":95}},"66":{"xOffset":0,"yOffset":-47,"xAdvance":74,"rect":{"x":96,"y":0,"width":73,"height":92}},"75":{"xOffset":0,"yOffset":-47,"xAdvance":79,"rect":{"x":0,"y":93,"width":78,"height":92}},"77":{"xOffset":0,"yOffset":-47,"xAdvance":96,"rect":{"x":0,"y":0,"width":95,"height":92}},"84":{"xOffset":0,"yOffset":-47,"xAdvance":76,"rect":{"x":79,"y":93,"width":75,"height":92}}},"kerningDict":{}}]],0,0,[0],[0],[0]],[[{"name":"bigwin","rect":[0,0,501,250],"offset":[-5.5,3],"originalSize":[512,256],"capInsets":[0,0,0,0]}],[0],0,[0],[1],[1]]]]