[1,["748p9XCJJC44BzG3sFs4p/"],["_textureSetter"],["cc.SpriteFrame"],0,[[[{"name":"img_zp2_small","rect":[584,1339,436,438],"offset":[0,0],"originalSize":[436,438],"rotated":1,"capInsets":[0,0,0,0]}],[0],0,[0],[0],[0]],[[{"name":"img_zp2_zhizhen","rect":[718,218,257,400],"offset":[0,0],"originalSize":[257,400],"capInsets":[0,0,0,0]}],[0],0,[0],[0],[0]],[[{"name":"zp_img1","rect":[2,2,714,714],"offset":[0,0],"originalSize":[714,714],"capInsets":[0,0,0,0]}],[0],0,[0],[0],[0]],[[{"name":"img_zp2_big","rect":[2,718,622,619],"offset":[0,0],"originalSize":[622,619],"capInsets":[0,0,0,0]}],[0],0,[0],[0],[0]],[[{"name":"zp_img2","rect":[2,1339,580,580],"offset":[0,0],"originalSize":[580,580],"capInsets":[0,0,0,0]}],[0],0,[0],[0],[0]]]]