[1,["ecpdLyjvZBwrvm+cedCcQy","53GZ7KODFJI6Ijy9IEt2J/","49wQ5u5/tHJY9AVcxIleC2","39dC+9Q8JAjbeegGndfaZT","b9hMN0fh5E1rbCkffsOSWx","9aQYv6k7xAF4Spq9bsQtyn","d9kOB/mxxAb4lPk6b2p5pD","c07cFtp8pI1bfsWFalYkZa","33CM+fPxtNmbVnFV2ad9J6","76BUUHkv1J07LoYU+1TRkM","820rx0tbtBwKP29upjwHpH","56A5xFvcVIrZibzp1n8rsr","a5QcTsqNRPQ4uBhHWgKatS","f8MM5nvDBNHqKrV+JChP0k","ca6LXg4f9KeI9CFoUrm4z9","70TFjQvbpHcraHKW0G5Q6a","d0aT22ZXtLPIDQ1JipAwFW","49g7pnhRxIor7U+trvYYxo","69/bs9PCJHga1H7iVjgpoK","89dFbZ+tlPwJZ0DxgOX0Mu","d0OPbvogVHTqMI02ONO37u","d6VrN44WlG2JgdJXyrCAD7","78Yirk6JpOqJ33OgLtZvBP","38ovy23JxN2LtyIDYMU1X2","0193vZ5RpG+aPyYJZwFBLR","60K+/y+JdA9Y88pjkXKIKW","4cDV1/s/FKBZhzxpW+UU32","a9FnxYjPVLTKPnYlpV3BVS","cdwzt2ibJEZrb1keqk+f/7","a3iFrcV1BND6z8/jo6SfT1","5e9EGDuThHs65/f91xnU+X","4dv6RG2yRHl52A6ScaELxL","53UDAU/JJE5J2Ka3w17HBM","76e857wlJArLgmN0K491qh","b35DXSX8FKMJNu+MBC2hbF","dfYcjagJVAiqWqODykhYiz","32yQtFc/5IqJ0mqqQqGim5","913W0xuHZGGrt8Xv0fkEvs","4awJuqNgtBg5Q8U2247hhT","48yZp+gHJLxLXFIvtXmfs8","1fipUdJQpIN6LlnHjHF4yF","a2i/jjD6hGzrJSr4fgxpCM","d3qpylESVPNLMm2pJGsjnA","d1MoDRlmhN868nyE1m5h45","ffq0A3ySpEGJ7JrxF4e/ob","eb959kF4VJSa1ertgK99Xi","71eHGdHiBNYZyR1JHiMFxh","ffm1sxjINHKKZrKN+Ov6x1","52q17/it9BkZwBshAfsyo4","73GUEPVxNKdZBhy0HRPda8","c2fwdZoo9FuJmMdqC6xy1H","17q8USOINGfqEmk6lyt7Rb","75iKoyHXpFrYDTuQavX/mx","acfUIjIVZMUKLFNPS5BnIz","b5mNzgfGNLuIafjKPf0Qqi","27A+flFyxLfpKn3ruXXMIW","f4gU0MBF9MVYcUcUSf+mZP","68BdMq/eFJvqKyqx3ioW+M","1eelviIkFPUbgyJojEmKiI","15oXMU9NVHVpd+9J9u8D1o","b1MweOPXtNyZTKuOIK9S2l","06fuKzm7BOTZRlsuCliqD6","cd49VwJXlNUZ5vahN69o3o","6feMlPROdEp4kD1Qqz7JNb","9bc6kyJxhOaLuPtOFXQOHW","efl4I9q8hADIaGgg/QECqb","c0iohyxLlO4pEt2Yl5T6Vu","ccYtX7gN1Csoy1ps6qCsEj","82m+CzP35Er4QhcQ4GGkjd"],["value","node","_spriteFrame","_textureSetter","_N$dragonAsset","_N$dragonAtlasAsset","root","rightAnimate","data","rightClip","_defaultClip"],["cc.SpriteFrame",["cc.Node",["_name","_active","_prefab","_components","_contentSize","_parent","_children"],1,4,9,5,1,2],["cc.Sprite",["_sizeMode","node","_materials","_spriteFrame"],2,1,3,6],["cc.PrefabInfo",["fileId","root"],2,1],["dragonBones.DragonBonesAsset",["_name","_dragonBonesJson"],1],["cc.AudioClip",["_name","_native","duration"],0],["cc.AnimationClip",["_name","_duration","speed","wrapMode","curveData"],-1,11],["cc.Prefab",["_name"],2],["cc.Node",["_name","_active","_parent","_components","_prefab","_contentSize","_trs"],1,1,12,4,5,7],["cc.Node",["_name","_active","_parent","_components","_prefab","_contentSize","_trs"],1,1,2,4,5,7],["befb6TMn+JK+LORnZFZeNjU",["node","elementNode","elementDragoneAnim","rightAnimate","rightClip"],3,1,2,2,1,6],["cc.Animation",["playOnLoad","node","_clips"],2,1,3],["dragonBones.ArmatureDisplay",["_armatureName","_preCacheMode","_armatureKey","node","_materials"],0,1,3]],[[3,0,1,2],[4,0,1,3],[1,0,1,5,6,2,3],[1,0,5,3,2,4,2],[9,0,1,2,3,4,5,6,3],[2,1,2,3,1],[12,0,1,2,3,4,4],[2,1,2,1],[5,0,1,2,4],[6,0,1,2,3,4,5],[7,0,2],[1,0,6,3,2,4,2],[1,0,1,5,3,2,4,3],[8,0,1,2,3,4,5,6,3],[2,0,1,2,3,2],[10,0,1,2,3,4,1],[3,1,1],[11,0,1,2,2]],[[[[1,"s_slot_777_ske","{\"frameRate\":24,\"isGlobal\":0,\"name\":\"s_slot_777\",\"version\":\"5.0\",\"armature\":[{\"slot\":[{\"color\":{},\"name\":\"777\",\"parent\":\"777\"},{\"z\":1,\"color\":{},\"name\":\"77\",\"parent\":\"77\"},{\"blendMode\":\"add\",\"z\":2,\"color\":{},\"name\":\"s_slot_777/711\",\"parent\":\"bone11\"},{\"z\":3,\"color\":{},\"name\":\"s_slot_777/7\",\"parent\":\"bone1\"},{\"blendMode\":\"add\",\"z\":4,\"color\":{},\"name\":\"s_slot_777/71\",\"parent\":\"bone1\"}],\"ik\":[],\"type\":\"Armature\",\"frameRate\":24,\"skin\":[{\"slot\":[{\"display\":[{\"path\":\"s_slot_777/7\",\"type\":\"image\",\"name\":\"s_slot_777/7\",\"transform\":{\"y\":-10}}],\"blendMode\":\"add\",\"name\":\"s_slot_777/71\"},{\"display\":[{\"path\":\"s_slot_777/777\",\"type\":\"image\",\"name\":\"s_slot_777/777\",\"transform\":{\"y\":-36.55,\"x\":6.35}}],\"name\":\"777\"},{\"display\":[{\"path\":\"s_slot_777/7\",\"type\":\"image\",\"name\":\"s_slot_777/7\",\"transform\":{\"y\":-10}}],\"blendMode\":\"add\",\"name\":\"s_slot_777/711\"},{\"display\":[{\"path\":\"s_slot_777/77\",\"type\":\"image\",\"name\":\"s_slot_777/77\",\"transform\":{\"y\":-37.1,\"x\":6.2}}],\"name\":\"77\"},{\"display\":[{\"path\":\"s_slot_777/7\",\"type\":\"image\",\"name\":\"s_slot_777/7\",\"transform\":{\"y\":-10}}],\"name\":\"s_slot_777/7\"}],\"name\":\"\"}],\"defaultActions\":[{\"gotoAndPlay\":\"newAnimation\"}],\"animation\":[{\"slot\":[{\"frame\":[{\"tweenEasing\":0,\"duration\":5,\"color\":{\"aM\":0}},{\"tweenEasing\":0,\"duration\":5},{\"tweenEasing\":0,\"duration\":5,\"color\":{\"aM\":0}},{\"tweenEasing\":0,\"duration\":5},{\"tweenEasing\":0,\"duration\":7,\"color\":{\"aM\":0}},{\"tweenEasing\":0,\"duration\":8},{\"tweenEasing\":null,\"duration\":0,\"color\":{\"aM\":0}}],\"name\":\"s_slot_777/71\"},{\"frame\":[{\"duration\":5,\"tweenEasing\":null},{\"tweenEasing\":0,\"duration\":13},{\"tweenEasing\":0,\"duration\":1,\"color\":{\"aM\":0}},{\"tweenEasing\":0,\"duration\":14},{\"tweenEasing\":null,\"duration\":2,\"color\":{\"aM\":0}}],\"name\":\"s_slot_777/711\"}],\"ik\":[],\"frame\":[],\"playTimes\":0,\"ffd\":[],\"duration\":35,\"name\":\"newAnimation\",\"bone\":[{\"frame\":[{\"duration\":35,\"transform\":{}}],\"name\":\"root\"},{\"frame\":[{\"duration\":7,\"transform\":{},\"tweenEasing\":0},{\"duration\":28,\"transform\":{\"y\":-31.25}}],\"name\":\"bone\"},{\"frame\":[{\"duration\":7,\"transform\":{}},{\"duration\":7,\"transform\":{},\"tweenEasing\":0},{\"duration\":7,\"transform\":{\"scX\":1.1,\"scY\":1.1},\"tweenEasing\":0},{\"duration\":7,\"transform\":{},\"tweenEasing\":0},{\"duration\":7,\"transform\":{\"scX\":1.1,\"scY\":1.1},\"tweenEasing\":0},{\"duration\":0,\"transform\":{}}],\"name\":\"bone1\"},{\"frame\":[{\"duration\":5,\"transform\":{}},{\"duration\":7,\"transform\":{},\"tweenEasing\":0},{\"duration\":23,\"transform\":{\"skX\":15,\"skY\":15}}],\"name\":\"777\"},{\"frame\":[{\"duration\":5,\"transform\":{}},{\"duration\":7,\"transform\":{},\"tweenEasing\":0},{\"duration\":23,\"transform\":{\"skX\":-15,\"skY\":-15}}],\"name\":\"77\"},{\"frame\":[{\"duration\":5,\"transform\":{}},{\"duration\":13,\"transform\":{},\"tweenEasing\":0},{\"duration\":1,\"transform\":{\"scX\":1.7,\"scY\":1.7},\"tweenEasing\":0},{\"duration\":14,\"transform\":{},\"tweenEasing\":0},{\"duration\":2,\"transform\":{\"scX\":1.7,\"scY\":1.7}}],\"name\":\"bone11\"}]}],\"name\":\"Armature\",\"bone\":[{\"transform\":{},\"name\":\"root\"},{\"transform\":{},\"name\":\"bone\",\"parent\":\"root\"},{\"transform\":{},\"name\":\"bone1\",\"parent\":\"bone\"},{\"transform\":{\"y\":32.05,\"x\":42.15},\"name\":\"777\",\"parent\":\"bone\"},{\"transform\":{\"y\":33.6,\"x\":-54.7},\"name\":\"77\",\"parent\":\"bone\"},{\"transform\":{},\"name\":\"bone11\",\"parent\":\"bone\"}],\"aabb\":{\"width\":171,\"y\":-71.5,\"height\":123,\"x\":-85.5}}]}"]],0,0,[],[],[]],[[[1,"s_slot_lindang_ske","{\"frameRate\":24,\"isGlobal\":0,\"name\":\"s_slot_lindang\",\"version\":\"5.0\",\"armature\":[{\"slot\":[{\"color\":{},\"name\":\"lingdan\",\"parent\":\"lingdan\",\"displayIndex\":-1},{\"blendMode\":\"add\",\"z\":1,\"color\":{},\"name\":\"lingdan1\",\"parent\":\"lingdan\"},{\"z\":2,\"color\":{},\"name\":\"lingdang\",\"parent\":\"lingdan\"}],\"defaultActions\":[{\"gotoAndPlay\":\"newAnimation\"}],\"type\":\"Armature\",\"frameRate\":24,\"skin\":[{\"slot\":[{\"display\":[{\"path\":\"s_slot_lingdang/lingdang\",\"type\":\"image\",\"name\":\"s_slot_lingdang/lingdang\",\"transform\":{\"y\":45.5,\"x\":-42.8}}],\"blendMode\":\"add\",\"name\":\"lingdan1\"},{\"display\":[],\"name\":\"lingdan\"},{\"display\":[{\"path\":\"s_slot_lingdang/lingdang\",\"type\":\"image\",\"name\":\"s_slot_lingdang/lingdang\",\"transform\":{\"y\":45.5,\"x\":-42.8}}],\"name\":\"lingdang\"}],\"name\":\"\"}],\"ik\":[],\"animation\":[{\"slot\":[{\"frame\":[{\"tweenEasing\":0,\"duration\":7,\"color\":{\"aM\":0}},{\"tweenEasing\":0,\"duration\":7},{\"tweenEasing\":0,\"duration\":7,\"color\":{\"aM\":0}},{\"tweenEasing\":0,\"duration\":9},{\"tweenEasing\":null,\"duration\":0,\"color\":{\"aM\":0}}],\"name\":\"lingdan1\"}],\"ik\":[],\"frame\":[],\"playTimes\":0,\"ffd\":[],\"duration\":30,\"name\":\"newAnimation\",\"bone\":[{\"frame\":[{\"duration\":30,\"transform\":{}}],\"name\":\"root\"},{\"frame\":[{\"duration\":7,\"transform\":{},\"tweenEasing\":0},{\"duration\":23,\"transform\":{\"y\":-30.6959}}],\"name\":\"bone\"},{\"frame\":[{\"duration\":10,\"transform\":{},\"tweenEasing\":0},{\"duration\":7,\"transform\":{\"skX\":-15,\"skY\":-15},\"tweenEasing\":0},{\"duration\":7,\"transform\":{},\"tweenEasing\":0},{\"duration\":6,\"transform\":{\"skX\":15,\"skY\":15},\"tweenEasing\":0},{\"duration\":0,\"transform\":{}}],\"name\":\"lingdan\"}]}],\"name\":\"Armature\",\"bone\":[{\"transform\":{},\"name\":\"root\"},{\"transform\":{},\"name\":\"bone\",\"parent\":\"root\"},{\"transform\":{\"y\":-45.5,\"x\":30.8},\"name\":\"lingdan\",\"parent\":\"bone\"}],\"aabb\":{\"width\":117,\"y\":-61,\"height\":122,\"x\":-70.5}}]}"]],0,0,[],[],[]],[[[1,"s_slot_7_ske","{\"frameRate\":24,\"isGlobal\":0,\"name\":\"s_slot_7\",\"version\":\"5.0\",\"armature\":[{\"slot\":[{\"blendMode\":\"add\",\"color\":{},\"name\":\"s_slot_777/711\",\"parent\":\"bone11\"},{\"z\":1,\"color\":{},\"name\":\"s_slot_777/7\",\"parent\":\"bone1\"},{\"blendMode\":\"add\",\"z\":2,\"color\":{},\"name\":\"s_slot_777/71\",\"parent\":\"bone1\",\"displayIndex\":-1}],\"ik\":[],\"type\":\"Armature\",\"frameRate\":24,\"skin\":[{\"slot\":[{\"display\":[{\"path\":\"s_slot_7/7\",\"type\":\"image\",\"name\":\"s_slot_7/7\",\"transform\":{}}],\"blendMode\":\"add\",\"name\":\"s_slot_777/71\"},{\"display\":[{\"path\":\"s_slot_7/7\",\"type\":\"image\",\"name\":\"s_slot_7/7\",\"transform\":{}}],\"name\":\"s_slot_777/7\"},{\"display\":[{\"path\":\"s_slot_7/7\",\"type\":\"image\",\"name\":\"s_slot_7/7\",\"transform\":{}}],\"blendMode\":\"add\",\"name\":\"s_slot_777/711\"}],\"name\":\"\"}],\"defaultActions\":[{\"gotoAndPlay\":\"newAnimation\"}],\"animation\":[{\"slot\":[{\"frame\":[{\"tweenEasing\":0,\"duration\":5,\"color\":{\"aM\":0},\"displayIndex\":-1},{\"tweenEasing\":0,\"duration\":5,\"displayIndex\":-1},{\"tweenEasing\":0,\"duration\":5,\"color\":{\"aM\":0},\"displayIndex\":-1},{\"tweenEasing\":0,\"duration\":5,\"displayIndex\":-1},{\"tweenEasing\":0,\"duration\":7,\"color\":{\"aM\":0},\"displayIndex\":-1},{\"tweenEasing\":0,\"duration\":11,\"displayIndex\":-1},{\"tweenEasing\":null,\"duration\":0,\"color\":{\"aM\":0},\"displayIndex\":-1}],\"name\":\"s_slot_777/71\"},{\"frame\":[{\"duration\":5,\"tweenEasing\":null},{\"tweenEasing\":0,\"duration\":13},{\"tweenEasing\":0,\"duration\":9,\"color\":{\"aM\":0}},{\"tweenEasing\":0,\"duration\":11},{\"tweenEasing\":null,\"duration\":0,\"color\":{\"aM\":0}}],\"name\":\"s_slot_777/711\"}],\"ik\":[],\"frame\":[],\"playTimes\":0,\"ffd\":[],\"duration\":38,\"name\":\"newAnimation\",\"bone\":[{\"frame\":[{\"duration\":38,\"transform\":{}}],\"name\":\"root\"},{\"frame\":[{\"duration\":4,\"transform\":{},\"tweenEasing\":0},{\"duration\":3,\"transform\":{\"y\":-17.8571,\"skX\":-24,\"skY\":-24,\"scX\":1.1143,\"scY\":1.1286},\"tweenEasing\":0},{\"duration\":2,\"transform\":{\"y\":-31.25,\"skX\":1.2,\"skY\":1.2,\"scX\":1.2,\"scY\":1.225}},{\"duration\":3,\"transform\":{\"y\":-31.25,\"skX\":18,\"skY\":18,\"scX\":1.2571,\"scY\":1.2893},\"tweenEasing\":0},{\"duration\":2,\"transform\":{\"y\":-31.25,\"skX\":-10,\"skY\":-10,\"scX\":1.3429,\"scY\":1.3857},\"tweenEasing\":0},{\"duration\":2,\"transform\":{\"y\":-31.25,\"skX\":-2.5,\"skY\":-2.5,\"scX\":1.4,\"scY\":1.45},\"tweenEasing\":0},{\"duration\":2,\"transform\":{\"y\":-31.25,\"skX\":5,\"skY\":5,\"scX\":1.2667,\"scY\":1.3},\"tweenEasing\":0},{\"duration\":2,\"transform\":{\"y\":-31.25,\"scX\":1.1333,\"scY\":1.15}},{\"duration\":18,\"transform\":{\"y\":-31.25}}],\"name\":\"bone\"},{\"frame\":[{\"duration\":7,\"transform\":{}},{\"duration\":7,\"transform\":{},\"tweenEasing\":0},{\"duration\":10,\"transform\":{\"scX\":1.1,\"scY\":1.1},\"tweenEasing\":0},{\"duration\":7,\"transform\":{},\"tweenEasing\":0},{\"duration\":7,\"transform\":{\"scX\":1.1,\"scY\":1.1},\"tweenEasing\":0},{\"duration\":0,\"transform\":{}}],\"name\":\"bone1\"},{\"frame\":[{\"duration\":5,\"transform\":{}},{\"duration\":13,\"transform\":{\"scX\":1.7,\"scY\":1.7},\"tweenEasing\":0},{\"duration\":9,\"transform\":{},\"tweenEasing\":0},{\"duration\":11,\"transform\":{},\"tweenEasing\":0},{\"duration\":0,\"transform\":{\"scX\":2,\"scY\":2}}],\"name\":\"bone11\"}]}],\"name\":\"Armature\",\"bone\":[{\"transform\":{},\"name\":\"root\"},{\"transform\":{},\"name\":\"bone\",\"parent\":\"root\"},{\"transform\":{},\"name\":\"bone1\",\"parent\":\"bone\"},{\"transform\":{},\"name\":\"bone11\",\"parent\":\"bone\"}],\"aabb\":{\"width\":103,\"y\":-61.5,\"height\":123,\"x\":-51.5}}]}"]],0,0,[],[],[]],[[{"name":"Fruit_77","rect":[0,0,169,139],"offset":[0,0],"originalSize":[169,139],"capInsets":[0,0,0,0]}],[0],0,[0],[3],[2]],[[[1,"s_slot_yt_ske","{\"frameRate\":24,\"isGlobal\":0,\"name\":\"s_slot_yt\",\"version\":\"5.0\",\"armature\":[{\"slot\":[{\"color\":{},\"name\":\"yt\",\"parent\":\"yt1\"}],\"ik\":[],\"type\":\"Armature\",\"frameRate\":24,\"skin\":[{\"slot\":[{\"display\":[{\"bonePose\":[2,-0.007860019201875536,-0.9999691095719638,0.9999691095719638,-0.007860019201875536,-36.1,26.15,3,-0.02075964483704294,-0.9997844953519932,0.9997844953519932,-0.02075964483704294,31.95,29.5],\"slotPose\":[0.9999999999999999,0,0,0.9999999999999999,-7.105427357601002e-15,-14.000000000000007],\"userEdges\":[22,6,23,22,23,5,17,24,24,23,24,4,22,25,25,8,14,26,26,27,27,28,28,29,29,11,18,30,30,26,13,30,19,31,31,27,30,31,20,32,32,28,31,32,21,33,33,29,32,33,26,34,15,34,27,35,34,35,28,36,35,36,29,37,36,37,37,10,37,38,38,25,9,38,36,39,39,22,38,39,35,40,40,23,39,40,34,41,41,24,40,41,41,16],\"vertices\":[-81.5,-74,81.5,-74,-81.5,74,81.5,74,-46.7,74,-14.2,74,19.95,74,51.6,74,81.5,51.8,81.5,27.4,81.5,0.6,81.5,-27.85,81.5,-50.6,-81.5,-47.35,-81.5,-23,-81.5,3.85,-81.5,30.65,-81.5,52.6,-54.05,-74,-20.7,-74,17.5,-74,50,-74,20.76,52.1,-19.13,52.29,-48.36,52.44,50.78,51.95,-51.71,-22.05,-20.05,-22.18,18.82,-23.01,50.32,-22.2,-52.8,-46.31,-20.32,-43.22,18.29,-43.34,50.19,-43.31,-50.54,4.13,-19.75,2.23,19.57,6.2,50.49,4.68,50.62,25.78,20.14,28.17,-19.43,28.18,-49.41,29.13],\"path\":\"s_slot_yt/yt\",\"weights\":[2,2,0.7504314084518152,3,0.24956859154818492,2,2,0.2550036067064428,3,0.7449963932935572,2,2,0.8114442000842539,3,0.18855579991574614,2,2,0.1843824435822925,3,0.8156175564177075,2,2,0.849755888732789,3,0.15024411126721107,2,2,0.6530934232275926,3,0.3469065767724075,2,2,0.20035716450549493,3,0.799642835494505,2,2,0.12964735753290607,3,0.8703526424670939,2,2,0.15307201671359014,3,0.8469279832864098,2,2,0.15222723385402204,3,0.8477727661459781,2,2,0.15464462579874408,3,0.845355374201256,2,2,0.1615983863272084,3,0.8384016136727916,2,2,0.1989479941501956,3,0.8010520058498044,2,2,0.8210775506256496,3,0.1789224493743504,2,2,0.859876380294748,3,0.1401236197052521,2,2,0.8616870570644817,3,0.13831294293551832,2,2,0.8617514714862212,3,0.13824852851377883,2,2,0.8539102991949504,3,0.14608970080504946,2,2,0.7459669198828369,3,0.2540330801171631,2,2,0.6284728496458237,3,0.3715271503541762,2,2,0.36010710338173335,3,0.6398928966182666,2,2,0.2549055721254328,3,0.7450944278745671,2,2,0.05570849898257733,3,0.9442915010174227,2,2,0.8604532420582491,3,0.13954675794175075,2,2,0.9558865071719885,3,0.044113492828011434,2,2,0.05250678089761219,3,0.9474932191023878,2,2,0.9636997858547633,3,0.03630021414523677,2,2,0.8967226782422812,3,0.10327732175771881,2,2,0.05593692135371307,3,0.944063078646287,2,2,0.052234166790329044,3,0.947765833209671,2,2,0.8741103185529651,3,0.125889681447035,2,2,0.775750497282275,3,0.22424950271772515,2,2,0.19091099238031498,3,0.809089007619685,2,2,0.117882507520442,3,0.882117492479558,2,2,0.9708345177637007,3,0.029165482236299316,2,2,0.9031264039967629,3,0.09687359600323693,2,2,0.04122930637170481,3,0.9587706936282951,2,2,0.047229195576036366,3,0.9527708044239636,2,2,0.04584371461714722,3,0.9541562853828527,2,2,0.03992742769805881,3,0.9600725723019411,2,2,0.9026120440193894,3,0.09738795598061063,2,2,0.9740665166295284,3,0.025933483370471574],\"uvs\":[0,-0.05639,1,-0.05639,0,1.05639,1,1.05639,0.2135,1.05639,0.41288,1.05639,0.62239,1.05639,0.81656,1.05639,1,0.88947,1,0.70602,1,0.50451,1,0.2906,1,0.11955,0,0.14399,0,0.32706,0,0.52894,0,0.73045,0,0.89549,0.1684,-0.05639,0.37301,-0.05639,0.60736,-0.05639,0.80675,-0.05639,0.62736,0.89171,0.38267,0.89319,0.2033,0.89427,0.81154,0.89061,0.18274,0.33422,0.37697,0.33325,0.61545,0.32696,0.80872,0.33307,0.17605,0.15178,0.37536,0.17501,0.61222,0.17412,0.80792,0.17439,0.18997,0.53106,0.37884,0.51676,0.62008,0.54659,0.80974,0.53516,0.81054,0.69385,0.62357,0.71183,0.38082,0.71191,0.19686,0.71905],\"edges\":[4,2,5,4,6,5,3,7,7,6,8,3,9,8,10,9,11,10,1,12,12,11,13,0,14,13,15,14,16,15,2,17,17,16,0,18,18,19,19,20,20,21,21,1],\"type\":\"mesh\",\"transform\":{\"y\":-31.0401,\"skX\":91.1895,\"skY\":91.1895,\"x\":44.1539},\"triangles\":[37,38,9,38,25,9,37,9,10,29,37,10,9,25,8,25,7,8,8,7,3,21,33,12,21,12,1,29,10,11,12,33,11,33,29,11,37,36,38,36,39,38,32,28,33,36,37,29,28,36,29,33,28,29,38,39,25,39,22,25,32,33,21,20,32,21,25,22,7,22,6,7,31,27,32,31,32,20,19,31,20,35,40,36,32,27,28,35,36,28,27,35,28,36,40,39,40,23,39,5,6,22,23,5,22,39,23,22,30,31,19,23,4,5,34,41,40,41,24,40,26,27,31,30,26,31,27,26,35,26,34,35,34,40,35,18,30,19,40,24,23,24,4,23,26,15,34,15,16,34,34,16,41,41,16,24,16,17,24,17,2,24,24,2,4,18,13,30,30,14,26,14,15,26,0,13,18,13,14,30],\"width\":163,\"height\":133,\"name\":\"s_slot_yt/yt\"}],\"name\":\"yt\"}],\"name\":\"\"}],\"defaultActions\":[{\"gotoAndPlay\":\"newAnimation\"}],\"animation\":[{\"slot\":[],\"ik\":[],\"frame\":[],\"playTimes\":0,\"ffd\":[],\"duration\":28,\"name\":\"newAnimation\",\"bone\":[{\"frame\":[{\"duration\":28,\"transform\":{}}],\"name\":\"root\"},{\"frame\":[{\"duration\":28,\"transform\":{}}],\"name\":\"bone\"},{\"frame\":[{\"duration\":10,\"transform\":{},\"tweenEasing\":0},{\"duration\":3,\"transform\":{\"y\":-56.4629,\"scX\":0.7883,\"scY\":1.0664},\"tweenEasing\":0},{\"duration\":11,\"transform\":{\"y\":-65.1782,\"scX\":0.7883,\"scY\":1.1416},\"tweenEasing\":0},{\"duration\":4,\"transform\":{\"y\":-14.235,\"scX\":1.0907,\"scY\":0.7943},\"tweenEasing\":0},{\"duration\":0,\"transform\":{\"y\":-14.235,\"scX\":0.8646}}],\"name\":\"yt\"},{\"frame\":[{\"duration\":10,\"transform\":{},\"tweenEasing\":0},{\"duration\":3,\"transform\":{\"y\":-56.4629,\"scX\":0.7883,\"scY\":1.0664},\"tweenEasing\":0},{\"duration\":11,\"transform\":{\"y\":-65.1782,\"scX\":0.7883,\"scY\":1.1416},\"tweenEasing\":0},{\"duration\":4,\"transform\":{\"y\":-14.235,\"scX\":1.0907,\"scY\":0.7943},\"tweenEasing\":0},{\"duration\":0,\"transform\":{\"y\":-14.235,\"scX\":0.8646}}],\"name\":\"yt1\"}]}],\"name\":\"Armature\",\"bone\":[{\"transform\":{},\"name\":\"root\"},{\"transform\":{},\"name\":\"bone\",\"parent\":\"root\"},{\"length\":57,\"transform\":{\"y\":26.15,\"skX\":-90.4504,\"skY\":-90.4504,\"x\":-36.1},\"parent\":\"bone\",\"name\":\"yt\"},{\"length\":60,\"transform\":{\"y\":29.5,\"skX\":-91.1895,\"skY\":-91.1895,\"x\":31.95},\"parent\":\"bone\",\"name\":\"yt1\"}],\"aabb\":{\"width\":163,\"y\":-79.67727272727274,\"height\":133,\"x\":-81.34545454545457}}]}"]],0,0,[],[],[]],[[[8,"Bg_link",".mp3",2.377143],-1],0,0,[],[],[]],[[{"name":"Fruit_2bar","rect":[0,0,148,123],"offset":[0,0],"originalSize":[148,123],"capInsets":[0,0,0,0]}],[0],0,[0],[3],[3]],[[[9,"itemWinAnimate",0.35,0.5,2,[{},"comps",11,[{},"cc.Sprite",11,[{},"spriteFrame",12,[[[{"frame":0},"value",6,0],[{"frame":0.016666666666666666},"value",6,1],[{"frame":0.03333333333333333},"value",6,2],[{"frame":0.05},"value",6,3],[{"frame":0.06666666666666667},"value",6,4],[{"frame":0.08333333333333333},"value",6,5],[{"frame":0.1},"value",6,6],[{"frame":0.11666666666666667},"value",6,7],[{"frame":0.13333333333333333},"value",6,8],[{"frame":0.15},"value",6,9],[{"frame":0.16666666666666666},"value",6,10],[{"frame":0.18333333333333332},"value",6,11],[{"frame":0.2},"value",6,12],[{"frame":0.21666666666666667},"value",6,13],[{"frame":0.23333333333333334},"value",6,14],[{"frame":0.25},"value",6,15],[{"frame":0.26666666666666666},"value",6,16],[{"frame":0.2833333333333333},"value",6,17],[{"frame":0.3},"value",6,18],[{"frame":0.31666666666666665},"value",6,19],[{"frame":0.3333333333333333},"value",6,20]],11,11,11,11,11,11,11,11,11,11,11,11,11,11,11,11,11,11,11,11,11]]]]]],0,0,[0,0,0,0,0,0,0,0,0,0,0,0,0,0,0,0,0,0,0,0,0],[0,0,0,0,0,0,0,0,0,0,0,0,0,0,0,0,0,0,0,0,0],[4,5,6,7,8,9,10,11,12,13,14,15,16,17,18,19,20,21,22,23,24]],[[{"name":"Fruit_zuanshi","rect":[0,0,176,130],"offset":[0,0],"originalSize":[176,130],"capInsets":[0,0,0,0]}],[0],0,[0],[3],[25]],[[[10,"slotItem"],[11,"slotItem",[-27,-28,-29,-30,-31,-32,-33,-34,-35,-36,-37,-38,-39],[[7,-2,[37]],[15,-26,[-15,-16,-17,-18,-19,-20,-21,-22,-23,-24,-25],[-4,-5,-6,-7,-8,-9,-10,-11,-12,-13,-14],-3,38]],[16,-1],[5,148,133]],[2,"yintao",false,1,[-40,-41],[0,"d2qCvN7pZHVKN+/n3jFapc",1]],[2,"lingmeng",false,1,[-42,-43],[0,"9bNQs1849IHoTGXRmJ7xxk",1]],[2,"xigua",false,1,[-44,-45],[0,"87fNa2u/5FvbdHH80/XAkG",1]],[2,"bar-a",false,1,[-46,-47],[0,"82rEG+IXVPPo51rfBJEXjq",1]],[2,"bar-b",false,1,[-48,-49],[0,"e2EBkdqZxH2J+zaaDrV9tQ",1]],[2,"zhanshi",false,1,[-50,-51],[0,"4aAjoj60FKb4gQFsSHmf79",1]],[2,"lingdang",false,1,[-52,-53],[0,"34Xl5C+81KlJHM/Hsa4h6o",1]],[2,"zhuanpan",false,1,[-54,-55],[0,"87++ZXefZGt4baLHaotrSa",1]],[2,"7",false,1,[-56,-57],[0,"23+WqtL2pJwK53if/pPilV",1]],[2,"77",false,1,[-58,-59],[0,"d9fHqsFFtM2bV5BfJ210ih",1]],[2,"777",false,1,[-60,-61],[0,"63ReXG+U9KL42CHcbxtz3o",1]],[13,"animateNode",false,1,[[[14,0,-62,[1],2],-63],4,1],[0,"2ea+QJiytEmopZdu7Qxw1e",1],[5,250,250],[0,12,0,0,0,0,1,1.65,0.92,1]],[12,"sign",false,1,[[7,-64,[0]]],[0,"10BNkvvt1OjKJcGo9W9quO",1],[5,180,194]],[17,true,13,[3]],[4,"yintaoAnim",false,2,[-65],[0,"c9+5an5sJDy4kcWvNgbyXE",1],[5,163,133],[0,0,0,0,0,0,1,1,1,0.473]],[6,"Armature",0,"48c99a7e-8072-4bc4-b5c5-22fb5799fb3c#1f8a951d-250a-4837-a2e5-9c78c7178c85",16,[4]],[3,"item",2,[[5,-66,[5],6]],[0,"06LJXxPG1DRryozNk+BEdM",1],[5,133,123]],[4,"lingmengAnim",false,3,[-67],[0,"00kM8mSttHSoCmv+fai+K2",1],[5,122,109],[0,0,0,0,0,0,1,1,1,0.473]],[6,"Armature",0,"a28bf8e3-0fa8-46ce-b252-af87e0c6908c#d3aa9ca5-1125-4f34-b326-da9246b239c0",19,[7]],[3,"item",3,[[5,-68,[8],9]],[0,"a5LMH4zrNLNY5fsW2P8o9D",1],[5,123,110]],[4,"xiguaAnim",false,4,[-69],[0,"34umaiycJH3LT5FOLEVMrh",1],[5,126,123],[0,0,0,0,0,0,1,1,1,0.473]],[6,"Armature",0,"d13280d1-9668-4df3-af27-c84d66e61e39#ffab4037-c92a-4418-9ec9-af11787bfa1b",22,[10]],[3,"item",4,[[5,-70,[11],12]],[0,"f4DBGUBIJJuLBeLr2rcz0U",1],[5,125,122]],[4,"bar-aAnim",false,5,[-71],[0,"26SghZFglPh45Fy7aa00rZ",1],[5,176,71],[0,0,0,0,0,0,1,1,1,0.473]],[6,"Armature",0,"ebf79f64-1785-4949-ad5e-aed80af7d5e2#7178719d-1e20-4d61-9c91-d491e2305c61",25,[13]],[3,"item",5,[[5,-72,[14],15]],[0,"f8Ms46OE5LA5Qj/6TtlxWy",1],[5,176,71]],[4,"bar-bAnim",false,6,[-73],[0,"58XLDV/5RFj4s8AA6hTbyP",1],[5,144,118],[0,0,0,0,0,0,1,1,1,0.473]],[6,"Armature",0,"ff9b5b31-8c83-4728-a66b-28df8ebfac75#52ab5eff-8adf-4191-9c01-b2101fb32a38",28,[16]],[3,"item",6,[[5,-74,[17],18]],[0,"80XAjlz5JFUZzN41MT9aNE",1],[5,144,116]],[4,"zhanshiAnim",false,7,[-75],[0,"e8TsX7mhNEB69yaPmR1im7",1],[5,162,116],[0,0,0,0,0,0,1,1,1,0.473]],[6,"Armature",0,"7319410f-5713-4a75-9061-cb41d13dd6bc#c27f0759-a28f-45b8-998c-76a0bac72d47",31,[19]],[3,"item",7,[[5,-76,[20],21]],[0,"e2veu70DBEvoQ3gKMdNh5q",1],[5,162,116]],[4,"lingdangAnim",false,8,[-77],[0,"4fA+KBCKVE+I3dpP7cLMxA",1],[5,117,122],[0,0,0,0,0,0,1,1,1,0.473]],[6,"Armature",0,"17abc512-3883-467e-a126-93a972b7b45b#7588aa32-1d7a-45ad-80d3-b906af5ff9b1",34,[22]],[3,"item",8,[[5,-78,[23],24]],[0,"11YuowKhJFwYO4oBwiR2Ap",1],[5,117,122]],[4,"zhuanpanAnim",false,9,[-79],[0,"1aFX6XWuxGd6ElER8JwAI9",1],[5,156,124.04999999999995],[0,0,0,0,0,0,1,1,1,0.473]],[6,"Armature",0,"ac7d4223-2156-4c50-a2c5-34f4b9067233#b598dce0-7c63-4bb8-869f-8ca3dfd10aa2",37,[25]],[3,"item",9,[[5,-80,[26],27]],[0,"45ikOgCchOeoOwB7P8fbeK",1],[5,156,112]],[4,"7Anim",false,10,[-81],[0,"355NCt4fdCIrBpW2jKDD+M",1],[5,103,123],[0,0,0,0,0,0,1,1,1,0.473]],[6,"Armature",0,"2703e7e5-172c-4b7e-92a7-debb975cc216#f4814d0c-045f-4c55-8714-71449ffa664f",40,[28]],[3,"item",10,[[5,-82,[29],30]],[0,"capk//9hRE3ZUpd9/o8Jz8",1],[5,103,122]],[4,"77Anim",false,11,[-83],[0,"79QRxolTpKrKcvlQEPpIeu",1],[5,138,111],[0,0,0,0,0,0,1,1,1,0.473]],[6,"Armature",0,"6805d32a-fde1-49be-a2b2-ab1de2a16f8c#1e7a5be2-2241-4f51-b832-2688c498a888",43,[31]],[3,"item",11,[[5,-84,[32],33]],[0,"aaEweumHVBC7ljzV6D/Cj1",1],[5,156,126]],[4,"777Anim",false,12,[-85],[0,"dbqLyX5VlPnpUiiTD/kClP",1],[5,171,123],[0,0,0,0,0,0,1,1,1,0.473]],[6,"Armature",0,"15a17314-f4d5-4756-977e-f49f6ef03d68#b133078e-3d7b-4dc9-94ca-b8e20af52da5",46,[34]],[3,"item",12,[[5,-86,[35],36]],[0,"1bXQ7bGAZBn60BxzfG8Olu",1],[5,172,124]]],0,[0,6,1,0,1,1,0,7,15,0,-1,17,0,-2,20,0,-3,23,0,-4,26,0,-5,29,0,-6,32,0,-7,35,0,-8,38,0,-9,41,0,-10,44,0,-11,47,0,-1,2,0,-2,3,0,-3,4,0,-4,5,0,-5,6,0,-6,7,0,-7,8,0,-8,9,0,-9,10,0,-10,11,0,-11,12,0,1,1,0,-1,14,0,-2,13,0,-3,2,0,-4,3,0,-5,4,0,-6,5,0,-7,6,0,-8,7,0,-9,8,0,-10,9,0,-11,10,0,-12,11,0,-13,12,0,-1,16,0,-2,18,0,-1,19,0,-2,21,0,-1,22,0,-2,24,0,-1,25,0,-2,27,0,-1,28,0,-2,30,0,-1,31,0,-2,33,0,-1,34,0,-2,36,0,-1,37,0,-2,39,0,-1,40,0,-2,42,0,-1,43,0,-2,45,0,-1,46,0,-2,48,0,1,13,0,-2,15,0,1,14,0,-1,17,0,1,18,0,-1,20,0,1,21,0,-1,23,0,1,24,0,-1,26,0,1,27,0,-1,29,0,1,30,0,-1,32,0,1,33,0,-1,35,0,1,36,0,-1,38,0,1,39,0,-1,41,0,1,42,0,-1,44,0,1,45,0,-1,47,0,1,48,0,8,1,86],[0,0,0,0,0,0,0,0,0,0,0,0,0,0,0,0,0,0,0,0,0,0,0,0,0,0,0,0,0,0,0,0,0,0,0,0,0,0,0,15,17,17,20,20,23,23,26,26,29,29,32,32,35,35,38,38,41,41,44,44,47,47],[-1,-1,2,-1,-1,-1,2,-1,-1,2,-1,-1,2,-1,-1,2,-1,-1,2,-1,-1,2,-1,-1,2,-1,-1,2,-1,-1,2,-1,-1,2,-1,-1,2,-1,9,10,4,5,4,5,4,5,4,5,4,5,4,5,4,5,4,5,4,5,4,5,4,5],[0,0,26,1,0,0,27,0,0,28,0,0,29,0,0,30,0,0,31,0,0,32,0,0,33,0,0,34,0,0,35,0,0,36,0,0,37,0,38,1,39,40,41,42,43,44,45,46,47,48,49,50,51,52,53,54,55,56,57,58,59,60]],[[{"name":"Fruit_bar","rect":[0,0,180,78],"offset":[0,0],"originalSize":[180,78],"capInsets":[0,0,0,0]}],[0],0,[0],[3],[61]],[[[1,"s_slot_77_ske","{\"frameRate\":24,\"isGlobal\":0,\"name\":\"s_slot_77\",\"version\":\"5.0\",\"armature\":[{\"slot\":[{\"color\":{},\"name\":\"77\",\"parent\":\"77\"},{\"z\":1,\"color\":{},\"name\":\"s_slot_777/7\",\"parent\":\"bone1\"},{\"blendMode\":\"add\",\"z\":2,\"color\":{},\"name\":\"s_slot_777/71\",\"parent\":\"bone1\",\"displayIndex\":-1},{\"blendMode\":\"add\",\"z\":3,\"color\":{},\"name\":\"771\",\"parent\":\"77\",\"displayIndex\":-1},{\"blendMode\":\"add\",\"z\":4,\"color\":{},\"name\":\"-7\",\"parent\":\"bone2\",\"displayIndex\":-1}],\"defaultActions\":[{\"gotoAndPlay\":\"newAnimation\"}],\"type\":\"Armature\",\"frameRate\":24,\"skin\":[{\"slot\":[{\"display\":[{\"path\":\"s_slot_77/77\",\"type\":\"image\",\"name\":\"s_slot_77/77\",\"transform\":{\"y\":-37,\"skX\":-8,\"skY\":-8,\"x\":6.2}}],\"name\":\"77\"},{\"display\":[{\"path\":\"s_slot_77/7\",\"type\":\"image\",\"name\":\"s_slot_77/7\",\"transform\":{\"skX\":16,\"skY\":16}}],\"blendMode\":\"add\",\"name\":\"s_slot_777/71\"},{\"display\":[{\"path\":\"s_slot_77/-7\",\"type\":\"image\",\"name\":\"s_slot_77/-7\",\"transform\":{\"y\":-9.7656,\"x\":-10.4345}}],\"blendMode\":\"add\",\"name\":\"-7\"},{\"display\":[{\"path\":\"s_slot_77/77\",\"type\":\"image\",\"name\":\"s_slot_77/77\",\"transform\":{\"y\":-37,\"skX\":-8,\"skY\":-8,\"x\":6.2}}],\"blendMode\":\"add\",\"name\":\"771\"},{\"display\":[{\"path\":\"s_slot_77/7\",\"type\":\"image\",\"name\":\"s_slot_77/7\",\"transform\":{\"skX\":16,\"skY\":16}}],\"name\":\"s_slot_777/7\"}],\"name\":\"\"}],\"ik\":[],\"animation\":[{\"slot\":[{\"frame\":[{\"tweenEasing\":0,\"duration\":7,\"color\":{\"aM\":0}},{\"tweenEasing\":0,\"duration\":7,\"color\":{\"aM\":31}},{\"tweenEasing\":0,\"duration\":7,\"color\":{\"aM\":2}},{\"tweenEasing\":0,\"duration\":7,\"color\":{\"aM\":35}},{\"tweenEasing\":0,\"duration\":6,\"color\":{\"aM\":13}},{\"tweenEasing\":0,\"duration\":5,\"color\":{\"aM\":67}},{\"tweenEasing\":null,\"duration\":0,\"color\":{\"aM\":0}}],\"name\":\"s_slot_777/71\"},{\"frame\":[{\"tweenEasing\":0,\"duration\":7,\"color\":{\"aM\":0}},{\"tweenEasing\":0,\"duration\":7,\"color\":{\"aM\":31}},{\"tweenEasing\":0,\"duration\":7,\"color\":{\"aM\":2}},{\"tweenEasing\":0,\"duration\":7,\"color\":{\"aM\":35}},{\"tweenEasing\":0,\"duration\":6,\"color\":{\"aM\":13}},{\"tweenEasing\":0,\"duration\":5,\"color\":{\"aM\":67}},{\"tweenEasing\":null,\"duration\":0,\"color\":{\"aM\":0}}],\"name\":\"771\"},{\"frame\":[{\"tweenEasing\":0,\"duration\":21,\"color\":{\"aM\":0}},{\"tweenEasing\":0,\"duration\":8,\"color\":{\"aM\":0}},{\"tweenEasing\":0,\"duration\":5,\"color\":{\"aM\":15}},{\"tweenEasing\":null,\"duration\":5,\"color\":{\"aM\":0}}],\"name\":\"-7\"}],\"ik\":[],\"frame\":[],\"playTimes\":0,\"ffd\":[],\"duration\":39,\"name\":\"newAnimation\",\"bone\":[{\"frame\":[{\"duration\":39,\"transform\":{}}],\"name\":\"root\"},{\"frame\":[{\"duration\":7,\"transform\":{},\"tweenEasing\":0},{\"duration\":5,\"transform\":{\"y\":-31.25}},{\"duration\":6,\"transform\":{\"y\":-31.25,\"scX\":1.25,\"scY\":1.45},\"tweenEasing\":0},{\"duration\":21,\"transform\":{\"y\":-31.25}}],\"name\":\"bone\"},{\"frame\":[{\"duration\":5,\"transform\":{},\"tweenEasing\":0},{\"duration\":2,\"transform\":{},\"tweenEasing\":0},{\"duration\":7,\"transform\":{\"skX\":2,\"skY\":2},\"tweenEasing\":0},{\"duration\":6,\"transform\":{\"skX\":9,\"skY\":9,\"scX\":1.1,\"scY\":1.1},\"tweenEasing\":0},{\"duration\":1,\"transform\":{\"scX\":1.0143,\"scY\":1.0143}},{\"duration\":7,\"transform\":{},\"tweenEasing\":0},{\"duration\":11,\"transform\":{\"scX\":1.2,\"scY\":1.2},\"tweenEasing\":0},{\"duration\":0,\"transform\":{}}],\"name\":\"bone1\"},{\"frame\":[{\"duration\":5,\"transform\":{},\"tweenEasing\":0},{\"duration\":9,\"transform\":{},\"tweenEasing\":0},{\"duration\":7,\"transform\":{\"skX\":-9,\"skY\":-9},\"tweenEasing\":0},{\"duration\":7,\"transform\":{},\"tweenEasing\":0},{\"duration\":11,\"transform\":{\"scX\":1.1,\"scY\":1.1},\"tweenEasing\":0},{\"duration\":0,\"transform\":{}}],\"name\":\"77\"},{\"frame\":[{\"duration\":21,\"transform\":{}},{\"duration\":13,\"transform\":{},\"tweenEasing\":0},{\"duration\":5,\"transform\":{\"scX\":1.7,\"scY\":1.7}}],\"name\":\"bone2\"}]}],\"name\":\"Armature\",\"bone\":[{\"transform\":{},\"name\":\"root\"},{\"transform\":{},\"name\":\"bone\",\"parent\":\"root\"},{\"transform\":{},\"name\":\"bone1\",\"parent\":\"bone\"},{\"transform\":{\"y\":7,\"x\":-7},\"name\":\"bone2\",\"parent\":\"bone\"},{\"transform\":{\"y\":33.6,\"x\":-54.7},\"name\":\"77\",\"parent\":\"bone\"}],\"aabb\":{\"width\":138,\"y\":-55.50000000000001,\"height\":111,\"x\":-88}}]}"]],0,0,[],[],[]],[[[1,"s_slot_zshi_ske","{\"frameRate\":24,\"isGlobal\":0,\"name\":\"s_slot_zshi\",\"version\":\"5.0\",\"armature\":[{\"slot\":[{\"blendMode\":\"add\",\"color\":{},\"name\":\"zhuangshi11\",\"parent\":\"bone1\"},{\"z\":1,\"color\":{},\"name\":\"zhuangshi1\",\"parent\":\"bone\"},{\"blendMode\":\"add\",\"z\":2,\"color\":{},\"name\":\"zhuangshi\",\"parent\":\"bone\"}],\"defaultActions\":[{\"gotoAndPlay\":\"newAnimation\"}],\"type\":\"Armature\",\"frameRate\":24,\"skin\":[{\"slot\":[{\"display\":[{\"path\":\"s_slot_zshi1/zhuangshi\",\"type\":\"image\",\"name\":\"s_slot_zshi1/zhuangshi\",\"transform\":{}}],\"blendMode\":\"add\",\"name\":\"zhuangshi\"},{\"display\":[{\"path\":\"s_slot_zshi1/zhuangshi\",\"type\":\"image\",\"name\":\"s_slot_zshi1/zhuangshi\",\"transform\":{}}],\"name\":\"zhuangshi1\"},{\"display\":[{\"path\":\"s_slot_zshi1/zhuangshi\",\"type\":\"image\",\"name\":\"s_slot_zshi1/zhuangshi\",\"transform\":{}}],\"blendMode\":\"add\",\"name\":\"zhuangshi11\"}],\"name\":\"\"}],\"ik\":[],\"animation\":[{\"slot\":[{\"frame\":[{\"tweenEasing\":0,\"duration\":10,\"color\":{\"aM\":0}},{\"tweenEasing\":0,\"duration\":10},{\"tweenEasing\":0,\"duration\":10,\"color\":{\"aM\":0}},{\"tweenEasing\":null,\"duration\":0}],\"name\":\"zhuangshi\"},{\"frame\":[{\"tweenEasing\":null,\"duration\":30}],\"name\":\"zhuangshi1\"},{\"frame\":[{\"duration\":5,\"tweenEasing\":null},{\"tweenEasing\":0,\"duration\":10},{\"tweenEasing\":0,\"duration\":1,\"color\":{\"aM\":0}},{\"tweenEasing\":0,\"duration\":14},{\"tweenEasing\":null,\"duration\":0,\"color\":{\"aM\":0}}],\"name\":\"zhuangshi11\"}],\"ik\":[],\"frame\":[],\"playTimes\":0,\"ffd\":[],\"duration\":30,\"name\":\"newAnimation\",\"bone\":[{\"frame\":[{\"duration\":30,\"transform\":{}}],\"name\":\"root\"},{\"frame\":[{\"duration\":5,\"transform\":{},\"tweenEasing\":0},{\"duration\":2,\"transform\":{\"y\":-26},\"tweenEasing\":0},{\"duration\":4,\"transform\":{\"y\":-26,\"skX\":10,\"skY\":10},\"tweenEasing\":0},{\"duration\":3,\"transform\":{\"y\":-26},\"tweenEasing\":0},{\"duration\":3,\"transform\":{\"y\":-26,\"skX\":-10,\"skY\":-10},\"tweenEasing\":0},{\"duration\":4,\"transform\":{\"y\":-26},\"tweenEasing\":0},{\"duration\":2,\"transform\":{\"y\":-26,\"skX\":10,\"skY\":10},\"tweenEasing\":0},{\"duration\":4,\"transform\":{\"y\":-26},\"tweenEasing\":0},{\"duration\":3,\"transform\":{\"y\":-26,\"skX\":-10,\"skY\":-10},\"tweenEasing\":0},{\"duration\":0,\"transform\":{\"y\":-26}}],\"name\":\"bone\"},{\"frame\":[{\"duration\":5,\"transform\":{},\"tweenEasing\":0},{\"duration\":2,\"transform\":{\"y\":-26},\"tweenEasing\":0},{\"duration\":4,\"transform\":{\"y\":-26,\"skX\":10,\"skY\":10,\"scX\":1.14,\"scY\":1.14},\"tweenEasing\":0},{\"duration\":3,\"transform\":{\"y\":-26,\"scX\":1.42,\"scY\":1.42},\"tweenEasing\":0},{\"duration\":1,\"transform\":{\"y\":-26,\"skX\":-10,\"skY\":-10,\"scX\":1.63,\"scY\":1.63},\"tweenEasing\":0},{\"duration\":1,\"transform\":{\"y\":-26,\"skX\":-6.6667,\"skY\":-6.6667,\"scX\":1.7,\"scY\":1.7},\"tweenEasing\":0},{\"duration\":1,\"transform\":{\"y\":-26,\"skX\":-3.3333,\"skY\":-3.3333},\"tweenEasing\":0},{\"duration\":4,\"transform\":{\"y\":-26,\"scX\":1.05,\"scY\":1.05},\"tweenEasing\":0},{\"duration\":3,\"transform\":{\"y\":-26,\"skX\":10,\"skY\":10,\"scX\":1.25,\"scY\":1.25},\"tweenEasing\":0},{\"duration\":3,\"transform\":{\"y\":-26,\"scX\":1.4,\"scY\":1.4},\"tweenEasing\":0},{\"duration\":3,\"transform\":{\"y\":-26,\"skX\":-10,\"skY\":-10,\"scX\":1.55,\"scY\":1.55},\"tweenEasing\":0},{\"duration\":0,\"transform\":{\"y\":-26,\"scX\":1.7,\"scY\":1.7}}],\"name\":\"bone1\"}]}],\"name\":\"Armature\",\"bone\":[{\"transform\":{},\"name\":\"root\"},{\"transform\":{},\"name\":\"bone\",\"parent\":\"root\"},{\"transform\":{},\"name\":\"bone1\",\"parent\":\"root\"}],\"aabb\":{\"width\":162,\"y\":-58,\"height\":116,\"x\":-81}}]}"]],0,0,[],[],[]],[[{"name":"Fruit_lingdang","rect":[0,0,131,136],"offset":[0,0],"originalSize":[131,136],"capInsets":[0,0,0,0]}],[0],0,[0],[3],[62]],[[{"name":"Fruit_777","rect":[0,0,195,140],"offset":[0,0],"originalSize":[195,140],"capInsets":[0,0,0,0]}],[0],0,[0],[3],[63]],[[[1,"s_slot_nm_ske","{\"frameRate\":24,\"isGlobal\":0,\"armature\":[{\"bone\":[{\"name\":\"root\",\"transform\":{}},{\"transform\":{},\"name\":\"bone\",\"parent\":\"root\"}],\"aabb\":{\"width\":122,\"y\":-54.5,\"height\":109,\"x\":-61},\"type\":\"Armature\",\"frameRate\":24,\"ik\":[],\"skin\":[{\"slot\":[{\"display\":[{\"path\":\"s_slot_nm/nm\",\"type\":\"image\",\"name\":\"s_slot_nm/nm\",\"transform\":{}}],\"name\":\"nm\"}],\"name\":\"\"}],\"defaultActions\":[{\"gotoAndPlay\":\"newAnimation\"}],\"animation\":[{\"playTimes\":0,\"bone\":[{\"frame\":[{\"transform\":{},\"duration\":28}],\"name\":\"root\"},{\"frame\":[{\"tweenEasing\":0,\"transform\":{},\"duration\":10},{\"tweenEasing\":0,\"transform\":{\"scY\":1.0664,\"y\":-56.4629,\"scX\":0.7883},\"duration\":3},{\"tweenEasing\":0,\"transform\":{\"scY\":1.1416,\"y\":-65.1782,\"scX\":0.7883},\"duration\":11},{\"tweenEasing\":0,\"transform\":{\"scY\":0.7943,\"y\":-14.235,\"scX\":1.0907},\"duration\":4},{\"transform\":{\"y\":-2.985,\"scX\":0.8646},\"duration\":0}],\"name\":\"bone\"}],\"slot\":[],\"ffd\":[],\"ik\":[],\"frame\":[],\"name\":\"newAnimation\",\"duration\":28}],\"slot\":[{\"name\":\"nm\",\"parent\":\"bone\",\"color\":{}}],\"name\":\"Armature\"}],\"name\":\"s_slot_nm\",\"version\":\"5.0\"}"]],0,0,[],[],[]],[[{"name":"Fruit_xigua","rect":[0,0,129,130],"offset":[0,0],"originalSize":[129,130],"capInsets":[0,0,0,0]}],[0],0,[0],[3],[64]],[[{"name":"Fruit_yt","rect":[0,0,148,137],"offset":[0,0],"originalSize":[148,137],"capInsets":[0,0,0,0]}],[0],0,[0],[3],[65]],[[[1,"s_slot_wild_ske","{\"frameRate\":24,\"isGlobal\":0,\"name\":\"s_slot_wild\",\"version\":\"5.0\",\"armature\":[{\"slot\":[{\"color\":{},\"name\":\"bg2\",\"parent\":\"bone3\"},{\"z\":1,\"color\":{},\"name\":\"bg\",\"parent\":\"bone2\"},{\"z\":2,\"color\":{},\"name\":\"wzi\",\"parent\":\"bone1\"},{\"blendMode\":\"add\",\"z\":3,\"color\":{},\"name\":\"wzi1\",\"parent\":\"bone1\"}],\"defaultActions\":[{\"gotoAndPlay\":\"newAnimation\"}],\"type\":\"Armature\",\"frameRate\":24,\"skin\":[{\"slot\":[{\"display\":[{\"path\":\"s_slot_wild/bg\",\"type\":\"image\",\"name\":\"s_slot_wild/bg\",\"transform\":{\"x\":0.2953}}],\"name\":\"bg\"},{\"display\":[{\"path\":\"s_slot_wild/wzi\",\"type\":\"image\",\"name\":\"s_slot_wild/wzi\",\"transform\":{\"y\":2,\"x\":-0.5}}],\"name\":\"wzi\"},{\"display\":[{\"path\":\"s_slot_wild/bg2\",\"type\":\"image\",\"name\":\"s_slot_wild/bg2\",\"transform\":{\"x\":4}}],\"name\":\"bg2\"},{\"display\":[{\"path\":\"s_slot_wild/wzi\",\"type\":\"image\",\"name\":\"s_slot_wild/wzi\",\"transform\":{\"y\":2,\"x\":-0.5}}],\"blendMode\":\"add\",\"name\":\"wzi1\"}],\"name\":\"\"}],\"ik\":[],\"animation\":[{\"slot\":[{\"frame\":[{\"tweenEasing\":0,\"duration\":7,\"color\":{\"aM\":0}},{\"tweenEasing\":0,\"duration\":7},{\"tweenEasing\":0,\"duration\":7,\"color\":{\"aM\":0}},{\"tweenEasing\":0,\"duration\":7},{\"tweenEasing\":null,\"duration\":2,\"color\":{\"aM\":0}}],\"name\":\"wzi1\"}],\"ik\":[],\"frame\":[],\"playTimes\":0,\"ffd\":[],\"duration\":30,\"name\":\"newAnimation\",\"bone\":[{\"frame\":[{\"duration\":30,\"transform\":{}}],\"name\":\"root\"},{\"frame\":[{\"duration\":30,\"transform\":{}}],\"name\":\"bone\"},{\"frame\":[{\"duration\":10,\"transform\":{},\"tweenEasing\":0},{\"duration\":10,\"transform\":{\"scX\":1.15,\"scY\":1.15},\"tweenEasing\":0},{\"duration\":10,\"transform\":{},\"tweenEasing\":0},{\"duration\":0,\"transform\":{\"scX\":1.15,\"scY\":1.15}}],\"name\":\"bone1\"},{\"frame\":[{\"duration\":15,\"transform\":{},\"tweenEasing\":0},{\"duration\":15,\"transform\":{\"skX\":90,\"skY\":90},\"tweenEasing\":0},{\"duration\":0,\"transform\":{}}],\"name\":\"bone2\"},{\"frame\":[{\"duration\":15,\"transform\":{},\"tweenEasing\":0},{\"duration\":15,\"transform\":{\"skX\":90,\"skY\":90},\"tweenEasing\":0},{\"duration\":0,\"transform\":{}}],\"name\":\"bone3\"}]}],\"name\":\"Armature\",\"bone\":[{\"transform\":{},\"name\":\"root\"},{\"transform\":{\"y\":-14.45,\"x\":-18.5},\"name\":\"bone\",\"parent\":\"root\"},{\"transform\":{\"y\":44,\"x\":18.5},\"name\":\"bone1\",\"parent\":\"bone\"},{\"transform\":{\"y\":-0.55,\"x\":-4},\"name\":\"bone2\",\"parent\":\"bone\"},{\"transform\":{\"y\":-14.55,\"x\":44.5},\"name\":\"bone3\",\"parent\":\"bone\"}],\"aabb\":{\"width\":156,\"y\":-70.5,\"height\":124.04999999999995,\"x\":-78.5}}]}"]],0,0,[],[],[]],[[{"name":"Fruit_zhuanpan","rect":[0,0,170,126],"offset":[0,0],"originalSize":[170,126],"capInsets":[0,0,0,0]}],[0],0,[0],[3],[66]],[[{"name":"Fruit_ningmeng","rect":[0,0,127,117],"offset":[0,0],"originalSize":[127,117],"capInsets":[0,0,0,0]}],[0],0,[0],[3],[67]],[[[1,"s_slot_xg_ske","{\"frameRate\":24,\"isGlobal\":0,\"armature\":[{\"bone\":[{\"name\":\"root\",\"transform\":{}},{\"transform\":{},\"name\":\"bone\",\"parent\":\"root\"}],\"aabb\":{\"width\":126,\"y\":-61.5,\"height\":123,\"x\":-63},\"type\":\"Armature\",\"frameRate\":24,\"ik\":[],\"skin\":[{\"slot\":[{\"display\":[{\"path\":\"s_slot_xg/组_74\",\"type\":\"image\",\"name\":\"s_slot_xg/组_74\",\"transform\":{}}],\"name\":\"组_74\"}],\"name\":\"\"}],\"defaultActions\":[{\"gotoAndPlay\":\"newAnimation\"}],\"animation\":[{\"playTimes\":0,\"bone\":[{\"frame\":[{\"transform\":{},\"duration\":28}],\"name\":\"root\"},{\"frame\":[{\"tweenEasing\":0,\"transform\":{},\"duration\":10},{\"tweenEasing\":0,\"transform\":{\"scY\":1.0664,\"y\":-56.4629,\"scX\":0.7883},\"duration\":3},{\"tweenEasing\":0,\"transform\":{\"scY\":1.1416,\"y\":-65.1782,\"scX\":0.7883},\"duration\":11},{\"tweenEasing\":0,\"transform\":{\"scY\":0.7943,\"y\":-14.235,\"scX\":1.0907},\"duration\":4},{\"transform\":{\"y\":-2.985,\"scX\":0.8646},\"duration\":0}],\"name\":\"bone\"}],\"slot\":[],\"ffd\":[],\"ik\":[],\"frame\":[],\"name\":\"newAnimation\",\"duration\":28}],\"slot\":[{\"name\":\"组_74\",\"parent\":\"bone\",\"color\":{}}],\"name\":\"Armature\"}],\"name\":\"s_slot_xg\",\"version\":\"5.0\"}"]],0,0,[],[],[]],[[{"name":"Fruit_7","rect":[0,0,117,136],"offset":[0,0],"originalSize":[117,136],"capInsets":[0,0,0,0]}],[0],0,[0],[3],[68]],[[[1,"s_slot_bar_ske","{\"frameRate\":24,\"isGlobal\":0,\"armature\":[{\"bone\":[{\"name\":\"root\",\"transform\":{}},{\"transform\":{},\"name\":\"bone\",\"parent\":\"root\"},{\"transform\":{},\"name\":\"bone3\",\"parent\":\"bone\"},{\"transform\":{},\"name\":\"bone1\",\"parent\":\"bone\"},{\"transform\":{},\"name\":\"bone11\",\"parent\":\"bone\"},{\"transform\":{},\"name\":\"bone2\",\"parent\":\"bone3\"}],\"aabb\":{\"width\":176,\"y\":-35.5,\"height\":71,\"x\":-88},\"type\":\"Armature\",\"frameRate\":24,\"ik\":[],\"skin\":[{\"slot\":[{\"display\":[{\"path\":\"s_slot_bar/ar\",\"type\":\"image\",\"name\":\"s_slot_bar/ar\",\"transform\":{}}],\"name\":\"ar\"},{\"display\":[{\"path\":\"s_slot_bar/ar\",\"type\":\"image\",\"name\":\"s_slot_bar/ar\",\"transform\":{}}],\"blendMode\":\"add\",\"name\":\"ar1\"},{\"display\":[{\"path\":\"s_slot_bar/ds\",\"type\":\"image\",\"name\":\"s_slot_bar/ds\",\"transform\":{}}],\"name\":\"ds\"}],\"name\":\"\"}],\"defaultActions\":[{\"gotoAndPlay\":\"newAnimation\"}],\"animation\":[{\"playTimes\":0,\"bone\":[{\"frame\":[{\"transform\":{},\"duration\":30}],\"name\":\"root\"},{\"frame\":[{\"tweenEasing\":0,\"transform\":{},\"duration\":9},{\"tweenEasing\":0,\"transform\":{\"y\":-24.1863},\"duration\":2},{\"tweenEasing\":0,\"transform\":{\"y\":-29.561,\"skX\":10,\"skY\":10},\"duration\":2},{\"transform\":{\"y\":-34.9358,\"skX\":3.3333,\"skY\":3.3333},\"duration\":1},{\"tweenEasing\":0,\"transform\":{\"y\":-34.9358},\"duration\":2},{\"tweenEasing\":0,\"transform\":{\"y\":-34.9358,\"skX\":-10,\"skY\":-10},\"duration\":3},{\"tweenEasing\":0,\"transform\":{\"y\":-34.9358},\"duration\":3},{\"tweenEasing\":0,\"transform\":{\"y\":-34.9358,\"skX\":10,\"skY\":10},\"duration\":2},{\"tweenEasing\":0,\"transform\":{\"y\":-34.9358},\"duration\":3},{\"tweenEasing\":0,\"transform\":{\"y\":-34.9358,\"skX\":-10,\"skY\":-10},\"duration\":2},{\"transform\":{\"y\":-34.9358},\"duration\":1}],\"name\":\"bone\"},{\"frame\":[{\"transform\":{},\"duration\":30}],\"name\":\"bone1\"},{\"frame\":[{\"transform\":{},\"duration\":30}],\"name\":\"bone2\"},{\"frame\":[{\"transform\":{},\"duration\":30}],\"name\":\"bone11\"},{\"frame\":[{\"transform\":{},\"duration\":30}],\"name\":\"bone3\"}],\"slot\":[{\"frame\":[{\"tweenEasing\":0,\"color\":{\"aM\":0},\"duration\":7},{\"tweenEasing\":0,\"duration\":8},{\"tweenEasing\":0,\"color\":{\"aM\":0},\"duration\":8},{\"tweenEasing\":0,\"duration\":7},{\"tweenEasing\":null,\"color\":{\"aM\":0},\"duration\":0}],\"name\":\"ar1\"}],\"ffd\":[],\"ik\":[],\"frame\":[],\"name\":\"newAnimation\",\"duration\":30}],\"slot\":[{\"name\":\"ds\",\"parent\":\"bone2\",\"color\":{}},{\"z\":1,\"name\":\"ar\",\"parent\":\"bone1\",\"color\":{}},{\"blendMode\":\"add\",\"z\":2,\"parent\":\"bone11\",\"name\":\"ar1\",\"color\":{\"aM\":0}}],\"name\":\"Armature\"}],\"name\":\"s_slot_bar\",\"version\":\"5.0\"}"]],0,0,[],[],[]],[[[1,"s_slot_bar2_ske","{\"frameRate\":24,\"isGlobal\":0,\"armature\":[{\"bone\":[{\"name\":\"root\",\"transform\":{}},{\"transform\":{},\"name\":\"bone\",\"parent\":\"root\"},{\"transform\":{\"y\":-27.75,\"x\":-0.75},\"name\":\"bai\",\"parent\":\"bone\"},{\"transform\":{\"y\":26.3,\"x\":-0.75},\"name\":\"hei\",\"parent\":\"bone\"}],\"aabb\":{\"width\":144,\"y\":-59,\"height\":118,\"x\":-72},\"type\":\"Armature\",\"frameRate\":24,\"ik\":[],\"skin\":[{\"slot\":[{\"display\":[{\"path\":\"s_slot_bar2/bai\",\"type\":\"image\",\"name\":\"s_slot_bar2/bai\",\"transform\":{\"y\":-1.75,\"x\":0.75}}],\"name\":\"bai\"},{\"display\":[{\"path\":\"s_slot_bar2/hei\",\"type\":\"image\",\"name\":\"s_slot_bar2/hei\",\"transform\":{\"y\":3.2,\"x\":0.75}}],\"name\":\"hei\"}],\"name\":\"\"}],\"defaultActions\":[{\"gotoAndPlay\":\"newAnimation\"}],\"animation\":[{\"playTimes\":0,\"bone\":[{\"frame\":[{\"transform\":{},\"duration\":29}],\"name\":\"root\"},{\"frame\":[{\"tweenEasing\":0,\"transform\":{},\"duration\":3},{\"tweenEasing\":0,\"transform\":{\"scY\":0.9,\"y\":8.0747},\"duration\":7},{\"tweenEasing\":0,\"transform\":{\"y\":-35.7698,\"scX\":0.85},\"duration\":3},{\"tweenEasing\":0,\"transform\":{\"scY\":0.9,\"y\":-51.8461},\"duration\":3},{\"tweenEasing\":0,\"transform\":{\"scY\":0.9,\"y\":-55.4998},\"duration\":3},{\"tweenEasing\":0,\"transform\":{\"y\":-55.4998},\"duration\":4},{\"tweenEasing\":0,\"transform\":{\"y\":-33.5776,\"scX\":0.9},\"duration\":6},{\"transform\":{\"scY\":0.9,\"y\":13.1533},\"duration\":0}],\"name\":\"bone\"},{\"frame\":[{\"transform\":{},\"duration\":13},{\"tweenEasing\":0,\"transform\":{},\"duration\":3},{\"tweenEasing\":0,\"transform\":{\"y\":-16.1169},\"duration\":9},{\"transform\":{\"y\":-0.9981},\"duration\":4}],\"name\":\"bai\"},{\"frame\":[{\"transform\":{},\"duration\":13},{\"tweenEasing\":0,\"transform\":{},\"duration\":3},{\"tweenEasing\":0,\"transform\":{\"y\":-5.6835},\"duration\":9},{\"transform\":{\"y\":-1.9038},\"duration\":4}],\"name\":\"hei\"}],\"slot\":[],\"ffd\":[],\"ik\":[],\"frame\":[],\"name\":\"newAnimation\",\"duration\":29}],\"slot\":[{\"name\":\"bai\",\"parent\":\"bai\",\"color\":{}},{\"z\":1,\"name\":\"hei\",\"parent\":\"hei\",\"color\":{}}],\"name\":\"Armature\"}],\"name\":\"s_slot_bar2\",\"version\":\"5.0\"}"]],0,0,[],[],[]]]]