[1,["7bOqi9DKNMwaPlCGVlczZ2","03o6vWNNlCqZJRlO+fkS3J"],["_textureSetter","spriteFrame"],["cc.SpriteFrame",["cc.BitmapFont",["_name","fontSize","_fntConfig"],0]],[[1,0,1,2,4]],[[[{"name":"fruitFont","rect":[0,0,148,247],"offset":[-54,4.5],"originalSize":[256,256],"capInsets":[0,0,0,0]}],[0],0,[0],[0],[0]],[[[0,"fruitFont",32,{"commonHeight":45,"fontSize":32,"atlasName":"C:\\Users\\40315\\Desktop\\ziti\\fruitFont.png","fontDefDictionary":{"9":{"xOffset":0,"yOffset":0,"xAdvance":104,"rect":{"x":0,"y":0,"width":0,"height":0}},"32":{"xOffset":0,"yOffset":0,"xAdvance":13,"rect":{"x":0,"y":0,"width":0,"height":0}},"43":{"xOffset":0,"yOffset":3,"xAdvance":36,"rect":{"x":113,"y":148,"width":35,"height":38}},"44":{"xOffset":0,"yOffset":29,"xAdvance":19,"rect":{"x":43,"y":164,"width":18,"height":25}},"45":{"xOffset":0,"yOffset":16,"xAdvance":25,"rect":{"x":43,"y":148,"width":24,"height":15}},"46":{"xOffset":0,"yOffset":28,"xAdvance":18,"rect":{"x":49,"y":50,"width":17,"height":17}},"48":{"xOffset":0,"yOffset":-4,"xAdvance":37,"rect":{"x":62,"y":0,"width":36,"height":49}},"49":{"xOffset":0,"yOffset":-3,"xAdvance":31,"rect":{"x":117,"y":99,"width":30,"height":48}},"50":{"xOffset":0,"yOffset":-4,"xAdvance":37,"rect":{"x":81,"y":50,"width":36,"height":48}},"51":{"xOffset":0,"yOffset":-4,"xAdvance":37,"rect":{"x":76,"y":198,"width":36,"height":49}},"52":{"xOffset":0,"yOffset":-3,"xAdvance":38,"rect":{"x":0,"y":196,"width":37,"height":48}},"53":{"xOffset":0,"yOffset":-3,"xAdvance":36,"rect":{"x":81,"y":99,"width":35,"height":48}},"54":{"xOffset":0,"yOffset":-4,"xAdvance":37,"rect":{"x":76,"y":148,"width":36,"height":49}},"55":{"xOffset":0,"yOffset":-3,"xAdvance":38,"rect":{"x":38,"y":196,"width":37,"height":48}},"56":{"xOffset":0,"yOffset":-4,"xAdvance":37,"rect":{"x":44,"y":98,"width":36,"height":49}},"57":{"xOffset":0,"yOffset":-4,"xAdvance":36,"rect":{"x":99,"y":0,"width":35,"height":49}},"66":{"xOffset":0,"yOffset":-3,"xAdvance":43,"rect":{"x":0,"y":147,"width":42,"height":48}},"75":{"xOffset":0,"yOffset":-3,"xAdvance":49,"rect":{"x":0,"y":49,"width":48,"height":48}},"77":{"xOffset":0,"yOffset":-3,"xAdvance":62,"rect":{"x":0,"y":0,"width":61,"height":48}},"84":{"xOffset":0,"yOffset":-3,"xAdvance":44,"rect":{"x":0,"y":98,"width":43,"height":48}}},"kerningDict":{}}]],0,0,[0],[1],[1]]]]