[1,["a93wb2Is9D3IHvYb51cwrE"],["_texture"],[["dragonBones.DragonBonesAtlasAsset",["_name","_atlasJson"],1]],[[0,0,1,3]],[[0,"bg_paopao_tex","{\"SubTexture\":[{\"width\":41,\"y\":163,\"height\":35,\"name\":\"星光闪闪0001/星光闪闪0011\",\"x\":1},{\"width\":58,\"y\":1,\"height\":57,\"name\":\"星光闪闪0001/星光闪闪0004\",\"x\":1},{\"width\":58,\"y\":59,\"height\":56,\"name\":\"星光闪闪0001/星光闪闪0002\",\"x\":61},{\"width\":49,\"y\":117,\"height\":45,\"name\":\"星光闪闪0001/星光闪闪0001\",\"x\":49},{\"width\":59,\"y\":1,\"height\":56,\"name\":\"星光闪闪0001/星光闪闪0003\",\"x\":61},{\"width\":46,\"y\":113,\"height\":48,\"name\":\"星光闪闪0001/星光闪闪0005\",\"x\":1},{\"width\":39,\"y\":201,\"height\":30,\"name\":\"星光闪闪0001/星光闪闪0012\",\"x\":44},{\"width\":41,\"y\":200,\"height\":35,\"name\":\"星光闪闪0001/星光闪闪0010\",\"x\":1},{\"width\":36,\"y\":164,\"height\":38,\"name\":\"星光闪闪0001/星光闪闪0007\",\"x\":86},{\"width\":34,\"y\":204,\"height\":32,\"name\":\"星光闪闪0001/星光闪闪0008\",\"x\":85},{\"width\":46,\"y\":60,\"height\":51,\"name\":\"星光闪闪0001/星光闪闪0006\",\"x\":1},{\"width\":40,\"y\":164,\"height\":35,\"name\":\"星光闪闪0001/星光闪闪0009\",\"x\":44}],\"width\":128,\"imagePath\":\"bg_paopao_tex.png\",\"height\":256,\"name\":\"bg_paopao\"}"]],0,0,[0],[0],[0]]