[1,["44T8nk/uNJuKCfScIOfDCL","c9vLu28v5NA5hqz0QDZPs3","016Omc+wdBTqN1f3Qu/f9t","daLXIXi4VMxahYTg36CYUc","49Ey05XzdHtYvtTD1qlKZ5","bbAV5DvK5Nop1YRm2iaFXr","3bpVSZIfVFIoBzDIa7DsM8","4bR234Vb5E87zZQNLmy7Uw","ef57jneV9K7ocoRH02x0LX","1cr1+lieJBIIkcq1zYgJHd","a9zI1wmeFGGL1L4wWKJkMm","4cdEKXJdxCxqMdhuZNYlX0","dbFu5uMiZP/LVGDOzP/bcV"],["_textureSetter","Billionaires","Prophet","avatar","baiyin","bn_toget","bn_towin","jb","jb02","qingt","rounds_bg","rounds_bg_small","rounds_gb"],["cc.SpriteFrame",["cc.SpriteAtlas",["_name","_spriteFrames"],2,11]],[[1,0,1,2]],[[[{"name":"Prophet","rect":[622,5,73,23],"offset":[0,0],"originalSize":[73,23],"capInsets":[0,0,0,0]}],[0],0,[0],[0],[0]],[[{"name":"qingt","rect":[5,74,83,64],"offset":[0,0],"originalSize":[83,64],"capInsets":[0,0,0,0]}],[0],0,[0],[0],[0]],[[{"name":"baiyin","rect":[72,5,83,64],"offset":[0,0],"originalSize":[83,64],"capInsets":[0,0,0,0]}],[0],0,[0],[0],[0]],[[[0,"rank.plist",[{},"Billionaires",6,0,"Prophet",6,1,"avatar",6,2,"baiyin",6,3,"bn_toget",6,4,"bn_towin",6,5,"jb",6,6,"jb02",6,7,"qingt",6,8,"rounds_bg",6,9,"rounds_bg_small",6,10,"rounds_gb",6,11]]],0,0,[0,0,0,0,0,0,0,0,0,0,0,0],[1,2,3,4,5,6,7,8,9,10,11,12],[1,2,3,4,5,6,7,8,9,10,11,12]],[[{"name":"Billionaires","rect":[160,5,105,19],"offset":[0,0],"originalSize":[105,19],"capInsets":[0,0,0,0]}],[0],0,[0],[0],[0]]]]