[1,["ecpdLyjvZBwrvm+cedCcQy","02gb3T0mhHpZ6Pp4fRrKan","badN1P2PtEA4fJd9KadG6a","8cbC2LechH2LOPbZfjhp2f","33hBC9N0NM6pDcGbGpNUzN","e7SwwejLlBaZhzUOqBR3im","2cX3F6lHxKqbSa1x8HXTr4","84iScrhVRPr4CoVio+Qj6I","6eyQ16OWhPpa5aur4fgF/N","5ckis9fDNIwLXXJpI2fbgb","cbU/DygfFGd5Uqex2LORFZ"],["node","_spriteFrame","_N$file","root","data","_parent","_file","_N$dragonAsset","_N$dragonAtlasAsset"],[["cc.Node",["_name","_active","_opacity","_prefab","_parent","_children","_components","_trs","_contentSize","_color"],0,4,1,2,9,7,5,5],["cc.Widget",["_alignFlags","_originalWidth","_originalHeight","node"],0,1],["cc.PrefabInfo",["fileId","root"],2,1],["cc.Sprite",["_sizeMode","node","_materials","_spriteFrame"],2,1,3,6],["cc.Label",["_fontSize","_isSystemFontUsed","_N$horizontalAlign","_N$verticalAlign","_string","_spacingX","node","_materials","_N$file"],-3,1,3,6],["dragonBones.DragonBonesAsset",["_name","_dragonBonesJson"],1],["cc.Prefab",["_name"],2],["cc.BlockInputEvents",["node"],3,1],["cc.Button",["zoomScale","_N$transition","node"],1,1],["cc.ParticleSystem",["_custom","playOnLoad","totalParticles","duration","emissionRate","life","lifeVar","angleVar","startSize","startSizeVar","endSize","startSpinVar","endSpin","_positionType","speed","speedVar","tangentialAccel","tangentialAccelVar","radialAccel","node","_materials","_startColor","_startColorVar","_endColor","_endColorVar","gravity","_file","_spriteFrame"],-16,1,3,8,8,8,8,5,6,6],["dragonBones.ArmatureDisplay",["_armatureName","_animationName","_preCacheMode","playTimes","_armatureKey","node","_materials","_N$dragonAsset","_N$dragonAtlasAsset"],-2,1,3,6,6]],[[2,0,1,2],[0,0,4,6,3,8,7,2],[3,1,2,3,1],[0,0,1,5,6,3,8,7,3],[4,4,0,1,2,3,6,7,8,6],[5,0,1,3],[6,0,2],[0,0,4,5,3,7,2],[0,0,2,4,6,3,9,8,3],[0,0,4,5,3,2],[0,0,1,4,5,3,7,3],[0,0,4,5,6,3,8,7,2],[0,0,4,6,3,2],[1,0,3,2],[1,0,1,2,3,4],[2,1,1],[3,0,1,2,2],[7,0,1],[8,0,1,2,3],[9,0,1,2,3,4,5,6,7,8,9,10,11,12,13,14,15,16,17,18,19,20,21,22,23,24,25,26,27,20],[10,0,1,2,3,4,5,6,7,8,6],[4,0,1,5,2,3,6,7,8,6]],[[[[5,"bigwin_ske","{\"frameRate\":24,\"isGlobal\":0,\"armature\":[{\"ik\":[],\"type\":\"Armature\",\"frameRate\":24,\"skin\":[{\"name\":\"\",\"slot\":[{\"display\":[{\"path\":\"bigwin/t2\",\"type\":\"image\",\"name\":\"bigwin/t2\",\"transform\":{\"skX\":90,\"y\":-153,\"skY\":90,\"x\":-83}}],\"name\":\"t2\"},{\"display\":[{\"path\":\"bigwin/b4\",\"type\":\"image\",\"name\":\"bigwin/b4\",\"transform\":{\"skX\":90,\"y\":128.5,\"skY\":90,\"x\":20.5}}],\"name\":\"b4\"},{\"display\":[{\"path\":\"bigwin/t3\",\"type\":\"image\",\"name\":\"bigwin/t3\",\"transform\":{\"skX\":90,\"y\":-34.5,\"skY\":90,\"x\":103.5}}],\"name\":\"t3\"},{\"display\":[{\"path\":\"bigwin/b1\",\"type\":\"image\",\"name\":\"bigwin/b1\",\"transform\":{\"skX\":90,\"y\":145,\"skY\":90,\"x\":-39.5}}],\"name\":\"b1\"},{\"display\":[{\"path\":\"bigwin/b3\",\"type\":\"image\",\"name\":\"bigwin/b3\",\"transform\":{\"skX\":90,\"y\":-148,\"skY\":90,\"x\":-38.5}}],\"name\":\"b3\"},{\"display\":[{\"path\":\"bigwin/t1\",\"type\":\"image\",\"name\":\"bigwin/t1\",\"transform\":{\"skX\":90,\"y\":132.5,\"skY\":90,\"x\":-110}}],\"name\":\"t1\"},{\"display\":[{\"path\":\"bigwin/guang2\",\"type\":\"image\",\"name\":\"bigwin/guang2\",\"transform\":{\"skX\":82.961,\"y\":-0.1561,\"skY\":82.961,\"x\":-0.3629}}],\"name\":\"guang2\"},{\"display\":[{\"path\":\"bigwin/d\",\"type\":\"image\",\"name\":\"bigwin/d\",\"transform\":{\"skX\":90,\"y\":-0.5,\"skY\":90,\"x\":-0.0831}}],\"name\":\"d\"},{\"display\":[{\"path\":\"bigwin/bw\",\"type\":\"image\",\"name\":\"bigwin/bw\",\"transform\":{\"skX\":90,\"y\":-3.5,\"skY\":90,\"x\":98}}],\"name\":\"bw\"},{\"display\":[{\"path\":\"bigwin/t4\",\"type\":\"image\",\"name\":\"bigwin/t4\",\"transform\":{\"skX\":90,\"y\":132.5,\"skY\":90,\"x\":63}}],\"name\":\"t4\"},{\"display\":[{\"path\":\"bigwin/guang\",\"type\":\"image\",\"name\":\"bigwin/guang\",\"transform\":{\"skX\":90,\"y\":-0.4067,\"skY\":90,\"x\":0.1891}}],\"name\":\"guang\"},{\"display\":[{\"path\":\"bigwin/b2\",\"type\":\"image\",\"name\":\"bigwin/b2\",\"transform\":{\"skX\":90,\"y\":-142.5,\"skY\":90,\"x\":32}}],\"name\":\"b2\"}]}],\"animation\":[{\"frame\":[],\"playTimes\":0,\"ffd\":[],\"duration\":60,\"slot\":[{\"frame\":[{\"tweenEasing\":null,\"displayIndex\":-1,\"duration\":8},{\"tweenEasing\":null,\"duration\":52}],\"name\":\"guang\"},{\"frame\":[{\"tweenEasing\":null,\"displayIndex\":-1,\"duration\":8},{\"tweenEasing\":0,\"duration\":14},{\"tweenEasing\":0,\"color\":{\"aM\":17},\"duration\":18},{\"tweenEasing\":0,\"duration\":14},{\"tweenEasing\":null,\"color\":{\"aM\":0},\"duration\":6}],\"name\":\"guang2\"}],\"ik\":[],\"bone\":[{\"frame\":[{\"transform\":{},\"duration\":60}],\"name\":\"root\"},{\"frame\":[{\"transform\":{},\"duration\":8},{\"tweenEasing\":0,\"transform\":{},\"duration\":12},{\"tweenEasing\":0,\"transform\":{\"scX\":1.15,\"scY\":1.15,\"x\":15.0002},\"duration\":12},{\"transform\":{},\"duration\":28}],\"name\":\"bw\"},{\"frame\":[{\"tweenEasing\":0,\"transform\":{\"scY\":0.01},\"duration\":6},{\"tweenEasing\":0,\"transform\":{},\"duration\":1},{\"tweenEasing\":0,\"transform\":{\"scY\":1.08},\"duration\":1},{\"tweenEasing\":0,\"transform\":{},\"duration\":36},{\"transform\":{},\"duration\":16}],\"name\":\"d\"},{\"frame\":[{\"transform\":{},\"duration\":8},{\"transform\":{\"skX\":76.001,\"skY\":76.001},\"duration\":52}],\"name\":\"guang2\"},{\"frame\":[{\"transform\":{},\"duration\":8},{\"tweenEasing\":0,\"transform\":{},\"duration\":52},{\"transform\":{\"skX\":180,\"skY\":180},\"duration\":0}],\"name\":\"guang\"},{\"frame\":[{\"transform\":{},\"duration\":8},{\"tweenEasing\":0,\"transform\":{},\"duration\":8},{\"tweenEasing\":0,\"transform\":{\"scX\":1.1,\"scY\":1.1},\"duration\":8},{\"tweenEasing\":0,\"transform\":{},\"duration\":8},{\"tweenEasing\":0,\"transform\":{\"scX\":0.9,\"scY\":0.9},\"duration\":8},{\"transform\":{},\"duration\":20}],\"name\":\"bone\"},{\"frame\":[{\"transform\":{},\"duration\":8},{\"tweenEasing\":0,\"transform\":{},\"duration\":8},{\"tweenEasing\":0,\"transform\":{\"scX\":1.05,\"scY\":1.05},\"duration\":8},{\"tweenEasing\":0,\"transform\":{},\"duration\":8},{\"tweenEasing\":0,\"transform\":{\"scX\":0.95,\"scY\":0.95},\"duration\":8},{\"transform\":{},\"duration\":20}],\"name\":\"bone1\"},{\"frame\":[{\"tweenEasing\":0,\"transform\":{\"scX\":0.01,\"scY\":0.01},\"duration\":6},{\"transform\":{},\"duration\":54}],\"name\":\"bone2\"}],\"name\":\"newAnimation\"}],\"defaultActions\":[{\"gotoAndPlay\":\"newAnimation\"}],\"bone\":[{\"name\":\"root\",\"transform\":{}},{\"length\":85,\"transform\":{\"skX\":-90,\"y\":193.4169,\"skY\":-90},\"parent\":\"root\",\"name\":\"d\"},{\"length\":99,\"transform\":{\"skX\":-82.961,\"y\":-0.841,\"skY\":-82.961,\"x\":8.1994},\"parent\":\"root\",\"name\":\"guang2\"},{\"length\":90,\"transform\":{\"skX\":-90,\"y\":0.1891,\"skY\":-90,\"x\":0.4067},\"parent\":\"root\",\"name\":\"guang\"},{\"length\":135,\"transform\":{\"skX\":-87.7787,\"y\":-159.7982,\"skY\":-87.7787,\"x\":-3.5288},\"parent\":\"root\",\"name\":\"bone2\"},{\"length\":188,\"transform\":{\"skX\":-2.2213,\"y\":13.9058,\"skY\":-2.2213,\"x\":-267.4602},\"parent\":\"bone2\",\"name\":\"bw\"},{\"length\":70,\"transform\":{\"skX\":-2.2213,\"y\":9.7198,\"skY\":-2.2213,\"x\":-159.5414},\"parent\":\"bone2\",\"name\":\"bone\"},{\"length\":50,\"transform\":{\"skX\":-2.2213,\"y\":9.7198,\"skY\":-2.2213,\"x\":-159.5414},\"parent\":\"bone2\",\"name\":\"bone1\"}],\"aabb\":{\"width\":561,\"y\":-281,\"height\":562,\"x\":-280.5},\"name\":\"Armature\",\"slot\":[{\"name\":\"guang\",\"parent\":\"guang\",\"color\":{}},{\"z\":1,\"name\":\"guang2\",\"parent\":\"guang2\",\"color\":{}},{\"z\":2,\"name\":\"t4\",\"parent\":\"bone1\",\"color\":{}},{\"z\":3,\"name\":\"t3\",\"parent\":\"bone1\",\"color\":{}},{\"z\":4,\"name\":\"t2\",\"parent\":\"bone1\",\"color\":{}},{\"z\":5,\"name\":\"t1\",\"parent\":\"bone1\",\"color\":{}},{\"z\":6,\"name\":\"b4\",\"parent\":\"bone\",\"color\":{}},{\"z\":7,\"name\":\"b3\",\"parent\":\"bone\",\"color\":{}},{\"z\":8,\"name\":\"b2\",\"parent\":\"bone\",\"color\":{}},{\"z\":9,\"name\":\"b1\",\"parent\":\"bone\",\"color\":{}},{\"z\":10,\"name\":\"bw\",\"parent\":\"bw\",\"color\":{}},{\"z\":11,\"name\":\"d\",\"parent\":\"d\",\"color\":{}}]}],\"name\":\"bigwin\",\"version\":\"5.0\"}"]],0,0,[],[],[]],[[[6,"bigWinNode"],[3,"bigWinNode",false,[-3,-4],[[13,45,-2]],[15,-1],[5,1520,720],[760,360,0,0,0,0,1,1,1,1]],[7,"node",1,[-5,-6,-7,-8],[0,"fcWemAL/FJPZ0+WjpYvxX/",1],[0,57.946,0,0,0,0,1,1,1,1]],[8,"bg",160,1,[[16,0,-9,[0]],[14,45,100,100,-10],[17,-11]],[0,"b97DKNeNZDYKzSN3v5KGrU",1],[4,4278190080],[5,1520,720]],[3,"WinCloseBtn",false,[-14],[[2,-12,[9],10],[18,1.1,3,-13]],[0,"e9O8Eq0Q5PXYi2euoYEL75",1],[5,226,74],[0,-268.121,0,0,0,0,1,1,1,0]],[9,"winConten",2,[4,-15],[0,"c71FSc8DRNi5WWfZcc+kOX",1]],[10,"luckyBall",false,2,[-16,-17],[0,"cahORRciFH+b/uUS5TMuTB",1],[0,-260.978,0,0,0,0,1,1,1,1]],[11,"luckbtn",6,[-19],[[2,-18,[15],16]],[0,"b2sWsLwMZM06ioxcv6E++i",1],[5,245,88],[150,0,0,0,0,0,1,1,1,1]],[12,"particle",2,[[19,true,false,55,25,22,2,0.25,60,56,30,-1,720,360,1,540,20,12,12,6,-20,[1],[4,4294967295],[4,0],[4,4294967295],[4,0],[0,2,-550],2,3]],[0,"74IhZ78aNMKbH1OuZb5lHt",1]],[1,"win",2,[[20,"Armature","newAnimation",0,1,"8c6c2d8b-79c8-47d8-b38f-6d97e3869d9f#338410bd-3743-4cea-90dc-19b1a9354ccd",-21,[4],5,6]],[0,"e8S8cTUUJMMI+sZ16MSUdy",1],[5,561,562],[0,37.265,0,0,0,0,1,1,1,1]],[1,"WinTimeLabel",4,[[4,"10",28,false,1,1,-22,[7],8]],[0,"34Dwllg0dOYqYpaNCn95VP",1],[5,33.25,40],[57.197,25.608,0,0,0,0,1,1,1,1]],[1,"WinLabel",5,[[21,32,false,-40,1,1,-23,[11],12]],[0,"65HyhxvEpLDa9T3lZbJRlA",1],[5,0,40],[0,-89.495,0,0,0,0,1,1,1,1]],[1,"timeLab",7,[[4,"1",25,false,1,1,-24,[13],14]],[0,"abvKVfZqZFPZlnQixmCgn5",1],[5,16.41,40],[79.117,-5,0,0,0,0,1,1,1,1]],[1,"closebtn",6,[[2,-25,[17],18]],[0,"648wmr7a5BAYnaiFBsn1Zj",1],[5,227,86],[-150,0,0,0,0,0,1,1,1,1]]],0,[0,3,1,0,0,1,0,-1,3,0,-2,2,0,-1,8,0,-2,9,0,-3,5,0,-4,6,0,0,3,0,0,3,0,0,3,0,0,4,0,0,4,0,-1,10,0,-2,11,0,-1,7,0,-2,13,0,0,7,0,-1,12,0,0,8,0,0,9,0,0,10,0,0,11,0,0,12,0,0,13,0,4,1,4,5,5,25],[0,0,0,0,0,0,0,0,0,0,0,0,0,0,0,0,0,0,0],[-1,-1,6,1,-1,7,8,-1,2,-1,1,-1,2,-1,2,-1,1,-1,1],[0,0,1,2,0,3,4,0,5,0,6,0,7,0,8,0,9,0,10]]]]