[1,["8e0sctAzRNMZxzOnEvwaBZ"],["_texture"],[["dragonBones.DragonBonesAtlasAsset",["_name","_atlasJson"],1]],[[0,0,1,3]],[[0,"winfall_tex","{\"width\":1024,\"imagePath\":\"winfall_tex.png\",\"height\":512,\"name\":\"winfall\",\"SubTexture\":[{\"width\":573,\"y\":205,\"height\":240,\"name\":\"winfall/dddd\",\"x\":1},{\"width\":755,\"y\":1,\"height\":202,\"name\":\"winfall/gg\",\"x\":1},{\"width\":91,\"y\":413,\"height\":87,\"name\":\"winfall/zzz\",\"x\":576},{\"width\":231,\"y\":1,\"height\":220,\"name\":\"winfall/fall\",\"x\":758},{\"width\":254,\"y\":223,\"height\":188,\"name\":\"winfall/win\",\"x\":576}]}"]],0,0,[0],[0],[0]]