[1,["ecpdLyjvZBwrvm+cedCcQy","136b8de0c","4eabQfT1tLvI2ijG+UTn0m","a2MjXRFdtLlYQ5ouAFv/+R","49ZnPb6+FBGJ4AdZOBrbol","5epVafEihO5pppE2Mv2fz7","8cF4Ey4odPepzzAzifrTFz","b9Zy2JxdFKVrwB+fEjY/X0","abLLdjv6pN/6rW/dyhgpK3","06hXUSNfFNhp8TIhOdNnCg","f6YcPM541OTJXpHc+RgWOB","0ewNf4wqdOMo3nGM4Y/nud","81VIP7PSJBd5x7oWJNvD+g","86ejaeCzRAaIOB+AjF0E5s","71lCy4RTZDsL3JuNFRKIMF","0eUDEh3kFGjrJ1Jq+uhcV6","19AKKiMBhBq6fiWkRtcIVC","41BnAAc95MA4b+HXgFpXgl","90GdOjGaBJC5+LzPHrRLuY","faN+EMuGtCTIRX22uujK2S","6eyQ16OWhPpa5aur4fgF/N","cdy8DFw1BHF7wSFKiHsnwm","27oMrY6pVJ/Ian6T1p6XS/"],["node","_spriteFrame","_textureSetter","_N$file","root","data","_parent","_defaultClip"],["cc.SpriteFrame",["cc.Node",["_name","_active","_opacity","_prefab","_components","_contentSize","_parent","_children","_trs","_color"],0,4,9,5,1,2,7,5],["cc.Widget",["_alignFlags","_originalWidth","_originalHeight","node"],0,1],["cc.Button",["_N$transition","node"],2,1],["cc.PrefabInfo",["fileId","root"],2,1],["cc.Sprite",["_sizeMode","node","_materials","_spriteFrame"],2,1,3,6],["cc.Label",["_isSystemFontUsed","_N$horizontalAlign","_N$verticalAlign","_fontSize","node","_materials","_N$file"],-1,1,3,6],["cc.Prefab",["_name"],2],["cc.Animation",["node","_clips","_defaultClip"],3,1,3,6],["cc.BlockInputEvents",["node"],3,1],["cc.AnimationClip",["_name","_duration","curveData"],1,11]],[[4,0,1,2],[5,1,2,3,1],[1,0,6,4,3,5,2],[1,0,6,4,3,5,8,2],[7,0,2],[1,0,1,7,4,3,5,8,3],[1,0,7,4,3,2],[1,0,2,6,4,3,9,5,3],[1,0,6,7,3,2],[1,0,1,6,7,4,3,5,8,3],[2,0,3,2],[2,0,1,2,3,4],[3,1,1],[3,0,1,2],[4,1,1],[8,0,1,2,1],[5,0,1,2,3,2],[9,0,1],[6,0,1,2,4,5,6,4],[6,3,0,1,2,4,5,6,5],[10,0,1,2,3]],[[[{"name":"win_12","rect":[403,596,29,20],"offset":[0,-0.5],"originalSize":[31,21],"capInsets":[0,0,0,0]}],[0],0,[0],[2],[1]],[[{"name":"win_18","rect":[271,638,20,18],"offset":[0,0.5],"originalSize":[22,21],"capInsets":[0,0,0,0]}],[0],0,[0],[2],[1]],[[{"name":"win_14","rect":[375,654,16,13],"offset":[-0.5,0],"originalSize":[17,15],"capInsets":[0,0,0,0]}],[0],0,[0],[2],[1]],[[{"name":"win_19","rect":[297,638,20,17],"offset":[0.5,0],"originalSize":[21,19],"rotated":1,"capInsets":[0,0,0,0]}],[0],0,[0],[2],[1]],[[{"name":"win_20","rect":[323,630,21,21],"offset":[0.5,0],"originalSize":[24,23],"capInsets":[0,0,0,0]}],[0],0,[0],[2],[1]],[[{"name":"win_1","rect":[3,596,171,72],"offset":[-2,-0.5],"originalSize":[181,73],"capInsets":[0,0,0,0]}],[0],0,[0],[2],[1]],[[[4,"winNode"],[5,"winNode",false,[-4,-5],[[10,45,-2],[12,-3]],[14,-1],[5,1520,720],[760,360,0,0,0,0,1,1,1,1]],[6,"win",[-7,-8,-9,-10,-11,-12,-13,-14,-15,-16,-17,-18,-19,-20,-21],[[15,-6,[33],32]],[0,"388PSuqvZK8JTmtgVT4Vjw",1]],[7,"bg",160,1,[[16,0,-22,[0],1],[11,45,100,100,-23],[17,-24]],[0,"b97DKNeNZDYKzSN3v5KGrU",1],[4,4278190080],[5,1520,720]],[8,"node",1,[2,-25,-26],[0,"fcWemAL/FJPZ0+WjpYvxX/",1]],[9,"luckyBallBtn",false,4,[-29],[[1,-27,[38],39],[13,3,-28]],[0,"b1YwLzpEZE5oQd+V+Cf1JE",1],[5,245,88],[0,-266,0,0,0,0,1,1,1,0]],[3,"win_1",2,[[1,-30,[2],3]],[0,"3eHUKh/vFBDIV/Ougb6XrL",1],[5,180,73],[0,37.388,0,0,0,0,1,1,1,1]],[2,"win_8",2,[[1,-31,[4],5]],[0,"73v6BZF6NGyqEIumHdHI8/",1],[5,28,29]],[2,"win_11",2,[[1,-32,[6],7]],[0,"aaa+xe0ppA/5+pzjOSI1Eo",1],[5,19,16]],[2,"win_9",2,[[1,-33,[8],9]],[0,"59SHF2L59HfL+YYqWfVHfH",1],[5,39,86]],[2,"win_10",2,[[1,-34,[10],11]],[0,"42K6gmU3JMiY+fSVVfWfNv",1],[5,22,19]],[2,"win_12",2,[[1,-35,[12],13]],[0,"16o1PzTxNDyIJOWrUmO+3H",1],[5,31,21]],[2,"win_13",2,[[1,-36,[14],15]],[0,"eeyJ1kZ6dCpYx9sVVLOhGv",1],[5,29,30]],[2,"win_14",2,[[1,-37,[16],17]],[0,"9fXI3ksPZDUIWSey1IbKgS",1],[5,17,15]],[2,"win_15",2,[[1,-38,[18],19]],[0,"75n+cpWzdJk7D9nLpvvpoi",1],[5,40,29]],[2,"win_16",2,[[1,-39,[20],21]],[0,"18Vb2mrFdKuL8cEj5nUZ2n",1],[5,47,37]],[2,"win_17",2,[[1,-40,[22],23]],[0,"a2XwD40N5CMpqhNaWYH9hX",1],[5,29,26]],[2,"win_18",2,[[1,-41,[24],25]],[0,"f11sdFhVxJaYkgVE6DMDr7",1],[5,22,21]],[2,"win_19",2,[[1,-42,[26],27]],[0,"b71uT8OR1DMpOUxxwh39Je",1],[5,21,19]],[2,"win_20",2,[[1,-43,[28],29]],[0,"76rgENF/RBobefuZLSjPFT",1],[5,24,22]],[2,"win_21",2,[[1,-44,[30],31]],[0,"c7CIbhSwFCn7erc5E7uOlc",1],[5,591,592]],[3,"numLabel",4,[[18,false,1,1,-45,[34],35]],[0,"a2Iji2iLBMnJz9HEUSQapB",1],[5,0,40],[0,-65.524,0,0,0,0,1,1,1,1]],[3,"timeLab",5,[[19,25,false,1,1,-46,[36],37]],[0,"afMDTqwxVFOpX3kcO8Yffl",1],[5,16.41,40],[82,-5,0,0,0,0,1,1,1,1]]],0,[0,4,1,0,0,1,0,0,1,0,-1,3,0,-2,4,0,0,2,0,-1,6,0,-2,7,0,-3,8,0,-4,9,0,-5,10,0,-6,11,0,-7,12,0,-8,13,0,-9,14,0,-10,15,0,-11,16,0,-12,17,0,-13,18,0,-14,19,0,-15,20,0,0,3,0,0,3,0,0,3,0,-2,21,0,-3,5,0,0,5,0,0,5,0,-1,22,0,0,6,0,0,7,0,0,8,0,0,9,0,0,10,0,0,11,0,0,12,0,0,13,0,0,14,0,0,15,0,0,16,0,0,17,0,0,18,0,0,19,0,0,20,0,0,21,0,0,22,0,5,1,2,6,4,46],[0,0,0,0,0,0,0,0,0,0,0,0,0,0,0,0,0,0,0,0,0,0,0,0,0,0,0,0,0,0,0,0,0,0,0,0,0,0,0,0],[-1,1,-1,1,-1,1,-1,1,-1,1,-1,1,-1,1,-1,1,-1,1,-1,1,-1,1,-1,1,-1,1,-1,1,-1,1,-1,1,7,-1,-1,3,-1,3,-1,1],[0,3,0,4,0,5,0,6,0,7,0,8,0,9,0,10,0,11,0,12,0,13,0,14,0,15,0,16,0,17,0,18,2,2,0,19,0,20,0,21]],[[[20,"win",1.6833333333333333,[{},"paths",11,[{"win_4":{"props":{"position":[]}},"win_20":{"props":{"scale":[],"position":[{"frame":0,"value":[2,2,0]},{"frame":0.6666666666666666,"value":[176.763,-50.522,0]},{"frame":1.3333333333333333,"value":[336.652,-165.326,0]}],"opacity":[{"frame":0,"value":200},{"frame":0.9333333333333333,"value":254},{"frame":1.3333333333333333,"value":0}]}},"win_19":{"props":{"opacity":[{"frame":0,"value":200},{"frame":0.9333333333333333,"value":254},{"frame":1.3333333333333333,"value":0}],"position":[{"frame":0,"value":[0,1.162,0]},{"frame":0.36666666666666664,"value":[-118.523,51.127,0]},{"frame":0.7333333333333333,"value":[-244.017,53.451,0]},{"frame":0.9833333333333333,"value":[-318.384,22.077,0]},{"frame":1.3333333333333333,"value":[-415.991,-77.854,0]}]}},"win_18":{"props":{"opacity":[{"frame":0,"value":200},{"frame":0.9333333333333333,"value":254},{"frame":1.3333333333333333,"value":0}],"position":[]}},"win_17":{"props":{"opacity":[{"frame":0,"value":200},{"frame":0.9333333333333333,"value":254},{"frame":1.3333333333333333,"value":0}],"position":[{"frame":0,"value":[1,0,0]},{"frame":0.43333333333333335,"value":[98.607,110.389,0]},{"frame":0.8166666666666667,"value":[188.08,146.411,0]},{"frame":1.2166666666666666,"value":[289.173,154.545,0]},{"frame":1.3333333333333333,"value":[364.702,134.791,0]}]}},"win_16":{"props":{"opacity":[{"frame":0,"value":200},{"frame":0.9333333333333333,"value":254},{"frame":1.3333333333333333,"value":0}],"position":[{"frame":0,"value":[-4.648,11.62,0]},{"frame":0.38333333333333336,"value":[-138.277,153.382,0]},{"frame":0.7833333333333333,"value":[-248.666,185.918,0]},{"frame":1.1166666666666667,"value":[-417.154,190.566,0]},{"frame":1.3333333333333333,"value":[-533.353,123.171,0]}],"angle":[{"frame":0,"value":1},{"frame":1.3333333333333333,"value":480}]}},"win_15":{"props":{"opacity":[{"frame":0.16666666666666666,"value":200},{"frame":1.1,"value":254},{"frame":1.5,"value":0}],"angle":[{"frame":0.16666666666666666,"value":1},{"frame":1.5,"value":480}],"position":[{"frame":0,"value":[0,0,0]},{"frame":0.16666666666666666,"value":[1,0]},{"frame":0.6333333333333333,"value":[-20,144]},{"frame":1.0333333333333334,"value":[-72,233]},{"frame":1.3166666666666667,"value":[-185,302]},{"frame":1.5,"value":[-232.641,295.028,0]}]}},"win_14":{"props":{"opacity":[{"frame":0,"value":200},{"frame":0.9333333333333333,"value":254},{"frame":1.3333333333333333,"value":0}],"angle":[{"frame":0,"value":1},{"frame":1.3333333333333333,"value":480}],"position":[{"frame":0,"value":[1,0,0]},{"frame":0.35,"value":[-104.741,-72.043,0]},{"frame":0.6666666666666666,"value":[-130.305,-119.684,0]},{"frame":0.95,"value":[-141.925,-169.649,0]},{"frame":1.3333333333333333,"value":[-150.059,-213.804,0]}]}},"win_13":{"props":{"opacity":[{"frame":0,"value":200},{"frame":0.9333333333333333,"value":254},{"frame":1.3333333333333333,"value":0}],"angle":[{"frame":0,"value":1},{"frame":1.3333333333333333,"value":480}],"position":[{"frame":0,"value":[1,0,0]},{"frame":0.31666666666666665,"value":[53.289,-66.233,0]},{"frame":0.5666666666666667,"value":[68.395,-110.388,0]},{"frame":0.8666666666666667,"value":[68.395,-151.058,0]},{"frame":1.3333333333333333,"value":[64.909,-189.404,0]}]}},"win_12":{"props":{"opacity":[{"frame":0.35,"value":200},{"frame":1.2833333333333334,"value":254},{"frame":1.6833333333333333,"value":0}],"angle":[{"frame":0.35,"value":1},{"frame":1.6833333333333333,"value":480}],"position":[{"frame":0.35,"value":[1,0,0]},{"frame":0.65,"value":[59.099,131.304,0]},{"frame":0.9333333333333333,"value":[126.494,162.678,0]},{"frame":1.2166666666666666,"value":[208.995,162.678,0]},{"frame":1.6833333333333333,"value":[253.15,147.572,0]}]}},"win_10":{"props":{"opacity":[{"frame":0,"value":200},{"frame":0.9333333333333333,"value":254},{"frame":1.3333333333333333,"value":0}],"angle":[{"frame":0,"value":1},{"frame":1.3333333333333333,"value":480}],"position":[{"frame":0,"value":[1,0,0]},{"frame":0.3,"value":[20.754,117.361,0]},{"frame":0.6666666666666666,"value":[54.452,195.214,0]},{"frame":1,"value":[106.741,235.884,0]},{"frame":1.3333333333333333,"value":[185.756,255.638,0]}]}},"win_9":{"props":{"opacity":[{"frame":0,"value":200},{"frame":0.9333333333333333,"value":254},{"frame":1.3333333333333333,"value":0}],"angle":[{"frame":0,"value":1},{"frame":1.3333333333333333,"value":480}],"position":[{"frame":0,"value":[1,0,0]},{"frame":0.36666666666666664,"value":[-105.903,-32.536,0]},{"frame":0.7166666666666667,"value":[-195.376,-92.959,0]},{"frame":1.0333333333333334,"value":[-256.961,-155.706,0]},{"frame":1.3333333333333333,"value":[-272.067,-203.347,0]}]}},"win_11":{"props":{"opacity":[{"frame":0,"value":200},{"frame":0.9333333333333333,"value":254},{"frame":1.3333333333333333,"value":0}],"angle":[{"frame":0,"value":1},{"frame":1.3333333333333333,"value":480}],"position":[{"frame":0,"value":[2,0,0]},{"frame":0.4166666666666667,"value":[130.98,32.536,0]},{"frame":0.8,"value":[199.537,20.916,0]},{"frame":1.0666666666666667,"value":[285.524,-29.049,0]},{"frame":1.3333333333333333,"value":[325.032,-67.395,0]}]}},"win_8":{"props":{"opacity":[{"frame":0,"value":200},{"frame":0.9333333333333333,"value":254},{"frame":1.3333333333333333,"value":0}],"angle":[{"frame":0,"value":1},{"frame":1.3333333333333333,"value":480}],"position":[{"frame":0,"value":[1,1,0]},{"frame":0.4,"value":[114.875,-62.909,0]},{"frame":0.9333333333333333,"value":[196.214,-184.918,0]},{"frame":1.3333333333333333,"value":[219.454,-234.883,0]}]}}},"win_1",11,[{},"props",11,[{},"scale",12,[[[{"frame":0},"value",8,[0,0,0]],[{"frame":0.16666666666666666},"value",8,[0,1.2,1.2]],[{"frame":0.25},"value",8,[0,1,1]]],11,11,11]]],"win_21",11,[{},"props",11,[{"opacity":[{"frame":0,"value":255},{"frame":0.65,"value":0},{"frame":1.3333333333333333,"value":1}]},"scale",12,[[[{"frame":0},"value",8,[0,0,0]],[{"frame":0.65},"value",8,[0,3,3]]],11,11]]]]]]],0,0,[],[],[]],[[{"name":"win_8","rect":[403,622,26,27],"offset":[0,0],"originalSize":[28,29],"capInsets":[0,0,0,0]}],[0],0,[0],[2],[1]],[[{"name":"win_17","rect":[368,596,29,24],"offset":[0,0],"originalSize":[29,26],"capInsets":[0,0,0,0]}],[0],0,[0],[2],[1]],[[{"name":"win_15","rect":[323,596,39,28],"offset":[0.5,0],"originalSize":[40,30],"capInsets":[0,0,0,0]}],[0],0,[0],[2],[1]],[[{"name":"win_16","rect":[271,596,46,36],"offset":[0.5,-0.5],"originalSize":[47,37],"capInsets":[0,0,0,0]}],[0],0,[0],[2],[1]],[[{"name":"win_11","rect":[350,654,19,15],"offset":[0,-0.5],"originalSize":[19,16],"capInsets":[0,0,0,0]}],[0],0,[0],[2],[1]],[[{"name":"win_21","rect":[3,3,585,587],"offset":[0,0],"originalSize":[599,599],"capInsets":[0,0,0,0]}],[0],0,[0],[2],[1]],[[{"name":"win_10","rect":[368,626,22,18],"offset":[-0.5,0.5],"originalSize":[23,19],"rotated":1,"capInsets":[0,0,0,0]}],[0],0,[0],[2],[1]],[[{"name":"win_9","rect":[180,596,38,85],"offset":[0.5,-0.5],"originalSize":[39,86],"rotated":1,"capInsets":[0,0,0,0]}],[0],0,[0],[2],[1]],[[{"name":"shuiguo-luckyball","rect":[0,0,245,88],"offset":[-8.5,0],"originalSize":[262,88],"capInsets":[0,0,0,0]}],[0],0,[0],[2],[22]],[[{"name":"win_13","rect":[438,596,27,28],"offset":[0,0],"originalSize":[29,30],"rotated":1,"capInsets":[0,0,0,0]}],[0],0,[0],[2],[1]]]]