[1,["b86uIFNN5CEYpDIH7FifRj"],["_texture"],[["dragonBones.DragonBonesAtlasAsset",["_name","_atlasJson"],1]],[[0,0,1,3]],[[0,"Amazon_scatter_tex","{\"width\":256,\"imagePath\":\"Amazon_scatter_tex.png\",\"height\":512,\"name\":\"Amazon_scatter\",\"SubTexture\":[{\"width\":162,\"y\":141,\"height\":127,\"name\":\"sca/图层_4\",\"x\":1},{\"width\":174,\"y\":1,\"height\":138,\"name\":\"sca/图层_1\",\"x\":1},{\"width\":141,\"y\":270,\"height\":127,\"name\":\"sca/图层_3\",\"x\":1},{\"width\":166,\"y\":399,\"height\":42,\"name\":\"sca/图层_5\",\"x\":1},{\"width\":151,\"y\":443,\"height\":29,\"name\":\"sca/SCATTER\",\"x\":1}]}"]],0,0,[0],[0],[0]]