{"paths":{"0":["audio/Stop_spin",6],"1":["Animation/smailwin/money_tex",1],"2":["audio/Bg_nm10",6],"3":["audio/But_spin",6],"4":["Texture/soccerLotteryHead",1],"5":["audio/jump",6],"6":["audio/win_link",6],"7":["Texture/soccerLotteryBallPlayer",1],"8":["Texture/soccerLotteryPopup",1],"9":["Texture/bgbg",1],"10":["Texture/soccerLotteryUI",1],"11":["audio/switch",6],"12":["Texture/soccerLotteryHead",5],"13":["Prefabs/playerProfile",4],"14":["Prefabs/help",4],"15":["Animation/smailwin/money_ske",0],"17":["Prefabs/results",4],"19":["Prefabs/betSuccess",4],"21":["Animation/smailwin/money_tex",2,1],"23":["Prefabs/betSetting",4],"24":["Animation/smailwin/money_tex",3],"26":["Texture/soccerLotteryUI",5],"28":["Prefabs/gameResults",4],"32":["Texture/soccerLotteryBallPlayer",5],"33":["Texture/bgbg",2,1],"34":["Prefabs/betPopup",4],"35":["Texture/soccerLotteryPopup",5]},"types":["dragonBones.DragonBonesAsset","cc.Texture2D","cc.SpriteFrame","dragonBones.DragonBonesAtlasAsset","cc.Prefab","cc.SpriteAtlas","cc.AudioClip"],"uuids":["04ZeT481tBlo31nDTQdNid","09GliIzoRDUbxd0R4O2lPj","23E9EQLTFKsbzMmbc7o8Hm","233c4gRRBNpa4lFW7lOAco","3cbM3+I6ZGioX7It7clHjm","7fmp1VfdpGM7DAwmNNQEZQ","92IcIXG8FEEpuxm3MZdE0B","92P0NconpIYIQaqqhHUk7s","a470G2MVJJKrNcyKwaPI2d","aeDsSQR5pF6bHHIXL2XThC","b34GCiBwpEjLDHN8ctRVCu","cf/Vwi2nlHEq4BVRJpLjeN","0bXEx8/TxPn6u8WawN4Ujz","16ZnkFXBpP4acxxnhE4Eoe","17Ex6sH7hJfI7cNuT5fS7/","195igkk+JGxYww6A4Bnb76","1a159edee","1akTR0VSJOwosTf/1vK7at","1d5v0Gb1ZFIrYWawhLYFgh","20kQ7G7l5Fdowe0khUORmn","21sto/yRVHw7i8bO83O3F2","27zncX6xFDq5CQEHgNH/DX","30ifunASRErbiFgk9qYb9i","3d3LJMdlpJOoEX9qGxJZ0L","447fuEotJKE6bfH3q4CzfD","4bq2fLGOZAmbhANV8Ec/iQ","4cLUd+gktGTITigQq01qwz","6179iihOlPIbFYLEtb8ypa","6eO6nScMVP0palQSyfMyup","8dXfGycbZNR6u8V4DEpyot","92w9g7eK9IMLVsNp5HtQJy","9ejeMWOE5IuJXOu5GCvGrw","b83SeGCEVE24lSIxEwY55Z","bfxoH9EehONaPnKEwbGeOB","cf1IZ10c9Oh4FezRZ0yaLp","f3zA/jG5dBdrYDdXl4ECDD","f7oGiAsDpMqoi8JbBdpXX0","06AwffB4RAOZNR/THvGPsb","065qQC0DVGhpaAWQ4Ycamt","09WuHVne9H/owiuUNZzw1V","0aVbSYhOxNnK+2v9bSdDgD","0ckfLTQ5NAN5GTcNV5CPgN","0co80ZrbFBI5IrBxi37brZ","0eZMtPfzpOh6Row4fdC9Oc","10w/4b275IL7sMWTkb/ddJ","11EuRUygNJbZO9cyJJvDQB","17GUxIRR5FrphcFWq8ivyA","18hEK0islDkbJJ9mZRJUhs","18v8vJxbhPmYQYaS98zPnt","19NWZsPj5AsJoPBdLY1k1j","1auQNdgiVG+5b64vEHXVVt","1bwvPT4G9IGqxngT8PQ1eC","1dybnBa85IFomyDO2hyEqR","1f9digCeBBPYVoY7TmUph5","21RjDZK8BOroekGXLBlT+/","233H1kY+lNnZzG6zo8zzWQ","28oreHLB9MmJFVf9JexlTd","29FYIk+N1GYaeWH/q1NxQO","2bDYKOqVFAiIps2JpkQoes","2fPPrOCKVCKq74AiRqzPQw","2f3wqfkOhIQJy5RxSOHTfb","33t7kTQXdNVoW21UbeGZtW","35BYiUu2BJQLQR3XoLHEj4","3aj5se+WFFuo+Xu2rpAiLW","3c+VSNNFFLYKYZfNYOUgRB","40OL3AIqFPFL1TAN5vWNkw","43jPeJc95NKq4hA3EyjVPa","43pptCJOZAR4mJMs7/P9I5","46l+U+zYNIzYnWlMdIYea9","46noCLCwVI97bsbXaMu7QO","48SAN0CdtMuYYlGvOlVwWa","48U4oHz2ROUr3LZTtLd5xF","4cBCEayRhB+IJ9lv/+QkDt","4dETL+nkdPnZHsip2/PjmK","4dXDtC8oVHkpDeSbpKurqA","54RH5QCH5EWZAzkIPUXAWb","54jZmtVYxImKHuWcR+hw//","557Umtjb9KRpFWjCY6cID2","559C0QSPdLSbWFpXrPJXt8","56iAL5rR1ENZzmH7e6DDz5","5asUHNBRtHKpE++oaR0/qu","5bgyULDCJHjo5SSBYy5cPD","5cesoYTHZDjbwrqPKYISzT","5cqXC1KYNBi6a7hpL+b5Mw","62W+Z2Zo9GtYag7Y0Jevnf","633HVZyD5GhrgpM+fzuHRK","64gWTiWaVEYraPY4xqrkjq","65TaNl1WdBzYmQyE02vH0C","67jx3fnUBLOKRum3RUvcSM","68nS1dF0RIj5KjgP6UYRC1","71oQ4qNelBMofcUymLIsar","72EargpHZO7Z0BfpzqEaU8","72QuhCZnZA8o6kVo9VicGZ","73Z/fitZNDq7P+BMgm7H3D","733nZBQGlGpJHizORTmyNP","78lSQH995MXYQyNu2gd2NZ","78pVcn1CxIEI4HWP1l2qI7","782oyq359EuJffXQMjElQ5","7aLbybNt9AVbJ2NTuoT/g6","81QDptoktH57X8iVYMnx6x","81Tru8W4FPiZ2amqMCfXsO","814uIE8OVN/LnhOhSYWXMh","8cBaC9zexAdZHPnpXSaO9j","8e+XKKx45MDKzkXS9541m1","92q1JvcelG0LYOh1dy6fht","93WsuoIelIXYIhWmkr60ki","97rEkJgGtDwrJl9zbcgN7G","99KBq4qr1Moa2MRg+yW47Y","9eDrDlW4VAV69tOh5TiOzr","a9cNWqur9KXJor3fP63NMi","acICAnapVHgpwdC1WLZbdM","b3l823/j1NJKOUem2FTtda","baV0rOc2FNU64+Q2RTPbHd","bb6nPHvlRJmpoGLBsDqGDK","bdanwjdkRD87SzSbeQ6em/","c6u+gZJhJFS4ykjDhPA/W4","c77kyap11B754goj8et0dp","c87i2FOm9DCoZdz7nOfMj2","c9+lH/PwFGAY+AMl0bEdq3","caQKP4jJ1MZp42e3R7sjRN","cbWOmHmo9AXbGlamR3Ozd0","ccCrWZfSJGx7l7T3GQLa5l","ceOrqMy5ZEVY3HLMQZDREk","d26ULlR2NKkKyblY4nUOKP","d3H8p2Vn5HSIzcDvldtgPe","d4QTJwGt9Cq4zrIQAV8jQD","d69CdtlY9HEpJQTHVOqagj","dbkWDZcHlPha0jU+bYG9yU","dd87lr1vhMd4TqBhIZ/AgK","dfohxDDgFG1L1Ow/jCP+tG","e3k4qvWBBGZayg+r/z96DI","e57LG2GWdME4Cp0pynipDN","e7x/sTlGNGxrV4Nvtgtjcc","e97GVMl6JHh5Ml5qEDdSGa","eaBAFTXFxApIirYyqle+tH","eav9sxJVhDULIRUvCY9rAH","ebnja+3j1CV7mrMibm/U/y","ecpdLyjvZBwrvm+cedCcQy","eeL2fGHbxCR4XlpZUT7kNK","f0BIwQ8D5Ml7nTNQbh1YlS","f1JnS8bOtLb5zA98ui8N0Q","f5y4WDRhZOCrWztB/k8kDE","f6FjqVN+pItaVcx8ncvawW","f6vT2i6ChAOYcbNP5hQzJ6","f8G7G4GgxJCIeG6GI7RYiU","femsK4GPBBnp1DBA/5MlGi","ffDdntJ4NEc6teA7E9r42+"],"scenes":{"db://assets/SoccerLottery/SoccerLottery.fire":27},"redirect":[57,0,133,0,137,1,139,0],"deps":["main","internal"],"packs":{"01a7d4390":[44,59,90,96,138,141],"02d587869":[39,49,26,82,104],"04fc498e9":[38,43,51,53,56,62,78,80,83,27,87,95,97,107,109,33,118,130,144,146],"05735716c":[61,73],"065c296c7":[40,45,50,55,64,65,66,67,68,75,77,84,106,108,111,32,122,126,131,134,136,143,145],"066e0859a":[1,16,18,20,22,4,25,29,7,30,31,8,9,10,36],"075cfea7a":[71,102],"0765c98bb":[69,93,116],"0ab3938b0":[37,41,58,60,74,79,85,86,88,94,98,99,100,101,114,117,120,127,132,140,142],"0c3e9abdd":[52,91,103,123,125],"0e0f12a43":[42,129],"0e4518041":[46,115]},"name":"SoccerLottery","importBase":"import","nativeBase":"native","debug":false,"isZip":false,"encrypted":false,"versions":{"import":["01a7d4390","598a7","02d587869","df2cb",0,"9e216","04fc498e9","31866","05735716c","d70fd","065c296c7","e54d8","066e0859a","d267c","075cfea7a","3a6b2","0765c98bb","c1d4c","0ab3938b0","b1da7",12,"95ebd","0c3e9abdd","84d27","0e0f12a43","610b3","0e4518041","c65c1",13,"e50a1",14,"4970d",47,"3f57a",48,"ebb1a",15,"5d9c7",17,"0ea6c",19,"313fa",54,"9bc97",2,"bcab3",3,"5e104",21,"29464",63,"3e852",23,"82859",24,"76eb7",70,"66eca",72,"87125",76,"c8b63",81,"7b7ca",89,"452a4",28,"7373b",92,"c6650",5,"5d764",6,"8d3d1",105,"a7506",110,"7f059",112,"3ea45",113,"f5ed8",119,"cab8f",121,"68ac4",34,"e0ce3",11,"ea0cc",124,"3495e",128,"03104",135,"f59ae",35,"737a6"],"native":[0,"7998d",1,"7d3f8",16,"7ffa5",18,"cb1b7",20,"4d2cf",2,"ee6ab",3,"c8374",22,"96ca6",4,"25bee",25,"7050a",5,"e8b5f",29,"3f7ac",6,"13d94",7,"5282b",30,"49123",31,"7d3f8",8,"daff1",9,"c6b43",10,"516cf",11,"a42a9",36,"838a8"]}}