{"paths":{"0":["Audio/btn_touch",5],"1":["Texture/img/img_gold",3],"2":["Audio/ball3",5],"3":["Texture/rank/rank",3],"4":["Audio/ball1",5],"5":["Audio/miniwin",5],"6":["Texture/LightningRoulette",3],"7":["Texture/rule/rule_bg",3],"8":["Audio/Bg_link",5],"9":["Audio/Stop_spin",5],"10":["font/win",3],"11":["Animation/smailwin/money_tex",3],"12":["Texture/table2",3],"13":["Texture/rule/gb",3],"14":["Texture/bg",3],"15":["Texture/img/head_bg",3],"16":["Audio/coin",5],"17":["Texture/rule/wz",3],"18":["Audio/selfbet",5],"19":["Audio/bg",5],"21":["Texture/img/head_bg",4,1],"25":["Animation/bet",0],"26":["Texture/bg",4,1],"28":["Prefabs/flyGold",6],"29":["Prefabs/showTips",6],"30":["Texture/rule/rule_bg",4,1],"31":["Prefabs/playerRank",6],"32":["Animation/bet1",0],"33":["Animation/smailwin/money_ske",1],"34":["Animation/smailwin/money_tex",2],"35":["Prefabs/betGlow",6],"36":["Prefabs/help",6],"37":["Texture/rank/rank",7],"38":["font/win",4,1],"39":["Animation/bet3",0],"40":["Prefabs/winningNumber",6],"41":["Texture/LightningRoulette",7],"43":["Texture/table2",4,1],"44":["Animation/bet2",0],"45":["Animation/smailwin/money_tex",4,1],"46":["Texture/rule/gb",4,1],"47":["Texture/img/img_gold",4,1],"48":["Texture/rule/wz",4,1],"49":["font/win",8]},"types":["cc.AnimationClip","dragonBones.DragonBonesAsset","dragonBones.DragonBonesAtlasAsset","cc.Texture2D","cc.SpriteFrame","cc.AudioClip","cc.Prefab","cc.SpriteAtlas","cc.BitmapFont"],"uuids":["01+cVPTc9AYIvUALGzJDJT","1e6p2Oh0NIYLoDYBgSz208","23Rm1tDYJEWa6agzxArSei","44T8nk/uNJuKCfScIOfDCL","47nK3rk9tBPodhQGapmH77","4ed2Re4wpLlZUW3M7q1tEz","55qx4QKeVOxJoWgB7lLOlj","798h5I30dPu5v6IxFwv1vp","91GMPBJtBCn4mMwEz4PXuN","92CSLVkP9Gxp7IdZKraA8B","92w9g7eK9IMLVsNp5HtQJy","9ejeMWOE5IuJXOu5GCvGrw","a9JiFngwFOM5mhy1ghUwxI","b6Rop63CtCZppjLgOftz//","c8oh52qeRGt6pXLIdc29wL","c9JXHKDE5NUrDaZXZNoYp/","d22jvnmGtE1LCl9/iuxSu+","e3xxIMgJxF9YIRcD4YL/Zp","ffoYEed6RGi4PoKKEQxPTX","ffodzxPUZB6obnIVN+o3So","11950c273","18mi4gecZPz6az8dhS7+/U","1a159edee","1d5v0Gb1ZFIrYWawhLYFgh","21sto/yRVHw7i8bO83O3F2","26pysUkmRIPbou8yBAMmS3","267Fmgxy5Ip6A/FCsYP/BS","30ifunASRErbiFgk9qYb9i","36orHRAdBLS4CvolALk0H2","39f8utd+pJ+bg5YEb3D2Q5","42w6PfQA9PCbin5y11T7Yi","44F12VUUlOpLJ2EMIq7Hb0","4aAX6g3ApLXpo/vTPHD1UX","559C0QSPdLSbWFpXrPJXt8","5asUHNBRtHKpE++oaR0/qu","5f9ZKd1zxP2raUdLYbed0y","6abAS4hyhBabfjlFlUSqa+","70APFZkK9EaaqGC8m4PFHH","782oyq359EuJffXQMjElQ5","7bxvzt1U9AV4O4IAj1leVU","81TNf1t0pHZa8hNJ2UqFbP","88KO9STFhKwq5jLUQJX1Kf","8dXfGycbZNR6u8V4DEpyot","acuruzvLNKmJEnaCqw8csm","b7a35g0G1J46tXyQxPWf4k","cbPBoEyCpBTbOJXDhH6+Xs","d2LNn+0U9Cm7IKrmVV5XVi","d5v6r5xZ1Ev5WR7b/TCuWy","d8PbjFxJVIhbul8UlQrRep","e3k4qvWBBGZayg+r/z96DI","f7oGiAsDpMqoi8JbBdpXX0","fb9eB5DvtPz5XZ4vVNiJRQ","016Omc+wdBTqN1f3Qu/f9t","028XFx7dhAbqYw9qdh/QVS","065qQC0DVGhpaAWQ4Ycamt","094FRD0L5AcqSK5JoUUTlF","0eZMtPfzpOh6Row4fdC9Oc","0fOCKnT/9PlYuEIBV79aks","13fUZLmehCG61x/y+/PB75","157quHR5NEf7ONCTFPnGY7","16mNeCAUdC2Lmwxq8MZgzk","18hEK0islDkbJJ9mZRJUhs","1bwvPT4G9IGqxngT8PQ1eC","1cr1+lieJBIIkcq1zYgJHd","1f9digCeBBPYVoY7TmUph5","21RjDZK8BOroekGXLBlT+/","229fw2HHhLMIjUd9JT4qFi","28oreHLB9MmJFVf9JexlTd","29FYIk+N1GYaeWH/q1NxQO","2bePleAK1Fi771RG7PvS0I","2doDk3e/lG1pxChgY9dLcr","318r8PdxhMGJWsIoWmJu01","35BYiUu2BJQLQR3XoLHEj4","37npmNfl1Bwq9acyz8MWmt","3ae7efMv1CLq2ilvUY/tQi","3bpVSZIfVFIoBzDIa7DsM8","3etRZMN4dLdrsF5SB3ebLF","43d2VHVVpDsbms1bmFA9im","49Ey05XzdHtYvtTD1qlKZ5","4bR234Vb5E87zZQNLmy7Uw","4bbiOd4dlEypJxlctuWBwy","4cdEKXJdxCxqMdhuZNYlX0","4cmy6ijBJL8YQy+ZQmZs86","4fbKS2K15BMrNXr8KkUxTr","5275Uk+fVPTpqAcnA+VAsI","599L757x1OUoiMa5+XIVFx","5bgyULDCJHjo5SSBYy5cPD","5cqXC1KYNBi6a7hpL+b5Mw","5eCktHchxHE4EdVnpgxknb","5erE/sbGxOVoTDv1M79MM1","65TaNl1WdBzYmQyE02vH0C","68nS1dF0RIj5KjgP6UYRC1","702Y/oOYBPqptIkzyV2Qmo","72QuhCZnZA8o6kVo9VicGZ","72t4XIGTJN25Qxq4pXekqx","74HBlSDC5Ex5GRWvQ8IfLt","78lSQH995MXYQyNu2gd2NZ","7dZ9yMMdtGZ70rK72zqV26","7eVZpXQCxKKLuC5dkmrs4K","7fiprcMi1FZJFZqJp1aC2j","828i7NHxpBC5qK02Szh8L1","87zPNXi8VO7pLdWGxWJzsS","8dQ3V/jshPTbhIIGVSSunv","8fheHsKi9F8purYs3p8VW/","90x+YdJDZJKJ7itsbSG4BM","94jtR+VVVNgIR3cpVh1KQT","97vqlT6wJDxbvOZNWD9vrf","99KBq4qr1Moa2MRg+yW47Y","a0Q69FQmlFrrszM4zJLTHH","a2NiQMX8RKU6cTy2zdEKTC","a22VTPpGRCspwXYmeNpKsH","a3lKgVmLhMn6WJPGMunZCv","a9cNWqur9KXJor3fP63NMi","a9zI1wmeFGGL1L4wWKJkMm","ab0HUJoMNHfrHewDyVeT1U","ad9kXPulNH5aolH+aNozMp","af8qVIty9CeYlP+JdTGXJr","b7El2Eb4hLDJozN37o/NNp","bbAV5DvK5Nop1YRm2iaFXr","bblMZ1ewxPFpP60nQfnhip","bfyYbmWGlBfLHpNArRB2MF","c4Zn3vTQxC+oT0STeZNsJx","c8nYCamcBMwrG1l9EPJ9UQ","c9vLu28v5NA5hqz0QDZPs3","caQKP4jJ1MZp42e3R7sjRN","ccCrWZfSJGx7l7T3GQLa5l","d0Lan//6JK/bXWcHKBqBwc","d0X0KUcsFNa7zaPSqtsRSA","d3H8p2Vn5HSIzcDvldtgPe","d4U2FFCe1EPpS5OhFz2ubZ","d4y34DHuFFWY8yCcJSaylj","d8+7BniPRFrJjPpc31Nzci","daLXIXi4VMxahYTg36CYUc","dbFu5uMiZP/LVGDOzP/bcV","dd87lr1vhMd4TqBhIZ/AgK","dd/0c9rzxAc480KUCtZCL/","e97GVMl6JHh5Ml5qEDdSGa","eaXdnWWupGsZy72/ujAcZj","ecpdLyjvZBwrvm+cedCcQy","ec81Ds9OtFI5kOQQBPzDXy","ef57jneV9K7ocoRH02x0LX","f0BIwQ8D5Ml7nTNQbh1YlS","f2gLkCVt1D7qN6Reg6JCf+","f3eZJU1LNO/6VC3UlDi2Wr","f5m3kGfPpHD6JvWVcnqGhf","f53qELNaZCZJLARAnMOowJ","f7IHrXagBPuIZO1Lz7Kufn","f8G7G4GgxJCIeG6GI7RYiU","f9vJwVL6lDmY+Ggfy1Yvjf","fcCpui4X1O9YgiiCVKwmRh","ffDdntJ4NEc6teA7E9r42+"],"scenes":{"db://assets/LightningRoulette/LightningRoulette.fire":51},"redirect":[68,0,74,1,136,0,137,2,138,1,141,0],"deps":["main","internal","resources"],"packs":{"03d8a57f2":[31,47],"052b24fb1":[20,22,23,1,24,27,3,6,7,42,10,11,12,13,14,15,17,50],"0761b0a35":[52,63,78,37,123],"084124626":[53,55,57,58,59,66,73,76,80,82,83,94,97,98,99,102,106,114,115,117,121,129,131,135,142],"095426863":[30,36,46,48],"0a1b21467":[75,79,81,113,118,132,133,140],"0b67c3e61":[84,92,145],"0d8bc0afb":[38,49],"0d8de3144":[0,54,56,60,21,62,64,2,25,26,67,72,4,32,5,33,87,90,96,39,104,8,9,105,107,109,110,111,112,43,44,122,127,16,130,143,144,147,51,150,18,19],"0e1704214":[69,71,77,85,88,89,95,100,41,103,108,116,120,126,139,148,149]},"name":"LightningRoulette","importBase":"import","nativeBase":"native","debug":false,"isZip":false,"encrypted":false,"versions":{"import":["03d8a57f2","17a03","052b24fb1","b6a88","0761b0a35","5c45e","084124626","5a01d","095426863","cab7b","0a1b21467","fad02","0b67c3e61","5416b","0d8bc0afb","84366","0d8de3144","39a36","0e1704214","79c30",61,"3f57a",65,"9bc97",70,"9c904",28,"b4f86",29,"e8dcd",34,"f18d0",86,"7b7ca",35,"a36d3",91,"452a4",93,"c6650",40,"aa4f3",101,"9a406",119,"1c005",124,"cab8f",45,"453d1",125,"68ac4",128,"3495e",134,"03104",146,"155d6"],"native":[0,"4c836",20,"91de9",22,"7ffa5",23,"cb1b7",1,"3836f",24,"4d2cf",2,"d17aa",27,"96ca6",3,"c0cb9",4,"67d73",5,"f5364",6,"6ddab",7,"f4cd4",42,"3f7ac",8,"5ed66",9,"7998d",10,"49123",11,"7d3f8",12,"eca36",13,"89dd6",14,"e0f51",15,"22d09",16,"d1171",17,"217c3",50,"838a8",18,"42b0d",19,"77551"]}}