[1,["85qulFxuNCArFNjSTZB8cD"],["_texture"],[["dragonBones.DragonBonesAtlasAsset",["_name","_atlasJson"],1]],[[0,0,1,3]],[[0,"LuckyGoal_tex","{\"width\":512,\"SubTexture\":[{\"width\":275,\"y\":1,\"height\":190,\"name\":\"LUCKYgoal/椭圆_6\",\"x\":1},{\"width\":157,\"y\":1,\"height\":107,\"name\":\"LUCKYgoal/qiumen\",\"x\":278},{\"width\":42,\"y\":193,\"height\":42,\"name\":\"LUCKYgoal/qiua\",\"x\":233},{\"width\":110,\"y\":110,\"height\":134,\"name\":\"LUCKYgoal/cr7\",\"x\":278},{\"frameX\":0,\"y\":193,\"frameY\":-2,\"frameWidth\":232,\"width\":230,\"frameHeight\":39,\"height\":36,\"name\":\"LUCKYgoal/LuckyGoal\",\"x\":1}],\"height\":256,\"name\":\"LuckyGoal\",\"imagePath\":\"LuckyGoal_tex.png\"}"]],0,0,[0],[0],[0]]