[1,["01t+/2FyhDaI1tQ6AclFwB"],["_texture"],[["dragonBones.DragonBonesAtlasAsset",["_name","_atlasJson"],1]],[[0,0,1,3]],[[0,"Scatter_tex","{\"width\":512,\"SubTexture\":[{\"width\":167,\"y\":1,\"height\":139,\"name\":\"scater/bgg\",\"x\":1},{\"width\":137,\"y\":142,\"height\":126,\"name\":\"scater/bg2\",\"x\":1},{\"width\":103,\"y\":270,\"height\":103,\"name\":\"scater/qqqq\",\"x\":1},{\"width\":48,\"y\":270,\"height\":48,\"name\":\"scater/kaig\",\"x\":106},{\"width\":48,\"y\":142,\"height\":23,\"name\":\"scater/zzzz1\",\"x\":140},{\"width\":48,\"y\":320,\"height\":23,\"name\":\"scater/zzz2\",\"x\":106},{\"width\":48,\"y\":167,\"height\":23,\"name\":\"scater/zzzz3\",\"x\":140},{\"width\":48,\"y\":345,\"height\":23,\"name\":\"scater/zzzz4\",\"x\":106},{\"width\":167,\"y\":1,\"height\":139,\"name\":\"scater/kkk\",\"x\":170},{\"width\":159,\"y\":375,\"height\":33,\"name\":\"scater/scatt\",\"x\":1},{\"width\":138,\"y\":1,\"height\":139,\"name\":\"scater/xzxzv\",\"x\":339}],\"imagePath\":\"Scatter_tex.png\",\"name\":\"Scatter\",\"height\":512}"]],0,0,[0],[0],[0]]