[1,["00R9QPlqxIAqUgim4iL3/5"],0,[["sp.SkeletonData",["_name","_atlasText","textureNames","_skeletonJson","textures"],-1,3]],[[0,0,1,2,3,4,5]],[[0,"GRNDEVENCEDOR","\nGRNDEVENCEDOR.png\nsize: 2048,512\nformat: RGBA8888\nfilter: Linear,Linear\nrepeat: none\n01\n  rotate: false\n  xy: 772, 356\n  size: 544, 60\n  orig: 544, 60\n  offset: 0, 0\n  index: -1\n02\n  rotate: false\n  xy: 1594, 198\n  size: 232, 218\n  orig: 232, 218\n  offset: 0, 0\n  index: -1\n03\n  rotate: false\n  xy: 2, 2\n  size: 77, 75\n  orig: 77, 75\n  offset: 0, 0\n  index: -1\n04\n  rotate: false\n  xy: 1318, 212\n  size: 274, 204\n  orig: 274, 204\n  offset: 0, 0\n  index: -1\n05\n  rotate: false\n  xy: 772, 122\n  size: 285, 232\n  orig: 285, 232\n  offset: 0, 0\n  index: -1\n06\n  rotate: false\n  xy: 1059, 118\n  size: 236, 236\n  orig: 236, 236\n  offset: 0, 0\n  index: -1\n07\n  rotate: false\n  xy: 433, 98\n  size: 337, 318\n  orig: 337, 318\n  offset: 0, 0\n  index: -1\n08\n  rotate: false\n  xy: 2, 79\n  size: 429, 337\n  orig: 429, 337\n  offset: 0, 0\n  index: -1\n",["GRNDEVENCEDOR.png"],{"skeleton":{"hash":"e876zuAldP8Q+ZdJNiYgq+2+Mj0","spine":"3.6.53","width":858,"height":674},"bones":[{"name":"root"},{"name":"aa","parent":"root"},{"name":"01","parent":"aa","x":0.5,"y":269},{"name":"03","parent":"aa","x":-105.4,"y":45.94},{"name":"05","parent":"aa","length":88.95,"rotation":90.29,"y":-120.49},{"name":"04","parent":"05","rotation":-90.29,"x":174.69,"y":-0.88},{"name":"06","parent":"aa","x":0.5},{"name":"07","parent":"aa"},{"name":"08","parent":"aa","x":0.5},{"name":"03a","parent":"aa","rotation":-0.9,"x":-105.4,"y":45.94},{"name":"06a","parent":"aa","x":0.5},{"name":"06b","parent":"aa","x":0.5}],"slots":[{"name":"08","bone":"08","attachment":"08"},{"name":"07","bone":"07","attachment":"07"},{"name":"06","bone":"06","attachment":"06"},{"name":"06b","bone":"06b","attachment":"06"},{"name":"06a","bone":"06a","attachment":"06"},{"name":"05","bone":"05","attachment":"05"},{"name":"04","bone":"04","attachment":"04"},{"name":"03","bone":"03","attachment":"03"},{"name":"03a","bone":"03a","attachment":"03"},{"name":"01","bone":"01","attachment":"01"}],"skins":{"default":{"01":{"01":{"width":544,"height":60}},"03":{"03":{"x":0.02,"width":77,"height":75}},"03a":{"03":{"x":0.02,"width":77,"height":75}},"04":{"04":{"x":0.5,"y":12.8,"width":274,"height":204}},"05":{"02":{"x":132.4,"y":-8.16,"rotation":-90.29,"width":232,"height":218},"05":{"x":107.43,"y":-11.54,"rotation":-90.29,"width":285,"height":232}},"06":{"06":{"scaleX":2,"scaleY":2,"width":236,"height":236}},"06a":{"06":{"scaleX":2,"scaleY":2,"width":236,"height":236}},"06b":{"06":{"scaleX":2,"scaleY":2,"width":236,"height":236}},"07":{"07":{"y":4,"scaleX":2,"scaleY":2,"width":337,"height":318}},"08":{"08":{"scaleX":2,"scaleY":2,"width":429,"height":337}}}},"animations":{"animation1":{"slots":{"01":{"color":[{"time":0,"color":"ffffff00","curve":"stepped"},{"time":1,"color":"ffffff00"},{"time":1.3333,"color":"ffffffff"}]},"03":{"color":[{"time":0,"color":"ffffff00"}]},"04":{"color":[{"time":0,"color":"ffffffff","curve":"stepped"},{"time":0.7667,"color":"ffffffff"},{"time":0.9333,"color":"ffffff00"}]},"06":{"color":[{"time":0,"color":"ffffff00"}]},"07":{"color":[{"time":0,"color":"ffffff00","curve":"stepped"},{"time":1.0333,"color":"ffffff00"},{"time":1.5,"color":"ffffffff"}]},"08":{"color":[{"time":0,"color":"ffffff00","curve":"stepped"},{"time":0.7,"color":"ffffff00"},{"time":1.1667,"color":"ffffffff","curve":"stepped"},{"time":1.5,"color":"ffffffff"}]},"03a":{"color":[{"time":0,"color":"ffffff00"}]},"06a":{"color":[{"time":0,"color":"ffffff00"}]},"06b":{"color":[{"time":0,"color":"ffffff00"}]}},"bones":{"05":{"rotate":[{"time":0,"angle":0,"curve":"stepped"},{"time":0.1667,"angle":0,"curve":"stepped"},{"time":0.3,"angle":0,"curve":"stepped"},{"time":0.4333,"angle":0,"curve":"stepped"},{"time":0.5333,"angle":0,"curve":"stepped"},{"time":0.6,"angle":0,"curve":"stepped"},{"time":0.9333,"angle":0,"curve":"stepped"},{"time":1.1,"angle":0,"curve":"stepped"},{"time":1.2667,"angle":0}],"translate":[{"time":0,"x":-2.58,"y":408.92},{"time":0.1667,"x":0,"y":0,"curve":"stepped"},{"time":0.3,"x":0,"y":0,"curve":"stepped"},{"time":0.4333,"x":0,"y":0,"curve":"stepped"},{"time":0.5333,"x":0,"y":0,"curve":"stepped"},{"time":0.6,"x":0,"y":0,"curve":"stepped"},{"time":0.9333,"x":0,"y":0,"curve":"stepped"},{"time":1.1,"x":0,"y":0,"curve":"stepped"},{"time":1.2667,"x":0,"y":0}],"scale":[{"time":0,"x":1.265,"y":0.851},{"time":0.1667,"x":1,"y":1},{"time":0.3,"x":0.903,"y":1.136},{"time":0.4333,"x":1.039,"y":0.968},{"time":0.5333,"x":1,"y":1,"curve":"stepped"},{"time":0.6,"x":1,"y":1},{"time":0.7667,"x":1.123,"y":1.215},{"time":0.9333,"x":1.331,"y":0.942},{"time":1.1,"x":0.929,"y":1.14},{"time":1.2667,"x":1,"y":1}],"shear":[{"time":0,"x":0,"y":0,"curve":"stepped"},{"time":0.1667,"x":0,"y":0,"curve":"stepped"},{"time":0.3,"x":0,"y":0,"curve":"stepped"},{"time":0.4333,"x":0,"y":0,"curve":"stepped"},{"time":0.5333,"x":0,"y":0,"curve":"stepped"},{"time":0.6,"x":0,"y":0,"curve":"stepped"},{"time":0.9333,"x":0,"y":0,"curve":"stepped"},{"time":1.1,"x":0,"y":0,"curve":"stepped"},{"time":1.2667,"x":0,"y":0}]},"04":{"rotate":[{"time":0.7667,"angle":0}],"translate":[{"time":0.7667,"x":0,"y":0},{"time":0.9333,"x":110.65,"y":0}],"scale":[{"time":0.7667,"x":1,"y":1}],"shear":[{"time":0.7667,"x":0,"y":0}]},"01":{"rotate":[{"time":1,"angle":0,"curve":"stepped"},{"time":1.3333,"angle":0,"curve":"stepped"},{"time":1.4667,"angle":0}],"translate":[{"time":1,"x":0,"y":0,"curve":"stepped"},{"time":1.3333,"x":0,"y":0,"curve":"stepped"},{"time":1.4667,"x":0,"y":0}],"scale":[{"time":1,"x":0.568,"y":0.568},{"time":1.3333,"x":1.049,"y":1.049},{"time":1.4667,"x":1,"y":1}],"shear":[{"time":1,"x":0,"y":0,"curve":"stepped"},{"time":1.3333,"x":0,"y":0,"curve":"stepped"},{"time":1.4667,"x":0,"y":0}]},"08":{"rotate":[{"time":1.5,"angle":0}],"translate":[{"time":1.5,"x":0,"y":0}],"scale":[{"time":1.5,"x":1,"y":1}],"shear":[{"time":1.5,"x":0,"y":0}]},"07":{"rotate":[{"time":1.0333,"angle":90},{"time":1.5,"angle":0}],"translate":[{"time":1.5,"x":0,"y":0}],"scale":[{"time":1.5,"x":1,"y":1}],"shear":[{"time":1.5,"x":0,"y":0}]},"06b":{"translate":[{"time":1.5,"x":-9.8,"y":18.51}]}}},"animation2":{"slots":{"03":{"color":[{"time":0,"color":"ffffff00","curve":"stepped"},{"time":0.1667,"color":"ffffff00"},{"time":0.5,"color":"ffffffff"},{"time":0.8333,"color":"ffffff00"}]},"04":{"color":[{"time":0,"color":"ffffff00"}]},"06":{"color":[{"time":0,"color":"ffffff00"},{"time":0.5,"color":"ffffffff"},{"time":1.1667,"color":"ffffff00"}]},"07":{"color":[{"time":0,"color":"ffffffff","curve":"stepped"},{"time":0.5,"color":"ffffffff","curve":"stepped"},{"time":1,"color":"ffffffff","curve":"stepped"},{"time":1.5,"color":"ffffffff","curve":"stepped"},{"time":2,"color":"ffffffff"}]},"08":{"color":[{"time":0,"color":"ffffffff"},{"time":1,"color":"ffffffb0"},{"time":2,"color":"ffffffff"}]},"03a":{"color":[{"time":0,"color":"ffffff00","curve":"stepped"},{"time":0.5,"color":"ffffff00"},{"time":0.8333,"color":"ffffffff"},{"time":1.1667,"color":"ffffff00"}]},"06a":{"color":[{"time":0,"color":"ffffff00","curve":"stepped"},{"time":0.3333,"color":"ffffff00"},{"time":0.8333,"color":"ffffffff"},{"time":1.5,"color":"ffffff00"}]},"06b":{"color":[{"time":0,"color":"ffffff00","curve":"stepped"},{"time":0.6667,"color":"ffffff00"},{"time":1.1667,"color":"ffffffff"},{"time":1.8333,"color":"ffffff00"}]}},"bones":{"06":{"rotate":[{"time":0,"angle":0}],"translate":[{"time":0,"x":0,"y":0}],"scale":[{"time":0,"x":0.5,"y":0.5},{"time":1.1667,"x":1.5,"y":1.5}],"shear":[{"time":0,"x":0,"y":0}]},"01":{"rotate":[{"time":0,"angle":0}],"translate":[{"time":0,"x":0,"y":0}],"scale":[{"time":0,"x":1,"y":1}],"shear":[{"time":0,"x":0,"y":0}]},"08":{"rotate":[{"time":0,"angle":0,"curve":"stepped"},{"time":0.5,"angle":0,"curve":"stepped"},{"time":1,"angle":0,"curve":"stepped"},{"time":1.5,"angle":0,"curve":"stepped"},{"time":2,"angle":0}],"translate":[{"time":0,"x":0,"y":0,"curve":"stepped"},{"time":0.5,"x":0,"y":0,"curve":"stepped"},{"time":1,"x":0,"y":0,"curve":"stepped"},{"time":1.5,"x":0,"y":0,"curve":"stepped"},{"time":2,"x":0,"y":0}],"scale":[{"time":0,"x":1,"y":1},{"time":0.5,"x":1.2,"y":1.2},{"time":1,"x":1,"y":1},{"time":1.5,"x":1.2,"y":1.2},{"time":2,"x":1,"y":1}],"shear":[{"time":0,"x":0,"y":0,"curve":"stepped"},{"time":0.5,"x":0,"y":0,"curve":"stepped"},{"time":1,"x":0,"y":0,"curve":"stepped"},{"time":1.5,"x":0,"y":0,"curve":"stepped"},{"time":2,"x":0,"y":0}]},"07":{"rotate":[{"time":0,"angle":0},{"time":0.5,"angle":-90},{"time":1,"angle":180},{"time":1.5,"angle":90},{"time":2,"angle":0}],"translate":[{"time":0,"x":0,"y":0,"curve":"stepped"},{"time":0.5,"x":0,"y":0,"curve":"stepped"},{"time":1,"x":0,"y":0,"curve":"stepped"},{"time":1.5,"x":0,"y":0,"curve":"stepped"},{"time":2,"x":0,"y":0}],"scale":[{"time":0,"x":1,"y":1,"curve":"stepped"},{"time":2,"x":1,"y":1}],"shear":[{"time":0,"x":0,"y":0,"curve":"stepped"},{"time":0.5,"x":0,"y":0,"curve":"stepped"},{"time":1,"x":0,"y":0,"curve":"stepped"},{"time":1.5,"x":0,"y":0,"curve":"stepped"},{"time":2,"x":0,"y":0}]},"06a":{"rotate":[{"time":0.3333,"angle":0}],"translate":[{"time":0.3333,"x":0,"y":0}],"scale":[{"time":0.3333,"x":0.5,"y":0.5},{"time":1.5,"x":1.5,"y":1.5}],"shear":[{"time":0.3333,"x":0,"y":0}]},"06b":{"rotate":[{"time":0.6667,"angle":0}],"translate":[{"time":0.6667,"x":0,"y":0}],"scale":[{"time":0.6667,"x":0.5,"y":0.5},{"time":1.8333,"x":1.5,"y":1.5}],"shear":[{"time":0.6667,"x":0,"y":0}]},"03a":{"translate":[{"time":0.5,"x":204.73,"y":15.25}]}}},"animation3":{"slots":{"01":{"color":[{"time":0,"color":"ffffff00","curve":"stepped"},{"time":1,"color":"ffffff00"},{"time":1.3333,"color":"ffffffff"}]},"03":{"color":[{"time":0,"color":"ffffff00"}]},"04":{"color":[{"time":0,"color":"ffffff00","curve":"stepped"},{"time":0.7667,"color":"ffffff00","curve":"stepped"},{"time":0.9333,"color":"ffffff00"}]},"05":{"attachment":[{"time":0,"name":"02"}]},"06":{"color":[{"time":0,"color":"ffffff00"}]},"07":{"color":[{"time":0,"color":"ffffff00","curve":"stepped"},{"time":1.0333,"color":"ffffff00"},{"time":1.5,"color":"ffffffff"}]},"08":{"color":[{"time":0,"color":"ffffff00","curve":"stepped"},{"time":0.7,"color":"ffffff00"},{"time":1.1667,"color":"ffffffff","curve":"stepped"},{"time":1.5,"color":"ffffffff"}]},"03a":{"color":[{"time":0,"color":"ffffff00"}]},"06a":{"color":[{"time":0,"color":"ffffff00"}]},"06b":{"color":[{"time":0,"color":"ffffff00"}]}},"bones":{"05":{"rotate":[{"time":0,"angle":0,"curve":"stepped"},{"time":0.1667,"angle":0,"curve":"stepped"},{"time":0.3,"angle":0,"curve":"stepped"},{"time":0.4333,"angle":0,"curve":"stepped"},{"time":0.5333,"angle":0,"curve":"stepped"},{"time":0.6,"angle":0,"curve":"stepped"},{"time":0.9333,"angle":0,"curve":"stepped"},{"time":1.1,"angle":0,"curve":"stepped"},{"time":1.2667,"angle":0}],"translate":[{"time":0,"x":-2.58,"y":408.92},{"time":0.1667,"x":0,"y":0,"curve":"stepped"},{"time":0.3,"x":0,"y":0,"curve":"stepped"},{"time":0.4333,"x":0,"y":0,"curve":"stepped"},{"time":0.5333,"x":0,"y":0,"curve":"stepped"},{"time":0.6,"x":0,"y":0,"curve":"stepped"},{"time":0.9333,"x":0,"y":0,"curve":"stepped"},{"time":1.1,"x":0,"y":0,"curve":"stepped"},{"time":1.2667,"x":0,"y":0}],"scale":[{"time":0,"x":1.265,"y":0.851},{"time":0.1667,"x":1,"y":1},{"time":0.3,"x":0.903,"y":1.136},{"time":0.4333,"x":1.039,"y":0.968},{"time":0.5333,"x":1,"y":1,"curve":"stepped"},{"time":0.6,"x":1,"y":1},{"time":0.7667,"x":1.123,"y":1.215},{"time":0.9333,"x":1.331,"y":0.942},{"time":1.1,"x":0.929,"y":1.14},{"time":1.2667,"x":1,"y":1}],"shear":[{"time":0,"x":0,"y":0,"curve":"stepped"},{"time":0.1667,"x":0,"y":0,"curve":"stepped"},{"time":0.3,"x":0,"y":0,"curve":"stepped"},{"time":0.4333,"x":0,"y":0,"curve":"stepped"},{"time":0.5333,"x":0,"y":0,"curve":"stepped"},{"time":0.6,"x":0,"y":0,"curve":"stepped"},{"time":0.9333,"x":0,"y":0,"curve":"stepped"},{"time":1.1,"x":0,"y":0,"curve":"stepped"},{"time":1.2667,"x":0,"y":0}]},"04":{"rotate":[{"time":0.7667,"angle":0}],"translate":[{"time":0.7667,"x":0,"y":0},{"time":0.9333,"x":110.65,"y":0}],"scale":[{"time":0.7667,"x":1,"y":1}],"shear":[{"time":0.7667,"x":0,"y":0}]},"01":{"rotate":[{"time":1,"angle":0,"curve":"stepped"},{"time":1.3333,"angle":0,"curve":"stepped"},{"time":1.4667,"angle":0}],"translate":[{"time":1,"x":0,"y":0,"curve":"stepped"},{"time":1.3333,"x":0,"y":0,"curve":"stepped"},{"time":1.4667,"x":0,"y":0}],"scale":[{"time":1,"x":0.568,"y":0.568},{"time":1.3333,"x":1.049,"y":1.049},{"time":1.4667,"x":1,"y":1}],"shear":[{"time":1,"x":0,"y":0,"curve":"stepped"},{"time":1.3333,"x":0,"y":0,"curve":"stepped"},{"time":1.4667,"x":0,"y":0}]},"08":{"rotate":[{"time":1.5,"angle":0}],"translate":[{"time":1.5,"x":0,"y":0}],"scale":[{"time":1.5,"x":1,"y":1}],"shear":[{"time":1.5,"x":0,"y":0}]},"07":{"rotate":[{"time":1.0333,"angle":90},{"time":1.5,"angle":0}],"translate":[{"time":1.5,"x":0,"y":0}],"scale":[{"time":1.5,"x":1,"y":1}],"shear":[{"time":1.5,"x":0,"y":0}]},"06b":{"translate":[{"time":1.5,"x":-9.8,"y":18.51}]}}},"animation4":{"slots":{"03":{"color":[{"time":0,"color":"ffffff00","curve":"stepped"},{"time":0.1667,"color":"ffffff00"},{"time":0.5,"color":"ffffffff"},{"time":0.8333,"color":"ffffff00"}]},"04":{"color":[{"time":0,"color":"ffffff00"}]},"05":{"attachment":[{"time":0,"name":"02"}]},"06":{"color":[{"time":0,"color":"ffffff00"},{"time":0.5,"color":"ffffffff"},{"time":1.1667,"color":"ffffff00"}]},"07":{"color":[{"time":0,"color":"ffffffff","curve":"stepped"},{"time":0.5,"color":"ffffffff","curve":"stepped"},{"time":1,"color":"ffffffff","curve":"stepped"},{"time":1.5,"color":"ffffffff","curve":"stepped"},{"time":2,"color":"ffffffff"}]},"08":{"color":[{"time":0,"color":"ffffffff"},{"time":1,"color":"ffffffb0"},{"time":2,"color":"ffffffff"}]},"03a":{"color":[{"time":0,"color":"ffffff00","curve":"stepped"},{"time":0.5,"color":"ffffff00"},{"time":0.8333,"color":"ffffffff"},{"time":1.1667,"color":"ffffff00"}]},"06a":{"color":[{"time":0,"color":"ffffff00","curve":"stepped"},{"time":0.3333,"color":"ffffff00"},{"time":0.8333,"color":"ffffffff"},{"time":1.5,"color":"ffffff00"}]},"06b":{"color":[{"time":0,"color":"ffffff00","curve":"stepped"},{"time":0.6667,"color":"ffffff00"},{"time":1.1667,"color":"ffffffff"},{"time":1.8333,"color":"ffffff00"}]}},"bones":{"06":{"rotate":[{"time":0,"angle":0}],"translate":[{"time":0,"x":0,"y":0}],"scale":[{"time":0,"x":0.5,"y":0.5},{"time":1.1667,"x":1.5,"y":1.5}],"shear":[{"time":0,"x":0,"y":0}]},"01":{"rotate":[{"time":0,"angle":0}],"translate":[{"time":0,"x":0,"y":0}],"scale":[{"time":0,"x":1,"y":1}],"shear":[{"time":0,"x":0,"y":0}]},"08":{"rotate":[{"time":0,"angle":0,"curve":"stepped"},{"time":0.5,"angle":0,"curve":"stepped"},{"time":1,"angle":0,"curve":"stepped"},{"time":1.5,"angle":0,"curve":"stepped"},{"time":2,"angle":0}],"translate":[{"time":0,"x":0,"y":0,"curve":"stepped"},{"time":0.5,"x":0,"y":0,"curve":"stepped"},{"time":1,"x":0,"y":0,"curve":"stepped"},{"time":1.5,"x":0,"y":0,"curve":"stepped"},{"time":2,"x":0,"y":0}],"scale":[{"time":0,"x":1,"y":1},{"time":0.5,"x":1.2,"y":1.2},{"time":1,"x":1,"y":1},{"time":1.5,"x":1.2,"y":1.2},{"time":2,"x":1,"y":1}],"shear":[{"time":0,"x":0,"y":0,"curve":"stepped"},{"time":0.5,"x":0,"y":0,"curve":"stepped"},{"time":1,"x":0,"y":0,"curve":"stepped"},{"time":1.5,"x":0,"y":0,"curve":"stepped"},{"time":2,"x":0,"y":0}]},"07":{"rotate":[{"time":0,"angle":0},{"time":0.5,"angle":-90},{"time":1,"angle":180},{"time":1.5,"angle":90},{"time":2,"angle":0}],"translate":[{"time":0,"x":0,"y":0,"curve":"stepped"},{"time":0.5,"x":0,"y":0,"curve":"stepped"},{"time":1,"x":0,"y":0,"curve":"stepped"},{"time":1.5,"x":0,"y":0,"curve":"stepped"},{"time":2,"x":0,"y":0}],"scale":[{"time":0,"x":1,"y":1,"curve":"stepped"},{"time":2,"x":1,"y":1}],"shear":[{"time":0,"x":0,"y":0,"curve":"stepped"},{"time":0.5,"x":0,"y":0,"curve":"stepped"},{"time":1,"x":0,"y":0,"curve":"stepped"},{"time":1.5,"x":0,"y":0,"curve":"stepped"},{"time":2,"x":0,"y":0}]},"06a":{"rotate":[{"time":0.3333,"angle":0}],"translate":[{"time":0.3333,"x":0,"y":0}],"scale":[{"time":0.3333,"x":0.5,"y":0.5},{"time":1.5,"x":1.5,"y":1.5}],"shear":[{"time":0.3333,"x":0,"y":0}]},"06b":{"rotate":[{"time":0.6667,"angle":0}],"translate":[{"time":0.6667,"x":0,"y":0}],"scale":[{"time":0.6667,"x":0.5,"y":0.5},{"time":1.8333,"x":1.5,"y":1.5}],"shear":[{"time":0.6667,"x":0,"y":0}]},"03":{"translate":[{"time":0,"x":18.02,"y":-13.86}]},"03a":{"translate":[{"time":0,"x":153.45,"y":56.83}]}}}}},[0]]],0,0,[0],[-1],[0]]