[1,["c1pxC6oQlOHYK0LEx7hh/V"],0,[["sp.SkeletonData",["_name","_atlasText","textureNames","_skeletonJson","textures"],-1,3]],[[0,0,1,2,3,4,5]],[[0,"RECHARGE","\nRECHARGE.png\nsize: 256,128\nformat: RGBA8888\nfilter: Linear,Linear\nrepeat: none\n01\n  rotate: false\n  xy: 2, 92\n  size: 141, 23\n  orig: 141, 23\n  offset: 0, 0\n  index: -1\n01a\n  rotate: false\n  xy: 2, 67\n  size: 141, 23\n  orig: 141, 23\n  offset: 0, 0\n  index: -1\n02\n  rotate: false\n  xy: 196, 71\n  size: 20, 13\n  orig: 20, 13\n  offset: 0, 0\n  index: -1\n02a\n  rotate: false\n  xy: 158, 8\n  size: 20, 13\n  orig: 20, 13\n  offset: 0, 0\n  index: -1\n03\n  rotate: false\n  xy: 196, 86\n  size: 46, 29\n  orig: 46, 29\n  offset: 0, 0\n  index: -1\n03a\n  rotate: true\n  xy: 158, 23\n  size: 46, 29\n  orig: 46, 29\n  offset: 0, 0\n  index: -1\n04\n  rotate: false\n  xy: 2, 2\n  size: 76, 63\n  orig: 76, 63\n  offset: 0, 0\n  index: -1\n04a\n  rotate: false\n  xy: 80, 2\n  size: 76, 63\n  orig: 76, 63\n  offset: 0, 0\n  index: -1\nss\n  rotate: false\n  xy: 145, 71\n  size: 49, 44\n  orig: 49, 44\n  offset: 0, 0\n  index: -1\n",["RECHARGE.png"],{"skeleton":{"hash":"3QYaC0Sh1N+OR0ng5ZDwk6M/TGM","spine":"3.6.53","width":244.24,"height":88.14},"bones":[{"name":"root"},{"name":"aa","parent":"root"},{"name":"04","parent":"aa","x":-65.84,"y":-1.65,"scaleX":1.137,"scaleY":1.137},{"name":"3","parent":"04","x":-5.66,"y":22.16},{"name":"6","parent":"04","x":11.97,"y":16.06},{"name":"7","parent":"04","x":-23.06,"y":10.63},{"name":"02","parent":"04","x":7,"y":26},{"name":"ss","parent":"aa","x":-64.06,"y":31.05},{"name":"ss2","parent":"aa","x":-30.71,"y":20.65},{"name":"ss3","parent":"aa","x":-105.39,"y":6.78}],"slots":[{"name":"04","bone":"04","attachment":"04"},{"name":"4","bone":"04","attachment":"04a"},{"name":"03","bone":"04","attachment":"03"},{"name":"8","bone":"04","attachment":"03a"},{"name":"02","bone":"02","attachment":"02"},{"name":"2","bone":"02","attachment":"02a"},{"name":"3","bone":"3","attachment":"02"},{"name":"9","bone":"3","attachment":"02a"},{"name":"6","bone":"6","attachment":"02"},{"name":"10","bone":"6","attachment":"02a"},{"name":"7","bone":"7","attachment":"02"},{"name":"11","bone":"7","attachment":"02a"},{"name":"01","bone":"aa","attachment":"01"},{"name":"1","bone":"aa","attachment":"01a"},{"name":"ss","bone":"ss","attachment":"ss"},{"name":"ss2","bone":"ss2","attachment":"ss"},{"name":"ss3","bone":"ss3","attachment":"ss"}],"skins":{"default":{"1":{"01a":{"x":43.84,"y":-5.14,"width":141,"height":23}},"2":{"02a":{"width":20,"height":13}},"3":{"02":{"width":20,"height":13}},"4":{"04a":{"width":76,"height":63}},"6":{"02":{"width":20,"height":13}},"7":{"02":{"width":20,"height":13}},"8":{"03a":{"x":-5,"y":14,"width":46,"height":29}},"9":{"02a":{"width":20,"height":13}},"10":{"02a":{"width":20,"height":13}},"11":{"02a":{"width":20,"height":13}},"01":{"01":{"x":43.84,"y":-5.14,"width":141,"height":23}},"02":{"02":{"width":20,"height":13}},"03":{"03":{"x":-5,"y":14,"width":46,"height":29}},"04":{"04":{"width":76,"height":63}},"ss":{"ss":{"x":-0.01,"y":-2.37,"width":49,"height":44}},"ss2":{"ss":{"x":-0.01,"y":-2.37,"width":49,"height":44}},"ss3":{"ss":{"x":-0.01,"y":-2.37,"width":49,"height":44}}}},"animations":{"animation":{"slots":{"1":{"color":[{"time":0,"color":"ffffff00","curve":"stepped"},{"time":0.7,"color":"ffffff00"},{"time":1.1,"color":"ffffffff"},{"time":1.7333,"color":"ffffff00"}]},"2":{"color":[{"time":0,"color":"ffffff00"},{"time":0.6667,"color":"ffffffff"},{"time":1.5,"color":"ffffff00"}]},"4":{"color":[{"time":0,"color":"ffffff00"},{"time":0.6667,"color":"ffffffff"},{"time":1.5,"color":"ffffff00"}]},"8":{"color":[{"time":0,"color":"ffffff00"},{"time":0.6667,"color":"ffffffff"},{"time":1.5,"color":"ffffff00"}]},"9":{"color":[{"time":0,"color":"ffffff00"},{"time":0.6667,"color":"ffffffff"},{"time":1.5,"color":"ffffff00"}]},"10":{"color":[{"time":0,"color":"ffffff00"},{"time":0.6667,"color":"ffffffff"},{"time":1.5,"color":"ffffff00"}]},"11":{"color":[{"time":0,"color":"ffffff00"},{"time":0.6667,"color":"ffffffff"},{"time":1.5,"color":"ffffff00"}]},"ss":{"color":[{"time":0,"color":"ffffff00","curve":"stepped"},{"time":1.3333,"color":"ffffff00"},{"time":1.7333,"color":"ffffffff"},{"time":2.1667,"color":"ffffff00"}]},"ss2":{"color":[{"time":0,"color":"ffffff00","curve":"stepped"},{"time":1.8333,"color":"ffffff00"},{"time":2.2333,"color":"ffffffff"},{"time":2.6667,"color":"ffffff00"}]},"ss3":{"color":[{"time":0,"color":"ffffff00","curve":"stepped"},{"time":2.1,"color":"ffffff00"},{"time":2.5,"color":"ffffffff"},{"time":2.9333,"color":"ffffff00"}]}},"bones":{"3":{"rotate":[{"time":0,"angle":0,"curve":"stepped"},{"time":0.5,"angle":0},{"time":0.7,"angle":-21.72},{"time":0.8,"angle":19.13},{"time":0.9333,"angle":7.83},{"time":1.0333,"angle":0}],"translate":[{"time":0,"x":0,"y":0,"curve":"stepped"},{"time":0.5,"x":0,"y":0},{"time":0.7,"x":0,"y":6.56},{"time":0.9333,"x":0,"y":0}]},"6":{"rotate":[{"time":0,"angle":0,"curve":"stepped"},{"time":0.5,"angle":0},{"time":0.7,"angle":-27.43},{"time":0.8333,"angle":19.13},{"time":0.9333,"angle":7.83},{"time":1,"angle":0}],"translate":[{"time":0,"x":0,"y":0,"curve":"stepped"},{"time":0.5,"x":0,"y":0},{"time":0.7,"x":0,"y":4.77},{"time":0.9333,"x":0,"y":0}]},"7":{"rotate":[{"time":0,"angle":0,"curve":"stepped"},{"time":0.7,"angle":0},{"time":0.9333,"angle":26.33},{"time":1.0333,"angle":-11.35},{"time":1.1333,"angle":7.83},{"time":1.2333,"angle":0}],"translate":[{"time":0,"x":0,"y":0,"curve":"stepped"},{"time":0.7,"x":0,"y":0},{"time":0.9333,"x":0,"y":3.64},{"time":1.1333,"x":0,"y":0}]},"04":{"translate":[{"time":0,"x":0,"y":0,"curve":"stepped"},{"time":0.3333,"x":0,"y":0}],"scale":[{"time":0,"x":1,"y":1},{"time":0.3333,"x":0.954,"y":0.954},{"time":0.6667,"x":1.016,"y":1.016},{"time":1,"x":1,"y":1,"curve":"stepped"},{"time":4.6667,"x":1,"y":1}]},"02":{"rotate":[{"time":0,"angle":0,"curve":"stepped"},{"time":0.5667,"angle":0},{"time":0.8333,"angle":17.04},{"time":1,"angle":-26.44},{"time":1.1,"angle":7.83},{"time":1.2,"angle":0}],"translate":[{"time":0,"x":0,"y":0,"curve":"stepped"},{"time":0.5667,"x":0,"y":0},{"time":0.8333,"x":0,"y":13.96},{"time":1.1,"x":0,"y":0}]}}}}},[0]]],0,0,[0],[-1],[0]]