[1,["ecpdLyjvZBwrvm+cedCcQy","ceW67okbJGbJxYwd4aEcCz","a2MjXRFdtLlYQ5ouAFv/+R","02gb3T0mhHpZ6Pp4fRrKan","badN1P2PtEA4fJd9KadG6a","13q5nlsWxGp5FgeyhAFZqr","84PJQT6QdNjLzXOuW4r0To","ffn0AzE6tLq4TFKg64mycw","7d1O7/Rd5JSLO7KwL85Ln8","a6EhJT5PBGNLwfsBdcEWyw","06ZovhYtNGVJjmVnDhQFcm","2f14fHxsBNiIrgi3OjIRVN"],["node","_spriteFrame","_N$file","_parent","root","data","_file","_N$dragonAsset","_N$dragonAtlasAsset"],[["cc.Node",["_name","_active","_opacity","_prefab","_parent","_children","_components","_contentSize","_trs","_color"],0,4,1,2,9,5,7,5],["cc.Sprite",["_sizeMode","_type","node","_materials","_spriteFrame"],1,1,3,6],["cc.Label",["_isSystemFontUsed","_N$horizontalAlign","_N$verticalAlign","_string","_fontSize","_N$overflow","node","_materials","_N$file"],-3,1,3,6],["cc.Widget",["_alignFlags","_originalWidth","_originalHeight","node"],0,1],["cc.PrefabInfo",["fileId","root"],2,1],["dragonBones.DragonBonesAsset",["_name","_dragonBonesJson"],1],["cc.Prefab",["_name"],2],["cc.Button",["zoomScale","_N$transition","node"],1,1],["cc.BlockInputEvents",["node"],3,1],["cc.ParticleSystem",["_custom","playOnLoad","totalParticles","duration","emissionRate","life","lifeVar","angleVar","startSize","startSizeVar","endSize","startSpinVar","endSpin","_positionType","speed","speedVar","tangentialAccel","tangentialAccelVar","radialAccel","node","_materials","_startColor","_startColorVar","_endColor","_endColorVar","gravity","_file","_spriteFrame"],-16,1,3,8,8,8,8,5,6,6],["dragonBones.ArmatureDisplay",["_armatureName","_preCacheMode","_armatureKey","node","_materials","_N$dragonAsset","_N$dragonAtlasAsset"],0,1,3,6,6],["cc.TTFFont",["_name","_native"],1]],[[4,0,1,2],[0,0,4,6,3,7,8,2],[7,0,1,2,3],[0,0,1,5,6,3,7,8,3],[1,2,3,4,1],[2,3,4,0,1,2,6,7,8,6],[5,0,1,3],[6,0,2],[0,0,4,5,3,2],[0,0,2,4,6,3,9,7,3],[0,0,5,6,3,7,8,2],[0,0,1,4,5,3,8,3],[0,0,1,4,5,3,7,8,3],[0,0,4,6,3,2],[3,0,3,2],[3,0,1,2,3,4],[4,1,1],[1,1,0,2,3,4,3],[1,0,2,3,4,2],[8,0,1],[9,0,1,2,3,4,5,6,7,8,9,10,11,12,13,14,15,16,17,18,19,20,21,22,23,24,25,26,27,20],[10,0,1,2,3,4,5,6,4],[2,3,0,1,2,6,7,8,5],[2,0,1,2,5,6,7,8,5],[11,0,1,3]],[[[[6,"superwin_ske","{\"frameRate\":24,\"isGlobal\":0,\"armature\":[{\"bone\":[{\"name\":\"root\",\"transform\":{}},{\"transform\":{},\"name\":\"super\",\"parent\":\"root\"},{\"transform\":{\"y\":-73,\"x\":-3},\"name\":\"bone\",\"parent\":\"root\"},{\"transform\":{\"y\":84,\"x\":-6},\"name\":\"bone1\",\"parent\":\"super\"},{\"transform\":{\"y\":125,\"x\":-176},\"name\":\"bone3\",\"parent\":\"super\"},{\"transform\":{\"y\":95,\"x\":-162},\"name\":\"bone4\",\"parent\":\"super\"},{\"transform\":{\"y\":172,\"x\":-2},\"name\":\"bone2\",\"parent\":\"super\"},{\"transform\":{\"y\":70.6,\"skX\":88.6026,\"skY\":88.6026,\"scX\":-1,\"x\":183.5},\"name\":\"bone51\",\"parent\":\"super\"},{\"transform\":{\"y\":65,\"x\":-189},\"name\":\"bone5\",\"parent\":\"super\"},{\"transform\":{\"y\":95,\"scX\":-1,\"x\":156.5},\"name\":\"bone41\",\"parent\":\"super\"},{\"transform\":{},\"name\":\"bone6\",\"parent\":\"super\"},{\"transform\":{},\"name\":\"bone7\",\"parent\":\"super\"},{\"transform\":{\"y\":2.0951},\"name\":\"xgtb\",\"parent\":\"super\"},{\"transform\":{\"y\":119.45,\"scX\":-1,\"x\":161.5},\"name\":\"bone31\",\"parent\":\"super\"},{\"transform\":{\"skY\":180,\"scX\":-1},\"name\":\"fly21\",\"parent\":\"bone51\"},{\"transform\":{\"skX\":-92.3267,\"skY\":-92.3267},\"name\":\"fly1\",\"parent\":\"bone5\"},{\"transform\":{},\"name\":\"fly11\",\"parent\":\"bone51\"},{\"transform\":{},\"name\":\"fly2\",\"parent\":\"fly1\"}],\"animation\":[{\"playTimes\":0,\"bone\":[{\"frame\":[{\"transform\":{},\"duration\":60}],\"name\":\"root\"},{\"frame\":[{\"tweenEasing\":0,\"transform\":{\"scY\":0.1,\"y\":165.4561,\"scX\":0.1},\"duration\":4},{\"tweenEasing\":0,\"transform\":{\"y\":2.2703},\"duration\":2},{\"tweenEasing\":0,\"transform\":{\"scY\":1.0667,\"y\":67.2812,\"scX\":1.0667},\"duration\":1},{\"tweenEasing\":0,\"transform\":{\"scY\":1.1,\"y\":33.6406,\"scX\":1.1},\"duration\":1},{\"tweenEasing\":0,\"transform\":{\"scY\":1.0333,\"scX\":1.0333},\"duration\":2},{\"tweenEasing\":0,\"transform\":{\"scY\":0.9,\"y\":-19.5333,\"scX\":0.9},\"duration\":1},{\"transform\":{\"scY\":0.9333,\"scX\":0.9333},\"duration\":2},{\"tweenEasing\":0,\"transform\":{},\"duration\":2},{\"tweenEasing\":0,\"transform\":{\"scY\":0.95,\"scX\":0.95},\"duration\":2},{\"transform\":{},\"duration\":43}],\"name\":\"super\"},{\"frame\":[{\"tweenEasing\":0,\"transform\":{\"scY\":0.1,\"y\":-217.9912,\"scX\":0.1},\"duration\":4},{\"tweenEasing\":0,\"transform\":{},\"duration\":2},{\"tweenEasing\":0,\"transform\":{\"scY\":1.0667,\"y\":63.2878,\"scX\":1.0667},\"duration\":1},{\"tweenEasing\":0,\"transform\":{\"scY\":1.1,\"y\":31.6439,\"scX\":1.1},\"duration\":1},{\"tweenEasing\":0,\"transform\":{\"scY\":1.0333,\"scX\":1.0333},\"duration\":2},{\"tweenEasing\":0,\"transform\":{\"scY\":0.9,\"y\":-20.0541,\"scX\":0.9},\"duration\":1},{\"transform\":{\"scY\":0.9333,\"scX\":0.9333},\"duration\":2},{\"tweenEasing\":0,\"transform\":{},\"duration\":2},{\"tweenEasing\":0,\"transform\":{\"scY\":0.95,\"scX\":0.95},\"duration\":2},{\"transform\":{},\"duration\":43}],\"name\":\"bone\"},{\"frame\":[{\"transform\":{},\"duration\":60}],\"name\":\"bone1\"},{\"frame\":[{\"transform\":{},\"duration\":60}],\"name\":\"bone2\"},{\"frame\":[{\"tweenEasing\":0,\"transform\":{\"y\":24.6383,\"x\":39.6951},\"duration\":5},{\"tweenEasing\":0,\"transform\":{},\"duration\":3},{\"tweenEasing\":0,\"transform\":{\"skX\":32.3164,\"skY\":32.3164},\"duration\":5},{\"tweenEasing\":0,\"transform\":{},\"duration\":2},{\"transform\":{\"skX\":5.7824,\"skY\":5.7824},\"duration\":45}],\"name\":\"bone3\"},{\"frame\":[{\"tweenEasing\":0,\"transform\":{\"y\":24.6383,\"x\":39.6951},\"duration\":5},{\"tweenEasing\":0,\"transform\":{},\"duration\":3},{\"tweenEasing\":0,\"transform\":{\"skX\":26.1304,\"skY\":26.1304},\"duration\":5},{\"tweenEasing\":0,\"transform\":{},\"duration\":2},{\"transform\":{\"skX\":5.7824,\"skY\":5.7824},\"duration\":45}],\"name\":\"bone4\"},{\"frame\":[{\"tweenEasing\":0,\"transform\":{},\"duration\":4},{\"tweenEasing\":0,\"transform\":{\"skX\":106.9904,\"skY\":106.9904},\"duration\":2},{\"tweenEasing\":0,\"transform\":{\"skX\":119.9035,\"skY\":119.9035},\"duration\":4},{\"tweenEasing\":0,\"transform\":{\"skX\":85.3868,\"skY\":85.3868},\"duration\":3},{\"tweenEasing\":0,\"transform\":{\"skX\":98.097,\"skY\":98.097},\"duration\":7},{\"transform\":{\"skX\":115.5815,\"skY\":115.5815},\"duration\":40}],\"name\":\"bone5\"},{\"frame\":[{\"tweenEasing\":0,\"transform\":{},\"duration\":4},{\"tweenEasing\":0,\"transform\":{\"skX\":-104.0316,\"skY\":-104.0316},\"duration\":2},{\"tweenEasing\":0,\"transform\":{\"skX\":-113.8733,\"skY\":-113.8733},\"duration\":4},{\"tweenEasing\":0,\"transform\":{\"skX\":-80.9318,\"skY\":-80.9318},\"duration\":3},{\"tweenEasing\":0,\"transform\":{\"skX\":-95.5508,\"skY\":-95.5508},\"duration\":7},{\"transform\":{\"scY\":1.5,\"skX\":-109.5631,\"skY\":-109.5631,\"scX\":1.5},\"duration\":40}],\"name\":\"bone51\"},{\"frame\":[{\"tweenEasing\":0,\"transform\":{\"y\":24.6383,\"x\":-43.8014},\"duration\":5},{\"tweenEasing\":0,\"transform\":{},\"duration\":3},{\"tweenEasing\":0,\"transform\":{\"skX\":-33.8499,\"skY\":-33.8499},\"duration\":5},{\"tweenEasing\":0,\"transform\":{},\"duration\":2},{\"transform\":{\"skX\":-7.5002,\"skY\":-7.5002},\"duration\":45}],\"name\":\"bone31\"},{\"frame\":[{\"tweenEasing\":0,\"transform\":{\"y\":24.6383,\"x\":-43.8014},\"duration\":5},{\"tweenEasing\":0,\"transform\":{},\"duration\":3},{\"tweenEasing\":0,\"transform\":{\"skX\":-25.2307,\"skY\":-25.2307},\"duration\":5},{\"tweenEasing\":0,\"transform\":{},\"duration\":2},{\"transform\":{\"skX\":-7.5002,\"skY\":-7.5002},\"duration\":45}],\"name\":\"bone41\"},{\"frame\":[{\"transform\":{},\"duration\":13},{\"transform\":{},\"duration\":47}],\"name\":\"fly11\"},{\"frame\":[{\"transform\":{},\"duration\":13},{\"tweenEasing\":0,\"transform\":{},\"duration\":7},{\"transform\":{\"scY\":1.5,\"scX\":1.5},\"duration\":40}],\"name\":\"fly1\"},{\"frame\":[{\"tweenEasing\":0,\"transform\":{},\"duration\":13},{\"tweenEasing\":0,\"transform\":{},\"duration\":12},{\"transform\":{\"scY\":3,\"y\":15.8318,\"scX\":3,\"x\":141.3788},\"duration\":35}],\"name\":\"fly21\"},{\"frame\":[{\"tweenEasing\":0,\"transform\":{},\"duration\":13},{\"tweenEasing\":0,\"transform\":{},\"duration\":12},{\"transform\":{\"scY\":3,\"y\":53.6486,\"scX\":3,\"x\":134.5042},\"duration\":35}],\"name\":\"fly2\"},{\"frame\":[{\"tweenEasing\":0,\"transform\":{},\"duration\":8},{\"tweenEasing\":0,\"transform\":{\"scY\":0.45,\"scX\":0.45},\"duration\":10},{\"tweenEasing\":0,\"transform\":{\"scY\":1.4045,\"skX\":-90,\"skY\":-90,\"scX\":1.4045},\"duration\":1},{\"transform\":{\"scY\":1.5,\"skX\":-99,\"skY\":-99,\"scX\":1.5},\"duration\":9},{\"transform\":{\"scY\":1.5,\"skX\":-180,\"skY\":-180,\"scX\":1.5},\"duration\":32}],\"name\":\"bone6\"},{\"frame\":[{\"tweenEasing\":0,\"transform\":{},\"duration\":7},{\"tweenEasing\":0,\"transform\":{\"scY\":0.3,\"scX\":0.3},\"duration\":11},{\"tweenEasing\":0,\"transform\":{\"scY\":1.7143,\"skX\":90,\"skY\":90,\"scX\":1.7143},\"duration\":10},{\"transform\":{\"scY\":3,\"skX\":180,\"skY\":180,\"scX\":3},\"duration\":32}],\"name\":\"bone7\"},{\"frame\":[{\"tweenEasing\":0,\"transform\":{\"scY\":1.8,\"scX\":1.8},\"duration\":15},{\"tweenEasing\":0,\"transform\":{\"scY\":1.8,\"skX\":45,\"skY\":45,\"scX\":1.8},\"duration\":15},{\"tweenEasing\":0,\"transform\":{\"scY\":1.8,\"skX\":90,\"skY\":90,\"scX\":1.8},\"duration\":15},{\"tweenEasing\":0,\"transform\":{\"scY\":1.8,\"skX\":135,\"skY\":135,\"scX\":1.8},\"duration\":15},{\"transform\":{\"scY\":1.8,\"skX\":180,\"skY\":180,\"scX\":1.8},\"duration\":0}],\"name\":\"xgtb\"}],\"slot\":[{\"frame\":[{\"tweenEasing\":0,\"color\":{\"aM\":0},\"duration\":15},{\"tweenEasing\":0,\"duration\":30},{\"tweenEasing\":0,\"duration\":15},{\"tweenEasing\":null,\"color\":{\"aM\":0},\"duration\":0}],\"name\":\"fg\"},{\"frame\":[{\"tweenEasing\":0,\"color\":{\"aM\":0},\"duration\":4},{\"tweenEasing\":0,\"duration\":9},{\"tweenEasing\":0,\"duration\":15},{\"tweenEasing\":null,\"color\":{\"aM\":0},\"duration\":32}],\"name\":\"fly021\"},{\"frame\":[{\"tweenEasing\":0,\"color\":{\"aM\":0},\"duration\":4},{\"tweenEasing\":null,\"duration\":56}],\"name\":\"fly011\"},{\"frame\":[{\"tweenEasing\":0,\"color\":{\"aM\":0},\"duration\":4},{\"tweenEasing\":0,\"duration\":9},{\"tweenEasing\":0,\"duration\":15},{\"tweenEasing\":null,\"color\":{\"aM\":0},\"duration\":32}],\"name\":\"fly02\"},{\"frame\":[{\"tweenEasing\":0,\"color\":{\"aM\":0},\"duration\":4},{\"tweenEasing\":null,\"duration\":56}],\"name\":\"fly01\"},{\"frame\":[{\"tweenEasing\":0,\"color\":{\"aM\":0},\"duration\":5},{\"tweenEasing\":null,\"duration\":55}],\"name\":\"laba21\"},{\"frame\":[{\"tweenEasing\":0,\"color\":{\"aM\":0},\"duration\":5},{\"tweenEasing\":null,\"duration\":55}],\"name\":\"laba11\"},{\"frame\":[{\"tweenEasing\":0,\"color\":{\"aM\":0},\"duration\":5},{\"tweenEasing\":null,\"duration\":55}],\"name\":\"laba1\"},{\"frame\":[{\"tweenEasing\":0,\"color\":{\"aM\":0},\"duration\":5},{\"tweenEasing\":null,\"duration\":55}],\"name\":\"laba2\"},{\"frame\":[{\"tweenEasing\":0,\"color\":{\"aM\":0},\"duration\":4},{\"tweenEasing\":null,\"duration\":56}],\"name\":\"图层_3\"},{\"frame\":[{\"tweenEasing\":0,\"color\":{\"aM\":0},\"duration\":5},{\"tweenEasing\":null,\"duration\":55}],\"name\":\"图层_1\"},{\"frame\":[{\"tweenEasing\":0,\"color\":{\"aM\":0},\"duration\":5},{\"tweenEasing\":null,\"duration\":55}],\"name\":\"图层_2\"},{\"frame\":[{\"tweenEasing\":0,\"color\":{\"aM\":0},\"duration\":7},{\"tweenEasing\":0,\"color\":{\"aM\":0},\"duration\":11},{\"tweenEasing\":0,\"duration\":10},{\"tweenEasing\":null,\"color\":{\"aM\":0},\"duration\":32}],\"name\":\"yrrm\"},{\"frame\":[{\"tweenEasing\":0,\"color\":{\"aM\":0},\"duration\":7},{\"tweenEasing\":0,\"color\":{\"aM\":0},\"duration\":11},{\"tweenEasing\":0,\"duration\":10},{\"tweenEasing\":null,\"color\":{\"aM\":0},\"duration\":32}],\"name\":\"gggg\"}],\"ffd\":[],\"frame\":[],\"name\":\"newAnimation\",\"duration\":60,\"ik\":[]}],\"type\":\"Armature\",\"frameRate\":24,\"aabb\":{\"width\":700.3448886394975,\"y\":-247.5,\"height\":561.5322843844301,\"x\":-348.6586559126405},\"skin\":[{\"slot\":[{\"display\":[{\"path\":\"superwin/laba1\",\"type\":\"image\",\"name\":\"superwin/laba1\",\"transform\":{\"y\":-12.5,\"x\":-34.5}}],\"name\":\"laba1\"},{\"display\":[{\"path\":\"superwin/图层_2\",\"type\":\"image\",\"name\":\"superwin/图层_2\",\"transform\":{\"y\":4.5,\"x\":2}}],\"name\":\"图层_2\"},{\"display\":[{\"path\":\"superwin/图层_1\",\"type\":\"image\",\"name\":\"superwin/图层_1\",\"transform\":{\"y\":-18,\"x\":-6}}],\"name\":\"图层_1\"},{\"display\":[{\"path\":\"superwin/fg\",\"type\":\"image\",\"name\":\"superwin/fg\",\"transform\":{\"y\":0.722,\"x\":3.0455}}],\"name\":\"fg\"},{\"display\":[{\"path\":\"superwin/yrrm\",\"type\":\"image\",\"name\":\"superwin/yrrm\",\"transform\":{\"x\":0.5}}],\"blendMode\":\"add\",\"name\":\"yrrm\"},{\"display\":[{\"path\":\"superwin/fly01\",\"type\":\"image\",\"name\":\"superwin/fly01\",\"transform\":{\"y\":-28,\"x\":-131}}],\"name\":\"fly011\"},{\"display\":[{\"path\":\"superwin/fly01\",\"type\":\"image\",\"name\":\"superwin/fly01\",\"transform\":{\"y\":-28,\"x\":-131}}],\"name\":\"fly01\"},{\"display\":[{\"path\":\"superwin/gggg\",\"type\":\"image\",\"name\":\"superwin/gggg\",\"transform\":{\"y\":-0.5}}],\"name\":\"gggg\"},{\"display\":[{\"path\":\"superwin/laba2\",\"type\":\"image\",\"name\":\"superwin/laba2\",\"transform\":{\"y\":-27.5,\"x\":-36.5}}],\"name\":\"laba2\"},{\"display\":[{\"path\":\"superwin/fly02\",\"type\":\"image\",\"name\":\"superwin/fly02\",\"transform\":{\"y\":-21.5,\"x\":-146}}],\"name\":\"fly02\"},{\"display\":[{\"path\":\"superwin/laba1\",\"type\":\"image\",\"name\":\"superwin/laba1\",\"transform\":{\"y\":-12.5,\"x\":-44.5}}],\"name\":\"laba11\"},{\"display\":[{\"path\":\"superwin/图层_3\",\"type\":\"image\",\"name\":\"superwin/图层_3\",\"transform\":{\"y\":1,\"x\":-5.5}}],\"name\":\"图层_3\"},{\"display\":[{\"path\":\"superwin/laba2\",\"type\":\"image\",\"name\":\"superwin/laba2\",\"transform\":{\"y\":-27.5,\"x\":-36.5}}],\"name\":\"laba21\"},{\"display\":[{\"path\":\"superwin/fly02\",\"type\":\"image\",\"name\":\"superwin/fly02\",\"transform\":{\"y\":-21.5,\"x\":-146}}],\"name\":\"fly021\"}],\"name\":\"\"}],\"defaultActions\":[{\"gotoAndPlay\":\"newAnimation\"}],\"ik\":[],\"name\":\"Armature\",\"slot\":[{\"name\":\"fg\",\"parent\":\"xgtb\",\"color\":{}},{\"z\":1,\"name\":\"fly021\",\"parent\":\"fly21\",\"color\":{}},{\"z\":2,\"name\":\"fly011\",\"parent\":\"fly11\",\"color\":{}},{\"z\":3,\"name\":\"fly02\",\"parent\":\"fly2\",\"color\":{}},{\"z\":4,\"name\":\"fly01\",\"parent\":\"fly1\",\"color\":{}},{\"z\":5,\"name\":\"laba21\",\"parent\":\"bone41\",\"color\":{}},{\"z\":6,\"name\":\"laba11\",\"parent\":\"bone31\",\"color\":{}},{\"z\":7,\"name\":\"laba1\",\"parent\":\"bone3\",\"color\":{}},{\"z\":8,\"name\":\"laba2\",\"parent\":\"bone4\",\"color\":{}},{\"z\":9,\"name\":\"图层_3\",\"parent\":\"bone\",\"color\":{}},{\"z\":10,\"name\":\"图层_1\",\"parent\":\"bone1\",\"color\":{}},{\"z\":11,\"name\":\"图层_2\",\"parent\":\"bone2\",\"color\":{}},{\"blendMode\":\"add\",\"z\":12,\"parent\":\"bone6\",\"name\":\"yrrm\",\"color\":{}},{\"z\":13,\"name\":\"gggg\",\"parent\":\"bone7\",\"color\":{}}]}],\"name\":\"superwin\",\"version\":\"4.0\"}"]],0,0,[],[],[]],[[[7,"superWinNode"],[3,"superWinNode",false,[-3,-4],[[14,45,-2]],[16,-1],[5,1520,720],[760,360,0,0,0,0,1,1,1,1]],[8,"node",1,[-5,-6,-7,-8],[0,"fbWY6g5ThB65j82FWgQSjW",1]],[3,"WinCloseBtn",false,[-11,-12],[[17,1,0,-9,[12],13],[2,1.1,3,-10]],[0,"acFMb22ndIuq2qZX3SokKN",1],[5,215,76],[0,-210.636,0,0,0,0,1,1,1,0]],[9,"bg",160,1,[[18,0,-13,[0],1],[15,45,100,100,-14],[19,-15]],[0,"16Dbpt6pZEqq3pythWBfql",1],[4,4278190080],[5,1520,720]],[10,"luckbtn",[-18],[[4,-16,[20],21],[2,1.1,3,-17]],[0,"113pZQCQdMj7ga/Y+tjxb+",1],[5,245,88],[150,0,0,0,0,0,1,1,1,0]],[11,"winConten",false,2,[3,-19],[0,"b9/d/fd+dNvJcJDorb5BHb",1],[0,-36.574,0,0,0,0,1,1,1,1]],[12,"luckyBall",false,2,[-20,5],[0,"d8B6SpN4lFS6C7/r2p9w2l",1],[5,100,50],[0,-247,0,0,0,0,1,1,1,0]],[1,"closebtn",7,[[4,-21,[16],17],[2,1.1,3,-22]],[0,"ecZ2XnOQ1I55VZxydm6J2Y",1],[5,227,86],[-150,0,0,0,0,0,1,1,1,0]],[13,"particle",2,[[20,true,false,55,25,22,2,0.25,60,56,30,-1,720,360,1,540,20,12,12,6,-23,[2],[4,4294967295],[4,0],[4,4294967295],[4,0],[0,2,-550],3,4]],[0,"9ewN2/vWZI1L3xfilEKj8V",1]],[1,"win",2,[[21,"Armature",0,"13ab99e5-b16c-46a7-9160-7b2840159aab#843c9413-e907-4d8c-bcd7-3ae5b8af44e8",-24,[5],6,7]],[0,"46NHe5WMNOl4mtBJBVVweh",1],[5,700.3448886394975,561.5322843844301],[0,79.63,0,0,0,0,1,1,1,1]],[1,"WinTimeLabel",3,[[22,"10",false,1,1,-25,[8],9]],[0,"a6UzQapMpBeaNmrEe/457e",1],[5,44.4,50.4],[57.173,0.334,0,0,0,0,1,1,1,1]],[1,"Collect",3,[[5,"Collect",35,false,1,1,-26,[10],11]],[0,"5bUUrPQNlJtY6l/m98mqbc",1],[5,107.27,50.4],[-23.358,0.334,0,0,0,0,1,1,1,1]],[1,"WinLabel",6,[[23,false,1,1,2,-27,[14],15]],[0,"73LzSwOIFE0Lu4czomb3g/",1],[5,340,40],[0,-54.355,0,0,0,0,1,1,1,1]],[1,"timeLab",5,[[5,"1",25,false,1,1,-28,[18],19]],[0,"25Qjt1iOVKdada2S0bmlSh",1],[5,16.41,40],[81.998,-6.75,0,0,0,0,1,1,1,1]]],0,[0,4,1,0,0,1,0,-1,4,0,-2,2,0,-1,9,0,-2,10,0,-3,6,0,-4,7,0,0,3,0,0,3,0,-1,11,0,-2,12,0,0,4,0,0,4,0,0,4,0,0,5,0,0,5,0,-1,14,0,-2,13,0,-1,8,0,0,8,0,0,8,0,0,9,0,0,10,0,0,11,0,0,12,0,0,13,0,0,14,0,5,1,3,3,6,5,3,7,28],[0,0,0,0,0,0,0,0,0,0,0,0,0,0,0,0,0,0,0,0,0,0],[-1,1,-1,6,1,-1,7,8,-1,2,-1,2,-1,1,-1,2,-1,1,-1,2,-1,1],[0,2,0,3,4,0,5,6,0,1,0,1,0,7,0,8,0,9,0,10,0,11]],[[[24,"MyriadPro-Bold","MyriadPro-Bold.ttf"],-1],0,0,[],[],[]]]]