[1,["ecpdLyjvZBwrvm+cedCcQy","02gb3T0mhHpZ6Pp4fRrKan","badN1P2PtEA4fJd9KadG6a","08ZYwxvn5Gi6Cjc1JEVpoO","7aFUCYsnhNc7SF6ryiNjqB","1bGOgdcBxCTbjtIVVvfFe7","36tlaeL4BBeZF7YPn7opNv","04+OCd+exHxK/P5a9Q1cyg","6eyQ16OWhPpa5aur4fgF/N","2f14fHxsBNiIrgi3OjIRVN","a6EhJT5PBGNLwfsBdcEWyw"],["node","_spriteFrame","_N$file","root","data","_parent","_file","_N$dragonAsset","_N$dragonAtlasAsset"],[["cc.Node",["_name","_active","_opacity","_prefab","_parent","_children","_components","_trs","_contentSize","_color"],0,4,1,2,9,7,5,5],["cc.Widget",["_alignFlags","_originalWidth","_originalHeight","node"],0,1],["cc.PrefabInfo",["fileId","root"],2,1],["cc.Sprite",["_sizeMode","node","_materials","_spriteFrame"],2,1,3,6],["cc.Label",["_fontSize","_isSystemFontUsed","_N$horizontalAlign","_N$verticalAlign","_string","node","_materials","_N$file"],-2,1,3,6],["dragonBones.DragonBonesAsset",["_name","_dragonBonesJson"],1],["cc.Prefab",["_name"],2],["cc.BlockInputEvents",["node"],3,1],["cc.Button",["zoomScale","_N$transition","node"],1,1],["cc.ParticleSystem",["_custom","_stopped","playOnLoad","totalParticles","duration","emissionRate","life","lifeVar","angleVar","startSize","startSizeVar","endSize","startSpinVar","endSpin","_positionType","speed","speedVar","tangentialAccel","tangentialAccelVar","radialAccel","node","_materials","_startColor","_startColorVar","_endColor","_endColorVar","gravity","_file","_spriteFrame"],-17,1,3,8,8,8,8,5,6,6],["dragonBones.ArmatureDisplay",["_armatureName","_preCacheMode","playTimes","_armatureKey","node","_materials","_N$dragonAsset","_N$dragonAtlasAsset"],-1,1,3,6,6]],[[2,0,1,2],[0,0,4,6,3,8,7,2],[3,1,2,3,1],[0,0,1,5,6,3,8,7,3],[4,4,0,1,2,3,5,6,7,6],[5,0,1,3],[6,0,2],[0,0,4,5,3,7,2],[0,0,2,4,6,3,9,8,3],[0,0,1,4,5,3,3],[0,0,1,4,5,3,7,3],[0,0,4,5,6,3,8,7,2],[0,0,4,6,3,2],[1,0,3,2],[1,0,1,2,3,4],[2,1,1],[3,0,1,2,2],[7,0,1],[8,0,1,2,3],[9,0,1,2,3,4,5,6,7,8,9,10,11,12,13,14,15,16,17,18,19,20,21,22,23,24,25,26,27,28,21],[10,0,1,2,3,4,5,6,7,5],[4,0,1,2,3,5,6,7,5]],[[[[5,"bigwin-sg1_ske","{\"frameRate\":24,\"isGlobal\":0,\"armature\":[{\"bone\":[{\"name\":\"root\",\"transform\":{}},{\"transform\":{\"scY\":1.5,\"y\":-292.3638,\"scX\":1.5,\"x\":-4.1},\"name\":\"bone9\",\"parent\":\"root\"},{\"transform\":{\"y\":-193.4,\"x\":-4.55},\"name\":\"bone\",\"parent\":\"root\"},{\"transform\":{\"y\":-52.9,\"x\":3.05},\"name\":\"bone1\",\"parent\":\"bone\"},{\"length\":146,\"transform\":{\"y\":-114.85,\"x\":-8.1265},\"parent\":\"bone\",\"name\":\"bone3\"},{\"transform\":{\"y\":-157.15,\"x\":-9.05},\"name\":\"bone2\",\"parent\":\"bone\"},{\"length\":115,\"transform\":{\"y\":-112.55,\"skX\":179.4293,\"skY\":179.4293,\"x\":-24.3},\"parent\":\"bone\",\"name\":\"bone6\"},{\"length\":147,\"transform\":{\"skX\":-4.5048,\"skY\":-4.5048,\"x\":146.6},\"parent\":\"bone3\",\"name\":\"bone4\"},{\"length\":132,\"transform\":{\"skX\":3.0509,\"skY\":3.0509,\"x\":115.4557},\"parent\":\"bone6\",\"name\":\"bone7\"},{\"length\":158,\"transform\":{\"skX\":-17.3774,\"skY\":-17.3774,\"x\":147.0543},\"parent\":\"bone4\",\"name\":\"bone5\"},{\"length\":165,\"transform\":{\"skX\":22.663,\"skY\":22.663,\"x\":132.8745},\"parent\":\"bone7\",\"name\":\"bone8\"}],\"animation\":[{\"playTimes\":0,\"bone\":[{\"frame\":[{\"transform\":{},\"duration\":60}],\"name\":\"root\"},{\"frame\":[{\"transform\":{},\"duration\":60}],\"name\":\"bone\"},{\"frame\":[{\"transform\":{},\"duration\":5},{\"tweenEasing\":0,\"transform\":{\"scY\":0.2},\"duration\":10},{\"transform\":{},\"duration\":45}],\"name\":\"bone1\"},{\"frame\":[{\"tweenEasing\":0,\"transform\":{\"scY\":2.5,\"y\":-198.1491,\"scX\":2.5},\"duration\":5},{\"tweenEasing\":0,\"transform\":{},\"duration\":2},{\"tweenEasing\":0,\"transform\":{\"y\":14.6999},\"duration\":2},{\"transform\":{},\"duration\":51}],\"name\":\"bone2\"},{\"frame\":[{\"tweenEasing\":0,\"transform\":{\"y\":130.7692,\"skX\":16.8422,\"skY\":16.8422},\"duration\":4},{\"transform\":{\"skX\":-2.4557,\"skY\":-2.4557},\"duration\":1},{\"tweenEasing\":0,\"transform\":{\"skX\":-7.2802,\"skY\":-7.2802},\"duration\":5},{\"transform\":{},\"duration\":50}],\"name\":\"bone3\"},{\"frame\":[{\"tweenEasing\":0,\"transform\":{\"skX\":16.8422,\"skY\":16.8422},\"duration\":5},{\"tweenEasing\":0,\"transform\":{\"skX\":-7.2802,\"skY\":-7.2802},\"duration\":5},{\"transform\":{},\"duration\":50}],\"name\":\"bone4\"},{\"frame\":[{\"tweenEasing\":0,\"transform\":{\"skX\":16.8422,\"skY\":16.8422},\"duration\":5},{\"tweenEasing\":0,\"transform\":{\"skX\":-7.2802,\"skY\":-7.2802},\"duration\":5},{\"transform\":{},\"duration\":50}],\"name\":\"bone5\"},{\"frame\":[{\"tweenEasing\":0,\"transform\":{\"y\":130.7692,\"skX\":-18.3097,\"skY\":-18.3097},\"duration\":4},{\"transform\":{\"skX\":1.9319,\"skY\":1.9319},\"duration\":1},{\"tweenEasing\":0,\"transform\":{\"skX\":6.9923,\"skY\":6.9923},\"duration\":5},{\"transform\":{},\"duration\":50}],\"name\":\"bone6\"},{\"frame\":[{\"tweenEasing\":0,\"transform\":{\"skX\":-18.3097,\"skY\":-18.3097},\"duration\":5},{\"tweenEasing\":0,\"transform\":{\"skX\":6.9923,\"skY\":6.9923},\"duration\":5},{\"transform\":{},\"duration\":50}],\"name\":\"bone7\"},{\"frame\":[{\"tweenEasing\":0,\"transform\":{\"skX\":-18.3097,\"skY\":-18.3097},\"duration\":5},{\"tweenEasing\":0,\"transform\":{\"skX\":6.9923,\"skY\":6.9923},\"duration\":5},{\"transform\":{},\"duration\":50}],\"name\":\"bone8\"},{\"frame\":[{\"tweenEasing\":0,\"transform\":{},\"duration\":20},{\"tweenEasing\":0,\"transform\":{\"skX\":30,\"skY\":30},\"duration\":20},{\"tweenEasing\":0,\"transform\":{\"skX\":60,\"skY\":60},\"duration\":20},{\"transform\":{\"skX\":90,\"skY\":90},\"duration\":0}],\"name\":\"bone9\"}],\"slot\":[{\"frame\":[{\"tweenEasing\":0,\"color\":{\"aM\":0},\"duration\":5},{\"tweenEasing\":0,\"color\":{\"aM\":0},\"duration\":5},{\"tweenEasing\":null,\"duration\":50}],\"name\":\"bbbb\"},{\"frame\":[{\"tweenEasing\":0,\"color\":{\"aM\":0},\"duration\":4},{\"tweenEasing\":null,\"duration\":56}],\"name\":\"cp2\"},{\"frame\":[{\"tweenEasing\":0,\"color\":{\"aM\":0},\"duration\":4},{\"tweenEasing\":null,\"duration\":56}],\"name\":\"cp1\"},{\"frame\":[{\"tweenEasing\":0,\"color\":{\"aM\":0},\"duration\":4},{\"tweenEasing\":null,\"duration\":56}],\"name\":\"bwin\"},{\"frame\":[{\"tweenEasing\":0,\"color\":{\"aM\":0},\"duration\":10},{\"tweenEasing\":0,\"color\":{\"aM\":0},\"duration\":15},{\"tweenEasing\":0,\"color\":{\"aM\":90},\"duration\":20},{\"tweenEasing\":0,\"color\":{\"aM\":90},\"duration\":15},{\"tweenEasing\":null,\"color\":{\"aM\":0},\"duration\":0}],\"name\":\"图层-3\"}],\"ffd\":[],\"ik\":[],\"frame\":[],\"name\":\"newAnimation\",\"duration\":60}],\"type\":\"Armature\",\"name\":\"Armature\",\"aabb\":{\"width\":921.4122446436378,\"y\":-533.1908448016468,\"height\":533.1908448016468,\"x\":-458.9777777777774},\"ik\":[],\"skin\":[{\"slot\":[{\"display\":[{\"vertices\":[-215,-100.5,215,100.5,133.15,100.5,72,100.5,-7.7,100.5,-97.75,100.5,-167,54.15,-215,-26.65,-108.1,-72.85,-38.85,-46.25,46.6,-43.95,137.8,-45.1,215,-47.45],\"edges\":[1,2,2,3,3,4,4,5,7,0,12,1,0,12,5,6,6,7],\"path\":\"bigwin-sg1/cp1\",\"bonePose\":[6,-0.9999503927110552,0.009960527948182281,-0.009960527948182281,-0.9999503927110552,-28.85,-305.95,8,-0.999063244915174,-0.04327392586261576,0.04327392586261576,-0.999063244915174,-144.3,-304.80000000000007,10,-0.905248779245571,-0.4248819220376449,0.4248819220376449,-0.905248779245571,-277.05,-310.54999999999995],\"uvs\":[0,0,1,1,0.80965,1,0.66744,1,0.48209,1,0.27267,1,0.11163,0.7694,0,0.36741,0.2486,0.13756,0.40965,0.2699,0.60837,0.28134,0.82047,0.27562,1,0.26393],\"type\":\"mesh\",\"transform\":{\"y\":40.6164,\"skX\":-179.4293,\"skY\":-179.4293,\"x\":207.2557},\"slotPose\":[0.9999999999999999,-7.993605777301127e-15,7.993605777301127e-15,0.9999999999999999,-236.5,-344.5],\"userEdges\":[],\"width\":430,\"triangles\":[8,9,10,8,10,11,11,2,1,8,11,12,0,8,12,11,1,12,3,2,11,10,3,11,9,4,10,10,4,3,9,5,4,6,5,9,8,6,9,7,6,8,0,7,8],\"height\":201,\"name\":\"bigwin-sg1/cp1\",\"weights\":[3,6,0.03661963529813781,10,0.8776488285176768,8,0.08573153618418543,3,6,0.7917153074379204,8,0.1640998433342896,10,0.04418484922778998,3,6,0.5538966334653562,8,0.38613570495880367,10,0.05996766157584019,3,6,0.42966673953736606,8,0.46669268549641196,10,0.10364057496622216,3,6,0.14810652286439857,8,0.4816702736345322,10,0.3702232035010693,3,6,0.08537297692523302,10,0.47714645736059613,8,0.43748056571417093,3,6,0.055214546491130785,10,0.7200772959833197,8,0.2247081575255495,3,6,0.007065286910084889,10,0.9725994970821731,8,0.02033521600774212,3,6,0.06348025544197959,10,0.7276180512784357,8,0.20890169327958463,3,6,0.10611586719853361,10,0.4871341885627451,8,0.4067499442387214,3,6,0.32930751562567434,8,0.4509451981824177,10,0.21974728619190792,3,6,0.5117054543055674,8,0.39264961319607333,10,0.0956449324983594,3,6,0.6982616533237394,8,0.2294189032572415,10,0.07231944341901907]}],\"name\":\"cp1\"},{\"display\":[{\"path\":\"bigwin-sg1/bwin\",\"type\":\"image\",\"name\":\"bigwin-sg1/bwin\",\"transform\":{\"y\":12.05,\"x\":8.1}}],\"name\":\"bwin\"},{\"display\":[{\"path\":\"jackpot-sg1/图层-3\",\"type\":\"image\",\"name\":\"jackpot-sg1/图层-3\",\"transform\":{\"y\":-0.8847,\"x\":3.5388}}],\"name\":\"图层-3\"},{\"display\":[{\"path\":\"bigwin-sg1/bbbb\",\"type\":\"image\",\"name\":\"bigwin-sg1/bbbb\",\"transform\":{\"y\":119.8,\"x\":2}}],\"name\":\"bbbb\"},{\"display\":[{\"vertices\":[236.5,-100.5,-236.5,100.5,118.05,-68.2,63.75,-42.8,-37.8,-43.95,-120.95,-47.45,-236.5,-47.45,-144,100.5,-72.45,100.5,-0.85,100.5,127.25,100.5,198.85,56.45,236.5,-10.5],\"edges\":[1,6,7,1,8,7,9,8,10,9,0,12,12,11,11,10,6,0],\"path\":\"bigwin-sg1/cp2\",\"bonePose\":[4,1,0,0,1,-12.6765321381713,-308.25,7,0.9969107721197319,-0.07854242440643171,0.07854242440643171,0.9969107721197319,133.9234678618287,-308.25,9,0.9279520990616676,-0.3726994792685455,0.3726994792685455,0.9279520990616676,280.52346786182875,-319.80000000000007],\"uvs\":[1,0,0,1,0.74959,0.1607,0.63479,0.28706,0.42009,0.28134,0.2443,0.26393,0,0.26393,0.19557,1,0.34684,1,0.49821,1,0.76904,1,0.92041,0.78085,1,0.44776],\"type\":\"mesh\",\"transform\":{\"y\":-36.25,\"x\":226.5221},\"slotPose\":[1,0,0,1,213.84557797697144,-344.5],\"userEdges\":[],\"width\":473,\"triangles\":[5,4,2,2,11,12,5,2,0,6,5,0,2,12,0,2,3,10,2,10,11,4,3,2,3,9,10,4,9,3,4,8,9,5,7,8,5,8,4,6,1,7,6,7,5],\"height\":201,\"name\":\"bigwin-sg1/cp2\",\"weights\":[3,4,0.035936825196310335,9,0.8678716267986609,7,0.09619154800502869,3,4,0.8397177594488375,7,0.12393247232674717,9,0.03634976822441521,3,4,0.06002608212975525,9,0.6719909950616959,7,0.26798292280854874,3,4,0.07356678367317525,9,0.4902817545473665,7,0.4361514617794581,3,4,0.3408161409477924,7,0.4790963755097436,9,0.18008748354246415,3,4,0.5051321652118231,7,0.4072915410517566,9,0.08757629373642033,3,4,0.7700830087482836,7,0.1735795463731725,9,0.05633744487854386,3,4,0.6314229325675792,7,0.3165801010805596,9,0.05199696635186114,3,4,0.4606857324305194,7,0.4623535173972808,9,0.07696075017219982,3,4,0.24161983190853337,7,0.5127426571111406,9,0.24563751098032613,3,4,0.0869621809113373,9,0.4764379882835711,7,0.4365998308050917,3,4,0.055858408680277444,9,0.707150653353354,7,0.23699093796636855,3,4,0.010224639718246342,9,0.9548900150960928,7,0.03488534518566068]}],\"name\":\"cp2\"}],\"name\":\"\"}],\"slot\":[{\"name\":\"图层-3\",\"parent\":\"bone9\",\"color\":{\"aM\":0}},{\"z\":1,\"name\":\"bbbb\",\"parent\":\"bone1\",\"color\":{}},{\"z\":2,\"name\":\"cp2\",\"parent\":\"bone3\",\"color\":{}},{\"z\":3,\"name\":\"cp1\",\"parent\":\"bone6\",\"color\":{}},{\"z\":4,\"name\":\"bwin\",\"parent\":\"bone2\",\"color\":{}}],\"frameRate\":24,\"defaultActions\":[{\"gotoAndPlay\":\"newAnimation\"}]}],\"name\":\"bigwin-sg1\",\"version\":\"4.0\"}"]],0,0,[],[],[]],[[[6,"bigWinNode"],[3,"bigWinNode",false,[-3,-4],[[13,45,-2]],[15,-1],[5,1520,720],[760,360,0,0,0,0,1,1,1,1]],[7,"node",1,[-5,-6,-7,-8],[0,"fcWemAL/FJPZ0+WjpYvxX/",1],[0,-32,0,0,0,0,1,1,1,1]],[8,"bg",160,1,[[16,0,-9,[0]],[14,45,100,100,-10],[17,-11]],[0,"b97DKNeNZDYKzSN3v5KGrU",1],[4,4278190080],[5,1520,720]],[3,"WinCloseBtn",false,[-14],[[2,-12,[9],10],[18,1.1,3,-13]],[0,"e9O8Eq0Q5PXYi2euoYEL75",1],[5,226,74],[0,-139,0,0,0,0,1,1,1,0]],[9,"winConten",false,2,[4,-15],[0,"c71FSc8DRNi5WWfZcc+kOX",1]],[10,"luckyBall",false,2,[-16,-17],[0,"cahORRciFH+b/uUS5TMuTB",1],[0,-139,0,0,0,0,1,1,1,1]],[11,"luckbtn",6,[-19],[[2,-18,[15],16]],[0,"b2sWsLwMZM06ioxcv6E++i",1],[5,245,88],[150,0,0,0,0,0,1,1,1,1]],[12,"particle",2,[[19,true,false,false,55,25,22,2,0.25,60,56,30,-1,720,360,1,540,20,12,12,6,-20,[1],[4,4294967295],[4,0],[4,4294967295],[4,0],[0,2,-550],2,3]],[0,"74IhZ78aNMKbH1OuZb5lHt",1]],[1,"win",2,[[20,"Armature",0,1,"08658c31-be7e-468b-a0a3-735244569a0e#7a154098-b278-4d73-b485-eabca2363a81",-21,[4],5,6]],[0,"e8S8cTUUJMMI+sZ16MSUdy",1],[5,921.4122446436378,533.1908448016468],[0,-178,0,0,0,0,1,1,1,1]],[1,"WinTimeLabel",4,[[4,"10",28,false,1,1,-22,[7],8]],[0,"34Dwllg0dOYqYpaNCn95VP",1],[5,33.25,40],[57.197,25.608,0,0,0,0,1,1,1,1]],[1,"WinLabel",5,[[21,28,false,1,1,-23,[11],12]],[0,"65HyhxvEpLDa9T3lZbJRlA",1],[5,299.25,40],[0,-45.146,0,0,0,0,1,1,1,1]],[1,"timeLab",7,[[4,"1",25,false,1,1,-24,[13],14]],[0,"abvKVfZqZFPZlnQixmCgn5",1],[5,16.41,40],[82,-5,0,0,0,0,1,1,1,1]],[1,"closebtn",6,[[2,-25,[17],18]],[0,"648wmr7a5BAYnaiFBsn1Zj",1],[5,227,86],[-150,0,0,0,0,0,1,1,1,1]]],0,[0,3,1,0,0,1,0,-1,3,0,-2,2,0,-1,8,0,-2,9,0,-3,5,0,-4,6,0,0,3,0,0,3,0,0,3,0,0,4,0,0,4,0,-1,10,0,-2,11,0,-1,7,0,-2,13,0,0,7,0,-1,12,0,0,8,0,0,9,0,0,10,0,0,11,0,0,12,0,0,13,0,4,1,4,5,5,25],[0,0,0,0,0,0,0,0,0,0,0,0,0,0,0,0,0,0,0],[-1,-1,6,1,-1,7,8,-1,2,-1,1,-1,2,-1,2,-1,1,-1,1],[0,0,1,2,0,3,4,0,5,0,6,0,7,0,8,0,9,0,10]]]]