[1,["17cbbdf42","1bafcbc0a","bfkHKglVJJFoTrB3f/8nd3","889XGj8bZGnamH+aZKE/Ao","8feud6csNIL4GZRj9SQiOr","7dr+dupxFIbIh7KhSQQKbt","5428WKysBAQond+tfQLja7","d99gYLG81NT7/VIm9fyLPO","25Wqwn8lJEs53IASHyr0Bi","f75VbatHZLEYSXM3qITdfr","3aWlUM8AtJYpuIrlJNp/mV","51Ardu3ctNCaTZAg9g6/Bj","08135esgBG2K4F2sf9RXDR","40TCBLA7RDFp85RTAfjD9D","0eTt5dJRZL8o8AqzRUtFP7","b0qD1xy/1EVoJW5bD842zn","04WWsGRKJAV4i7O3BVizD9","f7ZgL2HltBzriNKplUkYMx","ec/Emvy4lGAapm55HGJGKM","7cDjLCmb1EN4KXp5F9U/KY","8dx8BBED5FOY1ZMY2Gq5od","0ahFE+ZjxLXasTFCeVHSY8","27mIFEcmRDmrYA6wdUjLF3","39xH2yDcBPNq4BZAhclGZc","b5+FAXWrNMKo2ml6vwIFoj","417eM26yFKhqOGg6bqUO6A","a8vl7A2rRAc5ywSwkDoqOc","a1DKwmKA5KNJ7dAWLxXkyA","12y2KEBVdCJ6HZi3jS5sJd","24BeyRBPNBO5X7yb7Dz6K/","b3TWNCf6NNPJGcYTr5VgpI","09RUJtaNJJraG0qoHkXqtz","c0JMWWDoVJEZq7UXXHTklz","a6pmpHwWpKXa/9aMDylDcu","37LDyGltxNEIwsi1t4aKtf","a8lBWKftRBiL60/wIxLHkb","ecFK3I/8ZBp79bM5NydA9M","4e9BdL9hlKBKA55U+A2StA","7fxUiIHfZAJoaeToFwNIdb","d1AUaKtmFBqLZOO8Cu1AkG","80Bceh5HxA4p11MenXTMb9","8bOW6kmIVF6bn4VTMUj+Tb","17p2ZB06dM0YYNqfDIYDCY","0dWNmA0EhGSJvS83ddkYUl","cb2r+I5G9E2pMwNPKptx5n","6fEJ/ZenFAdrljNSqELBru"],["_textureSetter","01","010203paiming","02","03","ADD","Automaic","Automaic_bg","Record_biaoti_bg","Record_biaoti_bn","Record_bn","Record_dise","Record_fgxian","autoplay","back","blue","bn","chuxian","feixing_xian","green","help","jb","jdt_ddd","jdt_ddd2","jia","jiajian_bg","jiajian_bg_red","jian","jilu","luzi1","luzi2","luzi_bg","luzu_bg","popup_gb2","popup_no","popup_popup_bn","popup_tutoplay_di","popup_wuxian","popup_yes","red","shuzhi_bn","value","wanjia","win","xianlu"],["cc.SpriteFrame",["cc.SpriteAtlas",["_name","_spriteFrames"],2,11]],[[1,0,1,2]],[[[{"name":"blue","rect":[761,644,302,69],"offset":[0,0],"originalSize":[302,69],"rotated":1,"capInsets":[0,0,0,0]}],[0],0,[0],[0],[0]],[[{"name":"luzi2","rect":[761,952,70,30],"offset":[0,0],"originalSize":[70,30],"capInsets":[0,0,0,0]}],[0],0,[0],[0],[0]],[[{"name":"help","rect":[689,3,75,75],"offset":[0,0],"originalSize":[75,75],"capInsets":[0,0,0,0]}],[0],0,[0],[0],[1]],[[{"name":"autoplay","rect":[911,625,180,69],"offset":[0,0],"originalSize":[180,69],"rotated":1,"capInsets":[0,0,0,0]}],[0],0,[0],[0],[0]],[[{"name":"jilu","rect":[770,3,75,75],"offset":[0,0],"originalSize":[75,75],"capInsets":[0,0,0,0]}],[0],0,[0],[0],[1]],[[{"name":"Automaic_bg","rect":[704,497,486,51],"offset":[0,0],"originalSize":[486,51],"rotated":1,"capInsets":[0,0,0,0]}],[0],0,[0],[0],[0]],[[{"name":"jb","rect":[874,311,268,50],"offset":[0,0],"originalSize":[268,50],"rotated":1,"capInsets":[0,0,0,0]}],[0],0,[0],[0],[0]],[[{"name":"jdt_ddd","rect":[704,989,283,18],"offset":[0,0],"originalSize":[283,18],"capInsets":[0,0,0,0]}],[0],0,[0],[0],[0]],[[{"name":"popup_tutoplay_di","rect":[174,3,58,49],"offset":[0,0],"originalSize":[58,49],"capInsets":[8,8,8,8]}],[0],0,[0],[0],[1]],[[{"name":"ADD","rect":[238,3,49,49],"offset":[0,0],"originalSize":[49,49],"capInsets":[0,0,0,0]}],[0],0,[0],[0],[1]],[[{"name":"xianlu","rect":[3,497,627,435],"offset":[0,0],"originalSize":[627,435],"capInsets":[0,0,0,0]}],[0],0,[0],[0],[0]],[[{"name":"feixing_xian","rect":[761,622,10,2],"offset":[0,0],"originalSize":[10,2],"capInsets":[1,1,1,1]}],[0],0,[0],[0],[0]],[[{"name":"red","rect":[836,644,302,69],"offset":[0,0],"originalSize":[302,69],"rotated":1,"capInsets":[0,0,0,0]}],[0],0,[0],[0],[0]],[[{"name":"shuzhi_bn","rect":[949,191,96,67],"offset":[0,0],"originalSize":[96,67],"rotated":1,"capInsets":[0,0,0,0]}],[0],0,[0],[0],[0]],[[{"name":"green","rect":[874,3,302,69],"offset":[0,0],"originalSize":[302,69],"rotated":1,"capInsets":[0,0,0,0]}],[0],0,[0],[0],[0]],[[{"name":"jiajian_bg_red","rect":[913,909,94,67],"offset":[0,0],"originalSize":[94,67],"capInsets":[0,0,0,0]}],[0],0,[0],[0],[0]],[[{"name":"jiajian_bg","rect":[589,3,94,67],"offset":[0,0],"originalSize":[94,67],"capInsets":[14,12,13,11]}],[0],0,[0],[0],[1]],[[{"name":"back","rect":[851,3,75,75],"offset":[0,0],"originalSize":[75,75],"capInsets":[0,0,0,0]}],[0],0,[0],[0],[1]],[[{"name":"luzi1","rect":[837,952,70,30],"offset":[0,0],"originalSize":[70,30],"capInsets":[0,0,0,0]}],[0],0,[0],[0],[0]],[[{"name":"jdt_ddd2","rect":[542,988,58,18],"offset":[0,0],"originalSize":[58,18],"capInsets":[8,0,8,0]}],[0],0,[0],[0],[0]],[[{"name":"luzi_bg","rect":[784,3,635,40],"offset":[0,0],"originalSize":[635,40],"rotated":1,"capInsets":[0,0,0,0]}],[0],0,[0],[0],[0]],[[{"name":"Automaic","rect":[390,938,237,44],"offset":[0,0],"originalSize":[237,44],"capInsets":[26,0,29,0]}],[0],0,[0],[0],[0]],[[{"name":"chuxian","rect":[636,497,512,62],"offset":[0,0],"originalSize":[512,62],"rotated":1,"capInsets":[0,0,0,0]}],[0],0,[0],[0],[0]],[[[0,"CrazyFootball.plist",[{},"01",6,0,"010203paiming",6,1,"02",6,2,"03",6,3,"ADD",6,4,"Automaic",6,5,"Automaic_bg",6,6,"Record_biaoti_bg",6,7,"Record_biaoti_bn",6,8,"Record_bn",6,9,"Record_dise",6,10,"Record_fgxian",6,11,"autoplay",6,12,"back",6,13,"blue",6,14,"bn",6,15,"chuxian",6,16,"feixing_xian",6,17,"green",6,18,"help",6,19,"jb",6,20,"jdt_ddd",6,21,"jdt_ddd2",6,22,"jia",6,23,"jiajian_bg",6,24,"jiajian_bg_red",6,25,"jian",6,26,"jilu",6,27,"luzi1",6,28,"luzi2",6,29,"luzi_bg",6,30,"luzu_bg",6,31,"popup_gb2",6,32,"popup_no",6,33,"popup_popup_bn",6,34,"popup_tutoplay_di",6,35,"popup_wuxian",6,36,"popup_yes",6,37,"red",6,38,"shuzhi_bn",6,39,"value",6,40,"wanjia",6,41,"win",6,42,"xianlu",6,43]]],0,0,[0,0,0,0,0,0,0,0,0,0,0,0,0,0,0,0,0,0,0,0,0,0,0,0,0,0,0,0,0,0,0,0,0,0,0,0,0,0,0,0,0,0,0,0],[1,2,3,4,5,6,7,8,9,10,11,12,13,14,15,16,17,18,19,20,21,22,23,24,25,26,27,28,29,30,31,32,33,34,35,36,37,38,39,40,41,42,43,44],[2,3,4,5,6,7,8,9,10,11,12,13,14,15,16,17,18,19,20,21,22,23,24,25,26,27,28,29,30,31,32,33,34,35,36,37,38,39,40,41,42,43,44,45]]]]