[1,["06Al0hgzxEbY7QAasFq1+6"],["_texture"],[["dragonBones.DragonBonesAtlasAsset",["_name","_atlasJson"],1]],[[0,0,1,3]],[[0,"soltwin_tex","{\"width\":1024,\"imagePath\":\"soltwin_tex.png\",\"height\":1024,\"name\":\"soltwin\",\"SubTexture\":[{\"frameHeight\":90,\"y\":575,\"frameX\":-7,\"width\":73,\"frameY\":-7,\"height\":77,\"name\":\"hugewin/jb\",\"frameWidth\":90,\"x\":470},{\"width\":309,\"y\":394,\"height\":305,\"name\":\"hugewin/gg01\",\"x\":622},{\"width\":619,\"y\":1,\"height\":394,\"name\":\"hugewin/bg\",\"x\":1},{\"width\":133,\"y\":806,\"height\":162,\"name\":\"hugewin/麦子\",\"x\":381},{\"width\":87,\"y\":806,\"height\":84,\"name\":\"hugewin/laba2\",\"x\":516},{\"width\":87,\"y\":575,\"height\":84,\"name\":\"hugewin/laba4\",\"x\":381},{\"width\":87,\"y\":394,\"height\":64,\"name\":\"hugewin/laba3\",\"x\":933},{\"width\":87,\"y\":460,\"height\":64,\"name\":\"hugewin/laba1\",\"x\":933},{\"width\":403,\"y\":701,\"height\":103,\"name\":\"hugewin/圆柱\",\"x\":381},{\"frameHeight\":176,\"y\":397,\"frameX\":-2,\"width\":566,\"frameY\":0,\"height\":176,\"name\":\"hugewin/HUGE\",\"frameWidth\":570,\"x\":1},{\"width\":378,\"y\":575,\"height\":164,\"name\":\"hugewin/WIN\",\"x\":1},{\"width\":363,\"y\":1,\"height\":391,\"name\":\"hugewin/gg02\",\"x\":622}]}"]],0,0,[0],[0],[0]]