[1,["71VlCFODNPRpS75DPqePhC"],["_texture"],[["dragonBones.DragonBonesAtlasAsset",["_name","_atlasJson"],1]],[[0,0,1,3]],[[0,"wild_tex","{\"width\":512,\"SubTexture\":[{\"width\":191,\"y\":147,\"height\":145,\"name\":\"wild/图层_16\",\"x\":197},{\"width\":145,\"y\":294,\"height\":51,\"name\":\"wild/图层_21\",\"x\":196},{\"width\":55,\"y\":1,\"height\":67,\"name\":\"wild/图层_20\",\"x\":456},{\"width\":193,\"y\":1,\"height\":144,\"name\":\"wild/图层_10\",\"x\":197},{\"width\":141,\"y\":149,\"height\":110,\"name\":\"wild/图层_2_拷贝\",\"x\":1},{\"width\":193,\"y\":261,\"height\":62,\"name\":\"wild/图层_19\",\"x\":1},{\"width\":62,\"y\":1,\"height\":109,\"name\":\"wild/图层_18\",\"x\":392},{\"width\":69,\"y\":147,\"height\":120,\"name\":\"wild/图层_17\",\"x\":390},{\"width\":37,\"y\":149,\"height\":44,\"name\":\"wild/图层_15\",\"x\":144},{\"width\":194,\"y\":1,\"height\":146,\"name\":\"wild/图层_7\",\"x\":1},{\"width\":28,\"y\":195,\"height\":47,\"name\":\"wild/图层_14\",\"x\":144},{\"width\":26,\"y\":123,\"height\":43,\"name\":\"wild/图层_13\",\"x\":461},{\"width\":49,\"y\":70,\"height\":51,\"name\":\"wild/图层_12\",\"x\":456}],\"height\":512,\"name\":\"wild\",\"imagePath\":\"wild_tex.png\"}"]],0,0,[0],[0],[0]]