[1,["639cIl1yVF9JnOYzMa/Dds","12VA4us2lMXqIab7lYnTsy","0f+1MnQQZEUKen16Bc0gHL","8ad7H/2PVGxYmpKjDWyne4","75iZby6yFEfbQV5H5GupAe","99crIO86lG2JTGz4sD05gA","95A/jTlKpOm5vXrVpadETv","01RsjmpCZCsJ1BvnVtSTOl","09cyAVh69GmL0zIFpfC5FT","c6K4AyR9tMJ4PVccPh88E7","aazNzO4ohEUath/X00Ibm5","caYZDnxLVIcInvjxFjJPnd","2fPj+/16dP8oIGS94rdGVk","f4IA5DmMlLbrzfEfU6vrF6","b03HELqKxJDYCqIYNCTxcI","3cMFeWvTdJn65u4txTQP6G","eexQaPQSpJCIEQXOuw7S4d","93wGmLRaJMZJBEZcoEdX8O","78Y9Ee5C1HkrQAkv1r91rm","9d8F9CkvFLs7CVHU3JtclO","45Ro4BtmFF8o5I0P0iadBe","9bzHaj5r5EwKCxgv2wE0ch","581vexAe5AZb0k/H+x/KgC"],["value"],[["cc.AnimationClip",["_name","_duration","sample","wrapMode","curveData"],-1,11]],[[0,0,1,2,3,4,5]],[[0,"row_right",1.2777777777777777,18,2,[{},"comps",11,[{},"cc.Sprite",11,[{},"spriteFrame",12,[[[{"frame":0},"value",6,0],[{"frame":0.05555555555555555},"value",6,1],[{"frame":0.1111111111111111},"value",6,2],[{"frame":0.16666666666666666},"value",6,3],[{"frame":0.2222222222222222},"value",6,4],[{"frame":0.2777777777777778},"value",6,5],[{"frame":0.3333333333333333},"value",6,6],[{"frame":0.3888888888888889},"value",6,7],[{"frame":0.4444444444444444},"value",6,8],[{"frame":0.5},"value",6,9],[{"frame":0.5555555555555556},"value",6,10],[{"frame":0.6111111111111112},"value",6,11],[{"frame":0.6666666666666666},"value",6,12],[{"frame":0.7222222222222222},"value",6,13],[{"frame":0.7777777777777778},"value",6,14],[{"frame":0.8333333333333334},"value",6,15],[{"frame":0.8888888888888888},"value",6,16],[{"frame":0.9444444444444444},"value",6,17],[{"frame":1},"value",6,18],[{"frame":1.0555555555555556},"value",6,19],[{"frame":1.1111111111111112},"value",6,20],[{"frame":1.1666666666666667},"value",6,21],[{"frame":1.2222222222222223},"value",6,22]],11,11,11,11,11,11,11,11,11,11,11,11,11,11,11,11,11,11,11,11,11,11,11]]]]]],0,0,[0,0,0,0,0,0,0,0,0,0,0,0,0,0,0,0,0,0,0,0,0,0,0],[0,0,0,0,0,0,0,0,0,0,0,0,0,0,0,0,0,0,0,0,0,0,0],[0,1,2,3,4,5,6,7,8,9,10,11,12,13,14,15,16,17,18,19,20,21,22]]