[1,["86BPqMtolM+LLxeKfS9DRv"],["_texture"],[["dragonBones.DragonBonesAtlasAsset",["_name","_atlasJson"],1]],[[0,0,1,3]],[[0,"megawin_tex","{\"width\":2048,\"SubTexture\":[{\"width\":60,\"y\":1,\"height\":507,\"name\":\"shandian04/图层_2\",\"x\":1835},{\"width\":57,\"y\":510,\"height\":500,\"name\":\"shandian04/图层_3\",\"x\":1955},{\"width\":54,\"y\":1,\"height\":499,\"name\":\"shandian04/图层_4\",\"x\":1261},{\"width\":58,\"y\":1,\"height\":489,\"name\":\"shandian04/图层_7\",\"x\":1897},{\"width\":58,\"y\":510,\"height\":493,\"name\":\"shandian04/图层_6\",\"x\":1895},{\"width\":63,\"y\":1,\"height\":440,\"name\":\"shandian04/图层_8\",\"x\":1957},{\"width\":31,\"y\":443,\"height\":208,\"name\":\"shandian04/图层_1\",\"x\":2014},{\"width\":58,\"y\":510,\"height\":497,\"name\":\"shandian04/图层_5\",\"x\":1835},{\"width\":1258,\"y\":1,\"height\":596,\"name\":\"win01/图层_9\",\"x\":1},{\"width\":975,\"y\":599,\"height\":273,\"name\":\"组69拷贝2\",\"x\":1},{\"width\":712,\"y\":599,\"height\":159,\"name\":\"win01/图层_19\",\"x\":978},{\"width\":141,\"y\":599,\"height\":304,\"name\":\"win01/图层_5\",\"x\":1692}],\"height\":1024,\"name\":\"megawin\",\"imagePath\":\"megawin_tex.png\"}"]],0,0,[0],[0],[0]]