[1,["43B6l29BdMBqh6JOOzr1rk"],["_texture"],[["dragonBones.DragonBonesAtlasAsset",["_name","_atlasJson"],1]],[[0,0,1,3]],[[0,"Bigwin_tex","{\"width\":1024,\"imagePath\":\"Bigwin_tex.png\",\"SubTexture\":[{\"width\":395,\"y\":1,\"height\":391,\"name\":\"Gigwin/13d0ccc819103952f2e195a952ad6fb\",\"x\":498},{\"width\":133,\"y\":625,\"height\":162,\"name\":\"Gigwin/麦子\",\"x\":136},{\"width\":87,\"y\":711,\"height\":64,\"name\":\"Gigwin/laba1\",\"x\":271},{\"width\":87,\"y\":394,\"height\":84,\"name\":\"Gigwin/laba2\",\"x\":853},{\"width\":133,\"y\":625,\"height\":162,\"name\":\"Gigwin/麦子_拷贝\",\"x\":1},{\"width\":87,\"y\":480,\"height\":64,\"name\":\"Gigwin/laba1_拷贝\",\"x\":853},{\"width\":87,\"y\":625,\"height\":84,\"name\":\"Gigwin/laba2_拷贝\",\"x\":271},{\"width\":378,\"y\":498,\"height\":125,\"name\":\"Gigwin/图层_1\",\"x\":1},{\"width\":400,\"y\":554,\"height\":100,\"name\":\"Gigwin/图层_2\",\"x\":581},{\"width\":353,\"y\":394,\"height\":158,\"name\":\"Gigwin/图层_3\",\"x\":498},{\"width\":495,\"y\":1,\"height\":495,\"name\":\"Gigwin/798048dd7ba70216420540367fe9704\",\"x\":1},{\"width\":198,\"y\":554,\"height\":208,\"name\":\"Gigwin/gggg\",\"x\":381}],\"height\":1024,\"name\":\"Bigwin\"}"]],0,0,[0],[0],[0]]