[1,["ecpdLyjvZBwrvm+cedCcQy","ceW67okbJGbJxYwd4aEcCz","162fe52e3","ecPdBj35RJu4dkx9eQRVeK","86hVV+rz9Ocqw8gq0ru/h2","c6ilyVNPhJ1728bb4ckcoD","91D87mq5pBz7buaryVpVmh","68QcVMfEdCb63fa0KmNtRC","2cHHn7x6pMkr3X6Tpy/4W2","8ds608AlxDPoggemWMdVY/","30dcshhtRP9a7amZM/ifl8","16eb5d4c6"],["node","_spriteFrame","_N$file","_textureSetter","_parent","root","_N$content","data"],[["cc.Node",["_name","_active","_opacity","_prefab","_contentSize","_parent","_components","_trs","_children","_anchorPoint","_color"],0,4,5,1,9,7,2,5,5],["cc.Label",["_string","_fontSize","_N$verticalAlign","_N$cacheMode","_N$horizontalAlign","_isSystemFontUsed","_N$overflow","_lineHeight","_styleFlags","node","_materials","_N$file"],-6,1,3,6],"cc.SpriteFrame",["cc.Sprite",["_sizeMode","_type","node","_materials","_spriteFrame"],1,1,3,6],["cc.PrefabInfo",["fileId","root","asset"],2,1,1],["cc.Button",["zoomScale","_N$transition","node","clickEvents"],1,1,9],["cc.ClickEvent",["_componentId","handler","customEventData","target"],0,1],["cc.Prefab",["_name"],2],["cc.Node",["_name","_children","_components","_prefab","_contentSize","_trs"],2,12,9,4,5,7],["2f298NjYCBLQL5wexzdal2/",["node"],3,1],["4a9ccyG1wZHZoUU1BHvpISv",["horizontal","brake","bounceDuration","_totalCount","_showCount","node","_N$content"],-2,1,1],["cc.Mask",["_N$alphaThreshold","node","_materials"],2,1,3],["cc.Widget",["_alignFlags","_left","_right","_originalWidth","node"],-1,1],["cc.LabelShadow",["node","_color","_offset"],3,1,5,5]],[[4,0,1,2,2],[0,0,5,6,3,4,7,2],[1,0,1,4,2,3,9,10,6],[5,2,3,1],[6,0,1,2,3,4],[0,0,5,6,3,10,4,7,2],[3,2,3,4,1],[0,0,1,5,6,3,4,7,3],[3,1,0,2,3,4,3],[1,0,1,5,4,2,6,3,9,10,11,8],[0,0,5,8,3,7,2],[0,0,5,6,3,4,2],[0,0,1,5,6,3,10,4,7,3],[3,0,2,3,4,2],[1,0,1,5,4,2,3,9,10,11,7],[1,0,1,7,4,2,3,9,10,7],[7,0,2],[0,0,8,6,3,4,2],[0,0,5,3,4,7,2],[0,0,1,8,6,3,4,9,7,3],[0,0,8,3,10,4,9,2],[0,0,5,8,6,3,4,7,2],[0,0,5,8,6,3,4,9,7,2],[0,0,5,8,6,3,4,9,2],[0,0,5,8,3,4,9,2],[0,0,2,5,6,3,10,4,7,3],[0,0,5,6,3,4,9,7,2],[0,0,5,6,3,10,4,9,7,2],[8,0,1,2,3,4,5,2],[9,0,1],[4,1,2,1],[5,0,1,2,3,3],[6,0,1,3,3],[10,0,1,2,3,4,5,6,6],[11,0,1,2,2],[12,0,1,2,3,4,5],[1,0,1,2,3,9,10,5],[1,0,1,8,4,2,9,10,6],[1,0,1,5,2,3,9,10,11,6],[13,0,1,2,1]],[[[{"name":"record_frame","rect":[444,60,50,50],"offset":[0,0],"originalSize":[50,50],"capInsets":[5,12,12,13]}],[2],0,[0],[3],[2]],[[[16,"WithdrawRecordPopup"],[17,"WithdrawRecordPopup",[-3,-4,-5],[[29,-2]],[30,-1,0],[5,920,600]],[28,"diNode",[[[18,"record_frame",-7,[0,"27L6hsXzVBG4qWX+dbsmlA",1,0],[5,875,70],[0,188.83,0,0,0,0,1,1,1,1]],-8,-9,-10,-11,-12,-13,-14],4,1,1,1,1,1,1,1],[[8,1,0,-6,[15],16]],[0,"20OS7YG7hDKLm+GW5yqM4S",1,0],[5,998,458],[1,-26,0,0,0,0,1,1,1,1]],[19,"sTimeNode",false,[-16,-17,-18,-19,-20,-21,-22,-23],[[8,1,0,-15,[40],41]],[0,"52Wd/D/PhNm6u6AtU78OW6",1,0],[5,190,260],[0,0.5,1],[-328.333,156.181,0,0,0,0,1,1,1,1]],[20,"item",[-24,-25,-26,-27,-28,-29,-30],[0,"3fAKXJIsRFxJHDkHTn/CJD",1,0],[4,4278190080],[5,998.1,51.8],[0,0.5,1]],[10,"contentNode",1,[2,-31,3,-32,-33],[0,"d36dpdbyBFmbu+A8/ORpZK",1,0],[0,-20.501,0,0,0,0,1,1,1,1]],[10,"topNode",1,[-34,-35],[0,"3fV6h8VfxBh6bxzKnqRpJP",1,0],[0,246.234,0,0,0,0,1,1,1,1]],[21,"backBtn",6,[-37],[[31,1.1,3,-36,[[32,"2f298NjYCBLQL5wexzdal2/","onHide",1]]]],[0,"3fFkG+T2dGAbhjaqsaarYt",1,0],[5,100,80],[490.307,26.038,0,0,0,0,1,1,1,0]],[7,"box_frame_1",false,2,[[8,1,0,-38,[6],7],[3,-39,[[4,"2f298NjYCBLQL5wexzdal2/","onOpenDay","0",1]]]],[0,"84/rOtcddOtKgbLmK8JWDn",1,0],[5,200,60],[-380.267,203.165,0,0,0,0,1,1,1,1]],[22,"recordScrollView",5,[-42],[[33,false,0.75,0.23,20,20,-41,-40]],[0,"8f4DW/jzhAw4Aa3tVQDlta",1,0],[5,998.1,370],[0,0.5,1],[0.8,156.3,0,0,0,0,1,1,1,1]],[23,"view",9,[-44],[[34,0,-43,[25]]],[0,"22zXwIBT5EaZzY9qcxKTzX",1,0],[5,998.1,370],[0,0.5,1]],[24,"content",10,[4],[0,"78sEeV8HFIba5sVVNH8V1e",1,0],[5,998.1,0],[0,0.5,1]],[25,"box_line",38.25,4,[[13,0,-45,[17],18],[35,40,15,15,800,-46]],[0,"445Y4tdRRMHapaPjX3okPX",1,0],[4,4278190080],[5,968.1,1],[0,-49.392,0,0,0,0,1,1,1,1]],[5,"sTimeLabel0",3,[[9,"Today",27,false,1,1,3,2,-47,[28],29],[3,-48,[[4,"2f298NjYCBLQL5wexzdal2/","onSelectDay","0",1]]]],[0,"68tiKSf7BAi499Nkv1YtP6",1,0],[4,4288717055],[5,180,40],[-3,-70.021,0,0,0,0,1,1,1,1]],[5,"sTimeLabel1",3,[[9,"Latest week",27,false,1,1,3,2,-49,[30],31],[3,-50,[[4,"2f298NjYCBLQL5wexzdal2/","onSelectDay","1",1]]]],[0,"02v8dckWtK3LPLiEQLkdXy",1,0],[4,4288717055],[5,180,40],[-3,-111.021,0,0,0,0,1,1,1,1]],[5,"sTimeLabel2",3,[[14,"Latest 2 week",27,false,1,1,2,-51,[32],33],[3,-52,[[4,"2f298NjYCBLQL5wexzdal2/","onSelectDay","2",1]]]],[0,"72tfI9gwNClb/PgEDGjb5T",1,0],[4,4288717055],[5,163.38,40],[-3,-151.021,0,0,0,0,1,1,1,1]],[5,"sTimeLabel3",3,[[9,"Latest month",27,false,1,1,3,2,-53,[34],35],[3,-54,[[4,"2f298NjYCBLQL5wexzdal2/","onSelectDay","3",1]]]],[0,"3bzx5H+0JDqoAaK+TNCv+N",1,0],[4,4288717055],[5,180,40],[-3,-191.021,0,0,0,0,1,1,1,1]],[5,"sTimeLabel4",3,[[14,"Latest 3 month",27,false,1,1,2,-55,[36],37],[3,-56,[[4,"2f298NjYCBLQL5wexzdal2/","onSelectDay","4",1]]]],[0,"254XJH2kxGIYn8HpPcDPYa",1,0],[4,4288717055],[5,180.09,40],[-3,-232.021,0,0,0,0,1,1,1,1]],[7,"noData",false,5,[[15,"No Data",37.1,56,1,1,1,-57,[43]],[39,-58,[4,4278190080],[0,0,-2.3]]],[0,"c8YQxJaelPO6HiqgWVCxPF",1,0],[5,136.06,69.3],[-1.038,-24.327,0,0,0,0,1,1,1,1]],[11,"bg",1,[[13,0,-59,[0],1]],[0,"58X2C/QbpNPIVmorXCzOG0",1,0],[5,1050,610]],[11,"SC_fanhui",7,[[6,-60,[2],3]],[0,"23sn8fJz9B0Yt6LRvzmjvq",1,0],[5,41,41]],[1,"SC_biaoti",6,[[6,-61,[4],5]],[0,"3b2bzzBeZPU7K0QJwQf1G0",1,0],[5,201,36],[1,28.061,0,0,0,0,1,1,1,1]],[1,"New Label",2,[[2,"Type",24.1,1,1,1,-62,[8]]],[0,"4aBynw+VVJ6JZ0QI/Tjkyh",1,0],[5,52.25,50.4],[-151.873,205.165,0,0,0,0,1,1,1,1]],[1,"New Label copy",2,[[2,"Account",25,1,1,1,-63,[9]]],[0,"e87nQArdVMj7sFIu4JvkPy",1,0],[5,90.33,50.4],[34.918,205.165,0,0,0,0,1,1,1,1]],[1,"New Label copy",2,[[2,"Amount",25,1,1,1,-64,[10]]],[0,"39GhFcKrhP+rBnjlsrqO6y",1,0],[5,86.16,50.4],[232.55,205.165,0,0,0,0,1,1,1,1]],[1,"New Label copy",2,[[2,"State",25,1,1,1,-65,[11]]],[0,"98QzJTpFNGz5hTAaqt/UlL",1,0],[5,58.37,50.4],[409.209,205.165,0,0,0,0,1,1,1,1]],[26,"showDayLabel",2,[[36,"Date",26.5,1,2,-66,[12]]],[0,"4fsB3zoO5PX4nSizk9WJlo",1,0],[5,55.98,40],[0,0,0.5],[-403.809,204.412,0,0,0,0,1,1,1,1]],[7,"btn_record_down copy",false,2,[[6,-67,[13],14]],[0,"e3xfLnNiZD9LqFZv2iK/mH",1,0],[5,38,40],[-254.581,187.056,0,0,0,0,1,1,1,1]],[1,"timeLabel",4,[[2,"2022-12-28 16:45:56",23,1,1,2,-68,[19]]],[0,"aeyfi9noBESY5uYhhKrb8u",1,0],[5,213.55,40],[-367.536,-25.974,0,0,0,0,1,1,1,1]],[1,"typeLabel",4,[[2,"UPI",25,1,1,2,-69,[20]]],[0,"ed98WVpLRL1qyz/+WWGspI",1,0],[5,41.67,40],[-152.011,-25.974,0,0,0,0,1,1,1,1]],[1,"bankaccLabel",4,[[2,"****656565",25,1,1,2,-70,[21]]],[0,"6exJLTnctIVINCrDJJ5Jj0",1,0],[5,122.32,40],[37.924,-23.74,0,0,0,0,1,1,1,1]],[1,"amountLabel",4,[[2,"6565656",25,1,1,2,-71,[22]]],[0,"76oLxeHVhHw639WFi8hylZ",1,0],[5,97.3,40],[235.056,-23.74,0,0,0,0,1,1,1,1]],[12,"stateLabel1",false,4,[[2,"Success",25,1,1,2,-72,[23]]],[0,"e40wHdHbhL4YSkdKw+NOB0",1,0],[4,4283691007],[5,85.51,40],[411.169,-23.74,0,0,0,0,1,1,1,1]],[12,"stateLabel0",false,4,[[37,"Failue",25,5,1,1,-73,[24]]],[0,"f9BroUwXFABb3/o5zZ+N4j",1,0],[4,4282335231],[5,72.24,50.4],[411.971,-23.584,0,0,0,0,1,1,1,1]],[27,"timeLabel1",3,[[38,"Today",30,false,1,2,-74,[26],27]],[0,"9dJi/VioNFlL8VDNLCb1XN",1,0],[4,4288717055],[5,83.16,40],[0,0,0.5],[-88.668,-21.65,0,0,0,0,1,1,1,1]],[1,"sTimeLabel5",3,[[3,-75,[[4,"2f298NjYCBLQL5wexzdal2/","onOpenDay","1",1]]]],[0,"fdoAWQ9FtDt5fkeUmBFhYK",1,0],[5,180,50],[0,-26,0,0,0,0,1,1,1,1]],[1,"btn_record_down copy",3,[[6,-76,[38],39]],[0,"37J6kEbwJBNZUs00PD3pm9",1,0],[5,38,40],[73.752,-21.65,0,0,0,0,1,1,-1,1]],[1,"label",5,[[15,"Your can check withdrawal progress information in system mail",30.5,30.5,1,1,1,-77,[42]]],[0,"5fV5+GZXBFiZfpgjyZXj8W",1,0],[5,848.15,37.8],[0,234.226,0,0,0,0,1,1,1,1]]],0,[0,5,1,0,0,1,0,-1,19,0,-2,6,0,-3,5,0,0,2,0,4,2,0,-2,8,0,-3,22,0,-4,23,0,-5,24,0,-6,25,0,-7,26,0,-8,27,0,0,3,0,-1,34,0,-2,13,0,-3,14,0,-4,15,0,-5,16,0,-6,17,0,-7,35,0,-8,36,0,-1,12,0,-2,28,0,-3,29,0,-4,30,0,-5,31,0,-6,32,0,-7,33,0,-2,9,0,-4,37,0,-5,18,0,-1,7,0,-2,21,0,0,7,0,-1,20,0,0,8,0,0,8,0,6,11,0,0,9,0,-1,10,0,0,10,0,-1,11,0,0,12,0,0,12,0,0,13,0,0,13,0,0,14,0,0,14,0,0,15,0,0,15,0,0,16,0,0,16,0,0,17,0,0,17,0,0,18,0,0,18,0,0,19,0,0,20,0,0,21,0,0,22,0,0,23,0,0,24,0,0,25,0,0,26,0,0,27,0,0,28,0,0,29,0,0,30,0,0,31,0,0,32,0,0,33,0,0,34,0,0,35,0,0,36,0,0,37,0,7,1,2,4,5,3,4,5,4,4,11,77],[0,0,0,0,0,0,0,0,0,0,0,0,0,0,0,0,0,0,0,0,0,0,0,0,0,0,0,0,0,0,0,0,0,0,0,0,0,0,0,0,0,0,0,0],[-1,1,-1,1,-1,1,-1,1,-1,-1,-1,-1,-1,-1,1,-1,1,-1,1,-1,-1,-1,-1,-1,-1,-1,-1,2,-1,2,-1,2,-1,2,-1,2,-1,2,-1,1,-1,1,-1,-1],[0,4,0,5,0,6,0,7,0,0,0,0,0,0,3,0,8,0,9,0,0,0,0,0,0,0,0,1,0,1,0,1,0,1,0,1,0,1,0,3,0,10,0,0]],[[{"name":"box_line","rect":[338,515,20,2],"offset":[0,0],"originalSize":[20,2],"rotated":1,"capInsets":[0,0,0,0]}],[2],0,[0],[3],[2]],[[{"name":"04","rect":[468,981,201,36],"offset":[0,0],"originalSize":[201,36],"capInsets":[0,0,0,0]}],[2],0,[0],[3],[11]],[[{"name":"btn_record_down","rect":[444,116,38,40],"offset":[0,0],"originalSize":[38,40],"capInsets":[0,0,0,0]}],[2],0,[0],[3],[2]]]]