[1,["ecpdLyjvZBwrvm+cedCcQy","1de662e9f","147768f2c","f5sYAEBD1DVIX95KHEcS4U","4bq2fLGOZAmbhANV8Ec/iQ","ealfP9DglBmrwnh9ieusFF","9aF5xfxX9GD46Mxc7mUAD3","ffUKyFr6pGa4M8Bcx6ik9P","f4AqMsiLxFEoLeWI7ysJq/","0d5F1deqBJvLWe/ct3ROlm","50CTWIGOVML4cNbCkoH1F2","18nWO4f7tJJ7ZX99SfWUTs","208Su6OL1G3LK4FwpTLDR6","440o+lacdIEqxWo2ipc5Xv","36QTBNB0BBUqGJq60Q6TwB","1bF3UhdxNEcovawMYCoPi8","238skBwjhOLa0KDLuf/yqN","b0hX1oKodIMq9DAgIw5L1P","deGglK6w9FmrZDquyHZh4C","28oADLsfJBE5VWlGF0/Gsa","ffbDmRVf5CNJDxJXm5KUbI","1eENEbAuxEwIaQ7lWzkjld","27FZeeSmxKWZaQHZuDwc0S","6023rg5BxAs47+6h7ZiKex","777Itf/llHuJSx9BCrRVL/","c9+lH/PwFGAY+AMl0bEdq3","3eQFrolwxIx4FCZR3/0Wuw"],["_textureSetter","node","_spriteFrame","_normalMaterial","root","rightButton","leftButton","backNode","updateNode","aimatLevelSp","curLevelSp","textRich","textAllPoint","textCurPoint","progressBar","vipPageView","data","_parent","_N$indicator","pageItem","spriteFrame"],["cc.SpriteFrame",["cc.Node",["_name","_prefab","_parent","_components","_contentSize","_trs","_children","_eulerAngles","_color","_anchorPoint"],2,4,1,9,5,7,2,5,5,5],["cc.Sprite",["_sizeMode","_type","node","_materials","_spriteFrame"],1,1,3,6],["cc.Node",["_name","_active","_parent","_components","_prefab","_contentSize","_trs","_children","_anchorPoint"],1,1,2,4,5,7,2,5],["cc.PrefabInfo",["fileId","root","asset"],2,1,1],["cc.Button",["zoomScale","_N$transition","_N$enableAutoGrayEffect","node","_normalMaterial"],0,1,6],["cc.Label",["_fontSize","_N$horizontalAlign","_N$verticalAlign","_string","_N$cacheMode","node","_materials"],-2,1,3],["cc.Prefab",["_name"],2],["cc.Node",["_name","_children","_components","_prefab","_contentSize","_trs"],2,2,12,4,5,7],["1ec5ebGjJVK/4GfYbq75Z7S",["node","vipPageView","progressBar","textCurPoint","textAllPoint","textRich","vipIconFrame","curLevelSp","aimatLevelSp","updateNode","backNode","leftButton","rightButton","pageItem"],3,1,1,1,1,1,1,3,1,1,1,1,1,1,6],["cc.LabelOutline",["_width","node","_color"],2,1,5],["cc.Mask",["_N$alphaThreshold","node","_materials"],2,1,3],["cc.Layout",["_resize","_N$layoutType","_N$spacingY","node","_layoutSize"],0,1,5],["cc.PageView",["bounceDuration","node","_N$content"],2,1,1],["cc.ProgressBar",["_N$totalLength","_N$progress","node","_N$barSprite"],1,1,1],["cc.PageViewIndicator",["spacing","node","_pageView","cellSize"],2,1,1,5],["cc.RichText",["_N$string","_N$cacheMode","_N$lineHeight","node"],0,1]],[[4,0,1,2,2],[2,2,3,4,1],[1,0,2,3,1,4,5,2],[3,0,2,3,4,5,8,6,2],[1,0,2,6,3,1,4,5,2],[3,0,2,7,3,4,5,6,2],[3,0,2,3,4,5,6,2],[5,0,1,3,3],[5,0,2,1,3,4,4],[6,0,1,2,4,5,6,5],[7,0,2],[1,0,6,3,1,4,2],[1,0,2,3,1,4,5,7,2],[1,0,2,6,1,2],[1,0,2,3,1,8,4,5,2],[1,0,2,6,3,1,4,2],[1,0,2,3,1,4,9,5,2],[1,0,2,6,1,5,2],[8,0,1,2,3,4,5,2],[3,0,1,2,3,4,5,6,3],[9,0,1,2,3,4,5,6,7,8,9,10,11,12,13,1],[4,1,2,1],[2,1,0,2,3,4,3],[2,1,0,2,3,3],[2,0,2,3,2],[2,2,3,1],[6,3,0,1,2,5,6,5],[10,0,1,2,2],[11,0,1,2,2],[12,0,1,2,3,4,4],[13,0,1,2,2],[14,0,1,2,3,3],[15,0,1,2,3,2],[16,0,1,2,3,4]],[[[{"name":"img_vip","rect":[899,588,125,77],"offset":[-0.5,-0.5],"originalSize":[134,86],"rotated":1,"capInsets":[0,0,0,0]}],[0],0,[0],[0],[2]],[[{"name":"img_vip_2","rect":[983,356,148,30],"offset":[0,0],"originalSize":[148,30],"rotated":1,"capInsets":[0,0,0,0]}],[0],0,[0],[0],[2]],[[{"name":"VIP2","rect":[713,343,222,179],"offset":[0,0],"originalSize":[222,179],"rotated":1,"capInsets":[0,0,0,0]}],[0],0,[0],[0],[1]],[[{"name":"VIP8","rect":[683,356,294,226],"offset":[0,0],"originalSize":[294,226],"capInsets":[0,0,0,0]}],[0],0,[0],[0],[2]],[[{"name":"VIP3","rect":[260,499,221,179],"offset":[0,0],"originalSize":[221,179],"rotated":1,"capInsets":[0,0,0,0]}],[0],0,[0],[0],[1]],[[{"name":"VIP9","rect":[683,3,296,228],"offset":[0,0],"originalSize":[296,228],"capInsets":[0,0,0,0]}],[0],0,[0],[0],[2]],[[{"name":"VIP6","rect":[465,303,242,171],"offset":[0,0],"originalSize":[242,171],"capInsets":[0,0,0,0]}],[0],0,[0],[0],[1]],[[{"name":"VIP1","rect":[713,571,222,179],"offset":[0,0],"originalSize":[222,179],"rotated":1,"capInsets":[0,0,0,0]}],[0],0,[0],[0],[1]],[[{"name":"VIP0","rect":[713,115,222,184],"offset":[0,0],"originalSize":[222,184],"rotated":1,"capInsets":[0,0,0,0]}],[0],0,[0],[0],[1]],[[{"name":"img_vip_1","rect":[983,510,148,30],"offset":[0,0],"originalSize":[148,30],"rotated":1,"capInsets":[0,0,0,0]}],[0],0,[0],[0],[2]],[[{"name":"VIP10","rect":[465,103,242,194],"offset":[0,0],"originalSize":[242,194],"capInsets":[0,0,0,0]}],[0],0,[0],[0],[1]],[[{"name":"img_vip_pro","rect":[3,54,741,43],"offset":[0,0],"originalSize":[741,43],"capInsets":[0,0,0,0]}],[0],0,[0],[0],[1]],[[{"name":"VIP4","rect":[309,726,220,168],"offset":[0,0],"originalSize":[220,168],"capInsets":[0,0,0,0]}],[0],0,[0],[0],[1]],[[{"name":"default_scrollbar_bg","rect":[0,0,30,15],"offset":[0,0],"originalSize":[30,15],"capInsets":[10,4,10,4]}],[0],0,[0],[0],[4]],[[{"name":"VIP5","rect":[3,655,241,191],"offset":[0.5,0],"originalSize":[242,193],"rotated":1,"capInsets":[0,0,0,0]}],[0],0,[0],[0],[1]],[[[10,"ViperPopup"],[11,"ViperPopup",[-14,-15,-16,-17,-18,-19,-20,-21,-22,-23,-24,-25],[[20,-13,-12,-11,-10,-9,-8,[28,29,30,31,32,33,34,35,36,37,38],-7,-6,-5,-4,-3,-2,27]],[21,-1,0],[5,1130,686]],[4,"btnOther_Amount",1,[-27,-28],[[7,1.1,3,-26]],[0,"c3Bzfkp4dANJcUNryJt16O",1,0],[5,250,89],[426.584,191.31,0,0,0,0,1,1,1,0]],[4,"btn_close",1,[-30],[[7,1.1,3,-29]],[0,"264EmSyTVB6pkAFAk93ukC",1,0],[5,90,90],[578.335,279.502,0,0,0,0,1,1,1,0]],[18,"progressBar",[-33],[[[22,1,2,-31,[8],9],-32],4,1],[0,"66xmQACKBHNoj6aBA3J663",1,0],[5,743,45],[-3.251,0,0,0,0,0,1,1,1,1]],[2,"btn_left",1,[[1,-34,[18],19],[8,1.1,true,3,-35,20]],[0,"d9lbL7qZ5MNbr9neugMwPL",1,0],[5,87,125],[-628.466,-115.732,0,0,0,0,1,1,1,0]],[12,"btn_right",1,[[1,-36,[21],22],[8,1.1,true,3,-37,23]],[0,"a23DzV7xpLWZxQIZbeZaDd",1,0],[5,87,125],[606.827,-115.732,0,0,0,1,6.123233995736766e-17,1,1,0],[1,0,0,180]],[5,"pageview",1,[-39,-40],[-38],[0,"celwTm/ehGu6JToexHbeLr",1,0],[5,1120,440],[-11.045,-122.18,0,0,0,0,1,1,1,1]],[13,"textNode",1,[-41,-42,-43],[0,"1bCLK2nuFBjqwQeUZIpPUa",1,0]],[14,"textChage",2,[[26,"Reload",34,1,1,-44,[6]],[27,2,-45,[4,2152098596]]],[0,"fdDgx9RlBCXbUZO4XWD4aM",1,0],[4,4292471784],[5,111.74,54.4],[0,7.859,0,0,0,0,1,1,1,1]],[5,"img_un_2",1,[-47],[-46],[0,"baK2+SlPtIdKdotwrOXtmN",1,0],[5,294,226],[211.661,204.988,0,0,0,0,1,0.6,0.6,1]],[15,"view",7,[-49],[[28,0,-48,[24]]],[0,"58XKapdMJNKp7RnHYn+qLi",1,0],[5,1120,440]],[16,"content",11,[[29,1,1,15,-50,[5,1120,350]]],[0,"e4LNqMTTRLl6zlwg5tsCi9",1,0],[5,1120,350],[0,0,0.5],[-561.347,0,0,0,0,0,1,1,1,1]],[30,0.5,7,12],[2,"bg_vip",1,[[1,-51,[0],1]],[0,"b0yTKPH4tEYJHR/CzbumQY",1,0],[5,1186,742],[-10.027,16.056,0,0,0,0,1,1,1,1]],[2,"btn_close",3,[[1,-52,[2],3]],[0,"132ZmXtPlJ1JR+sXYVmePy",1,0],[5,89,91],[-2.507,0,0,0,0,0,1,1,1,1]],[2,"Other_Amount",2,[[1,-53,[4],5]],[0,"6eQSMBpQNFOKrUkV4hlWLT",1,0],[5,250,89],[0,-1.198,0,0,0,0,1,1,1,1]],[17,"proNode",1,[4],[0,"d1rmbOoM5EdaqcqUI4PRs6",1,0],[-154.938,199.986,0,0,0,0,1,1,1,1]],[3,"bar",4,[-54],[0,"06/qAa4EpJqr3mv2+Kng4Q",1,0],[5,0,43],[0,0,0.5],[-370.911,0,0,0,0,0,1,1,1,1]],[23,1,0,18,[7]],[31,743,0,4,19],[2,"img_vip",1,[[1,-55,[10],11]],[0,"d0wtogCV5M4qU4Eposs5PE",1,0],[5,125,77],[-43.006,319.634,0,0,0,0,1,1,1,1]],[6,"img_level_1",1,[-56],[0,"4bmPzaYJ5PkLnnTJc3AVrH",1,0],[5,222,179],[-492.717,204.91,0,0,0,0,1,0.6,0.6,1]],[24,2,22,[12]],[2,"img_vip_1",1,[[1,-57,[13],14]],[0,"4eUbRYoERPHoRFc1RSS9Rn",1,0],[5,148,30],[-489.937,142.302,0,0,0,0,1,1,1,1]],[2,"img_vip_2",10,[[1,-58,[15],16]],[0,"42pCdYs1JDQ7ysNQquu4Jc",1,0],[5,148,30],[6.54,-104.03,0,0,0,0,1,1.66667,1.66667,1.66667]],[25,10,[17]],[19,"indicator",false,7,[-59],[0,"95FsQ4zjFMyZWdF66hJkmX",1,0],[5,100,27],[0,-160,0,0,0,0,1,1,1,1]],[32,10,27,13,[5,10,10]],[3,"textCur",8,[-60],[0,"a6KeK/F/hM6qpBn2O30bt9",1,0],[5,0,40],[0,1,0.5],[-154.904,200.462,0,0,0,0,1,1,1,1]],[9,26,1,1,2,29,[25]],[3,"textAll",8,[-61],[0,"b8RwKZh9JN47LbGi7CzNn4",1,0],[5,0,40],[0,0,0.5],[-150.912,201.479,0,0,0,0,1,1,1,1]],[9,26,1,1,2,31,[26]],[6,"New RichText",8,[-62],[0,"09BuoO9IJFEZLMwnjdgp3b",1,0],[5,0,63],[-143.664,153.52,0,0,0,0,1,1,1,1]],[33,"<color=#00ff00></c><color=#0fffff></color>",2,50,33]],0,[0,4,1,0,5,6,0,6,5,0,7,3,0,8,2,0,9,26,0,10,23,0,11,34,0,12,32,0,13,30,0,14,20,0,15,13,0,1,1,0,-1,14,0,-2,3,0,-3,2,0,-4,17,0,-5,21,0,-6,22,0,-7,24,0,-8,10,0,-9,5,0,-10,6,0,-11,7,0,-12,8,0,1,2,0,-1,16,0,-2,9,0,1,3,0,-1,15,0,1,4,0,-2,20,0,-1,18,0,1,5,0,1,5,0,1,6,0,1,6,0,-1,13,0,-1,11,0,-2,27,0,-1,29,0,-2,31,0,-3,33,0,1,9,0,1,9,0,-1,26,0,-1,25,0,1,11,0,-1,12,0,1,12,0,1,14,0,1,15,0,1,16,0,-1,19,0,1,21,0,-1,23,0,1,24,0,1,25,0,-1,28,0,-1,30,0,-1,32,0,-1,34,0,16,1,4,17,17,13,18,28,62],[0,0,0,0,0,0,0,0,0,0,0,0,0,0,0,0,0,0,0,0,0,0,0,0,0,0,0,0,0,0,0,0,0,0,0,0,0,0,0,19,28],[-1,2,-1,2,-1,2,-1,-1,-1,2,-1,2,-1,-1,2,-1,2,-1,-1,2,3,-1,2,3,-1,-1,-1,19,-1,-2,-3,-4,-5,-6,-7,-8,-9,-10,-11,2,20],[0,5,0,6,0,7,0,0,0,8,0,9,0,0,10,0,11,0,0,3,0,0,3,0,0,0,0,12,13,14,15,16,17,18,19,20,21,22,23,24,25]],[[{"name":"bg_vip","rect":[0,0,1186,742],"offset":[0,0],"originalSize":[1186,742],"capInsets":[0,0,0,0]}],[0],0,[0],[0],[26]],[[{"name":"img_vip_bg","rect":[3,3,743,45],"offset":[0,0],"originalSize":[743,45],"capInsets":[0,0,0,0]}],[0],0,[0],[0],[1]],[[{"name":"btn_jiantou1","rect":[577,437,87,125],"offset":[-0.5,0],"originalSize":[92,131],"capInsets":[0,0,0,0]}],[0],0,[0],[0],[2]],[[{"name":"VIP7","rect":[465,480,242,169],"offset":[0,0],"originalSize":[242,169],"capInsets":[0,0,0,0]}],[0],0,[0],[0],[1]]]]