[1,["8ax7BygEZHz55tqszgjJwZ"],["_texture"],[["dragonBones.DragonBonesAtlasAsset",["_name","_atlasJson"],1]],[[0,0,1,3]],[[0,"Astrology_tex","{\"width\":1024,\"SubTexture\":[{\"width\":299,\"y\":1,\"height\":414,\"name\":\"Superspin/bigbg\",\"x\":1},{\"width\":227,\"y\":1,\"height\":235,\"name\":\"Superspin/lunpanbg\",\"x\":302},{\"width\":182,\"y\":1,\"height\":182,\"name\":\"Superspin/neirong\",\"x\":531},{\"width\":63,\"y\":185,\"height\":73,\"name\":\"Superspin/zhizhen\",\"x\":543},{\"width\":23,\"y\":417,\"height\":33,\"name\":\"Superspin/zhizhen2\",\"x\":269},{\"width\":239,\"y\":238,\"height\":160,\"name\":\"Superspin/bg2\",\"x\":302},{\"frameX\":0,\"y\":417,\"frameY\":-1,\"frameWidth\":267,\"width\":266,\"frameHeight\":65,\"height\":63,\"name\":\"Superspin/SuperSpin\",\"x\":1},{\"width\":245,\"y\":400,\"height\":103,\"name\":\"Superspin/jbb\",\"x\":302}],\"height\":512,\"name\":\"Astrology\",\"imagePath\":\"Astrology_tex.png\"}"]],0,0,[0],[0],[0]]