[1,["ecpdLyjvZBwrvm+cedCcQy","a2MjXRFdtLlYQ5ouAFv/+R","36JZVnsgpLTY4KPO82bWiG","46Vs1zQ11A4JpeDjaWwfyA","8fjkNLtLRKqru8o0yceVAz","6eyQ16OWhPpa5aur4fgF/N","b7UrJB07xJv5EqNJGvuPG2"],["node","_spriteFrame","_N$file","root","data","_N$dragonAsset","_N$dragonAtlasAsset"],[["cc.Node",["_name","_active","_opacity","_prefab","_components","_contentSize","_parent","_children","_trs","_color"],0,4,9,5,1,2,7,5],["cc.Widget",["_alignFlags","_originalWidth","_originalHeight","node"],0,1],["cc.PrefabInfo",["fileId","root"],2,1],["cc.Sprite",["_sizeMode","node","_materials","_spriteFrame"],2,1,3,6],["cc.Label",["_isSystemFontUsed","_N$horizontalAlign","_N$verticalAlign","_string","_fontSize","node","_materials","_N$file"],-2,1,3,6],["dragonBones.DragonBonesAsset",["_name","_dragonBonesJson"],1],["cc.Prefab",["_name"],2],["cc.BlockInputEvents",["node"],3,1],["cc.Button",["_N$transition","node"],2,1],["dragonBones.ArmatureDisplay",["_armatureName","_animationName","_preCacheMode","_armatureKey","node","_materials","_N$dragonAsset","_N$dragonAtlasAsset"],-1,1,3,6,6]],[[2,0,1,2],[0,0,6,4,3,5,8,2],[5,0,1,3],[6,0,2],[0,0,1,7,4,3,5,8,3],[0,0,2,6,4,3,9,5,3],[0,0,6,7,3,2],[0,0,6,7,4,3,5,8,2],[0,0,6,4,3,5,2],[1,0,3,2],[1,0,1,2,3,4],[2,1,1],[3,0,1,2,3,2],[3,1,2,3,1],[7,0,1],[8,0,1,2],[9,0,1,2,3,4,5,6,7,5],[4,0,1,2,5,6,7,4],[4,3,4,0,1,2,5,6,7,6]],[[[[2,"money_ske","{\"frameRate\":24,\"isGlobal\":0,\"armature\":[{\"bone\":[{\"name\":\"root\",\"transform\":{}},{\"transform\":{\"scY\":0.9,\"scX\":0.9},\"name\":\"bone\",\"parent\":\"root\"},{\"transform\":{},\"name\":\"jb1\",\"parent\":\"bone\"},{\"transform\":{},\"name\":\"bone2\",\"parent\":\"bone\"},{\"transform\":{},\"name\":\"bone3\",\"parent\":\"bone\"},{\"transform\":{},\"name\":\"jb11\",\"parent\":\"bone\"},{\"transform\":{},\"name\":\"jb111\",\"parent\":\"bone\"},{\"transform\":{},\"name\":\"jb12\",\"parent\":\"bone\"},{\"transform\":{},\"name\":\"jb112\",\"parent\":\"bone\"},{\"transform\":{},\"name\":\"jb113\",\"parent\":\"bone\"},{\"transform\":{},\"name\":\"jb1111\",\"parent\":\"bone\"},{\"transform\":{},\"name\":\"jb1112\",\"parent\":\"bone\"}],\"animation\":[{\"playTimes\":0,\"bone\":[{\"frame\":[{\"transform\":{},\"duration\":21}],\"name\":\"root\"},{\"frame\":[{\"transform\":{},\"duration\":21}],\"name\":\"bone\"},{\"frame\":[{\"tweenEasing\":0,\"transform\":{},\"duration\":3},{\"tweenEasing\":0,\"transform\":{\"scY\":1.1333,\"y\":-30,\"skX\":30,\"skY\":30,\"scX\":1.1333,\"x\":-70},\"duration\":4},{\"tweenEasing\":0,\"transform\":{\"scY\":1.3111,\"y\":-60,\"skX\":70,\"skY\":70,\"scX\":1.3111,\"x\":-140},\"duration\":2},{\"tweenEasing\":0,\"transform\":{\"scY\":1.4,\"y\":-71.0182,\"skX\":90,\"skY\":90,\"scX\":1.4,\"x\":-186.6667},\"duration\":1},{\"tweenEasing\":0,\"transform\":{\"scY\":1.3556,\"y\":-76.5273,\"skX\":100,\"skY\":100,\"scX\":1.3556,\"x\":-210},\"duration\":4},{\"tweenEasing\":0,\"transform\":{\"scY\":1.1778,\"y\":-83.1706,\"skX\":140,\"skY\":140,\"scX\":1.1778,\"x\":-272.9527},\"duration\":4},{\"transform\":{\"y\":-48.2144,\"skX\":180,\"skY\":180,\"x\":-352.9617},\"duration\":3}],\"name\":\"jb1\"},{\"frame\":[{\"tweenEasing\":0,\"transform\":{},\"duration\":9},{\"transform\":{\"scY\":3,\"scX\":3},\"duration\":12}],\"name\":\"bone2\"},{\"frame\":[{\"tweenEasing\":0,\"transform\":{},\"duration\":9},{\"transform\":{\"scY\":4,\"skX\":35,\"skY\":35,\"scX\":4},\"duration\":12}],\"name\":\"bone3\"},{\"frame\":[{\"tweenEasing\":0,\"transform\":{},\"duration\":2},{\"tweenEasing\":0,\"transform\":{},\"duration\":3},{\"tweenEasing\":0,\"transform\":{\"scY\":1.15,\"y\":-62.2712,\"skX\":-67.5,\"skY\":-67.5,\"scX\":1.15,\"x\":-32.0133},\"duration\":1},{\"tweenEasing\":0,\"transform\":{\"scY\":1.2,\"y\":-74.7088,\"skX\":-90,\"skY\":-90,\"scX\":1.2,\"x\":-44.1533},\"duration\":3},{\"tweenEasing\":0,\"transform\":{\"scY\":1.35,\"y\":-112.0215,\"skX\":-135,\"skY\":-135,\"scX\":1.35,\"x\":-80.5733},\"duration\":1},{\"tweenEasing\":0,\"transform\":{\"scY\":1.4,\"y\":-121.2795,\"skX\":-150,\"skY\":-150,\"scX\":1.4,\"x\":-95.9923},\"duration\":2},{\"tweenEasing\":0,\"transform\":{\"scY\":1.3111,\"y\":-139.7954,\"skX\":-180,\"skY\":-180,\"scX\":1.3111,\"x\":-126.8304},\"duration\":2},{\"tweenEasing\":0,\"transform\":{\"scY\":1.2222,\"y\":-132.9773,\"skX\":-205.7143,\"skY\":-205.7143,\"scX\":1.2222,\"x\":-169.0526},\"duration\":2},{\"tweenEasing\":0,\"transform\":{\"scY\":1.1333,\"y\":-116.2158,\"skX\":-231.4286,\"skY\":-231.4286,\"scX\":1.1333,\"x\":-200.176},\"duration\":3},{\"transform\":{\"y\":-39.4189,\"skX\":90,\"skY\":90,\"x\":-263.1289},\"duration\":2}],\"name\":\"jb11\"},{\"frame\":[{\"tweenEasing\":0,\"transform\":{},\"duration\":2},{\"tweenEasing\":0,\"transform\":{},\"duration\":2},{\"tweenEasing\":0,\"transform\":{\"scY\":1.1,\"y\":-62.1277,\"skX\":45,\"skY\":45,\"scX\":1.1,\"x\":38.6454},\"duration\":2},{\"tweenEasing\":0,\"transform\":{\"scY\":1.2,\"y\":-78.5046,\"skX\":90,\"skY\":90,\"scX\":1.2,\"x\":54.1035},\"duration\":2},{\"tweenEasing\":0,\"transform\":{\"scY\":1.3,\"y\":-94.8816,\"skX\":120,\"skY\":120,\"scX\":1.3,\"x\":69.5617},\"duration\":2},{\"tweenEasing\":0,\"transform\":{\"scY\":1.4,\"y\":-119.447,\"skX\":150,\"skY\":150,\"scX\":1.4,\"x\":102.3607},\"duration\":2},{\"tweenEasing\":0,\"transform\":{\"scY\":1.3111,\"y\":-120.1256,\"skX\":-180,\"skY\":-180,\"scX\":1.3111,\"x\":121.9027},\"duration\":2},{\"tweenEasing\":0,\"transform\":{\"scY\":1.2222,\"y\":-120.8041,\"skX\":-154.2857,\"skY\":-154.2857,\"scX\":1.2222,\"x\":141.4447},\"duration\":2},{\"tweenEasing\":0,\"transform\":{\"scY\":1.1333,\"y\":-96.8606,\"skX\":-128.5714,\"skY\":-128.5714,\"scX\":1.1333,\"x\":175.9951},\"duration\":3},{\"transform\":{\"y\":-43.8815,\"skX\":-90,\"skY\":-90,\"x\":198.7194},\"duration\":2}],\"name\":\"jb111\"},{\"frame\":[{\"tweenEasing\":0,\"transform\":{},\"duration\":2},{\"tweenEasing\":0,\"transform\":{},\"duration\":4},{\"tweenEasing\":0,\"transform\":{\"scY\":1.1778,\"y\":-14.8957,\"skX\":40,\"skY\":40,\"scX\":1.1778,\"x\":-70},\"duration\":3},{\"tweenEasing\":0,\"transform\":{\"scY\":1.3111,\"y\":-33.9108,\"skX\":70,\"skY\":70,\"scX\":1.3111,\"x\":-140},\"duration\":2},{\"tweenEasing\":0,\"transform\":{\"scY\":1.4,\"y\":-34.7939,\"skX\":90,\"skY\":90,\"scX\":1.4,\"x\":-175},\"duration\":2},{\"tweenEasing\":0,\"transform\":{\"scY\":1.3111,\"y\":-35.677,\"skX\":110,\"skY\":110,\"scX\":1.3111,\"x\":-210},\"duration\":3},{\"tweenEasing\":0,\"transform\":{\"scY\":1.1778,\"y\":-19.1685,\"skX\":140,\"skY\":140,\"scX\":1.1778,\"x\":-273.1344},\"duration\":4},{\"transform\":{\"y\":20.4162,\"skX\":180,\"skY\":180,\"x\":-340.3882},\"duration\":1}],\"name\":\"jb12\"},{\"frame\":[{\"tweenEasing\":0,\"transform\":{},\"duration\":6},{\"tweenEasing\":0,\"transform\":{},\"duration\":4},{\"tweenEasing\":0,\"transform\":{\"scY\":1.2,\"y\":-41.8359,\"skX\":-90,\"skY\":-90,\"scX\":1.2,\"x\":-27.3071},\"duration\":4},{\"tweenEasing\":0,\"transform\":{\"scY\":1.4,\"y\":-76.8062,\"skX\":-162,\"skY\":-162,\"scX\":1.4,\"x\":-54.6141},\"duration\":1},{\"tweenEasing\":0,\"transform\":{\"scY\":1.3429,\"y\":-64.4422,\"skX\":-180,\"skY\":-180,\"scX\":1.3429,\"x\":-64.5967},\"duration\":2},{\"tweenEasing\":0,\"transform\":{\"scY\":1.2286,\"y\":-39.7142,\"skX\":-210,\"skY\":-210,\"scX\":1.2286,\"x\":-84.5618},\"duration\":4},{\"transform\":{\"y\":28.9624,\"skX\":90,\"skY\":90,\"x\":-119.5007},\"duration\":0}],\"name\":\"jb112\"},{\"frame\":[{\"tweenEasing\":0,\"transform\":{},\"duration\":2},{\"tweenEasing\":0,\"transform\":{},\"duration\":2},{\"tweenEasing\":0,\"transform\":{\"scY\":1.0353,\"y\":-55.1137,\"skX\":45,\"skY\":45,\"scX\":1.0353,\"x\":-36.5328},\"duration\":2},{\"tweenEasing\":0,\"transform\":{\"scY\":1.0706,\"y\":-72.1329,\"skX\":90,\"skY\":90,\"scX\":1.0706,\"x\":-48.2689},\"duration\":2},{\"tweenEasing\":0,\"transform\":{\"scY\":1.1059,\"y\":-89.152,\"skX\":120,\"skY\":120,\"scX\":1.1059,\"x\":-60.0049},\"duration\":2},{\"tweenEasing\":0,\"transform\":{\"scY\":1.1412,\"y\":-93.3143,\"skX\":150,\"skY\":150,\"scX\":1.1412,\"x\":-112.8359},\"duration\":2},{\"tweenEasing\":0,\"transform\":{\"scY\":1.1765,\"y\":-88.2794,\"skX\":-180,\"skY\":-180,\"scX\":1.1765,\"x\":-126.7625},\"duration\":2},{\"tweenEasing\":0,\"transform\":{\"scY\":1.2118,\"y\":-83.2446,\"skX\":-154.2857,\"skY\":-154.2857,\"scX\":1.2118,\"x\":-140.689},\"duration\":2},{\"tweenEasing\":0,\"transform\":{\"scY\":1.2471,\"y\":-53.9512,\"skX\":-128.5714,\"skY\":-128.5714,\"scX\":1.2471,\"x\":-169.2288},\"duration\":3},{\"transform\":{\"scY\":1.3,\"y\":-16.4191,\"skX\":-90,\"skY\":-90,\"scX\":1.3,\"x\":-195.0222},\"duration\":2}],\"name\":\"jb113\"},{\"frame\":[{\"tweenEasing\":0,\"transform\":{},\"duration\":3},{\"tweenEasing\":0,\"transform\":{},\"duration\":4},{\"tweenEasing\":0,\"transform\":{\"scY\":1.1778,\"y\":-45.999,\"skX\":72,\"skY\":72,\"scX\":1.1778,\"x\":65.2297},\"duration\":1},{\"tweenEasing\":0,\"transform\":{\"scY\":1.2222,\"y\":-50.6332,\"skX\":90,\"skY\":90,\"scX\":1.2222,\"x\":81.5372},\"duration\":3},{\"tweenEasing\":0,\"transform\":{\"scY\":1.3556,\"y\":-64.5357,\"skX\":135,\"skY\":135,\"scX\":1.3556,\"x\":130.4595},\"duration\":1},{\"tweenEasing\":0,\"transform\":{\"scY\":1.4,\"y\":-62.586,\"skX\":150,\"skY\":150,\"scX\":1.4,\"x\":144.5092},\"duration\":2},{\"tweenEasing\":0,\"transform\":{\"scY\":1.3111,\"y\":-58.6867,\"skX\":-180,\"skY\":-180,\"scX\":1.3111,\"x\":172.6088},\"duration\":2},{\"tweenEasing\":0,\"transform\":{\"scY\":1.2222,\"y\":-54.7873,\"skX\":-154.2857,\"skY\":-154.2857,\"scX\":1.2222,\"x\":200.7083},\"duration\":5},{\"transform\":{\"y\":-26.031,\"skX\":-90,\"skY\":-90,\"x\":260.9216},\"duration\":0}],\"name\":\"jb1111\"},{\"frame\":[{\"tweenEasing\":0,\"transform\":{},\"duration\":3},{\"tweenEasing\":0,\"transform\":{},\"duration\":4},{\"tweenEasing\":0,\"transform\":{\"scY\":1.16,\"y\":-74.2166,\"skX\":60,\"skY\":60,\"scX\":1.16,\"x\":22.4228},\"duration\":2},{\"tweenEasing\":0,\"transform\":{\"scY\":1.24,\"y\":-105.3861,\"skX\":90,\"skY\":90,\"scX\":1.24,\"x\":35.5405},\"duration\":1},{\"tweenEasing\":0,\"transform\":{\"scY\":1.28,\"y\":-120.9708,\"skX\":112.5,\"skY\":112.5,\"scX\":1.28,\"x\":42.0993},\"duration\":3},{\"tweenEasing\":0,\"transform\":{\"scY\":1.4,\"y\":-97.4485,\"skX\":-180,\"skY\":-180,\"scX\":1.4,\"x\":61.0308},\"duration\":4},{\"tweenEasing\":0,\"transform\":{\"scY\":1.2,\"y\":-43.5459,\"skX\":-90,\"skY\":-90,\"scX\":1.2,\"x\":82.0219},\"duration\":4},{\"transform\":{\"y\":26.8341,\"x\":107.2819},\"duration\":0}],\"name\":\"jb1112\"}],\"slot\":[{\"frame\":[{\"tweenEasing\":0,\"color\":{\"aM\":0},\"duration\":3},{\"tweenEasing\":0,\"duration\":7},{\"tweenEasing\":0,\"duration\":8},{\"tweenEasing\":null,\"color\":{\"aM\":0},\"duration\":3}],\"name\":\"$\"},{\"frame\":[{\"tweenEasing\":0,\"color\":{\"aM\":0},\"duration\":3},{\"tweenEasing\":0,\"duration\":2},{\"tweenEasing\":0,\"duration\":4},{\"tweenEasing\":null,\"color\":{\"aM\":0},\"duration\":12}],\"name\":\"ggggg\"},{\"frame\":[{\"tweenEasing\":0,\"color\":{\"aM\":0},\"duration\":3},{\"tweenEasing\":0,\"duration\":6},{\"tweenEasing\":null,\"color\":{\"aM\":0},\"duration\":12}],\"name\":\"gg\"},{\"frame\":[{\"tweenEasing\":0,\"color\":{\"aM\":0},\"duration\":2},{\"tweenEasing\":0,\"color\":{\"aM\":0},\"duration\":2},{\"tweenEasing\":0,\"duration\":8},{\"tweenEasing\":0,\"duration\":7},{\"tweenEasing\":null,\"color\":{\"aM\":0},\"duration\":2}],\"name\":\"$1\"},{\"frame\":[{\"tweenEasing\":0,\"color\":{\"aM\":0},\"duration\":2},{\"tweenEasing\":0,\"color\":{\"aM\":0},\"duration\":2},{\"tweenEasing\":0,\"duration\":8},{\"tweenEasing\":0,\"duration\":7},{\"tweenEasing\":null,\"color\":{\"aM\":0},\"duration\":2}],\"name\":\"$11\"},{\"frame\":[{\"tweenEasing\":0,\"color\":{\"aM\":0},\"duration\":2},{\"tweenEasing\":0,\"color\":{\"aM\":0},\"duration\":3},{\"tweenEasing\":0,\"duration\":8},{\"tweenEasing\":0,\"duration\":7},{\"tweenEasing\":null,\"color\":{\"aM\":0},\"duration\":1}],\"name\":\"$2\"},{\"frame\":[{\"tweenEasing\":0,\"color\":{\"aM\":0},\"duration\":6},{\"tweenEasing\":0,\"color\":{\"aM\":0},\"duration\":3},{\"tweenEasing\":0,\"duration\":6},{\"tweenEasing\":0,\"duration\":6},{\"tweenEasing\":null,\"color\":{\"aM\":0},\"duration\":0}],\"name\":\"$12\"},{\"frame\":[{\"tweenEasing\":0,\"color\":{\"aM\":0},\"duration\":2},{\"tweenEasing\":0,\"color\":{\"aM\":0},\"duration\":2},{\"tweenEasing\":0,\"duration\":8},{\"tweenEasing\":0,\"duration\":7},{\"tweenEasing\":null,\"color\":{\"aM\":0},\"duration\":2}],\"name\":\"$13\"},{\"frame\":[{\"tweenEasing\":0,\"color\":{\"aM\":0},\"duration\":3},{\"tweenEasing\":0,\"color\":{\"aM\":0},\"duration\":3},{\"tweenEasing\":0,\"duration\":8},{\"tweenEasing\":0,\"duration\":7},{\"tweenEasing\":null,\"color\":{\"aM\":0},\"duration\":0}],\"name\":\"$111\"},{\"frame\":[{\"tweenEasing\":0,\"color\":{\"aM\":0},\"duration\":3},{\"tweenEasing\":0,\"color\":{\"aM\":0},\"duration\":3},{\"tweenEasing\":0,\"duration\":8},{\"tweenEasing\":0,\"duration\":7},{\"tweenEasing\":null,\"color\":{\"aM\":0},\"duration\":0}],\"name\":\"$112\"}],\"ffd\":[],\"frame\":[],\"name\":\"newAnimation\",\"duration\":21,\"ik\":[]}],\"type\":\"Armature\",\"frameRate\":24,\"aabb\":{\"width\":81,\"y\":-40.5,\"height\":81,\"x\":-40.5},\"skin\":[{\"slot\":[{\"display\":[{\"path\":\"$\",\"type\":\"image\",\"name\":\"$\",\"transform\":{}}],\"name\":\"$\"},{\"display\":[{\"path\":\"$\",\"type\":\"image\",\"name\":\"$\",\"transform\":{}}],\"name\":\"$2\"},{\"display\":[{\"path\":\"$\",\"type\":\"image\",\"name\":\"$\",\"transform\":{}}],\"name\":\"$11\"},{\"display\":[{\"path\":\"$\",\"type\":\"image\",\"name\":\"$\",\"transform\":{}}],\"name\":\"$112\"},{\"display\":[{\"path\":\"$\",\"type\":\"image\",\"name\":\"$\",\"transform\":{}}],\"name\":\"$111\"},{\"display\":[{\"path\":\"$\",\"type\":\"image\",\"name\":\"$\",\"transform\":{}}],\"name\":\"$1\"},{\"display\":[{\"path\":\"$\",\"type\":\"image\",\"name\":\"$\",\"transform\":{}}],\"name\":\"$13\"},{\"display\":[{\"path\":\"$\",\"type\":\"image\",\"name\":\"$\",\"transform\":{}}],\"name\":\"$12\"},{\"display\":[{\"path\":\"wld/gg\",\"type\":\"image\",\"name\":\"wld/gg\",\"transform\":{}}],\"blendMode\":\"add\",\"name\":\"gg\"},{\"display\":[{\"path\":\"wld/ggggg\",\"type\":\"image\",\"name\":\"wld/ggggg\",\"transform\":{}}],\"name\":\"ggggg\"}],\"name\":\"\"}],\"defaultActions\":[{\"gotoAndPlay\":\"newAnimation\"}],\"ik\":[],\"name\":\"Armature\",\"slot\":[{\"name\":\"$\",\"parent\":\"jb1\",\"color\":{\"aM\":0}},{\"z\":1,\"name\":\"ggggg\",\"parent\":\"bone3\",\"color\":{\"aM\":0}},{\"blendMode\":\"add\",\"z\":2,\"parent\":\"bone2\",\"name\":\"gg\",\"color\":{\"aM\":0}},{\"z\":3,\"name\":\"$1\",\"parent\":\"jb11\",\"color\":{\"aM\":0}},{\"z\":4,\"name\":\"$11\",\"parent\":\"jb111\",\"color\":{\"aM\":0}},{\"z\":5,\"name\":\"$2\",\"parent\":\"jb12\",\"color\":{\"aM\":0}},{\"z\":6,\"name\":\"$12\",\"parent\":\"jb112\",\"color\":{\"aM\":0}},{\"z\":7,\"name\":\"$13\",\"parent\":\"jb113\",\"color\":{\"aM\":0}},{\"z\":8,\"name\":\"$111\",\"parent\":\"jb1111\",\"color\":{\"aM\":0}},{\"z\":9,\"name\":\"$112\",\"parent\":\"jb1112\",\"color\":{\"aM\":0}}]}],\"name\":\"money\",\"version\":\"4.0\"}"]],0,0,[],[],[]],[[[3,"winNode"],[4,"winNode",false,[-3,-4],[[9,45,-2]],[11,-1],[5,1520,720],[760,360,0,0,0,0,1,1,1,1]],[5,"bg",160,1,[[12,0,-5,[0],1],[10,45,100,100,-6],[14,-7]],[0,"b97DKNeNZDYKzSN3v5KGrU",1],[4,4278190080],[5,1520,720]],[6,"node",1,[-8,-9,-10],[0,"fcWemAL/FJPZ0+WjpYvxX/",1]],[7,"luckyBallBtn",3,[-13],[[13,-11,[9],10],[15,3,-12]],[0,"719yr9MUpBQqh39pPmS0Ht",1],[5,245,88],[0,-171.703,0,0,0,0,1,1,1,0]],[1,"win",3,[[16,"Armature","newAnimation",0,"36259567-b20a-4b4d-8e0a-3cef366d6886#4656cd73-435d-40e0-9a5e-0e3696c1fc80",-14,[2],3,4]],[0,"9fz+xjtztL/5PAUymMacGz",1],[5,81,81],[0,-7.345,0,0,0,0,1,1,1,1]],[8,"numLabel",3,[[17,false,1,1,-15,[5],6]],[0,"a2Iji2iLBMnJz9HEUSQapB",1],[5,0,40]],[1,"timeLab",4,[[18,"1",25,false,1,1,-16,[7],8]],[0,"257rY6lpxBiYdatDQvKSjw",1],[5,16.41,40],[82.425,-5,0,0,0,0,1,1,1,1]]],0,[0,3,1,0,0,1,0,-1,2,0,-2,3,0,0,2,0,0,2,0,0,2,0,-1,5,0,-2,6,0,-3,4,0,0,4,0,0,4,0,-1,7,0,0,5,0,0,6,0,0,7,0,4,1,16],[0,0,0,0,0,0,0,0,0,0,0],[-1,1,-1,5,6,-1,2,-1,2,-1,1],[0,1,0,2,3,0,4,0,5,0,6]]]]