[1,["8awy0gFy9CmoYU11nAbPgV"],["_texture"],[["dragonBones.DragonBonesAtlasAsset",["_name","_atlasJson"],1]],[[0,0,1,3]],[[0,"jackpotwin_tex","{\"SubTexture\":[{\"width\":716,\"y\":1,\"height\":266,\"name\":\"jackpot/图层_1\",\"x\":1},{\"width\":1007,\"y\":269,\"height\":183,\"name\":\"jackpot/圆角矩形_37\",\"x\":1},{\"width\":1036,\"y\":1,\"height\":172,\"name\":\"jackpot/jackpot_4\",\"x\":719},{\"width\":739,\"y\":175,\"height\":238,\"name\":\"组65\",\"x\":1010}],\"width\":2048,\"height\":512,\"name\":\"jackpotwin\",\"imagePath\":\"jackpotwin_tex.png\"}"]],0,0,[0],[0],[0]]