[1,["7fDLnWm71KrrgPlcHxzj2D","89cpQHjQRMUKL7n9eJLu/9"],["spriteFrame","_textureSetter"],["cc.SpriteFrame",["cc.BitmapFont",["_name","fontSize","_fntConfig"],0]],[[1,0,1,2,4]],[[[[0,"cishu",32,{"commonHeight":26,"fontSize":32,"atlasName":"C:\\Users\\Administrator\\Desktop\\cishu.png","fontDefDictionary":{"9":{"xOffset":0,"yOffset":0,"xAdvance":0,"rect":{"x":0,"y":0,"width":0,"height":0}},"32":{"xOffset":0,"yOffset":0,"xAdvance":22,"rect":{"x":0,"y":0,"width":0,"height":0}},"48":{"xOffset":0,"yOffset":-4,"xAdvance":17,"rect":{"x":33,"y":0,"width":25,"height":30}},"49":{"xOffset":0,"yOffset":-4,"xAdvance":12,"rect":{"x":93,"y":36,"width":20,"height":30}},"50":{"xOffset":0,"yOffset":-4,"xAdvance":17,"rect":{"x":64,"y":0,"width":25,"height":30}},"51":{"xOffset":0,"yOffset":-4,"xAdvance":17,"rect":{"x":62,"y":36,"width":25,"height":30}},"52":{"xOffset":0,"yOffset":-4,"xAdvance":19,"rect":{"x":0,"y":0,"width":27,"height":30}},"53":{"xOffset":0,"yOffset":-4,"xAdvance":17,"rect":{"x":62,"y":72,"width":25,"height":30}},"54":{"xOffset":0,"yOffset":-4,"xAdvance":17,"rect":{"x":31,"y":36,"width":25,"height":30}},"55":{"xOffset":0,"yOffset":-4,"xAdvance":17,"rect":{"x":31,"y":72,"width":25,"height":30}},"56":{"xOffset":0,"yOffset":-4,"xAdvance":17,"rect":{"x":0,"y":72,"width":25,"height":30}},"57":{"xOffset":0,"yOffset":-4,"xAdvance":17,"rect":{"x":0,"y":36,"width":25,"height":30}}},"kerningDict":{}}]],0,0,[0],[0],[0]],[[{"name":"cishu","rect":[0,0,128,128],"offset":[0,0],"originalSize":[128,128],"capInsets":[0,0,0,0]}],[0],0,[0],[1],[1]]]]