[1,["ecpdLyjvZBwrvm+cedCcQy","a2MjXRFdtLlYQ5ouAFv/+R","5bjeak08lCvoEtPd3RKrBb","ad4lNN9K9PEKHI5h3tRDSD","3afHRCJrpMgJ6sN+0NFmeQ","85pH6B76VMG4KnN7hS1MuI","d4gArA6GxHrKzy1lWgj8Uf","a8j3Er73JMsZtbxucWAp/A","6eyQ16OWhPpa5aur4fgF/N","36ueaTIctPKZ9lhUxYse+A"],["node","_spriteFrame","_N$file","_parent","root","data","_N$dragonAsset","_N$dragonAtlasAsset"],[["cc.Node",["_name","_active","_opacity","_prefab","_children","_contentSize","_trs","_parent","_components","_color"],0,4,2,5,7,1,9,5],["cc.Widget",["_alignFlags","_originalWidth","_originalHeight","node"],0,1],["cc.PrefabInfo",["fileId","root"],2,1],["cc.Sprite",["_sizeMode","node","_materials","_spriteFrame"],2,1,3,6],["cc.Label",["_isSystemFontUsed","_N$horizontalAlign","_N$verticalAlign","_string","_fontSize","node","_materials","_N$file"],-2,1,3,6],["dragonBones.DragonBonesAsset",["_name","_dragonBonesJson"],1],["cc.Prefab",["_name"],2],["cc.BlockInputEvents",["node"],3,1],["cc.Button",["zoomScale","_N$transition","node"],1,1],["dragonBones.ArmatureDisplay",["_armatureName","_animationName","_preCacheMode","playTimes","_armatureKey","node","_materials","_N$dragonAsset","_N$dragonAtlasAsset"],-2,1,3,6,6]],[[2,0,1,2],[0,0,7,8,3,5,6,2],[3,1,2,3,1],[8,0,1,2,3],[0,0,1,4,8,3,5,6,3],[4,3,4,0,1,2,5,6,7,6],[5,0,1,3],[6,0,2],[0,0,2,7,8,3,9,5,3],[0,0,7,4,3,2],[0,0,4,8,3,5,6,2],[0,0,7,4,3,6,2],[0,0,1,7,4,3,5,6,3],[1,0,3,2],[1,0,1,2,3,4],[2,1,1],[3,0,1,2,3,2],[7,0,1],[9,0,1,2,3,4,5,6,7,8,6],[4,0,1,2,5,6,7,4]],[[[[6,"BIGwin-jk_ske","{\"frameRate\":24,\"isGlobal\":0,\"armature\":[{\"bone\":[{\"name\":\"root\",\"transform\":{}},{\"transform\":{\"y\":-160.6,\"x\":-6.7593},\"name\":\"bone\",\"parent\":\"root\"},{\"transform\":{},\"name\":\"bone1\",\"parent\":\"bone\"},{\"transform\":{},\"name\":\"bone2\",\"parent\":\"bone\"},{\"transform\":{\"x\":-0.8233},\"name\":\"bone3\",\"parent\":\"bone\"},{\"transform\":{\"y\":107.5,\"x\":-0.1907},\"name\":\"bone4\",\"parent\":\"bone\"}],\"animation\":[{\"ik\":[],\"playTimes\":0,\"bone\":[{\"frame\":[{\"transform\":{},\"duration\":45}],\"name\":\"root\"},{\"frame\":[{\"transform\":{},\"duration\":45}],\"name\":\"bone\"},{\"frame\":[{\"tweenEasing\":0,\"transform\":{\"x\":-607.9198},\"duration\":5},{\"transform\":{},\"duration\":40}],\"name\":\"bone1\"},{\"frame\":[{\"transform\":{},\"duration\":7},{\"tweenEasing\":0,\"transform\":{},\"duration\":10},{\"tweenEasing\":0,\"transform\":{\"skX\":20,\"skY\":20},\"duration\":9},{\"tweenEasing\":0,\"transform\":{\"skX\":40,\"skY\":40},\"duration\":10},{\"tweenEasing\":0,\"transform\":{\"skX\":60,\"skY\":60},\"duration\":9},{\"transform\":{\"skX\":80,\"skY\":80},\"duration\":0}],\"name\":\"bone2\"},{\"frame\":[{\"transform\":{},\"duration\":7},{\"tweenEasing\":0,\"transform\":{},\"duration\":10},{\"tweenEasing\":0,\"transform\":{\"scY\":1.2632,\"skX\":-20,\"skY\":-20,\"scX\":1.2632},\"duration\":9},{\"tweenEasing\":0,\"transform\":{\"scY\":1.5,\"skX\":-40,\"skY\":-40,\"scX\":1.5},\"duration\":10},{\"tweenEasing\":0,\"transform\":{\"scY\":1.5,\"skX\":-60,\"skY\":-60,\"scX\":1.5},\"duration\":9},{\"transform\":{\"scY\":1.5,\"skX\":-80,\"skY\":-80,\"scX\":1.5},\"duration\":0}],\"name\":\"bone3\"},{\"frame\":[{\"tweenEasing\":0,\"transform\":{\"x\":534.9794},\"duration\":5},{\"transform\":{},\"duration\":40}],\"name\":\"bone4\"}],\"slot\":[{\"frame\":[{\"tweenEasing\":0,\"color\":{\"aM\":0},\"duration\":5},{\"tweenEasing\":0,\"color\":{\"aM\":0},\"duration\":8},{\"tweenEasing\":0,\"duration\":24},{\"tweenEasing\":0,\"duration\":8},{\"tweenEasing\":null,\"color\":{\"aM\":0},\"duration\":0}],\"name\":\"zhuang\"},{\"frame\":[{\"tweenEasing\":0,\"color\":{\"aM\":0},\"duration\":3},{\"tweenEasing\":0,\"color\":{\"aM\":0},\"duration\":4},{\"tweenEasing\":null,\"duration\":38}],\"name\":\"zpan\"},{\"frame\":[{\"tweenEasing\":0,\"color\":{\"aM\":0},\"duration\":5},{\"tweenEasing\":null,\"duration\":40}],\"name\":\"dz\"},{\"frame\":[{\"tweenEasing\":0,\"color\":{\"aM\":0},\"duration\":5},{\"tweenEasing\":null,\"duration\":40}],\"name\":\"BIG_WIN\"}],\"ffd\":[],\"frame\":[],\"name\":\"newAnimation\",\"duration\":45}],\"type\":\"Armature\",\"ik\":[],\"aabb\":{\"width\":580,\"y\":-370.6287662283996,\"height\":419,\"x\":-290},\"skin\":[{\"slot\":[{\"display\":[{\"path\":\"BIGWIN_jk/BIG_WIN\",\"type\":\"image\",\"name\":\"BIGWIN_jk/BIG_WIN\",\"transform\":{\"y\":-3.35,\"x\":6.7593}}],\"name\":\"BIG_WIN\"},{\"display\":[{\"path\":\"BIGWIN_jk/zhuang\",\"type\":\"image\",\"name\":\"BIGWIN_jk/zhuang\",\"transform\":{\"y\":-0.5288,\"x\":1.0247}}],\"blendMode\":\"add\",\"name\":\"zhuang\"},{\"display\":[{\"path\":\"BIGWIN_jk/zpan\",\"type\":\"image\",\"name\":\"BIGWIN_jk/zpan\",\"transform\":{\"y\":0.65,\"x\":-2.2407}}],\"name\":\"zpan\"},{\"display\":[{\"path\":\"BIGWIN_jk/dz\",\"type\":\"image\",\"name\":\"BIGWIN_jk/dz\",\"transform\":{\"y\":1.15,\"x\":-1.55}}],\"name\":\"dz\"}],\"name\":\"\"}],\"defaultActions\":[{\"gotoAndPlay\":\"newAnimation\"}],\"slot\":[{\"blendMode\":\"add\",\"parent\":\"bone3\",\"name\":\"zhuang\",\"color\":{}},{\"z\":1,\"name\":\"zpan\",\"parent\":\"bone2\",\"color\":{}},{\"z\":2,\"name\":\"dz\",\"parent\":\"bone4\",\"color\":{}},{\"z\":3,\"name\":\"BIG_WIN\",\"parent\":\"bone1\",\"color\":{}}],\"name\":\"Armature\",\"frameRate\":24}],\"name\":\"BIGwin-jk\",\"version\":\"4.0\"}"]],0,0,[],[],[]],[[[7,"bigWinNode"],[4,"bigWinNode",false,[-3,-4],[[13,45,-2]],[15,-1],[5,1520,720],[760,360,0,0,0,0,1,1,1,1]],[8,"bg",160,1,[[16,0,-5,[0],1],[14,45,100,100,-6],[17,-7]],[0,"b97DKNeNZDYKzSN3v5KGrU",1],[4,4278190080],[5,1520,720]],[9,"node",1,[-8,-9,-10],[0,"fcWemAL/FJPZ0+WjpYvxX/",1]],[4,"WinCloseBtn",false,[-13],[[2,-11,[7],8],[3,1.1,3,-12]],[0,"e9O8Eq0Q5PXYi2euoYEL75",1],[5,210,77],[0,-232,0,0,0,0,1,1,1,0]],[10,"luckbtn",[-16],[[2,-14,[15],16],[3,1.1,3,-15]],[0,"d1ORyhkCBGr51hHc4JCrZs",1],[5,245,88],[150,0,0,0,0,0,1,1,1,0]],[11,"winConten",3,[4,-17],[0,"c71FSc8DRNi5WWfZcc+kOX",1],[0,94.036,0,0,0,0,1,1,1,1]],[12,"luckyBall",false,3,[-18,5],[0,"0aFwN7/ixNEpnvrTDaB5gC",1],[5,100,50],[0,-183.964,0,0,0,0,1,1,1,0]],[1,"closebtn",7,[[2,-19,[11],12],[3,1.1,3,-20]],[0,"besAsuO2tI0oCIf4ouGd/F",1],[5,227,86],[-150,0,0,0,0,0,1,1,1,0]],[1,"win",3,[[18,"Armature","newAnimation",0,1,"5b8de6a4-d3c9-42be-812d-3dddd12ab05b#ade2534d-f4af-4f10-a1c8-e61ded443483",-21,[2],3,4]],[0,"d5SYI2HKVFyKkXCNxMX8DS",1],[5,580,419],[0,-53.762,0,0,0,0,1,1,1,1]],[1,"WinTimeLabel",4,[[5,"10",28,false,1,1,-22,[5],6]],[0,"34Dwllg0dOYqYpaNCn95VP",1],[5,33.25,40],[49.647,23.608,0,0,0,0,1,1,1,1]],[1,"WinLabel",6,[[19,false,1,1,-23,[9],10]],[0,"65HyhxvEpLDa9T3lZbJRlA",1],[5,0,40],[-3.357,-92.011,0,0,0,0,1,1,1,1]],[1,"timeLab",5,[[5,"1",25,false,1,1,-24,[13],14]],[0,"4626N2/gxP0pTEVt2vPxpm",1],[5,16.41,40],[75.812,-6.812,0,0,0,0,1,1,1,1]]],0,[0,4,1,0,0,1,0,-1,2,0,-2,3,0,0,2,0,0,2,0,0,2,0,-1,9,0,-2,6,0,-3,7,0,0,4,0,0,4,0,-1,10,0,0,5,0,0,5,0,-1,12,0,-2,11,0,-1,8,0,0,8,0,0,8,0,0,9,0,0,10,0,0,11,0,0,12,0,5,1,4,3,6,5,3,7,24],[0,0,0,0,0,0,0,0,0,0,0,0,0,0,0,0,0],[-1,1,-1,6,7,-1,2,-1,1,-1,2,-1,1,-1,2,-1,1],[0,1,0,2,3,0,4,0,5,0,6,0,7,0,8,0,9]]]]