[1,["0delYJ3qtL1bqTkc1Gm9LW","44vrBBfstHSqvna300OZK9","fe0Zlj9WxLQLO+bsO622Ku","4aRPqbzMFNQ4iD2l18Wl4E","14XuwbaHZHOrafxWoLAFT0","1fBixltw9OiLum2xHdSC6A","5fpW1lve1Jx72J6czp9Sx8","07ihQ3CWFHEoGZVhiJjfbO","5fk30aI+hD6Ix2uhZH/lZp","dcy8A4jIZJk4sPlDxo8akv","6ewfPf8IpMg5XGFL42qC/o","09KkpsMuZKTJt8E+1ITRaA","daNrITm1JAJ4wKKfjQNcG4"],["value"],[["cc.AnimationClip",["_name","_duration","sample","wrapMode","curveData"],-1,11]],[[0,0,1,2,3,4,5]],[[0,"lightEffect",0.65,20,2,[{},"comps",11,[{},"cc.Sprite",11,[{},"spriteFrame",12,[[[{"frame":0},"value",6,0],[{"frame":0.05},"value",6,1],[{"frame":0.1},"value",6,2],[{"frame":0.15},"value",6,3],[{"frame":0.2},"value",6,4],[{"frame":0.25},"value",6,5],[{"frame":0.3},"value",6,6],[{"frame":0.35},"value",6,7],[{"frame":0.4},"value",6,8],[{"frame":0.45},"value",6,9],[{"frame":0.5},"value",6,10],[{"frame":0.55},"value",6,11],[{"frame":0.6},"value",6,12]],11,11,11,11,11,11,11,11,11,11,11,11,11]]]]]],0,0,[0,0,0,0,0,0,0,0,0,0,0,0,0],[0,0,0,0,0,0,0,0,0,0,0,0,0],[0,1,2,3,4,5,6,7,8,9,10,11,12]]