{"paths":{"0":["anim/7/chengzi_tex",1],"1":["font/img_top_value-export",1],"2":["Texture/img_card_3",1],"3":["Texture/img_bg",1],"4":["font/img_big_win-export",1],"5":["anim/777/chengzi_tex",1],"6":["particle/default1",1],"7":["Texture/img_card_1",1],"8":["anim/77/chengzi_tex",1],"9":["audio/win",5],"10":["particle/caidai",7],"11":["audio/cratch",5],"12":["particle/default",1],"13":["Texture/img_card_2",1],"14":["audio/bg",5],"15":["anim/win/sortudo_win_tex",1],"16":["Texture/img_card_0",1],"17":["Texture/win_bg",0,1],"18":["Texture/btn_select",0,1],"21":["anim/win/sortudo_win_ske",3],"24":["anim/77/chengzi_tex",4],"25":["Texture/img_shuzidi",0,1],"29":["Texture/icon_jinbi ",0,1],"30":["Texture/img_mask_2",0,1],"31":["Texture/img_card_2",0,1],"32":["anim/win/sortudo_win_tex",0,1],"33":["anim/77/chengzi_ske",3],"34":["Texture/img_mask_0",0,1],"35":["font/img_big_win-export",6],"37":["Texture/img_btn_bg",0,1],"38":["anim/777/chengzi_tex",0,1],"39":["prefab/historyItem",8],"40":["font/img_top_value-export",0,1],"41":["anim/777/chengzi_tex",4],"42":["particle/default1",0,1],"43":["prefab/TicketHistoryNode",8],"44":["Texture/btn_back",0,1],"45":["anim/77/chengzi_tex",0,1],"46":["Texture/btn_add",0,1],"47":["Texture/img_ticket_2",0,1],"48":["Texture/img_mask_3",0,1],"49":["Texture/img_3",0,1],"50":["anim/win/sortudo_win_tex",4],"51":["Texture/img_bg",0,1],"52":["Texture/light",0,1],"53":["particle/default",0,1],"55":["Texture/777",0,1],"56":["Texture/img_ticket_1",0,1],"57":["Texture/img_ticket_0",0,1],"58":["Texture/img_0",0,1],"59":["Texture/scratch_atlas",2],"61":["Texture/img_mask_1",0,1],"62":["Texture/btn_next",0,1],"63":["font/img_top_value-export",6],"64":["Texture/7",0,1],"65":["anim/7/chengzi_ske",3],"66":["Texture/btn_cratch",0,1],"67":["anim/777/chengzi_ske",3],"68":["Texture/btn_record",0,1],"69":["Texture/img_1",0,1],"70":["Texture/img_card_3",0,1],"71":["Texture/img_card_1",0,1],"72":["font/img_big_win-export",0,1],"73":["Texture/img_ticket_3",0,1],"74":["Texture/img_card_0",0,1],"75":["anim/7/chengzi_tex",4],"77":["anim/7/chengzi_tex",0,1],"78":["Texture/77",0,1],"79":["Texture/img_2",0,1]},"types":["cc.SpriteFrame","cc.Texture2D","cc.SpriteAtlas","dragonBones.DragonBonesAsset","dragonBones.DragonBonesAtlasAsset","cc.AudioClip","cc.BitmapFont","cc.ParticleAsset","cc.Prefab"],"uuids":["04+9nADsVJX7hlfpbE2JDl","07xXO+RJ5LaY+P+mAfhLqj","08hv9NlgVM4ZIXn5EFPgv6","0dRySe2mxLSrU4qUL9UBsb","22GjJhjKtODqBFu0ojOcTi","56q+0ZbLZI6btCSrYXu5SG","63syC8CaRM8LYGG1FoZNOh","70VfcqM1JDy6EwmiWgL/HY","80Ik4oUa5L4Z9njVoxlhRv","9aIapJOgBBjpfaOcAy/824","adE7XJF1VMoJNSrWuD9TjW","b2RShf1llP95gkfbtyusJc","bePd186shJpJqguOYQvtE1","d21kua9K5FW64PTlLT8lA9","e3qArBThdAIp8Nhod+wl21","e5PwuSfmFAMbTNcXSjVriw","edpOs6tldLD4tKEmfkUKvN","005gAc4tFNM55tx+uAk4ve","0f2290kGRHD6LG5Z/z0e6m","125c917ac","158c51fa0","16C+NLUHJGp7Owmm3B562G","1a159edee","1aeff5118","1czhm2akpPJ5RaFS/5b7bI","1dhaIg5AlL6oFZmddkxBX6","1d5v0Gb1ZFIrYWawhLYFgh","1ffa54838","21sto/yRVHw7i8bO83O3F2","26v3iF8edPdpbv+cQs8EAD","29wXuaJLhIUrnG/XV7+m+g","2aCmSD3CJADaYxZbug6ijE","2aorwHjvND47BalFchorvu","2apcUzdchIqIXJ1+NqSQYM","2dAuySdCtHh4duWRkYIgVV","2dNEVQK1dCyps0ggs1Qs6f","30ifunASRErbiFgk9qYb9i","31GWlB+htMOoboyf4bxYUU","35Cq8gB0NESqWK5w+Gx+LR","36V4tXkydAQ7P9FTSilBIk","3a+h5JouBIyoeiwDUHjmzX","3cDnvAqJNGbZijf8QHC5z5","4cN2XNg3pDWYlEG/CUap7T","5cewc8jYhOgL3wm5tw6Hgs","62DOydpm9F47/e3N4Vkthy","65tFt0wwpIDIqMKCv9XdwN","66Knh92NlHu6+X9pEqXPgr","68EtvREbJJcq3Qlxn+4LTE","6apJbkpAtJ+r4rk8nU2/zm","6fzZVP3LVI3qnVAJ6cQDiX","7580xWFGhLt6MeCylWKViX","7cXMVVmKdBiKxMXNXjPjpm","86YscJogNHTKxuTClsJm2s","8aKAuSJeRDco6JHaxkXbc/","8dXfGycbZNR6u8V4DEpyot","a0cZOqBU5AL7R7ow38IzoV","a5H1LOsqVHaLKqU0YIUcm+","aaRjbHRLxGHYF7mdmQ3sAW","aaYgy9PdVLLZJ84ErHgH+B","adXLFYnZ5BMqQ4iaKFnhXn","b9Yco2DQVEkokJrbPhPExr","bayaEf9OdJa7IPc4NBGCVs","bb3YVmC9BOiJAwerGwKJwO","bdMWxC63hJYZ7fcrdg7yYX","be+eXn1elKNKU/EvsMyzLi","c1Xa1RR+xIi6o1bNRjJHk8","c3eNSBExtBAYDrDaznrzNB","c8qhleM3ZBhpfSHRfn+ngA","cc6YDxLv9HdJVSH0jcCj+x","ceRYOJRSFEL7FoR6CKjKH/","d7axY6XjhBi678FGruugEb","d9BchS3rdP4rPM+tnlNYgm","e9q0hPnbFMOLTlsGVyMX/n","eaPn2kCWhEZ7wyQ97FPOjl","f0KcY0FZZNo5oSaXz3pjLt","f2cgXqaq1Dd7BJolu21vJV","f7oGiAsDpMqoi8JbBdpXX0","f9+XAmictLhaLTfT6Np864","fdEVqhDXFIua6z6qw4R95X","fdsQb7qoRMVojbiBYu491e","065qQC0DVGhpaAWQ4Ycamt","0eZMtPfzpOh6Row4fdC9Oc","18hEK0islDkbJJ9mZRJUhs","1bwvPT4G9IGqxngT8PQ1eC","1f9digCeBBPYVoY7TmUph5","21RjDZK8BOroekGXLBlT+/","28oreHLB9MmJFVf9JexlTd","29FYIk+N1GYaeWH/q1NxQO","35BYiUu2BJQLQR3XoLHEj4","40HDT/cNlPsaVNUOKcKVjI","5bgyULDCJHjo5SSBYy5cPD","5cqXC1KYNBi6a7hpL+b5Mw","65TaNl1WdBzYmQyE02vH0C","68nS1dF0RIj5KjgP6UYRC1","6fgBCSDDdPMInvyNlggls2","72QuhCZnZA8o6kVo9VicGZ","78lSQH995MXYQyNu2gd2NZ","99KBq4qr1Moa2MRg+yW47Y","a2MjXRFdtLlYQ5ouAFv/+R","a9cNWqur9KXJor3fP63NMi","ae+rW/kHRBDJ+4Ov5bgm/h","caQKP4jJ1MZp42e3R7sjRN","ccCrWZfSJGx7l7T3GQLa5l","d3H8p2Vn5HSIzcDvldtgPe","dd87lr1vhMd4TqBhIZ/AgK","e97GVMl6JHh5Ml5qEDdSGa","ecpdLyjvZBwrvm+cedCcQy","f0BIwQ8D5Ml7nTNQbh1YlS","f8G7G4GgxJCIeG6GI7RYiU","ffDdntJ4NEc6teA7E9r42+"],"scenes":{"db://assets/ScratchTicket/ScratchTicket.fire":60},"redirect":[87,0,89,1,94,2,98,1,100,1,105,0,106,2,107,0],"deps":["main","resources","internal"],"packs":{"0426fce32":[35,72],"057ab8517":[0,1,2,3,19,20,22,23,26,27,28,4,36,5,6,7,8,54,12,13,15,16,76],"0befaf84a":[40,63],"0c833e1b1":[17,80,81,18,21,83,25,84,29,86,30,31,34,37,88,91,44,92,46,47,48,96,51,52,97,9,55,56,99,57,11,60,61,62,64,66,68,70,71,14,73,74,108,78,109],"0ccf4e2fa":[53,10],"0f4680111":[39,49,58,69,79]},"name":"ScratchTicket","importBase":"import","nativeBase":"native","debug":false,"isZip":false,"encrypted":false,"versions":{"import":["0426fce32","34c70","057ab8517","67342","0befaf84a","45fa3","0c833e1b1","90967","0ccf4e2fa","48496","0f4680111","68a45",82,"3f57a",24,"f5303",85,"9bc97",32,"a015c",33,"4e1ff",38,"0d3ce",41,"bc21e",42,"e9954",90,"7b7ca",43,"25f6d",45,"f11ff",93,"452a4",95,"c6650",50,"fa4b0",59,"ec8cd",65,"47cf9",67,"d6416",101,"cab8f",102,"68ac4",103,"3495e",104,"03104",75,"58cb2",77,"ea68e"],"native":[0,"f8477",1,"042f7",2,"f7291",3,"eb3e8",19,"b7f23",20,"6d7a7",22,"7ffa5",23,"59a67",26,"cb1b7",27,"8d53e",28,"4d2cf",4,"459ff",36,"96ca6",5,"e6fab",6,"4f2f0",7,"2b471",8,"69312",54,"3f7ac",9,"25d73",10,"92e84",11,"cc1c6",12,"4f2f0",13,"3ebc2",14,"dd598",15,"f5fb8",16,"660ad",76,"838a8"]}}