[1,["ecpdLyjvZBwrvm+cedCcQy","15e51fcd1","496/OFMWpGqZoKxkaSLING","4fG0EVbaxNdrrywKndTejh","a2MjXRFdtLlYQ5ouAFv/+R","58H4kLZbZMGLTUFUnmpCto","43VAaXtCxNI7stCtlIIkPB","8dodllWbNHGq/XVtwtvGQR","50/ClifM1A4YU6uu7nuiAE","90zJ2cCgZKDIfm2MPshaq3","16bJc+8oZN3Z1arISLwM+m","a7bRmW2QpN861lwUY4+qme","130436a35"],["node","_textureSetter","_spriteFrame","root","data","_parent","_pageView","indicator","indicator1","spriteFrame"],["cc.SpriteFrame",["cc.Node",["_name","_opacity","_components","_prefab","_contentSize","_parent","_children","_trs","_anchorPoint","_color"],1,9,4,5,1,2,7,5,5],["cc.Sprite",["_sizeMode","_type","node","_materials","_spriteFrame"],1,1,3,6],["cc.Node",["_name","_parent","_components","_prefab","_contentSize","_trs","_children","_anchorPoint"],2,1,2,4,5,7,2,5],["cc.Widget",["_alignFlags","_originalWidth","_originalHeight","node"],0,1],["cc.PrefabInfo",["fileId","root","asset"],2,1,1],["cc.Prefab",["_name"],2],["c512aoqRxNAuKzHQfqNVpxo",["node","indicator","indicator1"],3,1,6,6],["cc.Layout",["_resize","_N$layoutType","_N$spacingY","node","_layoutSize"],0,1,5],["cc.BlockInputEvents",["node"],3,1],["cc.Button",["zoomScale","_N$transition","node","clickEvents"],1,1,9],["cc.ClickEvent",["_componentId","handler","target"],1,1],["cc.Mask",["_N$alphaThreshold","node","_materials"],2,1,3],["cc.PageViewIndicator",["spacing","node","cellSize"],2,1,5],["cc.PageView",["bounceDuration","node","_N$content","pageEvents","_N$indicator"],2,1,1,9,1]],[[5,0,1,2,2],[1,0,5,2,3,4,7,2],[2,0,2,3,4,2],[2,2,3,4,1],[1,0,5,6,2,3,4,7,2],[1,0,5,2,3,4,2],[11,0,1,2,3],[6,0,2],[1,0,6,2,3,4,7,2],[1,0,6,2,3,4,8,2],[1,0,1,5,2,3,9,4,3],[1,0,5,6,2,3,4,8,7,2],[3,0,1,6,2,3,4,7,5,2],[3,0,1,2,3,4,5,2],[4,0,3,2],[4,0,1,2,3,4],[7,0,1,2,1],[5,1,2,1],[8,0,1,2,3,4,4],[2,1,0,2,3,3],[9,0,1],[10,0,1,2,3,3],[12,0,1,2,2],[13,0,1,2,2],[14,0,1,2,3,4,2]],[[[{"name":"rule0","rect":[0,0,1027,593],"offset":[0,0],"originalSize":[1027,593],"capInsets":[0,0,0,0]}],[0],0,[0],[1],[3]],[[[7,"ruleNode"],[8,"ruleNode",[-4,-5],[[14,45,-2],[16,-3,16,17]],[17,-1,0],[5,1520,720],[760,360,0,0,0,0,1,1,1,1]],[9,"content",[-7,-8,-9],[[18,1,1,15,-6,[5,2670,350]]],[0,"10Rew7MDBGOpsmjPUpnl55",1,0],[5,2670,350],[0,0,0.5]],[4,"content",1,[-11,-12,-13],[[3,-10,[14],15]],[0,"46apkN1IFD+5Dr+hQ13n92",1,0],[5,1027,593],[0,-6,0,0,0,0,1,1,1,1]],[12,"New PageView",3,[-15,-16,-17],[-14],[0,"4fZr76l/ZFO7D10LtrX2u2",1,0],[5,890,500],[0,0,0.5],[-450.715,-16.658,0,0,0,0,1,1,1,1]],[10,"bg",96,1,[[2,0,-18,[0],1],[15,45,100,100,-19],[20,-20]],[0,"ab9XmE+39Heq3MMvOZ9i61",1,0],[4,4278190080],[5,1520,720]],[4,"box_close",3,[-22],[[21,1.1,3,-21,[[6,"c512aoqRxNAuKzHQfqNVpxo","onHide",1]]]],[0,"13nlsnO/pMS4F3ZvlPVwgU",1,0],[5,83,86],[439.098,255.345,0,0,0,0,1,1,1,0]],[11,"view",4,[2],[[22,0,-23,[13]]],[0,"94GRZABelHAZZ7tV9vNpMS",1,0],[5,890,500],[0,0,0.5],[0,-5,0,0,0,0,1,1,1,1]],[1,"title_paytable",3,[[3,-24,[2],3]],[0,"d4ND7ahc5ElZS5YBrEb7Hw",1,0],[5,339,25],[-6,261,0,0,0,0,1,1,1,1]],[5,"box_close",6,[[3,-25,[4],5]],[0,"c2kNNRvDxAQIaafB3twsya",1,0],[5,53,53]],[5,"background",4,[[19,1,0,-26,[6]]],[0,"3dOZH6/ntJ/avr4EpAqP/D",1,0],[5,400,350]],[1,"page_1",2,[[2,0,-27,[7],8]],[0,"4cgvjDI7BPSJfpPV1pXX4B",1,0],[5,890,445],[445,0,0,0,0,0,1,1,1,1]],[1,"page_2",2,[[2,0,-28,[9],10]],[0,"47GPsWzKRP26/kGbQ4eHXz",1,0],[5,890,398],[1335,0,0,0,0,0,1,1,1,1]],[1,"page_3",2,[[2,0,-29,[11],12]],[0,"abntUwlsVEV4TVhlApu0v0",1,0],[5,890,409],[2225,0,0,0,0,0,1,1,1,1]],[13,"indicator",4,[-30],[0,"e0NSikWYVBzqdeiBge58sl",1,0],[5,33,33],[446.801,-254.081,0,0,0,0,1,1,1,1]],[23,10,14,[5,33,33]],[24,0.5,4,2,[[6,"c512aoqRxNAuKzHQfqNVpxo","pageViewClick",1]],15]],0,[0,3,1,0,0,1,0,0,1,0,-1,5,0,-2,3,0,0,2,0,-1,11,0,-2,12,0,-3,13,0,0,3,0,-1,8,0,-2,6,0,-3,4,0,-1,16,0,-1,10,0,-2,7,0,-3,14,0,0,5,0,0,5,0,0,5,0,0,6,0,-1,9,0,0,7,0,0,8,0,0,9,0,0,10,0,0,11,0,0,12,0,0,13,0,-1,15,0,4,1,2,5,7,15,6,16,30],[0,0,0,0,0,0,0,0,0,0,0,0,0,0,0,0,0,0,15],[-1,2,-1,2,-1,2,-1,-1,2,-1,2,-1,2,-1,-1,2,7,8,9],[0,4,0,5,0,6,0,0,7,0,8,0,9,0,0,10,11,2,2]],[[{"name":"btn_rule","rect":[869,348,53,53],"offset":[0,0],"originalSize":[53,53],"capInsets":[0,0,0,0]}],[0],0,[0],[1],[1]],[[{"name":"qieye1","rect":[900,3,33,33],"offset":[0,0],"originalSize":[33,33],"capInsets":[0,0,0,0]}],[0],0,[0],[1],[1]],[[{"name":"rule2","rect":[3,3,856,408],"offset":[0,0],"originalSize":[856,408],"capInsets":[0,0,0,0]}],[0],0,[0],[1],[12]],[[{"name":"rule","rect":[869,3,339,25],"offset":[0,1],"originalSize":[357,27],"rotated":1,"capInsets":[0,0,0,0]}],[0],0,[0],[1],[1]],[[{"name":"rule1","rect":[3,3,860,436],"offset":[0,0],"originalSize":[860,436],"capInsets":[0,0,0,0]}],[0],0,[0],[1],[1]],[[{"name":"rule3","rect":[3,445,885,409],"offset":[0,0],"originalSize":[885,409],"capInsets":[0,0,0,0]}],[0],0,[0],[1],[1]],[[{"name":"qieye2","rect":[900,42,33,33],"offset":[0,0],"originalSize":[33,33],"capInsets":[0,0,0,0]}],[0],0,[0],[1],[1]]]]