[1,0,0,[["dragonBones.DragonBonesAsset",["_name","_dragonBonesJson"],1]],[[0,0,1,3]],[[0,"Amazon_totalwin_ske","{\"frameRate\":24,\"isGlobal\":0,\"name\":\"Amazon_totalwin\",\"version\":\"5.0\",\"armature\":[{\"slot\":[{\"name\":\"gggg\",\"parent\":\"gggg\",\"color\":{}},{\"z\":1,\"name\":\"图层_7\",\"parent\":\"图层_7\",\"color\":{}},{\"z\":2,\"name\":\"图层_2\",\"parent\":\"图层_2\",\"color\":{}},{\"z\":3,\"name\":\"图层_2_拷贝\",\"parent\":\"图层_2_拷贝\",\"color\":{}},{\"blendMode\":\"add\",\"z\":4,\"parent\":\"图层8\",\"name\":\"图层8\",\"color\":{\"aM\":25}}],\"animation\":[{\"slot\":[{\"frame\":[{\"tweenEasing\":0,\"duration\":10,\"color\":{\"aM\":0}},{\"tweenEasing\":null,\"duration\":40}],\"name\":\"图层_7\"},{\"frame\":[{\"tweenEasing\":0,\"duration\":15,\"color\":{\"aM\":0}},{\"tweenEasing\":null,\"duration\":35}],\"name\":\"图层_2\"},{\"frame\":[{\"tweenEasing\":0,\"duration\":15,\"color\":{\"aM\":0}},{\"tweenEasing\":null,\"duration\":35}],\"name\":\"图层_2_拷贝\"},{\"frame\":[{\"tweenEasing\":0,\"duration\":10,\"color\":{\"aM\":0}},{\"tweenEasing\":0,\"duration\":10},{\"tweenEasing\":0,\"duration\":10},{\"tweenEasing\":0,\"duration\":10},{\"tweenEasing\":0,\"duration\":10},{\"tweenEasing\":null,\"duration\":0}],\"name\":\"gggg\"},{\"frame\":[{\"tweenEasing\":0,\"displayIndex\":-1,\"duration\":3,\"color\":{\"aM\":0}},{\"tweenEasing\":0,\"displayIndex\":-1,\"duration\":7,\"color\":{\"aM\":0}},{\"tweenEasing\":0,\"duration\":13,\"color\":{\"aM\":56}},{\"tweenEasing\":0,\"duration\":27,\"color\":{\"aM\":40}},{\"tweenEasing\":null,\"duration\":0,\"color\":{\"aM\":0}}],\"name\":\"图层8\"}],\"frame\":[],\"bone\":[{\"frame\":[{\"duration\":50,\"transform\":{}}],\"name\":\"root\"},{\"frame\":[{\"tweenEasing\":0,\"duration\":15,\"transform\":{\"y\":87.02532000000001,\"scX\":0.65,\"scY\":0.65}},{\"tweenEasing\":0,\"duration\":10,\"transform\":{}},{\"duration\":25,\"transform\":{}}],\"name\":\"图层_2\"},{\"frame\":[{\"tweenEasing\":0,\"duration\":13,\"transform\":{\"y\":-36.31328,\"scX\":1.8283,\"scY\":1.8283}},{\"tweenEasing\":0,\"duration\":2,\"transform\":{\"y\":1.69984,\"scX\":0.81,\"scY\":0.81}},{\"tweenEasing\":0,\"duration\":10,\"transform\":{\"y\":0.07912000000000001}},{\"duration\":25,\"transform\":{\"y\":0.07912000000000001}}],\"name\":\"图层_2_拷贝\"},{\"frame\":[{\"tweenEasing\":0,\"duration\":5,\"transform\":{\"scX\":0.7,\"scY\":0.7}},{\"tweenEasing\":0,\"duration\":2,\"transform\":{\"scX\":1.1,\"scY\":1.1}},{\"duration\":43,\"transform\":{}},{\"duration\":0,\"transform\":{}}],\"name\":\"图层_7\"},{\"frame\":[{\"duration\":10,\"transform\":{}},{\"tweenEasing\":0,\"duration\":10,\"transform\":{\"skY\":32.9498,\"skX\":32.9498}},{\"tweenEasing\":0,\"duration\":10,\"transform\":{\"skY\":74.0541,\"skX\":74.0541}},{\"tweenEasing\":0,\"duration\":10,\"transform\":{\"skY\":-245.6118,\"skX\":-245.6118}},{\"tweenEasing\":0,\"duration\":10,\"transform\":{\"skY\":-190.5596,\"skX\":-190.5596}},{\"duration\":0,\"transform\":{\"skY\":-141.7195,\"skX\":-141.7195}}],\"name\":\"gggg\"},{\"frame\":[{\"tweenEasing\":0,\"duration\":28,\"transform\":{\"x\":2.66668}},{\"tweenEasing\":0,\"duration\":22,\"transform\":{\"y\":-5.3333200000000005,\"x\":551.94668}},{\"duration\":0,\"transform\":{\"y\":1.33332,\"x\":650.6}}],\"name\":\"图层8\"}],\"ffd\":[],\"duration\":50,\"name\":\"newAnimation\",\"ik\":[],\"playTimes\":0}],\"type\":\"Armature\",\"frameRate\":24,\"bone\":[{\"name\":\"root\",\"transform\":{}},{\"length\":151.6,\"transform\":{\"skY\":89.4041,\"y\":-215.20000000000002,\"skX\":89.4041,\"x\":-4.760000000000001},\"parent\":\"root\",\"name\":\"图层_2\"},{\"length\":68,\"transform\":{\"skY\":88.6697,\"y\":61.7,\"skX\":88.6697,\"x\":-7.920000000000001},\"parent\":\"root\",\"name\":\"图层_2_拷贝\"},{\"length\":82,\"transform\":{\"skY\":90,\"y\":188.28,\"skX\":90,\"x\":-1.58},\"parent\":\"root\",\"name\":\"图层_7\"},{\"length\":82,\"transform\":{\"skY\":90,\"y\":40.6224,\"skX\":90,\"x\":-1.08892},\"parent\":\"root\",\"name\":\"gggg\"},{\"length\":32,\"transform\":{\"skY\":92.3979,\"y\":65.79332000000001,\"skX\":92.3979,\"x\":-364.66668000000004},\"parent\":\"root\",\"name\":\"图层8\"}],\"aabb\":{\"width\":832.8000000000001,\"y\":-335,\"height\":628.4000000000001,\"x\":-416.40000000000003},\"skin\":[{\"name\":\"\",\"slot\":[{\"display\":[{\"path\":\"totalwin/图层_2_拷贝\",\"type\":\"image\",\"name\":\"totalwin/图层_2_拷贝\",\"transform\":{\"skY\":-88.6697,\"y\":-12.278400000000001,\"skX\":-88.6697,\"x\":36.39484}}],\"name\":\"图层_2_拷贝\"},{\"display\":[{\"path\":\"totalwin/图层_2\",\"type\":\"image\",\"name\":\"totalwin/图层_2\",\"transform\":{\"skY\":-89.4041,\"y\":-3.3181600000000007,\"skX\":-89.4041,\"x\":138.64200000000002}}],\"name\":\"图层_2\"},{\"display\":[{\"path\":\"totalwin/图层_7\",\"type\":\"image\",\"name\":\"totalwin/图层_7\",\"transform\":{\"skY\":-90,\"y\":1.42,\"skX\":-90,\"x\":26.72}}],\"name\":\"图层_7\"},{\"display\":[{\"path\":\"totalwin/gggg\",\"type\":\"image\",\"name\":\"totalwin/gggg\",\"transform\":{\"skY\":-90,\"y\":5.120000000000001,\"skX\":-90,\"x\":-31.75272}}],\"name\":\"gggg\"},{\"display\":[{\"path\":\"图层8\",\"type\":\"image\",\"name\":\"图层8\",\"transform\":{\"skY\":-92.3979,\"y\":-65.17148,\"skX\":-92.3979,\"x\":26.63664}}],\"blendMode\":\"add\",\"name\":\"图层8\"}]}],\"defaultActions\":[{\"gotoAndPlay\":\"newAnimation\"}],\"name\":\"Armature\",\"ik\":[]}]}"]],0,0,[],[],[]]