[1,["dcCvC0sZxC74nmEZp63/R0","170kGZhtRFbYTGxqh9esxx","bdR/Fbnq5LqLTaTMavR6dU","5175n/QTdLJbg/FUniqlNf","f5NKIuLHJIooxzJSCmxHNk","08ojgeGIJO/Js5KlqcoPMq","06chFgf1RKuIH/njmLmsNt","884Km4FUJPEZ7+TuR6JFyq","66lsbPqkFGQIauOyw+JH0U","7fiiCmggJCHrg6RGestno4","e6H7ftvDhIHIVkvOXiDD9P","1bA/joOqlAMa5MSaKHa3UJ","1bfFO0sR1M2IOfb2urTwtI","f4if2fCtJLJIPMAt0lXKHC","84jYxnqq9Ndb25mMPkF7zb","6czFB/p0xJO7nzy6GfUMSO","c8krDxBHhG45fDZe+fnqx9","36HczNBdpN661ST+jPXaDy","018we13YFPF5dzSCQtIZ3y","a2NdidhBNDHoPpEA8klizN","f9MjXQfzJOnoOrzLagT3XU","d1u9w3xytDkpdpngqkR8D4","7fEbxS6rdIYaAJaRV63ufX","d4VNHRHiZLlrEABMcxK5Oy","d55w8i6rJCtInqsMIC8ifC","000Il9hd1EpZtV7xUA31i8","5a86NgE1NGFqfeWVoczf07","a9lLVKTFlOPonT0GNYD9+G","61BtM2AmZHlKpCNIeyxseD","cdEGV/j+VPR4QBycvg1wUQ","7aHvaI+rhEYqisZnRS1GMa","99IKtSLOlEqYypWl/+Bxzi","04HeSxYHRDsbPkc7hOw+hv","5226yTJopIxaAPmNhAnqhD","15wz87HchJMLzCzWRQkRPi","28oRetefhAaZIxpFCIn6mJ","d2LW+j3vtHor9+kYSXBlnF","10RtkjeNNJRaY1UgJyPOJV","78Zv+WCXpFY7RLnKU0+MgD","8eYDPjUZZMu4E+32ATv9RZ","1eF5kW4N9HOIhykdTi+92B","f8oEar6UpO17vb52tGjJ1M","7euutz8XlMQIq7v2K5oDBB","a6UV/nGNJLDIGRhL+R1SP9","15k9GAF0RCEJiTbdOviltJ","bemJHSh/9NMLnNVrPGZp19"],["value"],[["cc.AnimationClip",["_name","_duration","speed","wrapMode","curveData"],-1,11]],[[0,0,1,2,3,4,5]],[[0,"right3",0.7666666666666667,0.5,2,[{},"comps",11,[{},"cc.Sprite",11,[{},"spriteFrame",12,[[[{"frame":0},"value",6,0],[{"frame":0.016666666666666666},"value",6,1],[{"frame":0.03333333333333333},"value",6,2],[{"frame":0.05},"value",6,3],[{"frame":0.06666666666666667},"value",6,4],[{"frame":0.08333333333333333},"value",6,5],[{"frame":0.1},"value",6,6],[{"frame":0.11666666666666667},"value",6,7],[{"frame":0.13333333333333333},"value",6,8],[{"frame":0.15},"value",6,9],[{"frame":0.16666666666666666},"value",6,10],[{"frame":0.18333333333333332},"value",6,11],[{"frame":0.2},"value",6,12],[{"frame":0.21666666666666667},"value",6,13],[{"frame":0.23333333333333334},"value",6,14],[{"frame":0.25},"value",6,15],[{"frame":0.26666666666666666},"value",6,16],[{"frame":0.2833333333333333},"value",6,17],[{"frame":0.3},"value",6,18],[{"frame":0.31666666666666665},"value",6,19],[{"frame":0.3333333333333333},"value",6,20],[{"frame":0.35},"value",6,21],[{"frame":0.36666666666666664},"value",6,22],[{"frame":0.38333333333333336},"value",6,23],[{"frame":0.4},"value",6,24],[{"frame":0.4166666666666667},"value",6,25],[{"frame":0.43333333333333335},"value",6,26],[{"frame":0.45},"value",6,27],[{"frame":0.4666666666666667},"value",6,28],[{"frame":0.48333333333333334},"value",6,29],[{"frame":0.5},"value",6,30],[{"frame":0.5166666666666667},"value",6,31],[{"frame":0.5333333333333333},"value",6,32],[{"frame":0.55},"value",6,33],[{"frame":0.5666666666666667},"value",6,34],[{"frame":0.5833333333333334},"value",6,35],[{"frame":0.6},"value",6,36],[{"frame":0.6166666666666667},"value",6,37],[{"frame":0.6333333333333333},"value",6,38],[{"frame":0.65},"value",6,39],[{"frame":0.6666666666666666},"value",6,40],[{"frame":0.6833333333333333},"value",6,41],[{"frame":0.7},"value",6,42],[{"frame":0.7166666666666667},"value",6,43],[{"frame":0.7333333333333333},"value",6,44],[{"frame":0.75},"value",6,45]],11,11,11,11,11,11,11,11,11,11,11,11,11,11,11,11,11,11,11,11,11,11,11,11,11,11,11,11,11,11,11,11,11,11,11,11,11,11,11,11,11,11,11,11,11,11]]]]]],0,0,[0,0,0,0,0,0,0,0,0,0,0,0,0,0,0,0,0,0,0,0,0,0,0,0,0,0,0,0,0,0,0,0,0,0,0,0,0,0,0,0,0,0,0,0,0,0],[0,0,0,0,0,0,0,0,0,0,0,0,0,0,0,0,0,0,0,0,0,0,0,0,0,0,0,0,0,0,0,0,0,0,0,0,0,0,0,0,0,0,0,0,0,0],[0,1,2,3,4,5,6,7,8,9,10,11,12,13,14,15,16,17,18,19,20,21,22,23,24,25,26,27,28,29,30,31,32,33,34,35,36,37,38,39,40,41,42,43,44,45]]