[1,0,0,[["dragonBones.DragonBonesAsset",["_name","_dragonBonesJson"],1]],[[0,0,1,3]],[[0,"GogoFruits_ske","{\"frameRate\":24,\"isGlobal\":0,\"armature\":[{\"defaultActions\":[{\"gotoAndPlay\":\"newAnimation\"}],\"aabb\":{\"width\":283.8090963256665,\"y\":-206.4792772457664,\"height\":206.4792772457664,\"x\":-137.5},\"type\":\"Armature\",\"frameRate\":24,\"skin\":[{\"name\":\"\",\"slot\":[{\"display\":[{\"path\":\"宙斯 (2)/sd_0\",\"type\":\"image\",\"name\":\"宙斯 (2)/sd_0\",\"transform\":{\"y\":-109.4793,\"scX\":0.85,\"scY\":0.85,\"x\":77.8091}}],\"name\":\"sd_0\"},{\"display\":[{\"path\":\"宙斯 (2)/bg\",\"type\":\"image\",\"name\":\"宙斯 (2)/bg\",\"transform\":{\"y\":-95}}],\"name\":\"bg1\"},{\"display\":[{\"path\":\"宙斯 (2)/zs\",\"type\":\"image\",\"name\":\"宙斯 (2)/zs\",\"transform\":{\"skX\":48.6593,\"y\":-52.8137,\"skY\":48.6593,\"x\":78.0008}}],\"name\":\"zs1\"},{\"display\":[{\"path\":\"宙斯 (2)/sd\",\"type\":\"image\",\"name\":\"宙斯 (2)/sd\",\"transform\":{\"y\":-107.2338,\"x\":-78.5}}],\"name\":\"sd\"},{\"display\":[{\"path\":\"宙斯 (2)/daaan\",\"type\":\"image\",\"name\":\"宙斯 (2)/daaan\",\"transform\":{\"skX\":48.6593,\"y\":9.7402,\"skY\":48.6593,\"x\":114.3876}}],\"name\":\"daaan\"},{\"display\":[{\"path\":\"宙斯 (2)/zss\",\"type\":\"image\",\"name\":\"宙斯 (2)/zss\",\"transform\":{\"y\":-56.2338,\"x\":4}}],\"name\":\"zss\"},{\"display\":[{\"path\":\"shizi/1\",\"type\":\"image\",\"name\":\"shizi/1\",\"transform\":{\"skX\":93.6193,\"y\":-2.2521,\"skY\":93.6193,\"x\":7.958}},{\"path\":\"shizi/2\",\"type\":\"image\",\"name\":\"shizi/2\",\"transform\":{\"skX\":93.6193,\"y\":-2.2521,\"skY\":93.6193,\"x\":7.958}},{\"path\":\"shizi/3\",\"type\":\"image\",\"name\":\"shizi/3\",\"transform\":{\"skX\":93.6193,\"y\":-2.2521,\"skY\":93.6193,\"x\":7.958}},{\"path\":\"shizi/4\",\"type\":\"image\",\"name\":\"shizi/4\",\"transform\":{\"skX\":93.6193,\"y\":-2.2521,\"skY\":93.6193,\"x\":7.958}},{\"path\":\"shizi/5\",\"type\":\"image\",\"name\":\"shizi/5\",\"transform\":{\"skX\":93.6193,\"y\":-2.2521,\"skY\":93.6193,\"x\":7.958}},{\"path\":\"shizi/7\",\"type\":\"image\",\"name\":\"shizi/7\",\"transform\":{\"skX\":93.6193,\"y\":-2.2521,\"skY\":93.6193,\"x\":7.958}},{\"path\":\"shizi/6\",\"type\":\"image\",\"name\":\"shizi/6\",\"transform\":{\"skX\":93.6193,\"y\":-2.2521,\"skY\":93.6193,\"x\":7.958}}],\"name\":\"1\"}]}],\"animation\":[{\"frame\":[],\"playTimes\":0,\"ik\":[],\"ffd\":[],\"duration\":70,\"slot\":[{\"frame\":[{\"tweenEasing\":null,\"displayIndex\":6,\"duration\":2},{\"tweenEasing\":null,\"displayIndex\":1,\"duration\":2},{\"tweenEasing\":null,\"displayIndex\":2,\"duration\":2},{\"tweenEasing\":null,\"displayIndex\":3,\"duration\":2},{\"tweenEasing\":null,\"displayIndex\":4,\"duration\":2},{\"tweenEasing\":null,\"displayIndex\":6,\"duration\":2},{\"tweenEasing\":null,\"displayIndex\":5,\"duration\":2},{\"tweenEasing\":null,\"duration\":2},{\"tweenEasing\":null,\"displayIndex\":1,\"duration\":2},{\"tweenEasing\":null,\"displayIndex\":2,\"duration\":4},{\"tweenEasing\":null,\"displayIndex\":4,\"duration\":2},{\"tweenEasing\":null,\"displayIndex\":6,\"duration\":2},{\"tweenEasing\":null,\"displayIndex\":5,\"duration\":2},{\"tweenEasing\":null,\"duration\":2},{\"tweenEasing\":null,\"displayIndex\":1,\"duration\":2},{\"tweenEasing\":null,\"displayIndex\":2,\"duration\":2},{\"tweenEasing\":null,\"displayIndex\":3,\"duration\":2},{\"tweenEasing\":null,\"displayIndex\":4,\"duration\":2},{\"tweenEasing\":null,\"displayIndex\":6,\"duration\":4},{\"tweenEasing\":null,\"duration\":2},{\"tweenEasing\":null,\"displayIndex\":1,\"duration\":2},{\"tweenEasing\":null,\"displayIndex\":2,\"duration\":2},{\"tweenEasing\":null,\"displayIndex\":3,\"duration\":2},{\"tweenEasing\":null,\"displayIndex\":4,\"duration\":2},{\"tweenEasing\":null,\"displayIndex\":6,\"duration\":2},{\"tweenEasing\":null,\"displayIndex\":5,\"duration\":2},{\"tweenEasing\":null,\"duration\":2},{\"tweenEasing\":null,\"displayIndex\":1,\"duration\":2},{\"tweenEasing\":null,\"displayIndex\":2,\"duration\":2},{\"tweenEasing\":null,\"displayIndex\":3,\"duration\":2},{\"tweenEasing\":null,\"displayIndex\":4,\"duration\":2},{\"tweenEasing\":null,\"displayIndex\":6,\"duration\":2},{\"tweenEasing\":null,\"displayIndex\":5,\"duration\":2}],\"name\":\"1\"},{\"frame\":[{\"tweenEasing\":null,\"duration\":70}],\"name\":\"zs1\"}],\"bone\":[{\"frame\":[{\"transform\":{},\"duration\":70}],\"name\":\"root\"},{\"frame\":[{\"transform\":{},\"duration\":70}],\"name\":\"1\"},{\"frame\":[{\"tweenEasing\":0,\"transform\":{},\"duration\":30},{\"tweenEasing\":0,\"transform\":{\"scX\":1.03,\"scY\":1.03},\"duration\":30},{\"transform\":{},\"duration\":10},{\"transform\":{},\"duration\":0}],\"name\":\"bone\"}],\"name\":\"newAnimation\"}],\"bone\":[{\"name\":\"root\",\"transform\":{}},{\"length\":24,\"transform\":{\"skX\":-48.6593,\"y\":-16.2859,\"skY\":-48.6593,\"x\":2.63},\"parent\":\"root\",\"name\":\"bone\"},{\"length\":16,\"transform\":{\"skX\":-44.96,\"y\":9.6332,\"skY\":-44.96,\"x\":113.6632},\"parent\":\"bone\",\"name\":\"1\"}],\"ik\":[],\"name\":\"Armature\",\"slot\":[{\"name\":\"bg1\",\"parent\":\"root\",\"color\":{}},{\"z\":1,\"name\":\"sd_0\",\"parent\":\"root\",\"color\":{}},{\"z\":2,\"name\":\"sd\",\"parent\":\"root\",\"color\":{}},{\"z\":3,\"name\":\"zs1\",\"parent\":\"bone\",\"color\":{}},{\"z\":4,\"name\":\"daaan\",\"parent\":\"bone\",\"color\":{}},{\"z\":5,\"displayIndex\":6,\"name\":\"1\",\"parent\":\"1\",\"color\":{}},{\"z\":6,\"name\":\"zss\",\"parent\":\"root\",\"color\":{}}]}],\"name\":\"GogoFruits\",\"version\":\"5.0\"}"]],0,0,[],[],[]]