[1,["dcKUUIq9lDCp51KVPv+QD0"],["_texture"],[["dragonBones.DragonBonesAtlasAsset",["_name","_atlasJson"],1]],[[0,0,1,3]],[[0,"magewin-sg1_tex","{\"width\":1024,\"imagePath\":\"magewin-sg1_tex.png\",\"height\":1024,\"name\":\"magewin-sg1\",\"SubTexture\":[{\"width\":480,\"y\":1,\"height\":479,\"name\":\"jackpot-sg1/图层-3\",\"x\":1},{\"frameHeight\":253,\"y\":482,\"frameX\":0,\"width\":602,\"frameY\":0,\"height\":253,\"name\":\"bigwin-sg1/hhhhh\",\"frameWidth\":603,\"x\":1},{\"width\":473,\"y\":1,\"height\":201,\"name\":\"bigwin-sg1/cp2\",\"x\":483},{\"width\":430,\"y\":737,\"height\":201,\"name\":\"bigwin-sg1/cp1\",\"x\":586},{\"frameHeight\":170,\"y\":737,\"frameX\":-1,\"width\":583,\"frameY\":-3,\"height\":165,\"name\":\"bigwin-sg1/magewin\",\"frameWidth\":586,\"x\":1}]}"]],0,0,[0],[0],[0]]