[1,["f6cyHp925KnqNC/UD6pjcR","1b82FhQftNwJISpr6fmNlb","c3/zeC0NdKnaOj/73q/5Bi","9evX6kLvxJr7wsU5+ZSqpT","a4+ORlCtBBZIL9Tvnri55n","2afP5cC3JJULSMt6N7qyna","503DId52dPcYH7TRVWH37e"],["_textureSetter","1","2","3","4","5","6"],["cc.SpriteFrame",["cc.SpriteAtlas",["_name","_spriteFrames"],2,11]],[[1,0,1,2]],[[[{"name":"5","rect":[254,2,248,107],"offset":[0,0],"originalSize":[248,107],"capInsets":[0,0,0,0]}],[0],0,[0],[0],[0]],[[{"name":"6","rect":[2,2,250,115],"offset":[0,0],"originalSize":[250,115],"capInsets":[0,0,0,0]}],[0],0,[0],[0],[0]],[[{"name":"3","rect":[2,305,157,100],"offset":[0,0],"originalSize":[157,100],"rotated":1,"capInsets":[0,0,0,0]}],[0],0,[0],[0],[0]],[[{"name":"4","rect":[254,111,232,111],"offset":[0,0],"originalSize":[232,111],"capInsets":[0,0,0,0]}],[0],0,[0],[0],[0]],[[[0,"item.plist",[{},"1",6,0,"2",6,1,"3",6,2,"4",6,3,"5",6,4,"6",6,5]]],0,0,[0,0,0,0,0,0],[1,2,3,4,5,6],[1,2,3,4,5,6]]]]