[1,0,0,[["dragonBones.DragonBonesAsset",["_name","_dragonBonesJson"],1]],[[0,0,1,3]],[[0,"freespin_ske","{\"frameRate\":24,\"isGlobal\":0,\"armature\":[{\"ik\":[],\"bone\":[{\"name\":\"root\",\"transform\":{}},{\"length\":71,\"transform\":{\"y\":-252,\"skX\":89.1931,\"skY\":89.1931,\"x\":44},\"parent\":\"root\",\"name\":\"图层_824_拷贝\"},{\"length\":109,\"transform\":{\"y\":80,\"skX\":88.9488,\"skY\":88.9488,\"x\":44},\"parent\":\"root\",\"name\":\"4e0e5262961cebb77f85fb47d4f817b\"},{\"length\":61,\"transform\":{\"y\":-81,\"skX\":90,\"skY\":90,\"x\":55},\"parent\":\"root\",\"name\":\"FREE_拷贝_2\"},{\"length\":173,\"transform\":{\"y\":-138,\"skX\":89.6688,\"skY\":89.6688,\"x\":33},\"parent\":\"root\",\"name\":\"图层_541\"},{\"length\":91,\"transform\":{\"y\":-139,\"skX\":-90.6296,\"skY\":-90.6296,\"x\":32},\"parent\":\"root\",\"name\":\"free_img9\"},{\"length\":56,\"transform\":{\"y\":-138,\"skX\":85.9144,\"skY\":85.9144,\"x\":204},\"parent\":\"root\",\"name\":\"组_76\"}],\"aabb\":{\"width\":1107,\"y\":-364,\"height\":728,\"x\":-553.5},\"type\":\"Armature\",\"frameRate\":24,\"defaultActions\":[{\"gotoAndPlay\":\"newAnimation\"}],\"animation\":[{\"ik\":[],\"playTimes\":0,\"bone\":[{\"frame\":[{\"transform\":{},\"duration\":81}],\"name\":\"root\"},{\"frame\":[{\"tweenEasing\":0,\"transform\":{\"y\":-150.1518},\"duration\":11},{\"tweenEasing\":0,\"transform\":{\"y\":37.8112},\"duration\":3},{\"transform\":{\"y\":-1.5299},\"duration\":67}],\"name\":\"图层_824_拷贝\"},{\"frame\":[{\"tweenEasing\":0,\"transform\":{\"scY\":0.35,\"scX\":0.35},\"duration\":8},{\"tweenEasing\":0,\"transform\":{},\"duration\":14},{\"transform\":{},\"duration\":59}],\"name\":\"4e0e5262961cebb77f85fb47d4f817b\"},{\"frame\":[{\"tweenEasing\":0,\"transform\":{\"scY\":2.6344,\"scX\":2.6344},\"duration\":14},{\"tweenEasing\":0,\"transform\":{\"scY\":0.9,\"scX\":0.9},\"duration\":4},{\"tweenEasing\":0,\"transform\":{},\"duration\":4},{\"transform\":{},\"duration\":59}],\"name\":\"FREE_拷贝_2\"},{\"frame\":[{\"tweenEasing\":0,\"transform\":{\"scY\":1.4488,\"y\":-52.6253,\"scX\":1.4488},\"duration\":8},{\"tweenEasing\":0,\"transform\":{\"y\":-4.3854},\"duration\":14},{\"transform\":{\"y\":-4.3854},\"duration\":59}],\"name\":\"图层_541\"},{\"frame\":[{\"tweenEasing\":0,\"transform\":{},\"duration\":10},{\"tweenEasing\":0,\"transform\":{\"skX\":40.0677,\"skY\":40.0677},\"duration\":12},{\"tweenEasing\":0,\"transform\":{\"skX\":86.9628,\"skY\":86.9628},\"duration\":8},{\"tweenEasing\":0,\"transform\":{\"skX\":131.6807,\"skY\":131.6807},\"duration\":10},{\"tweenEasing\":0,\"transform\":{\"skX\":178.9618,\"skY\":178.9618},\"duration\":12},{\"tweenEasing\":0,\"transform\":{\"skX\":221.1674,\"skY\":221.1674},\"duration\":9},{\"tweenEasing\":0,\"transform\":{\"skX\":270.3039,\"skY\":270.3039},\"duration\":10},{\"tweenEasing\":0,\"transform\":{\"skX\":-49.3276,\"skY\":-49.3276},\"duration\":10},{\"transform\":{\"skX\":-0.3598,\"skY\":-0.3598},\"duration\":0}],\"name\":\"free_img9\"},{\"frame\":[{\"tweenEasing\":0,\"transform\":{\"y\":-300.5405},\"duration\":8},{\"tweenEasing\":0,\"transform\":{\"y\":19.5966},\"duration\":6},{\"tweenEasing\":0,\"transform\":{\"y\":4.2475},\"duration\":8},{\"transform\":{\"y\":4.2475},\"duration\":59}],\"name\":\"组_76\"}],\"slot\":[{\"frame\":[{\"tweenEasing\":0,\"color\":{\"aM\":0},\"duration\":8},{\"tweenEasing\":null,\"duration\":73}],\"name\":\"组_76\"},{\"frame\":[{\"tweenEasing\":0,\"color\":{\"aM\":13},\"duration\":8},{\"tweenEasing\":null,\"duration\":73}],\"name\":\"4e0e5262961cebb77f85fb47d4f817b\"},{\"frame\":[{\"tweenEasing\":0,\"color\":{\"aM\":0},\"duration\":11},{\"tweenEasing\":null,\"duration\":70}],\"name\":\"图层_824_拷贝\"},{\"frame\":[{\"tweenEasing\":0,\"color\":{\"aM\":0},\"duration\":8},{\"tweenEasing\":null,\"duration\":73}],\"name\":\"图层_541\"},{\"frame\":[{\"tweenEasing\":0,\"color\":{\"aM\":0},\"duration\":10},{\"tweenEasing\":0,\"color\":{\"aM\":0},\"duration\":4},{\"tweenEasing\":null,\"duration\":67}],\"name\":\"FREE_拷贝_2\"}],\"ffd\":[],\"frame\":[],\"name\":\"newAnimation\",\"duration\":81}],\"slot\":[{\"name\":\"free_img9\",\"parent\":\"free_img9\",\"color\":{}},{\"z\":1,\"name\":\"组_76\",\"parent\":\"组_76\",\"color\":{}},{\"z\":2,\"name\":\"4e0e5262961cebb77f85fb47d4f817b\",\"parent\":\"4e0e5262961cebb77f85fb47d4f817b\",\"color\":{}},{\"z\":3,\"name\":\"图层_824_拷贝\",\"parent\":\"图层_824_拷贝\",\"color\":{}},{\"z\":4,\"name\":\"图层_541\",\"parent\":\"图层_541\",\"color\":{}},{\"z\":5,\"name\":\"FREE_拷贝_2\",\"parent\":\"FREE_拷贝_2\",\"color\":{}},{\"z\":6,\"name\":\"bigwin_12\",\"parent\":\"root\",\"color\":{}}],\"name\":\"Armature\",\"skin\":[{\"slot\":[{\"display\":[{\"path\":\"free spin 拷贝/free_img9\",\"type\":\"image\",\"name\":\"free spin 拷贝/free_img9\",\"transform\":{\"y\":-3.0712,\"skX\":90.6296,\"skY\":90.6296,\"x\":-6.4666}}],\"name\":\"free_img9\"},{\"display\":[{\"path\":\"free spin 拷贝/bigwin_12\",\"type\":\"image\",\"name\":\"free spin 拷贝/bigwin_12\",\"transform\":{\"y\":25.5,\"x\":-19.5}}],\"name\":\"bigwin_12\"},{\"display\":[{\"path\":\"free spin 拷贝/FREE_拷贝_2\",\"type\":\"image\",\"name\":\"free spin 拷贝/FREE_拷贝_2\",\"transform\":{\"y\":7,\"skX\":-90,\"skY\":-90,\"x\":23.5}}],\"name\":\"FREE_拷贝_2\"},{\"display\":[{\"path\":\"free spin 拷贝/图层_541\",\"type\":\"image\",\"name\":\"free spin 拷贝/图层_541\",\"transform\":{\"y\":-15.494,\"skX\":-89.6688,\"skY\":-89.6688,\"x\":87.591}}],\"name\":\"图层_541\"},{\"display\":[{\"path\":\"free spin 拷贝/图层_824_拷贝\",\"type\":\"image\",\"name\":\"free spin 拷贝/图层_824_拷贝\",\"transform\":{\"y\":-6.9148,\"skX\":-89.1931,\"skY\":-89.1931,\"x\":41.6015}}],\"name\":\"图层_824_拷贝\"},{\"display\":[{\"path\":\"free spin 拷贝/4e0e5262961cebb77f85fb47d4f817b\",\"type\":\"image\",\"name\":\"free spin 拷贝/4e0e5262961cebb77f85fb47d4f817b\",\"transform\":{\"y\":-3.4123,\"skX\":-88.9488,\"skY\":-88.9488,\"x\":-22.4412}}],\"name\":\"4e0e5262961cebb77f85fb47d4f817b\"},{\"display\":[{\"path\":\"free spin 拷贝/组_76\",\"type\":\"image\",\"name\":\"free spin 拷贝/组_76\",\"transform\":{\"y\":119.9088,\"skX\":-85.9144,\"skY\":-85.9144,\"x\":15.4962}}],\"name\":\"组_76\"}],\"name\":\"\"}]}],\"name\":\"freespin\",\"version\":\"5.0\"}"]],0,0,[],[],[]]