[1,["ec350glzJHoIPZM98o4K/i","07cMK0sDFD7oHRs8jrjIi3","caCsHOs+FJx4On7NeAJewf","9anAcikFFL+72GVgcp5foa","4e9Ee1/N1DFKcdkTfmxDcw","3eMitrPmFCeI0MtgkWbBTQ","37VaQDpgVDH7YPh1GZMbfz","0emybv/v9FLLFTJQeeRIdq","53APp8SMNBdJBgUDDYdqXq","b7/2u4mw1D+IqKrMbPTYbc","e1hDp+CYtLdoqmbjEP6Hl6","bdxs4k1LpI2ZG56UVMjmoY","41SQitFAFC+5d8OeJ0ItVS","bbKydFc8RN4K3c14srPHhw","85CpU9A1NIeaVEEBKcMY5w","f2IjBFyY9EAbFu2vrgIXRs","13G/QDsaRNSqn7RETG10x3","21MM67bLhDe61d4ePPHfYe","8fn98P6adO5aAAPxyBxFOe","feO2XcMX9Hco1EUnyIIvcW","43aq/PtR1LIrhj040Mujq1","0e+rvMGMRK1pFyibrYkNmM","d78RzQv9REWbmADz7+r1W/","73Lr6ivY1Hl4YwPtCSwVJW","abUDghrqxNPIiCIARm9F9d","4cvAZRXfhK6KvcOC8P/KPm"],["_textureSetter","add","auto1_img","auto2_img","auto_img","autostop_img","bet","dating","freespin_img","goodluck_img","guize_img","help","j","jb","jia","max_img2","shangbg","spin_img","stop_img","stopauto_img","vault_baxi_FAST","vault_baxi_FAST01","xiabg","zhizhen","zhizhen2","zhuanpan"],["cc.SpriteFrame",["cc.SpriteAtlas",["_name","_spriteFrames"],2,11]],[[1,0,1,2]],[[[[0,"superspin.plist",[{},"add",6,0,"auto1_img",6,1,"auto2_img",6,2,"auto_img",6,3,"autostop_img",6,4,"bet",6,5,"dating",6,6,"freespin_img",6,7,"goodluck_img",6,8,"guize_img",6,9,"help",6,10,"j",6,11,"jb",6,12,"jia",6,13,"max_img2",6,14,"shangbg",6,15,"spin_img",6,16,"stop_img",6,17,"stopauto_img",6,18,"vault_baxi_FAST",6,19,"vault_baxi_FAST01",6,20,"xiabg",6,21,"zhizhen",6,22,"zhizhen2",6,23,"zhuanpan",6,24]]],0,0,[0,0,0,0,0,0,0,0,0,0,0,0,0,0,0,0,0,0,0,0,0,0,0,0,0],[1,2,3,4,5,6,7,8,9,10,11,12,13,14,15,16,17,18,19,20,21,22,23,24,25],[1,2,3,4,5,6,7,8,9,10,11,12,13,14,15,16,17,18,19,20,21,22,23,24,25]],[[{"name":"autostop_img","rect":[563,1967,212,78],"offset":[0,0],"originalSize":[212,78],"capInsets":[0,0,0,0]}],[0],0,[0],[0],[0]],[[{"name":"freespin_img","rect":[509,1753,212,78],"offset":[0,0],"originalSize":[212,78],"rotated":1,"capInsets":[0,0,0,0]}],[0],0,[0],[0],[0]],[[{"name":"stop_img","rect":[349,1967,212,78],"offset":[0,0],"originalSize":[212,78],"capInsets":[0,0,0,0]}],[0],0,[0],[0],[0]],[[{"name":"jb","rect":[949,827,264,52],"offset":[0,0],"originalSize":[264,52],"rotated":1,"capInsets":[0,0,0,0]}],[0],0,[0],[0],[0]],[[{"name":"stopauto_img","rect":[349,1753,212,78],"offset":[0,0],"originalSize":[212,78],"rotated":1,"capInsets":[0,0,0,0]}],[0],0,[0],[0],[0]]]]