[1,0,0,[["cc.AnimationClip",["_name","_duration","wrapMode","curveData"],0,11]],[[0,0,1,2,3,4]],[[0,"bar",1,2,[{},"paths",11,[{"bar_3":{"props":{"position":[{"frame":0,"value":[-74.514,-2.93,0]},{"frame":0.48333333333333334,"value":[-74.514,-28.741,0]},{"frame":1,"value":[-74.514,-2.93,0]}]}},"bar_4":{"props":{"position":[{"frame":0.16666666666666666,"value":[73,-22.862,0]},{"frame":0.5833333333333334,"value":[73,-44.371,0]},{"frame":1,"value":[73,-22.862,0]}]}}},"bar_6",11,[{},"props",11,[{},"scale",12,[[[{"frame":0},"value",8,[0,1,1]],[{"frame":0.25},"value",8,[0,1.5,1.5]],[{"frame":0.4166666666666667},"value",8,[0,1,1]]],11,11,11]]],"bar_5",11,[{},"props",11,[{},"scale",12,[[[{"frame":0.13333333333333333},"value",8,[0,1,1]],[{"frame":0.38333333333333336},"value",8,[0,1.5,1.5]],[{"frame":0.55},"value",8,[0,1,1]]],11,11,11]]],"fruit_slot_icon_7",11,[{},"props",11,[{"opacity":[{"frame":0.31666666666666665,"value":0},{"frame":0.6333333333333333,"value":255},{"frame":1,"value":0}]},"scale",12,[[[{"frame":0.31666666666666665},"value",8,[0,1,1]],[{"frame":0.6333333333333333},"value",8,[0,1.2,1.2]],[{"frame":1},"value",8,[0,1.3,1.3]]],11,11,11]]]]]]],0,0,[],[],[]]