[1,["5ez6E7KGNK1KHO6CYZhLQV"],["_texture"],[["dragonBones.DragonBonesAtlasAsset",["_name","_atlasJson"],1]],[[0,0,1,3]],[[0,"bouns_tex","{\"width\":256,\"SubTexture\":[{\"width\":130,\"y\":1,\"height\":65,\"name\":\"bonus/bgbga\",\"x\":1},{\"width\":113,\"y\":1,\"height\":60,\"name\":\"bonus/wwww\",\"x\":133},{\"width\":56,\"y\":68,\"height\":57,\"name\":\"bonus/qqq2\",\"x\":1},{\"width\":101,\"y\":63,\"height\":37,\"name\":\"bonus/BONUS\",\"x\":133}],\"height\":128,\"name\":\"bouns\",\"imagePath\":\"bouns_tex.png\"}"]],0,0,[0],[0],[0]]