{"paths":{"0":["res/01",0],"1":["res/08",0],"2":["res/03",0],"3":["res/002",0],"4":["res/02",0],"5":["res/001",0],"6":["res/03 - 001",0],"7":["res/04",0],"8":["res/09",0],"11":["res/02",1,1],"12":["res/04",1,1],"13":["res/03",1,1],"14":["res/09",1,1],"15":["res/03 - 001",1,1],"17":["res/002",1,1],"19":["res/001",1,1],"20":["res/01",1,1],"21":["res/08",1,1]},"types":["cc.Texture2D","cc.SpriteFrame"],"uuids":["01w0cDooZEa6BmuF9hRGHr","0cHfopaRdCEap+FYYQtKwL","54cuAJE8dLaYWoz2TemYLC","5b5Xc5uF9Evo4RAHOGFbjj","7e651XYm9O1oyKcG8nc+si","905KUySzpMyqpiI6PSN6+F","a6xJ8Fqi1Kspr6AyxqDh4K","ac5oiOy6NMUoiKA9gVonKR","dcz5834SJLsIAm+h+D+ifZ","070tIiFz1BPqlecSYjnaSA","11ac0200e","131mrBNaBB0Yw3zt2CWsAg","19ueiktBpPrL6CnAPb0xFq","1aVDDznx9BA64rHPX35rmQ","38Zxk6AFxJYoQ+tffgY7jK","45iofvofJCUoxGWurrpVyJ","4d+WY8eV5Ld6bd6vVU8p0m","6dl9n0dk5GI7DcGuiob8YG","80Vv8OdPtI/7YbQKR3s6p2","a1w76bdsFNFaJkzW+Fb9k6","dcdoYneZxGuaw6RMJx7yd/","edYsqxcpZPEZf4+2vaM7mZ","f0HV8aTJZJ763iqHq+A/vC","fd0bUrajdHsIBedooyGjVN","200aqtd79EzYcmarypQz6Y","3f14SpQiNC64A8fnZiar8v","4bUch/a8dPta1PHDPWf7kK","54dZMFWc5MkJAiZayWN41A","68hO9j6kRCe6QIIC65ZqyZ","69NUt7u/BHSYdsI1A+3h3u","72/f/TMQBAM56DeSMupEE+","75zqU+YYtIQarGdGkoh7fd","7a/QZLET9IDreTiBfRn2PD","a2MjXRFdtLlYQ5ouAFv/+R","a3sEvgbJpFvJs4L1TjaBVc","c6ilyVNPhJ1728bb4ckcoD","e5ZFzLT89IOprPZTkV/NiM","e592FcyQtNFYDtlEZ2TQ3/","ecpdLyjvZBwrvm+cedCcQy"],"scenes":{"db://assets/LoginScene/LoginScene.fire":9},"redirect":[25,0,29,0,30,0,32,1,33,2,34,0,38,1],"deps":["main","internal","resources"],"packs":{"0194e08a7":[9,11,12,13,24,14,15,26,27,28,17,31,19,35,20,36,37,21],"03300d296":[0,1,10,16,2,3,4,18,5,6,7,8,22,23]},"name":"LoginScene","importBase":"import","nativeBase":"native","debug":false,"isZip":false,"encrypted":false,"versions":{"import":["0194e08a7","b3329","03300d296","f12a6"],"native":[0,"0379f",1,"4e680",10,"1d9ea",16,"b7e17",2,"9fba9",3,"aa0dd",4,"9514d",18,"f5b7a",5,"4674e",6,"ac2d3",7,"18902",8,"91a41",22,"2b2e9",23,"d9770"]}}