[1,["f2liRuya5N97gLQLffG+DQ"],["_texture"],[["dragonBones.DragonBonesAtlasAsset",["_name","_atlasJson"],1]],[[0,0,1,3]],[[0,"wild_tex","{\"width\":512,\"imagePath\":\"wild_tex.png\",\"height\":512,\"name\":\"wild\",\"SubTexture\":[{\"width\":141,\"y\":1,\"height\":140,\"name\":\"wild/bg\",\"x\":1},{\"width\":105,\"y\":248,\"height\":106,\"name\":\"wild/G3\",\"x\":107},{\"width\":113,\"y\":1,\"height\":114,\"name\":\"wild/G8\",\"x\":397},{\"width\":112,\"y\":117,\"height\":112,\"name\":\"wild/G6\",\"x\":397},{\"width\":102,\"y\":231,\"height\":110,\"name\":\"wild/G5\",\"x\":256},{\"width\":110,\"y\":138,\"height\":108,\"name\":\"wild/G2\",\"x\":144},{\"width\":102,\"y\":231,\"height\":98,\"name\":\"wild/G7\",\"x\":360},{\"width\":104,\"y\":143,\"height\":108,\"name\":\"wild/G4\",\"x\":1},{\"width\":104,\"y\":253,\"height\":107,\"name\":\"wild/G1\",\"x\":1},{\"width\":110,\"y\":121,\"height\":108,\"name\":\"wild/g9\",\"x\":277},{\"width\":131,\"y\":1,\"height\":135,\"name\":\"wild/组_23\",\"x\":144},{\"y\":1,\"frameX\":-6,\"frameY\":-6,\"width\":118,\"frameWidth\":131,\"height\":118,\"name\":\"wild/wild1\",\"frameHeight\":135,\"x\":277},{\"width\":139,\"y\":331,\"height\":47,\"name\":\"wild/wild\",\"x\":360},{\"width\":33,\"y\":272,\"height\":39,\"name\":\"wild/d\",\"x\":464},{\"width\":30,\"y\":143,\"height\":39,\"name\":\"wild/l\",\"x\":107},{\"width\":26,\"y\":184,\"height\":39,\"name\":\"wild/e\",\"x\":107},{\"width\":39,\"y\":231,\"height\":39,\"name\":\"wild/w\",\"x\":464}]}"]],0,0,[0],[0],[0]]