[1,["352rVpUQBNb4TX7+yHGcE4","97e8aCG2dPj7Sv0H4okslU"],["_textureSetter","spriteFrame"],["cc.SpriteFrame",["cc.BitmapFont",["_name","fontSize","_fntConfig"],0]],[[1,0,1,2,4]],[[[{"name":"font1","rect":[0,0,144,254],"offset":[-56,1],"originalSize":[256,256],"capInsets":[0,0,0,0]}],[0],0,[0],[0],[0]],[[[0,"font1",32,{"commonHeight":45,"fontSize":32,"atlasName":"C:\\Users\\40315\\Desktop\\ziti\\font1.png","fontDefDictionary":{"9":{"xOffset":0,"yOffset":0,"xAdvance":104,"rect":{"x":0,"y":0,"width":0,"height":0}},"32":{"xOffset":0,"yOffset":0,"xAdvance":13,"rect":{"x":0,"y":0,"width":0,"height":0}},"43":{"xOffset":0,"yOffset":1,"xAdvance":38,"rect":{"x":42,"y":153,"width":37,"height":39}},"44":{"xOffset":0,"yOffset":24,"xAdvance":20,"rect":{"x":115,"y":223,"width":19,"height":29}},"45":{"xOffset":0,"yOffset":15,"xAdvance":28,"rect":{"x":80,"y":152,"width":27,"height":20}},"46":{"xOffset":0,"yOffset":24,"xAdvance":21,"rect":{"x":115,"y":201,"width":20,"height":21}},"48":{"xOffset":0,"yOffset":-4,"xAdvance":37,"rect":{"x":78,"y":193,"width":36,"height":49}},"49":{"xOffset":0,"yOffset":-5,"xAdvance":30,"rect":{"x":115,"y":150,"width":29,"height":50}},"50":{"xOffset":0,"yOffset":-4,"xAdvance":38,"rect":{"x":40,"y":204,"width":37,"height":49}},"51":{"xOffset":0,"yOffset":-4,"xAdvance":36,"rect":{"x":82,"y":100,"width":35,"height":49}},"52":{"xOffset":0,"yOffset":-5,"xAdvance":40,"rect":{"x":0,"y":204,"width":39,"height":50}},"53":{"xOffset":0,"yOffset":-4,"xAdvance":37,"rect":{"x":50,"y":0,"width":36,"height":49}},"54":{"xOffset":0,"yOffset":-4,"xAdvance":37,"rect":{"x":87,"y":0,"width":36,"height":49}},"55":{"xOffset":0,"yOffset":-4,"xAdvance":38,"rect":{"x":44,"y":102,"width":37,"height":49}},"56":{"xOffset":0,"yOffset":-4,"xAdvance":37,"rect":{"x":45,"y":51,"width":36,"height":49}},"57":{"xOffset":0,"yOffset":-4,"xAdvance":37,"rect":{"x":82,"y":50,"width":36,"height":49}},"66":{"xOffset":0,"yOffset":-5,"xAdvance":44,"rect":{"x":0,"y":102,"width":43,"height":50}},"75":{"xOffset":0,"yOffset":-5,"xAdvance":45,"rect":{"x":0,"y":51,"width":44,"height":50}},"77":{"xOffset":0,"yOffset":-5,"xAdvance":50,"rect":{"x":0,"y":0,"width":49,"height":50}},"84":{"xOffset":0,"yOffset":-5,"xAdvance":42,"rect":{"x":0,"y":153,"width":41,"height":50}}},"kerningDict":{}}]],0,0,[0],[1],[1]]]]