[1,["99eUEVbyJAb5YnLAFfs5vz"],["_texture"],[["dragonBones.DragonBonesAtlasAsset",["_name","_atlasJson"],1]],[[0,0,1,3]],[[0,"candyzp_tex","{\"width\":2048,\"SubTexture\":[{\"width\":538,\"y\":544,\"height\":62,\"name\":\"candyzp/di\",\"x\":1},{\"width\":540,\"y\":1,\"height\":541,\"name\":\"candyzp/zhuanpan\",\"x\":1},{\"width\":188,\"y\":559,\"height\":70,\"name\":\"candyzp/yun1\",\"x\":541},{\"width\":47,\"y\":608,\"height\":49,\"name\":\"candyzp/bbt\",\"x\":156},{\"width\":34,\"y\":608,\"height\":44,\"name\":\"candyzp/t2\",\"x\":253},{\"width\":153,\"y\":608,\"height\":60,\"name\":\"candyzp/yun2\",\"x\":1},{\"width\":46,\"y\":608,\"height\":46,\"name\":\"candyzp/t1\",\"x\":205},{\"width\":504,\"y\":1,\"height\":556,\"name\":\"candyzp/guang\",\"x\":543}],\"height\":1024,\"name\":\"candyzp\",\"imagePath\":\"candyzp_tex.png\"}"]],0,0,[0],[0],[0]]