[1,["5aiDm7BztLTo7/ZObC2Eo6"],0,[["sp.SkeletonData",["_name","_atlasText","textureNames","_skeletonJson","textures"],-1,3]],[[0,0,1,2,3,4,5]],[[0,"download reward","\ndownload reward.png\nsize: 512,128\nformat: RGBA8888\nfilter: Linear,Linear\nrepeat: none\n01\n  rotate: false\n  xy: 2, 2\n  size: 89, 33\n  orig: 89, 33\n  offset: 0, 0\n  index: -1\n02\n  rotate: false\n  xy: 282, 92\n  size: 21, 20\n  orig: 21, 20\n  offset: 0, 0\n  index: -1\n04\n  rotate: false\n  xy: 130, 43\n  size: 74, 69\n  orig: 74, 69\n  offset: 0, 0\n  index: -1\n04a\n  rotate: false\n  xy: 206, 43\n  size: 74, 69\n  orig: 74, 69\n  offset: 0, 0\n  index: -1\n05\n  rotate: false\n  xy: 2, 37\n  size: 126, 75\n  orig: 126, 75\n  offset: 0, 0\n  index: -1\n",["download reward.png"],{"skeleton":{"hash":"qUBVXBehYes4pIBUmupI6DtXSzw","spine":"3.6.53","width":126,"height":80},"bones":[{"name":"root"},{"name":"aa","parent":"root"},{"name":"04","parent":"aa","length":51.71,"rotation":90,"y":-28.09}],"slots":[{"name":"05","bone":"aa","attachment":"05"},{"name":"4","bone":"04","attachment":"04"},{"name":"04","bone":"04","attachment":"04a"},{"name":"02","bone":"aa","attachment":"02"},{"name":"2","bone":"aa","attachment":"02"},{"name":"01","bone":"aa","attachment":"01"}],"skins":{"default":{"2":{"02":{"x":18.41,"y":28.07,"width":21,"height":20}},"4":{"04":{"x":28.59,"rotation":-90,"width":74,"height":69}},"01":{"01":{"x":0.5,"y":-22.5,"width":89,"height":33}},"02":{"02":{"x":-35.56,"y":10.97,"width":21,"height":20}},"04":{"04a":{"x":28.59,"rotation":-90,"width":74,"height":69}},"05":{"05":{"x":1,"y":3.5,"width":126,"height":75}}}},"animations":{"animation":{"slots":{"2":{"color":[{"time":0,"color":"ffffff00","curve":"stepped"},{"time":1.3667,"color":"ffffff00"},{"time":1.6667,"color":"ffffffff"},{"time":2,"color":"ffffff00"}]},"02":{"color":[{"time":0,"color":"ffffff00","curve":"stepped"},{"time":1.0333,"color":"ffffff00"},{"time":1.3333,"color":"ffffffff"},{"time":1.6667,"color":"ffffff00"}]},"04":{"color":[{"time":0,"color":"ffffff00"},{"time":0.6667,"color":"ffffffff"},{"time":1.5,"color":"ffffff00"}]},"05":{"color":[{"time":0,"color":"ffffff61"},{"time":1,"color":"ffffffff"},{"time":2,"color":"ffffff61"}]}},"bones":{"04":{"rotate":[{"time":0,"angle":0,"curve":"stepped"},{"time":0.3333,"angle":0,"curve":"stepped"},{"time":0.6667,"angle":0,"curve":"stepped"},{"time":1,"angle":0,"curve":"stepped"},{"time":2,"angle":0}],"translate":[{"time":0,"x":0,"y":0,"curve":"stepped"},{"time":0.3333,"x":0,"y":0,"curve":"stepped"},{"time":0.6667,"x":0,"y":0,"curve":"stepped"},{"time":1,"x":0,"y":0,"curve":"stepped"},{"time":2,"x":0,"y":0}],"scale":[{"time":0,"x":1,"y":1},{"time":0.3333,"x":0.963,"y":1.066},{"time":0.6667,"x":1.023,"y":0.992},{"time":1,"x":1,"y":1,"curve":"stepped"},{"time":2,"x":1,"y":1}],"shear":[{"time":0,"x":0,"y":0,"curve":"stepped"},{"time":0.3333,"x":0,"y":0,"curve":"stepped"},{"time":0.6667,"x":0,"y":0,"curve":"stepped"},{"time":1,"x":0,"y":0,"curve":"stepped"},{"time":2,"x":0,"y":0}]}}}}},[0]]],0,0,[0],[-1],[0]]