[1,["b9jwHLMuVH5K2I4/oBPdAO"],["_texture"],[["dragonBones.DragonBonesAtlasAsset",["_name","_atlasJson"],1]],[[0,0,1,3]],[[0,"sca_tex","{\"width\":1024,\"SubTexture\":[{\"width\":172,\"y\":1,\"height\":136,\"name\":\"scatter/图层_11_拷贝_2\",\"x\":797},{\"width\":166,\"y\":139,\"height\":129,\"name\":\"scatter/图层_21_拷贝\",\"x\":797},{\"width\":51,\"y\":139,\"height\":97,\"name\":\"scatter/图层_23_拷贝_2\",\"x\":965},{\"width\":51,\"y\":1,\"height\":97,\"name\":\"scatter/图层_23_拷贝_3\",\"x\":971},{\"width\":128,\"y\":1,\"height\":512,\"name\":\"shandian08/图层_2\",\"x\":291},{\"width\":118,\"y\":1,\"height\":512,\"name\":\"shandian08/图层_1\",\"x\":421},{\"width\":149,\"y\":1,\"height\":512,\"name\":\"shandian08/图层_3\",\"x\":1},{\"width\":137,\"y\":1,\"height\":512,\"name\":\"shandian08/图层_4\",\"x\":152},{\"width\":192,\"y\":1,\"height\":162,\"name\":\"scatter/图层_7_拷贝\",\"x\":541},{\"width\":166,\"y\":308,\"height\":35,\"name\":\"scatter/组_3_拷贝\",\"x\":797},{\"width\":54,\"y\":952,\"height\":62,\"name\":\"totalwin_shandian/5\",\"x\":780},{\"width\":51,\"y\":788,\"height\":60,\"name\":\"totalwin_shandian/8\",\"x\":634},{\"width\":25,\"y\":384,\"height\":31,\"name\":\"totalwin_shandian/16\",\"x\":859},{\"width\":35,\"y\":905,\"height\":48,\"name\":\"totalwin_shandian/7\",\"x\":680},{\"width\":23,\"y\":667,\"height\":31,\"name\":\"totalwin_shandian/10\",\"x\":695},{\"width\":36,\"y\":345,\"height\":38,\"name\":\"totalwin_shandian/9\",\"x\":900},{\"width\":59,\"y\":667,\"height\":56,\"name\":\"totalwin_shandian/13\",\"x\":634},{\"width\":14,\"y\":416,\"height\":20,\"name\":\"totalwin_shandian/4\",\"x\":797},{\"width\":51,\"y\":725,\"height\":61,\"name\":\"totalwin_shandian/15\",\"x\":634},{\"width\":18,\"y\":389,\"height\":28,\"name\":\"totalwin_shandian/14\",\"x\":829},{\"width\":23,\"y\":725,\"height\":64,\"name\":\"totalwin_shandian/17\",\"x\":687},{\"width\":32,\"y\":238,\"height\":24,\"name\":\"totalwin_shandian/2\",\"x\":965},{\"width\":39,\"y\":345,\"height\":37,\"name\":\"totalwin_shandian/12\",\"x\":859},{\"width\":30,\"y\":389,\"height\":25,\"name\":\"totalwin_shandian/1\",\"x\":797},{\"width\":15,\"y\":660,\"height\":5,\"name\":\"totalwin_shandian/19\",\"x\":634},{\"width\":19,\"y\":835,\"height\":12,\"name\":\"totalwin_shandian/22\",\"x\":687},{\"width\":51,\"y\":100,\"height\":32,\"name\":\"totalwin_shandian/21\",\"x\":971},{\"width\":44,\"y\":850,\"height\":59,\"name\":\"totalwin_shandian/3\",\"x\":634},{\"width\":60,\"y\":345,\"height\":42,\"name\":\"totalwin_shandian/20\",\"x\":797},{\"width\":24,\"y\":791,\"height\":42,\"name\":\"totalwin_shandian/18\",\"x\":687},{\"width\":38,\"y\":850,\"height\":53,\"name\":\"totalwin_shandian/11\",\"x\":680},{\"width\":15,\"y\":700,\"height\":23,\"name\":\"totalwin_shandian/6\",\"x\":695},{\"width\":172,\"y\":270,\"height\":36,\"name\":\"scatter/图层_8_拷贝\",\"x\":797},{\"width\":58,\"y\":165,\"height\":497,\"name\":\"shandian04/图层_5\",\"x\":541},{\"width\":58,\"y\":165,\"height\":493,\"name\":\"shandian04/图层_6\",\"x\":601},{\"width\":57,\"y\":165,\"height\":500,\"name\":\"shandian04/图层_3\",\"x\":661},{\"width\":60,\"y\":1,\"height\":507,\"name\":\"shandian04/图层_2\",\"x\":735},{\"width\":58,\"y\":510,\"height\":489,\"name\":\"shandian04/图层_7\",\"x\":720},{\"width\":63,\"y\":510,\"height\":440,\"name\":\"shandian04/图层_8\",\"x\":780},{\"width\":31,\"y\":660,\"height\":208,\"name\":\"shandian04/图层_1\",\"x\":601},{\"width\":54,\"y\":510,\"height\":499,\"name\":\"shandian04/图层_4\",\"x\":845}],\"height\":1024,\"name\":\"sca\",\"imagePath\":\"sca_tex.png\"}"]],0,0,[0],[0],[0]]