[1,["66jBZwEUJMZ4BzyPvPcN91"],["_texture"],[["dragonBones.DragonBonesAtlasAsset",["_name","_atlasJson"],1]],[[0,0,1,3]],[[0,"bigwin_tex","{\"width\":1024,\"imagePath\":\"bigwin_tex.png\",\"height\":1024,\"name\":\"bigwin\",\"SubTexture\":[{\"width\":555,\"y\":1,\"height\":477,\"name\":\"big win/4e0e5262961cebb77f85fb47d4f817b\",\"x\":1},{\"width\":760,\"y\":693,\"height\":197,\"name\":\"big win/组_115\",\"x\":1},{\"width\":790,\"y\":480,\"height\":211,\"name\":\"big win/bigwin_拷贝\",\"x\":1}]}"]],0,0,[0],[0],[0]]