[1,0,0,[["dragonBones.DragonBonesAsset",["_name","_dragonBonesJson"],1]],[[0,0,1,3]],[[0,"guaguale_ske","{\"frameRate\":24,\"isGlobal\":0,\"armature\":[{\"defaultActions\":[{\"gotoAndPlay\":\"newAnimation\"}],\"aabb\":{\"width\":275,\"y\":-189.5,\"height\":190,\"x\":-137},\"type\":\"Armature\",\"frameRate\":24,\"skin\":[{\"name\":\"\",\"slot\":[{\"display\":[{\"path\":\"guaguale/diban\",\"type\":\"image\",\"name\":\"guaguale/diban\",\"transform\":{\"y\":-14,\"x\":2.5}}],\"name\":\"diban\"},{\"display\":[{\"path\":\"guaguale/jiangpian2\",\"type\":\"image\",\"name\":\"guaguale/jiangpian2\",\"transform\":{\"y\":-13,\"x\":-11}}],\"name\":\"jiangpian2\"},{\"display\":[{\"path\":\"guaguale/bgbg\",\"type\":\"image\",\"name\":\"guaguale/bgbg\",\"transform\":{\"y\":0.5,\"x\":0.5}}],\"name\":\"bgbg\"},{\"display\":[{\"path\":\"guaguale/diguojiang\",\"type\":\"image\",\"name\":\"guaguale/diguojiang\",\"transform\":{\"y\":-19.5,\"x\":-0.5}}],\"name\":\"diguojiang\"},{\"display\":[{\"path\":\"guaguale/guaguale\",\"type\":\"image\",\"name\":\"guaguale/guaguale\",\"transform\":{\"y\":42}}],\"name\":\"guaguale\"},{\"display\":[{\"path\":\"guaguale/jinbi2\",\"type\":\"image\",\"name\":\"guaguale/jinbi2\",\"transform\":{\"skX\":125.3825,\"y\":-0.3672,\"skY\":125.3825,\"x\":6.8228}}],\"name\":\"jinbi2\"},{\"display\":[{\"path\":\"guaguale/shou\",\"type\":\"image\",\"name\":\"guaguale/shou\",\"transform\":{\"skX\":136.3937,\"y\":0.9175,\"skY\":136.3937,\"x\":24.6276}}],\"name\":\"shou\"},{\"display\":[{\"path\":\"guaguale/1\",\"type\":\"image\",\"name\":\"guaguale/1\",\"transform\":{\"y\":-19.5,\"x\":-0.5}},{\"path\":\"guaguale/2\",\"type\":\"image\",\"name\":\"guaguale/2\",\"transform\":{\"y\":-19.5,\"x\":-0.5}},{\"path\":\"guaguale/3\",\"type\":\"image\",\"name\":\"guaguale/3\",\"transform\":{\"y\":-19.5,\"x\":-0.5}},{\"path\":\"guaguale/4\",\"type\":\"image\",\"name\":\"guaguale/4\",\"transform\":{\"y\":-19.5,\"x\":-0.5}}],\"name\":\"1\"},{\"display\":[{\"path\":\"guaguale/ooo\",\"type\":\"image\",\"name\":\"guaguale/ooo\",\"transform\":{\"y\":68,\"x\":2}}],\"name\":\"ooo\"},{\"display\":[{\"path\":\"guaguale/jinbi\",\"type\":\"image\",\"name\":\"guaguale/jinbi\",\"transform\":{\"skX\":161.834,\"y\":-4.6253,\"skY\":161.834,\"x\":11.6906}}],\"name\":\"jinbi\"},{\"display\":[{\"path\":\"guaguale/jinbi3\",\"type\":\"image\",\"name\":\"guaguale/jinbi3\",\"transform\":{\"skX\":25.9964,\"y\":-0.617,\"skY\":25.9964,\"x\":-0.923}}],\"name\":\"jinbi3\"}]}],\"animation\":[{\"frame\":[],\"playTimes\":0,\"ik\":[],\"ffd\":[],\"duration\":90,\"slot\":[{\"frame\":[{\"tweenEasing\":null,\"duration\":90}],\"name\":\"diguojiang\"},{\"frame\":[{\"tweenEasing\":null,\"duration\":9},{\"tweenEasing\":null,\"duration\":9},{\"tweenEasing\":null,\"displayIndex\":1,\"duration\":12},{\"tweenEasing\":null,\"displayIndex\":2,\"duration\":9},{\"tweenEasing\":null,\"displayIndex\":3,\"duration\":9},{\"tweenEasing\":0,\"displayIndex\":3,\"duration\":15},{\"tweenEasing\":null,\"displayIndex\":3,\"color\":{\"aM\":0},\"duration\":5},{\"tweenEasing\":0,\"displayIndex\":-1,\"color\":{\"aM\":0},\"duration\":22}],\"name\":\"1\"}],\"bone\":[{\"frame\":[{\"transform\":{},\"duration\":90},{\"transform\":{},\"duration\":0}],\"name\":\"root\"},{\"frame\":[{\"tweenEasing\":0,\"transform\":{},\"duration\":15},{\"tweenEasing\":0,\"transform\":{\"y\":-4.3034,\"x\":1.1844},\"duration\":18},{\"transform\":{},\"duration\":57}],\"name\":\"jinbi2\"},{\"frame\":[{\"tweenEasing\":0,\"transform\":{},\"duration\":27},{\"tweenEasing\":0,\"transform\":{\"skX\":16.9964,\"skY\":16.9964},\"duration\":24},{\"transform\":{},\"duration\":39}],\"name\":\"jinbi3\"},{\"frame\":[{\"tweenEasing\":0,\"transform\":{},\"duration\":24},{\"tweenEasing\":0,\"transform\":{\"skX\":-4.996,\"y\":-10.38,\"skY\":-4.996},\"duration\":27},{\"transform\":{},\"duration\":39},{\"transform\":{},\"duration\":0}],\"name\":\"jinbi\"},{\"frame\":[{\"tweenEasing\":0,\"transform\":{},\"duration\":12},{\"tweenEasing\":0,\"transform\":{\"x\":-24.8729},\"duration\":8},{\"tweenEasing\":0,\"transform\":{\"y\":-21.2802,\"x\":11.0546},\"duration\":4},{\"tweenEasing\":0,\"transform\":{\"y\":8.5302,\"x\":-12.9763},\"duration\":6},{\"tweenEasing\":0,\"transform\":{\"y\":-4.7114,\"x\":15.8033},\"duration\":3},{\"tweenEasing\":0,\"transform\":{\"y\":-3.7533,\"x\":19.3478},\"duration\":3},{\"tweenEasing\":0,\"transform\":{\"y\":-8.2524,\"x\":16.1813},\"duration\":3},{\"tweenEasing\":0,\"transform\":{\"y\":-3.5138,\"x\":32.7691},\"duration\":3},{\"tweenEasing\":0,\"transform\":{\"y\":0.4343,\"x\":19.3456},\"duration\":3},{\"tweenEasing\":0,\"transform\":{\"y\":-5.093,\"x\":31.5847},\"duration\":3},{\"tweenEasing\":0,\"transform\":{\"skX\":-12.9963,\"y\":-7.0915,\"skY\":-12.9963,\"x\":-18.6612},\"duration\":3},{\"tweenEasing\":0,\"transform\":{\"skX\":-9.7463,\"y\":-0.0251,\"skY\":-9.7463,\"x\":32.5224},\"duration\":3},{\"tweenEasing\":0,\"transform\":{\"skX\":-6.4963,\"y\":12.3595,\"skY\":-6.4963,\"x\":-10.8069},\"duration\":3},{\"tweenEasing\":0,\"transform\":{\"skX\":-3.2463,\"y\":-0.0251,\"skY\":-3.2463,\"x\":38.6339},\"duration\":3},{\"transform\":{\"skX\":0.0037,\"skY\":0.0037},\"duration\":30}],\"name\":\"shou\"}],\"name\":\"newAnimation\"}],\"bone\":[{\"name\":\"root\",\"transform\":{\"y\":-95}},{\"length\":15,\"transform\":{\"skX\":-125.3825,\"y\":-8.65,\"skY\":-125.3825,\"x\":-82.75},\"parent\":\"root\",\"name\":\"jinbi2\"},{\"length\":18,\"transform\":{\"skX\":-25.9964,\"y\":14.65,\"skY\":-25.9964,\"x\":86.6},\"parent\":\"root\",\"name\":\"jinbi3\"},{\"length\":30,\"transform\":{\"skX\":-161.834,\"y\":21.75,\"skY\":-161.834,\"x\":-53.95},\"parent\":\"root\",\"name\":\"jinbi\"},{\"length\":56,\"transform\":{\"skX\":-136.3937,\"y\":22.15,\"skY\":-136.3937,\"x\":48.7},\"parent\":\"root\",\"name\":\"shou\"}],\"ik\":[],\"name\":\"Armature\",\"slot\":[{\"name\":\"bgbg\",\"parent\":\"root\",\"color\":{}},{\"z\":1,\"name\":\"jinbi3\",\"parent\":\"jinbi3\",\"color\":{}},{\"z\":2,\"name\":\"jiangpian2\",\"parent\":\"root\",\"color\":{}},{\"z\":3,\"name\":\"diban\",\"parent\":\"root\",\"color\":{}},{\"z\":4,\"name\":\"diguojiang\",\"parent\":\"root\",\"color\":{}},{\"z\":5,\"name\":\"1\",\"parent\":\"root\",\"color\":{}},{\"z\":6,\"name\":\"jinbi2\",\"parent\":\"jinbi2\",\"color\":{}},{\"z\":7,\"name\":\"jinbi\",\"parent\":\"jinbi\",\"color\":{}},{\"z\":8,\"name\":\"ooo\",\"parent\":\"root\",\"color\":{}},{\"z\":9,\"name\":\"shou\",\"parent\":\"shou\",\"color\":{}},{\"z\":10,\"name\":\"guaguale\",\"parent\":\"root\",\"color\":{}}]}],\"name\":\"guaguale\",\"version\":\"5.0\"}"]],0,0,[],[],[]]