[1,["f5EGDLMW5E17lDBSP/Go7X"],["_texture"],[["dragonBones.DragonBonesAtlasAsset",["_name","_atlasJson"],1]],[[0,0,1,3]],[[0,"guaguale_tex","{\"width\":512,\"SubTexture\":[{\"width\":275,\"y\":1,\"height\":190,\"name\":\"guaguale/bgbg\",\"x\":1},{\"width\":47,\"y\":239,\"height\":34,\"name\":\"guaguale/jinbi3\",\"x\":190},{\"width\":208,\"y\":138,\"height\":137,\"name\":\"guaguale/jiangpian2\",\"x\":278},{\"width\":213,\"y\":1,\"height\":135,\"name\":\"guaguale/diban\",\"x\":278},{\"width\":187,\"y\":391,\"height\":112,\"name\":\"guaguale/diguojiang\",\"x\":190},{\"width\":187,\"y\":307,\"height\":112,\"name\":\"guaguale/4\",\"x\":1},{\"width\":187,\"y\":421,\"height\":112,\"name\":\"guaguale/2\",\"x\":1},{\"width\":187,\"y\":193,\"height\":112,\"name\":\"guaguale/3\",\"x\":1},{\"width\":187,\"y\":277,\"height\":112,\"name\":\"guaguale/1\",\"x\":190},{\"width\":34,\"y\":239,\"height\":23,\"name\":\"guaguale/jinbi2\",\"x\":239},{\"width\":61,\"y\":193,\"height\":44,\"name\":\"guaguale/jinbi\",\"x\":190},{\"width\":126,\"y\":369,\"height\":29,\"name\":\"guaguale/ooo\",\"x\":379},{\"width\":99,\"y\":277,\"height\":90,\"name\":\"guaguale/shou\",\"x\":379},{\"width\":252,\"y\":505,\"height\":35,\"name\":\"guaguale/guaguale\",\"x\":190}],\"height\":1024,\"name\":\"guaguale\",\"imagePath\":\"guaguale_tex.png\"}"]],0,0,[0],[0],[0]]