[1,["f3E2YE9XxJy7BXW3NZa+wx","98FT9zdy5CRLeVjjXkdbEn","deDUjZFzJL6Y053Un6zOm7","2atETMMFJOSZP39Mqvc2/5","9cHk9WnB9DdK8fmDfxUiNE","9fy7puPtpLyqRdqeVRAPif","52pgLJiqNKP6c1xuSiJwPA","63d5fe7S9Gha6lmb5SddeJ","75hmQTJPxCR5He/0Y/rDd3","34wmgLT09LHKeFgxWt+ubr","6ckIfP1MFHBqkZ+uFSKBiP","73qrLZAf5NsIX8/PCTwXdU","13MeIgFOdJZYnx4lX6PpKn","cfvIKYAHxN8Yqw8sRdZm5y","c1mcvBIGpJP7l3sTEWEvjF","b5NxquhQ1Ge6kqJJXRDram","8dmCVxTOZGfbeVfzo+enKN","27QkTzhCJFVLgdPSZhthNA"],["_textureSetter","222_00032","222_00033","222_00034","222_00036","222_00037","222_00039","222_00041","222_00042","222_00043","222_00044","222_00045","222_00046","222_00047","222_00055","222_00058","222_00059","222_00060"],["cc.SpriteFrame",["cc.SpriteAtlas",["_name","_spriteFrames"],2,11]],[[1,0,1,2]],[[[{"name":"222_00046","rect":[304,2,300,700],"offset":[0,0],"originalSize":[300,700],"capInsets":[0,0,0,0]}],[0],0,[0],[0],[0]],[[{"name":"222_00060","rect":[2,2,300,700],"offset":[0,0],"originalSize":[300,700],"capInsets":[0,0,0,0]}],[0],0,[0],[0],[0]],[[{"name":"222_00034","rect":[1210,1006,300,700],"offset":[0,0],"originalSize":[300,700],"rotated":1,"capInsets":[0,0,0,0]}],[0],0,[0],[0],[0]],[[{"name":"222_00043","rect":[606,704,300,700],"offset":[0,0],"originalSize":[300,700],"capInsets":[0,0,0,0]}],[0],0,[0],[0],[0]],[[{"name":"222_00039","rect":[908,606,300,700],"offset":[0,0],"originalSize":[300,700],"capInsets":[0,0,0,0]}],[0],0,[0],[0],[0]],[[{"name":"222_00041","rect":[606,304,300,700],"offset":[0,0],"originalSize":[300,700],"rotated":1,"capInsets":[0,0,0,0]}],[0],0,[0],[0],[0]],[[{"name":"222_00044","rect":[1406,2,300,700],"offset":[0,0],"originalSize":[300,700],"capInsets":[0,0,0,0]}],[0],0,[0],[0],[0]],[[{"name":"222_00045","rect":[304,704,300,700],"offset":[0,0],"originalSize":[300,700],"capInsets":[0,0,0,0]}],[0],0,[0],[0],[0]],[[{"name":"222_00042","rect":[1708,2,300,700],"offset":[0,0],"originalSize":[300,700],"capInsets":[0,0,0,0]}],[0],0,[0],[0],[0]],[[{"name":"222_00059","rect":[2,704,300,700],"offset":[0,0],"originalSize":[300,700],"capInsets":[0,0,0,0]}],[0],0,[0],[0],[0]],[[{"name":"222_00036","rect":[1210,704,300,700],"offset":[0,0],"originalSize":[300,700],"rotated":1,"capInsets":[0,0,0,0]}],[0],0,[0],[0],[0]],[[{"name":"222_00037","rect":[908,1308,300,700],"offset":[0,0],"originalSize":[300,700],"capInsets":[0,0,0,0]}],[0],0,[0],[0],[0]],[[{"name":"222_00058","rect":[2,1406,300,700],"offset":[0,0],"originalSize":[300,700],"rotated":1,"capInsets":[0,0,0,0]}],[0],0,[0],[0],[0]],[[{"name":"222_00055","rect":[2,1708,300,700],"offset":[0,0],"originalSize":[300,700],"rotated":1,"capInsets":[0,0,0,0]}],[0],0,[0],[0],[0]],[[[0,"waitRight.plist",[{},"222_00032",6,0,"222_00033",6,1,"222_00034",6,2,"222_00036",6,3,"222_00037",6,4,"222_00039",6,5,"222_00041",6,6,"222_00042",6,7,"222_00043",6,8,"222_00044",6,9,"222_00045",6,10,"222_00046",6,11,"222_00047",6,12,"222_00055",6,13,"222_00058",6,14,"222_00059",6,15,"222_00060",6,16]]],0,0,[0,0,0,0,0,0,0,0,0,0,0,0,0,0,0,0,0],[1,2,3,4,5,6,7,8,9,10,11,12,13,14,15,16,17],[1,2,3,4,5,6,7,8,9,10,11,12,13,14,15,16,17]],[[{"name":"222_00047","rect":[704,2,300,700],"offset":[0,0],"originalSize":[300,700],"rotated":1,"capInsets":[0,0,0,0]}],[0],0,[0],[0],[0]],[[{"name":"222_00033","rect":[1210,1308,300,700],"offset":[0,0],"originalSize":[300,700],"capInsets":[0,0,0,0]}],[0],0,[0],[0],[0]]]]