[1,["ecpdLyjvZBwrvm+cedCcQy","02gb3T0mhHpZ6Pp4fRrKan","badN1P2PtEA4fJd9KadG6a","1c94Z4LVpKa4PaV7UL5HFb","f7SHvTd61EZ57bOeF0F4kA","eeZZT1RIdCVbUolvk52zMj","1c9KzO5hFL9pkACzvw601Q","ec1QX171FMAKWz4vsrOYTa","6eyQ16OWhPpa5aur4fgF/N","bc69R1Uy5KwZ9KDx8aYRfc","d2Gg6VAIhO0Ka551UbjZSs","52IdEk6lxO9JduOny6gtJt"],["node","_spriteFrame","_N$file","root","data","_parent","_file","_N$dragonAsset","_N$dragonAtlasAsset","spriteFrame"],[["cc.Node",["_name","_active","_opacity","_prefab","_parent","_children","_components","_trs","_contentSize","_color"],0,4,1,2,9,7,5,5],["cc.Widget",["_alignFlags","_originalWidth","_originalHeight","node"],0,1],["cc.PrefabInfo",["fileId","root"],2,1],["cc.Sprite",["_sizeMode","node","_materials","_spriteFrame"],2,1,3,6],["cc.Label",["_string","_fontSize","_isSystemFontUsed","_N$horizontalAlign","_N$verticalAlign","_lineHeight","_spacingX","node","_materials","_N$file"],-4,1,3,6],["cc.Prefab",["_name"],2],["cc.BlockInputEvents",["node"],3,1],["cc.Button",["zoomScale","_N$transition","node"],1,1],["cc.ParticleSystem",["_custom","playOnLoad","totalParticles","duration","emissionRate","life","lifeVar","angleVar","startSize","startSizeVar","endSize","startSpinVar","endSpin","_positionType","speed","speedVar","tangentialAccel","tangentialAccelVar","radialAccel","node","_materials","_startColor","_startColorVar","_endColor","_endColorVar","gravity","_file","_spriteFrame"],-16,1,3,8,8,8,8,5,6,6],["dragonBones.ArmatureDisplay",["_armatureName","_animationName","_preCacheMode","playTimes","_armatureKey","node","_materials","_N$dragonAsset","_N$dragonAtlasAsset"],-2,1,3,6,6],["dragonBones.DragonBonesAsset",["_name","_dragonBonesJson"],1],["cc.BitmapFont",["_name","fontSize","_fntConfig"],0]],[[2,0,1,2],[0,0,4,6,3,8,7,2],[3,1,2,3,1],[0,0,1,5,6,3,8,7,3],[4,0,1,2,3,4,7,8,9,6],[5,0,2],[0,0,4,5,3,7,2],[0,0,2,4,6,3,9,8,3],[0,0,4,5,3,2],[0,0,1,4,5,3,7,3],[0,0,4,5,6,3,8,7,2],[0,0,4,6,3,2],[1,0,3,2],[1,0,1,2,3,4],[2,1,1],[3,0,1,2,2],[6,0,1],[7,0,1,2,3],[8,0,1,2,3,4,5,6,7,8,9,10,11,12,13,14,15,16,17,18,19,20,21,22,23,24,25,26,27,20],[9,0,1,2,3,4,5,6,7,8,6],[4,0,1,5,2,6,3,4,7,8,9,8],[10,0,1,3],[11,0,1,2,4]],[[[[5,"bigWinNode"],[3,"bigWinNode",false,[-3,-4],[[12,45,-2]],[14,-1],[5,1520,720],[760,360,0,0,0,0,1,1,1,1]],[6,"node",1,[-5,-6,-7,-8],[0,"fcWemAL/FJPZ0+WjpYvxX/",1],[0,-32,0,0,0,0,1,1,1,1]],[7,"bg",160,1,[[15,0,-9,[0]],[13,45,100,100,-10],[16,-11]],[0,"b97DKNeNZDYKzSN3v5KGrU",1],[4,4278190080],[5,1520,720]],[3,"WinCloseBtn",false,[-14],[[2,-12,[9],10],[17,1.1,3,-13]],[0,"e9O8Eq0Q5PXYi2euoYEL75",1],[5,226,74],[0,-139,0,0,0,0,1,1,1,0]],[8,"winConten",2,[4,-15],[0,"c71FSc8DRNi5WWfZcc+kOX",1]],[9,"luckyBall",false,2,[-16,-17],[0,"cahORRciFH+b/uUS5TMuTB",1],[0,-139,0,0,0,0,1,1,1,1]],[10,"luckbtn",6,[-19],[[2,-18,[15],16]],[0,"b2sWsLwMZM06ioxcv6E++i",1],[5,245,88],[150,0,0,0,0,0,1,1,1,1]],[11,"particle",2,[[18,true,false,55,25,22,2,0.25,60,56,30,-1,720,360,1,540,20,12,12,6,-20,[1],[4,4294967295],[4,0],[4,4294967295],[4,0],[0,2,-550],2,3]],[0,"74IhZ78aNMKbH1OuZb5lHt",1]],[1,"win",2,[[19,"Armature","newAnimation",0,0,"1cf78678-2d5a-4a6b-83da-57b50be4715b#f7487bd3-77ad-4467-9edb-39e174178900",-21,[4],5,6]],[0,"e8S8cTUUJMMI+sZ16MSUdy",1],[5,1100,621],[0,33,0,0,0,0,1,1,1,1]],[1,"WinTimeLabel",4,[[4,"10",28,false,1,1,-22,[7],8]],[0,"34Dwllg0dOYqYpaNCn95VP",1],[5,33.25,40],[57.197,25.608,0,0,0,0,1,1,1,1]],[1,"WinLabel",5,[[20,"12121",30,30,false,10,1,1,-23,[11],12]],[0,"65HyhxvEpLDa9T3lZbJRlA",1],[5,309.06,30],[0,-56.534,0,0,0,0,1,1,1,1]],[1,"timeLab",7,[[4,"1",25,false,1,1,-24,[13],14]],[0,"abvKVfZqZFPZlnQixmCgn5",1],[5,16.41,40],[82,-5,0,0,0,0,1,1,1,1]],[1,"closebtn",6,[[2,-25,[17],18]],[0,"648wmr7a5BAYnaiFBsn1Zj",1],[5,227,86],[-150,0,0,0,0,0,1,1,1,1]]],0,[0,3,1,0,0,1,0,-1,3,0,-2,2,0,-1,8,0,-2,9,0,-3,5,0,-4,6,0,0,3,0,0,3,0,0,3,0,0,4,0,0,4,0,-1,10,0,-2,11,0,-1,7,0,-2,13,0,0,7,0,-1,12,0,0,8,0,0,9,0,0,10,0,0,11,0,0,12,0,0,13,0,4,1,4,5,5,25],[0,0,0,0,0,0,0,0,0,0,0,0,0,0,0,0,0,0,0],[-1,-1,6,1,-1,7,8,-1,2,-1,1,-1,2,-1,2,-1,1,-1,1],[0,0,1,2,0,3,4,0,5,0,6,0,7,0,8,0,9,0,10]],[[[21,"bigwin_ske","{\"frameRate\":24,\"isGlobal\":0,\"armature\":[{\"aabb\":{\"width\":1100,\"y\":-431.1520716718568,\"height\":621,\"x\":-544.3930398403778},\"ik\":[],\"type\":\"Armature\",\"bone\":[{\"name\":\"root\",\"transform\":{}},{\"length\":75,\"transform\":{\"scX\":0.4609,\"y\":-149,\"scY\":0.4609,\"skX\":87.7094,\"skY\":87.7094,\"x\":5.3765},\"parent\":\"root\",\"name\":\"bigwin_拷贝\"},{\"length\":76,\"transform\":{\"y\":-284,\"skX\":88.4926,\"skY\":88.4926,\"x\":-9},\"parent\":\"root\",\"name\":\"4e0e5262961cebb77f85fb47d4f817b\"},{\"length\":80,\"transform\":{\"y\":2,\"skX\":90,\"skY\":90,\"x\":-4},\"parent\":\"root\",\"name\":\"组_115\"},{\"length\":18,\"transform\":{\"scX\":2.9083,\"y\":-78.6897,\"scY\":2.9083,\"skX\":112.6431,\"skY\":112.6431,\"x\":-30.6736},\"parent\":\"root\",\"name\":\"root1\"},{\"length\":18,\"transform\":{\"scX\":2.9083,\"y\":-207.8201,\"scY\":2.9083,\"skX\":112.6431,\"skY\":112.6431,\"x\":64.8749},\"parent\":\"root\",\"name\":\"root11\"}],\"defaultActions\":[{\"gotoAndPlay\":\"newAnimation\"}],\"slot\":[{\"color\":{},\"name\":\"4e0e5262961cebb77f85fb47d4f817b\",\"parent\":\"4e0e5262961cebb77f85fb47d4f817b\"},{\"z\":1,\"color\":{},\"name\":\"组_115\",\"parent\":\"组_115\"},{\"z\":2,\"color\":{},\"name\":\"bigwin_拷贝\",\"parent\":\"bigwin_拷贝\"},{\"z\":3,\"color\":{},\"name\":\"root\",\"parent\":\"root1\"},{\"z\":4,\"color\":{},\"name\":\"root1\",\"parent\":\"root11\"}],\"animation\":[{\"duration\":35,\"frame\":[],\"bone\":[{\"frame\":[{\"duration\":35,\"transform\":{}}],\"name\":\"root\"},{\"frame\":[{\"duration\":10,\"transform\":{\"y\":-313.9883},\"tweenEasing\":0},{\"duration\":5,\"transform\":{\"y\":46.6646},\"tweenEasing\":0},{\"duration\":6,\"transform\":{\"y\":22.3782},\"tweenEasing\":0},{\"duration\":14,\"transform\":{\"y\":22.3782}}],\"name\":\"bigwin_拷贝\"},{\"frame\":[{\"duration\":7,\"transform\":{\"scX\":0.2,\"y\":188.6532,\"scY\":0.2},\"tweenEasing\":0},{\"duration\":4,\"transform\":{\"scX\":1.1759,\"y\":1.3011,\"scY\":1.1759},\"tweenEasing\":0},{\"duration\":24,\"transform\":{\"scX\":1.0875,\"y\":1.3011,\"scY\":1.0875}}],\"name\":\"4e0e5262961cebb77f85fb47d4f817b\"},{\"frame\":[{\"duration\":9,\"transform\":{\"y\":-421.1953},\"tweenEasing\":0},{\"duration\":3,\"transform\":{\"y\":50.9147},\"tweenEasing\":0},{\"duration\":23,\"transform\":{\"y\":14.4851}}],\"name\":\"组_115\"},{\"frame\":[{\"duration\":35,\"transform\":{}}],\"name\":\"root1\"},{\"frame\":[{\"duration\":35,\"transform\":{}}],\"name\":\"root11\"}],\"slot\":[{\"frame\":[{\"tweenEasing\":0,\"duration\":7,\"color\":{\"aM\":0}},{\"tweenEasing\":null,\"duration\":28}],\"name\":\"4e0e5262961cebb77f85fb47d4f817b\"},{\"frame\":[{\"tweenEasing\":0,\"duration\":9,\"color\":{\"aM\":0}},{\"tweenEasing\":null,\"duration\":26}],\"name\":\"组_115\"},{\"frame\":[{\"tweenEasing\":0,\"duration\":12,\"color\":{\"aM\":0}},{\"tweenEasing\":0,\"duration\":1,\"color\":{\"aM\":0}},{\"tweenEasing\":0,\"duration\":2,\"displayIndex\":5},{\"tweenEasing\":0,\"duration\":2,\"displayIndex\":6},{\"tweenEasing\":0,\"duration\":2,\"displayIndex\":4},{\"tweenEasing\":0,\"duration\":2,\"displayIndex\":7},{\"tweenEasing\":0,\"duration\":2,\"displayIndex\":3},{\"tweenEasing\":0,\"duration\":2,\"displayIndex\":8},{\"tweenEasing\":0,\"duration\":2,\"displayIndex\":2},{\"tweenEasing\":0,\"duration\":2,\"displayIndex\":9},{\"tweenEasing\":0,\"duration\":2,\"displayIndex\":1},{\"tweenEasing\":0,\"duration\":2,\"displayIndex\":10},{\"tweenEasing\":0,\"duration\":2},{\"tweenEasing\":null,\"duration\":0,\"displayIndex\":11}],\"name\":\"root\"},{\"frame\":[{\"tweenEasing\":0,\"duration\":12,\"color\":{\"aM\":0}},{\"tweenEasing\":0,\"duration\":1,\"color\":{\"aM\":0}},{\"tweenEasing\":0,\"duration\":2,\"displayIndex\":5},{\"tweenEasing\":0,\"duration\":2,\"displayIndex\":6},{\"tweenEasing\":0,\"duration\":2,\"displayIndex\":4},{\"tweenEasing\":0,\"duration\":2,\"displayIndex\":7},{\"tweenEasing\":0,\"duration\":2,\"displayIndex\":3},{\"tweenEasing\":0,\"duration\":2,\"displayIndex\":8},{\"tweenEasing\":0,\"duration\":2,\"displayIndex\":2},{\"tweenEasing\":0,\"duration\":2,\"displayIndex\":9},{\"tweenEasing\":0,\"duration\":2,\"displayIndex\":1},{\"tweenEasing\":0,\"duration\":2,\"displayIndex\":10},{\"tweenEasing\":0,\"duration\":2},{\"tweenEasing\":null,\"duration\":0,\"displayIndex\":11}],\"name\":\"root1\"}],\"ffd\":[],\"ik\":[],\"playTimes\":0,\"name\":\"newAnimation\"}],\"frameRate\":24,\"name\":\"Armature\",\"skin\":[{\"name\":\"\",\"slot\":[{\"display\":[{\"path\":\"big win/组_115\",\"type\":\"image\",\"name\":\"big win/组_115\",\"transform\":{\"y\":-2.5,\"skX\":-90,\"skY\":-90,\"x\":40.5}}],\"name\":\"组_115\"},{\"display\":[{\"path\":\"星光闪闪0001/星光闪闪0011\",\"type\":\"image\",\"name\":\"星光闪闪0001/星光闪闪0011\",\"transform\":{\"y\":2.5275,\"skX\":-112.6431,\"skY\":-112.6431,\"x\":8.0972}},{\"path\":\"星光闪闪0001/星光闪闪0009\",\"type\":\"image\",\"name\":\"星光闪闪0001/星光闪闪0009\",\"transform\":{\"y\":5.7524,\"skX\":-112.6431,\"skY\":-112.6431,\"x\":22.4446}},{\"path\":\"星光闪闪0001/星光闪闪0007\",\"type\":\"image\",\"name\":\"星光闪闪0001/星光闪闪0007\",\"transform\":{\"y\":2.9494,\"skX\":-112.6431,\"skY\":-112.6431,\"x\":10.982}},{\"path\":\"星光闪闪0001/星光闪闪0005\",\"type\":\"image\",\"name\":\"星光闪闪0001/星光闪闪0005\",\"transform\":{\"y\":-12.7455,\"skX\":-112.6431,\"skY\":-112.6431,\"x\":17.4371}},{\"path\":\"星光闪闪0001/星光闪闪0003\",\"type\":\"image\",\"name\":\"星光闪闪0001/星光闪闪0003\",\"transform\":{\"y\":-5.7445,\"skX\":-112.6431,\"skY\":-112.6431,\"x\":14.94}},{\"path\":\"星光闪闪0001/星光闪闪0001\",\"type\":\"image\",\"name\":\"星光闪闪0001/星光闪闪0001\",\"transform\":{\"y\":6.0662,\"skX\":-112.6431,\"skY\":-112.6431,\"x\":7.4063}},{\"path\":\"星光闪闪0001/星光闪闪0002\",\"type\":\"image\",\"name\":\"星光闪闪0001/星光闪闪0002\",\"transform\":{\"y\":5.0273,\"skX\":-112.6431,\"skY\":-112.6431,\"x\":8.5982}},{\"path\":\"星光闪闪0001/星光闪闪0004\",\"type\":\"image\",\"name\":\"星光闪闪0001/星光闪闪0004\",\"transform\":{\"y\":-13.708,\"skX\":-112.6431,\"skY\":-112.6431,\"x\":19.7444}},{\"path\":\"星光闪闪0001/星光闪闪0006\",\"type\":\"image\",\"name\":\"星光闪闪0001/星光闪闪0006\",\"transform\":{\"y\":-5.0906,\"skX\":-112.6431,\"skY\":-112.6431,\"x\":14.671}},{\"path\":\"星光闪闪0001/星光闪闪0008\",\"type\":\"image\",\"name\":\"星光闪闪0001/星光闪闪0008\",\"transform\":{\"y\":4.8691,\"skX\":-112.6431,\"skY\":-112.6431,\"x\":19.3674}},{\"path\":\"星光闪闪0001/星光闪闪0010\",\"type\":\"image\",\"name\":\"星光闪闪0001/星光闪闪0010\",\"transform\":{\"y\":4.4472,\"skX\":-112.6431,\"skY\":-112.6431,\"x\":16.4826}},{\"path\":\"星光闪闪0001/星光闪闪0012\",\"type\":\"image\",\"name\":\"星光闪闪0001/星光闪闪0012\",\"transform\":{\"y\":3.6429,\"skX\":-112.6431,\"skY\":-112.6431,\"x\":8.0207}}],\"name\":\"root\"},{\"display\":[{\"path\":\"big win/4e0e5262961cebb77f85fb47d4f817b\",\"type\":\"image\",\"name\":\"big win/4e0e5262961cebb77f85fb47d4f817b\",\"transform\":{\"y\":1.0128,\"skX\":-88.4926,\"skY\":-88.4926,\"x\":190.5393}}],\"name\":\"4e0e5262961cebb77f85fb47d4f817b\"},{\"display\":[{\"path\":\"f2c485dd3496f4ba5388046f0eaffc229322a1b4a388b-Qg0TpA\",\"type\":\"image\",\"name\":\"big win/bigwin_拷贝\",\"transform\":{\"y\":1.9584,\"skX\":-87.7094,\"skY\":-87.7094,\"x\":61.4708}}],\"name\":\"bigwin_拷贝\"},{\"display\":[{\"path\":\"星光闪闪0001/星光闪闪0011\",\"type\":\"image\",\"name\":\"星光闪闪0001/星光闪闪0011\",\"transform\":{\"y\":2.5275,\"skX\":-112.6431,\"skY\":-112.6431,\"x\":8.0972}},{\"path\":\"星光闪闪0001/星光闪闪0009\",\"type\":\"image\",\"name\":\"星光闪闪0001/星光闪闪0009\",\"transform\":{\"y\":5.7524,\"skX\":-112.6431,\"skY\":-112.6431,\"x\":22.4446}},{\"path\":\"星光闪闪0001/星光闪闪0007\",\"type\":\"image\",\"name\":\"星光闪闪0001/星光闪闪0007\",\"transform\":{\"y\":2.9494,\"skX\":-112.6431,\"skY\":-112.6431,\"x\":10.982}},{\"path\":\"星光闪闪0001/星光闪闪0005\",\"type\":\"image\",\"name\":\"星光闪闪0001/星光闪闪0005\",\"transform\":{\"y\":-12.7455,\"skX\":-112.6431,\"skY\":-112.6431,\"x\":17.4371}},{\"path\":\"星光闪闪0001/星光闪闪0003\",\"type\":\"image\",\"name\":\"星光闪闪0001/星光闪闪0003\",\"transform\":{\"y\":-5.7445,\"skX\":-112.6431,\"skY\":-112.6431,\"x\":14.94}},{\"path\":\"星光闪闪0001/星光闪闪0001\",\"type\":\"image\",\"name\":\"星光闪闪0001/星光闪闪0001\",\"transform\":{\"y\":6.0662,\"skX\":-112.6431,\"skY\":-112.6431,\"x\":7.4063}},{\"path\":\"星光闪闪0001/星光闪闪0002\",\"type\":\"image\",\"name\":\"星光闪闪0001/星光闪闪0002\",\"transform\":{\"y\":5.0273,\"skX\":-112.6431,\"skY\":-112.6431,\"x\":8.5982}},{\"path\":\"星光闪闪0001/星光闪闪0004\",\"type\":\"image\",\"name\":\"星光闪闪0001/星光闪闪0004\",\"transform\":{\"y\":-13.708,\"skX\":-112.6431,\"skY\":-112.6431,\"x\":19.7444}},{\"path\":\"星光闪闪0001/星光闪闪0006\",\"type\":\"image\",\"name\":\"星光闪闪0001/星光闪闪0006\",\"transform\":{\"y\":-5.0906,\"skX\":-112.6431,\"skY\":-112.6431,\"x\":14.671}},{\"path\":\"星光闪闪0001/星光闪闪0008\",\"type\":\"image\",\"name\":\"星光闪闪0001/星光闪闪0008\",\"transform\":{\"y\":4.8691,\"skX\":-112.6431,\"skY\":-112.6431,\"x\":19.3674}},{\"path\":\"星光闪闪0001/星光闪闪0010\",\"type\":\"image\",\"name\":\"星光闪闪0001/星光闪闪0010\",\"transform\":{\"y\":4.4472,\"skX\":-112.6431,\"skY\":-112.6431,\"x\":16.4826}},{\"path\":\"星光闪闪0001/星光闪闪0012\",\"type\":\"image\",\"name\":\"星光闪闪0001/星光闪闪0012\",\"transform\":{\"y\":3.6429,\"skX\":-112.6431,\"skY\":-112.6431,\"x\":8.0207}}],\"name\":\"root1\"}]}]}],\"name\":\"bigwin\",\"version\":\"5.0\"}"]],0,0,[],[],[]],[[[22,"shijian",32,{"commonHeight":55,"fontSize":32,"atlasName":"C:\\Users\\Administrator\\Desktop\\shijian.png","fontDefDictionary":{"9":{"xOffset":0,"yOffset":0,"xAdvance":8,"rect":{"x":0,"y":0,"width":0,"height":0}},"32":{"xOffset":0,"yOffset":0,"xAdvance":1,"rect":{"x":0,"y":0,"width":0,"height":0}},"44":{"xOffset":0,"yOffset":44,"xAdvance":11,"rect":{"x":102,"y":0,"width":10,"height":16}},"46":{"xOffset":0,"yOffset":44,"xAdvance":11,"rect":{"x":82,"y":48,"width":10,"height":11}},"48":{"xOffset":0,"yOffset":29,"xAdvance":21,"rect":{"x":0,"y":27,"width":20,"height":26}},"49":{"xOffset":0,"yOffset":29,"xAdvance":18,"rect":{"x":100,"y":27,"width":17,"height":26}},"50":{"xOffset":0,"yOffset":29,"xAdvance":20,"rect":{"x":82,"y":0,"width":19,"height":26}},"51":{"xOffset":0,"yOffset":29,"xAdvance":20,"rect":{"x":62,"y":26,"width":19,"height":26}},"52":{"xOffset":0,"yOffset":29,"xAdvance":21,"rect":{"x":21,"y":0,"width":20,"height":26}},"53":{"xOffset":0,"yOffset":30,"xAdvance":20,"rect":{"x":62,"y":0,"width":19,"height":25}},"54":{"xOffset":0,"yOffset":29,"xAdvance":21,"rect":{"x":0,"y":0,"width":20,"height":26}},"55":{"xOffset":0,"yOffset":29,"xAdvance":20,"rect":{"x":42,"y":27,"width":19,"height":26}},"56":{"xOffset":0,"yOffset":29,"xAdvance":21,"rect":{"x":21,"y":27,"width":20,"height":26}},"57":{"xOffset":0,"yOffset":29,"xAdvance":20,"rect":{"x":42,"y":0,"width":19,"height":26}},"115":{"xOffset":0,"yOffset":35,"xAdvance":18,"rect":{"x":82,"y":27,"width":17,"height":20}}},"kerningDict":{}}]],0,0,[0],[9],[11]]]]