[1,["7cBrIs29ZAJ5Lwzw6Lm6qV","8e6xmD1zxLO7TqkYXRey/N"],["_textureSetter","spriteFrame"],["cc.SpriteFrame",["cc.BitmapFont",["_name","fontSize","_fntConfig"],0]],[[1,0,1,2,4]],[[[{"name":"21jackpot","rect":[0,0,92,61],"offset":[-18,1.5],"originalSize":[128,64],"capInsets":[0,0,0,0]}],[0],0,[0],[0],[0]],[[[0,"21jackpot",32,{"commonHeight":55,"fontSize":32,"atlasName":"C:\\Users\\Administrator\\Desktop\\21jackpot.png","fontDefDictionary":{"9":{"xOffset":0,"yOffset":0,"xAdvance":8,"rect":{"x":0,"y":0,"width":0,"height":0}},"32":{"xOffset":0,"yOffset":0,"xAdvance":1,"rect":{"x":0,"y":0,"width":0,"height":0}},"44":{"xOffset":0,"yOffset":46,"xAdvance":10,"rect":{"x":10,"y":48,"width":9,"height":13}},"46":{"xOffset":0,"yOffset":46,"xAdvance":10,"rect":{"x":0,"y":48,"width":9,"height":9}},"48":{"xOffset":0,"yOffset":32,"xAdvance":19,"rect":{"x":20,"y":0,"width":18,"height":23}},"49":{"xOffset":0,"yOffset":32,"xAdvance":17,"rect":{"x":76,"y":0,"width":16,"height":23}},"50":{"xOffset":0,"yOffset":32,"xAdvance":18,"rect":{"x":75,"y":24,"width":17,"height":23}},"51":{"xOffset":0,"yOffset":32,"xAdvance":19,"rect":{"x":38,"y":24,"width":18,"height":23}},"52":{"xOffset":0,"yOffset":32,"xAdvance":20,"rect":{"x":0,"y":0,"width":19,"height":23}},"53":{"xOffset":0,"yOffset":32,"xAdvance":18,"rect":{"x":58,"y":0,"width":17,"height":23}},"54":{"xOffset":0,"yOffset":32,"xAdvance":19,"rect":{"x":0,"y":24,"width":18,"height":23}},"55":{"xOffset":0,"yOffset":32,"xAdvance":18,"rect":{"x":57,"y":24,"width":17,"height":23}},"56":{"xOffset":0,"yOffset":32,"xAdvance":19,"rect":{"x":39,"y":0,"width":18,"height":23}},"57":{"xOffset":0,"yOffset":32,"xAdvance":19,"rect":{"x":19,"y":24,"width":18,"height":23}}},"kerningDict":{}}]],0,0,[0],[1],[1]]]]