[1,["ecpdLyjvZBwrvm+cedCcQy","1de662e9f","9aF5xfxX9GD46Mxc7mUAD3","147768f2c","c0dpoNZ9JG078oKwZmAwy4","27X3z+RnxJyrJ4B9VhroFC","8fxknsXXlEzLy43yH+XVBi","0cAYG2I9VLSbUs4hGW/AQp","aaEhV6J15HMJlgy40fLa/9","eaXdnWWupGsZy72/ujAcZj","15G804B/BPv5tqbMeIgX96","ffUKyFr6pGa4M8Bcx6ik9P","83luv/TbpK0Ixh31w/XT4k","dcGZcD5wJG4pMVKchP22C8","f4ZLbxTjdIVq5u84KdRhtV","53OyOcqdJPjIao8xJ5WsuB","cbKPPDvRtC8JjiLtksm7I+","2a1kTrHLVGwoIAdukwUagt","a52cgxC+BBrbMjy1/E0KK/"],["node","_spriteFrame","_textureSetter","_N$file","root","txGiftLevel","txRecvLevel","txBonus","txCoin","txBonusRate","bonusBgNode","recvButton","giftNode","recvNode","contentNode","backGiftNode","backRecvNode","data","_parent","_normalMaterial","recvPref"],[["cc.Node",["_name","_active","_prefab","_components","_contentSize","_parent","_children","_trs","_color"],1,4,9,5,1,2,7,5],"cc.SpriteFrame",["cc.Label",["_N$horizontalAlign","_N$verticalAlign","_string","_fontSize","_isSystemFontUsed","_N$overflow","_spacingX","node","_materials"],-4,1,3],["cc.Node",["_name","_parent","_components","_prefab","_contentSize","_trs"],2,1,2,4,5,7],["cc.PrefabInfo",["fileId","root"],2,1],["cc.Layout",["_resize","_N$layoutType","_N$paddingLeft","_N$paddingRight","_N$spacingX","node","_layoutSize"],-2,1,5],["cc.Button",["zoomScale","_N$transition","_N$enableAutoGrayEffect","node","_normalMaterial"],0,1,6],["cc.Prefab",["_name"],2],["083d6x/14pH8YD2OA02hQCo",["node","backRecvNode","backGiftNode","contentNode","recvNode","giftNode","recvButton","bonusBgNode","txBonusRate","txCoin","txBonus","txRecvLevel","txGiftLevel","recvPref"],3,1,1,1,1,1,1,1,1,1,1,1,1,1,6],["cc.Sprite",["node","_materials","_spriteFrame"],3,1,3,6],["cc.LabelOutline",["_width","node","_color"],2,1,5],["cc.ScrollView",["vertical","brake","bounceDuration","_N$horizontalScrollBar","_N$verticalScrollBar","node","_N$content"],-2,1,1],["cc.Mask",["_N$alphaThreshold","node","_materials"],2,1,3],["6dbaacb0j9CkpNlQEFpLMCG",["_string","_fontSize","_N$textKey","node","_materials"],0,1,3]],[[4,0,1,2],[9,0,1,2,1],[0,0,5,3,2,4,7,2],[0,0,5,6,3,2,4,7,2],[3,0,1,2,3,4,5,2],[0,0,5,3,2,4,2],[0,0,1,5,6,2,3],[5,0,1,5,6,3],[6,0,1,3,3],[2,2,3,0,1,7,8,5],[2,3,0,1,5,7,8,5],[10,0,1,2,2],[7,0,2],[0,0,6,3,2,4,2],[0,0,1,5,6,3,2,4,7,3],[0,0,3,2,4,2],[0,0,5,3,2,8,4,7,2],[0,0,5,6,3,2,4,2],[3,0,1,2,3,4,2],[8,0,1,2,3,4,5,6,7,8,9,10,11,12,13,1],[4,1,1],[5,0,1,2,3,4,5,6,6],[6,0,2,1,3,4,4],[2,2,0,1,7,8,4],[2,2,3,4,0,1,7,8,6],[2,2,3,4,6,0,1,7,8,7],[11,0,1,2,3,4,5,6,6],[12,0,1,2,2],[13,0,1,2,3,4,4]],[[[{"name":"recv_title_1","rect":[683,237,208,73],"offset":[0.5,3],"originalSize":[235,81],"capInsets":[0,0,0,0]}],[1],0,[0],[2],[3]],[[{"name":"recv_bg","rect":[2,1,791,483],"offset":[1,-0.5],"originalSize":[793,484],"capInsets":[0,0,0,0]}],[1],0,[0],[2],[4]],[[[12,"ViperGiftPopup"],[13,"ViperGiftPopup",[-15,-16],[[19,-14,-13,-12,-11,-10,-9,-8,-7,-6,-5,-4,-3,-2,34]],[20,-1],[5,1130,686]],[6,"receNode",false,1,[-17,-18,-19,-20,-21,-22,-23,-24,-25,-26],[0,"a914oOshNDwJByfUlBwMRy",1]],[6,"giftNode",false,1,[-27,-28,-29,-30,-31],[0,"ccEHPd6lJPy6Mz5tDCTI1v",1]],[3,"titleNode",2,[-33,-34,-35],[[7,1,1,-32,[5,376,200]]],[0,"029NWXmC9KU5r6gprow7N1",1],[5,376,200],[0,216.853,0,0,0,0,1,1,1,1]],[3,"btn_lv",2,[-38],[[1,-36,[17],18],[22,1.1,true,3,-37,19]],[0,"3fliIfxqJELYsJ1SQSsXTw",1],[5,250,89],[6.461,-214.033,0,0,0,0,1,1,1,0]],[3,"titleNode",3,[-40,-41,-42],[[7,1,1,-39,[5,327,200]]],[0,"04rYhFuiZFdo3MDPtI9y93",1],[5,327,200],[7.982,291.304,0,0,0,0,1,1,1,1]],[3,"btn_close",2,[-44],[[8,1.1,3,-43]],[0,"2e7jJUE+dEDp7d0dZwCsut",1],[5,90,90],[348.672,206.071,0,0,0,0,1,1,1,0]],[14,"bounscard_img_card",false,2,[-46],[[1,-45,[14],15]],[0,"0cvcYrlsBDY5fRzHeLg0En",1],[5,106,106],[127.294,58.578,0,0,0,0,1,1,1,1]],[3,"btn_close",3,[-48],[[8,1.1,3,-47]],[0,"eagNJzAdJCE4t1szThmwZw",1],[5,90,90],[463.601,222.688,0,0,0,0,1,1,1,0]],[15,"content",[[21,1,1,40,30,30,-49,[5,810,200]]],[0,"48byk424tJvpRA9qiAtbdg",1],[5,810,200]],[16,"textCollect",5,[[23,"Collectar",1,1,-50,[16]],[11,2,-51,[4,4284334693]]],[0,"84EF85ebRJoYONMFztlXvg",1],[4,4293720827],[5,161.83,54.4],[0,8.885,0,0,0,0,1,1,1,1]],[3,"scrollView",3,[-53],[[26,false,0.75,0.23,null,null,-52,10]],[0,"47v1YXjq5IOrdnS0vt1cF0",1],[5,880,450],[0,-75.766,0,0,0,0,1,1,1,1]],[17,"view",12,[10],[[27,0,-54,[32]]],[0,"b1zqThEhVCcoJgGa1CAlX5",1],[5,880,450]],[2,"textTips",3,[[28,"Cada pacote sô pode ser comprado uma vez por dia",24,"assets/HallScene/Prefabs/ViperPopup/giftTips",-55,[33]],[11,2,-56,[4,4284554546]]],[0,"36eKJ964NDVYxFKXDKOZ1f",1],[5,563,54.4],[0,156.379,0,0,0,0,1,1,1,1]],[2,"recv_bg",2,[[1,-57,[0],1]],[0,"fdvGN3atFBHbDAbXT9pbAm",1],[5,791,483],[-15.959,0,0,0,0,0,1,1,1,1]],[5,"btn_close",7,[[1,-58,[2],3]],[0,"06nKaFv9lCz6bHYo8R5D9/",1],[5,89,91]],[2,"recv_title_0",4,[[1,-59,[4],5]],[0,"b5BB+coQJB65dc2b6VvbSX",1],[5,106,67],[-135,0,0,0,0,0,1,1,1,1]],[4,"textLevel",4,[-60],[0,"1eAkrKC+dOuq5m91w3wm6N",1],[5,35,40],[-64.5,-16.047,0,0,0,0,1,1,1,1]],[24,"1",32,false,1,1,18,[6]],[2,"recv_title_1",4,[[1,-61,[7],8]],[0,"76oRo8+exPcrmm/ULkgNZ7",1],[5,235,81],[70.5,0,0,0,0,0,1,1,1,1]],[2,"icon_bonusjinbi",2,[[1,-62,[9],10]],[0,"d9a30taK5PWpIIfa+KpTiH",1],[5,53,58],[50.554,-115.686,0,0,0,0,1,1,1,1]],[2,"icon_jinbi",2,[[1,-63,[11],12]],[0,"53DbnJCGhPJYSQ8eU723ty",1],[5,47,50],[-121.14,-114.463,0,0,0,0,1,1,1,1]],[18,"imgRate",8,[-64],[0,"01v7IyKbFDuqAI1jmkt7UL",1],[5,51.71,50.4]],[9,"+40%",20,1,1,23,[13]],[2,"txAdd",2,[[9,"+",38,1,1,-65,[20]]],[0,"cc1RYX8qtDaLZJEAQASVnX",1],[5,22.19,50.4],[5.658,-112.471,0,0,0,0,1,1,1,1]],[4,"txCoin",2,[-66],[0,"46PKITHllGWqcZBnu1hdsN",1],[5,88.98,50.4],[-52.202,-112.961,0,0,0,0,1,1,1,1]],[10,32,1,1,2,26,[21]],[4,"txBonus",2,[-67],[0,"faqdwaz3FEjJgKtVrciFvx",1],[5,88.98,50.4],[122.848,-112.961,0,0,0,0,1,1,1,1]],[10,32,1,1,2,28,[22]],[5,"gift_bg",3,[[1,-68,[23],24]],[0,"6d088OaHFB95hrrpFKdN15",1],[5,988,679]],[5,"btn_close",9,[[1,-69,[25],26]],[0,"c7P7TePbFFqrfu//KqU5LN",1],[5,89,91]],[2,"recv_title_0",6,[[1,-70,[27],28]],[0,"f5p5aBDEVHVov9QsGxuAnj",1],[5,95,58],[-116,0,0,0,0,0,1,1,1,1]],[4,"textLevel",6,[-71],[0,"b3dHJ+EJBDIq8agzmfgmR1",1],[5,33,40],[-52,46.501,0,0,0,0,1,1,1,1]],[25,"1",32,false,-45,1,1,33,[29]],[2,"recv_title_1",6,[[1,-72,[30],31]],[0,"b2GR7wZThIaKsYQwYDQ+ub",1],[5,199,59],[64,0,0,0,0,0,1,1,1,1]]],0,[0,4,1,0,5,34,0,6,19,0,7,29,0,8,27,0,9,24,0,10,8,0,11,5,0,12,3,0,13,2,0,14,10,0,15,9,0,16,7,0,0,1,0,-1,2,0,-2,3,0,-1,15,0,-2,7,0,-3,4,0,-4,21,0,-5,22,0,-6,8,0,-7,5,0,-8,25,0,-9,26,0,-10,28,0,-1,30,0,-2,9,0,-3,6,0,-4,12,0,-5,14,0,0,4,0,-1,17,0,-2,18,0,-3,20,0,0,5,0,0,5,0,-1,11,0,0,6,0,-1,32,0,-2,33,0,-3,35,0,0,7,0,-1,16,0,0,8,0,-1,23,0,0,9,0,-1,31,0,0,10,0,0,11,0,0,11,0,0,12,0,-1,13,0,0,13,0,0,14,0,0,14,0,0,15,0,0,16,0,0,17,0,-1,19,0,0,20,0,0,21,0,0,22,0,-1,24,0,0,25,0,-1,27,0,-1,29,0,0,30,0,0,31,0,0,32,0,-1,34,0,0,35,0,17,1,10,18,13,72],[0,0,0,0,0,0,0,0,0,0,0,0,0,0,0,0,0,0,0,0,0,0,0,0,0,0,0,0,0,0,0,0,0,0,0,19,34],[-1,1,-1,1,-1,1,-1,-1,1,-1,1,-1,1,-1,-1,1,-1,-1,1,19,-1,-1,-1,-1,1,-1,1,-1,1,-1,-1,1,-1,-1,20,3,3],[0,5,0,2,0,6,0,0,7,0,8,0,9,0,0,10,0,0,11,0,0,0,0,0,12,0,2,0,13,0,0,14,0,0,15,16,17]],[[{"name":"gift_bg","rect":[6,3,988,679],"offset":[0,-1.5],"originalSize":[1000,682],"capInsets":[0,0,0,0]}],[1],0,[0],[2],[18]],[[{"name":"recv_title_0","rect":[200,726,103,65],"offset":[0.5,-1],"originalSize":[106,67],"capInsets":[0,0,0,0]}],[1],0,[0],[2],[1]],[[{"name":"gift_title_0","rect":[200,799,90,54],"offset":[0.5,1],"originalSize":[95,58],"rotated":1,"capInsets":[0,0,0,0]}],[1],0,[0],[2],[1]],[[{"name":"gift_title_1","rect":[445,655,163,57],"offset":[1,0],"originalSize":[199,59],"capInsets":[0,0,0,0]}],[1],0,[0],[2],[1]]]]