[1,["ecpdLyjvZBwrvm+cedCcQy","16eb5d4c6","162fe52e3","1cjjuVgCFGypjRUUUeypqJ","54dZMFWc5MkJAiZayWN41A","5egOkI2r5EhphdDx0TyBP6","f9FBrVtJpJSKMAzTs9Vz/6","60VfFcZmlJeJJf42i2lYsz","09sS8YD4BOMYApJQxHgFzV","eaXdnWWupGsZy72/ujAcZj","68QcVMfEdCb63fa0KmNtRC","75zqU+YYtIQarGdGkoh7fd","68hO9j6kRCe6QIIC65ZqyZ","98klnmLjRLj5Q3ZExK9rtD","c6ilyVNPhJ1728bb4ckcoD","f6HWUD6GhE8KUyf90bXqlj","41sTHvKZRGlZQnzuaB0sBp","66xkoTvVRNw7XsxfaFJSMG","73psNlCGlOUIrmZpA/0Ywt","c7RGDLHV9FvJOjPWGkQSVU","45jtx081JKzbp9txcL70zV","a70BlBAeJKj7PVeTPWrGlI","45n0kmRZ5KPq83u4rfZpBL","e9qlZv+bFDm5ujaI+Pz1Js","34lZBg6z5Ko4zwCpY2n4lD","89JN/iv8FPWJn29DIMbb+7","494Qv0szlCQ7+Lfemoa3V7","8euTZa5FhC8bcfUTOPBIQP","51akc89kdB34LE4I8OmovQ","a2MjXRFdtLlYQ5ouAFv/+R","b77hHRFplFBKM0mrDtCiiX","cbJII0fQlFO5yM98NhzNCf"],["node","_spriteFrame","_textureSetter","_parent","root","_defaultClip","_N$file","accountLabel","_N$content","_N$placeholderLabel","_N$textLabel","data","_normalMaterial"],[["cc.Node",["_name","_active","_opacity","_prefab","_contentSize","_components","_parent","_trs","_children","_anchorPoint","_color"],0,4,5,9,1,7,2,5,5],"cc.SpriteFrame",["cc.Label",["_fontSize","_N$verticalAlign","_string","_N$horizontalAlign","_lineHeight","_N$cacheMode","_isSystemFontUsed","_N$overflow","_styleFlags","_enableWrapText","node","_materials","_N$file"],-7,1,3,6],["cc.Sprite",["_sizeMode","_type","_isTrimmedMode","_enabled","node","_materials","_spriteFrame"],-1,1,3,6],["cc.Button",["zoomScale","_N$transition","_N$enableAutoGrayEffect","node","clickEvents","_normalMaterial"],0,1,9,6],["cc.Widget",["_alignFlags","_originalWidth","_originalHeight","_left","_right","_top","alignMode","_enabled","_bottom","node"],-6,1],["6dbaacb0j9CkpNlQEFpLMCG",["_string","_fontSize","_enableWrapText","_N$verticalAlign","_N$textKey","_N$horizontalAlign","_N$overflow","_styleFlags","_lineHeight","_N$cacheMode","node","_materials"],-7,1,3],["cc.PrefabInfo",["fileId","root","asset"],2,1,1],["cc.ClickEvent",["_componentId","handler","target"],1,1],["cc.Node",["_name","_active","_parent","_components","_prefab","_contentSize","_anchorPoint","_trs"],1,1,12,4,5,5,7],["cc.Layout",["_resize","_N$layoutType","_N$verticalDirection","_N$paddingTop","_N$spacingX","_N$spacingY","node","_layoutSize"],-3,1,5],["cc.LabelOutline",["_enabled","_width","node","_color"],1,1,5],["cc.AnimationClip",["_name","_duration","speed","wrapMode","curveData"],-2],["cc.Prefab",["_name"],2],["cc.Node",["_name","_parent","_components","_prefab","_contentSize","_trs"],2,1,2,4,5,7],["d12923koH9IkbyxkSXMI/Mb",["node","accountLabel"],3,1,1],["cc.ScrollView",["horizontal","brake","bounceDuration","_N$horizontalScrollBar","_N$verticalScrollBar","node","_N$content"],-2,1,1],["cc.Animation",["playOnLoad","node","_clips","_defaultClip"],2,1,3,6],["cc.EditBox",["maxLength","_N$inputMode","node","editingDidBegan","textChanged","editingDidEnded","editingReturn","_N$textLabel","_N$placeholderLabel"],1,1,9,9,9,9,1,1],["cc.Mask",["_N$alphaThreshold","node","_materials"],2,1,3]],[[7,0,1,2,2],[0,0,6,5,3,4,7,2],[3,4,5,6,1],[0,0,1,6,5,3,4,7,3],[3,1,0,4,5,6,3],[3,0,4,5,6,2],[4,0,1,3,3],[0,0,6,8,5,3,4,7,2],[0,0,6,5,3,4,9,7,2],[8,0,1,2,3],[2,2,0,4,3,1,5,10,11,7],[0,0,6,5,3,4,2],[0,0,6,5,3,10,4,9,7,2],[7,0,1,2],[4,3,4,1],[0,0,1,6,8,5,3,4,7,3],[0,0,1,6,5,3,10,4,7,3],[3,0,2,4,5,6,3],[5,0,1,2,9,4],[0,0,6,8,3,7,2],[0,0,6,8,5,3,7,2],[0,0,6,5,3,4,9,2],[0,0,1,6,5,3,10,4,9,7,3],[0,0,1,6,5,3,4,3],[8,0,1,3],[17,0,1,2,3,2],[2,0,4,1,7,10,11,5],[6,0,1,2,7,5,3,6,4,10,11,9],[6,0,1,8,2,5,3,6,4,10,11,9],[6,0,1,2,7,5,3,4,10,11,8],[12,0,1,2,3,4,6],[13,0,2],[0,0,8,5,3,4,2],[0,0,6,8,3,4,7,2],[0,0,8,5,3,4,7,2],[0,0,8,5,3,4,9,7,2],[0,0,8,5,3,10,4,9,7,2],[0,0,1,6,8,3,4,7,3],[0,0,8,3,4,9,2],[0,0,6,8,5,3,4,9,2],[0,0,6,8,5,3,4,9,7,2],[0,0,2,6,5,3,10,4,3],[0,0,1,6,8,3,4,9,7,3],[9,0,1,2,3,4,5,6,7,3],[9,0,2,3,4,5,6,7,2],[14,0,1,2,3,4,5,2],[15,0,1,1],[7,1,2,1],[3,3,1,0,4,5,6,4],[3,0,4,5,2],[4,2,3,5,2],[4,0,1,3,4,3],[4,3,1],[16,0,1,2,3,4,5,6,6],[5,0,3,4,1,9,5],[5,0,4,5,9,4],[5,7,6,0,3,1,2,9,7],[5,6,0,3,4,5,8,1,2,9,9],[8,1],[18,0,1,2,3,4,5,6,7,8,3],[19,0,1,2,2],[10,0,1,2,6,7,4],[10,0,1,3,4,5,6,7,6],[2,2,10,11,2],[2,2,0,6,8,3,1,10,11,12,7],[2,2,0,6,1,5,10,11,12,6],[2,2,0,6,3,1,5,10,11,7],[2,0,4,1,10,11,4],[2,2,0,4,3,1,10,11,6],[2,0,4,9,3,1,7,10,11,7],[2,2,0,4,1,10,11,5],[2,2,0,3,1,5,10,11,6],[11,2,3,1],[11,0,1,2,3,3],[6,0,1,8,2,3,6,9,4,10,11,9]],[[[[30,"backLight",0.25,0.1,22,{"paths":{"point1":{"props":{"opacity":[{"frame":0,"value":255},{"frame":0.13333333333333333,"value":0},{"frame":0.25,"value":255}]}},"light":{"props":{"opacity":[{"frame":0,"value":255},{"frame":0.13333333333333333,"value":200},{"frame":0.25,"value":255}]}},"point2":{"props":{"opacity":[{"frame":0,"value":0},{"frame":0.13333333333333333,"value":255},{"frame":0.25,"value":0}]}}}}]],0,0,[],[],[]],[[{"name":"05","rect":[804,603,153,61],"offset":[0,0],"originalSize":[153,61],"rotated":1,"capInsets":[0,0,0,0]}],[1],0,[0],[2],[1]],[[{"name":"bg_yinhangka","rect":[3,3,331,278],"offset":[0,0],"originalSize":[331,278],"rotated":1,"capInsets":[0,0,0,0]}],[1],0,[0],[2],[2]],[[{"name":"btn_txtongdao","rect":[3,602,333,68],"offset":[0,0],"originalSize":[333,68],"capInsets":[0,0,0,0]}],[1],0,[0],[2],[2]],[[{"name":"09","rect":[831,912,69,69],"offset":[0,0],"originalSize":[69,69],"capInsets":[0,0,0,0]}],[1],0,[0],[2],[1]],[[{"name":"wz_tishi","rect":[404,539,109,70],"offset":[-0.5,-1],"originalSize":[152,72],"rotated":1,"capInsets":[0,0,0,0]}],[1],0,[0],[2],[2]],[[{"name":"btn_xz","rect":[249,340,32,30],"offset":[0,0],"originalSize":[32,30],"rotated":1,"capInsets":[0,0,0,0]}],[1],0,[0],[2],[2]],[[{"name":"light","rect":[468,3,206,724],"offset":[0,0],"originalSize":[206,724],"capInsets":[0,0,0,0]}],[1],0,[0],[2],[1]],[[{"name":"point2","rect":[680,3,51,591],"offset":[68.5,0.5],"originalSize":[206,724],"capInsets":[0,0,0,0]}],[1],0,[0],[2],[1]],[[{"name":"icon_1","rect":[444,3,47,51],"offset":[0,0],"originalSize":[47,51],"capInsets":[0,0,0,0]}],[1],0,[0],[2],[2]],[[{"name":"btn_bdyinhangka","rect":[3,515,329,81],"offset":[0,0],"originalSize":[329,81],"capInsets":[33,23,25,20]}],[1],0,[0],[2],[2]],[[[31,"WithdrawalPopup"],[32,"WithdrawalPopup",[-4,-5,-6,-7,-8,-9,-10],[[46,-3,-2]],[47,-1,0],[5,1060,645]],[19,"mainNode",1,[-11,-12,-13,-14,-15,-16,-17,-18,-19,-20,-21,-22,-23,-24,-25,-26,-27,-28,-29,-30,-31],[0,"49crJRQ9xPoYCM0KxUX1DV",1,0],[-258.5168,-14.1424,0,0,0,0,1,0.8,0.8,0.8]],[33,"jiangedi",2,[-32,-33,-34,-35,-36,-37],[0,"95jWC7Rm9DMI7BVtKdTZiS",1,0],[5,937,100],[0,40.782,0,0,0,0,1,1,1,1]],[34,"valueBtn",[-40,-41,-42,-43],[[4,1,0,-38,[82],83],[50,true,-39,84]],[0,"881UWxLhtMU7C00GlYz6h7",1,0],[5,266.3,81.4],[133.15,-46.7,0,0,0,0,1,1,1,1]],[35,"scrollview",[-48],[[53,false,0.75,0.23,null,null,-46,-45],[18,45,240,250,-47]],[13,"d6OQAfewlK1LH1LXK3j9C8",-44],[5,326,300],[0,0.5,0],[0,-150,0,0,0,0,1,1,1,1]],[36,"selectCodeBtn",[-51,-52,-53],[[14,-49,[[24,"314e7jTQ+ZEDqaJN6ujxPB7","onClickBankItemBtn"]]],[54,40,1,1,32,-50]],[0,"4cAghNlCFBBbnTGBG7LGue",1,0],[4,4278190080],[5,324,60],[0,0.5,0],[0,-106.086,0,0,0,0,1,1,1,1]],[20,"aniR",1,[-55,-56,-57],[[25,true,-54,[7],6]],[0,"e33Xwic1ZCNKnXbjwYfCNb",1,0],[558.80792,0,0,0,0,0,1,-0.9408,0.9408,-0.9408]],[20,"aniL",1,[-59,-60,-61],[[25,true,-58,[15],14]],[0,"b8z3aGZk5OuIaNevOBmhlW",1,0],[-562.31992,0,0,0,0,0,1,0.9408,0.9408,0.9408]],[37,"jiangedi",false,2,[-62,-63,-64,-65],[0,"bc8sNp8+dFa6Xc4NnUEj8q",1,0],[5,937,67],[0,194.19,0,0,0,0,1,1,1,1]],[15,"addBankBtn",false,2,[-68,-69],[[5,0,-66,[55],56],[6,1.05,3,-67]],[0,"43oohAtCZN2JKk6+Ad+RsC",1,0],[5,200,60],[-376.36,-239.656,0,0,0,0,1,1,1,0]],[15,"addCodeBtn",false,2,[-72,-73],[[5,0,-70,[60],61],[6,1.05,3,-71]],[0,"fdsYiQyBxGb7OQYzlZFuVl",1,0],[5,200,68],[-472.112,-92.891,0,0,0,0,1,1,1,0]],[7,"amountEditbox",2,[-77,-78,-79],[[59,100,2,-76,[[9,"d12923koH9IkbyxkSXMI/Mb","onEditBoxBegin",1]],[[9,"d12923koH9IkbyxkSXMI/Mb","onEditBoxChange",1]],[[9,"d12923koH9IkbyxkSXMI/Mb","editBoxEnd",1]],[[9,"d12923koH9IkbyxkSXMI/Mb","onEditBoxReturn",1]],-75,-74]],[0,"cdtisHxL9BbYZFGGMJRb1u",1,0],[5,614.2,80],[144.8,192.3,0,0,0,0,1,1,1,1]],[15,"withdrawList",false,2,[6,-81,5],[[4,1,0,-80,[93],94]],[0,"1airhO7DtBKI29qcsn1fLL",1,0],[5,326,300],[4.776,98.719,0,0,0,0,1,1,1,1]],[7,"closeBtn",1,[-84],[[51,1.1,3,-82,[[9,"d12923koH9IkbyxkSXMI/Mb","onHide",1]]],[55,33,74.89299999999997,19.750999999999976,-83]],[0,"08jF0ducpJX50yxyZxaeV5",1,0],[5,85,85],[421.107,268.749,0,0,0,0,1,0.8,0.8,0]],[38,"bankConent",[-85,-86,-87],[0,"5bbYkwrPhPerCR6eGuzutn",1,0],[5,350,520],[0,0,1]],[7,"withBtn",2,[-90],[[4,1,2,-88,[63],64],[6,1.05,3,-89]],[0,"3cClbg8S5Bh4zAbXSb/34J",1,0],[5,330,80],[323.39,-246.029,0,0,0,0,1,1.18,1.18,0]],[39,"view",5,[-93],[[60,0,-91,[92]],[18,45,240,250,-92]],[13,"c1dc9Kk/CRJqaNnBOP4YGDS",5],[5,326,300],[0,0.5,0]],[21,"withdraw_content",17,[[61,1,2,0,-94,[5,326,40]],[14,-95,[[58]]]],[13,"036a4WKD5hBcbQJmMrbqoW8",5],[5,326,40],[0,0.5,0]],[19,"cashaccount",2,[-96,-97,-98],[0,"71YvXL6opB+bWcVPEZA5p+",1,0],[263.298,-148.821,0,0,0,0,1,1,1,1]],[7,"tipBtn",2,[-100],[[6,1.05,3,-99]],[0,"84hzay2jhB3IUJKWr8P8bz",1,0],[5,90,90],[814.394,256.283,0,0,0,0,1,1,1,0]],[3,"img_bank",false,2,[[2,-101,[47],48],[52,-102]],[0,"4d4O4qmDdHQ4o4omxgpgBJ",1,0],[5,331,278],[-344.909,-23.317,0,0,0,0,1,1,1,1]],[3,"bt_Retirada",false,16,[[63,"Withdrawal",-103,[62]],[72,-104,[4,4279064589]]],[0,"e54IJBKClMZ7l3qzaeqCbi",1,0],[5,199.83,52.4],[1.594,4.744,0,0,0,0,1,1,1,1]],[7,"recordBtn",2,[-106],[[6,1.1,3,-105]],[0,"a1Q4Oe0RVKvar9sUZ84MHy",1,0],[5,80,80],[738.983,-250.883,0,0,0,0,1,1.2,1.2,0]],[7,"kefuBtn",2,[-108],[[6,1.1,3,-107]],[0,"0574r2Vr5PC7/opdsTIy0S",1,0],[5,80,80],[615.724,-249.972,0,0,0,0,1,1.2,1.2,0]],[1,"maxBtn",2,[[4,1,2,-109,[69],70],[6,1.1,3,-110]],[0,"521O6HpfBDWKt0Dlo+SLfs",1,0],[5,153,61],[546.316,190.938,0,0,0,0,1,1.2,1.2,0]],[43,"TEXT_LABEL",false,12,[[-111,[56,false,0,45,2,158,40,-112]],1,4],[0,"84JyHgtlpMbYE4p64Lwz3j",1,0],[5,612.2,80],[0,0,1],[-305.1,40,0,0,0,0,1,1,1,1]],[44,"PLACEHOLDER_LABEL",12,[[-113,[57,0,45,35.1,17.10000000000005,12,16,158,40,-114]],1,4],[0,"a1rkN4CANCVb17iPPA9TD/",1,0],[5,562,52],[0,0,1],[-272,28,0,0,0,0,1,1,1,1]],[40,"btnNode",2,[4],[[62,1,3,6,75.5,23.8,-115,[5,959,87.4]]],[0,"273dGRWB1AkLI5yqm/c45N",1,0],[5,959,87.4],[0,0,1],[-150,134,0,0,0,0,1,1,1,1]],[1,"valueLabel",4,[[64,"200",50,false,1,1,1,-116,[78],79],[73,false,2,-117,[4,4278190080]]],[0,"4fWOd9KGFFUINTY3ValOwg",1,0],[5,82.41,40],[0,2.234,0,0,0,0,1,1,1,1]],[21,"Sprite",6,[[4,1,0,-118,[85],86],[18,45,40,36,-119]],[0,"549DoIGqdF/7OV4pIRq5B8",1,0],[5,324,60],[0,0.5,0]],[41,"withdraw_mask",106,13,[[5,0,-120,[90],91],[14,-121,[[24,"67b9eiHdQ5GIKEZybgs2vhk","onClickwithdrawShowBtn"]]]],[0,"13NGaU+SFLtYNrZix2sNHK",1,0],[4,4278190080],[5,2500,1200]],[1,"05",19,[[2,-122,[97],98],[14,-123,[[9,"d12923koH9IkbyxkSXMI/Mb","addNewCards",1]]]],[0,"d5wVsZXv5A86QQBNS94UhF",1,0],[5,178,69],[431.839,6.473,0,0,0,0,1,1.18,1.18,1]],[45,"cashlabel",19,[-125],[13,"72w8dddsNPSJJqnQ5aUsWg",-124],[5,325.93,50.4],[-22,9,0,0,0,0,1,1,1,1]],[11,"light",7,[[2,-126,[0],1]],[0,"e7uZ1BFdpDf7r9cQq/S2gb",1,0],[5,206,724]],[1,"point1",7,[[2,-127,[2],3]],[0,"b2uOeqacZGj40ar1J7Jikh",1,0],[5,51,594],[68.65,0,0,0,0,0,1,1,1,1]],[1,"point2",7,[[2,-128,[4],5]],[0,"fbOdoudelLXrG2lCPlSCwC",1,0],[5,51,591],[68.65,0,0,0,0,0,1,1,1,1]],[11,"light",8,[[2,-129,[8],9]],[0,"6c0eVktU5DZ4AtJ9rYGNwS",1,0],[5,206,724]],[1,"point1",8,[[2,-130,[10],11]],[0,"fc8xrJEHZFJaOPy3zu7Pet",1,0],[5,51,594],[68.65,0,0,0,0,0,1,1,1,1]],[1,"point2",8,[[2,-131,[12],13]],[0,"9b4UJjHl5PIaLtiOocjMgK",1,0],[5,51,591],[68.65,0,0,0,0,0,1,1,1,1]],[1,"bg",1,[[17,2,false,-132,[16],17]],[0,"5dV0+Wz9xHgIKWeAHbACvu",1,0],[5,1022,681],[0,0,0,0,0,0,1,0.9408,0.9408,0.9408]],[1,"黑底01",1,[[17,0,false,-133,[18],19]],[0,"c0y6Glk5NDBYXkjhnEbG63",1,0],[5,986,339],[0.8,77.6,0,0,0,0,1,0.9032,0.9032,0.9032]],[1,"title_cash",1,[[2,-134,[20],21]],[0,"dd1lLQwDhMsYI4H+oGVFs/",1,0],[5,303,36],[-0.1736,269.3608,0,0,0,0,1,0.944,0.944,0.944]],[1,"box_close",14,[[5,2,-135,[22],23]],[0,"57XqYFeupOPpHNLxAqdTbK",1,0],[5,41,41],[7.527,3.631,0,0,0,0,1,1.2,1.2,1]],[8,"withdrawLabel",2,[[65,"0.00",48.8,false,1,2,-136,[24],25]],[0,"f1kcZUWT5EGYt9LJOfuvyZ",1,0],[5,105.73,40],[0,0,0.5],[20.931,272.007,0,0,0,0,1,1,1,1]],[8,"tx_service_name",2,[[10,"Service Fee:",28,35,1,1,1,-137,[26]]],[0,"a3XaQJ+IpGF7BmWIBN2Kg4",1,0],[5,157.17,44.1],[0,1,0.5],[698,269,0,0,0,0,1,1,1,1]],[12,"reciveLabel",2,[[10,"0.00",28,35,1,1,1,-138,[27]]],[0,"0bsHRPj+tC87vHom2OPcQ+",1,0],[4,4294769916],[5,54.5,44.1],[0,0,0.5],[698,270,0,0,0,0,1,1,1,1]],[8,"text1",2,[[10,"Withdrawable:",30.5,35,1,1,1,-139,[28]]],[0,"0dUsOnuyNLN5L9oBd4DxqZ",1,0],[5,193.25,44.1],[0,1,0.5],[9,269,0,0,0,0,1,1,1,1]],[8,"text2",2,[[10,"Cash Account :",30.2,35,1,1,1,-140,[29]]],[0,"82HlX1Rr5AErtEQCKOL3aS",1,0],[5,204.79,44.1],[0,1,0.5],[48,-141,0,0,0,0,1,1,1,1]],[1,"text3",2,[[10,"Modify Cash card details,please contact customer service!",30.2,35,1,1,1,-141,[30]]],[0,"fb2QG+MdpCXK5TLfJCWcfZ",1,0],[5,778.83,44.1],[325,-329,0,0,0,0,1,1,1,1]],[16,"New Label",false,9,[[27,"Saldo total",28,false,1,2,1,2,"HallScene/Prefabs/WithdrawalPopup/WithdrawalPopup/Total Balance",-142,[31]]],[0,"c6feDu+NZFLq17PdHIyq3+",1,0],[4,4284927318],[5,179.98,50.4],[-345.362,2.243,0,0,0,0,1,1,1,1]],[8,"New Label copy",9,[[28,"Withdrawable",26,30,false,2,1,2,"HallScene/Prefabs/WithdrawalPopup/WithdrawalPopup/Withdrawable",-143,[32]]],[0,"dcXKNHkblMUaQEHNqBcBre",1,0],[5,210,50.4],[0,1,0.5],[54.129,1.843,0,0,0,0,1,1,1,1]],[3,"TX_dahouma copy",false,9,[[2,-144,[33],34]],[0,"ebje4dstxNRpZOQwawnsGq",1,0],[5,47,50],[226.134,-0.757,0,0,0,0,1,1,1,1]],[3,"TX_dahouma",false,9,[[2,-145,[35],36]],[0,"97nqaKG61NHYGsaukBIiI1",1,0],[5,47,50],[-223.255,-2.757,0,0,0,0,1,1,1,1]],[22,"New Label copy",false,3,[[29,"Digite o Valor",28,false,1,1,1,"HallScene/Prefabs/WithdrawalPopup/WithdrawalPopup/Enter Amount",-146,[37]]],[0,"31U9y7FoFPb4Rt0P35IYS6",1,0],[4,4284927318],[5,178.92,50.4],[0,1,0.5],[-244,5.707,0,0,0,0,1,1,1,1]],[16,"New Label copy",false,3,[[27,"Valor da Retirada",25,false,1,2,1,2,"HallScene/Prefabs/WithdrawalPopup/WithdrawalPopup/WithdrawAmount",-147,[38]]],[0,"bcisHxKBBKLpSXJyuVlze6",1,0],[4,4284927318],[5,206.69,50.4],[-344.382,70.528,0,0,0,0,1,1,1,1]],[16,"New Label copy",false,3,[[66,"You will receive",28,false,1,1,1,-148,[39]]],[0,"f0021FIU9Dg7M4ZlNyFDQl",1,0],[4,4284927318],[5,191.13,50.4],[-334.221,-54.894,0,0,0,0,1,1,1,1]],[3,"SC_shuruk",false,3,[[4,1,0,-149,[40],41]],[0,"f3AVNdn71I+75MfV+Obaz4",1,0],[5,334,57],[-50.564,1.2240000000000002,0,0,0,0,1,1,1,1]],[22,"New Label",false,3,[[29,"Taxa de Serviço",28,false,1,2,1,"HallScene/Prefabs/WithdrawalPopup/WithdrawalPopup/Service Fee",-150,[42]]],[0,"52uX3TV21Gs6OH+tIyGCl/",1,0],[4,4284927318],[5,211.15,50.4],[0,1,0.5],[-244,-59.148,0,0,0,0,1,1,1,1]],[3,"box_frame_1",false,3,[[48,false,1,0,-151,[43],44]],[0,"121UPgI7JHK6leuO+Lkg+t",1,0],[5,580,60],[264.676,113.603,0,0,0,0,1,1,1,1]],[1,"TX_gantanhao",20,[[2,-152,[45],46]],[0,"21L2/0+jdD07fa4/XemRql",1,0],[5,69,69],[0,0,0,0,0,0,1,1.2,1.2,1]],[42,"bankNode",false,2,[15],[0,"b8uMhpaZlIR5BGKgndH5F4",1,0],[5,331,278],[0,0,1],[-643.929,218.905,0,0,0,0,1,1,1,1]],[12,"cardPix",15,[[67,24,26,1,-153,[49]]],[0,"d74E1E8y5KPZsSZr0nsYDB",1,0],[4,4278850641],[5,0,32.76],[0,0,0.5],[138.995,-326,0,0,0,0,1,1,1,1]],[12,"cardName",15,[[26,24,26,1,2,-154,[50]]],[0,"62czJzy71EhZMcqdHg4kti",1,0],[4,4278850641],[5,200,40],[0,0,0.5],[138.995,-192.244,0,0,0,0,1,1,1,1]],[12,"cardCPF",15,[[26,24,26,1,2,-155,[51]]],[0,"b0qmTKCphBe4zhZaKAQGcC",1,0],[4,4278850641],[5,200,40],[0,0,0.5],[138.995,-259,0,0,0,0,1,1,1,1]],[1,"icon_1",10,[[2,-156,[52],53]],[0,"81UgVKVgZNvLfnKhcVhpTR",1,0],[5,47,51],[-58.52,7.434,0,0,0,0,1,1,1,1]],[1,"New Label",10,[[28,"Add another\r\nwithdrew account",26,34,false,1,1,2,"HallScene/Prefabs/WithdrawalPopup/WithdrawalPopup/AddAnother",-157,[54]]],[0,"fdnhkYzDFNI5j4Y0B7DHfj",1,0],[5,100,55],[21.242,3.828,0,0,0,0,1,1,1,1]],[1,"icon_1",11,[[5,2,-158,[57],58]],[0,"b7MfyRGExOO491QAn9EKxT",1,0],[5,25,16],[55.026,0.481,0,0,0,0,1,1,1,1]],[1,"tips",11,[[68,"Account",20,20,1,1,-159,[59]]],[0,"88YQMt1e1GWJRxS/LEUQVJ",1,0],[5,72.27,25.2],[-15,1,0,0,0,0,1,1,1,1]],[11,"SC_kefuanniou",23,[[5,2,-160,[65],66]],[0,"c0OiSTqbVJeITRQJgKPEt7",1,0],[5,69,69]],[11,"SC_kefuanniou",24,[[5,2,-161,[67],68]],[0,"1fDBHIoThMqr2Xmje09f4+",1,0],[5,69,69]],[1,"New Sprite",12,[[17,0,false,-162,[71],72]],[0,"79EUAiqmFAFbcSZgtsAiKk",1,0],[5,591.4,62.6],[2.834,1.7,0,0,0,0,1,1,1,1]],[69,30,45,false,1,1,1,26,[73]],[74,"must be a multiple of 20",31.4,32,false,1,1,1,"must be a multiple of 20",27,[74]],[23,"choose",false,4,[[49,2,-163,[75]]],[0,"f5lZOerTtIRpLo6qBIFU58",1,0],[5,214,104]],[23,"img_def",false,4,[[2,-164,[76],77]],[0,"13Ecj6Xv1A+4rcK/yDYSFC",1,0],[5,202,92]],[3,"img_def2",false,4,[[2,-165,[80],81]],[0,"b6fGal7jhE9IUE7JAYdQQr",1,0],[5,109,70],[0,-4,0,0,0,0,1,1,1,1]],[1,"img_is_select",6,[[2,-166,[87],88]],[0,"13GELI1aBPm6cKJiUJhpCB",1,0],[5,32,30],[120.812,30,0,0,0,0,1,1,1,1]],[8,"Label",6,[[70,"111",35,35,1,-167,[89]]],[0,"2aOJ6IHrlCr5HW+NZgarOL",1,0],[5,53.2,44.1],[0,0,0.5],[-131.657,30,0,0,0,0,1,1,1,1]],[1,"11",19,[[4,1,0,-168,[95],96]],[0,"33LD+sVJVNq6MZxP7BIE9K",1,0],[5,518,64],[52,8,0,0,0,0,1,1,1,1]],[71,"Must be a multiple of 20",30.7,1,1,1,33,[99]]],0,[0,4,1,0,7,80,0,0,1,0,-1,7,0,-2,8,0,-3,40,0,-4,41,0,-5,42,0,-6,14,0,-7,2,0,-1,44,0,-2,45,0,-3,46,0,-4,47,0,-5,48,0,-6,49,0,-7,9,0,-8,3,0,-9,20,0,-10,21,0,-11,61,0,-12,10,0,-13,11,0,-14,16,0,-15,23,0,-16,24,0,-17,25,0,-18,12,0,-19,28,0,-20,13,0,-21,19,0,-1,54,0,-2,55,0,-3,56,0,-4,57,0,-5,58,0,-6,59,0,0,4,0,0,4,0,-1,74,0,-2,75,0,-3,29,0,-4,76,0,4,5,0,8,18,0,0,5,0,0,5,0,-1,17,0,0,6,0,0,6,0,-1,30,0,-2,77,0,-3,78,0,0,7,0,-1,34,0,-2,35,0,-3,36,0,0,8,0,-1,37,0,-2,38,0,-3,39,0,-1,50,0,-2,51,0,-3,52,0,-4,53,0,0,10,0,0,10,0,-1,65,0,-2,66,0,0,11,0,0,11,0,-1,67,0,-2,68,0,9,73,0,10,72,0,0,12,0,-1,71,0,-2,26,0,-3,27,0,0,13,0,-2,31,0,0,14,0,0,14,0,-1,43,0,-1,62,0,-2,63,0,-3,64,0,0,16,0,0,16,0,-1,22,0,0,17,0,0,17,0,-1,18,0,0,18,0,0,18,0,-1,79,0,-2,32,0,-3,33,0,0,20,0,-1,60,0,0,21,0,0,21,0,0,22,0,0,22,0,0,23,0,-1,69,0,0,24,0,-1,70,0,0,25,0,0,25,0,-1,72,0,0,26,0,-1,73,0,0,27,0,0,28,0,0,29,0,0,29,0,0,30,0,0,30,0,0,31,0,0,31,0,0,32,0,0,32,0,4,33,0,-1,80,0,0,34,0,0,35,0,0,36,0,0,37,0,0,38,0,0,39,0,0,40,0,0,41,0,0,42,0,0,43,0,0,44,0,0,45,0,0,46,0,0,47,0,0,48,0,0,49,0,0,50,0,0,51,0,0,52,0,0,53,0,0,54,0,0,55,0,0,56,0,0,57,0,0,58,0,0,59,0,0,60,0,0,62,0,0,63,0,0,64,0,0,65,0,0,66,0,0,67,0,0,68,0,0,69,0,0,70,0,0,71,0,0,74,0,0,75,0,0,76,0,0,77,0,0,78,0,0,79,0,11,1,4,3,28,5,3,13,6,3,13,15,3,61,168],[0,0,0,0,0,0,0,0,0,0,0,0,0,0,0,0,0,0,0,0,0,0,0,0,0,0,0,0,0,0,0,0,0,0,0,0,0,0,0,0,0,0,0,0,0,0,0,0,0,0,0,0,0,0,0,0,0,0,0,0,0,0,0,0,0,0,0,0,0,0,0,0,0,0,0,0,0,0,0,0,0,0,0,0,0,0,0,0,0,0,0,0,0,0,0,0,0,0,0,0],[-1,1,-1,1,-1,1,5,-1,-1,1,-1,1,-1,1,5,-1,-1,1,-1,1,-1,1,-1,1,-1,6,-1,-1,-1,-1,-1,-1,-1,-1,1,-1,1,-1,-1,-1,-1,1,-1,-1,1,-1,1,-1,1,-1,-1,-1,-1,1,-1,-1,1,-1,1,-1,-1,1,-1,-1,1,-1,1,-1,1,-1,1,-1,1,-1,-1,-1,-1,1,-1,6,-1,1,-1,1,12,-1,1,-1,1,-1,-1,1,-1,-1,1,-1,1,-1,1,-1],[0,5,0,6,0,7,3,3,0,5,0,6,0,7,3,3,0,11,0,12,0,13,0,14,0,8,0,0,0,0,0,0,0,0,9,0,9,0,0,0,0,10,0,0,4,0,15,0,16,0,0,0,0,17,0,0,18,0,19,0,0,20,0,0,21,0,22,0,23,0,24,0,4,0,0,0,0,25,0,8,0,26,0,27,0,0,10,0,28,0,0,29,0,0,30,0,4,0,31,0]],[[{"name":"btn_tishi","rect":[404,331,202,92],"offset":[0,0],"originalSize":[202,92],"rotated":1,"capInsets":[0,0,0,0]}],[1],0,[0],[2],[2]],[[{"name":"06","rect":[468,905,227,70],"offset":[0,0],"originalSize":[227,70],"capInsets":[0,0,0,0]}],[1],0,[0],[2],[1]],[[{"name":"02","rect":[871,603,303,36],"offset":[0,0],"originalSize":[303,36],"rotated":1,"capInsets":[0,0,0,0]}],[1],0,[0],[2],[1]],[[{"name":"08","rect":[468,733,330,80],"offset":[0,0],"originalSize":[330,80],"capInsets":[0,0,0,0]}],[1],0,[0],[2],[1]],[[{"name":"btn_xiala","rect":[249,378,25,16],"offset":[0,0],"originalSize":[25,16],"rotated":1,"capInsets":[0,0,0,0]}],[1],0,[0],[2],[2]],[[{"name":"07","rect":[756,819,178,69],"offset":[0,0],"originalSize":[178,69],"rotated":1,"capInsets":[0,0,0,0]}],[1],0,[0],[2],[1]],[[{"name":"point1","rect":[831,3,51,594],"offset":[68.5,0],"originalSize":[206,724],"capInsets":[0,0,0,0]}],[1],0,[0],[2],[1]]]]