[1,["ecpdLyjvZBwrvm+cedCcQy","18225a585","ae+rW/kHRBDJ+4Ov5bgm/h","40HDT/cNlPsaVNUOKcKVjI","bdr+ddRhdJuKNZwbHh1nKs","85r7GRG41Ata5koyCraHg+","20y+0LgkpIr6SZb4tsxXFL","ccAj8iiZlCX5mtVZ1a/aWi","ebUEdMfrBMAoPCQlBqBrCZ"],["node","_spriteFrame","_textureSetter","root","backNode","_N$content","data","_parent"],[["cc.Node",["_name","_active","_prefab","_contentSize","_components","_parent","_children","_trs","_anchorPoint","_color"],1,4,5,9,1,2,7,5,5],"cc.SpriteFrame",["cc.Sprite",["_sizeMode","_type","node","_materials","_spriteFrame"],1,1,3,6],["cc.Label",["_fontSize","_N$verticalAlign","_N$cacheMode","_lineHeight","_N$horizontalAlign","_string","_N$overflow","node","_materials"],-4,1,3],["cc.PrefabInfo",["fileId","root"],2,1],["cc.Prefab",["_name"],2],["0f9e7QlGBpAd4FSVkYUlwz7",["node","backNode"],3,1,1],["cc.Button",["zoomScale","_N$transition","node","clickEvents"],1,1,9],["cc.ClickEvent",["_componentId","handler","target"],1,1],["4a9ccyG1wZHZoUU1BHvpISv",["horizontal","_spaceX","_spaceY","_totalCount","_showCount","node","_N$content"],-2,1,1],["cc.Mask",["_N$alphaThreshold","node","_materials"],2,1,3],["cc.LabelOutline",["node","_color"],3,1,5]],[[4,0,1,2],[2,2,3,4,1],[0,0,5,4,2,3,7,2],[0,0,5,4,2,9,3,8,7,2],[11,0,1,1],[0,0,1,5,4,2,3,7,3],[3,0,3,4,1,2,7,8,6],[5,0,2],[0,0,6,4,2,3,7,2],[0,0,6,2,3,8,2],[0,0,5,6,4,2,3,8,7,2],[0,0,5,6,4,2,3,8,2],[0,0,5,6,2,3,8,2],[0,0,5,4,2,3,2],[6,0,1,1],[4,1,1],[2,1,0,2,3,3],[2,0,2,3,4,2],[7,0,1,2,3,3],[8,0,1,2,3],[9,0,1,2,3,4,5,6,6],[10,0,1,2,2],[3,5,0,4,1,2,7,8,6],[3,0,3,1,6,2,7,8,6]],[[[{"name":"img_reward","rect":[144,1488,56,56],"offset":[0,0.5],"originalSize":[56,57],"capInsets":[0,0,0,0]}],[1],0,[0],[2],[1]],[[[7,"TrafficPermitMisstion"],[8,"TrafficPermitMisstion",[-4,-5,-6,-7],[[14,-3,-2]],[15,-1],[5,750,446],[0,14,0,0,0,0,1,1,1,1]],[9,"item",[-8,-9,-10,-11,-12,-13,-14,-15],[0,"fdVz+fnD1OcpZZ/ccdR8vo",1],[5,0,74],[0,0.5,1]],[2,"btnClose",1,[[1,-16,[2],3],[18,0.9,3,-17,[[19,"fbfa5eakAlJRo0+573WlNfC","onHide",1]]]],[0,"57Dfw/0EdKfp5mp7Znl0o8",1],[5,81,81],[361.678,208.28,0,0,0,0,1,1,1,0]],[10,"scrollview",1,[-21],[[16,1,0,-18,[19]],[20,false,20,7,20,7,-20,-19]],[0,"b7cdWSePVCnoVHKz5c0mUc",1],[5,720,350],[0,0.5,1],[1.012,143,0,0,0,0,1,1,1,1]],[11,"view",4,[-23],[[21,0,-22,[18]]],[0,"9fEnpu3gtHyrKPYanUliht",1],[5,720,350],[0,0.5,1]],[12,"content",5,[2],[0,"f29nyAQF5Oiaz4ls6Ii5Gf",1],[5,720,400],[0,0.5,1]],[3,"textCur",2,[[6,26,26,1,1,2,-24,[13]],[4,-25,[4,4279266242]]],[0,"9fvte4TihI/pNWpgy6cFFT",1],[4,4283629567],[5,2,28],[0,1,0.5],[50.831,-29.396,0,0,0,0,1,1,1,1]],[3,"textAll",2,[[6,26,26,1,1,2,-26,[14]],[4,-27,[4,4279266242]]],[0,"a4vQc7wRNO67HIr16qwWK4",1],[4,4283629567],[5,2,28],[0,0,0.5],[50.831,-29.396,0,0,0,0,1,1,1,1]],[2,"textAdd",2,[[22,"+125",26,1,1,2,-28,[15]],[4,-29,[4,4288759836]]],[0,"031zqb5+ZPi7RNy//sAm7U",1],[5,60.56,42],[212.55,-44.925,0,0,0,0,1,1,1,1]],[13,"bg",1,[[17,0,-30,[0],1]],[0,"15MHJgKWxLS7uhMXfsiJZa",1],[5,750,446]],[2,"title_mission",1,[[1,-31,[4],5]],[0,"14xXJ6+bBMnbcUOKdtViSj",1],[5,304,33],[0,181.9,0,0,0,0,1,1,1,1]],[2,"img_normal",2,[[1,-32,[6],7]],[0,"68tNccmDpIvYHpWlD8R0+w",1],[5,698,74],[0,-34.717,0,0,0,0,1,1,1,1]],[2,"8",2,[[1,-33,[8],9]],[0,"f7aA/3E/NG2qPBenZVFCd9",1],[5,56,56],[212.942,-32.264,0,0,0,0,1,1,1,1]],[5,"img_select",false,2,[[1,-34,[10],11]],[0,"bcHKqOy1RMB5asH4QMpYgD",1],[5,42,41],[298.263,-31.27,0,0,0,0,1,1,1,1]],[3,"textMission",2,[[23,26,26,1,3,2,-35,[12]]],[0,"e0UcZ+ZItBtpsHIWq3Ny4+",1],[4,4286991947],[5,287.58,26],[0,0,0.5],[-329.093,-32.088,0,0,0,0,1,1,1,1]],[5,"img_finish",false,2,[[1,-36,[16],17]],[0,"3a9NthumtKrKKAfvMWIFQF",1],[5,699,75],[0,-35.563,0,0,0,0,1,1,1,1]]],0,[0,3,1,0,4,3,0,0,1,0,-1,10,0,-2,3,0,-3,11,0,-4,4,0,-1,12,0,-2,13,0,-3,14,0,-4,15,0,-5,7,0,-6,8,0,-7,9,0,-8,16,0,0,3,0,0,3,0,0,4,0,5,6,0,0,4,0,-1,5,0,0,5,0,-1,6,0,0,7,0,0,7,0,0,8,0,0,8,0,0,9,0,0,9,0,0,10,0,0,11,0,0,12,0,0,13,0,0,14,0,0,15,0,0,16,0,6,1,2,7,6,36],[0,0,0,0,0,0,0,0,0,0,0,0,0,0,0,0,0,0,0,0],[-1,1,-1,1,-1,1,-1,1,-1,1,-1,1,-1,-1,-1,-1,-1,1,-1,-1],[0,2,0,3,0,4,0,5,0,6,0,7,0,0,0,0,0,8,0,0]],[[{"name":"img_normal","rect":[1308,568,698,74],"offset":[0,0],"originalSize":[698,74],"rotated":1,"capInsets":[0,0,0,0]}],[1],0,[0],[2],[1]],[[{"name":"title_mission","rect":[358,1077,180,32],"offset":[0,-0.5],"originalSize":[304,33],"rotated":1,"capInsets":[0,0,0,0]}],[1],0,[0],[2],[1]],[[{"name":"img_select","rect":[206,1488,42,41],"offset":[0,0],"originalSize":[42,41],"capInsets":[0,0,0,0]}],[1],0,[0],[2],[1]],[[{"name":"img_finish","rect":[1388,568,696,72],"offset":[-0.5,0.5],"originalSize":[699,75],"rotated":1,"capInsets":[0,0,0,0]}],[1],0,[0],[2],[1]]]]