[1,["a54Ae0coRCB5LeRR5wLrt/","82HkaBiPZJoJE8mwWroW1I"],["spriteFrame","_textureSetter"],["cc.SpriteFrame",["cc.BitmapFont",["_name","fontSize","_fntConfig"],0]],[[1,0,1,2,4]],[[[[0,"tips_font-export",32,{"commonHeight":90,"fontSize":32,"atlasName":"tips_font-export.png","fontDefDictionary":{"9":{"xOffset":0,"yOffset":0,"xAdvance":5248,"rect":{"x":0,"y":0,"width":0,"height":0}},"32":{"xOffset":0,"yOffset":0,"xAdvance":656,"rect":{"x":0,"y":0,"width":0,"height":0}},"48":{"xOffset":0,"yOffset":60,"xAdvance":66,"rect":{"x":0,"y":0,"width":25,"height":30}},"49":{"xOffset":0,"yOffset":61,"xAdvance":54,"rect":{"x":196,"y":0,"width":13,"height":29}},"50":{"xOffset":0,"yOffset":61,"xAdvance":64,"rect":{"x":195,"y":54,"width":23,"height":29}},"51":{"xOffset":0,"yOffset":61,"xAdvance":64,"rect":{"x":148,"y":0,"width":23,"height":29}},"52":{"xOffset":0,"yOffset":61,"xAdvance":65,"rect":{"x":99,"y":0,"width":24,"height":29}},"53":{"xOffset":0,"yOffset":61,"xAdvance":64,"rect":{"x":99,"y":54,"width":23,"height":29}},"54":{"xOffset":0,"yOffset":61,"xAdvance":65,"rect":{"x":50,"y":56,"width":24,"height":30}},"55":{"xOffset":0,"yOffset":61,"xAdvance":64,"rect":{"x":147,"y":54,"width":23,"height":29}},"56":{"xOffset":0,"yOffset":60,"xAdvance":65,"rect":{"x":50,"y":0,"width":24,"height":31}},"57":{"xOffset":0,"yOffset":60,"xAdvance":66,"rect":{"x":0,"y":55,"width":25,"height":30}}},"kerningDict":{}}]],0,0,[0],[0],[0]],[[{"name":"tips_font-export","rect":[0,0,218,86],"offset":[-19,21],"originalSize":[256,128],"capInsets":[0,0,0,0]}],[0],0,[0],[1],[1]]]]