[1,["ecpdLyjvZBwrvm+cedCcQy","1aeb76e70","ceW67okbJGbJxYwd4aEcCz","41PWMK/ZFK0oLbhl9NLJTu","828tq/uWRO3aysopZhBxJw","00YSPpT5FKB6xFiWnzrhoA","9aF5xfxX9GD46Mxc7mUAD3","76DGJp20JE+ouslG/cdXtn","09tookXNJHT5Q17TYYvJgx","c6M2w8QihKrr98SG+gGGyp","6f2v4VD1tP1KRNaQFKwTdI","0161xfKaZGebTzD2GDxivl","e0n5ExoflNLZPWxMwEn4n2","c9a3WgEXlFgrtaxBaLxiQr","d8C09TdMdFaIA/7EILSiK3","ffUKyFr6pGa4M8Bcx6ik9P","a8QSoAcJRDmrsRorwermpQ","e1yTW5PtVPgbCcDABQ93Q8","b0ZsX3GulDO7IErdXATfdn","66CqjIofVC55+Dc7PML0eH","912LWFWzpEGImGql30NVGC","c5ic3bM1ZDo4Vx0u5d6o8N","eaXdnWWupGsZy72/ujAcZj","aaEhV6J15HMJlgy40fLa/9"],["node","_textureSetter","_spriteFrame","_parent","_N$file","root","items","contents","_N$content","data","_normalMaterial"],["cc.SpriteFrame",["cc.Node",["_name","_active","_opacity","_components","_prefab","_contentSize","_trs","_parent","_children","_color","_anchorPoint"],0,9,4,5,7,1,2,5,5],["cc.Sprite",["_sizeMode","_type","node","_materials","_spriteFrame"],1,1,3,6],["cc.Label",["_fontSize","_N$horizontalAlign","_N$verticalAlign","_isSystemFontUsed","_string","_N$overflow","_lineHeight","_enableWrapText","node","_materials","_N$file"],-5,1,3,6],["cc.LabelShadow",["_blur","node","_color","_offset"],2,1,5,5],["6dbaacb0j9CkpNlQEFpLMCG",["_string","_N$horizontalAlign","_N$verticalAlign","_N$textKey","_enableWrapText","_N$overflow","_fontSize","node","_materials"],-4,1,3],["cc.PrefabInfo",["fileId","root"],2,1],["cc.Button",["zoomScale","_N$transition","_N$enableAutoGrayEffect","node","clickEvents","_normalMaterial"],0,1,9,6],["cc.Prefab",["_name"],2],["be448TCJMJPPKxJahjkjzmz",["node","contents","items","itemBgArr","dayImgArr","goldIconArr"],3,1,1,1,3,3,3],["cc.ScrollView",["vertical","brake","elastic","bounceDuration","_N$horizontalScrollBar","_N$verticalScrollBar","node","_N$content"],-3,1,1],["cc.Layout",["_resize","_N$layoutType","_N$spacingX","node","_layoutSize"],0,1,5],["cc.ClickEvent",["_componentId","handler","customEventData","target"],0,1],["cc.Mask",["_N$alphaThreshold","node","_materials"],2,1,3],["cc.LabelOutline",["_width","node","_color"],2,1,5]],[[6,0,1,2],[1,0,7,3,4,5,6,2],[2,2,3,4,1],[1,0,1,7,3,4,5,6,3],[2,0,2,3,4,2],[7,0,1,3,4,3],[12,0,1,2,3,4],[1,0,7,8,3,4,5,6,2],[1,0,1,7,8,3,4,5,6,3],[1,0,8,3,4,5,6,2],[1,0,1,7,3,4,9,5,6,3],[3,4,0,1,2,8,9,5],[5,0,6,1,2,3,7,8,6],[8,0,2],[1,0,8,3,4,2],[1,0,8,3,4,5,10,6,2],[1,0,1,2,7,3,4,9,5,6,4],[9,0,1,2,3,4,5,1],[6,1,1],[10,0,1,2,3,4,5,6,7,7],[2,1,0,2,3,4,3],[2,2,3,1],[11,0,1,2,3,4,4],[7,2,3,5,2],[13,0,1,2,2],[3,0,3,1,2,5,8,9,10,6],[3,0,6,7,3,1,2,5,8,9,10,8],[3,4,0,6,3,1,2,8,9,10,7],[14,0,1,2,2],[4,0,1,2,3,2],[4,1,2,1],[4,1,2,3,1],[5,0,4,1,2,5,3,7,8,7],[5,0,6,4,1,2,5,3,7,8,8]],[[[{"name":"welbouns_zhezhao","rect":[683,290,190,243],"offset":[0,0],"originalSize":[190,243],"rotated":1,"capInsets":[0,0,0,0]}],[0],0,[0],[1],[1]],[[{"name":"btn_clo","rect":[437,41,189,77],"offset":[0,0],"originalSize":[189,77],"capInsets":[0,0,0,0]}],[0],0,[0],[1],[1]],[[{"name":"welbouns_img_2","rect":[3,328,190,243],"offset":[0,0],"originalSize":[190,243],"rotated":1,"capInsets":[0,0,0,0]}],[0],0,[0],[1],[1]],[[{"name":"dia3","rect":[171,196,126,165],"offset":[1,-2.5],"originalSize":[174,170],"rotated":1,"capInsets":[0,0,0,0]}],[0],0,[0],[1],[1]],[[{"name":"welbouns_btn_tomorrow","rect":[632,55,189,77],"offset":[0,0],"originalSize":[189,77],"capInsets":[0,0,0,0]}],[0],0,[0],[1],[1]],[[{"name":"img_di","rect":[3,138,764,52],"offset":[0,0],"originalSize":[764,52],"capInsets":[0,0,0,0]}],[0],0,[0],[1],[1]],[[{"name":"dia1","rect":[3,196,125,162],"offset":[2.5,-1],"originalSize":[174,170],"rotated":1,"capInsets":[0,0,0,0]}],[0],0,[0],[1],[1]],[[{"name":"dia4","rect":[342,196,127,165],"offset":[1.5,-2.5],"originalSize":[174,170],"rotated":1,"capInsets":[0,0,0,0]}],[0],0,[0],[1],[1]],[[{"name":"welbouns_frame","rect":[0,0,1132,635],"offset":[0,0],"originalSize":[1132,635],"capInsets":[0,0,0,0]}],[0],0,[0],[1],[5]],[[{"name":"dia2","rect":[773,161,123,162],"offset":[1.5,-1],"originalSize":[174,170],"rotated":1,"capInsets":[0,0,0,0]}],[0],0,[0],[1],[1]],[[[13,"FirstAddCash"],[14,"FirstAddCash",[-5],[[17,-4,-3,-2,[41,42,43],[44,45,46,47,48],[49,50]]],[18,-1]],[9,"scrollview",[-9],[[19,false,0.75,false,0.23,null,null,-8,-7]],[0,"6cdTXllgdEIIK/MVkhx4hH",-6],[5,1050,350],[15,-21.229,0,0,0,0,1,1,1,1]],[15,"item",[-11,-12,-13,-14,-15,-16,-17,-18,-19],[[4,0,-10,[23],24]],[0,"24J09ZgJ1IXrAhVLc6eWHt",2],[5,192,244],[0,0,1],[-96,148,0,0,0,0,1,1,1,1]],[7,"welbouns_frame",1,[-21,-22,2,-23,-24,-25,-26,-27,-28],[[4,2,-20,[39],40]],[0,"c1uhw8EhFNuowos36u1jqX",1],[5,1132,635],[0,6.132,0,0,0,0,1,1,1,1]],[9,"content",[3],[[22,1,1,6,-29,[5,192,350]]],[0,"036a4WKD5hBcbQJmMrbqoW8",2],[5,192,350],[-341.027,0,0,0,0,0,1,1,1,1]],[7,"btn_collect",3,[-32],[[4,2,-30,[11],12],[5,1.1,3,-31,[[6,"be448TCJMJPPKxJahjkjzmz","onClickItem","Collect",1]]]],[0,"afNh1/83VGCbXjXu21Lbp9",2],[5,189,77],[98.78,-323.1,0,0,0,0,1,1,1,0]],[8,"btn_tomorrow",false,3,[-35],[[2,-33,[17],18],[23,true,-34,19]],[0,"ddIf1Wnl9Ib7N8qCZcixz0",2],[5,189,77],[98.78,-323.1,0,0,0,0,1,1,1,1]],[8,"btn_goShop",false,4,[-38],[[20,1,0,-36,[36],37],[5,1.1,3,-37,[[6,"be448TCJMJPPKxJahjkjzmz","onClickItem","GoShop",1]]]],[0,"64+RfVsSlGg68m8e0pTBJj",1],[5,450,95],[0,-234.208,0,0,0,0,1,1,1,0]],[1,"box_close",4,[[2,-39,[0],1],[5,1.1,3,-40,[[6,"be448TCJMJPPKxJahjkjzmz","onClickItem","Close",1]]]],[0,"28fPavw5lGaLHwYUDirg64",1],[5,89,91],[450.952,249.338,0,0,0,0,1,1,1,0]],[7,"view",2,[5],[[24,0,-41,[25]]],[0,"c1dc9Kk/CRJqaNnBOP4YGDS",2],[5,1050,700],[15.774,0,0,0,0,0,1,1,1,1]],[1,"New Label",6,[[11,"Collectar",34,1,1,-42,[10]],[28,2,-43,[4,4280596796]]],[0,"5fQLIdxVFKXJfgPrB4Fxfi",2],[5,138.16,54.4],[0,8.39,0,0,0,0,1,1,1,1]],[8,"img_titno",false,4,[-45],[[2,-44,[31],32]],[0,"e3AuhAQXdMpqGvmH0O0L0R",1],[5,512,36],[1.815,169.418,0,0,0,0,1,1,1,1]],[1,"allCashLab",12,[[25,38,false,1,1,2,-46,[29],30],[29,3,-47,[4,4278190120],[0,3,3]]],[0,"7dXOHrwQhJa6mm7UTHEYxs",1],[5,105.45,50.4],[7.342,6.202,0,0,0,0,1,1,1,1]],[3,"btn_help",false,4,[[2,-48,[33],34],[5,1.1,3,-49,[[6,"be448TCJMJPPKxJahjkjzmz","onClickItem","btnRule",1]]]],[0,"3bqMmJpDdNo782420X1Jp+",1],[5,42,42],[-297.127,168.87,0,0,0,0,1,1,1,0]],[1,"New Label",8,[[32,"ADIC dinheiro agora",false,1,1,2,"HallScene/Prefabs/FirstAddCash/FirstAddCash/ADD CASH NOW",-50,[35]],[30,-51,[4,4280596796]]],[0,"04hpBDc+9ED6myIZ/MEjq3",1],[5,315.57,50.4],[7.815,11.938,0,0,0,0,1,1,1,1]],[10,"onlayonLab",false,4,[[33,"Apenas uma chance",35,false,1,1,2,"HallScene/Prefabs/FirstAddCash/FirstAddCash/ONLY ONE CHANCE",-52,[38]],[31,-53,[4,2399141888],[0,3,3]]],[0,"d0HXSPA4lKkL3OOk4k9j/B",1],[4,4286772991],[5,335.8,50.4],[0,-150.012,0,0,0,0,1,1,1,1]],[1,"img_di",4,[[2,-54,[2],3]],[0,"4cBNY5W1RCHrbTI1Y5uDNN",1],[5,764,52],[0,167.343,0,0,0,0,1,1,1,1]],[1,"dayimg",3,[[2,-55,[4],5]],[0,"94fuulQQZBA7PgbAMks26Q",2],[5,114,164],[97.804,-82.58,0,0,0,0,1,1,1,1]],[3,"icon_bar",false,3,[[21,-56,[6]]],[0,"65XjjwcZtP2o9hIdkCDWTw",2],[5,45,51],[77.831,-216.665,0,0,0,0,1,0.6,0.6,1]],[1,"goldLab",3,[[26,50,50,false,false,1,1,2,-57,[7],8]],[0,"8eDRqlobhCOJr/iseyMpqv",2],[5,250,63],[99.219,-206.229,0,0,0,0,1,0.6,0.6,0.6]],[1,"missed",3,[[11,"Missed",35,1,1,-58,[9]]],[0,"f0xveAKd1FmIr8bSIrRuLs",2],[5,110.86,50.4],[92,-320.725,0,0,0,0,1,1,1,1]],[3,"img_right",false,3,[[2,-59,[13],14]],[0,"f5F+cPJIdFWZ1W9MsCXc8l",2],[5,60,46],[92,-314.193,0,0,0,0,1,1,1,1]],[1,"timeLab",7,[[27,"23:12:45",27,30,false,1,1,-60,[15],16]],[0,"2baI58ZG1GuonbvMSfn+hW",2],[5,103.95,37.8],[0,8.783,0,0,0,0,1,1,1,1]],[3,"waiting",false,3,[[12,"Waiting",28,1,1,"HallScene/Prefabs/FirstAddCash/FirstAddCash/waiting",-61,[20]]],[0,"41Xu1YoENDA4Jbx63EHme/",2],[5,156.58,54.4],[96.973,-312.303,0,0,0,0,1,1,1,1]],[16,"back",false,148,3,[[4,0,-62,[21],22]],[0,"7aBk8Z+NJOsJc017e4XAxc",2],[4,4278190080],[5,192,244],[96,-122.458,0,0,0,0,1,1,1,1]],[10,"titrules",false,4,[[12,"As recompensas diárias só são válidas dentro de 24 horas, favor reivindicá-las no dia",25,1,1,"HallScene/Prefabs/FirstAddCash/FirstAddCash/titrules",-63,[26]]],[0,"f5ADU+45pP9bX5oyMVz0qY",1],[4,4285265663],[5,946.34,50.4],[0,-248.314,0,0,0,0,1,1,1,1]],[3,"img_tit",false,4,[[2,-64,[27],28]],[0,"abKwMFdr1DGaKDUKGWsHY1",1],[5,552,28],[17.388,165.801,0,0,0,0,1,1,1,1]]],0,[0,5,1,0,6,3,0,7,5,0,0,1,0,-1,4,0,5,2,0,8,5,0,0,2,0,-1,10,0,0,3,0,-1,18,0,-2,19,0,-3,20,0,-4,21,0,-5,6,0,-6,22,0,-7,7,0,-8,24,0,-9,25,0,0,4,0,-1,9,0,-2,17,0,-4,26,0,-5,27,0,-6,12,0,-7,14,0,-8,8,0,-9,16,0,0,5,0,0,6,0,0,6,0,-1,11,0,0,7,0,0,7,0,-1,23,0,0,8,0,0,8,0,-1,15,0,0,9,0,0,9,0,0,10,0,0,11,0,0,11,0,0,12,0,-1,13,0,0,13,0,0,13,0,0,14,0,0,14,0,0,15,0,0,15,0,0,16,0,0,16,0,0,17,0,0,18,0,0,19,0,0,20,0,0,21,0,0,22,0,0,23,0,0,24,0,0,25,0,0,26,0,0,27,0,9,1,2,3,4,3,3,5,5,3,10,64],[0,0,0,0,0,0,0,0,0,0,0,0,0,0,0,0,0,0,0,0,0,0,0,0,0,0,0,0,0,0,0,0,0,0,0,0,0,0,0,0,0,0,0,0,0,0,0,0,0,0,0],[-1,2,-1,2,-1,2,-1,-1,4,-1,-1,-1,2,-1,2,-1,4,-1,2,10,-1,-1,2,-1,2,-1,-1,-1,2,-1,4,-1,2,-1,2,-1,-1,2,-1,-1,2,-1,-2,-3,-1,-2,-3,-4,-5,-1,-2],[0,6,0,7,0,4,0,0,2,0,0,0,8,0,9,0,2,0,10,0,0,0,11,0,3,0,0,0,12,0,2,0,13,0,14,0,0,15,0,0,16,3,3,17,4,18,19,20,21,22,23]],[[{"name":"dia5","rect":[513,196,130,164],"offset":[0,-2],"originalSize":[174,170],"rotated":1,"capInsets":[0,0,0,0]}],[0],0,[0],[1],[1]],[[{"name":"welbouns_img_day_done","rect":[808,3,60,46],"offset":[0,0],"originalSize":[60,46],"capInsets":[0,0,0,0]}],[0],0,[0],[1],[1]],[[{"name":"img_tit","rect":[3,37,428,34],"offset":[8,-1],"originalSize":[512,36],"capInsets":[0,0,0,0]}],[0],0,[0],[1],[1]],[[{"name":"welbouns_btn_help","rect":[760,3,42,42],"offset":[0,0],"originalSize":[42,42],"capInsets":[0,0,0,0]}],[0],0,[0],[1],[1]],[[{"name":"welbouns_img_cash","rect":[29,3,552,28],"offset":[0,0],"originalSize":[552,28],"capInsets":[0,0,0,0]}],[0],0,[0],[1],[1]],[[{"name":"welbouns_img_1","rect":[252,329,190,243],"offset":[0,0],"originalSize":[190,243],"rotated":1,"capInsets":[0,0,0,0]}],[0],0,[0],[1],[1]]]]