[1,["ecpdLyjvZBwrvm+cedCcQy","f0BIwQ8D5Ml7nTNQbh1YlS","1de662e9f","e97GVMl6JHh5Ml5qEDdSGa","29FYIk+N1GYaeWH/q1NxQO","147768f2c","24oVxyihBPpLY0aETXlG1D","d6WCBelKBGXbsks0k3IHUx","eaXdnWWupGsZy72/ujAcZj","aaEhV6J15HMJlgy40fLa/9","15G804B/BPv5tqbMeIgX96","ffUKyFr6pGa4M8Bcx6ik9P"],["node","_spriteFrame","_textureSetter","root","_parent","_N$normalSprite","_N$pressedSprite","_N$hoverSprite","_N$disabledSprite","bgNode2","bgNode1","txBonusRate","bonusBgNode","buyNode","txCost","txBonus","txCoin","_N$target","data","_normalMaterial"],[["cc.Node",["_name","_active","_prefab","_components","_contentSize","_parent","_children","_trs","_color"],1,4,9,5,1,12,7,5],["cc.Label",["_fontSize","_N$horizontalAlign","_N$verticalAlign","_string","_N$overflow","_enableWrapText","_N$cacheMode","node","_materials"],-4,1,3],["cc.Node",["_name","_active","_children","_components","_prefab","_contentSize","_trs","_parent"],1,2,9,4,5,7,1],"cc.SpriteFrame",["cc.Node",["_name","_parent","_components","_prefab","_contentSize","_trs"],2,1,2,4,5,7],["cc.PrefabInfo",["fileId","root"],2,1],["cc.Sprite",["_type","_sizeMode","node","_materials","_spriteFrame"],1,1,3,6],["cc.Button",["zoomScale","_N$transition","_N$enableAutoGrayEffect","node","_N$normalColor","_N$pressedColor","_N$disabledColor","_N$target","_N$normalSprite","_N$pressedSprite","_N$hoverSprite","_N$disabledSprite","_normalMaterial"],0,1,5,5,5,1,6,6,6,6,6],["cc.Prefab",["_name"],2],["cc.Node",["_name","_parent","_components","_prefab","_color","_contentSize","_trs"],2,1,12,4,5,5,7],["22aceKUoEhLR6Kim+jn/wVX",["node","txCoin","txBonus","txCost","buyNode","bonusBgNode","txBonusRate","bgNode1","bgNode2"],3,1,1,1,1,1,1,1,1,1],["cc.Widget",["alignMode","_alignFlags","_originalWidth","_originalHeight","node"],-1,1],["cc.LabelOutline",["_width","node","_color"],2,1,5]],[[5,0,1,2],[6,2,3,4,1],[0,0,5,3,2,4,7,2],[0,0,5,3,2,4,2],[2,0,7,2,3,4,5,6,2],[4,0,1,2,3,4,5,2],[6,0,1,2,3,4,3],[1,0,1,2,4,7,8,5],[8,0,2],[0,0,6,3,2,4,2],[0,0,1,5,2,3],[0,0,5,3,2,8,4,2],[2,0,2,3,4,5,6,2],[2,0,1,7,2,3,4,5,6,3],[2,0,1,7,2,3,4,5,3],[9,0,1,2,3,4,5,6,2],[4,0,1,2,3,4,2],[5,1,1],[10,0,1,2,3,4,5,6,7,8,1],[11,0,1,2,3,4,5],[7,0,2,1,3,4,5,6,7,12,8,9,10,11,4],[7,0,1,3,4,5,6,7,8,9,10,11,3],[12,0,1,2,2],[1,3,0,1,2,7,8,5],[1,0,1,2,7,8,4],[1,3,0,5,1,2,6,7,8,7],[1,3,0,5,1,2,4,6,7,8,8]],[[[{"name":"bounscard_img_card","rect":[752,3,106,106],"offset":[0,0],"originalSize":[106,106],"capInsets":[0,0,0,0]}],[3],0,[0],[2],[2]],[[{"name":"gift_item_1","rect":[437,588,390,456],"offset":[0,0],"originalSize":[392,458],"rotated":1,"capInsets":[0,0,0,0]}],[3],0,[0],[2],[5]],[[[8,"ViperGiftItem"],[9,"ViperGiftItem",[[-11,-12,-13,-14,-15,-16,-17,-18,-19,-20,[10,"hasBuyNode",false,-22,[0,"7b+Fvk6dtIOouUceForYle",-21]]],1,1,1,1,1,1,1,1,1,1,4],[[18,-10,-9,-8,-7,-6,-5,-4,-3,-2]],[17,-1],[5,390,456]],[12,"Background",[-25],[[6,1,0,-23,[23],24],[19,0,45,100,40,-24]],[0,"71iQhNeE9HZY58TmtyXTjH",1],[5,100,40],[0,0,0,0,0,0,1,1,1,0]],[13,"bounscard_img_card",false,1,[-27],[[1,-26,[12],13]],[0,"16wVtP3aVGKb1OveAklUgo",1],[5,106,106],[115.157,104.996,0,0,0,0,1,1,1,1]],[4,"btnBuy",1,[-30],[[20,1.1,true,3,-29,[4,4293322470],[4,4291348680],[4,3363338360],-28,17,18,19,20,21]],[0,"a1qI7vnHJCaK6BjEnRsazK",1],[5,250,89],[3.882,-153.948,0,0,0,0,1,1,1,1]],[4,"Background",4,[-32],[[6,1,2,-31,[15],16]],[0,"danJPSVetCcZ5VQFVQY4QJ",1],[5,250,89],[0,0,0,0,0,0,1,1,1,0]],[3,"gift_item_1",1,[[1,-33,[0],1]],[0,"13XaBoRIFJ747TAru3F0hv",1],[5,390,456]],[3,"gift_item_0",1,[[1,-34,[2],3]],[0,"c68TFmjGVIYbbShUWLgPoH",1],[5,390,456]],[15,"Label",5,[[-35,[22,2,-36,[4,4280720958]]],1,4],[0,"71uOKktJtKT5yDLnxpGzRt",1],[4,4293458935],[5,130.26999999999998,54.4],[1.693,9.212,0,0,0,0,1,1,1,1]],[14,"btnRecv",false,1,[2],[[21,1.1,3,-37,[4,4293322470],[4,4291348680],[4,3363338360],2,25,26,27,28]],[0,"71tDJVsyJN95DrgroXzn1W",1],[5,100,40]],[2,"coin",1,[[1,-38,[4],5]],[0,"f7JwvZILpG0ZrV1IF4ipyd",1],[5,47,50],[-130.106,-56.789,0,0,0,0,1,1,1,1]],[2,"bonus",1,[[1,-39,[6],7]],[0,"d5sSsTrTtMk5aL9f/GOmyO",1],[5,53,58],[39.944,-58.215,0,0,0,0,1,1,1,1]],[5,"textCoin",1,[-40],[0,"38xQuUoHNIAoukSzrDpguQ",1],[5,100.11,50.4],[-59,-55,0,0,0,0,1,1,1,1]],[7,36,1,1,2,12,[8]],[5,"textBonus",1,[-41],[0,"95UH4PkWxIFpJRdHwHWAH9",1],[5,100.11,50.4],[115,-55,0,0,0,0,1,1,1,1]],[7,36,1,1,2,14,[9]],[2,"textAdd",1,[[23,"+",36,1,1,-42,[10]]],[0,"bdAe6c6LlBmYQkFW9aZVvD",1],[5,21.02,50.4],[1.221,-55.2,0,0,0,0,1,1,1,1]],[16,"New Label",3,[-43],[0,"99qkDsSdpLK5EwfvPtplmk",1],[5,56.88,50.4]],[24,22,1,1,17,[11]],[25,"Collectar",32,false,1,1,1,8,[14]],[11,"Label",2,[[26,"button",20,false,1,1,1,1,-44,[22]]],[0,"31Qt0pWNtGHZ6qpyfpyqjF",1],[4,4278190080],[5,100,40]]],0,[0,3,1,0,9,6,0,10,7,0,11,18,0,12,3,0,13,4,0,14,19,0,15,15,0,16,13,0,0,1,0,-1,6,0,-2,7,0,-3,10,0,-4,11,0,-5,12,0,-6,14,0,-7,16,0,-8,3,0,-9,4,0,-10,9,0,3,1,0,4,1,0,0,2,0,0,2,0,-1,20,0,0,3,0,-1,17,0,17,5,0,0,4,0,-1,5,0,0,5,0,-1,8,0,0,6,0,0,7,0,-1,19,0,0,8,0,0,9,0,0,10,0,0,11,0,-1,13,0,-1,15,0,0,16,0,-1,18,0,0,20,0,18,1,2,4,9,44],[0,0,0,0,0,0,0,0,0,0,0,0,0,0,0,0,0,0,0,0,0,0,0,0,0,0,0,0,0],[-1,1,-1,1,-1,1,-1,1,-1,-1,-1,-1,-1,1,-1,-1,1,19,5,6,7,8,-1,-1,1,5,6,7,8],[0,6,0,7,0,8,0,9,0,0,0,0,0,10,0,0,11,0,1,3,1,4,0,0,1,1,3,1,4]],[[{"name":"gift_item_0","rect":[3,103,390,456],"offset":[0,0],"originalSize":[392,458],"rotated":1,"capInsets":[0,0,0,0]}],[3],0,[0],[2],[2]]]]