[1,["ecpdLyjvZBwrvm+cedCcQy","a2MjXRFdtLlYQ5ouAFv/+R","6cAMuiet9Ov4kzME0/st0X","5cyBSRFrdEIYNk4sTPJbN7","a3HyQZQ95BuIUmbUY6dtiQ","41RB2z5MtNNbbqOLs0HMbk","6534mWVH9FqaSKXbK1WdDv","9aONKHSjJB9IjGbjwHMI2U","d1Qf9/aKFG7o7RD1/1d2O4"],["node","_spriteFrame","_N$target","root","labelNum","cancel","collect","data","_N$dragonAsset","_N$dragonAtlasAsset","btn_touchClip","collect2Clip","_N$file"],[["cc.Node",["_name","_active","_opacity","_components","_prefab","_contentSize","_trs","_parent","_children","_color"],0,9,4,5,7,1,2,5],["cc.Widget",["_alignFlags","_originalWidth","_originalHeight","node"],0,1],["cc.PrefabInfo",["fileId","root"],2,1],["cc.Sprite",["_sizeMode","node","_materials","_spriteFrame"],2,1,3,6],["cc.Prefab",["_name"],2],["cc.Node",["_name","_parent","_components","_prefab","_contentSize","_trs"],2,1,2,4,5,7],["845fdy6Df9F+ZZUxLAq7XW7",["node","collect","cancel","labelNum","btn_touchClip","collect2Clip"],3,1,1,1,1,6,6],["cc.Button",["_N$transition","node","clickEvents","_N$target"],2,1,9,1],["cc.ClickEvent",["_componentId","handler","target"],1,1],["cc.BlockInputEvents",["node"],3,1],["dragonBones.ArmatureDisplay",["_armatureName","_animationName","_preCacheMode","playTimes","_armatureKey","node","_materials","_N$dragonAsset","_N$dragonAtlasAsset"],-2,1,3,6,6],["cc.Label",["_isSystemFontUsed","_spacingX","_N$horizontalAlign","_N$verticalAlign","node","_materials"],-1,1,3],["dragonBones.DragonBonesAsset",["_name","_dragonBonesJson"],1],["cc.AudioClip",["_name","_native","duration"],0]],[[2,0,1,2],[0,0,1,7,3,4,5,6,3],[3,1,2,3,1],[7,0,1,2,3,2],[8,0,1,2,3],[4,0,2],[0,0,8,3,4,5,6,2],[0,0,2,7,3,4,9,5,3],[0,0,7,3,4,5,6,2],[5,0,1,2,3,4,5,2],[1,0,3,2],[1,0,1,2,3,4],[6,0,1,2,3,4,5,1],[2,1,1],[3,0,1,2,3,2],[9,0,1],[10,0,1,2,3,4,5,6,7,8,6],[11,0,1,2,3,4,5,5],[12,0,1,3],[13,0,1,2,4]],[[[[5,"CollectBox"],[6,"CollectBox",[-7,-8,-9,-10,-11],[[10,45,-2],[12,-6,-5,-4,-3,10,11]],[13,-1],[5,1560,750],[780,375,0,0,0,0,1,1,1,1]],[1,"collect",false,1,[[2,-12,[5],6],[3,3,-14,[[4,"845fdy6Df9F+ZZUxLAq7XW7","onCollect",1]],-13]],[0,"59UW4Myy5FUKCL2n2dprVK",1],[5,236,81],[212,-206,0,0,0,0,1,1,1,0]],[1,"cancel",false,1,[[2,-15,[7],8],[3,3,-17,[[4,"845fdy6Df9F+ZZUxLAq7XW7","onCancel",1]],-16]],[0,"8c8x0iZVpBwIyttPS+ySL6",1],[5,236,81],[-212,-206,0,0,0,0,1,1,1,0]],[7,"bg",160,1,[[14,0,-18,[0],1],[11,45,100,100,-19],[15,-20]],[0,"dacF9BxZREEIqx6aJDsyY2",1],[4,4278190080],[5,1560,750]],[8,"dragonbone",1,[[16,"Armature","newAnimation",0,1,"6c00cba2-7adf-4ebf-8933-304d3fb2dd17#5cc81491-16b7-4421-8364-e2c4cf25b37b",-21,[2],3,4]],[0,"4c+3ZgrJdGYqz1uvyB3Nlx",1],[5,1058,512],[-49,-170.718,0,0,0,0,1,1,1,1]],[9,"labelNum",1,[-22],[0,"79eG9aL6lLj6P5O3gBtiBx",1],[5,279.25,40],[25,-48.31,0,0,0,0,1,1,1,1]],[17,false,-2,1,1,6,[9]]],0,[0,3,1,0,0,1,0,4,7,0,5,3,0,6,2,0,0,1,0,-1,4,0,-2,5,0,-3,2,0,-4,3,0,-5,6,0,0,2,0,2,2,0,0,2,0,0,3,0,2,3,0,0,3,0,0,4,0,0,4,0,0,4,0,0,5,0,-1,7,0,7,1,22],[0,0,0,0,0,0,0,0,0,0,0,0,7],[-1,1,-1,8,9,-1,1,-1,1,-1,10,11,12],[0,1,0,2,3,0,4,0,5,0,6,7,8]],[[[18,"congrats_ske","{\"frameRate\":24,\"isGlobal\":0,\"armature\":[{\"skin\":[{\"name\":\"\",\"slot\":[{\"display\":[{\"path\":\"congrats/cccc\",\"type\":\"image\",\"name\":\"congrats/cccc\",\"transform\":{\"y\":2.55,\"x\":13.7}}],\"name\":\"cccc\"},{\"display\":[{\"path\":\"congrats/dddd\",\"type\":\"image\",\"name\":\"congrats/dddd\",\"transform\":{\"y\":24.3,\"x\":-12.85}}],\"name\":\"dddd\"},{\"display\":[{\"path\":\"congrats01\",\"type\":\"image\",\"name\":\"congrats/renren\",\"transform\":{\"y\":-38.25,\"x\":-30.1}}],\"name\":\"renren\"}]}],\"defaultActions\":[{\"gotoAndPlay\":\"newAnimation\"}],\"type\":\"Armature\",\"bone\":[{\"name\":\"root\",\"transform\":{}},{\"transform\":{},\"name\":\"bone\",\"parent\":\"root\"},{\"transform\":{\"y\":-175.55,\"x\":57.8},\"name\":\"bone1\",\"parent\":\"bone\"},{\"transform\":{\"y\":-201.25,\"x\":-194.9},\"name\":\"bone2\",\"parent\":\"bone\"},{\"transform\":{\"y\":-171.3,\"x\":12.85},\"name\":\"bone3\",\"parent\":\"bone\"}],\"animation\":[{\"ik\":[],\"duration\":10,\"frame\":[],\"bone\":[{\"frame\":[{\"duration\":10,\"transform\":{}}],\"name\":\"root\"},{\"frame\":[{\"duration\":10,\"transform\":{}}],\"name\":\"bone\"},{\"frame\":[{\"duration\":5,\"transform\":{\"x\":611.4846},\"tweenEasing\":0},{\"duration\":3,\"transform\":{},\"tweenEasing\":0},{\"duration\":2,\"transform\":{\"x\":40.2368},\"tweenEasing\":0},{\"duration\":0,\"transform\":{}}],\"name\":\"bone1\"},{\"frame\":[{\"duration\":5,\"transform\":{\"scX\":0.2,\"y\":-271.2802,\"scY\":0.2,\"x\":-281.5854},\"tweenEasing\":0},{\"duration\":5,\"transform\":{}}],\"name\":\"bone2\"},{\"frame\":[{\"duration\":5,\"transform\":{\"x\":-941.6515},\"tweenEasing\":0},{\"duration\":3,\"transform\":{\"x\":-17.3823},\"tweenEasing\":0},{\"duration\":2,\"transform\":{\"x\":-90.0499},\"tweenEasing\":0},{\"duration\":0,\"transform\":{\"x\":-17.3823}}],\"name\":\"bone3\"}],\"slot\":[{\"frame\":[{\"tweenEasing\":0,\"duration\":4,\"color\":{\"aM\":0}},{\"tweenEasing\":null,\"duration\":6}],\"name\":\"dddd\"},{\"frame\":[{\"tweenEasing\":0,\"duration\":5,\"color\":{\"aM\":0}},{\"tweenEasing\":null,\"duration\":5}],\"name\":\"cccc\"}],\"ffd\":[],\"playTimes\":0,\"name\":\"newAnimation\"}],\"slot\":[{\"color\":{},\"name\":\"dddd\",\"parent\":\"bone3\"},{\"z\":1,\"color\":{},\"name\":\"renren\",\"parent\":\"bone2\"},{\"z\":2,\"color\":{},\"name\":\"cccc\",\"parent\":\"bone1\"}],\"aabb\":{\"width\":1058,\"y\":-495.5,\"height\":512,\"x\":-529},\"name\":\"Armature\",\"frameRate\":24,\"ik\":[]}],\"name\":\"congrats\",\"version\":\"5.0\"}"]],0,0,[],[],[]],[[[19,"collect2",".mp3",1.645714],-1],0,0,[],[],[]]]]