{"paths":{"0":["DragonBone/minor/minor_tex",5],"1":["Font/012345-export",5],"2":["Aduio/Bet_pls",0],"3":["DragonBone/jackpot/Jackpot-fb_tex",5],"4":["Aduio/majorwin",0],"5":["Aduio/megawin",0],"6":["Texture/bigImg/img_mid",5],"7":["Font/freefont",5],"8":["Texture/jinduLight",5],"9":["Aduio/bigwin_sound_m",0],"10":["Texture/bigImg/img_bg_jitai",5],"11":["Texture/light",5],"12":["Font/0123456789,.-export",5],"13":["DragonBone/qiuxing01/qiuyuan01_tex",5],"14":["Texture/jindu",5],"15":["Texture/bigImg/bg",5],"16":["Aduio/Uispin",0],"17":["Font/0123456789-export",5],"18":["Aduio/Win_nm",0],"19":["Font/font1",5],"20":["Aduio/Stop_spin",0],"21":["Aduio/Bg_frsp",0],"22":["Aduio/the_cup",0],"23":["Aduio/Bet_max",0],"24":["Texture/bigImg/3",5],"25":["Font/jackpot",5],"26":["Aduio/btn_touch",0],"27":["Aduio/Bg_nm",0],"28":["Aduio/megawin_sound_m",0],"29":["Aduio/getfreespin",0],"30":["DragonBone/qiuxing03/qiuyuan02_tex",5],"31":["Font/0123456789x-export",5],"32":["DragonBone/bonus/bouns_tex",5],"33":["DragonBone/qiuxin02/qiuyuan04_tex",5],"34":["Aduio/grandwin",0],"35":["Aduio/minorwin",0],"36":["DragonBone/mini/mini_tex",5],"37":["Font/jackPotNum",5],"38":["Texture/bigImg/2",5],"39":["Aduio/collect",0],"40":["Texture/waitRight",5],"41":["Aduio/s_wait",0],"42":["Aduio/Bg_link",0],"43":["DragonBone/wild/wild_tex",5],"44":["Aduio/leiji",0],"45":["Aduio/totalwin",0],"46":["Aduio/Sp_stop",0],"47":["Font/font4",5],"48":["Font/greenfont",5],"49":["Font/font2",5],"50":["Font/autofont",5],"51":["Aduio/But_spin",0],"52":["DragonBone/free&totalwin/Freespin_tex",5],"53":["Aduio/miniwin",0],"54":["Aduio/bigwin",0],"55":["Aduio/progress_bar",0],"56":["DragonBone/scatter/scrtter_tex",5],"57":["Texture/bigImg/4",5],"58":["DragonBone/bigin/bigwin-fb_tex",5],"59":["DragonBone/qiuxing04/qiuyuan03_tex",5],"60":["DragonBone/megawin/megawin-fb_tex",5],"61":["Texture/bigImg/1",5],"62":["Aduio/luckyball",0],"63":["Font/font3",5],"64":["Aduio/freespin_finish",0],"65":["Aduio/Bet_rdc",0],"66":["Animate/q",1],"67":["Texture/imgGame/boasorte",4,1],"69":["DragonBone/megawin/megawin-fb_tex",3],"70":["Texture/imgGame/img_major2",4,1],"71":["Font/freefont",4,1],"72":["Texture/imgGame/fenge2_img",4,1],"73":["Texture/imgElements/08",4,1],"74":["Texture/imgGame/cricketSolt_atlas",8],"77":["Prefabs/CricketSlotRow",7],"78":["DragonBone/bonus/bouns_ske",2],"79":["DragonBone/free&totalwin/Freespin_tex",4,1],"80":["Prefabs/animateNode/miniNode",7],"81":["Texture/imgGame/zuq_btn_ jian1",4,1],"82":["Texture/imgElements/04",4,1],"85":["Texture/imgGame/rule_back",4,1],"88":["DragonBone/qiuxing03/qiuyuan02_ske",2],"89":["DragonBone/qiuxing04/qiuyuan03_tex",4,1],"91":["Texture/imgElements/12",4,1],"92":["Font/font4",4,1],"93":["Prefabs/animateNode/megaWinNode",7],"95":["DragonBone/megawin/megawin-fb_tex",4,1],"96":["Font/jackPotNum",6],"97":["Texture/imgGame/btn_zhuye",4,1],"98":["Texture/imgElements/11",4,1],"99":["DragonBone/jackpot/Jackpot-fb_tex",4,1],"100":["Prefabs/animateNode/minorNode",7],"101":["Texture/imgElements/10",4,1],"102":["Font/0123456789x-export",4,1],"103":["Texture/imgGame/mini",4,1],"104":["Texture/imgGame/zuq_btn_ zhanshidi",4,1],"106":["Texture/imgGame/img_grand",4,1],"107":["Texture/imgGame/rule_img_title",4,1],"108":["Texture/imgGame/btn_w",4,1],"109":["Font/autofont",4,1],"110":["Texture/imgGame/kedu_img",4,1],"111":["Font/autofont",6],"112":["Prefabs/ruleNode",7],"113":["Texture/imgElements/06",4,1],"114":["Font/font3",6],"115":["DragonBone/minor/minor_ske",2],"116":["DragonBone/free&totalwin/Freespin_ske",2],"117":["Texture/imgGame/jindu_img",4,1],"118":["DragonBone/scatter/scrtter_tex",3],"119":["Font/freefont",6],"120":["DragonBone/wild/wild_tex",3],"121":["Texture/imgGame/zuq_btn_ jian0",4,1],"122":["Texture/imgGame/img_mini",4,1],"123":["Texture/imgElements/09",4,1],"124":["DragonBone/wild/wild_ske",2],"125":["Texture/bigImg/2",4,1],"126":["Font/greenfont",4,1],"127":["DragonBone/qiuxing01/qiuyuan01_tex",4,1],"128":["Texture/imgGame/img_grand_un",4,1],"129":["DragonBone/minor/minor_tex",3],"131":["Animate/10",1],"132":["Prefabs/animateNode/majorNode",7],"133":["Texture/imgGame/zuq_btn_ stop2",4,1],"134":["Texture/imgGame/zuq_btn_ spin",4,1],"135":["DragonBone/qiuxin02/qiuyuan04_tex",3],"136":["Texture/imgGame/img_major_un",4,1],"137":["DragonBone/qiuxing01/qiuyuan01_tex",3],"138":["Texture/imgElements/14",4,1],"139":["Texture/imgElements/bei_img2",4,1],"140":["Animate/jinduLight",1],"141":["Font/012345-export",6],"142":["Texture/imgGame/img_grand1",4,1],"143":["Texture/imgElements/bei_img4",4,1],"144":["Animate/k",1],"145":["Texture/imgGame/zuq_btn_ jia0",4,1],"146":["Texture/imgElements/03",4,1],"147":["DragonBone/wild/wild_tex",4,1],"148":["Texture/imgGame/zuq_btn_ stop_un",4,1],"149":["DragonBone/mini/mini_tex",4,1],"150":["Texture/imgGame/img_major1",4,1],"151":["Texture/imgGame/img_line",4,1],"152":["Texture/imgElements/element_scricket_atlas",8],"153":["Texture/imgGame/zuq_btn_free spin1",4,1],"154":["Texture/imgGame/Collect_img",4,1],"155":["Texture/imgElements/07",4,1],"156":["Font/font4",6],"157":["Texture/imgGame/Star_img",4,1],"158":["DragonBone/mini/mini_tex",3],"159":["Animate/lightEffect",1],"160":["Prefabs/CricketSlotItem",7],"161":["Texture/imgGame/minor",4,1],"162":["DragonBone/bigin/bigwin-fb_ske",2],"163":["Texture/waitRight",8],"164":["Texture/bigImg/3",4,1],"165":["Texture/imgGame/img_grand2",4,1],"166":["Prefabs/animateNode/bigWinNode",7],"167":["Font/jackpot",6],"169":["Texture/imgElements/banqiu-luckyballbanqiu-luckyball",4,1],"170":["DragonBone/qiuxing03/qiuyuan02_tex",3],"171":["Prefabs/animateNode/freeOverNode",7],"172":["Texture/bigImg/4",4,1],"173":["Texture/imgGame/zuq_btn_ stop1",4,1],"175":["Texture/imgGame/rule_tiao",4,1],"176":["Texture/imgElements/01",4,1],"177":["Texture/imgElements/banqiu-luckyball",4,1],"178":["Animate/row_right",1],"179":["Font/font1",4,1],"180":["Texture/bigImg/img_mid",4,1],"181":["DragonBone/mini/mini_ske",2],"182":["Texture/imgElements/05",4,1],"183":["DragonBone/bonus/bouns_tex",3],"184":["Texture/imgGame/img_major",4,1],"185":["Animate/qiu",1],"186":["DragonBone/scatter/scrtter_ske",2],"187":["Texture/imgGame/fenge_img",4,1],"189":["Texture/imgGame/img_add",4,1],"190":["Font/012345-export",4,1],"191":["Font/0123456789x-export",6],"192":["DragonBone/qiuxing03/qiuyuan02_tex",4,1],"193":["DragonBone/bigin/bigwin-fb_tex",3],"194":["Animate/9",1],"195":["DragonBone/qiuxing04/qiuyuan03_ske",2],"196":["Font/font2",4,1],"197":["DragonBone/minor/minor_tex",4,1],"198":["DragonBone/qiuxin02/qiuyuan04_ske",2],"199":["Texture/jindu",8],"201":["Animate/jindu",1],"202":["Texture/imgGame/zuq_btn_free spin2",4,1],"203":["Texture/imgGame/zup_btn_fast",4,1],"204":["Animate/1111",1],"205":["Font/0123456789-export",6],"206":["Prefabs/animateNode/freespinNode",7],"207":["Texture/bigImg/bg",4,1],"208":["DragonBone/bonus/bouns_tex",4,1],"209":["DragonBone/bigin/bigwin-fb_tex",4,1],"210":["Font/0123456789,.-export",4,1],"211":["Prefabs/animateNode/grandNode",7],"212":["Texture/imgGame/zup_btn_fast1",4,1],"213":["DragonBone/scatter/scrtter_tex",4,1],"214":["Font/0123456789-export",4,1],"216":["Font/font1",6],"217":["DragonBone/qiuxing04/qiuyuan03_tex",3],"218":["Font/greenfont",6],"219":["DragonBone/jackpot/Jackpot-fb_tex",3],"220":["DragonBone/megawin/megawin-fb_ske",2],"221":["DragonBone/free&totalwin/Freespin_tex",3],"222":["Texture/imgGame/zuq_btn_ jia1",4,1],"223":["Texture/bigImg/img_bg_jitai",4,1],"224":["Texture/imgGame/img_top",4,1],"225":["Texture/imgGame/btn_auto",4,1],"226":["Font/font2",6],"227":["Texture/imgElements/13",4,1],"228":["Texture/bigImg/1",4,1],"229":["Texture/imgGame/zuq_btn_ max",4,1],"230":["DragonBone/qiuxin02/qiuyuan04_tex",4,1],"231":["Texture/imgElements/bei_img",4,1],"232":["Texture/imgGame/img_minor",4,1],"233":["Font/font3",4,1],"234":["Texture/jinduLight",8],"235":["Texture/imgElements/banqiu collect",4,1],"236":["DragonBone/jackpot/Jackpot-fb_ske",2],"237":["Font/jackPotNum",4,1],"238":["Texture/imgGame/rule_bg_img",4,1],"240":["Prefabs/animateNode/winNode",7],"241":["Texture/imgGame/giro",4,1],"242":["Texture/imgGame/img_bet",4,1],"243":["DragonBone/qiuxing01/qiuyuan01_ske",2],"244":["Texture/light",8],"245":["Texture/imgElements/02",4,1],"246":["Animate/j",1],"247":["Font/jackpot",4,1]},"types":["cc.AudioClip","cc.AnimationClip","dragonBones.DragonBonesAsset","dragonBones.DragonBonesAtlasAsset","cc.SpriteFrame","cc.Texture2D","cc.BitmapFont","cc.Prefab","cc.SpriteAtlas"],"uuids":["0as+Dp/aVCnoOrFWv/P8w3","0bNW+0dbRMU7hfLAZFwdi6","137YmgslVDb6/q+lgeqSvW","14u8gMgYVNIIFNbhm4XWaA","16md8ODOlGDrzhOOaRS1US","164n6cByhB0a/um4scpNIn","1a4f7Q4R1IZ4zk54ycNrgU","1e8IneTLBO1YYyhHYBL5It","20cYxnUUxMeKdzZys58yyg","251bqKLAZB+JkNnesB/KV9","28efTtKXdLvpZuUAp2eCSk","2aiFIbrHVHvrjwW48DvDMx","2davHaCthLGYWBWUDTOLct","2dnKSDqE1C3LpDlS7gXEtp","2eYgEinbBNVrXXswQuj+4z","30HF5f2MdGgLBTdokuTK70","328DcT+a1FnIiOUJFsD/Yu","33s1MZMc1LQ4rHAyr7d4px","35OTUlyP9JpZ6J0o625AkE","352rVpUQBNb4TX7+yHGcE4","3biPBMKt9E3oryeZ5ouWH6","3eIdOLzW9HLbpCeDYv4F3w","410uIHXFJMqp7OVIX5ZlmD","45pgZlY9BAJ6zNmY2v/fn3","46NOycI9NP7401/pnO+35o","472F7GMrJGHKS9a2khHTl6","4a3W60xQJHwKEjiOGwh/iE","4byeAqkWZFUKWoK3lt72CA","51oGXdWd1Jw5n2jIQqzXXK","55blTjSNFDKYLX+XOuof7j","55cr2w8hZOUL6kWZINf4ad","55mzNVAGdCeIyH74wrcQry","5ez6E7KGNK1KHO6CYZhLQV","60mbk0BCJNkKXKWj7nvf2L","69FV3fxWhMOaLnq0zaUWmq","71KlnZMFxAWZbCuls1BLwD","73HuVbQ+ZFqo3w1aXuqmy8","81ymHBhKFAN7eXLHEBaHh0","82olQCdddEhbbsp2OT+ejU","8582Ny3cpB+6FXzXbhmy9y","88Itml6eRDvLMsuHMlY0nW","88PjoKm5JE37jNJX2DYFK3","8dy19ltoJBYKmk4PVwQgq2","92MrmfP5xJs66pVfOV2dSG","94et5MfypAxbFqP/CLNwU3","99LKiECnhFXYd1IiRA6vlR","a0P1s1KVhCsYK0Wk6Ydgab","adn2XBO49FurOhPGO2UHif","aeRgEjL8RMRYbl/tfTY2aP","b2R8Y2ztBN1ZDdUMvvm25d","b8jF9DCj5BQIDbUeQU85W5","bb61ZNT8ZImId0/edBK3da","bf/V3ox7tD2ILcYrS1oCrR","c5aXBqnE9NqIsswbvYGBWR","ccKMEOh5lPDLNgaKSJcNt9","d0pWD55YZFTpbj0Yi26D11","dabAVg/+VCda0c3Kf7C0AY","dasozTShxP4q9Am3KPvyld","dd54nCvkRDK4vFcyXMh2wI","e9tkj/qa5IKrR8scGKccj3","eeLCF0rbNJgKIlEgzletRz","f5HYZSRBNE/LV+dH+c3ljf","f6bVrKjo5L0pNGYbmJ1BV+","f7iPNPY19BJ7wzNiSyPitV","f9CZHVKkFLW7ufUyiYH9my","feqaZjEqBGO6n9YWQy5crS","00ABKwgoZILbfUfONSM9zR","01susmcCdOJKkmQHeL2kZ4","02gb3T0mhHpZ6Pp4fRrKan","03RScbZUxCuLfj0xzxrLhi","04JVBpYFBO9YuZjZNokrKJ","04mQpZ1HxM16Ydy7MVgnvh","05WQn/VLdLN74q2MpUGstF","07z1ECU7xPxLgVgOtgD3tf","0fA8E4Q19BMaGs9ls+bo8h","11e7e59ce","136b8de0c","13w+aqENZMJohbYzNXEv85","14Qj15+xhHdbsfPWKbf1Dy","15FfCtrRlPZ7MBGqV/9kQY","16PTtg+R1HvbbA61LFVcUy","164HHr4LlAo70sRt+ejhT9","18aDz2EmNNQJJemM8R1fxZ","1a159edee","1b2797c71","1beYCbhj1CjZtmj88IIWcA","1bvDGd17VDoqTPdVFf8yyc","1d5v0Gb1ZFIrYWawhLYFgh","1eMiRsR4tC1INgaPlvx+TH","1e6vnpEjRA2IwBwG1GYQdz","1f8e0a66d","1f6ifs6elEibqgi+OcVBLe","21Pfv3i6xOnZioniRFy7pr","21eHrqDshKSK7THTVmPUAd","21sto/yRVHw7i8bO83O3F2","22xDWqByBI16hhP5rEcyL8","23xQeCpbpIeJjK80lVvz3O","24cD+6jh1FsJw4Kh9VzkZ9","25Ghdl2EtI+bJ0jAQnW+3t","25x0jhgA1ElIBUzS6ttnvZ","26R4XGtKJB9Zn8Rm/9cr0e","28dPMNeRtKdIlz28GW1Bgs","2dWO3HyihBd56g81BR2wZM","2dXbuxHOdEPL9xf9eSdP1E","30Lo5rc8tBcbH4ReOolUh4","30ifunASRErbiFgk9qYb9i","31JasWdm9GnYqGaLHKI+7v","35TpClXu1AXoi4X8xgTsdy","365SV0oRVA6pbIMZyaObMg","365Vd1IHBLIaebESxFZUYn","37yzZDvMxG46C7ie2rCeFi","398qmZl/VHZ6Fq33da5zxm","3cMQo4sdZMt7HkFg6nHUpE","3c8Gr0LRBJa6di/jf83sb2","3f6nildONEn4+zjFvg9ERR","411jLAtzJJSpNwkKD+/LZB","42YkfU2opG0IWAre/d/w/h","43SbnRRYJL54gR5bqeqCI1","47/GbmJChNOqjkvtSlnAUg","4daqw9xcBLRo8isyBTxbbr","4dld1VnPRDFr0eJy3hi71y","4d37ShJjpFVKTEF1wsEZqw","4eK1s4K8xFLbBymU5ZbNCL","4esFOCjI1FToTpBoT3mnP7","4fFPYb3gxH06WY2X6q+qgb","50EeohmtJCPo0PlRql0bXO","53flfik7tFOr/pvmLURv9n","58QAjW9+ROlJ7aFn1UxvKr","58RHUddt1JTaWK2dGy2K0e","58TMjhMg1CSbiZoBtrmSlw","58hVutsA5Ot69fzW+8BIxC","5aqoqCuVhG/oXGWxXgB4H8","5drYlLH7VOsJW0g9kKBdGi","5d2bH2KmRLdrUGPUjU58V5","5eMIbfXERNE45X8nX5G482","5fQlOJ0uNDX6BmWrF2Dyz3","5fa/XKhrdJ96Q2TfCUEnqK","5fba+bGNFG1o1ZD5oSLrLL","5f7msKyBlMnbpXj3W4R6Hq","63liyUzSpOZ74IBJO1IaUh","64DyMYGuNDyYm9FpZWW+UW","64glEJ11dMgZ8FpIHxXIvz","66TPc9j9ZDKYvVDFtDtkXF","68WgzazBVCnb38/j30KDsU","68YH3zs4JGwa4EqBiIFqIQ","68zVLoGKpP8JaTkUOhd9EH","6bdeOfQ+BO1rKElaiL/Ai4","6dGqR0BihKd5D+rz5bwblE","6dbLp4MepL/LbhZpBT6qxR","6d+99GTD5L4JW4wYHwTsv2","6es/rwv0JHLokMatjv7SRm","72XUN+/rxGcb7iqvMsJnjF","75RAA13lpFvJr6slCdXN0C","76qF0cRzhFboXh6Z3I1xrV","76trbJoMVPMavkOiWJ/vee","77SG+6Yd1ApIQ1jYtbhtuw","78jDBecBRJlYu5Lz6gaGLZ","7bstfpuGdMKpAHM5hxsPIH","7bzh4GVppPSqchBM7+1t7D","7cN+HpasRGV5QqQe1tKzFD","7em6l2LSVIVYwaSTZu7aKe","80ug3wtTFFqIQBwbQduaZ7","81dRgKae1NBZnfHIwqUjRr","82CEZebddGaaUVY1xJEOae","820StaDAZGiZnr4PGxHp03","820/WTPFxGxZpWUClsKema","83YpRO9IdFM6/FXgvWTWuo","84a292JFFGGYGh0QX3LZHD","86u8XIK/pL6bWbemmn1p0b","87EWvfLcRCT51WP4lzMMNA","87PyOKOsxBF7WmC8kxypXU","87+sTBX7pCEqf7XoqDaCXI","8b1QdrcuhK4rlxuMVo406z","8cjTlMEp1LjpxwQpasbY1o","8dXfGycbZNR6u8V4DEpyot","90VWVDTtJPlaZhChNRkDkA","90VoR7VnRImabq9vzvJAY6","90ie4vakBPPYtXGX+GoCiZ","94su4YdBtPz6QFzgXOvEHg","97e8aCG2dPj7Sv0H4okslU","98QkNd/gNPx5W9BK2/AtEX","99IO1zc0FNtbzU/50Ki5qb","9aHND84k5CYITQNt0nY8cj","9am3k+fApF1oZNy2P/Pjnl","9cHorE0JJCpIbR9u3paVBz","9cvvQALh1Cs7/G/lchFPkX","9c+Mwmze5CgbfkDgBv8jK6","9fAs/ZufhAbolt5NjQiTNN","9ftvR8CdJOd5W8SHwBTl6y","a3MGAmX19Ni6tCY9IQDriz","a4WQJzByJMhIefRbavsmpE","a6jjdTtn1IZ7q4RXm4VT+Y","a66B8A5ShJH64z/sRUA0CA","a7aD0iuTNFmIgo6RUBu/2n","adMKMLVK1DAa/tnXFTWvEB","aeSGnOuCVKGJIBbx8VSB18","ae/44YF/5IBre1TqFUQ2pi","afO9mVRCxFcaSGeGi275ak","aftKdHh5xNB6sd1HPFPSU3","b0MKEuQGdMIa6Wgf+JzzUI","b1CPTOwRpL7oviWXX0ZpT7","b3qoZ4EKROpLSajQwdEMSL","b32SdOGfhFz5jodrmW7sbE","b5hl9XPANFwKbkxFcGZkvb","b5rzpmzQxAEonwxBSuSNyo","b6w8UCVF9BA5dA82SypvBj","b6ziKyCGxMNLPlyB2MRNSD","b7So4ZOyhLYqhaohYjoUge","baHfKY76dEXYIAkQJD7lh7","baYLhmCDJGw6zjA1nfMgct","bfoa0nao1G9rlHzz610mjI","c1zrTsxFRA77PC8uSX912Z","c5GkBz9SdG7LANwNV7o6gu","c60zRkBoZLy6zPgG8CFWsY","c7Wo1sOcNJlYr6bUF/ZGgF","ca9S/HyrJPqb8QWFlzq+nq","cfHOpfbQ1Ea5qoH+a2sIIC","d05NyyaMBKlJ6mr+BJlXCu","d1XPME4i5CV6gdF1vlOXmt","d1aHTnOThG/5WsKPKScQk6","d3PnbqcuBA4YylILnm80EX","d4TiUrniVHgI37rr6uheW1","d5Yk3ZcTtEXY0Xp9cIfMtH","d6pvocD8lB0IMzQ7wVp3eO","daIWvG8SdOUIu2YX6Vz5Rc","dd0CjvS/lLZJROKPkK5QCQ","dezxl4f+JMiYnzAugHeov3","dfz4y/FdFF5bvgHkzULWP5","e1C3+S9KhE7YI6mQbiYd+s","e2BsFFVIZAn5xIt47O2mwK","e3OIzpxaJO+r7YLzWFROnk","e9GoaiyNRMYpfpsWwh81pH","e9WOQxMyNFCY6wuXDcuqlE","ebRm3Q9y1LGr1OPERW82kY","ebr+dZ+hVDyZcpCeAqx1Mh","f2PR5gG8JBibH20YhbaaCJ","f5nipBMp5PP5xdHBDTfTfb","f7A5TSSmlFya93EuKICeN1","f7mdBEwVBPc6N/If9axRsZ","f7oGiAsDpMqoi8JbBdpXX0","f9Q5uYfutJJZe3JsMeXOFK","fbRorvQQFDzqaBTpCN51xS","fbmJFknq1PYolNwX00WmeS","fcHWVq9F9JQoMEWkOjG4BV","fciO0oHABA6KoJ8UT435w0","fdlphOHJNI/qE3qgkvCP0i","feBRuYO2FD3p8KejV4Z9ki","ff2z70WRRMdLXa/HbVmkfg","01K8yyOy9PBKUjHeVnBQGO","03CmkkI2BMkb7vUyjP+XSR","04OfOIl41Ez5w2kWxahffK","06Cn/kd21M5bzdcgG9QXmY","06hXUSNfFNhp8TIhOdNnCg","065qQC0DVGhpaAWQ4Ycamt","07ihQ3CWFHEoGZVhiJjfbO","08nrz2iNdEJLf+AmojJdq4","09KkpsMuZKTJt8E+1ITRaA","09o4lqeztBdqmGZgq4pVfE","0ccUwiZORNJL0RgcmYECx3","0delYJ3qtL1bqTkc1Gm9LW","0eUDEh3kFGjrJ1Jq+uhcV6","0eZMtPfzpOh6Row4fdC9Oc","0ewNf4wqdOMo3nGM4Y/nud","0fPnjOkeBJ3rteXvvjmMKc","14XuwbaHZHOrafxWoLAFT0","18hEK0islDkbJJ9mZRJUhs","19AKKiMBhBq6fiWkRtcIVC","1ahOWVC/VNZ5wxB3jIBO7N","1bwNezlpxG7LR651hGeOei","1bwvPT4G9IGqxngT8PQ1eC","1b5NbZyjxPxoaHHtdY2QgT","1cv/gdZN5BXYVpiW97+KrB","1dhbN8tLlP4Ll7bGW3Z8V7","1e0/9OUnpDGYIQq2ESsQoP","1fBixltw9OiLum2xHdSC6A","1f9digCeBBPYVoY7TmUph5","21FpjfKOFEmpjsV1eZCwMc","21RjDZK8BOroekGXLBlT+/","28aetuZZBD05vRTm2xKluz","28oreHLB9MmJFVf9JexlTd","29FYIk+N1GYaeWH/q1NxQO","2bWJt7ZK5Dtqzs/bfKbVU7","2b4wtlmKpEt4N6bxwJaZ3t","2cX6y9TDFMAbo2ZI28VPN+","2e29SSiA9EhJFQ2T8pQKIl","2faBEzJKtOm4/SOovnSPzv","31BbeMnSRC25c+obN1Ij1A","32shbfy/5Lkaq7tHW3a4tN","35BYiUu2BJQLQR3XoLHEj4","36PsEmEH5C8rqi+2H/YE5O","39zwnPad1Eg6ujIqQ6Cq01","3bRRcZ34tH3oQWT4fTX6QI","3cVgMYlEZGx7JE+yrsjKnS","3fRUM22AxHEJPILXc8cOkW","3fhSspBC9AfJDsZdAsfjNR","41BnAAc95MA4b+HXgFpXgl","44NMBOV01OWJRrkRE+30CF","44vrBBfstHSqvna300OZK9","48vDvcygFCWp5Q3ECnlH7N","49ZnPb6+FBGJ4AdZOBrbol","4aRPqbzMFNQ4iD2l18Wl4E","4bokFDXQ5GoZTrTmP4lv+X","4eabQfT1tLvI2ijG+UTn0m","4ex/dSUBVLj6Qc4BZvdX+W","4fb8zDbghOTJREV6rd8YOQ","52IdEk6lxO9JduOny6gtJt","54GBdiM45JYL1JHimgWHZ/","548myTEkNKWLmYgOmoxJ+1","57kpdQS/ND0J0w4ayRXByK","58VIkaRl9JeJ5+eD88SqnH","5bNULyAPdNEabRs7lxMYG0","5bgyULDCJHjo5SSBYy5cPD","5cCUm54R9DBLkINdey6roV","5cqXC1KYNBi6a7hpL+b5Mw","5dBAcL41NPR7TkqtGAPJzc","5dd36D0jBGk6vxK4yJ9ao6","5epVafEihO5pppE2Mv2fz7","5fk30aI+hD6Ix2uhZH/lZp","5fpW1lve1Jx72J6czp9Sx8","64xUp/tEVAs4kAYuFCbVs+","65MTrfJMFCGqpb/h3afR9n","65TaNl1WdBzYmQyE02vH0C","66JpoRDvJIDa4jbRvXEcvR","66j4kRI85BUoSUqakNI8sj","68nS1dF0RIj5KjgP6UYRC1","6aLrw8lTVKzoCIos7ss1LU","6aZn698ApMjLAMAJdFr7u4","6bSlde3B9LK7dQgloMxjgw","6b5xahHoBLI63ObFjuczlh","6ewfPf8IpMg5XGFL42qC/o","6eyQ16OWhPpa5aur4fgF/N","6f1tV9N6dMy6CBvX4Awu75","709HTPmVtL+rp7rePqF1YH","71lCy4RTZDsL3JuNFRKIMF","72QuhCZnZA8o6kVo9VicGZ","72m1k2H+5Obq7Lz/HPuJIO","78lSQH995MXYQyNu2gd2NZ","79F7WlHddDzoPfk3UU57nA","7b3Gd5cHhE4LZS39B3hYd/","7eKLpJuI5PCLUFEql9gmmV","81VIP7PSJBd5x7oWJNvD+g","81Xli6M9lNH5I6p/qKbCnr","83pjzYWAJBgpJqd/haOo4J","86ejaeCzRAaIOB+AjF0E5s","88wqncDjxMZbyGPz93zHcW","89C6FD69JFfLSe4jgNg3m2","8aSl2geEBOHaO8SA1LnQyf","8aWqxbJIRKlatc443e1f3N","8cF4Ey4odPepzzAzifrTFz","8dNBaod7NCv7umQXj0FVYH","90GdOjGaBJC5+LzPHrRLuY","9112T37sNMB66XgAlJFhwl","93HR1tb1RO9YIGLujwshlA","96duMsDnlIm7Vod+dL1LDj","96/PxsosdJw6U5G6ngPZ57","97w9etUOJEx6coXItc0ldF","98+NqbBANB+7pRhzhl80jK","99KBq4qr1Moa2MRg+yW47Y","99O+u3v2ZMO7E+ZjWoXoWU","9bK4QldqNFt4HX0TNrEwbW","9cQd1yTt9GGYuNoWsmnQS7","9co9SCDQlLrYIYiNHiLikX","9d+1nL1DBAr6mTxDTYDbJF","a06Rva9Q5NQ6TxgzlIY4iB","a2MjXRFdtLlYQ5ouAFv/+R","a7wYZQppZFf7uHjp9Kg1jF","a8Q32/DjtGIZDZMAroaJDc","a9cNWqur9KXJor3fP63NMi","abLLdjv6pN/6rW/dyhgpK3","adwKcpoyNPPpVzgYWbnBnW","af+9PUNNBBbL1GpMS3i/Sy","b5sgXIdalHR4UQ9z98xtCX","b686zdW4VNk5aTUjN3wlqw","b9Zy2JxdFKVrwB+fEjY/X0","b9uaY/IAZIG5qw+5ugH6v4","badN1P2PtEA4fJd9KadG6a","bcbrGqQM5Epr2azAQ3Ihro","bdzL64ZAlH1YHYZf1QPrJl","befMH03kRCZa8qvmjScETW","c020xoK0BMhqFWwi/OUVZG","c1/fM5XFFEJaajpuaJmEXo","c2LiIdfwFORpjRvROJxbTC","c2iHr6qT1L8YMAmOU66gB/","c44xlusfJCALvNOItNpBGE","c6SMK08yhKNYc/iREeyKSn","caQKP4jJ1MZp42e3R7sjRN","ccCrWZfSJGx7l7T3GQLa5l","ccGGNKI6dEWo43qSiYirUU","cfpiVABKROIYnh1G/68ZA1","d3H8p2Vn5HSIzcDvldtgPe","d5z9EcH7RJvbOEkfVwK8Jq","d7Mn4mvX9IWaVoQXjCcp1A","d8bFyEXaJEv5oBiTY1cwjJ","d9lastAdNNZ4L0J8qiTWr1","daNrITm1JAJ4wKKfjQNcG4","dbRW/catJM5JCCjdgSVAYy","dcqUcJ385BMZZhmyYKmPyi","dcy8A4jIZJk4sPlDxo8akv","ddTaIJsv5Gc5Sn+dHkoviY","dd87lr1vhMd4TqBhIZ/AgK","e4XVKw10ZENr9hMcD8kLH2","e6DEz7JyRMXqz3Xct5atGk","e6XKUBjNZDoLFC3UmxzT0n","e63JKZGdVB3pQoGMqeFC0e","e97GVMl6JHh5Ml5qEDdSGa","eaXdnWWupGsZy72/ujAcZj","ecpdLyjvZBwrvm+cedCcQy","eeZZT1RIdCVbUolvk52zMj","eesiWuIvVMzb/g9K0ApPgW","f0BIwQ8D5Ml7nTNQbh1YlS","f2G1+zruVMrrJHZwAUFzxq","f4Tu6EG3lMe725LwaeYcGy","f5vr0gN1lCBZy3pge7d8/P","f6YcPM541OTJXpHc+RgWOB","f8G7G4GgxJCIeG6GI7RYiU","f8NsohgHVG2K2E6z1XjHAx","f9Xl4x1wJF0puA3XrA7mtx","fe0Zlj9WxLQLO+bsO622Ku","ffADjQABBGk6VcL2+i1ZSW","ffDdntJ4NEc6teA7E9r42+"],"scenes":{"db://assets/CricketSolt/CricketSlotScene.fire":130},"redirect":[280,0,364,1,404,0,405,1,406,2,409,0],"deps":["main","resources","internal"],"packs":{"01b2bc63d":[71,119],"01fd691db":[305,407],"026ac8f78":[252,260,262,266,295,299,302,316,333,340,343,348,350,368,373,413],"028a492b9":[330,177,362],"02b6bf5c3":[248,249,251,257,258,267,268,273,282,283,290,291,303,310,312,315,319,322,323,327,328,338,341,342,344,345,346,351,354,358,361,363,371,372,374,377,380,382,383,384,390,392,398,400,411,418],"041ed7d06":[196,226],"04f53add4":[92,156],"05b7fc249":[93,220],"068a7fe2e":[254,256,259,264,274,297,300,317,318,329,394,397,417],"079b54b90":[179,216],"07baee206":[109,111],"07f2d8331":[0,1,75,76,3,83,6,84,86,87,7,90,8,94,10,11,12,13,14,15,105,17,19,24,25,30,31,32,33,36,37,38,168,40,174,43,188,47,48,200,49,50,52,215,56,57,58,59,60,61,63,239],"08cb2bdff":[162,166],"09018fbc6":[255,263,270,331,339,347,349,359,365],"09bbb5278":[66,73,78,82,88,91,98,101,113,115,123,124,131,138,144,146,155,160,176,181,182,186,194,195,198,227,243,245,246],"0a70d0937":[205,214],"0a7978e1f":[250,271,272,281,287,292,293,301,304,307,309,320,326,332,335,337,352,355,366,369,376,378,379,393,395,396,403,408,410,412,415],"0aba55ae0":[306,356],"0b756557a":[102,191],"0b97ec100":[141,190],"0b993205f":[126,218],"0bfe53e60":[96,237],"0c1b3ffc5":[85,107,112,125,164,172,175,228,238],"0c2dc0cae":[77,42],"0ccf833f4":[67,70,72,253,261,2,4,81,5,269,275,97,9,279,103,104,106,288,18,108,110,20,21,22,117,296,23,26,27,121,122,28,29,128,130,313,134,136,139,321,142,143,145,34,148,150,35,151,336,161,165,39,41,173,44,180,357,45,184,360,187,46,189,367,202,203,204,207,212,53,54,55,222,223,224,225,229,231,232,62,414,64,241,242,65,419],"0d2dee8b3":[114,233],"0dea61ca3":[298,308],"0e761d1fd":[157,206],"0e892c79e":[68,375],"0f7e4bed4":[167,247]},"name":"Cricket","importBase":"import","nativeBase":"native","debug":false,"isZip":false,"encrypted":false,"versions":{"import":["01b2bc63d","7ab66","01fd691db","9391f","026ac8f78","372a6","028a492b9","9beb4","02b6bf5c3","8007f",69,"826b2","041ed7d06","a7e1e","04f53add4","49663","05b7fc249","d9dde","068a7fe2e","0d49b","079b54b90","b77f2","07baee206","3dd4d","07f2d8331","60ef3","08cb2bdff","0b6f2","09018fbc6","99d7c","09bbb5278","db6d9","0a70d0937","695c5","0a7978e1f","b441c","0aba55ae0","b20db","0b756557a","36a21","0b97ec100","7e7a0","0b993205f","ec327","0bfe53e60","e045c","0c1b3ffc5","8b7cb","0c2dc0cae","5f397","0ccf833f4","54cae","0d2dee8b3","ac62e","0dea61ca3","4b6dc","0e761d1fd","6a9dc","0e892c79e","39b1c",74,"66d8d","0f7e4bed4","8141d",79,"5a961",80,"51abc",265,"3f57a",89,"b1788",276,"e29ec",277,"9bc97",95,"13087",99,"47e3a",100,"ffd86",278,"346b6",284,"462cd",285,"02a81",286,"a36d2",16,"68d0b",289,"fbf0a",294,"8ec90",116,"1320a",118,"0722b",120,"66ea5",127,"44275",129,"28b7e",311,"7b7ca",314,"4f8ff",132,"10516",133,"fa57a",135,"e6032",137,"84aaf",140,"05c66",324,"452a4",325,"42bef",147,"c72c2",149,"7554d",334,"c6650",152,"3c007",153,"11ee1",154,"15a46",158,"caaf2",159,"b0803",163,"a2d61",169,"08a94",170,"72e43",171,"3df2c",178,"8850f",353,"88864",183,"2ac79",185,"6743a",192,"b31cb",193,"2bb78",197,"48fdd",370,"b73a3",199,"403e5",201,"61105",208,"7aee6",209,"6dcd9",51,"335ce",210,"fa2c4",211,"4880e",381,"d18f5",213,"747e1",385,"cab8f",386,"68ac4",387,"6a3a6",388,"038a6",217,"cdfcf",219,"1ae26",389,"3495e",221,"28643",391,"3a4a2",399,"03104",230,"29933",401,"79bea",402,"440c3",234,"65561",235,"0c2d8",236,"16306",240,"9a123",416,"eef00",244,"02186"],"native":[68,"44664",0,"128fb",1,"82676",75,"39ddb",76,"9f5e3",2,"54781",3,"b3a6c",4,"b2c3f",5,"534a5",83,"7ffa5",6,"98eb2",84,"a5418",86,"32f14",87,"cb1b7",7,"0879c",90,"a27e7",8,"a4557",94,"4d2cf",9,"f557b",10,"57045",11,"c8931",12,"f4f5d",13,"e247a",14,"18f2f",15,"a889d",105,"96ca6",16,"78288",17,"15c9f",18,"e5a6d",19,"5ef27",20,"5ddb3",21,"c449a",22,"9b3e9",23,"90bf2",24,"47e3d",25,"4deaa",26,"3fe66",27,"ee6ab",28,"c6c80",29,"61085",30,"b7f53",31,"2e70a",32,"7cddd",33,"3aa50",34,"6deb0",35,"25116",36,"ce2c3",37,"0514f",38,"63d40",39,"5575b",168,"a382c",40,"05353",41,"a20a3",174,"3f7ac",42,"a65a3",43,"c8d0f",44,"ea5b2",45,"7c73a",188,"e54be",46,"220a9",47,"6504b",48,"a10e9",200,"a382c",49,"f856a",50,"6c00c",51,"9a418",52,"200f3",53,"65c2e",215,"d75c3",54,"df25e",55,"9705e",56,"831af",57,"07373",58,"8a493",59,"3087f",60,"0bd5e",61,"de97b",62,"1ea9a",63,"6eb9a",239,"838a8",64,"cbc67",65,"77c3a"]}}