[1,["e5PwuSfmFAMbTNcXSjVriw"],["_texture"],[["dragonBones.DragonBonesAtlasAsset",["_name","_atlasJson"],1]],[[0,0,1,3]],[[0,"sortudo_win_tex","{\"width\":2048,\"imagePath\":\"sortudo_win_tex.png\",\"height\":2048,\"name\":\"sortudo_win\",\"SubTexture\":[{\"width\":762,\"y\":1,\"height\":477,\"name\":\"win_01/win_05\",\"x\":779},{\"width\":733,\"y\":498,\"height\":465,\"name\":\"win_01/win_04\",\"x\":1},{\"width\":733,\"y\":953,\"height\":445,\"name\":\"win_01/win_03\",\"x\":736},{\"width\":733,\"y\":965,\"height\":420,\"name\":\"win_01/win_01\",\"x\":1},{\"width\":762,\"y\":480,\"height\":471,\"name\":\"win_01/win_06\",\"x\":779},{\"width\":733,\"y\":1400,\"height\":420,\"name\":\"win_01/win_02\",\"x\":736},{\"width\":733,\"y\":1387,\"height\":420,\"name\":\"win_01/win_08\",\"x\":1},{\"width\":776,\"y\":1,\"height\":495,\"name\":\"win_01/win_07\",\"x\":1}]}"]],0,0,[0],[0],[0]]