[1,["ecpdLyjvZBwrvm+cedCcQy","18d393b70","72T/W/JadDPJoOEfrgWGUZ","7fzd6uNXZANYt6kghwKKbA","e4QKGDSGpEdohb7XP3yqxK","71o8ssiGdGiI79wDs3cT5O","553SdLrfZNxZYIfsoB20d4","253E6Z6BRGtIcZ9rdbb82t","89fvY2uTpIZY90XgJrGU+t","0dgS/8s3VIqYiUA7PEKvWC","3fhGkMBxNF/ZPBBnUcaBgS","b2zVbG5dpHZrDVZSCrsBUq","42fLpcYYBMWYCohycR4T1t","5cWxdCLelOgICuTIvVEb/U","aal5M7/DpHvoq2ceZszq6U","f4cVOsCLNFmJ2Td7rsbRPB","b5oMTf67xEkLFEcyfKAuC/","9fGhyZueNKXJZppGIg/Ax/","99OaY2T1NFaq/LqNDe5y87","81/ipFAVpMJ5cwBTEVU56M","6cz/LWiBdILIA/gU20aDif","afZmkcsNxFbJC5hAqZ2XpI","12WY+afAdETJ+L/4wtNFaa","8bMeypzMVNtqkmaN0iUG33","23u1ugeHNHbLU0ParicjMz","89xsJ44BROKaniNdkL/AhX","6b2uKB0adEGaq9MunWXgzV","ebwHdzVEZLsa9U6Tk7uh7R","16dgz0wqlERq7ahZoimVjw","7aPS+S26BAIp0MDza8z010","6dbtIXseRG9ZfuFAfaukLU","1crIcQqJ9KpqB4ta7DJC3F","b5ZJ2RVFlIHo3o5FK2+NZg","37ot0D9IBAlap1BYIilcB5","afi2sjZT5MwLSQNObxfSgy","bccFeVodJDn5fpC/OdVQT9","46ad3Le/hMN7JmaNRXtXNw","65zazEQ4pNrKojQ7FXYbSC","d7NwEc1ohJ34IWhJ0AURqR","22tTiYZs5F4IQp5mfunCuj","17c0f4d91"],["node","_spriteFrame","_textureSetter","_N$dragonAsset","_N$dragonAtlasAsset","_parent","_defaultClip","root","rightAnimate","stepsLabel","data","_N$file"],["cc.SpriteFrame",["cc.Node",["_name","_active","_prefab","_components","_parent","_contentSize","_children","_trs","_eulerAngles"],1,4,9,1,5,2,7,5],["cc.Sprite",["_sizeMode","node","_materials","_spriteFrame"],2,1,3,6],["dragonBones.ArmatureDisplay",["_armatureName","_preCacheMode","_armatureKey","_animationName","node","_materials","_N$dragonAsset","_N$dragonAtlasAsset"],-1,1,3,6,6],["cc.Node",["_name","_active","_parent","_components","_prefab","_contentSize","_trs"],1,1,2,4,5,7],["cc.PrefabInfo",["fileId","root"],2,1],["cc.AnimationClip",["_name","_duration","sample","wrapMode","curveData"],-1,11],["dragonBones.DragonBonesAsset",["_name","_dragonBonesJson"],1],["cc.Prefab",["_name"],2],["0c5cbOVBEFMCZArE26XBG12",["node","dragonBonesNode","elementNode","stepsLabel","rightAnimate"],3,1,2,2,1,1],["cc.Animation",["node","_clips","_defaultClip"],3,1,3,6],["cc.Label",["_string","_fontSize","_isSystemFontUsed","_N$horizontalAlign","_N$verticalAlign","node","_materials"],-2,1,3]],[[5,0,1,2],[2,1,2,3,1],[1,0,4,3,2,5,2],[1,0,1,4,6,2,7,3],[1,0,4,3,2,5,7,2],[7,0,1,3],[1,0,1,4,3,2,5,7,3],[3,0,3,1,2,4,5,6,7,5],[6,0,1,2,3,4,5],[10,0,1,2,1],[1,0,1,6,3,2,7,3],[2,0,1,2,3,2],[1,0,1,6,3,2,3],[2,1,2,1],[8,0,2],[1,0,6,3,2,5,2],[1,0,1,4,6,2,3],[1,0,1,4,3,2,5,3],[1,0,1,4,3,2,5,7,8,3],[4,0,2,3,4,5,6,2],[4,0,1,2,3,4,5,6,3],[9,0,1,2,3,4,1],[5,1,1],[3,0,1,2,4,5,6,7,4],[3,0,3,1,2,4,5,5],[11,0,1,2,3,4,5,6,6]],[[[[8,"j",0.5,50,2,[{},"paths",11,[{},"1",11,[{},"props",11,[{"opacity":[{"frame":0.2,"value":254},{"frame":0.48,"value":0}]},"scale",12,[[[{"frame":0},"value",8,[0,1,1]],[{"frame":0.2},"value",8,[0,1.1,1.1]],[{"frame":0.48},"value",8,[0,0.9,0.9]],[{"frame":0.5},"value",8,[0,1,1]]],11,11,11,11]]],"2",11,[{},"props",11,[{"opacity":[{"frame":0,"value":255},{"frame":0.12,"value":100},{"frame":0.48,"value":0},{"frame":0.5,"value":0}]},"scale",12,[[[{"frame":0},"value",8,[0,1,1]],[{"frame":0.2},"value",8,[0,1.1,1.1]],[{"frame":0.48},"value",8,[0,0.9,0.9]],[{"frame":0.5},"value",8,[0,1,1]]],11,11,11,11]]],"ludo_icon_9",11,[{},"props",11,[{"opacity":[{"frame":0,"value":255},{"frame":0.2,"value":0},{"frame":0.34,"value":1},{"frame":0.36,"value":255}]},"scale",12,[[[{"frame":0},"value",8,[0,1,1]],[{"frame":0.2},"value",8,[0,1.1,1.1]],[{"frame":0.34},"value",8,[0,0.9,0.9]],[{"frame":0.36},"value",8,[0,1,1]]],11,11,11,11]]]]]]],0,0,[],[],[]],[[[5,"Amazon_meizhoubao_ske","{\"armature\":[{\"skin\":[{\"name\":\"\",\"slot\":[{\"display\":[{\"path\":\"组4\",\"type\":\"image\",\"name\":\"组4\",\"transform\":{\"y\":-10.395000000000001,\"x\":-1.4000000000000001}}],\"name\":\"组4\"},{\"display\":[{\"triangles\":[1,4,3,4,2,3,5,2,6,0,6,4,6,2,4,0,5,6],\"width\":135,\"uvs\":[0,0,1,0,0,1,1,1,0.21464,0,0,0.01158,0.01797,0.01449],\"type\":\"mesh\",\"vertices\":[-67.62,-59.290000000000006,67.62,-59.290000000000006,-67.62,59.290000000000006,67.62,59.290000000000006,-38.592400000000005,-59.290000000000006,-67.62,-57.917300000000004,-65.19030000000001,-57.57220000000001],\"transform\":{\"skY\":-82.6367,\"y\":9.598015,\"skX\":-82.6367,\"x\":30.463503000000003},\"path\":\"图层29\",\"edges\":[1,3,3,2,0,4,4,1,2,5,5,0],\"height\":118,\"name\":\"图层29\",\"userEdges\":[5,6]},{\"path\":\"图层32\",\"type\":\"image\",\"name\":\"图层32\",\"transform\":{\"skY\":-82.7509,\"y\":10.544352000000002,\"skX\":-82.7509,\"x\":35.048622}}],\"blendMode\":\"add\",\"name\":\"图层291\"},{\"display\":[{\"path\":\"图层15\",\"type\":\"image\",\"name\":\"图层15\",\"transform\":{\"y\":-11.200000000000001,\"x\":-1.05}}],\"name\":\"图层15\"},{\"display\":[{\"path\":\"图层31\",\"type\":\"image\",\"name\":\"图层31\",\"transform\":{\"skY\":-133.6196,\"y\":-7.023814000000001,\"skX\":-133.6196,\"x\":-20.053859000000003}}],\"name\":\"图层31\"},{\"display\":[{\"triangles\":[1,4,3,4,2,3,5,2,6,0,6,4,6,2,4,0,5,6],\"width\":135,\"uvs\":[0,0,1,0,0,1,1,1,0.21464,0,0,0.01158,0.01797,0.01449],\"type\":\"mesh\",\"vertices\":[-67.62,-59.290000000000006,67.62,-59.290000000000006,-67.62,59.290000000000006,67.62,59.290000000000006,-38.592400000000005,-59.290000000000006,-67.62,-57.917300000000004,-65.19030000000001,-57.57220000000001],\"transform\":{\"skY\":-82.6367,\"y\":9.598015,\"skX\":-82.6367,\"x\":30.463503000000003},\"path\":\"图层29\",\"edges\":[1,3,3,2,0,4,4,1,2,5,5,0],\"height\":118,\"name\":\"图层29\",\"userEdges\":[5,6]},{\"path\":\"图层32\",\"type\":\"image\",\"name\":\"图层32\",\"transform\":{\"skY\":-82.7509,\"y\":10.544352000000002,\"skX\":-82.7509,\"x\":35.048622}}],\"name\":\"图层29\"}]}],\"type\":\"Armature\",\"frameRate\":24,\"ik\":[],\"defaultActions\":[{\"gotoAndPlay\":\"newAnimation\"}],\"bone\":[{\"name\":\"root\",\"transform\":{}},{\"length\":61.040000000000006,\"transform\":{\"skY\":82.7509,\"y\":-49.15400000000001,\"skX\":82.7509,\"x\":8.102500000000001},\"parent\":\"root\",\"name\":\"图层29\"},{\"length\":41.09,\"transform\":{\"skY\":133.6196,\"y\":9.100000000000001,\"skX\":133.6196,\"x\":-34.300000000000004},\"parent\":\"root\",\"name\":\"图层31\"},{\"length\":61.040000000000006,\"transform\":{\"skY\":82.7509,\"y\":-49.15400000000001,\"skX\":82.7509,\"x\":8.102500000000001},\"parent\":\"root\",\"name\":\"图层291\"}],\"aabb\":{\"width\":159.39000000000001,\"y\":-77.01288295613821,\"height\":130.00288295613822,\"x\":-81.09500000000001},\"slot\":[{\"name\":\"图层15\",\"parent\":\"root\",\"color\":{}},{\"z\":1,\"name\":\"图层31\",\"parent\":\"图层31\",\"color\":{}},{\"z\":2,\"name\":\"组4\",\"parent\":\"root\",\"color\":{}},{\"z\":3,\"name\":\"图层29\",\"parent\":\"图层29\",\"color\":{}},{\"z\":4,\"displayIndex\":-1,\"name\":\"图层32\",\"parent\":\"root\",\"color\":{}},{\"blendMode\":\"add\",\"z\":5,\"parent\":\"图层291\",\"name\":\"图层291\",\"color\":{}}],\"animation\":[{\"playTimes\":0,\"frame\":[],\"ffd\":[],\"ik\":[],\"bone\":[{\"frame\":[{\"duration\":45,\"transform\":{}}],\"name\":\"root\"},{\"frame\":[{\"tweenEasing\":0,\"duration\":18,\"transform\":{}},{\"duration\":27,\"transform\":{\"skY\":-2.2327,\"skX\":-2.2327}}],\"name\":\"图层29\"},{\"frame\":[{\"duration\":4,\"transform\":{}},{\"duration\":4,\"transform\":{\"skY\":0.1804,\"skX\":0.1804}},{\"duration\":4,\"transform\":{\"skY\":0.2804,\"skX\":0.2804}},{\"duration\":4,\"transform\":{\"skY\":0.3804,\"skX\":0.3804}},{\"duration\":4,\"transform\":{\"skY\":0.4804,\"skX\":0.4804}},{\"duration\":25,\"transform\":{\"skY\":0.7804,\"skX\":0.7804}}],\"name\":\"图层31\"},{\"frame\":[{\"tweenEasing\":0,\"duration\":18,\"transform\":{}},{\"duration\":2,\"transform\":{\"skY\":-2.2327,\"skX\":-2.2327}},{\"tweenEasing\":0,\"duration\":9,\"transform\":{\"skY\":-2.2327,\"skX\":-2.2327}},{\"tweenEasing\":0,\"duration\":8,\"transform\":{\"skY\":-2.2327,\"scX\":1.05,\"scY\":1.05,\"skX\":-2.2327}},{\"duration\":8,\"transform\":{\"skY\":-2.2327,\"scX\":1.1,\"scY\":1.1,\"skX\":-2.2327}}],\"name\":\"图层291\"}],\"slot\":[{\"frame\":[{\"tweenEasing\":null,\"duration\":20},{\"displayIndex\":1,\"tweenEasing\":null,\"duration\":4},{\"displayIndex\":1,\"tweenEasing\":null,\"duration\":21},{\"tweenEasing\":null,\"duration\":0}],\"name\":\"图层29\"},{\"frame\":[{\"displayIndex\":-1,\"tweenEasing\":0,\"duration\":19},{\"displayIndex\":-1,\"tweenEasing\":null,\"duration\":1},{\"displayIndex\":1,\"tweenEasing\":0,\"duration\":9,\"color\":{\"aM\":0}},{\"displayIndex\":1,\"tweenEasing\":0,\"duration\":8,\"color\":{\"bM\":34,\"aM\":71}},{\"displayIndex\":1,\"tweenEasing\":null,\"duration\":8,\"color\":{\"bM\":34,\"aM\":0}},{\"tweenEasing\":0,\"duration\":0,\"color\":{\"bM\":34,\"aM\":0}}],\"name\":\"图层291\"}],\"duration\":45,\"name\":\"newAnimation\"}],\"name\":\"Armature\"}],\"frameRate\":24,\"name\":\"Amazon_meizhoubao\",\"version\":\"5.0\",\"isGlobal\":0}"]],0,0,[],[],[]],[[[8,"9",0.5,50,2,[{},"paths",11,[{},"1",11,[{},"props",11,[{"opacity":[{"frame":0.2,"value":254},{"frame":0.48,"value":0}]},"scale",12,[[[{"frame":0},"value",8,[0,1,1]],[{"frame":0.2},"value",8,[0,1.1,1.1]],[{"frame":0.48},"value",8,[0,0.9,0.9]],[{"frame":0.5},"value",8,[0,1,1]]],11,11,11,11]]],"2",11,[{},"props",11,[{"opacity":[{"frame":0,"value":255},{"frame":0.12,"value":100},{"frame":0.48,"value":0},{"frame":0.5,"value":0}]},"scale",12,[[[{"frame":0},"value",8,[0,1,1]],[{"frame":0.2},"value",8,[0,1.1,1.1]],[{"frame":0.48},"value",8,[0,0.9,0.9]],[{"frame":0.5},"value",8,[0,1,1]]],11,11,11,11]]],"ludo_icon_9",11,[{},"props",11,[{"opacity":[{"frame":0,"value":255},{"frame":0.2,"value":0},{"frame":0.34,"value":1},{"frame":0.36,"value":255}]},"scale",12,[[[{"frame":0},"value",8,[0,1,1]],[{"frame":0.2},"value",8,[0,1.1,1.1]],[{"frame":0.34},"value",8,[0,0.9,0.9]],[{"frame":0.36},"value",8,[0,1,1]]],11,11,11,11]]]]]]],0,0,[],[],[]],[[[14,"ludoItem"],[15,"slotItem",[-18,-19,-20,-21,-22,-23,-24,-25,-26,-27,-28,-29,-30,-31,-32],[[13,-2,[95]],[21,-17,[-9,-10,-11,-12,-13,-14,-15,-16],[-5,-6,-7,-8],-4,-3]],[22,-1],[5,175,133]],[3,"lion",false,1,[-33,-34,-35,-36],[0,"45CsZH+CRIeJblM+Prt8zk",1],[-0.435,-2.31,0,0,0,0,1,1,1,1]],[10,"animateNode",false,[-38,-39,-40],[[9,-37,[8],7]],[0,"beyzz2nYRIWa5/wi7o6ujE",1],[0.5,0,0,0,0,0,1,1,1,1]],[12,"animateNode",false,[-42,-43,-44],[[9,-41,[18],17]],[0,"05nwLQjA5KI5c+Vwq+IZSx",1]],[12,"animateNode",false,[-46,-47,-48],[[9,-45,[28],27]],[0,"60t8oxcZZASLGIH4mhIX4Q",1]],[10,"animateNode",false,[-50,-51,-52],[[9,-49,[38],37]],[0,"29SAEhGzZHBKAz8GyhZ+Z+",1],[-13,0,0,0,0,0,1,1,1,1]],[10,"animateNode",false,[-54,-55,-56],[[9,-53,[48],47]],[0,"3164A+cdNKLoKug+aP3OeK",1],[-7,0,0,0,0,0,1,1,1,1]],[3,"9",false,1,[3,-57],[0,"23+WqtL2pJwK53if/pPilV",1],[0,0,0,0,0,0,1,0.95,0.92,1]],[3,"10",false,1,[4,-58],[0,"afCh/Azh1Dfok2yUbn4cBa",1],[0,0,0,0,0,0,1,0.95,0.92,1]],[16,"j",false,1,[5,-59],[0,"75prr4Z95H/5mn/YSKHLGE",1]],[3,"q",false,1,[6,-60],[0,"48szuWKo9IUap5T9vRBijf",1],[11.752,0,0,0,0,0,1,0.95,0.92,1]],[3,"zhongdian",false,1,[-61,-62],[0,"d0L0UtGuhCr7Pc+mP4PrBU",1],[1.068,-9.253,0,0,0,0,1,1,1,1]],[3,"zhuangzi",false,1,[-63,-64],[0,"32WJnQ2ptN5bllMIQKkaaM",1],[0,-13,0,0,0,0,1,1,1,1]],[3,"qipan",false,1,[-65,-66],[0,"73BVz6ylZK7K6xdgyMUVEg",1],[-6.554,3.32,0,0,0,0,1,1,1,1]],[3,"zhuanshu",false,1,[-67,-68],[0,"5cGSs3R/NIUam45ZqBDPQD",1],[2.407,7.465,0,0,0,0,1,1,1,1]],[3,"qizi",false,1,[-69,-70],[0,"ee7WdSFDVK47Xtzbf7D0vq",1],[0.59,-2.857,0,0,0,0,1,1,1,1]],[3,"anquanqu",false,1,[-71,-72],[0,"f9xuR0c7tOE75Tg/EbSka4",1],[5.173,-13.37,0,0,0,0,1,1,1,1]],[3,"0",false,1,[-73,-74],[0,"bdSf29HCFG66ajlqSoQZ+d",1],[3.151,-2.436,0,0,0,0,1,1,1,1]],[3,"k",false,1,[7,-75],[0,"98qzDsxgpDhoIEgRY5Cyb0",1],[10.011,0,0,0,0,0,1,1,1,1]],[17,"sign",false,1,[[13,-76,[0]]],[0,"10BNkvvt1OjKJcGo9W9quO",1],[5,180,194]],[2,"1",3,[[1,-77,[1],2]],[0,"69yNlpDF1Jp70JJyZWBimn",1],[5,140,108]],[2,"2",3,[[1,-78,[3],4]],[0,"f0oRn26b5KRKBXORnyg3N9",1],[5,140,108]],[2,"ludo_icon_9",3,[[1,-79,[5],6]],[0,"e3h2Xmku9Hy6USlFkTW1Lr",1],[5,140,108]],[2,"item",8,[[1,-80,[9],10]],[0,"capk//9hRE3ZUpd9/o8Jz8",1],[5,140,108]],[2,"1",4,[[1,-81,[11],12]],[0,"ed0xncFp5P9b0oKhV4fUps",1],[5,59,138]],[2,"2",4,[[1,-82,[13],14]],[0,"32ospvr+1NN7bx23EHBd22",1],[5,59,138]],[2,"ludo_icon_9",4,[[1,-83,[15],16]],[0,"7awU2aQBJNhLfqq3l14f4K",1],[5,59,138]],[2,"item",9,[[1,-84,[19],20]],[0,"15yimoal9ChI+FlEwcZZYN",1],[5,59,138]],[2,"1",5,[[1,-85,[21],22]],[0,"7fAIMChC9Fc4ZTcqOAsC2g",1],[5,121,85]],[2,"2",5,[[1,-86,[23],24]],[0,"59iUGjtPdAN57Jl0Qu3VxL",1],[5,121,85]],[2,"ludo_icon_9",5,[[1,-87,[25],26]],[0,"a6gJX2gMpMM47+mevlIiHK",1],[5,121,85]],[2,"item",10,[[1,-88,[29],30]],[0,"31Vj4AjAhHK7mg5EBgfmGW",1],[5,121,85]],[2,"1",6,[[1,-89,[31],32]],[0,"e72qSmNCdHGJURhDcFF5La",1],[5,121,140]],[2,"2",6,[[1,-90,[33],34]],[0,"d4IJLmK4tIA6fXl//Kyz20",1],[5,121,140]],[2,"ludo_icon_9",6,[[1,-91,[35],36]],[0,"28uwH06iRCEpHHhSmHlVgw",1],[5,121,140]],[4,"item",11,[[1,-92,[39],40]],[0,"db5/cj+3JJrbsmNZysBfxs",1],[5,121,140],[-13,0,0,0,0,0,1,1,1,1]],[2,"1",7,[[1,-93,[41],42]],[0,"1e1OZlcKRKEoH/5xW1081I",1],[5,144,140]],[2,"2",7,[[1,-94,[43],44]],[0,"b5uvRiAuRHqqb1VvZq902T",1],[5,144,140]],[2,"ludo_icon_9",7,[[1,-95,[45],46]],[0,"5b1rywFyVApqTcqiMcduL8",1],[5,144,140]],[4,"item",19,[[1,-96,[49],50]],[0,"b4TKy7MeBLOa6H6ryFPeot",1],[5,144,140],[-7,0,0,0,0,0,1,1,1,1]],[6,"animateNode",false,12,[[7,"Armature","newAnimation",0,"427cba5c-6180-4c59-80a8-872711e13d6d#5c5b1742-2de9-4e80-80ae-4c8bd511bfd4",-97,[51],52,53]],[0,"80klWZ2SZGDpUHqcivkO12",1],[5,159.39000000000001,126.77000000000001],[3,7.224,0,0,0,0,1,1,1,1]],[4,"item",12,[[1,-98,[54],55]],[0,"27QkMw2/lOL7ZCCXWoQkNN",1],[5,167,133],[3,4.873,0,0,0,0,1,1,1,1]],[6,"animateNode",false,13,[[7,"Armature","newAnimation",0,"f47153ac-08b3-4598-9d93-77baec6d13c1#b5a0c4df-ebbc-4490-b144-7327ca02e0bf",-99,[56],57,58]],[0,"dbuIXxdUNKvaOS47r8PVJ1",1],[5,159.39000000000001,126.77000000000001],[3.035,9.993,0,0,0,0,1,1,1,1]],[4,"item",13,[[11,2,-100,[59],60]],[0,"80A8W9k7xAFKzjJLCoatAX",1],[5,166,132],[3,10,0,0,0,0,1,1,1,1]],[6,"animateNode",false,14,[[23,"Armature",0,"9939a636-4f53-456a-afcb-a8d0dee72f3b#81fe2a45-015a-4c27-9730-053115539e8c",-101,[61],62,63]],[0,"7dqtZgNhdK1bx7Wcp5oZil",1],[5,159.39000000000001,139.37],[9.292,-5.392,0,0,0,0,1,1,1,1]],[4,"item",14,[[1,-102,[64],65]],[0,"f3eHAgOdRFepCvpr4Vglrd",1],[5,166,132],[10,-6.106,0,0,0,0,1,1,1,1]],[6,"animateNode",false,15,[[7,"Armature","newAnimation",0,"af66691c-b0dc-456c-90b9-840a99d97a48#12598f9a-7c07-444c-9f8b-ff8c2d34569a",-103,[66],67,68]],[0,"e9ZvEzdMdKLYjtVjRuxGvj",1],[5,159.39000000000001,130.27],[2.907,-12.745,0,0,0,0,1,1,1,1]],[4,"item",15,[[1,-104,[69],70]],[0,"339ZXH9m1BZaLy1y1P2MWe",1],[5,165,134],[0,-11.096,0,0,0,0,1,1,1,1]],[6,"animateNode",false,16,[[7,"Armature","newAnimation",0,"23bb5ba0-7873-476c-b534-3daae2723333#89c6c278-e014-4e29-a9e2-35d90bfc0857",-105,[71],72,73]],[0,"64+wegL3FFfIwZ6ILUp/Mf",1],[5,159.39000000000001,130.00288295613822],[1.586,-10.274,0,0,0,0,1,1,1,1]],[4,"item",16,[[11,2,-106,[74],75]],[0,"70db99dudDkpHW7lZKZlqi",1],[5,166,132],[1.586,0,0,0,0,0,1,1,1,1]],[6,"animateNode",false,17,[[7,"Armature","newAnimation",0,"ebc07773-5446-4bb1-af54-e9393bba1ed1#16760cf4-c2a9-4446-aeda-859a229958f0",-107,[76],77,78]],[0,"87QLedAcBL6K4MN+2gX1W6",1],[5,170.4,177.20000000000002],[-1.248,8.307,0,0,0,0,1,1,1,1]],[4,"item",17,[[1,-108,[79],80]],[0,"eeFm89wvpLeIFTBBR6KgJr",1],[5,171,155],[0,-1.306,0,0,0,0,1,1,1,1]],[6,"animateNode",false,18,[[7,"Armature","newAnimation",0,"6d6ed217-b1e4-46f5-97ee-1407daba42d4#1cac8710-a89f-4aa6-a078-b5aec3242dc5",-109,[81],82,83]],[0,"25lQHygalMlK8CWvb/xtpd",1],[5,174.48,138],[0,0.31,0,0,0,0,1,1.18,1.21,1]],[4,"item",18,[[11,0,-110,[84],85]],[0,"e7LJcsZa1EbrBQ0OCrwJMJ",1],[5,165,136],[0,0.312,0,0,0,0,1,1,1,1]],[4,"animateNode",2,[[7,"Armature","newAnimation",0,"37a2dd03-f480-4095-aa75-05822295c079#af8b6b23-653e-4cc0-b490-34e6f17d2832",-111,[86],87,88]],[0,"16FhquHvVAWY6GzPJ1NxWs",1],[5,174.48,138],[3.482,0.402,0,0,0,0,1,1.17,1.25,1]],[6,"item",false,2,[[1,-112,[89],90]],[0,"b0Rhks7LtJ46eK71uP8wbg",1],[5,172,136],[1.741,2.462,0,0,0,0,1,1,1.02,1]],[18,"zhuazi",false,2,[[1,-113,[91],92]],[0,"25Hn0przZHDIq0xyDyTuYV",1],[5,37,8],[-31.142,-42.059,0,0,0,0.42261826174069944,0.9063077870366499,0.7,0.7,1],[1,0,0,50]],[19,"stepsLabel",2,[-114],[0,"c0+Bw0colGKZ7wASXOtg5R",1],[5,7.5,40],[30.648,-34.319,0,0,0,0,1,1,1,1]],[25,"1",20,false,1,1,58,[93]],[20,"animateNode",false,1,[-115],[0,"2ea+QJiytEmopZdu7Qxw1e",1],[5,273,242],[0,0,0,0,0,0,1,0.95,0.99,1]],[24,"Armature","newAnimation",0,"d737011c-d688-49df-8216-849d00511a91#22b53898-66ce-45e0-8429-e667ee9c2ba3",60,[94]]],0,[0,7,1,0,0,1,0,8,61,0,9,59,0,-1,8,0,-2,9,0,-3,10,0,-4,11,0,-1,12,0,-2,13,0,-3,14,0,-4,15,0,-5,16,0,-6,17,0,-7,18,0,-8,2,0,0,1,0,-1,20,0,-2,8,0,-3,9,0,-4,10,0,-5,11,0,-6,19,0,-7,12,0,-8,13,0,-9,14,0,-10,15,0,-11,16,0,-12,17,0,-13,18,0,-14,2,0,-15,60,0,-1,55,0,-2,56,0,-3,57,0,-4,58,0,0,3,0,-1,21,0,-2,22,0,-3,23,0,0,4,0,-1,25,0,-2,26,0,-3,27,0,0,5,0,-1,29,0,-2,30,0,-3,31,0,0,6,0,-1,33,0,-2,34,0,-3,35,0,0,7,0,-1,37,0,-2,38,0,-3,39,0,-2,24,0,-2,28,0,-2,32,0,-2,36,0,-1,41,0,-2,42,0,-1,43,0,-2,44,0,-1,45,0,-2,46,0,-1,47,0,-2,48,0,-1,49,0,-2,50,0,-1,51,0,-2,52,0,-1,53,0,-2,54,0,-2,40,0,0,20,0,0,21,0,0,22,0,0,23,0,0,24,0,0,25,0,0,26,0,0,27,0,0,28,0,0,29,0,0,30,0,0,31,0,0,32,0,0,33,0,0,34,0,0,35,0,0,36,0,0,37,0,0,38,0,0,39,0,0,40,0,0,41,0,0,42,0,0,43,0,0,44,0,0,45,0,0,46,0,0,47,0,0,48,0,0,49,0,0,50,0,0,51,0,0,52,0,0,53,0,0,54,0,0,55,0,0,56,0,0,57,0,-1,59,0,-1,61,0,10,1,3,5,8,4,5,9,5,5,10,6,5,11,7,5,19,115],[0,0,0,0,0,0,0,0,0,0,0,0,0,0,0,0,0,0,0,0,0,0,0,0,0,0,0,0,0,0,0,0,0,0,0,0,0,0,0,0,0,0,0,0,0,0,0,0,0,0,0,0,0,0,0,0,0,0,0,0,0,0,0,0,0,0,0,0,0,0,0,0,0,0,0,0,0,0,0,0,0,0,0,0,0,0,0,0,0,0,0,0,0,0,0,0,59,61,61],[-1,-1,1,-1,1,-1,1,6,-1,-1,1,-1,1,-1,1,-1,1,6,-1,-1,1,-1,1,-1,1,-1,1,6,-1,-1,1,-1,1,-1,1,-1,1,6,-1,-1,1,-1,1,-1,1,-1,1,6,-1,-1,1,-1,3,4,-1,1,-1,3,4,-1,1,-1,3,4,-1,1,-1,3,4,-1,1,-1,3,4,-1,1,-1,3,4,-1,1,-1,3,4,-1,1,-1,3,4,-1,1,-1,1,-1,-1,-1,11,3,4],[0,0,2,0,2,0,2,7,7,0,2,0,3,0,3,0,3,8,8,0,3,0,4,0,4,0,4,9,9,0,4,0,5,0,5,0,5,10,10,0,5,0,6,0,6,0,6,11,11,0,6,0,12,13,0,14,0,15,16,0,17,0,18,19,0,20,0,21,22,0,23,0,24,25,0,26,0,27,28,0,29,0,30,31,0,32,0,33,34,0,35,0,36,0,0,0,37,38,39]],[[[5,"scatter_jiantou_ske","{\"frameRate\":24,\"isGlobal\":0,\"armature\":[{\"defaultActions\":[{\"gotoAndPlay\":\"newAnimation\"}],\"type\":\"Armature\",\"frameRate\":24,\"animation\":[{\"ffd\":[],\"playTimes\":0,\"duration\":35,\"ik\":[],\"frame\":[],\"bone\":[{\"frame\":[{\"transform\":{},\"duration\":35}],\"name\":\"root\"},{\"frame\":[{\"tweenEasing\":0,\"transform\":{},\"duration\":14},{\"tweenEasing\":0,\"transform\":{\"scX\":0.9477,\"scY\":0.9477},\"duration\":14},{\"tweenEasing\":0,\"transform\":{\"scX\":1.09,\"scY\":1.09},\"duration\":7},{\"transform\":{},\"duration\":0}],\"name\":\"图层_3\"},{\"frame\":[{\"tweenEasing\":0,\"transform\":{},\"duration\":14},{\"tweenEasing\":0,\"transform\":{\"scX\":0.9477,\"scY\":0.9477},\"duration\":14},{\"tweenEasing\":0,\"transform\":{\"scX\":1.09,\"scY\":1.09},\"duration\":7},{\"transform\":{},\"duration\":0}],\"name\":\"图层_31\"},{\"frame\":[{\"tweenEasing\":0,\"transform\":{},\"duration\":14},{\"tweenEasing\":0,\"transform\":{\"scX\":0.9477,\"scY\":0.9477},\"duration\":14},{\"transform\":{\"scX\":1.17,\"scY\":1.17},\"duration\":7}],\"name\":\"图层_311\"},{\"frame\":[{\"transform\":{},\"duration\":35}],\"name\":\"图层_32\"}],\"slot\":[{\"frame\":[{\"tweenEasing\":null,\"duration\":5},{\"tweenEasing\":null,\"duration\":9},{\"tweenEasing\":null,\"duration\":21}],\"name\":\"图层_3\"},{\"frame\":[{\"displayIndex\":-1,\"tweenEasing\":0,\"color\":{\"aM\":0},\"duration\":1},{\"tweenEasing\":0,\"color\":{\"aM\":0},\"duration\":4},{\"displayIndex\":-1,\"tweenEasing\":0,\"color\":{\"aM\":0},\"duration\":9},{\"displayIndex\":-1,\"tweenEasing\":0,\"color\":{\"aM\":0},\"duration\":14},{\"displayIndex\":-1,\"tweenEasing\":0,\"duration\":7},{\"displayIndex\":-1,\"tweenEasing\":null,\"color\":{\"aM\":0},\"duration\":0}],\"name\":\"图层_31\"},{\"frame\":[{\"displayIndex\":-1,\"tweenEasing\":0,\"color\":{\"aM\":0},\"duration\":1},{\"tweenEasing\":0,\"color\":{\"aM\":0},\"duration\":13},{\"tweenEasing\":0,\"color\":{\"aM\":0},\"duration\":10},{\"tweenEasing\":0,\"color\":{\"aM\":54},\"duration\":4},{\"tweenEasing\":null,\"color\":{\"aM\":0},\"duration\":7}],\"name\":\"图层_311\"},{\"frame\":[{\"displayIndex\":-1,\"tweenEasing\":0,\"duration\":5},{\"tweenEasing\":0,\"color\":{\"aM\":73},\"duration\":14},{\"tweenEasing\":null,\"color\":{\"aM\":0},\"duration\":16}],\"name\":\"图层_32\"}],\"name\":\"newAnimation\"}],\"ik\":[],\"bone\":[{\"name\":\"root\",\"transform\":{\"scX\":0.8,\"scY\":0.8}},{\"length\":34.08,\"transform\":{\"skX\":89.118,\"y\":-25.443,\"skY\":89.118,\"x\":0.26099999999999995},\"parent\":\"root\",\"name\":\"图层_3\"},{\"length\":34.08,\"transform\":{\"skX\":89.118,\"y\":-25.443,\"skY\":89.118,\"x\":0.26099999999999995},\"parent\":\"root\",\"name\":\"图层_311\"},{\"length\":34.08,\"transform\":{\"skX\":89.118,\"y\":-25.443,\"skY\":89.118,\"x\":0.26099999999999995},\"parent\":\"root\",\"name\":\"图层_32\"},{\"length\":34.08,\"transform\":{\"skX\":89.118,\"y\":-25.443,\"skY\":89.118,\"x\":0.26099999999999995},\"parent\":\"root\",\"name\":\"图层_31\"}],\"aabb\":{\"width\":174.48,\"y\":-69,\"height\":138,\"x\":-87.24},\"slot\":[{\"name\":\"图层_4\",\"parent\":\"root\",\"color\":{}},{\"z\":1,\"name\":\"图层_1\",\"parent\":\"root\",\"color\":{}},{\"z\":2,\"displayIndex\":-1,\"name\":\"图层_32\",\"parent\":\"图层_32\",\"color\":{}},{\"z\":3,\"name\":\"图层_3\",\"parent\":\"图层_3\",\"color\":{}},{\"blendMode\":\"add\",\"z\":4,\"parent\":\"图层_31\",\"displayIndex\":-1,\"name\":\"图层_31\",\"color\":{}},{\"blendMode\":\"add\",\"z\":5,\"parent\":\"图层_311\",\"displayIndex\":-1,\"name\":\"图层_311\",\"color\":{}},{\"z\":6,\"name\":\"图层_5\",\"parent\":\"root\",\"color\":{}},{\"z\":7,\"name\":\"组1\",\"parent\":\"root\",\"color\":{}}],\"name\":\"Armature\",\"skin\":[{\"slot\":[{\"display\":[{\"width\":140,\"triangles\":[1,0,3,0,2,3],\"type\":\"mesh\",\"vertices\":[-70.47,-63.269999999999996,70.47,-63.269999999999996,-70.47,55.983599999999996,70.47,54.76859999999999],\"transform\":{\"skX\":-89.118,\"y\":-2.885166,\"skY\":-89.118,\"x\":19.759752},\"edges\":[0,1,2,0,1,3,3,2],\"userEdges\":[],\"path\":\"sca/图层_3\",\"uvs\":[0,0,1,0,0,0.94242,1,0.93282],\"height\":126,\"name\":\"sca/图层_3\"}],\"blendMode\":\"add\",\"name\":\"图层_311\"},{\"display\":[{\"path\":\"sca/图层_3\",\"type\":\"image\",\"name\":\"sca/图层_3\",\"transform\":{\"skX\":-89.118,\"y\":-2.885166,\"skY\":-89.118,\"x\":19.759752}}],\"blendMode\":\"add\",\"name\":\"图层_31\"},{\"display\":[{\"path\":\"sca/图层_3\",\"type\":\"image\",\"name\":\"sca/图层_3\",\"transform\":{\"skX\":-89.118,\"y\":-2.885166,\"skY\":-89.118,\"x\":19.759752}}],\"name\":\"图层_3\"},{\"display\":[{\"path\":\"组1\",\"type\":\"image\",\"name\":\"组1\",\"transform\":{\"y\":42.9}}],\"name\":\"组1\"},{\"display\":[{\"path\":\"sca/图层_3\",\"type\":\"image\",\"name\":\"sca/图层_3\",\"transform\":{\"skX\":-89.118,\"y\":-2.885166,\"skY\":-89.118,\"x\":19.759752}}],\"name\":\"图层_32\"},{\"display\":[{\"path\":\"sca/图层_1\",\"type\":\"image\",\"name\":\"sca/图层_1\",\"transform\":{}}],\"name\":\"图层_1\"},{\"display\":[{\"path\":\"sca/图层_4\",\"type\":\"image\",\"name\":\"sca/图层_4\",\"transform\":{\"y\":0.36,\"scX\":0.9933,\"scY\":0.9933,\"x\":0.36}}],\"name\":\"图层_4\"},{\"display\":[{\"path\":\"sca/图层_5\",\"type\":\"image\",\"name\":\"sca/图层_5\",\"transform\":{\"y\":48.15,\"x\":0.3}}],\"name\":\"图层_5\"}],\"name\":\"\"}]}],\"name\":\"scatter_jiantou\",\"version\":\"5.0\"}"]],0,0,[],[],[]],[[[8,"q",0.5,50,2,[{},"paths",11,[{},"1",11,[{},"props",11,[{"opacity":[{"frame":0.2,"value":254},{"frame":0.48,"value":0}]},"scale",12,[[[{"frame":0},"value",8,[0,1,1]],[{"frame":0.2},"value",8,[0,1.1,1.1]],[{"frame":0.48},"value",8,[0,0.9,0.9]],[{"frame":0.5},"value",8,[0,1,1]]],11,11,11,11]]],"2",11,[{},"props",11,[{"opacity":[{"frame":0,"value":255},{"frame":0.12,"value":100},{"frame":0.48,"value":0},{"frame":0.5,"value":0}]},"scale",12,[[[{"frame":0},"value",8,[0,1,1]],[{"frame":0.2},"value",8,[0,1.1,1.1]],[{"frame":0.48},"value",8,[0,0.9,0.9]],[{"frame":0.5},"value",8,[0,1,1]]],11,11,11,11]]],"ludo_icon_9",11,[{},"props",11,[{"opacity":[{"frame":0,"value":255},{"frame":0.2,"value":0},{"frame":0.34,"value":1},{"frame":0.36,"value":255}]},"scale",12,[[[{"frame":0},"value",8,[0,1,1]],[{"frame":0.2},"value",8,[0,1.1,1.1]],[{"frame":0.34},"value",8,[0,0.9,0.9]],[{"frame":0.36},"value",8,[0,1,1]]],11,11,11,11]]]]]]],0,0,[],[],[]],[[[5,"Amazon_juzuiniao_ske","{\"armature\":[{\"skin\":[{\"name\":\"\",\"slot\":[{\"display\":[{\"path\":\"巨嘴鸟/图层_5\",\"type\":\"image\",\"name\":\"巨嘴鸟/图层_5\",\"transform\":{\"y\":36.470000000000006,\"x\":-5.460000000000001}}],\"name\":\"图层_5\"},{\"display\":[{\"path\":\"巨嘴鸟/图层_4\",\"type\":\"image\",\"name\":\"巨嘴鸟/图层_4\",\"transform\":{\"y\":9.765,\"x\":23.94}}],\"name\":\"图层_4\"},{\"display\":[{\"path\":\"巨嘴鸟/图层_2\",\"type\":\"image\",\"name\":\"巨嘴鸟/图层_2\",\"transform\":{\"skY\":-141.341,\"y\":-2.1460670000000004,\"skX\":-141.341,\"x\":47.591502000000006}}],\"name\":\"图层_2\"},{\"display\":[{\"path\":\"巨嘴鸟/图层2\",\"type\":\"image\",\"name\":\"巨嘴鸟/图层2\",\"transform\":{\"skY\":-15.2926,\"y\":0.23940000000000003,\"skX\":-15.2926,\"x\":19.786242}}],\"name\":\"图层2\"},{\"display\":[{\"path\":\"巨嘴鸟/图层_1\",\"type\":\"image\",\"name\":\"巨嘴鸟/图层_1\",\"transform\":{}}],\"name\":\"图层_1\"},{\"display\":[{\"path\":\"巨嘴鸟/图层15\",\"type\":\"image\",\"name\":\"巨嘴鸟/图层15\",\"transform\":{\"x\":-0.035}}],\"name\":\"图层15\"},{\"display\":[{\"path\":\"图层122\",\"type\":\"image\",\"name\":\"图层122\",\"transform\":{\"skY\":-146.4539,\"y\":-13.687919,\"skX\":-146.4539,\"x\":38.891818}}],\"blendMode\":\"add\",\"name\":\"图层122\"},{\"display\":[{\"path\":\"巨嘴鸟/图层_3\",\"type\":\"image\",\"name\":\"巨嘴鸟/图层_3\",\"transform\":{\"y\":45.78}}],\"name\":\"图层_3\"}]}],\"type\":\"Armature\",\"frameRate\":24,\"ik\":[],\"defaultActions\":[{\"gotoAndPlay\":\"newAnimation\"}],\"bone\":[{\"name\":\"root\",\"transform\":{}},{\"length\":39.410000000000004,\"transform\":{\"skY\":-2.4084,\"y\":-42.164500000000004,\"skX\":-2.4084,\"x\":30.117500000000003},\"parent\":\"root\",\"name\":\"图层2\"},{\"length\":49.980000000000004,\"transform\":{\"skY\":164.4428,\"y\":-55.580000000000005,\"skX\":164.4428,\"x\":65.436},\"parent\":\"root\",\"name\":\"图层_4\"},{\"length\":82.39000000000001,\"transform\":{\"skY\":141.341,\"y\":-21.0805,\"skX\":141.341,\"x\":22.4525},\"parent\":\"root\",\"name\":\"图层_2\"},{\"transform\":{\"y\":-42.7,\"x\":17.150000000000002},\"name\":\"图层_41\",\"parent\":\"root\"},{\"length\":38.57,\"transform\":{\"skY\":146.4539,\"y\":-32.900000000000006,\"skX\":146.4539,\"x\":24.85},\"parent\":\"root\",\"name\":\"图层122\"}],\"aabb\":{\"width\":159.39000000000001,\"y\":-63.385000000000005,\"height\":126.77000000000001,\"x\":-79.69500000000001},\"slot\":[{\"name\":\"图层15\",\"parent\":\"root\",\"color\":{}},{\"z\":1,\"name\":\"图层_1\",\"parent\":\"root\",\"color\":{}},{\"z\":2,\"name\":\"图层_3\",\"parent\":\"root\",\"color\":{}},{\"z\":3,\"name\":\"图层_5\",\"parent\":\"root\",\"color\":{}},{\"z\":4,\"name\":\"图层_2\",\"parent\":\"图层_2\",\"color\":{}},{\"z\":5,\"name\":\"图层_4\",\"parent\":\"图层_41\",\"color\":{}},{\"z\":6,\"name\":\"图层2\",\"parent\":\"图层2\",\"color\":{}},{\"displayIndex\":-1,\"blendMode\":\"add\",\"z\":7,\"parent\":\"图层122\",\"name\":\"图层122\",\"color\":{}}],\"animation\":[{\"playTimes\":0,\"frame\":[],\"ffd\":[],\"ik\":[],\"bone\":[{\"frame\":[{\"duration\":40,\"transform\":{}}],\"name\":\"root\"},{\"frame\":[{\"tweenEasing\":0,\"duration\":18,\"transform\":{\"skY\":4.1177,\"y\":0.7000000000000001,\"skX\":4.1177}},{\"tweenEasing\":0,\"duration\":4,\"transform\":{\"skY\":4.9931,\"y\":1.7500000000000002,\"skX\":4.9931}},{\"tweenEasing\":0,\"duration\":12,\"transform\":{\"skY\":32.2351,\"y\":1.7500000000000002,\"skX\":32.2351}},{\"duration\":6,\"transform\":{\"skY\":34.4172,\"y\":1.7500000000000002,\"skX\":34.4172}}],\"name\":\"图层2\"},{\"frame\":[{\"duration\":18,\"transform\":{}},{\"duration\":22,\"transform\":{}}],\"name\":\"图层_4\"},{\"frame\":[{\"tweenEasing\":0,\"duration\":18,\"transform\":{\"skY\":1.7453,\"y\":0.7000000000000001,\"skX\":1.7453}},{\"tweenEasing\":0,\"duration\":4,\"transform\":{\"skY\":0.7577,\"skX\":0.7577}},{\"duration\":18,\"transform\":{\"skY\":2.0543,\"skX\":2.0543}}],\"name\":\"图层_2\"},{\"frame\":[{\"tweenEasing\":0,\"duration\":18,\"transform\":{\"skY\":3.0662,\"skX\":3.0662}},{\"duration\":22,\"transform\":{\"skY\":5.1328,\"skX\":5.1328}}],\"name\":\"图层_41\"},{\"frame\":[{\"tweenEasing\":0,\"duration\":30,\"transform\":{\"skY\":1.9095,\"y\":1.4000000000000001,\"skX\":1.9095}},{\"tweenEasing\":0,\"duration\":4,\"transform\":{\"skY\":1.9095,\"y\":1.4000000000000001,\"skX\":1.9095}},{\"duration\":6,\"transform\":{\"skY\":1.9095,\"y\":1.4000000000000001,\"skX\":1.9095}}],\"name\":\"图层122\"}],\"slot\":[{\"frame\":[{\"tweenEasing\":null,\"duration\":18},{\"tweenEasing\":null,\"duration\":22}],\"name\":\"图层_2\"},{\"frame\":[{\"tweenEasing\":0,\"duration\":24,\"color\":{\"aM\":0}},{\"tweenEasing\":0,\"duration\":6,\"color\":{\"aM\":0}},{\"tweenEasing\":0,\"duration\":4,\"color\":{\"aM\":27}},{\"tweenEasing\":0,\"duration\":6,\"color\":{\"aM\":0}},{\"tweenEasing\":null,\"duration\":0,\"color\":{\"aM\":0}}],\"name\":\"图层122\"}],\"duration\":40,\"name\":\"newAnimation\"}],\"name\":\"Armature\"}],\"frameRate\":24,\"name\":\"Amazon_juzuiniao\",\"version\":\"5.0\",\"isGlobal\":0}"]],0,0,[],[],[]],[[{"name":"gongjian","rect":[434,673,37,8],"offset":[0,0],"originalSize":[37,8],"capInsets":[0,0,0,0]}],[0],0,[0],[2],[40]],[[{"name":"a","rect":[141,797,144,140],"offset":[0,0],"originalSize":[144,140],"capInsets":[0,0,0,0]}],[0],0,[0],[2],[1]],[[{"name":"meizhoubao","rect":[3,515,166,132],"offset":[0,0],"originalSize":[166,132],"rotated":1,"capInsets":[0,0,0,0]}],[0],0,[0],[2],[1]],[[{"name":"shanhushe","rect":[141,625,166,132],"offset":[0,0],"originalSize":[166,132],"rotated":1,"capInsets":[0,0,0,0]}],[0],0,[0],[2],[1]],[[[5,"Amazon_scatter_ske","{\"frameRate\":24,\"isGlobal\":0,\"name\":\"Amazon_scatter\",\"version\":\"5.0\",\"armature\":[{\"slot\":[{\"name\":\"图层_4\",\"parent\":\"root\",\"color\":{}},{\"z\":1,\"name\":\"图层_1\",\"parent\":\"root\",\"color\":{}},{\"z\":2,\"name\":\"图层_32\",\"parent\":\"图层_32\",\"color\":{}},{\"z\":3,\"name\":\"图层_3\",\"parent\":\"图层_3\",\"color\":{}},{\"displayIndex\":-1,\"blendMode\":\"add\",\"z\":4,\"parent\":\"图层_31\",\"name\":\"图层_31\",\"color\":{}},{\"displayIndex\":-1,\"blendMode\":\"add\",\"z\":5,\"parent\":\"图层_311\",\"name\":\"图层_311\",\"color\":{}},{\"z\":6,\"name\":\"图层_5\",\"parent\":\"root\",\"color\":{}},{\"z\":7,\"name\":\"SCATTER\",\"parent\":\"SCATTER5\",\"color\":{}},{\"blendMode\":\"add\",\"z\":8,\"parent\":\"SCATTER51\",\"name\":\"SCATTER1\",\"color\":{}}],\"animation\":[{\"slot\":[{\"frame\":[{\"tweenEasing\":null,\"duration\":5},{\"tweenEasing\":null,\"duration\":9},{\"tweenEasing\":null,\"duration\":22}],\"name\":\"图层_3\"},{\"frame\":[{\"tweenEasing\":0,\"duration\":9,\"color\":{\"aM\":0}},{\"tweenEasing\":0,\"duration\":9},{\"tweenEasing\":0,\"duration\":9,\"color\":{\"rM\":0,\"gM\":56,\"aM\":69}},{\"tweenEasing\":0,\"duration\":9,\"color\":{\"rM\":56,\"gM\":3,\"aM\":33}},{\"tweenEasing\":null,\"duration\":0,\"color\":{\"aM\":0}}],\"name\":\"SCATTER1\"},{\"frame\":[{\"tweenEasing\":0,\"displayIndex\":-1,\"duration\":1,\"color\":{\"aM\":0}},{\"tweenEasing\":0,\"duration\":4,\"color\":{\"aM\":0}},{\"tweenEasing\":0,\"displayIndex\":-1,\"duration\":9,\"color\":{\"aM\":0}},{\"tweenEasing\":0,\"displayIndex\":-1,\"duration\":14,\"color\":{\"aM\":0}},{\"tweenEasing\":0,\"displayIndex\":-1,\"duration\":7},{\"tweenEasing\":null,\"displayIndex\":-1,\"duration\":1,\"color\":{\"aM\":0}}],\"name\":\"图层_31\"},{\"frame\":[{\"tweenEasing\":0,\"displayIndex\":-1,\"duration\":1,\"color\":{\"aM\":0}},{\"tweenEasing\":0,\"duration\":13,\"color\":{\"aM\":0}},{\"tweenEasing\":0,\"duration\":10,\"color\":{\"aM\":0}},{\"tweenEasing\":0,\"duration\":4,\"color\":{\"aM\":54}},{\"tweenEasing\":null,\"duration\":8,\"color\":{\"aM\":0}}],\"name\":\"图层_311\"},{\"frame\":[{\"tweenEasing\":0,\"duration\":5},{\"tweenEasing\":0,\"duration\":14,\"color\":{\"aM\":73}},{\"tweenEasing\":null,\"duration\":17,\"color\":{\"aM\":0}}],\"name\":\"图层_32\"}],\"frame\":[],\"bone\":[{\"frame\":[{\"duration\":36,\"transform\":{}}],\"name\":\"root\"},{\"frame\":[{\"tweenEasing\":0,\"duration\":14,\"transform\":{}},{\"tweenEasing\":0,\"duration\":14,\"transform\":{\"scX\":0.9477,\"scY\":0.9477}},{\"tweenEasing\":0,\"duration\":7,\"transform\":{\"scX\":1.09,\"scY\":1.09}},{\"duration\":1,\"transform\":{}}],\"name\":\"图层_3\"},{\"frame\":[{\"tweenEasing\":0,\"duration\":12,\"transform\":{}},{\"tweenEasing\":0,\"duration\":12,\"transform\":{\"scY\":0.95}},{\"tweenEasing\":0,\"duration\":12,\"transform\":{\"scX\":0.95,\"scY\":0.95}},{\"duration\":0,\"transform\":{}}],\"name\":\"SCATTER\"},{\"frame\":[{\"duration\":36,\"transform\":{}}],\"name\":\"SCATTER1\"},{\"frame\":[{\"tweenEasing\":0,\"duration\":9,\"transform\":{}},{\"tweenEasing\":0,\"duration\":9,\"transform\":{\"y\":-8.559792,\"scX\":1.02,\"scY\":1.02,\"x\":0.003564}},{\"tweenEasing\":0,\"duration\":9,\"transform\":{}},{\"tweenEasing\":0,\"duration\":9,\"transform\":{\"y\":0.9675299999999999,\"scX\":1.02,\"scY\":1.02}},{\"duration\":0,\"transform\":{}}],\"name\":\"SCATTER2\"},{\"frame\":[{\"tweenEasing\":0,\"duration\":9,\"transform\":{}},{\"tweenEasing\":0,\"duration\":9,\"transform\":{\"skY\":1.9968,\"y\":12.041699999999999,\"skX\":1.9968,\"x\":0.260094}},{\"tweenEasing\":0,\"duration\":9,\"transform\":{}},{\"tweenEasing\":0,\"duration\":6,\"transform\":{\"skY\":-2.0032,\"y\":-2.780586,\"skX\":-2.0032,\"x\":-0.077052}},{\"tweenEasing\":0,\"duration\":3,\"transform\":{\"y\":-0.926862,\"x\":-0.025685999999999997}},{\"duration\":0,\"transform\":{}}],\"name\":\"SCATTER3\"},{\"frame\":[{\"tweenEasing\":0,\"duration\":9,\"transform\":{}},{\"tweenEasing\":0,\"duration\":9,\"transform\":{\"skY\":-3.0263,\"y\":-13.698317999999999,\"scX\":0.98,\"scY\":0.98,\"skX\":-3.0263,\"x\":0.6183059999999999}},{\"tweenEasing\":0,\"duration\":9,\"transform\":{}},{\"tweenEasing\":0,\"duration\":9,\"transform\":{\"skY\":1.9737,\"y\":4.67079,\"scX\":0.93,\"scY\":0.93,\"skX\":1.9737,\"x\":-0.383148}},{\"duration\":0,\"transform\":{}}],\"name\":\"SCATTER4\"},{\"frame\":[{\"tweenEasing\":0,\"duration\":9,\"transform\":{}},{\"tweenEasing\":0,\"duration\":9,\"transform\":{\"skY\":3.9565,\"y\":14.866781999999999,\"scX\":0.95,\"scY\":0.95,\"skX\":3.9565,\"x\":-0.06669599999999999}},{\"tweenEasing\":0,\"duration\":9,\"transform\":{\"y\":0.009828,\"x\":-3.19296}},{\"tweenEasing\":0,\"duration\":9,\"transform\":{\"skY\":13.9965,\"y\":-0.697392,\"scX\":0.98,\"scY\":1.04,\"skX\":13.9965,\"x\":-0.028433999999999997}},{\"duration\":0,\"transform\":{}}],\"name\":\"SCATTER5\"},{\"frame\":[{\"tweenEasing\":0,\"duration\":12,\"transform\":{}},{\"tweenEasing\":0,\"duration\":12,\"transform\":{\"scX\":1.15,\"scY\":0.95}},{\"tweenEasing\":0,\"duration\":12,\"transform\":{\"scX\":1.15}},{\"duration\":0,\"transform\":{}}],\"name\":\"SCATTER6\"},{\"frame\":[{\"duration\":36,\"transform\":{}}],\"name\":\"SCATTER11\"},{\"frame\":[{\"tweenEasing\":0,\"duration\":9,\"transform\":{}},{\"tweenEasing\":0,\"duration\":9,\"transform\":{\"y\":-8.559792,\"scX\":1.02,\"scY\":1.02,\"x\":0.003564}},{\"tweenEasing\":0,\"duration\":9,\"transform\":{}},{\"tweenEasing\":0,\"duration\":9,\"transform\":{\"y\":0.9675299999999999,\"scX\":1.02,\"scY\":1.02}},{\"duration\":0,\"transform\":{}}],\"name\":\"SCATTER21\"},{\"frame\":[{\"tweenEasing\":0,\"duration\":9,\"transform\":{}},{\"tweenEasing\":0,\"duration\":9,\"transform\":{\"skY\":1.9968,\"y\":12.041699999999999,\"skX\":1.9968,\"x\":0.260094}},{\"tweenEasing\":0,\"duration\":9,\"transform\":{}},{\"tweenEasing\":0,\"duration\":6,\"transform\":{\"skY\":-2.0032,\"y\":-2.780586,\"skX\":-2.0032,\"x\":-0.077052}},{\"tweenEasing\":0,\"duration\":3,\"transform\":{\"y\":-0.926862,\"x\":-0.025685999999999997}},{\"duration\":0,\"transform\":{}}],\"name\":\"SCATTER31\"},{\"frame\":[{\"tweenEasing\":0,\"duration\":9,\"transform\":{}},{\"tweenEasing\":0,\"duration\":9,\"transform\":{\"skY\":-3.0263,\"y\":-13.698317999999999,\"scX\":0.98,\"scY\":0.98,\"skX\":-3.0263,\"x\":0.6183059999999999}},{\"tweenEasing\":0,\"duration\":9,\"transform\":{}},{\"tweenEasing\":0,\"duration\":9,\"transform\":{\"skY\":1.9737,\"y\":4.67079,\"scX\":0.93,\"scY\":0.93,\"skX\":1.9737,\"x\":-0.383148}},{\"duration\":0,\"transform\":{}}],\"name\":\"SCATTER41\"},{\"frame\":[{\"tweenEasing\":0,\"duration\":9,\"transform\":{}},{\"tweenEasing\":0,\"duration\":9,\"transform\":{\"skY\":3.9565,\"y\":14.866781999999999,\"scX\":0.95,\"scY\":0.95,\"skX\":3.9565,\"x\":-0.06669599999999999}},{\"tweenEasing\":0,\"duration\":9,\"transform\":{\"y\":0.009828,\"x\":-3.19296}},{\"tweenEasing\":0,\"duration\":9,\"transform\":{\"skY\":13.9965,\"y\":-0.697392,\"scX\":0.98,\"scY\":1.04,\"skX\":13.9965,\"x\":-0.028433999999999997}},{\"duration\":0,\"transform\":{}}],\"name\":\"SCATTER51\"},{\"frame\":[{\"tweenEasing\":0,\"duration\":14,\"transform\":{}},{\"tweenEasing\":0,\"duration\":14,\"transform\":{\"scX\":0.9477,\"scY\":0.9477}},{\"tweenEasing\":0,\"duration\":7,\"transform\":{\"scX\":1.09,\"scY\":1.09}},{\"duration\":1,\"transform\":{}}],\"name\":\"图层_31\"},{\"frame\":[{\"tweenEasing\":0,\"duration\":14,\"transform\":{}},{\"tweenEasing\":0,\"duration\":14,\"transform\":{\"scX\":0.9477,\"scY\":0.9477}},{\"duration\":8,\"transform\":{\"scX\":1.17,\"scY\":1.17}}],\"name\":\"图层_311\"},{\"frame\":[{\"duration\":36,\"transform\":{}}],\"name\":\"图层_32\"}],\"ffd\":[],\"duration\":36,\"name\":\"newAnimation\",\"ik\":[],\"playTimes\":0}],\"type\":\"Armature\",\"frameRate\":24,\"bone\":[{\"name\":\"root\",\"transform\":{\"scX\":0.8,\"scY\":0.8}},{\"length\":34.08,\"transform\":{\"skY\":89.118,\"y\":-25.443,\"skX\":89.118,\"x\":0.26099999999999995},\"parent\":\"root\",\"name\":\"图层_3\"},{\"length\":14.16,\"transform\":{\"skY\":89,\"y\":46.810824,\"skX\":89,\"x\":5.26497},\"parent\":\"root\",\"name\":\"SCATTER\"},{\"length\":14.16,\"transform\":{\"skY\":89,\"y\":46.810824,\"skX\":89,\"x\":5.26497},\"parent\":\"root\",\"name\":\"SCATTER6\"},{\"length\":34.08,\"transform\":{\"skY\":89.118,\"y\":-25.443,\"skX\":89.118,\"x\":0.26099999999999995},\"parent\":\"root\",\"name\":\"图层_311\"},{\"length\":34.08,\"transform\":{\"skY\":89.118,\"y\":-25.443,\"skX\":89.118,\"x\":0.26099999999999995},\"parent\":\"root\",\"name\":\"图层_32\"},{\"length\":34.08,\"transform\":{\"skY\":89.118,\"y\":-25.443,\"skX\":89.118,\"x\":0.26099999999999995},\"parent\":\"root\",\"name\":\"图层_31\"},{\"length\":12.66,\"transform\":{\"skY\":-89,\"y\":87.213174,\"skX\":-89,\"x\":-4.405139999999999},\"parent\":\"SCATTER6\",\"name\":\"SCATTER11\"},{\"length\":12.66,\"transform\":{\"skY\":-89,\"y\":87.213174,\"skX\":-89,\"x\":-4.405139999999999},\"parent\":\"SCATTER\",\"name\":\"SCATTER1\"},{\"length\":31.259999999999998,\"transform\":{\"skY\":1.5873,\"skX\":1.5873,\"x\":20.16225},\"parent\":\"SCATTER1\",\"name\":\"SCATTER2\"},{\"length\":31.259999999999998,\"transform\":{\"skY\":1.5873,\"skX\":1.5873,\"x\":20.16225},\"parent\":\"SCATTER11\",\"name\":\"SCATTER21\"},{\"length\":23.34,\"transform\":{\"skY\":-6.2768,\"skX\":-6.2768,\"x\":33.25848},\"parent\":\"SCATTER2\",\"name\":\"SCATTER3\"},{\"length\":23.34,\"transform\":{\"skY\":-6.2768,\"skX\":-6.2768,\"x\":33.25848},\"parent\":\"SCATTER21\",\"name\":\"SCATTER31\"},{\"length\":29.34,\"transform\":{\"skY\":5.0263,\"skX\":5.0263,\"x\":35.219826000000005},\"parent\":\"SCATTER3\",\"name\":\"SCATTER4\"},{\"length\":29.34,\"transform\":{\"skY\":5.0263,\"skX\":5.0263,\"x\":35.219826000000005},\"parent\":\"SCATTER31\",\"name\":\"SCATTER41\"},{\"length\":24.66,\"transform\":{\"skY\":-3.9565,\"y\":-0.166608,\"skX\":-3.9565,\"x\":57.71028},\"parent\":\"SCATTER41\",\"name\":\"SCATTER51\"},{\"length\":24.66,\"transform\":{\"skY\":-3.9565,\"y\":-0.166608,\"skX\":-3.9565,\"x\":57.71028},\"parent\":\"SCATTER4\",\"name\":\"SCATTER5\"}],\"aabb\":{\"width\":174.48,\"y\":-69,\"height\":138,\"x\":-87.24},\"skin\":[{\"name\":\"\",\"slot\":[{\"display\":[{\"weights\":[4,8,0.6215101124057546,9,0.29350097203507786,11,0.061395573255820096,13,0.023593342303347427,4,9,0.44769499135024665,8,0.44593535325996625,11,0.08110116933992276,13,0.025268486049864352,4,8,0.09387784295560737,9,0.4444034038238711,11,0.38943859058396263,13,0.0722801626365589,4,8,0.033155224228003516,11,0.5041433490617074,9,0.16211231347238664,13,0.3005891132379024,4,13,0.6514711501705739,16,0.24578467085667433,11,0.07098211446579401,9,0.031762064506957746,4,16,0.7781475866108782,13,0.16787075372546412,11,0.0348317137936894,9,0.019149945869968314,4,16,0.9140842447795109,13,0.054291693434891125,11,0.019304069053273868,9,0.012319992732324082,4,16,0.8082137727119078,13,0.11935052181554234,11,0.044013544719437234,9,0.028422160753112723,4,16,0.6128848272371042,13,0.2884100530848062,11,0.06379491571562017,9,0.03491020396246924,4,16,0.17873811643143175,13,0.5977449974800155,11,0.15711342768410325,9,0.06640345840444936,4,11,0.45211607688697336,9,0.20143389983479695,13,0.30270319973799786,8,0.04374682354023186,4,8,0.16535705611146706,9,0.47303069125917474,11,0.30288427330097106,13,0.05872797932838719,4,8,0.4859264887287422,9,0.3975783794156802,11,0.08739837589215622,13,0.029096755963421463,4,8,0.6472209676360896,9,0.24278329373465707,11,0.07621752516369555,13,0.033778213465557816,4,8,0.6813102086730302,9,0.22338700978920603,11,0.06572723716076917,13,0.029575544376994556],\"vertices\":[-63.285,-14.729999999999999,-51.765,-14.729999999999999,-27.159,-14.625,-5.901,-14.729999999999999,34.311,-14.729999999999999,52.532999999999994,-14.729999999999999,75.57,-14.729999999999999,74.943,14.726999999999999,48.345,14.726999999999999,25.619999999999997,14.726999999999999,-4.329,14.726999999999999,-34.172999999999995,14.726999999999999,-56.267999999999994,14.726999999999999,-75.57,14.726999999999999,-75.57,-14.52],\"path\":\"sca/SCATTER\",\"slotPose\":[1,4.440892098500626e-16,6.800116025829084e-16,1,-3.26840618399568,36.19773721627487],\"userEdges\":[],\"edges\":[0,1,1,2,2,3,3,4,4,5,5,6,6,7,7,8,8,9,9,10,10,11,11,12,12,13,13,14,14,0],\"bonePose\":[8,0.8000000000000002,1.734723475976807e-18,-1.7867651802561113e-16,0.8000000000000002,-68.22661497252953,35.1427475847725,9,0.7996930140467547,0.022160399021686587,-0.022160399021686768,0.7996930140467547,-52.09681614818239,35.1427475847725,13,0.7999861807423417,0.0047021932422871525,-0.004702193242286256,0.7999861807423381,2.5812991608444733,33.57622275003318,16,0.7984040402453902,-0.05050731154833046,0.05050731154836707,0.798404040245384,48.74950903749911,33.71430383441941,11,0.7973218991199051,-0.06540481009702395,0.06540481009702379,0.7973218991199053,-25.500239979281098,35.87976882937619],\"type\":\"mesh\",\"transform\":{\"skY\":3.6197,\"y\":-3.618918,\"scX\":1.25,\"scY\":1.25,\"skX\":3.6197,\"x\":-65.169804},\"width\":151,\"uvs\":[0.08128,0,0.1575,0,0.32031,0.00356,0.46096,0,0.72701,0,0.84758,0,1,0,0.99585,0.9999,0.81987,0.9999,0.66951,0.9999,0.47136,0.9999,0.2739,0.9999,0.12771,0.9999,0,0.9999,0,0.00713],\"height\":29,\"name\":\"sca/SCATTER\",\"triangles\":[5,8,7,5,7,6,4,9,8,4,8,5,3,9,4,3,10,9,3,2,10,2,11,10,1,11,2,1,12,11,0,13,12,0,12,1,14,13,0]}],\"name\":\"SCATTER\"},{\"display\":[{\"path\":\"sca/图层_5\",\"type\":\"image\",\"name\":\"sca/图层_5\",\"transform\":{\"y\":48.15,\"x\":0.3}}],\"name\":\"图层_5\"},{\"display\":[{\"userEdges\":[],\"width\":140,\"type\":\"mesh\",\"vertices\":[-70.47,-63.269999999999996,70.47,-63.269999999999996,-70.47,55.983599999999996,70.47,54.76859999999999],\"transform\":{\"skY\":-89.118,\"y\":-2.885166,\"skX\":-89.118,\"x\":19.759752},\"height\":126,\"path\":\"sca/图层_3\",\"uvs\":[0,0,1,0,0,0.94242,1,0.93282],\"edges\":[0,1,2,0,1,3,3,2],\"name\":\"sca/图层_3\",\"triangles\":[1,0,3,0,2,3]}],\"blendMode\":\"add\",\"name\":\"图层_311\"},{\"display\":[{\"path\":\"sca/图层_3\",\"type\":\"image\",\"name\":\"sca/图层_3\",\"transform\":{\"skY\":-89.118,\"y\":-2.885166,\"skX\":-89.118,\"x\":19.759752}}],\"blendMode\":\"add\",\"name\":\"图层_31\"},{\"display\":[{\"path\":\"sca/图层_3\",\"type\":\"image\",\"name\":\"sca/图层_3\",\"transform\":{\"skY\":-89.118,\"y\":-2.885166,\"skX\":-89.118,\"x\":19.759752}}],\"name\":\"图层_3\"},{\"display\":[{\"path\":\"sca/图层_3\",\"type\":\"image\",\"name\":\"sca/图层_3\",\"transform\":{\"skY\":-89.118,\"y\":-2.885166,\"skX\":-89.118,\"x\":19.759752}}],\"name\":\"图层_32\"},{\"display\":[{\"path\":\"sca/图层_1\",\"type\":\"image\",\"name\":\"sca/图层_1\",\"transform\":{}}],\"name\":\"图层_1\"},{\"display\":[{\"path\":\"sca/图层_4\",\"type\":\"image\",\"name\":\"sca/图层_4\",\"transform\":{\"y\":0.36,\"scX\":0.9933,\"scY\":0.9933,\"x\":0.36}}],\"name\":\"图层_4\"},{\"display\":[{\"weights\":[4,7,0.6215101124057546,10,0.29350097203507786,12,0.061395573255820096,14,0.023593342303347427,4,10,0.44769499135024665,7,0.44593535325996625,12,0.08110116933992276,14,0.025268486049864352,4,7,0.09387784295560737,10,0.4444034038238711,12,0.38943859058396263,14,0.0722801626365589,4,7,0.033155224228003516,12,0.5041433490617074,10,0.16211231347238664,14,0.3005891132379024,4,14,0.6514711501705739,15,0.24578467085667433,12,0.07098211446579401,10,0.031762064506957746,4,15,0.7781475866108782,14,0.16787075372546412,12,0.0348317137936894,10,0.019149945869968314,4,15,0.9140842447795109,14,0.054291693434891125,12,0.019304069053273868,10,0.012319992732324082,4,15,0.8082137727119078,14,0.11935052181554234,12,0.044013544719437234,10,0.028422160753112723,4,15,0.6128848272371042,14,0.2884100530848062,12,0.06379491571562017,10,0.03491020396246924,4,15,0.17873811643143175,14,0.5977449974800155,12,0.15711342768410325,10,0.06640345840444936,4,12,0.45211607688697336,10,0.20143389983479695,14,0.30270319973799786,7,0.04374682354023186,4,7,0.16535705611146706,10,0.47303069125917474,12,0.30288427330097106,14,0.05872797932838719,4,7,0.4859264887287422,10,0.3975783794156802,12,0.08739837589215622,14,0.029096755963421463,4,7,0.6472209676360896,10,0.24278329373465707,12,0.07621752516369555,14,0.033778213465557816,4,7,0.6813102086730302,10,0.22338700978920603,12,0.06572723716076917,14,0.029575544376994556],\"vertices\":[-63.285,-14.729999999999999,-51.765,-14.729999999999999,-27.159,-14.625,-5.901,-14.729999999999999,34.311,-14.729999999999999,52.532999999999994,-14.729999999999999,75.57,-14.729999999999999,74.943,14.726999999999999,48.345,14.726999999999999,25.619999999999997,14.726999999999999,-4.329,14.726999999999999,-34.172999999999995,14.726999999999999,-56.267999999999994,14.726999999999999,-75.57,14.726999999999999,-75.57,-14.52],\"path\":\"sca/SCATTER\",\"slotPose\":[1,4.440892098500626e-16,6.800116025829084e-16,1,-3.26840618399568,36.19773721627487],\"userEdges\":[],\"edges\":[0,1,1,2,2,3,3,4,4,5,5,6,6,7,7,8,8,9,9,10,10,11,11,12,12,13,13,14,14,0],\"bonePose\":[7,0.8000000000000002,1.734723475976807e-18,-1.7867651802561113e-16,0.8000000000000002,-68.22661497252953,35.1427475847725,10,0.7996930140467547,0.022160399021686587,-0.022160399021686768,0.7996930140467547,-52.09681614818239,35.1427475847725,14,0.7999861807423417,0.0047021932422871525,-0.004702193242286256,0.7999861807423381,2.5812991608444733,33.57622275003318,15,0.7984040402453902,-0.05050731154833046,0.05050731154836707,0.798404040245384,48.74950903749911,33.71430383441941,12,0.7973218991199051,-0.06540481009702395,0.06540481009702379,0.7973218991199053,-25.500239979281098,35.87976882937619],\"type\":\"mesh\",\"transform\":{\"skY\":3.6197,\"y\":-3.618918,\"scX\":1.25,\"scY\":1.25,\"skX\":3.6197,\"x\":-65.169804},\"width\":151,\"uvs\":[0.08128,0,0.1575,0,0.32031,0.00356,0.46096,0,0.72701,0,0.84758,0,1,0,0.99585,0.9999,0.81987,0.9999,0.66951,0.9999,0.47136,0.9999,0.2739,0.9999,0.12771,0.9999,0,0.9999,0,0.00713],\"height\":29,\"name\":\"sca/SCATTER\",\"triangles\":[5,8,7,5,7,6,4,9,8,4,8,5,3,9,4,3,10,9,3,2,10,2,11,10,1,11,2,1,12,11,0,13,12,0,12,1,14,13,0]}],\"blendMode\":\"add\",\"name\":\"SCATTER1\"}]}],\"defaultActions\":[{\"gotoAndPlay\":\"newAnimation\"}],\"name\":\"Armature\",\"ik\":[]}]}"]],0,0,[],[],[]],[[{"name":"k","rect":[3,859,121,140],"offset":[0,0],"originalSize":[121,140],"capInsets":[0,0,0,0]}],[0],0,[0],[2],[1]],[[{"name":"10","rect":[180,3,140,108],"offset":[0,0],"originalSize":[140,108],"rotated":1,"capInsets":[0,0,0,0]}],[0],0,[0],[2],[1]],[[{"name":"wild","rect":[3,3,171,155],"offset":[0,6.5],"originalSize":[171,168],"capInsets":[0,0,0,0]}],[0],0,[0],[2],[1]],[[{"name":"j","rect":[130,943,59,138],"offset":[0,0],"originalSize":[59,138],"rotated":1,"capInsets":[0,0,0,0]}],[0],0,[0],[2],[1]],[[[8,"10",0.5,50,2,[{},"paths",11,[{},"1",11,[{},"props",11,[{"opacity":[{"frame":0.2,"value":254},{"frame":0.48,"value":0}]},"scale",12,[[[{"frame":0},"value",8,[0,1,1]],[{"frame":0.2},"value",8,[0,1.1,1.1]],[{"frame":0.48},"value",8,[0,0.9,0.9]],[{"frame":0.5},"value",8,[0,1,1]]],11,11,11,11]]],"2",11,[{},"props",11,[{"opacity":[{"frame":0,"value":255},{"frame":0.12,"value":100},{"frame":0.48,"value":0},{"frame":0.5,"value":0}]},"scale",12,[[[{"frame":0},"value",8,[0,1,1]],[{"frame":0.2},"value",8,[0,1.1,1.1]],[{"frame":0.48},"value",8,[0,0.9,0.9]],[{"frame":0.5},"value",8,[0,1,1]]],11,11,11,11]]],"ludo_icon_9",11,[{},"props",11,[{"opacity":[{"frame":0,"value":255},{"frame":0.2,"value":0},{"frame":0.34,"value":1},{"frame":0.36,"value":255}]},"scale",12,[[[{"frame":0},"value",8,[0,1,1]],[{"frame":0.2},"value",8,[0,1.1,1.1]],[{"frame":0.34},"value",8,[0,0.9,0.9]],[{"frame":0.36},"value",8,[0,1,1]]],11,11,11,11]]]]]]],0,0,[],[],[]],[[{"name":"houzi","rect":[142,454,165,134],"offset":[0,-0.5],"originalSize":[165,135],"rotated":1,"capInsets":[0,0,0,0]}],[0],0,[0],[2],[1]],[[[5,"Amazon_snake_ske","{\"armature\":[{\"skin\":[{\"name\":\"\",\"slot\":[{\"display\":[{\"path\":\"组1拷贝2\",\"type\":\"image\",\"name\":\"组1拷贝2\",\"transform\":{\"skY\":-88.7201,\"y\":6.493438000000001,\"skX\":-88.7201,\"x\":55.59582700000001}}],\"blendMode\":\"add\",\"name\":\"组1拷贝2\"},{\"display\":[{\"path\":\"shanhushe/图层_12\",\"type\":\"image\",\"name\":\"shanhushe/图层_12\",\"transform\":{\"skY\":67.8347,\"y\":0.40868800000000005,\"skX\":67.8347,\"x\":2.3736020000000004}}],\"name\":\"图层_12\"},{\"display\":[{\"path\":\"shanhushe/图层_2\",\"type\":\"image\",\"name\":\"shanhushe/图层_2\",\"transform\":{\"skY\":-92.0454,\"y\":0.625849,\"skX\":-92.0454,\"x\":13.856164000000001}}],\"name\":\"图层_2\"},{\"display\":[{\"path\":\"shanhushe/图层_2_拷贝\",\"type\":\"image\",\"name\":\"shanhushe/图层_2_拷贝\",\"transform\":{\"y\":-18.025000000000002,\"x\":-6.720000000000001}}],\"name\":\"图层_2_拷贝\"},{\"display\":[{\"path\":\"shanhushe/图层_6\",\"type\":\"image\",\"name\":\"shanhushe/图层_6\",\"transform\":{\"skY\":20.6361,\"y\":3.0675960000000004,\"skX\":20.6361,\"x\":7.162442}}],\"name\":\"图层_6\"},{\"display\":[{\"path\":\"shanhushe/图层_13\",\"type\":\"image\",\"name\":\"shanhushe/图层_13\",\"transform\":{\"skY\":125.8323,\"y\":0.39659200000000006,\"skX\":125.8323,\"x\":1.7987760000000002}}],\"name\":\"图层_13\"},{\"display\":[{\"path\":\"shanhushe/图层_1\",\"type\":\"image\",\"name\":\"shanhushe/图层_1\",\"transform\":{}}],\"name\":\"图层_1\"},{\"display\":[{\"path\":\"shanhushe/图层_17\",\"type\":\"image\",\"name\":\"shanhushe/图层_17\",\"transform\":{\"skY\":-117.9591,\"y\":-0.10204600000000001,\"skX\":-117.9591,\"x\":11.270637}}],\"name\":\"图层_17\"},{\"display\":[{\"path\":\"shanhushe/图层_11\",\"type\":\"image\",\"name\":\"shanhushe/图层_11\",\"transform\":{\"skY\":12.099,\"y\":0.5274570000000001,\"skX\":12.099,\"x\":2.3603790000000004}}],\"name\":\"图层_11\"},{\"display\":[{\"path\":\"shanhushe/图层_16\",\"type\":\"image\",\"name\":\"shanhushe/图层_16\",\"transform\":{\"skY\":-13.3468,\"y\":2.4385550000000005,\"skX\":-13.3468,\"x\":14.70819}}],\"name\":\"图层_16\"},{\"display\":[{\"path\":\"shanhushe/图层_8\",\"type\":\"image\",\"name\":\"shanhushe/图层_8\",\"transform\":{\"skY\":-68.3481,\"y\":-0.16394000000000003,\"skX\":-68.3481,\"x\":10.021585000000002}}],\"name\":\"图层_8\"},{\"display\":[{\"path\":\"shanhushe/图层_5\",\"type\":\"image\",\"name\":\"shanhushe/图层_5\",\"transform\":{\"skY\":139.0975,\"y\":0.362383,\"skX\":139.0975,\"x\":2.7033790000000004}}],\"name\":\"图层_5\"},{\"display\":[{\"path\":\"shanhushe/图层_15\",\"type\":\"image\",\"name\":\"shanhushe/图层_15\",\"transform\":{\"skY\":0.569,\"y\":-22.723736000000002,\"skX\":0.569,\"x\":6.634481000000001}}],\"name\":\"图层_15\"},{\"display\":[{\"path\":\"shanhushe/图层_10\",\"type\":\"image\",\"name\":\"shanhushe/图层_10\",\"transform\":{\"skY\":-51.8406,\"y\":0.533617,\"skX\":-51.8406,\"x\":2.554139}}],\"name\":\"图层_10\"}]}],\"type\":\"Armature\",\"frameRate\":24,\"ik\":[],\"defaultActions\":[{\"gotoAndPlay\":\"newAnimation\"}],\"bone\":[{\"name\":\"root\",\"transform\":{}},{\"length\":19.6,\"transform\":{\"skY\":92.0454,\"y\":-31.85,\"skX\":92.0454,\"x\":-5.6000000000000005},\"parent\":\"root\",\"name\":\"图层_2\"},{\"length\":5.040000000000001,\"transform\":{\"skY\":-125.8323,\"y\":12.540500000000002,\"skX\":-125.8323,\"x\":-31.468500000000002},\"parent\":\"root\",\"name\":\"图层_13\"},{\"length\":9.030000000000001,\"transform\":{\"skY\":88.7201,\"y\":-50.888600000000004,\"scX\":0.91,\"scY\":0.91,\"skX\":88.7201,\"x\":5.048400000000001},\"parent\":\"root\",\"name\":\"组1拷贝2\"},{\"length\":23.240000000000002,\"transform\":{\"skY\":-0.569,\"y\":46.0635,\"skX\":-0.569,\"x\":-7.9835},\"parent\":\"root\",\"name\":\"图层_15\"},{\"length\":13.510000000000002,\"transform\":{\"skY\":-139.0975,\"y\":-30.786000000000005,\"skX\":-139.0975,\"x\":-13.454},\"parent\":\"root\",\"name\":\"图层_5\"},{\"length\":18.69,\"transform\":{\"skY\":118.4614,\"y\":4.207357,\"skX\":118.4614,\"x\":13.600846},\"parent\":\"图层_5\",\"name\":\"图层_6\"},{\"length\":6.65,\"transform\":{\"skY\":57.9976,\"y\":1.1772530000000003,\"skX\":57.9976,\"x\":7.866110000000001},\"parent\":\"图层_13\",\"name\":\"图层_12\"},{\"length\":6.510000000000001,\"transform\":{\"skY\":55.7356,\"y\":0.46364500000000003,\"skX\":55.7356,\"x\":7.3317440000000005},\"parent\":\"图层_12\",\"name\":\"图层_11\"},{\"length\":27.650000000000002,\"transform\":{\"skY\":33.9829,\"skX\":33.9829,\"x\":18.759664000000004},\"parent\":\"图层_6\",\"name\":\"图层_16\"},{\"length\":16.66,\"transform\":{\"skY\":55.0013,\"skX\":55.0013,\"x\":27.654942000000002},\"parent\":\"图层_16\",\"name\":\"图层_8\"},{\"length\":5.040000000000001,\"transform\":{\"skY\":63.9396,\"y\":0.8834700000000001,\"skX\":63.9396,\"x\":6.826463},\"parent\":\"图层_11\",\"name\":\"图层_10\"},{\"length\":20.860000000000003,\"transform\":{\"skY\":49.611,\"y\":0.29538600000000004,\"skX\":49.611,\"x\":16.813314000000002},\"parent\":\"图层_8\",\"name\":\"图层_17\"}],\"aabb\":{\"width\":159.39000000000001,\"y\":-69.86203000000002,\"height\":139.37,\"x\":-79.69500000000001},\"slot\":[{\"name\":\"图层_1\",\"parent\":\"root\",\"color\":{}},{\"z\":1,\"name\":\"图层_15\",\"parent\":\"图层_15\",\"color\":{}},{\"z\":2,\"name\":\"图层_12\",\"parent\":\"图层_12\",\"color\":{}},{\"z\":3,\"name\":\"图层_11\",\"parent\":\"图层_11\",\"color\":{}},{\"z\":4,\"name\":\"图层_13\",\"parent\":\"图层_13\",\"color\":{}},{\"z\":5,\"name\":\"图层_10\",\"parent\":\"图层_10\",\"color\":{}},{\"z\":6,\"name\":\"图层_17\",\"parent\":\"图层_17\",\"color\":{}},{\"z\":7,\"name\":\"图层_8\",\"parent\":\"图层_8\",\"color\":{}},{\"z\":8,\"name\":\"图层_16\",\"parent\":\"图层_16\",\"color\":{}},{\"z\":9,\"name\":\"图层_6\",\"parent\":\"图层_6\",\"color\":{}},{\"z\":10,\"name\":\"图层_5\",\"parent\":\"图层_5\",\"color\":{}},{\"z\":11,\"name\":\"图层_2\",\"parent\":\"图层_2\",\"color\":{}},{\"z\":12,\"displayIndex\":-1,\"name\":\"图层_2_拷贝\",\"parent\":\"root\",\"color\":{}},{\"blendMode\":\"add\",\"z\":13,\"parent\":\"组1拷贝2\",\"name\":\"组1拷贝2\",\"color\":{}}],\"animation\":[{\"playTimes\":0,\"frame\":[],\"ffd\":[],\"ik\":[],\"bone\":[{\"frame\":[{\"duration\":26,\"transform\":{}}],\"name\":\"root\"},{\"frame\":[{\"tweenEasing\":0,\"duration\":11,\"transform\":{}},{\"tweenEasing\":0,\"duration\":7,\"transform\":{\"scX\":0.96,\"scY\":0.96}},{\"tweenEasing\":0,\"duration\":8,\"transform\":{\"scX\":1.05,\"scY\":1.05}},{\"duration\":0,\"transform\":{}}],\"name\":\"图层_2\"},{\"frame\":[{\"duration\":26,\"transform\":{}}],\"name\":\"图层_15\"},{\"frame\":[{\"duration\":26,\"transform\":{}}],\"name\":\"图层_5\"},{\"frame\":[{\"duration\":26,\"transform\":{}}],\"name\":\"图层_6\"},{\"frame\":[{\"duration\":26,\"transform\":{}}],\"name\":\"图层_16\"},{\"frame\":[{\"duration\":26,\"transform\":{}}],\"name\":\"图层_8\"},{\"frame\":[{\"duration\":26,\"transform\":{}}],\"name\":\"图层_17\"},{\"frame\":[{\"tweenEasing\":0,\"duration\":10,\"transform\":{}},{\"tweenEasing\":0,\"duration\":16,\"transform\":{\"skY\":4.1115,\"skX\":4.1115}},{\"duration\":0,\"transform\":{\"skY\":0.6288,\"skX\":0.6288}}],\"name\":\"图层_13\"},{\"frame\":[{\"duration\":10,\"transform\":{}},{\"tweenEasing\":0,\"duration\":16,\"transform\":{\"skY\":3.4754,\"skX\":3.4754}},{\"duration\":0,\"transform\":{\"skY\":-1.6942,\"skX\":-1.6942}}],\"name\":\"图层_12\"},{\"frame\":[{\"tweenEasing\":0,\"duration\":10,\"transform\":{}},{\"tweenEasing\":0,\"duration\":16,\"transform\":{\"skY\":5.2229,\"skX\":5.2229}},{\"duration\":0,\"transform\":{\"skY\":-0.1517,\"skX\":-0.1517}}],\"name\":\"图层_11\"},{\"frame\":[{\"tweenEasing\":0,\"duration\":10,\"transform\":{}},{\"tweenEasing\":0,\"duration\":16,\"transform\":{\"skY\":10.7746,\"skX\":10.7746}},{\"duration\":0,\"transform\":{\"skY\":3.7581,\"skX\":3.7581}}],\"name\":\"图层_10\"},{\"frame\":[{\"duration\":26,\"transform\":{}}],\"name\":\"组1拷贝2\"}],\"slot\":[{\"frame\":[{\"tweenEasing\":null,\"duration\":18},{\"tweenEasing\":null,\"duration\":8}],\"name\":\"图层_15\"},{\"frame\":[{\"tweenEasing\":0,\"duration\":13,\"color\":{\"aM\":0}},{\"tweenEasing\":0,\"duration\":7,\"color\":{\"aM\":0}},{\"tweenEasing\":0,\"duration\":6,\"color\":{\"aM\":56}},{\"tweenEasing\":null,\"duration\":0,\"color\":{\"aM\":13}}],\"name\":\"组1拷贝2\"}],\"duration\":26,\"name\":\"newAnimation\"}],\"name\":\"Armature\"}],\"frameRate\":24,\"name\":\"Amazon_snake\",\"version\":\"5.0\",\"isGlobal\":0}"]],0,0,[],[],[]],[[{"name":"yesuxiyi","rect":[3,687,166,132],"offset":[0,0],"originalSize":[166,132],"rotated":1,"capInsets":[0,0,0,0]}],[0],0,[0],[2],[1]],[[{"name":"juzuiniao","rect":[3,342,167,133],"offset":[0,0],"originalSize":[167,133],"rotated":1,"capInsets":[0,0,0,0]}],[0],0,[0],[2],[1]],[[[5,"Amazon_monky_ske","{\"armature\":[{\"skin\":[{\"name\":\"\",\"slot\":[{\"display\":[{\"path\":\"houzi/图层_1\",\"type\":\"image\",\"name\":\"houzi/图层_1\",\"transform\":{}}],\"name\":\"图层_1\"},{\"display\":[{\"path\":\"houzi/图层15\",\"type\":\"image\",\"name\":\"houzi/图层15\",\"transform\":{\"x\":-0.035}}],\"name\":\"图层15\"},{\"display\":[{\"path\":\"houzi/图层_3_拷贝\",\"type\":\"image\",\"name\":\"houzi/图层_3_拷贝\",\"transform\":{\"skY\":-39.9239,\"y\":-56.05357800000001,\"skX\":-39.9239,\"x\":5.923253000000001}}],\"blendMode\":\"add\",\"name\":\"图层_3_拷贝\"},{\"display\":[{\"path\":\"houzi/图层_4\",\"type\":\"image\",\"name\":\"houzi/图层_4\",\"transform\":{\"skY\":180,\"y\":52.188500000000005,\"skX\":180,\"x\":39.56400000000001}}],\"name\":\"图层_4\"},{\"display\":[{\"triangles\":[1,0,3,0,2,3],\"width\":121,\"uvs\":[0,0,1,0,0,1,1,1],\"type\":\"mesh\",\"vertices\":[-60.86500000000001,-52.64000000000001,60.86500000000001,-52.64000000000001,-60.86500000000001,52.64000000000001,60.86500000000001,52.64000000000001],\"transform\":{\"skY\":-78.0125,\"y\":-0.6679190000000002,\"skX\":-78.0125,\"x\":-8.706642},\"path\":\"houzi/图层_5_拷贝\",\"edges\":[0,1,1,3,3,2,2,0],\"height\":105,\"name\":\"houzi/图层_5_拷贝\",\"userEdges\":[]},{\"triangles\":[6,7,1,0,6,1,7,8,1,9,2,3,1,8,3,8,9,3,0,4,5,12,2,10,0,5,6,7,10,8,8,10,9,10,2,9,12,10,6,5,12,6,6,10,7,11,2,12,11,12,5,4,11,5,4,2,11,0,2,4],\"uvs\":[0,0,1,0,0,1,1,1,0.22631,0.54385,0.27775,0.51493,0.32415,0.51908,0.34845,0.54136,0.3613,0.58019,0.3613,0.62311,0.28772,0.63963,0.23416,0.59834,0.2563,0.61652],\"vertices\":[-60.86500000000001,-52.64000000000001,60.86500000000001,-52.64000000000001,-60.86500000000001,52.64000000000001,60.86500000000001,52.64000000000001,-33.316500000000005,4.6165,-27.055000000000003,1.5715000000000001,-21.406000000000002,2.0090000000000003,-18.448500000000003,4.354000000000001,-16.884,8.442,-16.884,12.960500000000001,-25.840500000000002,14.700000000000001,-32.361000000000004,10.353000000000002,-29.666000000000004,12.267500000000002],\"userEdges\":[],\"path\":\"houzi/图层_3\",\"bonePose\":[4,-0.6306293756896472,0.7760841388131094,-0.7760841388131094,-0.6306293756896472,-28.2555,-3.9129999999999976],\"weights\":[1,4,1,1,4,1,1,4,1,1,4,1,1,4,1,1,4,1,1,4,1,1,4,1,1,4,1,1,4,1,1,4,1,1,4,1,1,4,1],\"name\":\"houzi/图层_3\",\"type\":\"mesh\",\"transform\":{\"skY\":-78.0125,\"y\":-0.6679190000000002,\"skX\":-78.0125,\"x\":-8.706642},\"width\":121,\"height\":105,\"edges\":[0,1,1,3,3,2,2,0],\"slotPose\":[1,5.551115123125783e-17,-5.551115123125783e-17,1,-3.8500000000000005,-10.745000000000001]}],\"name\":\"图层_5_拷贝\"}]}],\"type\":\"Armature\",\"frameRate\":24,\"ik\":[],\"defaultActions\":[{\"gotoAndPlay\":\"newAnimation\"}],\"bone\":[{\"name\":\"root\",\"transform\":{}},{\"length\":18.830000000000002,\"transform\":{\"skY\":39.9239,\"y\":33.096000000000004,\"skX\":39.9239,\"x\":-38.416000000000004},\"parent\":\"root\",\"name\":\"图层_3_拷贝\"},{\"length\":45.010000000000005,\"transform\":{\"skY\":14.0373,\"y\":16.254,\"skX\":14.0373,\"x\":-32.80200000000001},\"parent\":\"root\",\"name\":\"图层_5_拷贝\"},{\"length\":39.550000000000004,\"transform\":{\"skY\":180,\"y\":46.0985,\"skX\":180,\"x\":41.66400000000001},\"parent\":\"root\",\"name\":\"图层_4\"},{\"length\":3.5700000000000003,\"transform\":{\"skY\":115.0592,\"y\":-20.667542000000005,\"skX\":115.0592,\"x\":-0.48085100000000003},\"parent\":\"图层_5_拷贝\",\"name\":\"图层_5_拷贝1\"},{\"length\":4.130000000000001,\"transform\":{\"skY\":-51.0841,\"y\":-20.987050000000004,\"skX\":-51.0841,\"x\":-14.704011000000001},\"parent\":\"图层_5_拷贝1\",\"name\":\"图层_5_拷贝2\"}],\"aabb\":{\"width\":159.39000000000001,\"y\":-66.885,\"height\":130.27,\"x\":-79.69500000000001},\"slot\":[{\"name\":\"图层15\",\"parent\":\"root\",\"color\":{}},{\"z\":1,\"name\":\"图层_1\",\"parent\":\"root\",\"color\":{}},{\"z\":2,\"name\":\"图层_4\",\"parent\":\"图层_4\",\"color\":{}},{\"z\":3,\"displayIndex\":1,\"name\":\"图层_5_拷贝\",\"parent\":\"图层_5_拷贝2\",\"color\":{}},{\"displayIndex\":-1,\"blendMode\":\"add\",\"z\":4,\"parent\":\"图层_3_拷贝\",\"name\":\"图层_3_拷贝\",\"color\":{}}],\"animation\":[{\"playTimes\":0,\"frame\":[],\"ffd\":[],\"ik\":[],\"bone\":[{\"frame\":[{\"duration\":50,\"transform\":{}}],\"name\":\"root\"},{\"frame\":[{\"duration\":26,\"transform\":{}},{\"tweenEasing\":0,\"duration\":7,\"transform\":{\"y\":-0.654346,\"x\":-0.6086990000000001}},{\"tweenEasing\":0,\"duration\":4,\"transform\":{\"y\":0.06144600000000001,\"x\":-0.7119910000000002}},{\"tweenEasing\":0,\"duration\":13,\"transform\":{\"y\":-0.04565400000000001,\"x\":-0.24348100000000003}},{\"duration\":0,\"transform\":{\"y\":-0.06087200000000001,\"x\":-0.24348100000000003}}],\"name\":\"图层_3_拷贝\"},{\"frame\":[{\"duration\":6,\"transform\":{}},{\"tweenEasing\":0,\"duration\":20,\"transform\":{\"skY\":0.4132,\"skX\":0.4132}},{\"duration\":24,\"transform\":{\"skY\":-0.2573,\"skX\":-0.2573}},{\"duration\":0,\"transform\":{\"skY\":-0.2573,\"skX\":-0.2573}}],\"name\":\"图层_5_拷贝\"},{\"frame\":[{\"duration\":50,\"transform\":{}}],\"name\":\"图层_4\"},{\"frame\":[{\"duration\":50,\"transform\":{}}],\"name\":\"图层_5_拷贝1\"},{\"frame\":[{\"duration\":50,\"transform\":{}}],\"name\":\"图层_5_拷贝2\"}],\"slot\":[{\"frame\":[{\"displayIndex\":-1,\"tweenEasing\":0,\"duration\":6,\"color\":{\"aM\":0}},{\"displayIndex\":-1,\"tweenEasing\":0,\"duration\":20,\"color\":{\"aM\":2}},{\"displayIndex\":-1,\"tweenEasing\":0,\"duration\":11,\"color\":{\"aM\":0}},{\"displayIndex\":-1,\"tweenEasing\":0,\"duration\":4,\"color\":{\"aM\":0}},{\"tweenEasing\":0,\"duration\":9,\"color\":{\"aM\":79}},{\"tweenEasing\":null,\"duration\":0,\"color\":{\"aM\":0}}],\"name\":\"图层_3_拷贝\"},{\"frame\":[{\"tweenEasing\":null,\"duration\":50}],\"name\":\"图层_4\"},{\"frame\":[{\"displayIndex\":1,\"tweenEasing\":null,\"duration\":26},{\"displayIndex\":1,\"tweenEasing\":null,\"duration\":5},{\"tweenEasing\":null,\"duration\":6},{\"displayIndex\":1,\"tweenEasing\":null,\"duration\":13},{\"tweenEasing\":null,\"duration\":0}],\"name\":\"图层_5_拷贝\"}],\"duration\":50,\"name\":\"newAnimation\"}],\"name\":\"Armature\"}],\"frameRate\":24,\"name\":\"Amazon_monky\",\"version\":\"5.0\",\"isGlobal\":0}"]],0,0,[],[],[]],[[[8,"k",0.5,50,2,[{},"paths",11,[{},"1",11,[{},"props",11,[{"opacity":[{"frame":0.2,"value":254},{"frame":0.48,"value":0}]},"scale",12,[[[{"frame":0},"value",8,[0,1,1]],[{"frame":0.2},"value",8,[0,1.1,1.1]],[{"frame":0.48},"value",8,[0,0.9,0.9]],[{"frame":0.5},"value",8,[0,1,1]]],11,11,11,11]]],"2",11,[{},"props",11,[{"opacity":[{"frame":0,"value":255},{"frame":0.12,"value":100},{"frame":0.48,"value":0},{"frame":0.5,"value":0}]},"scale",12,[[[{"frame":0},"value",8,[0,1,1]],[{"frame":0.2},"value",8,[0,1.1,1.1]],[{"frame":0.48},"value",8,[0,0.9,0.9]],[{"frame":0.5},"value",8,[0,1,1]]],11,11,11,11]]],"ludo_icon_9",11,[{},"props",11,[{"opacity":[{"frame":0,"value":255},{"frame":0.2,"value":0},{"frame":0.34,"value":1},{"frame":0.36,"value":255}]},"scale",12,[[[{"frame":0},"value",8,[0,1,1]],[{"frame":0.2},"value",8,[0,1.1,1.1]],[{"frame":0.34},"value",8,[0,0.9,0.9]],[{"frame":0.36},"value",8,[0,1,1]]],11,11,11,11]]]]]]],0,0,[],[],[]],[[{"name":"sca","rect":[3,164,172,136],"offset":[0,0],"originalSize":[172,136],"rotated":1,"capInsets":[0,0,0,0]}],[0],0,[0],[2],[1]],[[{"name":"sca_01","rect":[145,276,172,136],"offset":[0,0],"originalSize":[172,136],"rotated":1,"capInsets":[0,0,0,0]}],[0],0,[0],[2],[1]],[[[5,"winAnimate_ske","{\"frameRate\":24,\"isGlobal\":0,\"armature\":[{\"bone\":[{\"name\":\"root\",\"transform\":{}},{\"transform\":{},\"name\":\"bone\",\"parent\":\"root\"}],\"aabb\":{\"width\":273,\"y\":-123,\"height\":242,\"x\":-127},\"type\":\"Armature\",\"name\":\"Armature\",\"skin\":[{\"slot\":[{\"display\":[{\"path\":\"zoo_guang/1_00010\",\"type\":\"image\",\"name\":\"zoo_guang/1_00010\",\"transform\":{\"y\":-4,\"x\":5}},{\"path\":\"zoo_guang/1_00008\",\"type\":\"image\",\"name\":\"zoo_guang/1_00008\",\"transform\":{\"y\":0.5,\"x\":10}},{\"path\":\"zoo_guang/1_00006\",\"type\":\"image\",\"name\":\"zoo_guang/1_00006\",\"transform\":{\"y\":8,\"x\":6}},{\"path\":\"zoo_guang/1_00004\",\"type\":\"image\",\"name\":\"zoo_guang/1_00004\",\"transform\":{\"y\":6,\"x\":-2.5}},{\"path\":\"zoo_guang/1_00002\",\"type\":\"image\",\"name\":\"zoo_guang/1_00002\",\"transform\":{\"y\":-4,\"x\":-1}},{\"path\":\"zoo_guang/1_00000\",\"type\":\"image\",\"name\":\"zoo_guang/1_00000\",\"transform\":{\"y\":-3.5,\"x\":8.5}},{\"path\":\"zoo_guang/1_00001\",\"type\":\"image\",\"name\":\"zoo_guang/1_00001\",\"transform\":{\"y\":-4,\"x\":2.5}},{\"path\":\"zoo_guang/1_00003\",\"type\":\"image\",\"name\":\"zoo_guang/1_00003\",\"transform\":{\"y\":1.5,\"x\":-2}},{\"path\":\"zoo_guang/1_00005\",\"type\":\"image\",\"name\":\"zoo_guang/1_00005\",\"transform\":{\"y\":8,\"x\":0.5}},{\"path\":\"zoo_guang/1_00007\",\"type\":\"image\",\"name\":\"zoo_guang/1_00007\",\"transform\":{\"y\":7,\"x\":9}},{\"path\":\"zoo_guang/1_00009\",\"type\":\"image\",\"name\":\"zoo_guang/1_00009\",\"transform\":{\"y\":-2,\"x\":9.5}}],\"blendMode\":\"add\",\"name\":\"bone\"}],\"name\":\"\"}],\"animation\":[{\"playTimes\":0,\"bone\":[{\"frame\":[{\"transform\":{},\"duration\":18}],\"name\":\"root\"},{\"frame\":[{\"transform\":{},\"duration\":18}],\"name\":\"bone\"}],\"slot\":[{\"frame\":[{\"displayIndex\":6,\"tweenEasing\":null,\"duration\":2},{\"displayIndex\":4,\"tweenEasing\":0,\"duration\":2},{\"displayIndex\":7,\"tweenEasing\":0,\"duration\":2},{\"displayIndex\":3,\"tweenEasing\":0,\"duration\":2},{\"displayIndex\":8,\"tweenEasing\":0,\"duration\":2},{\"displayIndex\":2,\"tweenEasing\":0,\"duration\":2},{\"displayIndex\":9,\"tweenEasing\":0,\"duration\":2},{\"displayIndex\":1,\"tweenEasing\":0,\"duration\":2},{\"displayIndex\":10,\"tweenEasing\":0,\"duration\":2},{\"tweenEasing\":0,\"duration\":0}],\"name\":\"bone\"}],\"ffd\":[],\"frame\":[],\"name\":\"newAnimation\",\"duration\":18,\"ik\":[]}],\"ik\":[],\"frameRate\":24,\"defaultActions\":[{\"gotoAndPlay\":\"newAnimation\"}],\"slot\":[{\"blendMode\":\"add\",\"displayIndex\":10,\"parent\":\"bone\",\"name\":\"bone\",\"color\":{}}]}],\"name\":\"winAnimate\",\"version\":\"4.0\"}"]],0,0,[],[],[]],[[{"name":"q","rect":[180,149,121,85],"offset":[0,0],"originalSize":[121,85],"rotated":1,"capInsets":[0,0,0,0]}],[0],0,[0],[2],[1]],[[[5,"Amazon_wild_ske","{\"frameRate\":24,\"isGlobal\":0,\"name\":\"Amazon_wild\",\"version\":\"5.0\",\"armature\":[{\"slot\":[{\"name\":\"图层_1\",\"parent\":\"root\",\"color\":{}},{\"z\":1,\"name\":\"图层16拷贝\",\"parent\":\"root\",\"color\":{}},{\"blendMode\":\"add\",\"z\":2,\"parent\":\"图层_3\",\"name\":\"图层_3\",\"color\":{}},{\"blendMode\":\"add\",\"z\":3,\"parent\":\"图层_2\",\"name\":\"图层_2\",\"color\":{}},{\"z\":4,\"name\":\"a76d102a724b3ac3d4c6f38954eda3d\",\"parent\":\"root\",\"color\":{}},{\"z\":5,\"name\":\"图层23\",\"parent\":\"图层23\",\"color\":{}},{\"displayIndex\":-1,\"blendMode\":\"add\",\"z\":6,\"parent\":\"root\",\"name\":\"图层231\",\"color\":{}},{\"blendMode\":\"add\",\"z\":7,\"parent\":\"图层231\",\"name\":\"图层232\",\"color\":{}},{\"z\":8,\"name\":\"图层10\",\"parent\":\"图层10\",\"color\":{}},{\"blendMode\":\"add\",\"z\":9,\"parent\":\"图层101\",\"name\":\"图层101\",\"color\":{}}],\"animation\":[{\"slot\":[{\"frame\":[{\"tweenEasing\":null,\"duration\":25}],\"name\":\"图层_1\"},{\"frame\":[{\"tweenEasing\":null,\"duration\":18},{\"tweenEasing\":null,\"duration\":7}],\"name\":\"图层16拷贝\"},{\"frame\":[{\"tweenEasing\":0,\"duration\":5,\"color\":{\"aM\":33}},{\"tweenEasing\":0,\"duration\":3,\"color\":{\"aM\":71}},{\"tweenEasing\":0,\"duration\":4},{\"tweenEasing\":0,\"duration\":2},{\"tweenEasing\":0,\"duration\":11,\"color\":{\"aM\":27}},{\"tweenEasing\":null,\"duration\":0,\"color\":{\"aM\":12}}],\"name\":\"图层_3\"},{\"frame\":[{\"tweenEasing\":0,\"displayIndex\":-1,\"duration\":5,\"color\":{\"aM\":17}},{\"tweenEasing\":0,\"displayIndex\":-1,\"duration\":4,\"color\":{\"aM\":46}},{\"tweenEasing\":0,\"displayIndex\":-1,\"duration\":4},{\"tweenEasing\":0,\"displayIndex\":-1,\"duration\":2,\"color\":{\"aM\":94}},{\"tweenEasing\":0,\"displayIndex\":-1,\"duration\":10,\"color\":{\"aM\":42}},{\"tweenEasing\":null,\"displayIndex\":-1,\"duration\":0,\"color\":{\"aM\":12}}],\"name\":\"图层_2\"},{\"frame\":[{\"tweenEasing\":0,\"duration\":25},{\"tweenEasing\":null,\"duration\":0}],\"name\":\"图层23\"},{\"frame\":[{\"tweenEasing\":null,\"duration\":9},{\"tweenEasing\":null,\"duration\":16}],\"name\":\"图层10\"},{\"frame\":[{\"tweenEasing\":0,\"displayIndex\":-1,\"duration\":25},{\"tweenEasing\":null,\"displayIndex\":-1,\"duration\":0,\"color\":{\"aM\":0}}],\"name\":\"图层231\"},{\"frame\":[{\"tweenEasing\":0,\"duration\":4,\"color\":{\"aM\":0}},{\"tweenEasing\":0,\"duration\":2,\"color\":{\"aM\":0}},{\"tweenEasing\":0,\"duration\":1},{\"tweenEasing\":0,\"duration\":5},{\"tweenEasing\":0,\"duration\":2},{\"tweenEasing\":0,\"duration\":4,\"color\":{\"aM\":0}},{\"tweenEasing\":0,\"duration\":4,\"color\":{\"rM\":22,\"gM\":69,\"aM\":0}},{\"tweenEasing\":0,\"duration\":3,\"color\":{\"rM\":22,\"gM\":69,\"aM\":23}},{\"tweenEasing\":null,\"duration\":0,\"color\":{\"rM\":22,\"gM\":69,\"aM\":0}}],\"name\":\"图层101\"},{\"frame\":[{\"tweenEasing\":0,\"duration\":4,\"color\":{\"aM\":0}},{\"tweenEasing\":0,\"duration\":2,\"color\":{\"aM\":19}},{\"tweenEasing\":0,\"duration\":19,\"color\":{\"aM\":40}},{\"tweenEasing\":null,\"duration\":0,\"color\":{\"aM\":0}}],\"name\":\"图层232\"}],\"frame\":[],\"bone\":[{\"frame\":[{\"duration\":25,\"transform\":{}}],\"name\":\"root\"},{\"frame\":[{\"tweenEasing\":0,\"duration\":4,\"transform\":{}},{\"tweenEasing\":0,\"duration\":2,\"transform\":{\"scX\":0.98,\"scY\":0.98}},{\"tweenEasing\":0,\"duration\":8,\"transform\":{\"scX\":1.2,\"scY\":1.2}},{\"tweenEasing\":0,\"duration\":4,\"transform\":{\"scX\":1.2,\"scY\":1.2}},{\"tweenEasing\":0,\"duration\":7,\"transform\":{\"scX\":1.1,\"scY\":1.1}},{\"duration\":0,\"transform\":{}}],\"name\":\"图层10\"},{\"frame\":[{\"duration\":25,\"transform\":{}}],\"name\":\"图层_3\"},{\"frame\":[{\"duration\":25,\"transform\":{}}],\"name\":\"图层_2\"},{\"frame\":[{\"tweenEasing\":0,\"duration\":4,\"transform\":{}},{\"tweenEasing\":0,\"duration\":2,\"transform\":{\"scX\":0.952,\"scY\":0.952}},{\"tweenEasing\":0,\"duration\":8,\"transform\":{\"scX\":1.2,\"scY\":1.2}},{\"tweenEasing\":0,\"duration\":4,\"transform\":{\"scX\":1.2,\"scY\":1.2}},{\"tweenEasing\":0,\"duration\":7,\"transform\":{\"scX\":1.2}},{\"duration\":0,\"transform\":{}}],\"name\":\"图层23\"},{\"frame\":[{\"tweenEasing\":0,\"duration\":4,\"transform\":{}},{\"tweenEasing\":0,\"duration\":2,\"transform\":{\"scX\":0.98,\"scY\":0.98}},{\"tweenEasing\":0,\"duration\":8,\"transform\":{\"scX\":1.2,\"scY\":1.2}},{\"tweenEasing\":0,\"duration\":4,\"transform\":{\"scX\":1.4,\"scY\":1.4}},{\"tweenEasing\":0,\"duration\":7,\"transform\":{\"scX\":1.1,\"scY\":1.1}},{\"duration\":0,\"transform\":{}}],\"name\":\"图层101\"},{\"frame\":[{\"tweenEasing\":0,\"duration\":4,\"transform\":{}},{\"tweenEasing\":0,\"duration\":2,\"transform\":{\"scX\":0.952,\"scY\":0.952}},{\"tweenEasing\":0,\"duration\":8,\"transform\":{\"scX\":1.25,\"scY\":1.25}},{\"tweenEasing\":0,\"duration\":4,\"transform\":{\"scX\":1.2,\"scY\":1.2}},{\"tweenEasing\":0,\"duration\":7,\"transform\":{\"scX\":1.2}},{\"duration\":0,\"transform\":{}}],\"name\":\"图层231\"}],\"ffd\":[],\"duration\":25,\"name\":\"newAnimation\",\"ik\":[],\"playTimes\":0}],\"type\":\"Armature\",\"frameRate\":24,\"bone\":[{\"name\":\"root\",\"transform\":{}},{\"length\":48,\"transform\":{\"skY\":90.4775,\"y\":-32.4,\"skX\":90.4775,\"x\":-1.6},\"parent\":\"root\",\"name\":\"图层10\"},{\"length\":42.800000000000004,\"transform\":{\"skY\":104.5536,\"y\":-22.400000000000002,\"skX\":104.5536,\"x\":57.6},\"parent\":\"root\",\"name\":\"图层_3\"},{\"length\":36.4,\"transform\":{\"skY\":79.9194,\"y\":-21.200000000000003,\"skX\":79.9194,\"x\":-58},\"parent\":\"root\",\"name\":\"图层_2\"},{\"length\":26.400000000000002,\"transform\":{\"skY\":90,\"y\":20.8,\"skX\":90,\"x\":0.8},\"parent\":\"root\",\"name\":\"图层23\"},{\"length\":48,\"transform\":{\"skY\":90.4775,\"y\":-32.4,\"skX\":90.4775,\"x\":-1.6},\"parent\":\"root\",\"name\":\"图层101\"},{\"length\":26.400000000000002,\"transform\":{\"skY\":90,\"y\":20.8,\"skX\":90,\"x\":0.8},\"parent\":\"root\",\"name\":\"图层231\"}],\"aabb\":{\"width\":170.4,\"y\":-64.8,\"height\":177.20000000000002,\"x\":-85.2},\"skin\":[{\"name\":\"\",\"slot\":[{\"display\":[{\"path\":\"wild/图层23\",\"type\":\"image\",\"name\":\"wild/图层23\",\"transform\":{\"skY\":-90,\"y\":1,\"skX\":-90,\"x\":11.4}}],\"name\":\"图层23\"},{\"display\":[{\"path\":\"wild/图层10\",\"type\":\"image\",\"name\":\"wild/图层10\",\"transform\":{\"skY\":-90.4775,\"y\":-8.51844,\"skX\":-90.4775,\"x\":32.527440000000006}}],\"blendMode\":\"add\",\"name\":\"图层101\"},{\"display\":[{\"userEdges\":[],\"width\":151,\"type\":\"mesh\",\"vertices\":[-75.60000000000001,-88.2,75.60000000000001,-88.2,-75.60000000000001,29.62,69.76,35.160000000000004],\"transform\":{\"y\":24.200000000000003,\"x\":-0.4343600000000001},\"height\":176,\"path\":\"wild/图层16拷贝\",\"uvs\":[0,0,1,0,0,0.66791,0.96138,0.69932],\"edges\":[0,1,1,3,3,2,2,0],\"name\":\"wild/图层16拷贝\",\"triangles\":[0,2,3,0,3,1]}],\"name\":\"图层16拷贝\"},{\"display\":[{\"path\":\"wild/图层10\",\"type\":\"image\",\"name\":\"wild/图层10\",\"transform\":{\"skY\":-90.4775,\"y\":-8.51844,\"skX\":-90.4775,\"x\":32.527440000000006}}],\"name\":\"图层10\"},{\"display\":[{\"path\":\"wild/图层_3\",\"type\":\"image\",\"name\":\"wild/图层_3\",\"transform\":{\"skY\":-104.5536,\"y\":10.82572,\"skX\":-104.5536,\"x\":25.953120000000002}}],\"blendMode\":\"add\",\"name\":\"图层_3\"},{\"display\":[{\"path\":\"wild/图层23\",\"type\":\"image\",\"name\":\"wild/图层23\",\"transform\":{\"y\":32.2,\"x\":-0.2}}],\"blendMode\":\"add\",\"name\":\"图层231\"},{\"display\":[{\"path\":\"wild/图层_1\",\"type\":\"image\",\"name\":\"wild/图层_1\",\"transform\":{}}],\"name\":\"图层_1\"},{\"display\":[{\"path\":\"wild/a76d102a724b3ac3d4c6f38954eda3d\",\"type\":\"image\",\"name\":\"wild/a76d102a724b3ac3d4c6f38954eda3d\",\"transform\":{}}],\"name\":\"a76d102a724b3ac3d4c6f38954eda3d\"},{\"display\":[{\"path\":\"wild/图层23\",\"type\":\"image\",\"name\":\"wild/图层23\",\"transform\":{\"skY\":-90,\"y\":1,\"skX\":-90,\"x\":11.4}}],\"blendMode\":\"add\",\"name\":\"图层232\"},{\"display\":[{\"path\":\"wild/图层_2\",\"type\":\"image\",\"name\":\"wild/图层_2\",\"transform\":{\"skY\":-79.9194,\"y\":-8.65976,\"skX\":-79.9194,\"x\":23.275040000000004}}],\"blendMode\":\"add\",\"name\":\"图层_2\"}]}],\"defaultActions\":[{\"gotoAndPlay\":\"newAnimation\"}],\"name\":\"Armature\",\"ik\":[]}]}"]],0,0,[],[],[]],[[[5,"Amazon_xiyi_ske","{\"armature\":[{\"skin\":[{\"name\":\"\",\"slot\":[{\"display\":[{\"path\":\"slots_1/图层_13\",\"type\":\"image\",\"name\":\"slots_1/图层_13\",\"transform\":{\"skY\":-138.9878,\"y\":-1.1893350000000003,\"skX\":-138.9878,\"x\":1.651223}}],\"name\":\"图层_13\"},{\"display\":[{\"path\":\"slots_1/图层_6\",\"type\":\"image\",\"name\":\"slots_1/图层_6\",\"transform\":{\"skY\":-92.0084,\"y\":-3.1591420000000006,\"skX\":-92.0084,\"x\":7.296268}}],\"name\":\"图层_6\"},{\"display\":[{\"path\":\"slots_1/图层_10\",\"type\":\"image\",\"name\":\"slots_1/图层_10\",\"transform\":{\"skY\":56.5272,\"y\":0.10639300000000002,\"skX\":56.5272,\"x\":5.785164000000001}}],\"name\":\"图层_10\"},{\"display\":[{\"path\":\"slots_1/图层_4_拷贝_2\",\"type\":\"image\",\"name\":\"slots_1/图层_4_拷贝_2\",\"transform\":{\"skY\":-17.5264,\"y\":10.954076,\"skX\":-17.5264,\"x\":55.619193}}],\"blendMode\":\"add\",\"name\":\"图层_4_拷贝_2\"},{\"display\":[{\"path\":\"slots_1/图层_12\",\"type\":\"image\",\"name\":\"slots_1/图层_12\",\"transform\":{\"skY\":-85.3666,\"y\":-0.277081,\"skX\":-85.3666,\"x\":1.9537700000000002}}],\"name\":\"图层_12\"},{\"display\":[{\"path\":\"slots_1/图层_9\",\"type\":\"image\",\"name\":\"slots_1/图层_9\",\"transform\":{\"skY\":123.4032,\"y\":0.11277000000000001,\"skX\":123.4032,\"x\":9.274993}}],\"name\":\"图层_9\"},{\"display\":[{\"path\":\"slots_1/图层_14\",\"type\":\"image\",\"name\":\"slots_1/图层_14\",\"transform\":{\"skY\":133.9955,\"y\":0.7028840000000001,\"skX\":133.9955,\"x\":3.6757000000000004}}],\"name\":\"图层_14\"},{\"display\":[{\"path\":\"slots_1/图层_7\",\"type\":\"image\",\"name\":\"slots_1/图层_7\",\"transform\":{\"skY\":-136.2129,\"y\":-2.6109370000000003,\"skX\":-136.2129,\"x\":7.569037000000001}}],\"name\":\"图层_7\"},{\"display\":[{\"path\":\"slots_1/图层_3_拷贝\",\"type\":\"image\",\"name\":\"slots_1/图层_3_拷贝\",\"transform\":{\"skY\":-8.3959,\"y\":10.544044000000001,\"skX\":-8.3959,\"x\":36.811586000000005}}],\"name\":\"图层_3_拷贝\"},{\"display\":[{\"path\":\"slots_1/图层_5\",\"type\":\"image\",\"name\":\"slots_1/图层_5\",\"transform\":{\"skY\":-51.6962,\"y\":-1.939532,\"skX\":-51.6962,\"x\":19.024495}}],\"name\":\"图层_5\"},{\"display\":[{\"path\":\"slots_1/图层_11\",\"type\":\"image\",\"name\":\"slots_1/图层_11\",\"transform\":{\"skY\":-20.9714,\"y\":-0.8702400000000001,\"skX\":-20.9714,\"x\":6.0647720000000005}}],\"name\":\"图层_11\"},{\"display\":[{\"path\":\"slots_1/图层_8\",\"type\":\"image\",\"name\":\"slots_1/图层_8\",\"transform\":{\"skY\":178.049,\"y\":1.073002,\"skX\":178.049,\"x\":3.146353}}],\"name\":\"图层_8\"},{\"display\":[{\"path\":\"slots_1/图层_6_拷贝\",\"type\":\"image\",\"name\":\"slots_1/图层_6_拷贝\",\"transform\":{}}],\"name\":\"图层_6_拷贝\"},{\"display\":[{\"path\":\"slots_1/图层_2\",\"type\":\"image\",\"name\":\"slots_1/图层_2\",\"transform\":{\"skY\":-160.4939,\"y\":15.617035000000003,\"skX\":-160.4939,\"x\":14.128758000000003}}],\"name\":\"图层_2\"}]}],\"type\":\"Armature\",\"frameRate\":24,\"ik\":[],\"defaultActions\":[{\"gotoAndPlay\":\"newAnimation\"}],\"bone\":[{\"name\":\"root\",\"transform\":{}},{\"length\":38.36000000000001,\"transform\":{\"skY\":160.4939,\"y\":-25.207000000000004,\"skX\":160.4939,\"x\":-35.542500000000004},\"parent\":\"root\",\"name\":\"图层_2\"},{\"length\":69.30000000000001,\"transform\":{\"skY\":8.3959,\"y\":-24.381000000000004,\"skX\":8.3959,\"x\":-33.477500000000006},\"parent\":\"root\",\"name\":\"图层_3_拷贝\"},{\"length\":112.63000000000001,\"transform\":{\"skY\":17.5264,\"y\":-27.195000000000004,\"skX\":17.5264,\"x\":-49.8085},\"parent\":\"root\",\"name\":\"图层_4_拷贝_2\"},{\"length\":36.330000000000005,\"transform\":{\"skY\":43.3002,\"y\":-0.20428800000000003,\"skX\":43.3002,\"x\":69.31655500000001},\"parent\":\"图层_3_拷贝\",\"name\":\"图层_5\"},{\"length\":23.520000000000003,\"transform\":{\"skY\":40.3122,\"skX\":40.3122,\"x\":36.336482},\"parent\":\"图层_5\",\"name\":\"图层_6\"},{\"length\":27.44,\"transform\":{\"skY\":44.2046,\"skX\":44.2046,\"x\":23.569476},\"parent\":\"图层_6\",\"name\":\"图层_7\"},{\"length\":18.130000000000003,\"transform\":{\"skY\":45.7381,\"skX\":45.7381,\"x\":27.474783000000002},\"parent\":\"图层_7\",\"name\":\"图层_8\"},{\"length\":23.240000000000002,\"transform\":{\"skY\":54.6458,\"skX\":54.6458,\"x\":18.196549},\"parent\":\"图层_8\",\"name\":\"图层_9\"},{\"length\":15.330000000000002,\"transform\":{\"skY\":66.876,\"y\":0.054978000000000006,\"skX\":66.876,\"x\":23.727039},\"parent\":\"图层_9\",\"name\":\"图层_10\"},{\"length\":13.23,\"transform\":{\"skY\":77.4986,\"skX\":77.4986,\"x\":15.356985000000002},\"parent\":\"图层_10\",\"name\":\"图层_11\"},{\"length\":7.630000000000001,\"transform\":{\"skY\":64.3953,\"skX\":64.3953,\"x\":13.280190000000003},\"parent\":\"图层_11\",\"name\":\"图层_12\"},{\"length\":6.23,\"transform\":{\"skY\":53.6211,\"skX\":53.6211,\"x\":7.669060000000001},\"parent\":\"图层_12\",\"name\":\"图层_13\"},{\"length\":8.260000000000002,\"transform\":{\"skY\":87.0167,\"skX\":87.0167,\"x\":6.298957000000001},\"parent\":\"图层_13\",\"name\":\"图层_14\"}],\"aabb\":{\"width\":159.39000000000001,\"y\":-63.385000000000005,\"height\":126.77000000000001,\"x\":-79.69500000000001},\"slot\":[{\"name\":\"图层_6_拷贝\",\"parent\":\"root\",\"color\":{}},{\"z\":1,\"name\":\"图层_14\",\"parent\":\"图层_14\",\"color\":{}},{\"z\":2,\"name\":\"图层_13\",\"parent\":\"图层_13\",\"color\":{}},{\"z\":3,\"name\":\"图层_12\",\"parent\":\"图层_12\",\"color\":{}},{\"z\":4,\"name\":\"图层_11\",\"parent\":\"图层_11\",\"color\":{}},{\"z\":5,\"name\":\"图层_10\",\"parent\":\"图层_10\",\"color\":{}},{\"z\":6,\"name\":\"图层_9\",\"parent\":\"图层_9\",\"color\":{}},{\"z\":7,\"name\":\"图层_8\",\"parent\":\"图层_8\",\"color\":{}},{\"z\":8,\"name\":\"图层_7\",\"parent\":\"图层_7\",\"color\":{}},{\"z\":9,\"name\":\"图层_6\",\"parent\":\"图层_6\",\"color\":{}},{\"z\":10,\"name\":\"图层_5\",\"parent\":\"图层_5\",\"color\":{}},{\"z\":11,\"name\":\"图层_3_拷贝\",\"parent\":\"图层_3_拷贝\",\"color\":{}},{\"z\":12,\"name\":\"图层_2\",\"parent\":\"图层_2\",\"color\":{}},{\"blendMode\":\"add\",\"z\":13,\"parent\":\"图层_4_拷贝_2\",\"name\":\"图层_4_拷贝_2\",\"color\":{}}],\"animation\":[{\"playTimes\":0,\"frame\":[],\"ffd\":[],\"ik\":[],\"bone\":[{\"frame\":[{\"duration\":52,\"transform\":{}}],\"name\":\"root\"},{\"frame\":[{\"tweenEasing\":0,\"duration\":14,\"transform\":{}},{\"tweenEasing\":0,\"duration\":11,\"transform\":{\"skY\":-2.1206,\"skX\":-2.1206}},{\"tweenEasing\":0,\"duration\":13,\"transform\":{\"skY\":-3.7466,\"skX\":-3.7466}},{\"tweenEasing\":0,\"duration\":8,\"transform\":{\"skY\":-2.4311,\"skX\":-2.4311}},{\"duration\":6,\"transform\":{\"skY\":-0.9978,\"skX\":-0.9978}}],\"name\":\"图层_2\"},{\"frame\":[{\"duration\":25,\"transform\":{}},{\"tweenEasing\":0,\"duration\":13,\"transform\":{\"skY\":0.0455,\"skX\":0.0455}},{\"duration\":14,\"transform\":{\"skY\":-0.0802,\"skX\":-0.0802}}],\"name\":\"图层_3_拷贝\"},{\"frame\":[{\"duration\":14,\"transform\":{}},{\"tweenEasing\":0,\"duration\":11,\"transform\":{\"skY\":0.5046,\"skX\":0.5046}},{\"tweenEasing\":0,\"duration\":13,\"transform\":{\"skY\":0.521,\"skX\":0.521}},{\"tweenEasing\":0,\"duration\":8,\"transform\":{\"skY\":1.6911,\"skX\":1.6911}},{\"duration\":6,\"transform\":{\"skY\":-0.1784,\"skX\":-0.1784}}],\"name\":\"图层_5\"},{\"frame\":[{\"duration\":14,\"transform\":{}},{\"tweenEasing\":0,\"duration\":11,\"transform\":{\"skY\":0.9645,\"skX\":0.9645}},{\"tweenEasing\":0,\"duration\":13,\"transform\":{\"skY\":2.7371,\"skX\":2.7371}},{\"tweenEasing\":0,\"duration\":8,\"transform\":{\"skY\":1.0724,\"skX\":1.0724}},{\"duration\":6,\"transform\":{\"skY\":-0.8692,\"skX\":-0.8692}}],\"name\":\"图层_6\"},{\"frame\":[{\"duration\":14,\"transform\":{}},{\"tweenEasing\":0,\"duration\":11,\"transform\":{\"skY\":2.3391,\"skX\":2.3391}},{\"tweenEasing\":0,\"duration\":13,\"transform\":{\"skY\":4.7875,\"skX\":4.7875}},{\"tweenEasing\":0,\"duration\":8,\"transform\":{\"skY\":2.6724,\"skX\":2.6724}},{\"duration\":6,\"transform\":{\"skY\":2.394,\"skX\":2.394}}],\"name\":\"图层_7\"},{\"frame\":[{\"duration\":14,\"transform\":{}},{\"tweenEasing\":0,\"duration\":11,\"transform\":{\"skY\":1.1471,\"skX\":1.1471}},{\"tweenEasing\":0,\"duration\":13,\"transform\":{\"skY\":7.4375,\"skX\":7.4375}},{\"tweenEasing\":0,\"duration\":8,\"transform\":{\"skY\":3.5485,\"skX\":3.5485}},{\"tweenEasing\":0,\"duration\":6,\"transform\":{\"skY\":-1.1648,\"skX\":-1.1648}},{\"duration\":0,\"transform\":{\"skY\":-5.6501,\"skX\":-5.6501}}],\"name\":\"图层_8\"},{\"frame\":[{\"duration\":14,\"transform\":{}},{\"tweenEasing\":0,\"duration\":11,\"transform\":{\"skY\":1.0557,\"skX\":1.0557}},{\"tweenEasing\":0,\"duration\":13,\"transform\":{\"skY\":3.9846,\"skX\":3.9846}},{\"tweenEasing\":0,\"duration\":8,\"transform\":{\"skY\":7.2977,\"skX\":7.2977}},{\"tweenEasing\":0,\"duration\":6,\"transform\":{\"skY\":-0.5092,\"skX\":-0.5092}},{\"duration\":0,\"transform\":{\"skY\":3.4661,\"skX\":3.4661}}],\"name\":\"图层_9\"},{\"frame\":[{\"duration\":14,\"transform\":{}},{\"tweenEasing\":0,\"duration\":11,\"transform\":{\"skY\":-2.3434,\"skX\":-2.3434}},{\"tweenEasing\":0,\"duration\":13,\"transform\":{\"skY\":3.7951,\"skX\":3.7951}},{\"tweenEasing\":0,\"duration\":8,\"transform\":{\"skY\":3.2117,\"skX\":3.2117}},{\"duration\":6,\"transform\":{\"skY\":-1.2963,\"skX\":-1.2963}}],\"name\":\"图层_10\"},{\"frame\":[{\"duration\":14,\"transform\":{}},{\"tweenEasing\":0,\"duration\":11,\"transform\":{\"skY\":-2.5261,\"skX\":-2.5261}},{\"tweenEasing\":0,\"duration\":13,\"transform\":{\"skY\":3.6513,\"skX\":3.6513}},{\"tweenEasing\":0,\"duration\":8,\"transform\":{\"skY\":1.0892,\"skX\":1.0892}},{\"duration\":6,\"transform\":{\"skY\":-2.0084,\"skX\":-2.0084}}],\"name\":\"图层_11\"},{\"frame\":[{\"duration\":14,\"transform\":{}},{\"tweenEasing\":0,\"duration\":11,\"transform\":{\"skY\":-2.0398,\"skX\":-2.0398}},{\"tweenEasing\":0,\"duration\":13,\"transform\":{\"skY\":3.3983,\"skX\":3.3983}},{\"tweenEasing\":0,\"duration\":8,\"transform\":{\"skY\":1.2757,\"skX\":1.2757}},{\"duration\":6,\"transform\":{\"skY\":-3.7455,\"skX\":-3.7455}}],\"name\":\"图层_12\"},{\"frame\":[{\"duration\":14,\"transform\":{}},{\"tweenEasing\":0,\"duration\":11,\"transform\":{\"skY\":-3.027,\"skX\":-3.027}},{\"tweenEasing\":0,\"duration\":13,\"transform\":{\"skY\":2.9403,\"skX\":2.9403}},{\"tweenEasing\":0,\"duration\":8,\"transform\":{\"skY\":1.0172,\"skX\":1.0172}},{\"tweenEasing\":0,\"duration\":6,\"transform\":{\"skY\":-3.9866,\"skX\":-3.9866}},{\"duration\":0,\"transform\":{\"skY\":6.2379,\"skX\":6.2379}}],\"name\":\"图层_13\"},{\"frame\":[{\"duration\":25,\"transform\":{}},{\"tweenEasing\":0,\"duration\":13,\"transform\":{\"skY\":3.2542,\"skX\":3.2542}},{\"tweenEasing\":0,\"duration\":8,\"transform\":{\"skY\":-0.6125,\"skX\":-0.6125}},{\"duration\":6,\"transform\":{\"skY\":-4.0071,\"skX\":-4.0071}}],\"name\":\"图层_14\"},{\"frame\":[{\"duration\":52,\"transform\":{}}],\"name\":\"图层_4_拷贝_2\"}],\"slot\":[{\"frame\":[{\"tweenEasing\":0,\"duration\":14,\"color\":{\"aM\":0}},{\"tweenEasing\":0,\"duration\":11,\"color\":{\"aM\":0}},{\"tweenEasing\":0,\"duration\":13,\"color\":{\"aM\":0}},{\"tweenEasing\":0,\"duration\":8,\"color\":{\"aM\":0}},{\"tweenEasing\":0,\"duration\":6,\"color\":{\"aM\":44}},{\"tweenEasing\":null,\"duration\":0,\"color\":{\"aM\":12}}],\"name\":\"图层_4_拷贝_2\"}],\"duration\":52,\"name\":\"newAnimation\"}],\"name\":\"Armature\"}],\"frameRate\":24,\"name\":\"Amazon_xiyi\",\"version\":\"5.0\",\"isGlobal\":0}"]],0,0,[],[],[]]]]