[1,["3b65/pbw5DHKbvc6I2O/tV"],["_texture"],[["dragonBones.DragonBonesAtlasAsset",["_name","_atlasJson"],1]],[[0,0,1,3]],[[0,"newAnimation_tex","{\"width\":512,\"imagePath\":\"newAnimation_tex.png\",\"name\":\"newAnimation\",\"SubTexture\":[{\"width\":275,\"y\":1,\"height\":190,\"name\":\"Crazyvolley/bgbg\",\"x\":1},{\"width\":166,\"y\":1,\"height\":127,\"name\":\"Crazyvolley/huojian\",\"x\":278},{\"width\":49,\"y\":130,\"height\":44,\"name\":\"Crazyvolley/guang3\",\"x\":441},{\"width\":101,\"y\":130,\"height\":91,\"name\":\"Crazyvolley/guang2\",\"x\":278},{\"width\":58,\"y\":130,\"height\":53,\"name\":\"Crazyvolley/guang1\",\"x\":381},{\"width\":49,\"y\":176,\"height\":40,\"name\":\"Crazyvolley/jb2\",\"x\":441},{\"width\":31,\"y\":218,\"height\":31,\"name\":\"Crazyvolley/jb3\",\"x\":432},{\"width\":24,\"y\":218,\"height\":31,\"name\":\"Crazyvolley/jb1\",\"x\":465},{\"width\":34,\"y\":1,\"height\":48,\"name\":\"Crazyvolley/huaguang\",\"x\":446},{\"width\":126,\"y\":193,\"height\":29,\"name\":\"Crazyvolley/ooo\",\"x\":136},{\"width\":133,\"y\":193,\"height\":44,\"name\":\"Crazyvolley/crash\",\"x\":1},{\"width\":49,\"y\":185,\"height\":40,\"name\":\"Crazyvolley/saogg\",\"x\":381}],\"height\":256}"]],0,0,[0],[0],[0]]