[1,["ecpdLyjvZBwrvm+cedCcQy","b172D5NRdCw5CxdmrdPi0r","1b4b35ff2"],["node","root","data","_spriteFrame","_textureSetter"],[["cc.Node",["_name","_prefab","_color","_parent","_components","_contentSize","_trs","_children","_anchorPoint"],2,4,5,1,9,5,7,2,5],["cc.PrefabInfo",["fileId","root","asset"],2,1,1],"cc.SpriteFrame",["cc.Prefab",["_name"],2],["cc.Label",["_string","_fontSize","_N$horizontalAlign","_N$verticalAlign","_N$cacheMode","node","_materials"],-2,1,3],["cc.Widget",["_alignFlags","_top","node"],1,1],["cc.Sprite",["node","_materials","_spriteFrame"],3,1,3,6]],[[1,0,1,2,2],[3,0,2],[0,0,7,1,2,8,2],[0,0,3,4,1,2,5,6,2],[0,0,3,4,1,5,6,2],[1,1,2,1],[4,0,1,2,3,4,5,6,6],[5,0,1,2,3],[6,0,1,2,1]],[[[[1,"wheelCell"],[2,"wheelCell",[-2,-3],[5,-1,0],[4,4278190080],[0,0.5,0]],[3,"number",1,[[6,"x1.1",31.3,1,1,1,-4,[2]],[7,1,-175.833,-5]],[0,"dcbkhIfFRJCrb2zJGKp/hC",1,0],[4,4290348326],[5,59.16,50.4],[4.255,150.633,0,0,0,0,1,1,1,1]],[4,"icon",1,[[8,-6,[0],1]],[0,"57NYtd3j1Po654r4yGZWKv",1,0],[5,82,68],[1.162,207.131,0,0,0,0,1,1,1,1]]],0,[0,1,1,0,-1,3,0,-2,2,0,0,2,0,0,2,0,0,3,0,2,1,6],[0,0,0],[-1,3,-1],[0,1,0]],[[{"name":"07","rect":[83,910,82,68],"offset":[0,0],"originalSize":[82,68],"rotated":1,"capInsets":[0,0,0,0]}],[2],0,[0],[4],[2]]]]