[1,["ecpdLyjvZBwrvm+cedCcQy","35juUQit1Oo4UBR32CP2ec","b172D5NRdCw5CxdmrdPi0r","1b4b35ff2","7euEBfVOBI1InRxebiKil3","aaF3lq/ENMg50KOm4532pA","796fRGDIdAL71lDStpSqiR","c6Nr5UC9BI96whbwyf7bRE","d4ZJhXYupFr7YgygOSJ2Oy","0e7ymPsNJNYJ9Ppj4ZztDl","8cvC10gBNEMom/ZnM7uIpB","780iXlADdGNrUn2lDzRmNh","1549092d6","f0BIwQ8D5Ml7nTNQbh1YlS","94Xko2d09KVJIEXgeTpsoc","f1y5mpiM5PzrSkJ+/fXPud","73PPqssfFOOY4fFaiRCI1Z","54YMzN339AgZVnZPg+KpSD","39C2x2k7VFdK17OTzc70HS","7b6b7OReJMprETOdfBPxD1","1eBxjmAkZPfZO/qMCl4Xr0","77JyrbVUhHMqPJ7vEdw4pX","aah1mHs29CjJD22p+9sApA","f7lzUkgeJG647xGMMOUIub","39ETG5BKtD2pVRNpOhZ5Pd","95pn1d1e5GoprHkX37VXqH","3bM/hjGuZMUrA50IHNiP6s","a2MjXRFdtLlYQ5ouAFv/+R","7a/QZLET9IDreTiBfRn2PD","65SI7fk4pNgKNIiQWM9Hev","12XeXQKQpAFobdGF9eRRCP","7c8zQDcGNJHKkvipBHHDVc","8fmqW+TJ1O+5fEfBr2ZuqO","20vK1pfXJGL7rMdQ4ruP2s","16b381433"],["node","_spriteFrame","_textureSetter","_defaultClip","_N$file","_parent","root","wheelBgLightAni","winNode","cardLayout","timeNode","apertureNode","apertureAniNode","spinBtnNode","lightNode","wheelNode","data","_normalMaterial","_N$skeletonData","wheelCell"],[["cc.Node",["_name","_active","_opacity","_prefab","_parent","_components","_contentSize","_trs","_children","_color","_eulerAngles"],0,4,1,9,5,7,2,5,5],"cc.SpriteFrame",["cc.Label",["_string","_N$horizontalAlign","_N$verticalAlign","_fontSize","_N$cacheMode","_N$overflow","_lineHeight","_isSystemFontUsed","node","_materials","_N$file"],-5,1,3,6],["cc.Sprite",["_type","_sizeMode","_isTrimmedMode","_enabled","node","_materials","_spriteFrame"],-1,1,3,6],["cc.Button",["_N$transition","node","clickEvents","_N$disabledColor","_normalMaterial"],2,1,9,5,6],["cc.Widget",["_alignFlags","_originalWidth","_originalHeight","node","_target"],0,1,1],["cc.PrefabInfo",["fileId","root","asset"],2,1,1],["cc.Layout",["_N$layoutType","_N$spacingX","_enabled","_N$paddingLeft","node","_layoutSize"],-1,1,5],["cc.Animation",["playOnLoad","node","_clips","_defaultClip"],2,1,3,6],["cc.LabelOutline",["_width","node","_color"],2,1,5],["cc.Prefab",["_name"],2],["cc.Node",["_name","_parent","_children","_components","_prefab","_contentSize","_trs"],2,1,2,12,4,5,7],["37474Lq74VEw4vC5SIx4rl+",["isNewWheel","node","wheelNode","lightNode","spinBtnNode","apertureAniNode","apertureNode","timeNode","cardLayout","winNode","wheelBgLightAni","wheelCellSpriteFrames","wheelCell"],2,1,1,1,1,1,1,1,1,1,1,3,6],["cc.ClickEvent",["_componentId","handler","target"],1,1],["cc.BlockInputEvents",["node"],3,1],["cc.LabelShadow",["node","_color","_offset"],3,1,5,5],["sp.Skeleton",["defaultSkin","defaultAnimation","_preCacheMode","_animationName","node","_materials","_N$skeletonData"],-1,1,3,6]],[[6,0,1,2,2],[0,0,4,5,3,6,7,2],[3,2,4,5,6,2],[3,4,5,6,1],[0,0,4,8,5,3,6,7,2],[9,0,1,2,2],[0,0,1,4,5,3,6,3],[0,0,8,5,3,6,7,2],[0,0,4,5,3,9,6,7,2],[0,0,4,5,3,6,7,10,2],[13,0,1,2,3],[14,0,1],[2,0,3,1,2,8,9,5],[2,0,3,1,2,4,8,9,6],[2,0,3,6,7,1,2,8,9,10,7],[0,0,4,5,3,6,2],[4,1,2,1],[8,1,2,3,1],[15,0,1,2,1],[0,0,2,4,5,3,9,6,3],[4,1,1],[2,0,3,1,2,5,8,9,6],[2,0,1,2,8,9,4],[10,0,2],[0,0,1,4,8,3,3],[0,0,4,8,3,7,2],[0,0,1,4,5,3,6,7,3],[11,0,1,2,3,4,5,6,2],[12,0,1,2,3,4,5,6,7,8,9,10,11,12,2],[5,0,3,2],[5,0,1,2,3,4,4],[5,0,1,2,3,4],[6,1,2,1],[3,0,1,4,5,6,3],[3,3,0,1,4,5,6,4],[7,2,0,1,4,5,4],[7,0,3,1,4,5,4],[4,1,3,4,1],[4,0,1,2,2],[8,0,1,2,2],[2,0,3,1,2,5,4,8,9,7],[2,0,1,2,4,8,9,5],[9,1,2,1],[16,0,1,2,3,4,5,6,5]],[[[{"name":"03","rect":[3,3,520,520],"offset":[0,0],"originalSize":[522,522],"capInsets":[0,0,0,0]}],[1],0,[0],[2],[12]],[[[23,"WheelGiftPopup1"],[7,"WheelGiftPopup1",[-13,-14,-15,-16,-17,-18,-19,-20,-21,-22,-23,-24],[[28,1,-11,-10,-9,-8,-7,-6,-5,-4,-3,-2,[96,97],95],[29,45,-12]],[32,-1,0],[5,1520,720],[760,360,0,0,0,0,1,1,1,1]],[7,"cardCell",[-26,-27,-28,-29,-30,-31],[[2,false,-25,[48],49]],[0,"09BH0MD8JCTL0LbFfA6y9v",1,0],[5,227,297],[-243.65,0.504,0,0,0,0,1,1,1,1]],[7,"cardCell",[-33,-34,-35,-36,-37,-38],[[2,false,-32,[60],61]],[0,"464A1fvMhFS70fklNXWjOd",1,0],[5,227,297],[-0.5500000000000043,0.504,0,0,0,0,1,1,1,1]],[7,"cardCell",[-40,-41,-42,-43,-44,-45],[[2,false,-39,[72],73]],[0,"e6AG+1HS9Bn6wMUyBh7HUP",1,0],[5,227,297],[242.54999999999998,0.504,0,0,0,0,1,1,1,1]],[4,"timeNode",1,[-47,-48,-49,-50,-51],[[35,false,1,24.5,-46,[5,217.8,34]]],[0,"e8uVair4pG16U9MsXHxmAY",1,0],[5,217.8,34],[-13.9,199,0,0,0,0,1,1,1,1]],[4,"spinBtn",1,[-54,-55,-56],[[16,-52,[[10,"37474Lq74VEw4vC5SIx4rl+","runSpin",1]]],[2,false,-53,[35],36]],[0,"34TNnFGJ1JH4x+mQJF/ykl",1,0],[5,156,213],[-371.528,29.936,0,0,0,0,1,1,1,1]],[27,"wheelBg",1,[-59,-60,-61],[[[3,-57,[10],11],-58],4,1],[0,"72dxYlOehMsol00hyn+ey4",1,0],[5,594,594],[-371.338,0,0,0,0,0,1,1,1,1]],[4,"cardLayout",1,[2,3,4],[[36,1,4.5,16.1,-62,[5,723.3,304.5]]],[0,"f8ZpkRL29KrbA8XgaE0zxH",1,0],[5,723.3,304.5],[286.3,13.1,0,0,0,0,1,1,1,1]],[24,"winNode",false,1,[-63,-64,-65,-66],[0,"ddU6HsrshAwpTX1aANjJ55",1,0]],[4,"wheelNode",1,[-68],[[2,false,-67,[15],16]],[0,"b8lvLeYJNN7aM4ARcfr2Ci",1,0],[5,520,520],[-372.601,0,0,0,0,0,1,1,1,1]],[25,"apertureAni",1,[-69,-70],[0,"32vNv29WpC54b8dws/4FNw",1,0],[-371.054,0.707,0,0,0,0,1,1,1,1]],[26,"light",false,1,[[2,false,-71,[25],26],[17,-72,[28,29],27]],[0,"21Wm7vlfFDZaFScJn8iQfm",1,0],[5,241,301],[-372.637,126.407,0,0,0,0,1,1,1,1]],[4,"getBtn",2,[-75],[[37,-73,[4,4289506476],43],[2,false,-74,[44],45]],[0,"b5sjmFbJ1IApr5DWc77gyk",1,0],[5,196,61],[0.283,-100.951,0,0,0,0,1,1,1,0]],[4,"getBtn",3,[-78],[[20,-76],[2,false,-77,[56],57]],[0,"93SHwzKBpFIpQUVMZT1uMW",1,0],[5,196,61],[0.283,-100.951,0,0,0,0,1,1,1,1]],[4,"getBtn",4,[-81],[[20,-79],[2,false,-80,[68],69]],[0,"26Ds6zxC5BwoRjSzbutDlD",1,0],[5,196,61],[0.283,-100.951,0,0,0,0,1,1,1,1]],[19,"New Sprite(Splash)",180,9,[[33,1,0,-82,[88],89],[30,45,100,100,-83,1],[11,-84]],[0,"1dwKhKOT9OvqSG1My9nsw4",1,0],[4,4278190080],[5,1520,720]],[19,"mask",180,1,[[34,false,1,0,-85,[0],1],[31,45,40,36,-86]],[0,"3502AHGnFNRbAXEAWCz/lH",1,0],[4,4278190080],[5,1520,720]],[6,"15",false,10,[[3,-87,[13],14]],[0,"ceBurjrt1O16BHjhrWVerG",1,0],[5,594,594]],[1,"14",11,[[3,-88,[17],18],[17,-89,[20],19]],[0,"a8/SryGSBEkYbh0KW3qVhe",1,0],[5,182,182],[0,0,0,0,0,0,1,0.7,0.7,1]],[1,"14_1",11,[[3,-90,[21],22],[17,-91,[24],23]],[0,"9dk3ROjcBFW6oXFnco2Ij2",1,0],[5,182,182],[0,0,0,0,0,0,1,0.7,0.7,1]],[8,"New Label",6,[[12,"spin",35.3,1,1,-92,[34]],[42,-93,[4,4280339706]]],[0,"2dnYfw4FpJiInsJmSeRbYS",1,0],[4,4278206624],[5,66.76,52.4],[0,-54.069,0,0,0,0,1,1,1,1]],[1,"coinLabel",2,[[13,"X200",33.7,1,1,1,-94,[40]],[5,2,-95,[4,4280508081]]],[0,"3a9RuKDA5CcJ9tjvQ7cCH+",1,0],[5,82.7,54.4],[-0.405,0,0,0,0,0,1,1,1,1]],[8,"maxLabel",2,[[40,"MAX:60000",38.2,1,1,2,1,-96,[41]],[5,2.3,-97,[4,4279062700]]],[0,"37ihCEWoRPK5Mtl1j8eB7O",1,0],[4,4286508799],[5,204.22,55],[-1.001,-38.76,0,0,0,0,1,1,1,1]],[1,"priceLabel",13,[[41,"$00",1,1,1,-98,[42]],[18,-99,[4,4278198070],[0,0,-2]]],[0,"6bGtdIKapFF5csm2TPSGTf",1,0],[5,66.74,50.4],[0,5.183,0,0,0,0,1,1,1,1]],[6,"mask",false,2,[[3,-100,[46],47],[11,-101]],[0,"12iVxRmiNLo6sVSTp0J6Fq",1,0],[5,227,297]],[1,"coinLabel",3,[[12,"X200",33.7,1,1,-102,[53]],[5,2,-103,[4,4280508081]]],[0,"a8A/4zT9ZDLrmfqS7QK1U0",1,0],[5,82.7,54.4],[-0.405,0,0,0,0,0,1,1,1,1]],[8,"maxLabel",3,[[21,"MAX:60000",38.2,1,1,2,-104,[54]],[5,2.3,-105,[4,4279062700]]],[0,"1bHdqXU6NJoINP/oli/SPk",1,0],[4,4286508799],[5,204.22,55],[-1.001,-38.76,0,0,0,0,1,1,1,1]],[1,"priceLabel",14,[[22,"$00",1,1,-106,[55]],[18,-107,[4,4278198070],[0,0,-2]]],[0,"00e89emPFJLbpS3wvRZ3mb",1,0],[5,66.74,50.4],[0,5.183,0,0,0,0,1,1,1,1]],[6,"mask",false,3,[[3,-108,[58],59],[11,-109]],[0,"8dH7E/3dpNw4/3E1MTWOci",1,0],[5,227,297]],[1,"coinLabel",4,[[12,"X200",33.7,1,1,-110,[65]],[5,2,-111,[4,4280508081]]],[0,"4ahNXXl2FOh5HqNysN7hlX",1,0],[5,82.7,54.4],[-0.405,0,0,0,0,0,1,1,1,1]],[8,"maxLabel",4,[[21,"MAX:60000",38.2,1,1,2,-112,[66]],[5,2.3,-113,[4,4279062700]]],[0,"a8CcXhRRdEhbfXjs7JVuOQ",1,0],[4,4286508799],[5,204.22,55],[-1.001,-38.76,0,0,0,0,1,1,1,1]],[1,"priceLabel",15,[[22,"$00",1,1,-114,[67]],[18,-115,[4,4278198070],[0,0,-2]]],[0,"bd5Jfs/ndEja2e78BsQz0N",1,0],[5,66.74,50.4],[0,5.183,0,0,0,0,1,1,1,1]],[6,"mask",false,4,[[3,-116,[70],71],[11,-117]],[0,"0d2KT5o8pOL6kaLsK+oub8",1,0],[5,227,297]],[1,"helpBtn",1,[[16,-118,[[10,"37474Lq74VEw4vC5SIx4rl+","openWheelGiftRule",1]]],[2,false,-119,[84],85]],[0,"1fBf5N4etPZo+oOUsAcwCo",1,0],[5,44,44],[-145.712,-240.165,0,0,0,0,1,1,1,1]],[1,"closeBtn",1,[[16,-120,[[10,"37474Lq74VEw4vC5SIx4rl+","closePop",1]]],[2,false,-121,[86],87]],[0,"4d7gkjrphMl5lTIArF3PZR",1,0],[5,51,51],[629.64,242.374,0,0,0,0,1,1,1,1]],[1,"coinNum",9,[[12,"20000",68.1,1,1,-122,[92]],[5,3,-123,[4,4279062700]]],[0,"38QCihLJ5IRr8B1Dxsn6Ub",1,0],[5,195.37,56.4],[0,-164.566,0,0,0,0,1,1,1,1]],[1,"receberBtn",9,[[2,false,-124,[93],94],[38,3,-125,[[10,"37474Lq74VEw4vC5SIx4rl+","hideWinNode",1]]]],[0,"b0zmMGNl5FnJA2U8/kNtWF",1,0],[5,362,74],[0,-253.269,0,0,0,0,1,1,1,0]],[1,"bg",1,[[3,-126,[2],3]],[0,"7cJM8KOc1P8rGYyPLuHlVQ",1,0],[5,1059,569],[145.637,-2.199,0,0,0,0,1,1,1,1]],[15,"06",7,[[2,false,-127,[4],5]],[0,"54nup9//hJbr7Yt7ydlYmR",1,0],[5,560,560]],[15,"05",7,[[2,false,-128,[6],7]],[0,"24CGEeYAJPzLonyffV6IrV",1,0],[5,578,580]],[9,"05_1",7,[[2,false,-129,[8],9]],[0,"d5Db3PNDNEqqy+JNpIOv4p",1,0],[5,578,580],[0,0,0,0,0,0.3826834323650898,0.9238795325112867,1,1,1],[1,0,0,45]],[39,true,7,[12]],[6,"activeNode",false,6,[[3,-130,[30],31]],[0,"c1o7jNpIhKJoJ7orLhdG4N",1,0],[5,156,213]],[1,"spinNum",6,[[14,"1",49.7,49,false,1,1,-131,[32],33]],[0,"b2JXpdoQlJ+btPo7HT0vC1",1,0],[5,38.54,49],[-2,-15.336,0,0,0,0,1,1,1,1]],[9,"percentLabel",2,[[13,"+ 100%",25,1,1,1,-132,[37]]],[0,"402j2y/XlBIqD4deebeV1v",1,0],[5,85.49,50.4],[-75.836,114.457,0,0,0,0.35836794954530027,0.9335804264972017,1,1,1],[1,0,0,42]],[1,"icon",2,[[3,-133,[38],39]],[0,"32/G90D3VA+rYmLPI07ciF",1,0],[5,82,68],[0.334,67.754,0,0,0,0,1,1.3,1.3,1]],[9,"percentLabel",3,[[13,"+ 100%",25,1,1,1,-134,[50]]],[0,"40kkUG8/NCSKiawut98fHe",1,0],[5,85.49,50.4],[-75.836,114.457,0,0,0,0.35836794954530027,0.9335804264972017,1,1,1],[1,0,0,42]],[1,"icon",3,[[3,-135,[51],52]],[0,"813oKj5pNPWoOOPWjQYerH",1,0],[5,82,68],[0.334,67.754,0,0,0,0,1,1.3,1.3,1]],[9,"percentLabel",4,[[13,"+ 100%",25,1,1,1,-136,[62]]],[0,"3fREof+3tJWL7MhW3G+zPr",1,0],[5,85.49,50.4],[-75.836,114.457,0,0,0,0.35836794954530027,0.9335804264972017,1,1,1],[1,0,0,42]],[1,"icon",4,[[3,-137,[63],64]],[0,"50991LtTVH+bbhFCf47pi6",1,0],[5,82,68],[0.334,67.754,0,0,0,0,1,1.3,1.3,1]],[1,"TimeLabel",5,[[14,"00",34,34,false,1,1,-138,[74],75]],[0,"c4dVnrg11LIpjG8WEQ9iqh",1,0],[5,56,34],[-80.9,0,0,0,0,0,1,1,1,1]],[1,"TimeLabel",5,[[14,"00",34,34,false,1,1,-139,[76],77]],[0,"01RdRP5uNICJdEyYM7T+zC",1,0],[5,56,34],[-0.4000000000000057,0,0,0,0,0,1,1,1,1]],[1,"TimeLabel",5,[[14,"00",34,34,false,1,1,-140,[78],79]],[0,"29hOT251xBYLbAy9JeyfUm",1,0],[5,56,34],[80.1,0,0,0,0,0,1,1,1,1]],[1,"9",5,[[3,-141,[80],81]],[0,"b9WJ376b9CEKIlqvG7+HFo",1,0],[5,19,7],[-40.127,-2.335,0,0,0,0,1,1,1,1]],[1,"9",5,[[3,-142,[82],83]],[0,"17sSksx2xNT72EfFq2SZGi",1,0],[5,19,7],[40.587,-2.335,0,0,0,0,1,1,1,1]],[15,"GRNDEVENCEDOR",9,[[43,"default","animation2",0,"animation2",-143,[90],91]],[0,"47uQBbwDBAiJXQEQRlUPk1",1,0],[5,858,674]]],0,[0,6,1,0,7,42,0,8,9,0,9,8,0,10,5,0,11,18,0,12,11,0,13,6,0,14,12,0,15,10,0,0,1,0,0,1,0,-1,17,0,-2,38,0,-3,7,0,-4,10,0,-5,11,0,-6,12,0,-7,6,0,-8,8,0,-9,5,0,-10,34,0,-11,35,0,-12,9,0,0,2,0,-1,45,0,-2,46,0,-3,22,0,-4,23,0,-5,13,0,-6,25,0,0,3,0,-1,47,0,-2,48,0,-3,26,0,-4,27,0,-5,14,0,-6,29,0,0,4,0,-1,49,0,-2,50,0,-3,30,0,-4,31,0,-5,15,0,-6,33,0,0,5,0,-1,51,0,-2,52,0,-3,53,0,-4,54,0,-5,55,0,0,6,0,0,6,0,-1,43,0,-2,44,0,-3,21,0,0,7,0,-2,42,0,-1,39,0,-2,40,0,-3,41,0,0,8,0,-1,16,0,-2,56,0,-3,36,0,-4,37,0,0,10,0,-1,18,0,-1,19,0,-2,20,0,0,12,0,0,12,0,0,13,0,0,13,0,-1,24,0,0,14,0,0,14,0,-1,28,0,0,15,0,0,15,0,-1,32,0,0,16,0,0,16,0,0,16,0,0,17,0,0,17,0,0,18,0,0,19,0,0,19,0,0,20,0,0,20,0,0,21,0,0,21,0,0,22,0,0,22,0,0,23,0,0,23,0,0,24,0,0,24,0,0,25,0,0,25,0,0,26,0,0,26,0,0,27,0,0,27,0,0,28,0,0,28,0,0,29,0,0,29,0,0,30,0,0,30,0,0,31,0,0,31,0,0,32,0,0,32,0,0,33,0,0,33,0,0,34,0,0,34,0,0,35,0,0,35,0,0,36,0,0,36,0,0,37,0,0,37,0,0,38,0,0,39,0,0,40,0,0,41,0,0,43,0,0,44,0,0,45,0,0,46,0,0,47,0,0,48,0,0,49,0,0,50,0,0,51,0,0,52,0,0,53,0,0,54,0,0,55,0,0,56,0,16,1,2,5,8,3,5,8,4,5,8,143],[0,0,0,0,0,0,0,0,0,0,0,0,0,0,0,0,0,0,0,0,0,0,0,0,0,0,0,0,0,0,0,0,0,0,0,0,0,0,0,0,0,0,0,0,0,0,0,0,0,0,0,0,0,0,0,0,0,0,0,0,0,0,0,0,0,0,0,0,0,0,0,0,0,0,0,0,0,0,0,0,0,0,0,0,0,0,0,0,0,0,0,0,0,0,0,0,0,0,42],[-1,1,-1,1,-1,1,-1,1,-1,1,-1,1,-1,-1,1,-1,1,-1,1,3,-1,-1,1,3,-1,-1,1,3,-1,-2,-1,1,-1,4,-1,-1,1,-1,-1,1,-1,-1,-1,17,-1,1,-1,1,-1,1,-1,-1,1,-1,-1,-1,-1,1,-1,1,-1,1,-1,-1,1,-1,-1,-1,-1,1,-1,1,-1,1,-1,4,-1,4,-1,4,-1,1,-1,1,-1,1,-1,1,-1,1,-1,18,-1,-1,1,19,-1,-2,3],[0,13,0,14,0,15,0,9,0,9,0,16,4,0,17,0,18,0,10,1,1,0,10,1,1,0,19,4,20,21,0,22,0,23,0,0,24,0,0,2,0,0,0,0,0,5,0,6,0,7,0,0,2,0,0,0,0,5,0,6,0,7,0,0,2,0,0,0,0,5,0,6,0,7,0,8,0,8,0,8,0,11,0,11,0,25,0,26,0,27,28,29,0,0,30,31,2,32,4]],[[{"name":"9","rect":[53,971,19,7],"offset":[0.5,-1.5],"originalSize":[28,34],"rotated":1,"capInsets":[0,0,0,0]}],[1],0,[0],[2],[3]],[[{"name":"09a","rect":[330,603,227,297],"offset":[0,0],"originalSize":[227,297],"capInsets":[0,0,0,0]}],[1],0,[0],[2],[3]],[[{"name":"12","rect":[2,0,1059,569],"offset":[1,0],"originalSize":[1061,569],"capInsets":[0,0,0,0]}],[1],0,[0],[2],[33]],[[{"name":"10","rect":[234,910,196,61],"offset":[0,0],"originalSize":[196,61],"capInsets":[0,0,0,0]}],[1],0,[0],[2],[3]],[[{"name":"09","rect":[603,3,227,297],"offset":[0,0],"originalSize":[227,297],"rotated":1,"capInsets":[0,0,0,0]}],[1],0,[0],[2],[3]],[[{"name":"06","rect":[3,3,560,560],"offset":[0,0],"originalSize":[562,562],"capInsets":[0,0,0,0]}],[1],0,[0],[2],[34]]]]