[1,["c7aTGlMPRHfKKkVFkLj1sE","04sYS2UFNPOYAspi62B0gZ"],["_textureSetter","spriteFrame"],["cc.SpriteFrame",["cc.BitmapFont",["_name","fontSize","_fntConfig"],0]],[[1,0,1,2,4]],[[[{"name":"number1","rect":[3,2,241,101],"offset":[-4.5,4],"originalSize":[256,113],"capInsets":[0,0,0,0]}],[0],0,[0],[0],[0]],[[[0,"number1",54,{"commonHeight":54,"fontSize":54,"atlasName":"number1.png","fontDefDictionary":{"36":{"xOffset":0,"yOffset":0,"xAdvance":28,"rect":{"x":2,"y":2,"width":33,"height":54}},"46":{"xOffset":0,"yOffset":0,"xAdvance":28,"rect":{"x":2,"y":58,"width":33,"height":54}},"48":{"xOffset":0,"yOffset":0,"xAdvance":28,"rect":{"x":37,"y":2,"width":33,"height":54}},"49":{"xOffset":0,"yOffset":0,"xAdvance":28,"rect":{"x":72,"y":2,"width":33,"height":54}},"50":{"xOffset":0,"yOffset":0,"xAdvance":28,"rect":{"x":107,"y":2,"width":33,"height":54}},"51":{"xOffset":0,"yOffset":0,"xAdvance":28,"rect":{"x":142,"y":2,"width":33,"height":54}},"52":{"xOffset":0,"yOffset":0,"xAdvance":28,"rect":{"x":177,"y":2,"width":33,"height":54}},"53":{"xOffset":0,"yOffset":0,"xAdvance":28,"rect":{"x":212,"y":2,"width":33,"height":54}},"54":{"xOffset":0,"yOffset":0,"xAdvance":28,"rect":{"x":37,"y":58,"width":33,"height":54}},"55":{"xOffset":0,"yOffset":0,"xAdvance":28,"rect":{"x":107,"y":58,"width":33,"height":54}},"56":{"xOffset":0,"yOffset":0,"xAdvance":28,"rect":{"x":72,"y":58,"width":33,"height":54}},"57":{"xOffset":0,"yOffset":0,"xAdvance":28,"rect":{"x":142,"y":58,"width":33,"height":54}}},"kerningDict":{}}]],0,0,[0],[1],[1]]]]