[1,["ecpdLyjvZBwrvm+cedCcQy","18225a585","50HtTnEcFLAYuQmNdOdzrP","deaj4LmttHvLUFShj/U2Bh","ddgZmTwHBOT6gYjo51OBYM","c3NrvHJLlK7JICdYLw9vbF","b1oIukRttHVIV7z5b0EZ3J","a4zCndzDNODY2R8e5P2CJG","6bBcpT05xIA4kFMJR+u1Rr","e0k1dETiFNdqeTu6xEc7uX","e0PD/EAd9J57NA3ARsThlH","07z/ebjr1PN7fXS1JGbObt","66Zd8xrRhJQ6k2wViwx6FP","b5xMchIPdKpLYA3XhiTBfv","9dHxdfEhVFw6psL8S4V5fk","a0ifap4iNHI66y1nWeotQc","29ZSQ8qh1IFb1gXRcl8u8L","9bK9cT1pFPlqjh8dCQ01RE","0ffZUG+oNPV5OQ6ZGmDBmp","b3x+9zi91FBZqhK1RhaQAJ","88SX7i39BCqKbiJ7a5h23z","70jxPOwCJCwIPpaPLPubaa","b5ifI14OREN6NKfufR87bz","73e1ZQaChPjJKg5obfj1Y3","25OH9yF2NGvogfgd95YZIA","40HDT/cNlPsaVNUOKcKVjI","9bx/w4e5ZEb7DTSXDgPXw1","96Y1EPopJPZoaE65ShfsXy","0es+DxiMhOoZ0SLBKKg/hY","98c/oMNuJGiKLA4FLpwAp0","f9SViKSv9BopkyCzbO1kb/","0fW3sW4IxMT62039pgfPny","76PGBPvd1HEJPHfTmuSu+n","9eHA2BuThOFajj4WWJL0K1","4fzaZakipJNrwtdWYXonbe","5api0gNVlCrp2gXJMRTlww","31CjZa2aNLpYW5sfnsB5/J","c1ywRFhotPybL9+cnFGWwa","5aW1pwjTNEsaq+mh5F/7dh","b9MOaUao5HkYqnlfORiXwg","96XzgFbW1PQIbx7G+taZ/D","26XlkpxQ9DOp50lEo5B6SJ","f0gcIJPDtDC6NkeEz5R0t5","91p9GzrN1PtZZ5gwS2TjYd","52tRayx01L7bFKiY+eDER7"],["node","_spriteFrame","_textureSetter","root","_parent","scrollNode","nodeContent","bigRewardNode","levelPro","textLevel","textTime","textGoldAll","textGetAll","textPercent","textCharge","textAll","textCur","recvNode","upgrateNode","chargeNode","missionNode","helpNode","backNode","data","_normalMaterial","permitItemPf"],["cc.SpriteFrame",["cc.Node",["_name","_active","_prefab","_components","_contentSize","_parent","_trs","_children","_anchorPoint"],1,4,9,5,1,7,2,5],["cc.Node",["_name","_active","_parent","_components","_prefab","_contentSize","_trs","_children","_eulerAngles","_color","_anchorPoint"],1,1,12,4,5,7,2,5,5,5],["cc.Label",["_fontSize","_N$horizontalAlign","_N$verticalAlign","_N$cacheMode","_lineHeight","_string","_styleFlags","node","_materials"],-4,1,3],["cc.Node",["_name","_active","_components","_prefab","_contentSize","_trs","_parent","_children","_anchorPoint"],1,2,4,5,7,1,2,5],["cc.Sprite",["_sizeMode","_type","node","_materials","_spriteFrame"],1,1,3,6],["cc.Button",["zoomScale","_N$transition","node","_normalMaterial"],1,1,6],["cc.Layout",["_resize","_N$layoutType","_N$paddingRight","_N$spacingX","_N$spacingY","node","_layoutSize"],-2,1,5],["cc.PrefabInfo",["fileId","root"],2,1],["cc.Prefab",["_name"],2],["e46b7Xy3F5IeKBo7x4EuT+6",["node","backNode","helpNode","missionNode","chargeNode","upgrateNode","recvNode","textCur","textAll","textCharge","textPercent","textGetAll","textGoldAll","textTime","textLevel","levelPro","bigRewardNode","nodeContent","scrollNode","permitItemPf"],3,1,1,1,1,1,1,1,1,1,1,1,1,1,1,1,1,1,1,1,6],["cc.LabelOutline",["_width","node","_color"],2,1,5],["cc.Mask",["_N$alphaThreshold","node","_materials"],2,1,3],["6dbaacb0j9CkpNlQEFpLMCG",["_string","_fontSize","_N$horizontalAlign","_N$verticalAlign","_N$cacheMode","_N$textKey","node","_materials"],-3,1,3],["cc.ScrollView",["vertical","brake","bounceDuration","_N$horizontalScrollBar","_N$verticalScrollBar","node","scrollEvents","_N$content"],-2,1,9,1],["cc.ClickEvent",["_componentId","handler","target"],1,1],["cc.ProgressBar",["_N$totalLength","_N$progress","node","_N$barSprite"],1,1,1],["2b740gWKTxD94dBFpylA2TH",["node","recvBtn","lockNode","finishNode","textCoin","textBonus","bgSp","canRecvSp","iconSp","iconFrames","bgFrames","canRecvFrames","bigRewardBonusNormal","bigRewardBonusGold","bigRewardCoinNormal","bigRewardCoinGold"],3,1,1,1,1,1,1,1,1,1,3,3,3,3,3,3,3],["ed1e3cCSF5K8pKV4b3XM1lW",["node","textLevel","proNode","coinNode","bonusNode"],3,1,1,1,1,1]],[[8,0,1,2],[5,2,3,4,1],[1,0,5,3,2,4,6,2],[11,0,1,2,2],[1,0,5,7,3,2,4,6,2],[4,0,6,2,3,4,5,2],[6,0,1,2,3],[1,0,1,5,3,2,4,6,3],[2,0,2,3,4,5,6,2],[5,2,3,1],[3,0,4,1,2,3,7,8,6],[2,0,2,3,4,5,10,6,2],[5,1,0,2,3,4,3],[3,5,0,4,1,2,3,7,8,7],[3,5,0,4,6,1,2,3,7,8,8],[1,0,5,7,3,2,4,8,6,2],[1,0,1,5,7,3,2,4,6,3],[1,0,5,3,2,4,2],[4,0,7,2,3,4,5,2],[4,0,6,7,2,3,4,5,2],[4,0,1,6,7,2,3,4,5,3],[4,0,6,2,3,4,8,5,2],[2,0,2,3,4,5,6,8,2],[2,0,1,2,3,4,5,6,3],[5,1,0,2,3,3],[5,0,2,3,2],[6,2,1],[7,0,1,4,5,6,4],[3,0,1,2,3,7,8,5],[16,0,1,2,3,3],[17,0,1,2,3,4,5,6,7,8,9,10,11,12,13,14,15,1],[9,0,2],[1,0,7,3,2,4,6,2],[1,0,3,2,4,8,6,2],[1,0,5,7,2,2],[1,0,5,7,3,2,4,2],[1,0,1,5,3,2,4,3],[1,0,5,7,2,6,2],[2,0,2,7,3,4,5,6,2],[2,0,1,2,7,3,4,5,6,3],[2,0,2,3,4,9,5,6,8,2],[10,0,1,2,3,4,5,6,7,8,9,10,11,12,13,14,15,16,17,18,19,1],[8,1,1],[6,0,1,2,3,3],[7,0,1,2,3,5,6,5],[7,0,1,5,6,3],[3,0,4,6,1,2,3,7,8,7],[3,5,0,1,2,3,7,8,6],[3,0,1,2,7,8,4],[12,0,1,2,2],[13,0,1,2,3,4,5,6,7,7],[14,0,1,2,3,4,5,6,7,6],[15,0,1,2,3],[18,0,1,2,3,4,1]],[[[{"name":"anniu3","rect":[358,994,322,77],"offset":[0,0],"originalSize":[322,77],"capInsets":[0,0,0,0]}],[0],0,[0],[2],[1]],[[{"name":"1","rect":[1469,1468,72,72],"offset":[0,0],"originalSize":[72,72],"capInsets":[0,0,0,0]}],[0],0,[0],[2],[1]],[[{"name":"anniu1","rect":[1242,491,296,71],"offset":[-0.5,0],"originalSize":[303,71],"capInsets":[0,0,0,0]}],[0],0,[0],[2],[1]],[[{"name":"naozhong","rect":[671,1460,72,68],"offset":[0,0],"originalSize":[72,68],"capInsets":[0,0,0,0]}],[0],0,[0],[2],[1]],[[{"name":"youbian","rect":[3,994,182,349],"offset":[0,0],"originalSize":[182,349],"rotated":1,"capInsets":[0,0,0,0]}],[0],0,[0],[2],[1]],[[{"name":"lan3","rect":[396,1077,159,149],"offset":[0,0],"originalSize":[159,149],"rotated":1,"capInsets":[0,0,0,0]}],[0],0,[0],[2],[1]],[[[31,"TrafficPermitPopup"],[32,"TrafficPermitPopup",[-21,-22,-23,-24,-25,-26],[[41,-20,-19,-18,-17,-16,-15,-14,-13,-12,-11,-10,-9,-8,-7,-6,-5,-4,-3,-2,114]],[42,-1],[5,1560,720],[0,15.699,0,0,0,0,1,1,1,1]],[18,"TrafficRecvItemCoin",[-29,-30,-31,-32,-33,-34,-35],[-28],[0,"8f/+KXBKFNQbse3zubcR40",-27],[5,120,120],[0,101.544,0,0,0,0,1,1,1,1]],[18,"TrafficRecvItemBonus",[-38,-39,-40,-41,-42,-43,-44],[-37],[0,"50vW7MzGVGRJnc5WugVRp7",-36],[5,120,120],[0,-95.888,0,0,0,0,1,1,1,1]],[4,"beijing1",1,[-46,-47,-48,-49,-50,-51,-52,-53,-54,-55,-56],[[1,-45,[26],27]],[0,"b9AHCtryRH/IQ+TKUiFBBz",1],[5,1233,593],[0,-48.782,0,0,0,0,1,1,1,1]],[19,"TrafficPermitItem",1,[-59,-60,2,3,-61],[-58],[0,"94PUBRY6NEv5ZhQpmY2CJT",-57],[5,140,280],[474.707,-41.158,0,0,0,0,1,1,1,1]],[4,"anniuCharge",1,[-64,-65,-66,-67],[[1,-62,[43],44],[6,1.05,3,-63]],[0,"82gQUrGz1KorkgOhpCDTYf",1],[5,296,71],[423.048,195.158,0,0,0,0,1,1,1,0]],[38,"progressBar",1,[-70,-71,-72],[[[12,1,0,-68,[33],34],-69],4,1],[0,"934uxejNxD6oU93ERFZb88",1],[5,349,40],[-365.346,196.956,0,0,0,0,1,1,1,1]],[4,"anniu2",4,[-75],[[1,-73,[11],12],[43,1.05,3,-74,13]],[0,"b5csXhORdEbJL8YdzYFYcR",1],[5,342,78],[263.488,-235,0,0,0,0,1,1,1,0]],[2,"btnClose",1,[[1,-76,[0],1],[6,1.05,3,-77]],[0,"57Dfw/0EdKfp5mp7Znl0o8",1],[5,81,81],[649.128,297.733,0,0,0,0,1,1,1,0]],[2,"anniu3",4,[[1,-78,[6],7],[6,1.05,3,-79]],[0,"2b+k2QRvdA4r25gQnfwyN1",1],[5,322,77],[-248.611,-234,0,0,0,0,1,1,1,0]],[33,"content",[[44,1,1,10,22,-80,[5,140,330]]],[0,"a5Uv9mVDZOxKh3UCWXdsgh",1],[5,140,330],[0,0,0.5],[-370,0,0,0,0,0,1,1,1,1]],[2,"1",4,[[1,-81,[14],15],[6,1.05,3,-82]],[0,"bbBf2H9FtF9LBj/gNfIkuS",1],[5,72,72],[-674.335,344.021,0,0,0,0,1,1,1,0]],[2,"2",4,[[1,-83,[16],17],[6,1.05,3,-84]],[0,"1bmBTN+FBE5pSsEsRfyJKp",1],[5,72,72],[-561.946,346.028,0,0,0,0,1,1,1,0]],[4,"img_onsale",6,[-86,-87],[[1,-85,[37],38]],[0,"81NOcKzaxGuZOK1mrCZb9r",1],[5,118,122],[171.823,-36.819,0,0,0,0,1,1,1,1]],[4,"layout",6,[-89,-90],[[45,1,1,-88,[5,91.72,30]]],[0,"2cmzIfduVFopCAdkhI+3AP",1],[5,91.72,30],[19.327,0,0,0,0,0,1,1,1,1]],[34,"textNode",1,[-91,-92,-93],[0,"f7hGE4JyBHcbYHM9vCzNZS",1]],[39,"progressBar",false,5,[-96],[[[12,1,0,-94,[49],50],-95],4,1],[0,"69cC0kmoxMb7o/AMvk3E2D",5],[5,180,40],[81.136,0,0,0,0,0,1,1,1,1]],[15,"textNode",2,[-98,-99],[[27,1,2,10,-97,[5,300,-10]]],[0,"13rWuWMOdC37TcPOqFxsOH",2],[5,300,-10],[0,0.5,0],[-2.999,-58.25,0,0,0,0,1,1,1,1]],[16,"textWord",false,18,[-102],[[13,"BONUS",20,30,1,1,2,-100,[60]],[3,2,-101,[4,4280039805]]],[0,"1cUofs60NLWIywUq4D9Fi5",2],[5,75.12,34],[-0.328,17,0,0,0,0,1,1,1,1]],[15,"textNode",3,[-104,-105],[[27,1,2,10,-103,[5,300,-10]]],[0,"13rWuWMOdC37TcPOqFxsOH",3],[5,300,-10],[0,0.5,0],[-2.999,-44.757,0,0,0,0,1,1,1,1]],[16,"textWord",false,20,[-108],[[13,"BONUS",20,30,1,1,2,-106,[90]],[3,2,-107,[4,4290854719]]],[0,"1cUofs60NLWIywUq4D9Fi5",3],[5,75.12,34],[-0.328,17,0,0,0,0,1,1,1,1]],[19,"scrollview",4,[-110],[-109],[0,"aa2dkMyCxHdbzKTj3qtDdc",1],[5,730,330],[10.079,12.72,0,0,0,0,1,1,1,1]],[35,"view",22,[11],[[49,0,-111,[8]]],[0,"9dUuKmK89FlamndBR9byD4",1],[5,730,330]],[40,"textPercent",14,[[-112,[3,2,-113,[4,4284416387]]],1,4],[0,"eenzqCz7NCaJmPdwxKtJ2b",1],[4,4278705406],[5,60.28,34],[-0.938,-2.322,0,0,0,0.3826834323650898,0.9238795325112867,1,1,1],[1,0,0,45]],[22,"textGetAll",14,[[-114,[3,2,-115,[4,4284416387]]],1,4],[0,"8axYWd5x9Fu6YuVb8U3jCP",1],[5,44.04,34],[22.306,-23.166,0,0,0,0.3826834323650898,0.9238795325112867,1,1,1],[1,0,0,45]],[2,"texttips",15,[[50,"Price",26,1,1,2,"Price",-116,[39]],[3,2,-117,[4,4284416387]]],[0,"bcS6ZD/hZEzoEqGQtVC24L",1],[5,63.24,44],[-14.239999999999998,-13.023,0,0,0,0,1,1,1,1]],[11,"textCharge",15,[[-118,[3,2,-119,[4,4284416387]]],1,4],[0,"28nE2bdTZG4YvWhh1pBGkh",1],[5,28.48,34],[0,0,0.5],[17.380000000000003,-14.64,0,0,0,0,1,1,1,1]],[11,"textAll",6,[[-120,[3,2,-121,[4,2097152000]]],1,4],[0,"bcpwH+axlGuIPmYGiPIkNM",1],[5,4,44],[0,0,0.5],[-784.187,1.798,0,0,0,0,1,1,1,1]],[11,"textCur",6,[[-122,[3,2,-123,[4,2097152000]]],1,4],[0,"b8xSFxnp9InbyYSvvXFtC5",1],[5,4,44],[0,1,0.5],[-782.571,1.798,0,0,0,0,1,1,1,1]],[8,"textMaxLevel",16,[[-124,[3,2,-125,[4,4288741433]]],1,4],[0,"40SgnjkQFF/bHg00vTlizh",1],[5,37.36,34],[-202.051,198.129,0,0,0,0,1,1,1,1]],[22,"textGetGoldAll",16,[[-126,[3,3,-127,[4,4280039805]]],1,4],[0,"42BOwUjsVOFqihilJkQRLt",1],[5,72.75,46],[-444.748,-10.04,0,0,0,0.10452846326765347,0.9945218953682733,1,1,1],[1,0,0,12]],[17,"recvBtn",2,[[26,-128]],[0,"d85YLA1T5CwarLwXhitcpU",2],[5,130,130]],[20,"canRecvNode",false,2,[-130],[-129],[0,"8bxAaEicxAMK6OEOzIFOKY",2],[5,159,154],[0,-8.486,0,0,0,0,1,1,1,1]],[23,"textCoin",false,18,[[-131,[3,2,-132,[4,4280039805]]],1,4],[0,"42hj46ry9Aj5AScfma7XoY",2],[5,57.4,34],[-0.328,61,0,0,0,0,1,1,1,1]],[8,"textBonus",19,[[-133,[3,2,-134,[4,4280039805]]],1,4],[0,"acB+49oTFPn6u86wBef/PP",2],[5,44.05,34],[0,20.77,0,0,0,0,1,1,1,1]],[7,"suo",false,2,[[1,-135,[61],62]],[0,"33ioyQLRBDjK+G3Tignd1L",2],[5,38,58],[55.261,39.738,0,0,0,0,1,1,1,1]],[7,"finish",false,2,[[1,-136,[63],64]],[0,"08PTsl8B5Exrhn3y7kdFIw",2],[5,139,125],[0,-2.121,0,0,0,0,1,1,1,1]],[17,"recvBtn",3,[[26,-137]],[0,"d85YLA1T5CwarLwXhitcpU",3],[5,130,130]],[20,"canRecvNode",false,3,[-139],[-138],[0,"8bxAaEicxAMK6OEOzIFOKY",3],[5,159,154],[0,-1.591,0,0,0,0,1,1,1,1]],[23,"textCoin",false,20,[[-140,[3,2,-141,[4,4290854719]]],1,4],[0,"42hj46ry9Aj5AScfma7XoY",3],[5,57.4,34],[-0.328,61,0,0,0,0,1,1,1,1]],[8,"textBonus",21,[[-142,[3,2,-143,[4,4290854719]]],1,4],[0,"acB+49oTFPn6u86wBef/PP",3],[5,4,34],[0,20.77,0,0,0,0,1,1,1,1]],[7,"suo",false,3,[[1,-144,[91],92]],[0,"33ioyQLRBDjK+G3Tignd1L",3],[5,38,58],[55.261,39.738,0,0,0,0,1,1,1,1]],[7,"finish",false,3,[[1,-145,[93],94]],[0,"08PTsl8B5Exrhn3y7kdFIw",3],[5,139,125],[0,4.243,0,0,0,0,1,1,1,1]],[8,"textLevel",5,[[-146,[3,2,-147,[4,4278680224]]],1,4],[0,"8en/rbZQZIbY9/O+AMN+pL",5],[5,4,54.4],[0.174,4.949,0,0,0,0,1,1,1,1]],[2,"biaoti",4,[[1,-148,[2],3]],[0,"bevjyqUgxKOa3Gb7A7upLQ",1],[5,908,75],[0,347.561,0,0,0,0,1,1,1,1]],[2,"beijing2",4,[[1,-149,[4],5]],[0,"baSazg26ZN2Yeud9K3idDp",1],[5,1158,386],[0,10.034999999999997,0,0,0,0,1,1,1,1]],[51,false,0.75,0.23,null,null,22,[[52,"e46b7Xy3F5IeKBo7x4EuT+6","onScrollEvent",1]],11],[36,"btn_recv_un",false,8,[[1,-150,[9],10]],[0,"caTMY1icdKsarzXpueQVgz",1],[5,342,78]],[2,"zuobian",4,[[1,-151,[18],19]],[0,"8eF+aSnJNAIqYuWBfboilF",1],[5,229,351],[-442.403,10.483,0,0,0,0,1,1,1,1]],[2,"youbian",4,[[1,-152,[20],21]],[0,"9fhoi9o8RCNJf0n1ZQpwWP",1],[5,182,349],[470.955,10.356,0,0,0,0,1,1,1,1]],[2,"timeNode",4,[[12,1,0,-153,[22],23]],[0,"b8ChWU1r9GC6ymm7Ws2mXf",1],[5,324,57],[66.003,242.841,0,0,0,0,1,1,1,1]],[2,"naozhong",4,[[1,-154,[24],25]],[0,"44jVZRqAVBWpJms+TV8Osa",1],[5,72,68],[-76.793,246.063,0,0,0,0,1,1,1,1]],[21,"bar",7,[-155],[0,"68PQPMdTBN1r/tUh0/Chxp",1],[5,330,40],[0,0,0.5],[-166.204,0,0,0,0,0,1,1,1,1]],[24,1,0,53,[28]],[2,"4",7,[[1,-156,[29],30]],[0,"3bK8NU/eFDLJSiNWge/ouV",1],[5,69,73],[-182.907,0,0,0,0,0,1,1,1,1]],[2,"8",7,[[1,-157,[31],32]],[0,"7dGvTT/uNEf4hDfldeYXD2",1],[5,40,40],[164.034,0,0,0,0,0,1,1.2,1.2,1]],[29,349,0.5,7,54],[14,"100%",22,30,1,1,1,2,24,[35]],[14,"1000",18,30,1,1,1,2,25,[36]],[14,"10",22,30,1,1,1,2,27,[40]],[28,26,1,1,2,28,[41]],[28,26,1,1,2,29,[42]],[13,"10",30,30,1,1,2,30,[45]],[5,"textTime",16,[-158],[0,"a6C/Lc1xNNw5MogJ+4FvG8",1],[5,0,30],[87,194.724,0,0,0,0,1,1,1,1]],[46,30,30,1,1,1,2,64,[46]],[47,"12000",24,1,1,2,31,[47]],[21,"bar",17,[-159],[0,"e0FD0rymNB0K2X/cgyympW",5],[5,0,39],[0,0,0.5],[-86.107,0,0,0,0,0,1,1,1,1]],[24,1,0,67,[48]],[29,180,0,17,68],[37,"levelNode",5,[-160],[0,"0aOLecxkhIrIuRbq2p498I",5],[0,4.491,0,0,0,0,1,1,1,1]],[2,"8",70,[[1,-161,[51],52]],[0,"45fQUC/INIKIwDpzo0rt4i",5],[5,40,40],[0,0,0,0,0,0,1,1.2,1.2,1]],[5,"imgBg",2,[-162],[0,"7fP4wAPwtDqYVDHdSF23C5",2],[5,159,154],[0,-7.333,0,0,0,0,1,1,1,1]],[25,2,72,[53]],[2,"img_hongdian",33,[[1,-163,[54],55]],[0,"0cOLB5RL9BDoAVUG2CPadu",2],[5,34,35],[57,34,0,0,0,0,1,0.7,0.7,1]],[9,33,[56]],[5,"icon",2,[-164],[0,"77WAgcmwFA9bwboHd5cyH0",2],[5,82,78],[0,4.302,0,0,0,0,1,1,1,1]],[9,76,[57]],[10,24,30,1,1,2,34,[58]],[10,24,30,1,1,2,35,[59]],[30,2,32,36,37,78,79,73,75,77,[65,66],[67,68],[69,70],[71,72,73],[74,75,76],[77,78,79],[80,81,82]],[5,"imgBg",3,[-165],[0,"7fP4wAPwtDqYVDHdSF23C5",3],[5,159,149],[0,4.368,0,0,0,0,1,1,1,1]],[25,2,81,[83]],[2,"img_hongdian",39,[[1,-166,[84],85]],[0,"0cOLB5RL9BDoAVUG2CPadu",3],[5,34,35],[57,34,0,0,0,0,1,0.7,0.7,1]],[9,39,[86]],[5,"icon",3,[-167],[0,"77WAgcmwFA9bwboHd5cyH0",3],[5,82,78],[0,4.302,0,0,0,0,1,1,1,1]],[9,85,[87]],[10,24,30,1,1,2,40,[88]],[10,24,30,1,1,2,41,[89]],[30,3,38,42,43,87,88,82,84,86,[95,96],[97,98],[99,100],[101,102,103],[104,105,106],[107,108,109],[110,111,112]],[48,30,1,1,44,[113]],[53,5,90,69,80,89]],0,[0,3,1,0,5,47,0,6,11,0,7,91,0,8,57,0,9,63,0,10,65,0,11,66,0,12,59,0,13,58,0,14,60,0,15,61,0,16,62,0,17,8,0,18,10,0,19,6,0,20,13,0,21,12,0,22,9,0,0,1,0,-1,9,0,-2,4,0,-3,7,0,-4,6,0,-5,16,0,-6,5,0,3,2,0,-1,80,0,-1,32,0,-2,72,0,-3,33,0,-4,76,0,-5,18,0,-6,36,0,-7,37,0,3,3,0,-1,89,0,-1,38,0,-2,81,0,-3,39,0,-4,85,0,-5,20,0,-6,42,0,-7,43,0,0,4,0,-1,45,0,-2,46,0,-3,10,0,-4,22,0,-5,8,0,-6,12,0,-7,13,0,-8,49,0,-9,50,0,-10,51,0,-11,52,0,3,5,0,-1,91,0,-1,17,0,-2,70,0,-5,44,0,0,6,0,0,6,0,-1,14,0,-2,15,0,-3,28,0,-4,29,0,0,7,0,-2,57,0,-1,53,0,-2,55,0,-3,56,0,0,8,0,0,8,0,-1,48,0,0,9,0,0,9,0,0,10,0,0,10,0,0,11,0,0,12,0,0,12,0,0,13,0,0,13,0,0,14,0,-1,24,0,-2,25,0,0,15,0,-1,26,0,-2,27,0,-1,30,0,-2,64,0,-3,31,0,0,17,0,-2,69,0,-1,67,0,0,18,0,-1,34,0,-2,19,0,0,19,0,0,19,0,-1,35,0,0,20,0,-1,40,0,-2,21,0,0,21,0,0,21,0,-1,41,0,-1,47,0,-1,23,0,0,23,0,-1,58,0,0,24,0,-1,59,0,0,25,0,0,26,0,0,26,0,-1,60,0,0,27,0,-1,61,0,0,28,0,-1,62,0,0,29,0,-1,63,0,0,30,0,-1,66,0,0,31,0,0,32,0,-1,75,0,-1,74,0,-1,78,0,0,34,0,-1,79,0,0,35,0,0,36,0,0,37,0,0,38,0,-1,84,0,-1,83,0,-1,87,0,0,40,0,-1,88,0,0,41,0,0,42,0,0,43,0,-1,90,0,0,44,0,0,45,0,0,46,0,0,48,0,0,49,0,0,50,0,0,51,0,0,52,0,-1,54,0,0,55,0,0,56,0,-1,65,0,-1,68,0,-1,71,0,0,71,0,-1,73,0,0,74,0,-1,77,0,-1,82,0,0,83,0,-1,86,0,23,1,2,4,5,3,4,5,11,4,23,167],[0,0,0,0,0,0,0,0,0,0,0,0,0,0,0,0,0,0,0,0,0,0,0,0,0,0,0,0,0,0,0,0,0,0,0,0,0,0,0,0,0,0,0,0,0,0,0,0,0,0,0,0,0,0,0,0,0,0,0,0,0,0,0,0,0,0,0,0,0,0,0,0,0,0,0,0,0,0,0,0,0,0,0,0,0,0,0,0,0,0,0,0,0,0,0,0,0,0,0,0,0,0,0,0,0,0,0,0,0,0,0,0,0,0,0,54,68,73,75,77,82,84,86],[-1,1,-1,1,-1,1,-1,1,-1,-1,1,-1,1,24,-1,1,-1,1,-1,1,-1,1,-1,1,-1,1,-1,1,-1,-1,1,-1,1,-1,1,-1,-1,-1,1,-1,-1,-1,-1,-1,1,-1,-1,-1,-1,-1,1,-1,1,-1,-1,1,-1,-1,-1,-1,-1,-1,1,-1,1,-1,-2,-1,-2,-1,-2,-1,-2,-3,-1,-2,-3,-1,-2,-3,-1,-2,-3,-1,-1,1,-1,-1,-1,-1,-1,-1,1,-1,1,-1,-2,-1,-2,-1,-2,-1,-2,-3,-1,-2,-3,-1,-2,-3,-1,-2,-3,-1,25,1,1,1,1,1,1,1,1],[0,25,0,26,0,27,0,28,0,0,29,0,30,0,0,31,0,32,0,33,0,34,0,35,0,36,0,37,0,0,38,0,39,0,4,0,0,0,40,0,0,0,0,0,41,0,0,0,0,0,4,0,42,0,0,5,0,0,0,0,0,0,6,0,7,3,8,9,10,2,11,12,13,14,15,16,17,18,19,20,21,22,23,0,0,5,0,0,0,0,0,0,6,0,7,3,8,9,10,2,11,12,13,14,15,16,17,18,19,20,21,22,23,0,43,24,24,2,2,3,44,2,3]],[[{"name":"4","rect":[806,1454,69,73],"offset":[-5.5,0.5],"originalSize":[84,80],"rotated":1,"capInsets":[0,0,0,0]}],[0],0,[0],[2],[1]],[[{"name":"10","rect":[1453,1405,80,57],"offset":[0,0],"originalSize":[80,57],"capInsets":[19,17,21,18]}],[0],0,[0],[2],[1]],[[{"name":"2","rect":[885,1454,72,72],"offset":[0,0],"originalSize":[72,72],"capInsets":[0,0,0,0]}],[0],0,[0],[2],[1]],[[{"name":"img_onsale","rect":[1422,360,118,122],"offset":[0,0],"originalSize":[118,122],"capInsets":[0,0,0,0]}],[0],0,[0],[2],[1]],[[{"name":"beijing2","rect":[3,602,1158,386],"offset":[0,0],"originalSize":[1158,386],"capInsets":[0,0,0,0]}],[0],0,[0],[2],[1]],[[{"name":"btn_recv_un","rect":[1466,568,342,78],"offset":[0,0],"originalSize":[342,78],"rotated":1,"capInsets":[0,0,0,0]}],[0],0,[0],[2],[1]],[[{"name":"biaoti","rect":[1167,602,908,75],"offset":[4,-6],"originalSize":[956,103],"rotated":1,"capInsets":[0,0,0,0]}],[0],0,[0],[2],[1]],[[{"name":"zuobian","rect":[1242,3,229,351],"offset":[0,0],"originalSize":[229,353],"capInsets":[0,0,0,0]}],[0],0,[0],[2],[1]],[[{"name":"beijing1","rect":[3,3,1233,593],"offset":[0,0],"originalSize":[1243,603],"capInsets":[0,0,0,0]}],[0],0,[0],[2],[1]],[[{"name":"img_yellow","rect":[1009,1461,40,40],"offset":[0,0],"originalSize":[40,40],"capInsets":[0,0,0,0]}],[0],0,[0],[2],[1]],[[{"name":"anniu2","rect":[1466,916,342,78],"offset":[0,0],"originalSize":[342,78],"rotated":1,"capInsets":[0,0,0,0]}],[0],0,[0],[2],[1]]]]