[1,["28x5xdQWJEZagCBkUqPL7F"],["_texture"],[["dragonBones.DragonBonesAtlasAsset",["_name","_atlasJson"],1]],[[0,0,1,3]],[[0,"Soccerlottery_tex","{\"width\":512,\"imagePath\":\"Soccerlottery_tex.png\",\"height\":256,\"name\":\"Soccerlottery\",\"SubTexture\":[{\"width\":275,\"y\":1,\"height\":190,\"name\":\"Soccerlottery/BG\",\"x\":1},{\"width\":159,\"y\":193,\"height\":53,\"name\":\"Soccerlottery/caipi\",\"x\":233},{\"width\":73,\"y\":115,\"height\":81,\"name\":\"Soccerlottery/qiuyi\",\"x\":394},{\"width\":42,\"y\":1,\"height\":61,\"name\":\"Soccerlottery/yous\",\"x\":457},{\"width\":61,\"y\":1,\"height\":112,\"name\":\"Soccerlottery/st\",\"x\":394},{\"width\":47,\"y\":198,\"height\":52,\"name\":\"Soccerlottery/zuoshou02\",\"x\":394},{\"width\":53,\"y\":64,\"height\":27,\"name\":\"Soccerlottery/zuoshou01\",\"x\":457},{\"width\":230,\"y\":193,\"height\":42,\"name\":\"Soccerlottery/Soccer_Lottery\",\"x\":1}]}"]],0,0,[0],[0],[0]]