[1,["3auZfs8S5BLqT+B1+RxXaT"],["_texture"],[["dragonBones.DragonBonesAtlasAsset",["_name","_atlasJson"],1]],[[0,0,1,3]],[[0,"bullion_tex","{\"width\":256,\"imagePath\":\"bullion_tex.png\",\"height\":512,\"name\":\"bullion\",\"SubTexture\":[{\"width\":159,\"y\":1,\"height\":111,\"name\":\"jingiao/bg\",\"x\":1},{\"width\":145,\"y\":114,\"height\":116,\"name\":\"jingiao/diguang\",\"x\":1},{\"width\":84,\"y\":223,\"height\":44,\"name\":\"jingiao/jt6\",\"x\":148},{\"width\":92,\"y\":1,\"height\":53,\"name\":\"jingiao/jt5\",\"x\":162},{\"width\":89,\"y\":179,\"height\":42,\"name\":\"jingiao/jt3\",\"x\":148},{\"width\":90,\"y\":114,\"height\":63,\"name\":\"jingiao/jt4\",\"x\":148},{\"width\":87,\"y\":56,\"height\":48,\"name\":\"jingiao/jt2\",\"x\":162},{\"width\":85,\"y\":232,\"height\":38,\"name\":\"jingiao/jt1\",\"x\":1}]}"]],0,0,[0],[0],[0]]