[1,["72R56UJJBPxKB6z3VhZTMR"],["_texture"],[["dragonBones.DragonBonesAtlasAsset",["_name","_atlasJson"],1]],[[0,0,1,3]],[[0,"bigwin-sg1_tex","{\"width\":1024,\"imagePath\":\"bigwin-sg1_tex.png\",\"height\":1024,\"name\":\"bigwin-sg1\",\"SubTexture\":[{\"width\":480,\"y\":1,\"height\":479,\"name\":\"jackpot-sg1/图层-3\",\"x\":1},{\"width\":602,\"y\":482,\"height\":253,\"name\":\"bigwin-sg1/bbbb\",\"x\":1},{\"width\":473,\"y\":1,\"height\":201,\"name\":\"bigwin-sg1/cp2\",\"x\":483},{\"width\":430,\"y\":737,\"height\":201,\"name\":\"bigwin-sg1/cp1\",\"x\":555},{\"width\":552,\"y\":737,\"height\":177,\"name\":\"bigwin-sg1/bwin\",\"x\":1}]}"]],0,0,[0],[0],[0]]