[1,["e0nKRXM5tChIUcLAm5XEi6"],["_textureSetter"],["cc.SpriteFrame"],0,[[[{"name":"222_00060","rect":[2,2,300,700],"offset":[0,0],"originalSize":[300,700],"capInsets":[0,0,0,0]}],[0],0,[0],[0],[0]],[[{"name":"222_00043","rect":[606,704,300,700],"offset":[0,0],"originalSize":[300,700],"capInsets":[0,0,0,0]}],[0],0,[0],[0],[0]],[[{"name":"222_00041","rect":[606,304,300,700],"offset":[0,0],"originalSize":[300,700],"rotated":1,"capInsets":[0,0,0,0]}],[0],0,[0],[0],[0]],[[{"name":"222_00037","rect":[908,1308,300,700],"offset":[0,0],"originalSize":[300,700],"capInsets":[0,0,0,0]}],[0],0,[0],[0],[0]],[[{"name":"222_00033","rect":[1210,1308,300,700],"offset":[0,0],"originalSize":[300,700],"capInsets":[0,0,0,0]}],[0],0,[0],[0],[0]],[[{"name":"222_00044","rect":[1406,2,300,700],"offset":[0,0],"originalSize":[300,700],"capInsets":[0,0,0,0]}],[0],0,[0],[0],[0]],[[{"name":"222_00047","rect":[704,2,300,700],"offset":[0,0],"originalSize":[300,700],"rotated":1,"capInsets":[0,0,0,0]}],[0],0,[0],[0],[0]],[[{"name":"222_00042","rect":[1708,2,300,700],"offset":[0,0],"originalSize":[300,700],"capInsets":[0,0,0,0]}],[0],0,[0],[0],[0]],[[{"name":"222_00039","rect":[908,606,300,700],"offset":[0,0],"originalSize":[300,700],"capInsets":[0,0,0,0]}],[0],0,[0],[0],[0]],[[{"name":"222_00059","rect":[2,704,300,700],"offset":[0,0],"originalSize":[300,700],"capInsets":[0,0,0,0]}],[0],0,[0],[0],[0]],[[{"name":"222_00058","rect":[2,1406,300,700],"offset":[0,0],"originalSize":[300,700],"rotated":1,"capInsets":[0,0,0,0]}],[0],0,[0],[0],[0]],[[{"name":"222_00046","rect":[304,2,300,700],"offset":[0,0],"originalSize":[300,700],"capInsets":[0,0,0,0]}],[0],0,[0],[0],[0]],[[{"name":"222_00055","rect":[2,1708,300,700],"offset":[0,0],"originalSize":[300,700],"rotated":1,"capInsets":[0,0,0,0]}],[0],0,[0],[0],[0]],[[{"name":"222_00032","rect":[1512,1308,300,700],"offset":[0,0],"originalSize":[300,700],"capInsets":[0,0,0,0]}],[0],0,[0],[0],[0]],[[{"name":"222_00036","rect":[1210,704,300,700],"offset":[0,0],"originalSize":[300,700],"rotated":1,"capInsets":[0,0,0,0]}],[0],0,[0],[0],[0]],[[{"name":"222_00045","rect":[304,704,300,700],"offset":[0,0],"originalSize":[300,700],"capInsets":[0,0,0,0]}],[0],0,[0],[0],[0]],[[{"name":"222_00034","rect":[1210,1006,300,700],"offset":[0,0],"originalSize":[300,700],"rotated":1,"capInsets":[0,0,0,0]}],[0],0,[0],[0],[0]]]]