[1,["ecpdLyjvZBwrvm+cedCcQy","12daba897","b9hMN0fh5E1rbCkffsOSWx","9aQYv6k7xAF4Spq9bsQtyn","d9kOB/mxxAb4lPk6b2p5pD","c07cFtp8pI1bfsWFalYkZa","33CM+fPxtNmbVnFV2ad9J6","76BUUHkv1J07LoYU+1TRkM","820rx0tbtBwKP29upjwHpH","56A5xFvcVIrZibzp1n8rsr","a5QcTsqNRPQ4uBhHWgKatS","f8MM5nvDBNHqKrV+JChP0k","ca6LXg4f9KeI9CFoUrm4z9","70TFjQvbpHcraHKW0G5Q6a","d0aT22ZXtLPIDQ1JipAwFW","49g7pnhRxIor7U+trvYYxo","69/bs9PCJHga1H7iVjgpoK","89dFbZ+tlPwJZ0DxgOX0Mu","d0OPbvogVHTqMI02ONO37u","d6VrN44WlG2JgdJXyrCAD7","78Yirk6JpOqJ33OgLtZvBP","38ovy23JxN2LtyIDYMU1X2","0193vZ5RpG+aPyYJZwFBLR","99RalKUDJK67N1t7HxtHlZ","f6skQkaVtLur7RaqdLLQHy","8d8BDbZcZBTIlAn1wnwDEI","32fj/RI2JNLb8VaoDpLDjN","25K0NcV2FHl5iz0WnD+V8A","4bGyjLAxZPOIzmkbzfsHAY","10QpQ5/uhCz6hxWEEgZ6hL","25w7LxIBRGT6/Fg0LT0Tpi","17Z2XFKTdIH4HfagU9XU6w","adkiNOdiZDELWw7yuXoP7f","9bLOZz8VVE44T8wlovabvB","b2wvc/+wRDIIT8bD8zLN9/","98GMBShHpOtpAT0jpA3pTv","beke/HyqVIIqRA9VTsj/RM","53GZ7KODFJI6Ijy9IEt2J/","7bexs0I/pF/aQydtOKiTKX","b1lPy7euBMLoZQbnS7JTN6","04E2p017lHWa2uPTrG6Wls","e3RBtkQa1HxZPv0PCRASCM","6czF/L6odL57pdjpJK/G6J","194X57NR9Cep821FeI/4Vu","d6vlm17RhB3KMg2QsEwg2F","95upKRuhVL3JTqCpqy6xQ4","44ITk447JI0Kbg17lPOsT2","063juoMz5DdadFNLQZdBdh","19RHsrT9NHuZqYvMhDDfNP","6aKFw7PItEZ6SlH9lsdK2l","41NlUTtQBCe4eIKsbgmveD","3fkPJdTC9CZJ0qwVwaU8Hc","5dQIqymX5I0ZkhSPqWUBIS","e1I0wmxFZFZp/Q+kqazlyr","48w0eGQNdPT4NRc4AvS4ms","71Q9k3lodIYLmQS3gYRrvT","5cUfxte/ZJGZ5y1VITSkvX","2bHDRdSjZOFrss9pKRb7So","3fsn7YcNxAo480HpOkLPRO","9d5MCzDQNNsJ3UV/DEzHcG"],["value","node","_spriteFrame","_textureSetter","_N$dragonAsset","_N$dragonAtlasAsset","root","rightAnimate","data","rightClip","_defaultClip"],["cc.SpriteFrame",["cc.Node",["_name","_active","_prefab","_parent","_components","_contentSize","_children","_trs"],1,4,1,9,5,2,7],["cc.Sprite",["_sizeMode","node","_materials","_spriteFrame"],2,1,3,6],["cc.Node",["_name","_active","_parent","_components","_prefab","_contentSize","_trs"],1,1,2,4,5,7],["cc.PrefabInfo",["fileId","root"],2,1],["dragonBones.ArmatureDisplay",["_armatureName","_animationName","_preCacheMode","_armatureKey","_materials","node"],-1,3,1],["dragonBones.DragonBonesAsset",["_name","_dragonBonesJson"],1],["cc.AnimationClip",["_name","_duration","speed","wrapMode","curveData"],-1,11],["cc.Prefab",["_name"],2],["cc.Node",["_name","_active","_parent","_components","_prefab","_contentSize","_trs"],1,1,12,4,5,7],["324daKmwjtMa576bA6aCAEC",["node","elementNode","elementDragoneAnim","rightAnimate","rightClip"],3,1,2,2,1,6],["cc.Animation",["playOnLoad","node","_clips"],2,1,3],["cc.AudioClip",["_name","_native","duration"],0]],[[4,0,1,2],[6,0,1,3],[2,1,2,3,1],[1,0,1,3,6,2,3],[5,0,1,2,3,5,4,5],[3,0,1,2,3,4,5,6,3],[1,0,3,4,2,5,7,2],[1,0,3,4,2,5,2],[3,0,1,2,3,4,5,3],[2,1,2,1],[7,0,1,2,3,4,5],[8,0,2],[1,0,6,4,2,5,2],[1,0,1,3,6,2,7,3],[1,0,1,3,4,2,5,3],[9,0,1,2,3,4,5,6,3],[2,0,1,2,3,2],[10,0,1,2,3,4,1],[4,1,1],[5,0,1,2,3,4,5],[11,0,1,2,2],[12,0,1,2,4]],[[[[1,"feizhougu_ske","{\"frameRate\":24,\"isGlobal\":0,\"name\":\"feizhougu\",\"version\":\"5.0\",\"armature\":[{\"skin\":[{\"name\":\"\",\"slot\":[{\"display\":[{\"path\":\"feizhougu/图层_2\",\"type\":\"image\",\"name\":\"feizhougu/图层_2\",\"transform\":{\"y\":-5.9674,\"skX\":-101.7264,\"skY\":-101.7264,\"x\":11.5278}}],\"name\":\"图层_2\"},{\"display\":[{\"path\":\"feizhougu/图层_2_拷贝\",\"type\":\"image\",\"name\":\"feizhougu/图层_2_拷贝\",\"transform\":{\"y\":-9.3707,\"skX\":-67.249,\"skY\":-67.249,\"x\":6.0984}}],\"blendMode\":\"add\",\"name\":\"图层_2_拷贝1\"},{\"display\":[{\"path\":\"feizhougu/图层_2_拷贝\",\"type\":\"image\",\"name\":\"feizhougu/图层_2_拷贝\",\"transform\":{\"y\":-9.3707,\"skX\":-67.249,\"skY\":-67.249,\"x\":6.0984}}],\"name\":\"图层_2_拷贝\"},{\"display\":[{\"path\":\"feizhougu/图层_2\",\"type\":\"image\",\"name\":\"feizhougu/图层_2\",\"transform\":{\"y\":-5.9674,\"skX\":-101.7264,\"skY\":-101.7264,\"x\":11.5278}}],\"blendMode\":\"add\",\"name\":\"图层_21\"}]}],\"type\":\"Armature\",\"name\":\"Armature\",\"slot\":[{\"name\":\"图层_2_拷贝\",\"parent\":\"图层_2_拷贝\",\"color\":{}},{\"blendMode\":\"add\",\"z\":1,\"parent\":\"图层_2_拷贝1\",\"name\":\"图层_2_拷贝1\",\"color\":{}},{\"z\":2,\"name\":\"图层_2\",\"parent\":\"图层_2\",\"color\":{}},{\"blendMode\":\"add\",\"z\":3,\"parent\":\"图层_21\",\"name\":\"图层_21\",\"color\":{}}],\"bone\":[{\"name\":\"root\",\"transform\":{}},{\"length\":33,\"transform\":{\"y\":-10,\"skX\":67.249,\"skY\":67.249,\"x\":-48},\"parent\":\"root\",\"name\":\"图层_2_拷贝\"},{\"length\":41,\"transform\":{\"y\":-12.5,\"skX\":101.7264,\"skY\":101.7264,\"x\":23.5},\"parent\":\"root\",\"name\":\"图层_2\"},{\"length\":33,\"transform\":{\"y\":-10,\"skX\":67.249,\"skY\":67.249,\"x\":-48},\"parent\":\"root\",\"name\":\"图层_2_拷贝1\"},{\"length\":41,\"transform\":{\"y\":-12.5,\"skX\":101.7264,\"skY\":101.7264,\"x\":23.5},\"parent\":\"root\",\"name\":\"图层_21\"}],\"aabb\":{\"width\":147,\"y\":-50.00000000000001,\"height\":100,\"x\":-74},\"ik\":[],\"frameRate\":24,\"defaultActions\":[{\"gotoAndPlay\":\"newAnimation\"}],\"animation\":[{\"slot\":[{\"frame\":[{\"tweenEasing\":0,\"duration\":10,\"color\":{\"aM\":0}},{\"tweenEasing\":0,\"duration\":5,\"color\":{\"aM\":0}},{\"tweenEasing\":0,\"duration\":2,\"color\":{\"aM\":73}},{\"tweenEasing\":0,\"duration\":8,\"color\":{\"aM\":0}},{\"tweenEasing\":null,\"duration\":5,\"color\":{\"aM\":0}}],\"name\":\"图层_2_拷贝1\"},{\"frame\":[{\"tweenEasing\":0,\"duration\":11,\"color\":{\"aM\":0}},{\"tweenEasing\":0,\"duration\":5,\"color\":{\"aM\":0}},{\"tweenEasing\":0,\"duration\":4,\"color\":{\"aM\":71}},{\"tweenEasing\":0,\"duration\":4,\"color\":{\"aM\":12}},{\"tweenEasing\":0,\"duration\":6,\"color\":{\"aM\":0}},{\"tweenEasing\":null,\"duration\":0,\"color\":{\"aM\":0}}],\"name\":\"图层_21\"}],\"frame\":[],\"ffd\":[],\"ik\":[],\"duration\":30,\"bone\":[{\"frame\":[{\"transform\":{},\"duration\":30}],\"name\":\"root\"},{\"frame\":[{\"tweenEasing\":0,\"transform\":{},\"duration\":10},{\"tweenEasing\":0,\"transform\":{\"scX\":0.9,\"scY\":0.9},\"duration\":8},{\"tweenEasing\":0,\"transform\":{\"scX\":1.05,\"scY\":1.05},\"duration\":3},{\"tweenEasing\":0,\"transform\":{},\"duration\":9},{\"transform\":{},\"duration\":0}],\"name\":\"图层_2_拷贝\"},{\"frame\":[{\"tweenEasing\":0,\"transform\":{},\"duration\":11},{\"tweenEasing\":0,\"transform\":{\"scX\":1.2059,\"scY\":1.2059,\"x\":22.9715},\"duration\":5},{\"tweenEasing\":0,\"transform\":{},\"duration\":4},{\"tweenEasing\":0,\"transform\":{\"scX\":1.0496,\"scY\":1.0496,\"x\":2.4969},\"duration\":4},{\"tweenEasing\":0,\"transform\":{},\"duration\":6},{\"transform\":{},\"duration\":0}],\"name\":\"图层_2\"},{\"frame\":[{\"tweenEasing\":0,\"transform\":{},\"duration\":10},{\"tweenEasing\":0,\"transform\":{\"scX\":0.9,\"scY\":0.9},\"duration\":5},{\"tweenEasing\":0,\"transform\":{\"scX\":1.05,\"scY\":1.05},\"duration\":2},{\"tweenEasing\":0,\"transform\":{},\"duration\":8},{\"transform\":{},\"duration\":5}],\"name\":\"图层_2_拷贝1\"},{\"frame\":[{\"tweenEasing\":0,\"transform\":{},\"duration\":11},{\"tweenEasing\":0,\"transform\":{\"scX\":1.2059,\"scY\":1.2059,\"x\":22.9715},\"duration\":5},{\"tweenEasing\":0,\"transform\":{},\"duration\":4},{\"tweenEasing\":0,\"transform\":{\"scX\":1.0496,\"scY\":1.0496,\"x\":2.4969},\"duration\":4},{\"tweenEasing\":0,\"transform\":{},\"duration\":6},{\"transform\":{},\"duration\":0}],\"name\":\"图层_21\"}],\"playTimes\":0,\"name\":\"newAnimation\"}]}]}"]],0,0,[],[],[]],[[{"name":"Samba_10","rect":[193,667,128,86],"offset":[0,0],"originalSize":[128,86],"capInsets":[0,0,0,0]}],[0],0,[0],[3],[1]],[[{"name":"Samba_J","rect":[181,918,75,105],"offset":[0,0],"originalSize":[75,105],"rotated":1,"capInsets":[0,0,0,0]}],[0],0,[0],[3],[1]],[[[1,"k_ske","{\"frameRate\":24,\"isGlobal\":0,\"armature\":[{\"aabb\":{\"width\":112,\"y\":-55.5,\"height\":111,\"x\":-56},\"ik\":[],\"type\":\"Armature\",\"bone\":[{\"name\":\"root\",\"transform\":{}},{\"transform\":{},\"name\":\"bone\",\"parent\":\"root\"},{\"transform\":{},\"name\":\"bone1\",\"parent\":\"root\"}],\"defaultActions\":[{\"gotoAndPlay\":\"newAnimation\"}],\"slot\":[{\"color\":{},\"name\":\"a\",\"parent\":\"bone\"},{\"blendMode\":\"add\",\"z\":1,\"color\":{},\"name\":\"a1\",\"parent\":\"bone1\"}],\"animation\":[{\"duration\":20,\"frame\":[],\"bone\":[{\"frame\":[{\"duration\":20,\"transform\":{}}],\"name\":\"root\"},{\"frame\":[{\"duration\":10,\"transform\":{},\"tweenEasing\":0},{\"duration\":10,\"transform\":{\"scX\":1.1,\"y\":-8,\"scY\":1.1},\"tweenEasing\":0},{\"duration\":0,\"transform\":{}}],\"name\":\"bone\"},{\"frame\":[{\"duration\":10,\"transform\":{},\"tweenEasing\":0},{\"duration\":10,\"transform\":{\"scX\":1.1,\"y\":-8,\"scY\":1.1},\"tweenEasing\":0},{\"duration\":0,\"transform\":{}}],\"name\":\"bone1\"}],\"slot\":[{\"frame\":[{\"tweenEasing\":0,\"duration\":10,\"color\":{\"aM\":0}},{\"tweenEasing\":0,\"duration\":10,\"color\":{\"aM\":71}},{\"tweenEasing\":null,\"duration\":0,\"color\":{\"aM\":0}}],\"name\":\"a1\"}],\"ffd\":[],\"ik\":[],\"playTimes\":0,\"name\":\"newAnimation\"}],\"frameRate\":24,\"name\":\"Armature\",\"skin\":[{\"name\":\"\",\"slot\":[{\"display\":[{\"path\":\"图层822\",\"type\":\"image\",\"name\":\"a\",\"transform\":{}}],\"name\":\"a\"},{\"display\":[{\"path\":\"图层822\",\"type\":\"image\",\"name\":\"a\",\"transform\":{}}],\"blendMode\":\"add\",\"name\":\"a1\"}]}]}],\"name\":\"k\",\"version\":\"5.0\"}"]],0,0,[],[],[]],[[{"name":"Samba_jackpot","rect":[3,684,176,174],"offset":[1,0],"originalSize":[178,176],"capInsets":[0,0,0,0]}],[0],0,[0],[3],[1]],[[{"name":"Samba_k","rect":[194,434,112,111],"offset":[0,0],"originalSize":[112,111],"capInsets":[0,0,0,0]}],[0],0,[0],[3],[1]],[[{"name":"Samba_feizhougu","rect":[194,167,146,100],"offset":[0,0],"originalSize":[146,100],"rotated":1,"capInsets":[0,0,0,0]}],[0],0,[0],[3],[1]],[[[1,"wild_ske","{\"frameRate\":24,\"isGlobal\":0,\"armature\":[{\"aabb\":{\"width\":184,\"y\":-82.5,\"height\":165,\"x\":-92},\"ik\":[],\"type\":\"Armature\",\"bone\":[{\"name\":\"root\",\"transform\":{}},{\"length\":17,\"transform\":{\"y\":42.5,\"skX\":92.406,\"skY\":92.406,\"x\":-51.1},\"parent\":\"root\",\"name\":\"图层_832\"},{\"length\":15,\"transform\":{\"y\":48.6,\"skX\":92.735,\"skY\":92.735,\"x\":17.15},\"parent\":\"root\",\"name\":\"图层_834\"},{\"length\":17,\"transform\":{\"y\":-15.4,\"skX\":90,\"skY\":90,\"x\":12.85},\"parent\":\"root\",\"name\":\"图层_830\"},{\"length\":15,\"transform\":{\"y\":46.8,\"skX\":87.3281,\"skY\":87.3281,\"x\":-9.65},\"parent\":\"root\",\"name\":\"图层_833\"},{\"length\":20,\"transform\":{\"y\":40.7,\"skX\":88.0005,\"skY\":88.0005,\"x\":59.3},\"parent\":\"root\",\"name\":\"图层_835\"},{\"length\":13,\"transform\":{\"y\":23.2666,\"skX\":86.7233,\"skY\":86.7233,\"x\":-64.7229},\"parent\":\"root\",\"name\":\"图层845\"},{\"length\":13,\"transform\":{\"scX\":0.7,\"y\":23.2666,\"scY\":0.7,\"skX\":86.7233,\"skY\":86.7233,\"x\":66.0988},\"parent\":\"root\",\"name\":\"图层8451\"},{\"length\":13,\"transform\":{\"scX\":0.6,\"y\":8.3049,\"scY\":0.6,\"skX\":86.7233,\"skY\":86.7233,\"x\":-54.231},\"parent\":\"root\",\"name\":\"图层84511\"},{\"length\":13,\"transform\":{\"scX\":0.35,\"y\":53.5454,\"scY\":0.35,\"skX\":86.7233,\"skY\":86.7233,\"x\":-74.074},\"parent\":\"root\",\"name\":\"图层845111\"},{\"length\":13,\"transform\":{\"scX\":0.35,\"y\":53.5454,\"scY\":0.35,\"skX\":86.7233,\"skY\":86.7233,\"x\":78.9098},\"parent\":\"root\",\"name\":\"图层8451111\"},{\"length\":13,\"transform\":{\"scX\":0.6,\"y\":44.3439,\"scY\":0.6,\"skX\":86.7233,\"skY\":86.7233,\"x\":55.7191},\"parent\":\"root\",\"name\":\"图层845112\"},{\"length\":13,\"transform\":{\"scX\":1.4,\"y\":46.2557,\"scY\":1.4,\"skX\":86.7233,\"skY\":86.7233,\"x\":71.7102},\"parent\":\"root\",\"name\":\"图层84512\"},{\"length\":13,\"transform\":{\"scX\":0.7,\"y\":57.6267,\"scY\":0.7,\"skX\":86.7233,\"skY\":86.7233,\"x\":-66.0764},\"parent\":\"root\",\"name\":\"图层84513\"},{\"length\":39,\"transform\":{\"y\":-36.4,\"skX\":90,\"skY\":90,\"x\":61.75},\"parent\":\"root\",\"name\":\"root1\"},{\"length\":9,\"transform\":{\"y\":-12.55,\"skX\":84.4349,\"skY\":84.4349,\"x\":28.9},\"parent\":\"root\",\"name\":\"root11\"},{\"length\":17,\"transform\":{\"y\":-15.4,\"skX\":90,\"skY\":90,\"x\":12.85},\"parent\":\"root\",\"name\":\"图层_8301\"}],\"defaultActions\":[{\"gotoAndPlay\":\"newAnimation\"}],\"slot\":[{\"color\":{},\"name\":\"图层_829\",\"parent\":\"root\"},{\"z\":1,\"color\":{},\"name\":\"root\",\"parent\":\"root1\",\"displayIndex\":7},{\"z\":2,\"color\":{},\"name\":\"图层84513\",\"parent\":\"图层84513\"},{\"z\":3,\"color\":{},\"name\":\"图层845111\",\"parent\":\"图层845111\"},{\"z\":4,\"color\":{},\"name\":\"图层84511\",\"parent\":\"图层84511\"},{\"z\":5,\"color\":{},\"name\":\"图层845112\",\"parent\":\"图层845112\"},{\"z\":6,\"color\":{},\"name\":\"图层8451111\",\"parent\":\"图层8451111\"},{\"z\":7,\"color\":{},\"name\":\"图层84512\",\"parent\":\"图层84512\"},{\"z\":8,\"color\":{},\"name\":\"图层8451\",\"parent\":\"图层8451\"},{\"z\":9,\"color\":{},\"name\":\"图层845\",\"parent\":\"图层845\"},{\"z\":10,\"color\":{},\"name\":\"图层_830\",\"parent\":\"图层_830\"},{\"z\":11,\"color\":{},\"name\":\"root1\",\"parent\":\"root11\",\"displayIndex\":-1},{\"blendMode\":\"add\",\"z\":12,\"color\":{},\"name\":\"图层_8301\",\"parent\":\"图层_8301\"},{\"z\":13,\"color\":{},\"name\":\"组_131\",\"parent\":\"root\"},{\"z\":14,\"color\":{},\"name\":\"图层_835\",\"parent\":\"图层_835\"},{\"z\":15,\"color\":{},\"name\":\"图层_834\",\"parent\":\"图层_834\"},{\"z\":16,\"color\":{},\"name\":\"图层_833\",\"parent\":\"图层_833\"},{\"z\":17,\"color\":{},\"name\":\"图层_832\",\"parent\":\"图层_832\"}],\"animation\":[{\"duration\":30,\"frame\":[],\"bone\":[{\"frame\":[{\"duration\":30,\"transform\":{}}],\"name\":\"root\"},{\"frame\":[{\"duration\":9,\"transform\":{\"y\":-2.1438},\"tweenEasing\":0},{\"duration\":7,\"transform\":{\"scX\":1.1595,\"y\":-6.074,\"scY\":1.1595,\"x\":-3.7516},\"tweenEasing\":0},{\"duration\":6,\"transform\":{\"y\":-2.14},\"tweenEasing\":0},{\"duration\":8,\"transform\":{\"y\":-2.14}}],\"name\":\"图层_832\"},{\"frame\":[{\"duration\":9,\"transform\":{},\"tweenEasing\":0},{\"duration\":5,\"transform\":{},\"tweenEasing\":0},{\"duration\":7,\"transform\":{\"scX\":1.4753,\"y\":-5.9712,\"scY\":1.4753,\"x\":3.4121},\"tweenEasing\":0},{\"duration\":5,\"transform\":{},\"tweenEasing\":0},{\"duration\":4,\"transform\":{}}],\"name\":\"图层_834\"},{\"frame\":[{\"duration\":30,\"transform\":{}}],\"name\":\"图层_830\"},{\"frame\":[{\"duration\":4,\"transform\":{},\"tweenEasing\":0},{\"duration\":5,\"transform\":{},\"tweenEasing\":0},{\"duration\":3,\"transform\":{\"scX\":1.2737,\"y\":-4.7163,\"scY\":1.2737,\"x\":-3.3228},\"tweenEasing\":0},{\"duration\":5,\"transform\":{\"scX\":1.4562,\"y\":-7.8605,\"scY\":1.4562,\"x\":-5.5381},\"tweenEasing\":0},{\"duration\":9,\"transform\":{},\"tweenEasing\":0},{\"duration\":4,\"transform\":{}}],\"name\":\"图层_833\"},{\"frame\":[{\"duration\":11,\"transform\":{},\"tweenEasing\":0},{\"duration\":5,\"transform\":{},\"tweenEasing\":0},{\"duration\":6,\"transform\":{\"scX\":1.405,\"y\":-9.5113,\"scY\":1.405,\"x\":9.3833},\"tweenEasing\":0},{\"duration\":4,\"transform\":{},\"tweenEasing\":0},{\"duration\":4,\"transform\":{}}],\"name\":\"图层_835\"},{\"frame\":[{\"duration\":14,\"transform\":{},\"tweenEasing\":0},{\"duration\":16,\"transform\":{\"y\":-93.4548}}],\"name\":\"图层845\"},{\"frame\":[{\"duration\":14,\"transform\":{},\"tweenEasing\":0},{\"duration\":16,\"transform\":{\"y\":-93.4548}}],\"name\":\"图层8451\"},{\"frame\":[{\"duration\":14,\"transform\":{},\"tweenEasing\":0},{\"duration\":16,\"transform\":{\"y\":-85.5999}}],\"name\":\"图层84511\"},{\"frame\":[{\"duration\":9,\"transform\":{},\"tweenEasing\":0},{\"duration\":21,\"transform\":{\"y\":-117.7676}}],\"name\":\"图层845111\"},{\"frame\":[{\"duration\":9,\"transform\":{},\"tweenEasing\":0},{\"duration\":3,\"transform\":{\"y\":-117.7676},\"tweenEasing\":0},{\"duration\":9,\"transform\":{},\"tweenEasing\":0},{\"duration\":9,\"transform\":{\"y\":-117.7676}}],\"name\":\"图层8451111\"},{\"frame\":[{\"duration\":14,\"transform\":{},\"tweenEasing\":0},{\"duration\":2,\"transform\":{\"y\":-85.5999},\"tweenEasing\":0},{\"duration\":14,\"transform\":{},\"tweenEasing\":0},{\"duration\":0,\"transform\":{\"y\":-85.5999}}],\"name\":\"图层845112\"},{\"frame\":[{\"duration\":14,\"transform\":{},\"tweenEasing\":0},{\"duration\":16,\"transform\":{\"y\":-93.4548}}],\"name\":\"图层84512\"},{\"frame\":[{\"duration\":14,\"transform\":{}},{\"duration\":16,\"transform\":{},\"tweenEasing\":0},{\"duration\":0,\"transform\":{\"y\":-130.534}}],\"name\":\"图层84513\"},{\"frame\":[{\"duration\":30,\"transform\":{}}],\"name\":\"root1\"},{\"frame\":[{\"duration\":30,\"transform\":{}}],\"name\":\"root11\"},{\"frame\":[{\"duration\":30,\"transform\":{}}],\"name\":\"图层_8301\"}],\"slot\":[{\"frame\":[{\"duration\":14,\"tweenEasing\":null},{\"tweenEasing\":null,\"duration\":16,\"color\":{\"aM\":0}}],\"name\":\"图层845\"},{\"frame\":[{\"duration\":14,\"tweenEasing\":null},{\"tweenEasing\":null,\"duration\":16,\"color\":{\"aM\":0}}],\"name\":\"图层8451\"},{\"frame\":[{\"duration\":14,\"tweenEasing\":null},{\"tweenEasing\":null,\"duration\":16,\"color\":{\"aM\":0}}],\"name\":\"图层84511\"},{\"frame\":[{\"duration\":14,\"tweenEasing\":null},{\"tweenEasing\":null,\"duration\":16,\"color\":{\"aM\":0}}],\"name\":\"图层845111\"},{\"frame\":[{\"duration\":14,\"tweenEasing\":null},{\"tweenEasing\":null,\"duration\":16,\"color\":{\"aM\":0}}],\"name\":\"图层8451111\"},{\"frame\":[{\"duration\":14,\"tweenEasing\":null},{\"tweenEasing\":null,\"duration\":16,\"color\":{\"aM\":0}}],\"name\":\"图层845112\"},{\"frame\":[{\"duration\":14,\"tweenEasing\":null},{\"tweenEasing\":null,\"duration\":16,\"color\":{\"aM\":0}}],\"name\":\"图层84512\"},{\"frame\":[{\"duration\":14,\"tweenEasing\":null},{\"tweenEasing\":0,\"duration\":16},{\"tweenEasing\":null,\"duration\":0,\"color\":{\"aM\":31}}],\"name\":\"图层84513\"},{\"frame\":[{\"tweenEasing\":null,\"duration\":3,\"displayIndex\":-1},{\"tweenEasing\":null,\"duration\":3,\"displayIndex\":5},{\"tweenEasing\":null,\"duration\":4,\"displayIndex\":4},{\"tweenEasing\":null,\"duration\":4,\"displayIndex\":1},{\"tweenEasing\":null,\"duration\":4,\"displayIndex\":3},{\"tweenEasing\":null,\"duration\":4},{\"tweenEasing\":null,\"duration\":4,\"displayIndex\":2},{\"tweenEasing\":null,\"duration\":4,\"displayIndex\":6},{\"tweenEasing\":null,\"duration\":0,\"displayIndex\":7}],\"name\":\"root\"},{\"frame\":[{\"tweenEasing\":null,\"duration\":9,\"displayIndex\":-1},{\"tweenEasing\":null,\"duration\":3,\"displayIndex\":-1},{\"tweenEasing\":null,\"duration\":2,\"displayIndex\":1},{\"tweenEasing\":null,\"duration\":4},{\"tweenEasing\":null,\"duration\":2,\"displayIndex\":1},{\"tweenEasing\":null,\"duration\":10,\"displayIndex\":-1}],\"name\":\"root1\"},{\"frame\":[{\"tweenEasing\":0,\"duration\":17,\"color\":{\"aM\":0}},{\"tweenEasing\":0,\"duration\":4,\"color\":{\"aM\":0}},{\"tweenEasing\":0,\"duration\":4,\"color\":{\"aM\":42}},{\"tweenEasing\":0,\"duration\":5,\"color\":{\"aM\":0}},{\"tweenEasing\":null,\"duration\":0,\"color\":{\"aM\":0}}],\"name\":\"图层_8301\"}],\"ffd\":[],\"ik\":[],\"playTimes\":0,\"name\":\"newAnimation\"}],\"frameRate\":24,\"name\":\"Armature\",\"skin\":[{\"name\":\"\",\"slot\":[{\"display\":[{\"path\":\"图层850\",\"type\":\"image\",\"name\":\"图层850\",\"transform\":{\"y\":17.5106,\"skX\":-84.4349,\"skY\":-84.4349,\"x\":1.4318}},{\"path\":\"图层851\",\"type\":\"image\",\"name\":\"图层851\",\"transform\":{\"y\":20.0446,\"skX\":-84.4349,\"skY\":-84.4349,\"x\":1.5164}},{\"path\":\"图层851拷贝\",\"type\":\"image\",\"name\":\"图层851拷贝\",\"transform\":{\"y\":32.0971,\"skX\":-84.4349,\"skY\":-84.4349,\"x\":0.4828}},{\"path\":\"图层850拷贝\",\"type\":\"image\",\"name\":\"图层850拷贝\",\"transform\":{\"y\":32.6158,\"skX\":-84.4349,\"skY\":-84.4349,\"x\":0.6403}}],\"name\":\"root1\"},{\"display\":[{\"path\":\"图层846\",\"type\":\"image\",\"name\":\"5\",\"transform\":{\"y\":65.4159,\"skX\":-90,\"skY\":-90,\"x\":36.0137}},{\"path\":\"图层841\",\"type\":\"image\",\"name\":\"3\",\"transform\":{\"y\":63.75,\"skX\":-90,\"skY\":-90,\"x\":35.2131}},{\"path\":\"图层847\",\"type\":\"image\",\"name\":\"6\",\"transform\":{\"y\":61.75,\"skX\":-90,\"skY\":-90,\"x\":34.4955}},{\"path\":\"图层842\",\"type\":\"image\",\"name\":\"4\",\"transform\":{\"y\":63.75,\"skX\":-90,\"skY\":-90,\"x\":33.1272}},{\"path\":\"图层849\",\"type\":\"image\",\"name\":\"2\",\"transform\":{\"y\":61.75,\"skX\":-90,\"skY\":-90,\"x\":36.7923}},{\"path\":\"图层848\",\"type\":\"image\",\"name\":\"1\",\"transform\":{\"y\":65.167,\"skX\":-90,\"skY\":-90,\"x\":39.8532}},{\"path\":\"图层846\",\"type\":\"image\",\"name\":\"7\",\"transform\":{\"y\":61.75,\"skX\":-90,\"skY\":-90,\"x\":36.4}},{\"path\":\"图层842\",\"type\":\"image\",\"name\":\"8\",\"transform\":{\"y\":61.75,\"skX\":-90,\"skY\":-90,\"x\":36.4}}],\"name\":\"root\"},{\"display\":[{\"path\":\"wild/图层_829\",\"type\":\"image\",\"name\":\"wild/图层_829\",\"transform\":{\"y\":-0.5}}],\"name\":\"图层_829\"},{\"display\":[{\"path\":\"图层845\",\"type\":\"image\",\"name\":\"图层845\",\"transform\":{\"y\":0.185,\"skX\":-86.7233,\"skY\":-86.7233,\"x\":9.3547}}],\"name\":\"图层84512\"},{\"display\":[{\"path\":\"wild/图层_833\",\"type\":\"image\",\"name\":\"wild/图层_833\",\"transform\":{\"y\":-1.7421,\"skX\":-87.3281,\"skY\":-87.3281,\"x\":8.7908}}],\"name\":\"图层_833\"},{\"display\":[{\"path\":\"wild/图层_832\",\"type\":\"image\",\"name\":\"wild/图层_832\",\"transform\":{\"y\":-1.4768,\"skX\":-92.406,\"skY\":-92.406,\"x\":8.9459}}],\"name\":\"图层_832\"},{\"display\":[{\"path\":\"wild/图层_835\",\"type\":\"image\",\"name\":\"wild/图层_835\",\"transform\":{\"y\":2.658,\"skX\":-88.0005,\"skY\":-88.0005,\"x\":10.2135}}],\"name\":\"图层_835\"},{\"display\":[{\"path\":\"图层845\",\"type\":\"image\",\"name\":\"图层845\",\"transform\":{\"y\":0.185,\"skX\":-86.7233,\"skY\":-86.7233,\"x\":9.3547}}],\"name\":\"图层8451111\"},{\"display\":[{\"path\":\"图层845\",\"type\":\"image\",\"name\":\"图层845\",\"transform\":{\"y\":0.185,\"skX\":-86.7233,\"skY\":-86.7233,\"x\":9.3547}}],\"name\":\"图层845112\"},{\"display\":[{\"path\":\"wild/图层_830\",\"type\":\"image\",\"name\":\"wild/图层_830\",\"transform\":{\"y\":13.35,\"skX\":-90,\"skY\":-90,\"x\":13.4}}],\"name\":\"图层_830\"},{\"display\":[{\"path\":\"图层845\",\"type\":\"image\",\"name\":\"图层845\",\"transform\":{\"y\":0.185,\"skX\":-86.7233,\"skY\":-86.7233,\"x\":9.3547}}],\"name\":\"图层8451\"},{\"display\":[{\"path\":\"图层845\",\"type\":\"image\",\"name\":\"图层845\",\"transform\":{\"y\":0.185,\"skX\":-86.7233,\"skY\":-86.7233,\"x\":9.3547}}],\"name\":\"图层845111\"},{\"display\":[{\"path\":\"图层845\",\"type\":\"image\",\"name\":\"图层845\",\"transform\":{\"y\":0.185,\"skX\":-86.7233,\"skY\":-86.7233,\"x\":9.3547}}],\"name\":\"图层845\"},{\"display\":[{\"path\":\"wild/图层_834\",\"type\":\"image\",\"name\":\"wild/图层_834\",\"transform\":{\"y\":-2.7004,\"skX\":-92.735,\"skY\":-92.735,\"x\":7.2794}}],\"name\":\"图层_834\"},{\"display\":[{\"path\":\"图层845\",\"type\":\"image\",\"name\":\"图层845\",\"transform\":{\"y\":0.185,\"skX\":-86.7233,\"skY\":-86.7233,\"x\":9.3547}}],\"name\":\"图层84511\"},{\"display\":[{\"path\":\"wild/组_131\",\"type\":\"image\",\"name\":\"wild/组_131\",\"transform\":{}}],\"name\":\"组_131\"},{\"display\":[{\"path\":\"图层845\",\"type\":\"image\",\"name\":\"图层845\",\"transform\":{\"y\":0.185,\"skX\":-86.7233,\"skY\":-86.7233,\"x\":9.3547}}],\"name\":\"图层84513\"},{\"display\":[{\"path\":\"wild/图层_830\",\"type\":\"image\",\"name\":\"wild/图层_830\",\"transform\":{\"y\":13.35,\"skX\":-90,\"skY\":-90,\"x\":13.4}}],\"blendMode\":\"add\",\"name\":\"图层_8301\"}]}]}],\"name\":\"wild\",\"version\":\"5.0\"}"]],0,0,[],[],[]],[[[1,"j_ske","{\"frameRate\":24,\"isGlobal\":0,\"armature\":[{\"aabb\":{\"width\":75,\"y\":-52.5,\"height\":105,\"x\":-37.5},\"ik\":[],\"type\":\"Armature\",\"bone\":[{\"name\":\"root\",\"transform\":{}},{\"transform\":{},\"name\":\"bone\",\"parent\":\"root\"},{\"transform\":{},\"name\":\"bone1\",\"parent\":\"root\"}],\"defaultActions\":[{\"gotoAndPlay\":\"newAnimation\"}],\"slot\":[{\"color\":{},\"name\":\"a\",\"parent\":\"bone\"},{\"blendMode\":\"add\",\"z\":1,\"color\":{},\"name\":\"a1\",\"parent\":\"bone1\"}],\"animation\":[{\"duration\":20,\"frame\":[],\"bone\":[{\"frame\":[{\"duration\":20,\"transform\":{}}],\"name\":\"root\"},{\"frame\":[{\"duration\":10,\"transform\":{},\"tweenEasing\":0},{\"duration\":10,\"transform\":{\"scX\":1.1,\"y\":-8,\"scY\":1.1},\"tweenEasing\":0},{\"duration\":0,\"transform\":{}}],\"name\":\"bone\"},{\"frame\":[{\"duration\":10,\"transform\":{},\"tweenEasing\":0},{\"duration\":10,\"transform\":{\"scX\":1.1,\"y\":-8,\"scY\":1.1},\"tweenEasing\":0},{\"duration\":0,\"transform\":{}}],\"name\":\"bone1\"}],\"slot\":[{\"frame\":[{\"tweenEasing\":0,\"duration\":10,\"color\":{\"aM\":0}},{\"tweenEasing\":0,\"duration\":10,\"color\":{\"aM\":71}},{\"tweenEasing\":null,\"duration\":0,\"color\":{\"aM\":0}}],\"name\":\"a1\"}],\"ffd\":[],\"ik\":[],\"playTimes\":0,\"name\":\"newAnimation\"}],\"frameRate\":24,\"name\":\"Armature\",\"skin\":[{\"name\":\"\",\"slot\":[{\"display\":[{\"path\":\"图层823\",\"type\":\"image\",\"name\":\"a\",\"transform\":{}}],\"blendMode\":\"add\",\"name\":\"a1\"},{\"display\":[{\"path\":\"图层823\",\"type\":\"image\",\"name\":\"a\",\"transform\":{}}],\"name\":\"a\"}]}]}],\"name\":\"j\",\"version\":\"5.0\"}"]],0,0,[],[],[]],[[[1,"10_ske","{\"frameRate\":24,\"isGlobal\":0,\"armature\":[{\"aabb\":{\"width\":128,\"y\":-43,\"height\":86,\"x\":-64},\"ik\":[],\"type\":\"Armature\",\"bone\":[{\"name\":\"root\",\"transform\":{}},{\"transform\":{},\"name\":\"bone\",\"parent\":\"root\"},{\"transform\":{},\"name\":\"bone1\",\"parent\":\"root\"}],\"defaultActions\":[{\"gotoAndPlay\":\"newAnimation\"}],\"slot\":[{\"color\":{},\"name\":\"a\",\"parent\":\"bone\"},{\"blendMode\":\"add\",\"z\":1,\"color\":{},\"name\":\"a1\",\"parent\":\"bone1\"}],\"animation\":[{\"duration\":20,\"frame\":[],\"bone\":[{\"frame\":[{\"duration\":20,\"transform\":{}}],\"name\":\"root\"},{\"frame\":[{\"duration\":10,\"transform\":{},\"tweenEasing\":0},{\"duration\":10,\"transform\":{\"scX\":1.1,\"y\":-8,\"scY\":1.1},\"tweenEasing\":0},{\"duration\":0,\"transform\":{}}],\"name\":\"bone\"},{\"frame\":[{\"duration\":10,\"transform\":{},\"tweenEasing\":0},{\"duration\":10,\"transform\":{\"scX\":1.1,\"y\":-8,\"scY\":1.1},\"tweenEasing\":0},{\"duration\":0,\"transform\":{}}],\"name\":\"bone1\"}],\"slot\":[{\"frame\":[{\"tweenEasing\":0,\"duration\":10,\"color\":{\"aM\":0}},{\"tweenEasing\":0,\"duration\":10,\"color\":{\"aM\":71}},{\"tweenEasing\":null,\"duration\":0,\"color\":{\"aM\":0}}],\"name\":\"a1\"}],\"ffd\":[],\"ik\":[],\"playTimes\":0,\"name\":\"newAnimation\"}],\"frameRate\":24,\"name\":\"Armature\",\"skin\":[{\"name\":\"\",\"slot\":[{\"display\":[{\"path\":\"图层823拷贝\",\"type\":\"image\",\"name\":\"a\",\"transform\":{}}],\"name\":\"a\"},{\"display\":[{\"path\":\"图层823拷贝\",\"type\":\"image\",\"name\":\"a\",\"transform\":{}}],\"blendMode\":\"add\",\"name\":\"a1\"}]}]}],\"name\":\"10\",\"version\":\"5.0\"}"]],0,0,[],[],[]],[[[1,"jita_ske","{\"frameRate\":24,\"isGlobal\":0,\"name\":\"jita\",\"version\":\"5.0\",\"armature\":[{\"skin\":[{\"name\":\"\",\"slot\":[{\"display\":[{\"path\":\"jita/图层_7\",\"type\":\"image\",\"name\":\"jita/图层_7\",\"transform\":{\"y\":44.9337,\"skX\":-90,\"skY\":-90,\"x\":-14.7952}}],\"name\":\"图层_7\"},{\"display\":[{\"path\":\"jita/图层_1\",\"type\":\"image\",\"name\":\"jita/图层_1\",\"transform\":{\"y\":-37.9548,\"skX\":-23.8535,\"skY\":-23.8535,\"x\":39.4728}}],\"name\":\"图层_1\"},{\"display\":[{\"path\":\"jita/图层_1\",\"type\":\"image\",\"name\":\"jita/图层_1\",\"transform\":{\"y\":-37.9548,\"skX\":-23.8535,\"skY\":-23.8535,\"x\":39.4728}}],\"blendMode\":\"add\",\"name\":\"图层_11\"},{\"display\":[{\"path\":\"jita/图层_13\",\"type\":\"image\",\"name\":\"jita/图层_13\",\"transform\":{\"y\":-1.5672,\"skX\":-130.6473,\"skY\":-130.6473,\"x\":-0.0935}},{\"path\":\"jita/图层_11\",\"type\":\"image\",\"name\":\"jita/图层_11\",\"transform\":{\"y\":3.5292,\"skX\":-130.6473,\"skY\":-130.6473,\"x\":1.6461}},{\"path\":\"jita/图层_9\",\"type\":\"image\",\"name\":\"jita/图层_9\",\"transform\":{\"y\":8.6257,\"skX\":-130.6473,\"skY\":-130.6473,\"x\":3.3856}},{\"path\":\"jita/图层_10\",\"type\":\"image\",\"name\":\"jita/图层_10\",\"transform\":{\"y\":5.6981,\"skX\":-130.6473,\"skY\":-130.6473,\"x\":2.1902}},{\"path\":\"jita/图层_12\",\"type\":\"image\",\"name\":\"jita/图层_12\",\"transform\":{\"y\":0.981,\"skX\":-130.6473,\"skY\":-130.6473,\"x\":0.7763}},{\"path\":\"jita/图层_14\",\"type\":\"image\",\"name\":\"jita/图层_14\",\"transform\":{\"y\":-4.1155,\"skX\":-130.6473,\"skY\":-130.6473,\"x\":-0.9632}}],\"name\":\"root\"},{\"display\":[{\"path\":\"jita/图层_4\",\"type\":\"image\",\"name\":\"jita/图层_4\",\"transform\":{\"y\":2.8503,\"skX\":-107.0029,\"skY\":-107.0029,\"x\":7.0935}}],\"name\":\"图层_4\"},{\"display\":[{\"path\":\"jita/图层_5\",\"type\":\"image\",\"name\":\"jita/图层_5\",\"transform\":{\"y\":-2.9597,\"skX\":-97.2487,\"skY\":-97.2487,\"x\":10.0792}}],\"name\":\"图层_5\"},{\"display\":[{\"path\":\"jita/图层_6\",\"type\":\"image\",\"name\":\"jita/图层_6\",\"transform\":{\"y\":3.7479,\"skX\":-93.2973,\"skY\":-93.2973,\"x\":10.5836}}],\"name\":\"图层_6\"}]}],\"type\":\"Armature\",\"name\":\"Armature\",\"slot\":[{\"name\":\"图层_1\",\"parent\":\"图层_1\",\"color\":{}},{\"z\":1,\"name\":\"图层_7\",\"parent\":\"图层_7\",\"color\":{}},{\"z\":2,\"name\":\"图层_6\",\"parent\":\"图层_6\",\"color\":{}},{\"z\":3,\"name\":\"图层_5\",\"parent\":\"图层_5\",\"color\":{}},{\"z\":4,\"name\":\"图层_4\",\"parent\":\"图层_4\",\"color\":{}},{\"z\":5,\"name\":\"root\",\"parent\":\"root1\",\"color\":{}},{\"blendMode\":\"add\",\"z\":6,\"parent\":\"图层_11\",\"name\":\"图层_11\",\"color\":{}}],\"bone\":[{\"name\":\"root\",\"transform\":{}},{\"length\":45,\"transform\":{\"y\":18.75,\"skX\":23.8535,\"skY\":23.8535,\"x\":-51.45},\"parent\":\"root\",\"name\":\"图层_1\"},{\"length\":13,\"transform\":{\"y\":-24.95,\"skX\":130.6473,\"skY\":130.6473,\"x\":22.75},\"parent\":\"root\",\"name\":\"root1\"},{\"length\":12,\"transform\":{\"y\":-24.95,\"skX\":107.0029,\"skY\":107.0029,\"x\":-50.7},\"parent\":\"root\",\"name\":\"图层_4\"},{\"length\":12,\"transform\":{\"y\":-25.6149,\"skX\":93.2973,\"skY\":93.2973,\"x\":-20.6841},\"parent\":\"root\",\"name\":\"图层_6\"},{\"length\":13,\"transform\":{\"y\":-23.0398,\"skX\":90,\"skY\":90,\"x\":53.5416},\"parent\":\"root\",\"name\":\"图层_7\"},{\"length\":11,\"transform\":{\"y\":-39.4238,\"skX\":97.2487,\"skY\":97.2487,\"x\":-7.6702},\"parent\":\"root\",\"name\":\"图层_5\"},{\"length\":45,\"transform\":{\"y\":18.75,\"skX\":23.8535,\"skY\":23.8535,\"x\":-51.45},\"parent\":\"root\",\"name\":\"图层_11\"}],\"aabb\":{\"width\":153,\"y\":-72.5,\"height\":145,\"x\":-76.5},\"ik\":[],\"frameRate\":24,\"defaultActions\":[{\"gotoAndPlay\":\"newAnimation\"}],\"animation\":[{\"slot\":[{\"frame\":[{\"tweenEasing\":0,\"duration\":12,\"color\":{\"aM\":0}},{\"tweenEasing\":0,\"duration\":6,\"color\":{\"aM\":0}},{\"tweenEasing\":0,\"duration\":8},{\"tweenEasing\":0,\"duration\":5,\"color\":{\"aM\":0}},{\"tweenEasing\":null,\"duration\":0,\"color\":{\"aM\":0}}],\"name\":\"图层_7\"},{\"frame\":[{\"tweenEasing\":0,\"duration\":8,\"color\":{\"aM\":0}},{\"tweenEasing\":0,\"duration\":6,\"color\":{\"aM\":0}},{\"tweenEasing\":0,\"duration\":6},{\"tweenEasing\":0,\"duration\":4,\"color\":{\"aM\":0}},{\"tweenEasing\":null,\"duration\":7,\"color\":{\"aM\":0}}],\"name\":\"图层_6\"},{\"frame\":[{\"tweenEasing\":0,\"duration\":11,\"color\":{\"aM\":0}},{\"tweenEasing\":0,\"duration\":6,\"color\":{\"aM\":0}},{\"tweenEasing\":0,\"duration\":5},{\"tweenEasing\":0,\"duration\":3,\"color\":{\"aM\":0}},{\"tweenEasing\":0,\"duration\":2,\"color\":{\"aM\":0}},{\"tweenEasing\":null,\"duration\":4,\"color\":{\"aM\":0}}],\"name\":\"图层_5\"},{\"frame\":[{\"tweenEasing\":0,\"duration\":6,\"color\":{\"aM\":0}},{\"tweenEasing\":0,\"duration\":7},{\"tweenEasing\":0,\"duration\":6,\"color\":{\"aM\":0}},{\"tweenEasing\":null,\"duration\":12,\"color\":{\"aM\":0}}],\"name\":\"图层_4\"},{\"frame\":[{\"tweenEasing\":null,\"displayIndex\":-1,\"duration\":4},{\"tweenEasing\":null,\"displayIndex\":2,\"duration\":2},{\"tweenEasing\":null,\"displayIndex\":3,\"duration\":2},{\"tweenEasing\":null,\"displayIndex\":1,\"duration\":2},{\"tweenEasing\":null,\"displayIndex\":4,\"duration\":2},{\"tweenEasing\":null,\"duration\":2},{\"tweenEasing\":null,\"displayIndex\":5,\"duration\":2},{\"tweenEasing\":null,\"displayIndex\":-1,\"duration\":15}],\"name\":\"root\"},{\"frame\":[{\"tweenEasing\":0,\"duration\":12,\"color\":{\"aM\":0}},{\"tweenEasing\":0,\"duration\":6,\"color\":{\"aM\":56}},{\"tweenEasing\":0,\"duration\":13,\"color\":{\"aM\":0}},{\"tweenEasing\":null,\"duration\":0,\"color\":{\"aM\":0}}],\"name\":\"图层_11\"}],\"frame\":[],\"ffd\":[],\"ik\":[],\"duration\":31,\"bone\":[{\"frame\":[{\"transform\":{},\"duration\":31}],\"name\":\"root\"},{\"frame\":[{\"tweenEasing\":0,\"transform\":{},\"duration\":6},{\"tweenEasing\":0,\"transform\":{\"skX\":2.8071,\"skY\":2.8071},\"duration\":7},{\"tweenEasing\":0,\"transform\":{\"skX\":-2.5568,\"skY\":-2.5568},\"duration\":5},{\"tweenEasing\":0,\"transform\":{\"skX\":2.8065,\"skY\":2.8065},\"duration\":4},{\"tweenEasing\":0,\"transform\":{\"skX\":-2.5535,\"skY\":-2.5535},\"duration\":4},{\"tweenEasing\":0,\"transform\":{\"skX\":-0.0035,\"skY\":-0.0035},\"duration\":2},{\"tweenEasing\":0,\"transform\":{\"skX\":-0.0035,\"skY\":-0.0035},\"duration\":3},{\"transform\":{\"skX\":-0.0035,\"skY\":-0.0035},\"duration\":0}],\"name\":\"图层_1\"},{\"frame\":[{\"transform\":{},\"duration\":31}],\"name\":\"root1\"},{\"frame\":[{\"tweenEasing\":0,\"transform\":{\"y\":7.8865,\"x\":21.7537},\"duration\":6},{\"tweenEasing\":0,\"transform\":{\"y\":-5.2577,\"x\":10.5811},\"duration\":7},{\"transform\":{\"y\":-21.0308,\"x\":-11.1069},\"duration\":18}],\"name\":\"图层_4\"},{\"frame\":[{\"tweenEasing\":0,\"transform\":{},\"duration\":8},{\"tweenEasing\":0,\"transform\":{},\"duration\":6},{\"tweenEasing\":0,\"transform\":{\"y\":-26.2885,\"x\":-13.5057},\"duration\":6},{\"transform\":{\"y\":-40.7471,\"x\":-36.5081},\"duration\":11}],\"name\":\"图层_6\"},{\"frame\":[{\"transform\":{},\"duration\":12},{\"tweenEasing\":0,\"transform\":{},\"duration\":6},{\"tweenEasing\":0,\"transform\":{\"y\":-20.3078,\"x\":-10.1539},\"duration\":4},{\"tweenEasing\":0,\"transform\":{\"y\":-33.4521,\"x\":-21.3265},\"duration\":4},{\"transform\":{\"y\":-49.2251,\"x\":-35.128},\"duration\":5}],\"name\":\"图层_7\"},{\"frame\":[{\"tweenEasing\":0,\"transform\":{},\"duration\":17},{\"tweenEasing\":0,\"transform\":{\"y\":-16.4303,\"x\":-12.717},\"duration\":5},{\"transform\":{\"y\":-26.2885,\"x\":-25.8613},\"duration\":9}],\"name\":\"图层_5\"},{\"frame\":[{\"transform\":{},\"duration\":31}],\"name\":\"图层_11\"}],\"playTimes\":0,\"name\":\"newAnimation\"}]}]}"]],0,0,[],[],[]],[[{"name":"Samba_shougu","rect":[194,3,158,108],"offset":[0,0.5],"originalSize":[160,109],"rotated":1,"capInsets":[0,0,0,0]}],[0],0,[0],[3],[1]],[[[10,"itemWinAnimate",0.35,0.5,2,[{},"comps",11,[{},"cc.Sprite",11,[{},"spriteFrame",12,[[[{"frame":0},"value",6,0],[{"frame":0.016666666666666666},"value",6,1],[{"frame":0.03333333333333333},"value",6,2],[{"frame":0.05},"value",6,3],[{"frame":0.06666666666666667},"value",6,4],[{"frame":0.08333333333333333},"value",6,5],[{"frame":0.1},"value",6,6],[{"frame":0.11666666666666667},"value",6,7],[{"frame":0.13333333333333333},"value",6,8],[{"frame":0.15},"value",6,9],[{"frame":0.16666666666666666},"value",6,10],[{"frame":0.18333333333333332},"value",6,11],[{"frame":0.2},"value",6,12],[{"frame":0.21666666666666667},"value",6,13],[{"frame":0.23333333333333334},"value",6,14],[{"frame":0.25},"value",6,15],[{"frame":0.26666666666666666},"value",6,16],[{"frame":0.2833333333333333},"value",6,17],[{"frame":0.3},"value",6,18],[{"frame":0.31666666666666665},"value",6,19],[{"frame":0.3333333333333333},"value",6,20]],11,11,11,11,11,11,11,11,11,11,11,11,11,11,11,11,11,11,11,11,11]]]]]],0,0,[0,0,0,0,0,0,0,0,0,0,0,0,0,0,0,0,0,0,0,0,0],[0,0,0,0,0,0,0,0,0,0,0,0,0,0,0,0,0,0,0,0,0],[2,3,4,5,6,7,8,9,10,11,12,13,14,15,16,17,18,19,20,21,22]],[[[1,"a_ske","{\"frameRate\":24,\"isGlobal\":0,\"armature\":[{\"aabb\":{\"width\":116,\"y\":-54.5,\"height\":109,\"x\":-58},\"ik\":[],\"type\":\"Armature\",\"bone\":[{\"name\":\"root\",\"transform\":{}},{\"transform\":{},\"name\":\"bone\",\"parent\":\"root\"},{\"transform\":{},\"name\":\"bone1\",\"parent\":\"root\"}],\"defaultActions\":[{\"gotoAndPlay\":\"newAnimation\"}],\"slot\":[{\"color\":{},\"name\":\"a\",\"parent\":\"bone\"},{\"blendMode\":\"add\",\"z\":1,\"color\":{},\"name\":\"a1\",\"parent\":\"bone1\"}],\"animation\":[{\"duration\":20,\"frame\":[],\"bone\":[{\"frame\":[{\"duration\":20,\"transform\":{}}],\"name\":\"root\"},{\"frame\":[{\"duration\":10,\"transform\":{},\"tweenEasing\":0},{\"duration\":10,\"transform\":{\"scX\":1.1,\"y\":-8,\"scY\":1.1},\"tweenEasing\":0},{\"duration\":0,\"transform\":{}}],\"name\":\"bone\"},{\"frame\":[{\"duration\":10,\"transform\":{},\"tweenEasing\":0},{\"duration\":10,\"transform\":{\"scX\":1.1,\"y\":-8,\"scY\":1.1},\"tweenEasing\":0},{\"duration\":0,\"transform\":{}}],\"name\":\"bone1\"}],\"slot\":[{\"frame\":[{\"tweenEasing\":0,\"duration\":10,\"color\":{\"aM\":0}},{\"tweenEasing\":0,\"duration\":10,\"color\":{\"aM\":71}},{\"tweenEasing\":null,\"duration\":0,\"color\":{\"aM\":0}}],\"name\":\"a1\"}],\"ffd\":[],\"ik\":[],\"playTimes\":0,\"name\":\"newAnimation\"}],\"frameRate\":24,\"name\":\"Armature\",\"skin\":[{\"name\":\"\",\"slot\":[{\"display\":[{\"path\":\"图层825\",\"type\":\"image\",\"name\":\"a\",\"transform\":{}}],\"name\":\"a\"},{\"display\":[{\"path\":\"图层825\",\"type\":\"image\",\"name\":\"a\",\"transform\":{}}],\"blendMode\":\"add\",\"name\":\"a1\"}]}]}],\"name\":\"a\",\"version\":\"5.0\"}"]],0,0,[],[],[]],[[[1,"q_ske","{\"frameRate\":24,\"isGlobal\":0,\"armature\":[{\"aabb\":{\"width\":112,\"y\":-55.5,\"height\":111,\"x\":-56},\"ik\":[],\"type\":\"Armature\",\"bone\":[{\"name\":\"root\",\"transform\":{}},{\"transform\":{},\"name\":\"bone\",\"parent\":\"root\"},{\"transform\":{},\"name\":\"bone1\",\"parent\":\"root\"}],\"defaultActions\":[{\"gotoAndPlay\":\"newAnimation\"}],\"slot\":[{\"color\":{},\"name\":\"a\",\"parent\":\"bone\"},{\"blendMode\":\"add\",\"z\":1,\"color\":{},\"name\":\"a1\",\"parent\":\"bone1\"}],\"animation\":[{\"duration\":20,\"frame\":[],\"bone\":[{\"frame\":[{\"duration\":20,\"transform\":{}}],\"name\":\"root\"},{\"frame\":[{\"duration\":10,\"transform\":{},\"tweenEasing\":0},{\"duration\":10,\"transform\":{\"scX\":1.1,\"y\":-8,\"scY\":1.1},\"tweenEasing\":0},{\"duration\":0,\"transform\":{}}],\"name\":\"bone\"},{\"frame\":[{\"duration\":10,\"transform\":{},\"tweenEasing\":0},{\"duration\":10,\"transform\":{\"scX\":1.1,\"y\":-8,\"scY\":1.1},\"tweenEasing\":0},{\"duration\":0,\"transform\":{}}],\"name\":\"bone1\"}],\"slot\":[{\"frame\":[{\"tweenEasing\":0,\"duration\":10,\"color\":{\"aM\":0}},{\"tweenEasing\":0,\"duration\":10,\"color\":{\"aM\":71}},{\"tweenEasing\":null,\"duration\":0,\"color\":{\"aM\":0}}],\"name\":\"a1\"}],\"ffd\":[],\"ik\":[],\"playTimes\":0,\"name\":\"newAnimation\"}],\"frameRate\":24,\"name\":\"Armature\",\"skin\":[{\"name\":\"\",\"slot\":[{\"display\":[{\"path\":\"图层824\",\"type\":\"image\",\"name\":\"a\",\"transform\":{}}],\"name\":\"a\"},{\"display\":[{\"path\":\"图层824\",\"type\":\"image\",\"name\":\"a\",\"transform\":{}}],\"blendMode\":\"add\",\"name\":\"a1\"}]}]}],\"name\":\"q\",\"version\":\"5.0\"}"]],0,0,[],[],[]],[[[1,"jackpot_ske","{\"frameRate\":24,\"isGlobal\":0,\"armature\":[{\"aabb\":{\"width\":627.834463690947,\"y\":-270.6841441005768,\"height\":489.68659289602016,\"x\":-297.78446369094706},\"ik\":[],\"type\":\"Armature\",\"bone\":[{\"name\":\"root\",\"transform\":{}},{\"length\":24,\"transform\":{\"y\":40,\"skX\":90,\"skY\":90},\"parent\":\"root\",\"name\":\"JACKPOT\"},{\"length\":66,\"transform\":{\"y\":-47,\"skX\":90,\"skY\":90,\"x\":3},\"parent\":\"root\",\"name\":\"组_175\"},{\"length\":28,\"transform\":{\"y\":-75,\"skX\":87.9546,\"skY\":87.9546,\"x\":72},\"parent\":\"root\",\"name\":\"xin\"},{\"length\":24,\"transform\":{\"y\":40,\"skX\":90,\"skY\":90},\"parent\":\"root\",\"name\":\"JACKPOT1\"},{\"length\":28,\"transform\":{\"y\":-99.7341,\"skX\":87.9546,\"skY\":87.9546,\"x\":36.7515},\"parent\":\"root\",\"name\":\"xin1\"},{\"length\":66,\"transform\":{\"y\":-47,\"skX\":90,\"skY\":90,\"x\":3},\"parent\":\"root\",\"name\":\"组_1751\"},{\"length\":28,\"transform\":{\"scX\":1.4255,\"y\":-100.8232,\"scY\":1.4255,\"skX\":82.1216,\"skY\":82.1216,\"x\":-7.5188},\"parent\":\"root\",\"name\":\"xin11\"}],\"defaultActions\":[{\"gotoAndPlay\":\"newAnimation\"}],\"slot\":[{\"color\":{},\"name\":\"2\",\"parent\":\"root\"},{\"z\":1,\"color\":{},\"name\":\"JACKPOT\",\"parent\":\"JACKPOT\"},{\"z\":2,\"color\":{},\"name\":\"组_175\",\"parent\":\"组_175\"},{\"blendMode\":\"add\",\"z\":3,\"color\":{},\"name\":\"JACKPOT1\",\"parent\":\"JACKPOT1\"},{\"z\":4,\"color\":{},\"name\":\"xin\",\"parent\":\"xin\"},{\"z\":5,\"color\":{},\"name\":\"xin1\",\"parent\":\"xin1\"},{\"blendMode\":\"add\",\"z\":6,\"color\":{},\"name\":\"组_1751\",\"parent\":\"组_1751\"},{\"z\":7,\"color\":{},\"name\":\"xin11\",\"parent\":\"xin11\"}],\"animation\":[{\"duration\":21,\"frame\":[],\"bone\":[{\"frame\":[{\"duration\":21,\"transform\":{}}],\"name\":\"root\"},{\"frame\":[{\"duration\":5,\"transform\":{},\"tweenEasing\":0},{\"duration\":4,\"transform\":{\"scX\":1.176,\"scY\":1.176},\"tweenEasing\":0},{\"duration\":2,\"transform\":{\"scX\":1.176,\"scY\":1.176,\"skX\":5.3932,\"skY\":5.3932},\"tweenEasing\":0},{\"duration\":2,\"transform\":{\"scX\":1.176,\"scY\":1.176,\"skX\":-4.1785,\"skY\":-4.1785},\"tweenEasing\":0},{\"duration\":2,\"transform\":{\"scX\":1.176,\"scY\":1.176,\"skX\":5.2067,\"skY\":5.2067},\"tweenEasing\":0},{\"duration\":3,\"transform\":{\"scX\":1.176,\"scY\":1.176},\"tweenEasing\":0},{\"duration\":3,\"transform\":{}}],\"name\":\"JACKPOT\"},{\"frame\":[{\"duration\":8,\"transform\":{},\"tweenEasing\":0},{\"duration\":6,\"transform\":{\"scX\":0.8584,\"scY\":0.8584},\"tweenEasing\":0},{\"duration\":4,\"transform\":{\"scX\":1.1398,\"scY\":1.1398},\"tweenEasing\":0},{\"duration\":3,\"transform\":{}}],\"name\":\"组_175\"},{\"frame\":[{\"duration\":4,\"transform\":{},\"tweenEasing\":0},{\"duration\":7,\"transform\":{\"y\":-15.6729,\"x\":8.046},\"tweenEasing\":0},{\"duration\":7,\"transform\":{\"y\":-31.7648,\"x\":17.7682},\"tweenEasing\":0},{\"duration\":3,\"transform\":{\"y\":-51.754,\"x\":26.9875},\"tweenEasing\":0},{\"duration\":0,\"transform\":{\"y\":-66.7818,\"x\":33.75}}],\"name\":\"xin\"},{\"frame\":[{\"duration\":5,\"transform\":{},\"tweenEasing\":0},{\"duration\":4,\"transform\":{\"scX\":1.176,\"scY\":1.176},\"tweenEasing\":0},{\"duration\":2,\"transform\":{\"scX\":1.176,\"scY\":1.176,\"skX\":5.3932,\"skY\":5.3932},\"tweenEasing\":0},{\"duration\":2,\"transform\":{\"scX\":1.176,\"scY\":1.176,\"skX\":-4.1785,\"skY\":-4.1785},\"tweenEasing\":0},{\"duration\":2,\"transform\":{\"scX\":1.176,\"scY\":1.176,\"skX\":5.2067,\"skY\":5.2067},\"tweenEasing\":0},{\"duration\":3,\"transform\":{\"scX\":1.176,\"scY\":1.176},\"tweenEasing\":0},{\"duration\":3,\"transform\":{}}],\"name\":\"JACKPOT1\"},{\"frame\":[{\"duration\":4,\"transform\":{},\"tweenEasing\":0},{\"duration\":7,\"transform\":{\"y\":-15.6729,\"x\":8.046},\"tweenEasing\":0},{\"duration\":7,\"transform\":{\"y\":-31.7648,\"x\":17.7682},\"tweenEasing\":0},{\"duration\":3,\"transform\":{\"y\":-51.754,\"x\":26.9875},\"tweenEasing\":0},{\"duration\":0,\"transform\":{\"y\":-66.7818,\"x\":33.75}}],\"name\":\"xin1\"},{\"frame\":[{\"duration\":8,\"transform\":{},\"tweenEasing\":0},{\"duration\":6,\"transform\":{\"scX\":0.8584,\"scY\":0.8584},\"tweenEasing\":0},{\"duration\":4,\"transform\":{\"scX\":1.1398,\"scY\":1.1398},\"tweenEasing\":0},{\"duration\":3,\"transform\":{}}],\"name\":\"组_1751\"},{\"frame\":[{\"duration\":4,\"transform\":{},\"tweenEasing\":0},{\"duration\":7,\"transform\":{\"y\":-15.6729,\"x\":-6.7652},\"tweenEasing\":0},{\"duration\":7,\"transform\":{\"y\":-31.7648,\"x\":-22.9626},\"tweenEasing\":0},{\"duration\":3,\"transform\":{\"y\":-51.754,\"x\":-33.2375},\"tweenEasing\":0},{\"duration\":0,\"transform\":{\"y\":-66.7818,\"x\":-47.4394}}],\"name\":\"xin11\"}],\"slot\":[{\"frame\":[{\"tweenEasing\":0,\"duration\":4,\"color\":{\"aM\":0}},{\"tweenEasing\":0,\"duration\":7,\"color\":{\"aM\":65}},{\"tweenEasing\":0,\"duration\":7,\"color\":{\"aM\":75}},{\"tweenEasing\":0,\"duration\":3,\"color\":{\"aM\":27}},{\"tweenEasing\":null,\"duration\":0,\"color\":{\"aM\":0}}],\"name\":\"xin\"},{\"frame\":[{\"tweenEasing\":0,\"duration\":9,\"color\":{\"aM\":0}},{\"tweenEasing\":0,\"duration\":4,\"color\":{\"aM\":62}},{\"tweenEasing\":0,\"duration\":5,\"color\":{\"aM\":0}},{\"tweenEasing\":null,\"duration\":3,\"color\":{\"aM\":0}}],\"name\":\"JACKPOT1\"},{\"frame\":[{\"tweenEasing\":0,\"duration\":4,\"color\":{\"aM\":0}},{\"tweenEasing\":0,\"duration\":7,\"color\":{\"aM\":65}},{\"tweenEasing\":0,\"duration\":7,\"color\":{\"aM\":75}},{\"tweenEasing\":0,\"duration\":3,\"color\":{\"aM\":27}},{\"tweenEasing\":null,\"duration\":0,\"color\":{\"aM\":0}}],\"name\":\"xin1\"},{\"frame\":[{\"tweenEasing\":0,\"duration\":8,\"color\":{\"aM\":0}},{\"tweenEasing\":0,\"duration\":6,\"color\":{\"aM\":0}},{\"tweenEasing\":0,\"duration\":4,\"color\":{\"aM\":79}},{\"tweenEasing\":null,\"duration\":3,\"color\":{\"aM\":0}}],\"name\":\"组_1751\"},{\"frame\":[{\"tweenEasing\":0,\"duration\":4,\"color\":{\"aM\":0}},{\"tweenEasing\":0,\"duration\":7,\"color\":{\"aM\":65}},{\"tweenEasing\":0,\"duration\":7,\"color\":{\"aM\":75}},{\"tweenEasing\":0,\"duration\":3,\"color\":{\"aM\":27}},{\"tweenEasing\":null,\"duration\":0,\"color\":{\"aM\":0}}],\"name\":\"xin11\"}],\"ffd\":[],\"ik\":[],\"playTimes\":0,\"name\":\"newAnimation\"}],\"frameRate\":24,\"name\":\"Armature\",\"skin\":[{\"name\":\"\",\"slot\":[{\"display\":[{\"path\":\"jackpot/组_175\",\"type\":\"image\",\"name\":\"jackpot/组_175\",\"transform\":{\"y\":3.5,\"skX\":-90,\"skY\":-90,\"x\":33}}],\"name\":\"组_175\"},{\"display\":[{\"path\":\"d3745df51f0f69e98e3dbdd892cb56510d174c5213361-DqXmhE_fw1200\",\"type\":\"image\",\"name\":\"xin\",\"transform\":{\"scX\":0.0348,\"y\":19.1003,\"scY\":0.0348,\"skX\":-87.9546,\"skY\":-87.9546,\"x\":59.9064}}],\"name\":\"xin1\"},{\"display\":[{\"path\":\"jackpot/8b467db93664b117ba2b7b8a45f42f8\",\"type\":\"image\",\"name\":\"2\",\"transform\":{\"x\":0.5}}],\"name\":\"2\"},{\"display\":[{\"path\":\"d3745df51f0f69e98e3dbdd892cb56510d174c5213361-DqXmhE_fw1200\",\"type\":\"image\",\"name\":\"xin\",\"transform\":{\"scX\":0.0348,\"y\":19.1003,\"scY\":0.0348,\"skX\":-87.9546,\"skY\":-87.9546,\"x\":59.9064}}],\"name\":\"xin11\"},{\"display\":[{\"path\":\"d3745df51f0f69e98e3dbdd892cb56510d174c5213361-DqXmhE_fw1200\",\"type\":\"image\",\"name\":\"xin\",\"transform\":{\"scX\":0.0348,\"y\":19.1003,\"scY\":0.0348,\"skX\":-87.9546,\"skY\":-87.9546,\"x\":59.9064}}],\"name\":\"xin\"},{\"display\":[{\"path\":\"jackpot/JACKPOT\",\"type\":\"image\",\"name\":\"jackpot/JACKPOT\",\"transform\":{\"y\":-0.5,\"skX\":-90,\"skY\":-90,\"x\":-5}}],\"blendMode\":\"add\",\"name\":\"JACKPOT1\"},{\"display\":[{\"path\":\"jackpot/JACKPOT\",\"type\":\"image\",\"name\":\"jackpot/JACKPOT\",\"transform\":{\"y\":-0.5,\"skX\":-90,\"skY\":-90,\"x\":-5}}],\"name\":\"JACKPOT\"},{\"display\":[{\"path\":\"jackpot/组_175\",\"type\":\"image\",\"name\":\"jackpot/组_175\",\"transform\":{\"y\":3.5,\"skX\":-90,\"skY\":-90,\"x\":33}}],\"blendMode\":\"add\",\"name\":\"组_1751\"}]}]}],\"name\":\"jackpot\",\"version\":\"5.0\"}"]],0,0,[],[],[]],[[[1,"sca_ske","{\"frameRate\":24,\"isGlobal\":0,\"armature\":[{\"aabb\":{\"width\":172,\"y\":-79,\"height\":158,\"x\":-86},\"ik\":[],\"type\":\"Armature\",\"bone\":[{\"name\":\"root\",\"transform\":{}},{\"length\":15,\"transform\":{\"y\":55.95,\"skX\":90,\"skY\":90,\"x\":8.2},\"parent\":\"root\",\"name\":\"图层_2\"},{\"length\":28,\"transform\":{\"y\":-35.05,\"skX\":90.9142,\"skY\":90.9142,\"x\":-3.65},\"parent\":\"root\",\"name\":\"图层_1\"},{\"transform\":{\"y\":-29.1,\"x\":-21.35},\"name\":\"图层_12\",\"parent\":\"root\"},{\"length\":15,\"transform\":{\"y\":55.95,\"skX\":90,\"skY\":90,\"x\":8.2},\"parent\":\"root\",\"name\":\"图层_21\"},{\"length\":18,\"transform\":{\"scX\":2.2538,\"y\":-17.3298,\"scY\":2.2538,\"skX\":95.5423,\"skY\":95.5423,\"x\":3.4018},\"parent\":\"root\",\"name\":\"root1\"},{\"transform\":{\"y\":-35.6263,\"x\":7.6325},\"name\":\"图层_11\",\"parent\":\"图层_1\"}],\"defaultActions\":[{\"gotoAndPlay\":\"newAnimation\"}],\"slot\":[{\"color\":{},\"name\":\"bg\",\"parent\":\"root\"},{\"z\":1,\"color\":{},\"name\":\"图层_2\",\"parent\":\"图层_2\"},{\"z\":2,\"color\":{},\"name\":\"图层_1\",\"parent\":\"图层_12\"},{\"blendMode\":\"add\",\"z\":3,\"color\":{},\"name\":\"图层_21\",\"parent\":\"图层_21\"},{\"z\":4,\"color\":{},\"name\":\"root\",\"parent\":\"root1\"}],\"animation\":[{\"duration\":24,\"frame\":[],\"bone\":[{\"frame\":[{\"duration\":24,\"transform\":{}}],\"name\":\"root\"},{\"frame\":[{\"duration\":6,\"transform\":{},\"tweenEasing\":0},{\"duration\":15,\"transform\":{\"scX\":0.9,\"scY\":0.9},\"tweenEasing\":0},{\"duration\":3,\"transform\":{\"scX\":1.1695,\"scY\":1.1695},\"tweenEasing\":0},{\"duration\":0,\"transform\":{}}],\"name\":\"图层_2\"},{\"frame\":[{\"duration\":24,\"transform\":{}}],\"name\":\"图层_1\"},{\"frame\":[{\"duration\":7,\"transform\":{},\"tweenEasing\":0},{\"duration\":6,\"transform\":{\"scX\":1.11,\"scY\":1.11},\"tweenEasing\":0},{\"duration\":4,\"transform\":{\"scX\":1.1665,\"scY\":1.1665},\"tweenEasing\":0},{\"duration\":7,\"transform\":{\"scX\":1.1665,\"scY\":1.1665},\"tweenEasing\":0},{\"duration\":0,\"transform\":{}}],\"name\":\"图层_12\"},{\"frame\":[{\"duration\":24,\"transform\":{}}],\"name\":\"图层_11\"},{\"frame\":[{\"duration\":6,\"transform\":{},\"tweenEasing\":0},{\"duration\":15,\"transform\":{\"scX\":0.9,\"scY\":0.9},\"tweenEasing\":0},{\"duration\":3,\"transform\":{\"scX\":1.1695,\"scY\":1.1695},\"tweenEasing\":0},{\"duration\":0,\"transform\":{}}],\"name\":\"图层_21\"},{\"frame\":[{\"duration\":9,\"transform\":{}},{\"duration\":1,\"transform\":{},\"tweenEasing\":0},{\"duration\":1,\"transform\":{},\"tweenEasing\":0},{\"duration\":2,\"transform\":{},\"tweenEasing\":0},{\"duration\":1,\"transform\":{},\"tweenEasing\":0},{\"duration\":1,\"transform\":{},\"tweenEasing\":0},{\"duration\":1,\"transform\":{},\"tweenEasing\":0},{\"duration\":1,\"transform\":{},\"tweenEasing\":0},{\"duration\":1,\"transform\":{},\"tweenEasing\":0},{\"duration\":2,\"transform\":{},\"tweenEasing\":0},{\"duration\":1,\"transform\":{},\"tweenEasing\":0},{\"duration\":1,\"transform\":{},\"tweenEasing\":0},{\"duration\":2,\"transform\":{}}],\"name\":\"root1\"}],\"slot\":[{\"frame\":[{\"tweenEasing\":0,\"duration\":21,\"color\":{\"aM\":0}},{\"tweenEasing\":0,\"duration\":3},{\"tweenEasing\":null,\"duration\":0,\"color\":{\"aM\":0}}],\"name\":\"图层_21\"},{\"frame\":[{\"tweenEasing\":0,\"duration\":8,\"color\":{\"aM\":0}},{\"tweenEasing\":null,\"duration\":1},{\"tweenEasing\":0,\"duration\":1,\"displayIndex\":5},{\"tweenEasing\":0,\"duration\":1,\"displayIndex\":6},{\"tweenEasing\":0,\"duration\":2,\"displayIndex\":4},{\"tweenEasing\":0,\"duration\":1,\"displayIndex\":7},{\"tweenEasing\":0,\"duration\":1,\"displayIndex\":3},{\"tweenEasing\":0,\"duration\":1,\"displayIndex\":8},{\"tweenEasing\":0,\"duration\":1,\"displayIndex\":2},{\"tweenEasing\":0,\"duration\":1,\"displayIndex\":9},{\"tweenEasing\":0,\"duration\":2,\"displayIndex\":1},{\"tweenEasing\":0,\"duration\":1,\"displayIndex\":10},{\"tweenEasing\":0,\"duration\":1},{\"tweenEasing\":0,\"duration\":2,\"displayIndex\":11}],\"name\":\"root\"}],\"ffd\":[],\"ik\":[],\"playTimes\":0,\"name\":\"newAnimation\"}],\"frameRate\":24,\"name\":\"Armature\",\"skin\":[{\"name\":\"\",\"slot\":[{\"display\":[{\"path\":\"sca/图层_2\",\"type\":\"image\",\"name\":\"sca/图层_2\",\"transform\":{\"y\":8.7,\"skX\":-90,\"skY\":-90,\"x\":7.55}}],\"name\":\"图层_2\"},{\"display\":[{\"path\":\"星光闪闪0001/星光闪闪0011\",\"type\":\"image\",\"name\":\"星光闪闪0001/星光闪闪0011\",\"transform\":{\"y\":8.3123,\"skX\":-95.5423,\"skY\":-95.5423,\"x\":8.0404}},{\"path\":\"星光闪闪0001/星光闪闪0009\",\"type\":\"image\",\"name\":\"星光闪闪0001/星光闪闪0009\",\"transform\":{\"y\":15.6136,\"skX\":-95.5423,\"skY\":-95.5423,\"x\":20.8052}},{\"path\":\"星光闪闪0001/星光闪闪0007\",\"type\":\"image\",\"name\":\"星光闪闪0001/星光闪闪0007\",\"transform\":{\"y\":9.5638,\"skX\":-95.5423,\"skY\":-95.5423,\"x\":10.6736}},{\"path\":\"星光闪闪0001/星光闪闪0005\",\"type\":\"image\",\"name\":\"星光闪闪0001/星光闪闪0005\",\"transform\":{\"y\":-3.539,\"skX\":-95.5423,\"skY\":-95.5423,\"x\":21.4585}},{\"path\":\"星光闪闪0001/星光闪闪0003\",\"type\":\"image\",\"name\":\"星光闪闪0001/星光闪闪0003\",\"transform\":{\"y\":2.4182,\"skX\":-95.5423,\"skY\":-95.5423,\"x\":17.0131}},{\"path\":\"星光闪闪0001/星光闪闪0001\",\"type\":\"image\",\"name\":\"星光闪闪0001/星光闪闪0001\",\"transform\":{\"y\":11.4914,\"skX\":-95.5423,\"skY\":-95.5423,\"x\":6.3395}},{\"path\":\"星光闪闪0001/星光闪闪0002\",\"type\":\"image\",\"name\":\"星光闪闪0001/星光闪闪0002\",\"transform\":{\"y\":10.8489,\"skX\":-95.5423,\"skY\":-95.5423,\"x\":7.7842}},{\"path\":\"星光闪闪0001/星光闪闪0004\",\"type\":\"image\",\"name\":\"星光闪闪0001/星光闪闪0004\",\"transform\":{\"y\":-3.7805,\"skX\":-95.5423,\"skY\":-95.5423,\"x\":23.9468}},{\"path\":\"星光闪闪0001/星光闪闪0006\",\"type\":\"image\",\"name\":\"星光闪闪0001/星光闪闪0006\",\"transform\":{\"y\":2.9641,\"skX\":-95.5423,\"skY\":-95.5423,\"x\":16.5637}},{\"path\":\"星光闪闪0001/星光闪闪0008\",\"type\":\"image\",\"name\":\"星光闪闪0001/星光闪闪0008\",\"transform\":{\"y\":13.8644,\"skX\":-95.5423,\"skY\":-95.5423,\"x\":18.1238}},{\"path\":\"星光闪闪0001/星光闪闪0010\",\"type\":\"image\",\"name\":\"星光闪闪0001/星光闪闪0010\",\"transform\":{\"y\":12.6129,\"skX\":-95.5423,\"skY\":-95.5423,\"x\":15.4906}},{\"path\":\"星光闪闪0001/星光闪闪0012\",\"type\":\"image\",\"name\":\"星光闪闪0001/星光闪闪0012\",\"transform\":{\"y\":9.3559,\"skX\":-95.5423,\"skY\":-95.5423,\"x\":7.6393}}],\"name\":\"root\"},{\"display\":[{\"path\":\"sca/图层_2\",\"type\":\"image\",\"name\":\"sca/图层_2\",\"transform\":{\"y\":8.7,\"skX\":-90,\"skY\":-90,\"x\":7.55}}],\"blendMode\":\"add\",\"name\":\"图层_21\"},{\"display\":[{\"path\":\"sca/图层_1\",\"type\":\"image\",\"name\":\"sca/图层_1\",\"transform\":{\"y\":23.1,\"x\":24.85}}],\"name\":\"图层_1\"},{\"display\":[{\"path\":\"sca/01a3a608dad0fc5a78e5a30dc3b3b90\",\"type\":\"image\",\"name\":\"bg\",\"transform\":{\"y\":6.5}}],\"name\":\"bg\"}]}]}],\"name\":\"sca\",\"version\":\"5.0\"}"]],0,0,[],[],[]],[[{"name":"Samba_scatter","rect":[3,864,172,157],"offset":[0,-0.5],"originalSize":[172,158],"capInsets":[0,0,0,0]}],[0],0,[0],[3],[1]],[[{"name":"Samba_wild","rect":[3,508,184,170],"offset":[0,0],"originalSize":[184,172],"capInsets":[0,0,0,0]}],[0],0,[0],[3],[1]],[[{"name":"Samba_jita","rect":[185,759,153,145],"offset":[0,0],"originalSize":[153,145],"rotated":1,"capInsets":[0,0,0,0]}],[0],0,[0],[3],[1]],[[[11,"SambaFeverSlotItem"],[12,"SambaSlotItem",[-29,-30,-31,-32,-33,-34,-35,-36,-37,-38,-39,-40,-41],[[9,-2,[37]],[17,-28,[-16,-17,-18,-19,-20,-21,-22,-23,-24,-25,-26,-27],[-4,-5,-6,-7,-8,-9,-10,-11,-12,-13,-14,-15],-3,38]],[18,-1],[5,148,133]],[3,"wild",false,1,[-42,-43],[0,"32WJnQ2ptN5bllMIQKkaaM",1]],[3,"scatter",false,1,[-44,-45],[0,"23+WqtL2pJwK53if/pPilV",1]],[3,"gu",false,1,[-46,-47],[0,"afCh/Azh1Dfok2yUbn4cBa",1]],[13,"jackpot",false,1,[-48,-49],[0,"75prr4Z95H/5mn/YSKHLGE",1],[0,0,0,0,0,0,1,0.85,0.85,1]],[3,"shougu",false,1,[-50,-51],[0,"48szuWKo9IUap5T9vRBijf",1]],[3,"10",false,1,[-52,-53],[0,"98qzDsxgpDhoIEgRY5Cyb0",1]],[3,"k",false,1,[-54,-55],[0,"73BVz6ylZK7K6xdgyMUVEg",1]],[3,"J",false,1,[-56,-57],[0,"d0L0UtGuhCr7Pc+mP4PrBU",1]],[3,"q",false,1,[-58,-59],[0,"5cGSs3R/NIUam45ZqBDPQD",1]],[3,"jita",false,1,[-60,-61],[0,"f9xuR0c7tOE75Tg/EbSka4",1]],[3,"a",false,1,[-62,-63],[0,"bdSf29HCFG66ajlqSoQZ+d",1]],[15,"animateNode",false,1,[[[16,0,-64,[1],2],-65],4,1],[0,"2ea+QJiytEmopZdu7Qxw1e",1],[5,250,250],[0,7,0,0,0,0,1,1.05,1.05,1]],[19,"Armature","newAnimation",0,"3fb27ed8-70dc-40a3-8f34-1e93a42cf44e#9de4c0b3-0d03-4db0-9dd4-57f0c4cc7706",[34]],[14,"sign",false,1,[[9,-66,[0]]],[0,"10BNkvvt1OjKJcGo9W9quO",1],[5,180,194]],[20,true,13,[3]],[8,"scatterAnim",false,3,[-67],[0,"74wuW+NNVNw7G1xuRi4/Ej",1],[5,172,158]],[4,"Armature","newAnimation",0,"7b7b1b34-23fa-45fd-a432-76d38a893297#b194fcbb-7ae0-4c2e-8650-6e74bb25337a",17,[4]],[7,"item",3,[[2,-68,[5],6]],[0,"capk//9hRE3ZUpd9/o8Jz8",1],[5,172,157]],[8,"guAnim",false,4,[-69],[0,"45f+4Ts+xKfpxITaazvHxa",1],[5,146,100]],[4,"Armature","newAnimation",0,"04136a74-d7b9-4759-adae-3d3ac6e9696c#e3441b64-41ad-47c5-93ef-d0f09101208c",20,[7]],[7,"item",4,[[2,-70,[8],9]],[0,"15yimoal9ChI+FlEwcZZYN",1],[5,146,100]],[5,"jackpotAnim",false,5,[-71],[0,"60mAigwRtCZ5YK3Lqzzfxk",1],[5,627.834463690947,489.68659289602016],[0,1,0,0,0,0,1,1,1,1]],[4,"Armature","newAnimation",0,"6ccc5fcb-ea87-4be7-ba5d-8e924afc6e89#19e17e7b-351f-427a-9f36-d45788ff856e",23,[10]],[7,"item",5,[[2,-72,[11],12]],[0,"31Vj4AjAhHK7mg5EBgfmGW",1],[5,176,174]],[5,"shouguAnim",false,6,[-73],[0,"67rf30Or9H47lPtASKSzZt",1],[5,160,109],[-4,8,0,0,0,0,1,1,1,0.473]],[4,"Armature","newAnimation",0,"d6be59b5-ed18-41dc-a320-d90b04c20d85#95ba9291-ba15-4bdc-94ea-0a9ab2eb1438",26,[13]],[6,"item",6,[[2,-74,[14],15]],[0,"db5/cj+3JJrbsmNZysBfxs",1],[5,158,108],[-4,8,0,0,0,0,1,1,1,1]],[5,"10Anim",false,7,[-75],[0,"17KfYBCIhNkbVOuTzIWVy9",1],[5,128,86],[-4,-3,0,0,0,0,1,1,1,1.234]],[4,"Armature","newAnimation",0,"44213938-e3b2-48d0-a6e0-d7b94f3ac4f6#06de3ba8-333e-4375-a745-34b419741761",29,[16]],[6,"item",7,[[2,-76,[17],18]],[0,"b4TKy7MeBLOa6H6ryFPeot",1],[5,128,86],[-4,-3,0,0,0,0,1,1,1,1]],[5,"kAnim",false,8,[-77],[0,"51wDdXLHZKALbjofVldK5a",1],[5,112,111],[-2.325,-0.136,0,0,0,0,1,1,1,0.596]],[4,"Armature","newAnimation",0,"19447b2b-4fd3-47b9-9a98-bcc8430df34f#6a285c3b-3c8b-4467-a4a5-1fd96c74ada5",32,[19]],[6,"item",8,[[2,-78,[20],21]],[0,"f3eHAgOdRFepCvpr4Vglrd",1],[5,112,111],[-4.168,-1.345,0,0,0,0,1,1,1,1]],[5,"JAnim",false,9,[-79],[0,"b8HplgbwNGO6I1uolsqc0K",1],[5,75,105],[0,-1,0,0,0,0,1,1,1,0.57]],[4,"Armature","newAnimation",0,"41365513-b500-427b-8788-2ac6e09af783#3f90f25d-4c2f-4264-9d2a-c15c1a53c1dc",35,[22]],[6,"item",9,[[2,-80,[23],24]],[0,"27QkMw2/lOL7ZCCXWoQkNN",1],[5,75,105],[0,-1,0,0,0,0,1,1,1,1]],[5,"qAnim",false,10,[-81],[0,"667kXuUBxF1ZSwN26jxLXS",1],[5,112,111],[2,2,0,0,0,0,1,1,1,0.57]],[4,"Armature","newAnimation",0,"5d408ab2-997e-48d1-9921-48fa96501212#e1234c26-c456-4566-9fd0-fa4a9ace5cab",38,[25]],[6,"item",10,[[2,-82,[26],27]],[0,"339ZXH9m1BZaLy1y1P2MWe",1],[5,111,110],[2,2,0,0,0,0,1,0.92,0.92,0.92]],[8,"jitaAnim",false,11,[-83],[0,"aeYvOq6BVDfa9er/uSxoG2",1],[5,153,145]],[4,"Armature","newAnimation",0,"48c34786-40d7-4f4f-8351-73802f4b89ac#7143d937-9687-4860-b990-4b781846bbd3",41,[28]],[7,"item",11,[[2,-84,[29],30]],[0,"eeFm89wvpLeIFTBBR6KgJr",1],[5,153,145]],[5,"aAnim",false,12,[-85],[0,"4aQO9cQL5BjoDcIV33tmk/",1],[5,116,109],[-1,-1,0,0,0,0,1,1,1,0.514]],[4,"Armature","newAnimation",0,"5c51fc6d-7bf6-4919-9e72-d552134a4bd7#2b1c345d-4a36-4e16-bb2c-f692916fb4a8",44,[31]],[6,"item",12,[[2,-86,[32],33]],[0,"e7LJcsZa1EbrBQ0OCrwJMJ",1],[5,116,109],[-1,-1,0,0,0,0,1,1,1,1]],[8,"wildAnim",false,2,[14],[0,"06tLFyfLtOKKSwmfjE7xs2",1],[5,184,165]],[7,"item",2,[[2,-87,[35],36]],[0,"80A8W9k7xAFKzjJLCoatAX",1],[5,184,170]]],0,[0,6,1,0,1,1,0,7,16,0,-1,39,0,-2,36,0,-3,30,0,-4,33,0,-5,45,0,-6,27,0,-7,21,0,-8,42,0,-9,14,0,-10,18,0,-11,24,0,-12,14,0,-1,10,0,-2,9,0,-3,7,0,-4,8,0,-5,12,0,-6,6,0,-7,4,0,-8,11,0,-9,2,0,-10,3,0,-11,5,0,-12,2,0,1,1,0,-1,15,0,-2,13,0,-3,3,0,-4,4,0,-5,5,0,-6,6,0,-7,7,0,-8,8,0,-9,9,0,-10,10,0,-11,11,0,-12,12,0,-13,2,0,-1,47,0,-2,48,0,-1,17,0,-2,19,0,-1,20,0,-2,22,0,-1,23,0,-2,25,0,-1,26,0,-2,28,0,-1,29,0,-2,31,0,-1,32,0,-2,34,0,-1,35,0,-2,37,0,-1,38,0,-2,40,0,-1,41,0,-2,43,0,-1,44,0,-2,46,0,1,13,0,-2,16,0,1,15,0,-1,18,0,1,19,0,-1,21,0,1,22,0,-1,24,0,1,25,0,-1,27,0,1,28,0,-1,30,0,1,31,0,-1,33,0,1,34,0,-1,36,0,1,37,0,-1,39,0,1,40,0,-1,42,0,1,43,0,-1,45,0,1,46,0,1,48,0,8,1,14,1,47,87],[0,0,0,0,0,0,0,0,0,0,0,0,0,0,0,0,0,0,0,0,0,0,0,0,0,0,0,0,0,0,0,0,0,0,0,0,0,0,0,16,18,18,21,21,24,24,27,27,30,30,33,33,36,36,39,39,42,42,45,45,14,14],[-1,-1,2,-1,-1,-1,2,-1,-1,2,-1,-1,2,-1,-1,2,-1,-1,2,-1,-1,2,-1,-1,2,-1,-1,2,-1,-1,2,-1,-1,2,-1,-1,2,-1,9,10,4,5,4,5,4,5,4,5,4,5,4,5,4,5,4,5,4,5,4,5,4,5],[0,0,23,24,0,0,25,0,0,26,0,0,27,0,0,28,0,0,29,0,0,30,0,0,31,0,0,32,0,0,33,0,0,34,0,0,35,0,36,37,38,39,40,41,42,43,44,45,46,47,48,49,50,51,52,53,54,55,56,57,58,59]],[[{"name":"Samba_q","rect":[193,551,111,110],"offset":[-0.5,0.5],"originalSize":[112,111],"capInsets":[0,0,0,0]}],[0],0,[0],[3],[1]],[[{"name":"Samba_a","rect":[194,319,116,109],"offset":[0,0],"originalSize":[116,109],"capInsets":[0,0,0,0]}],[0],0,[0],[3],[1]],[[[21,"Bg_link",".mp3",2.377143],-1],0,0,[],[],[]],[[[1,"shougu_ske","{\"frameRate\":24,\"isGlobal\":0,\"name\":\"shougu\",\"version\":\"5.0\",\"armature\":[{\"skin\":[{\"name\":\"\",\"slot\":[{\"display\":[{\"path\":\"shougu/图层_2_拷贝\",\"type\":\"image\",\"name\":\"shougu/图层_2_拷贝\",\"transform\":{\"y\":-0.0154,\"skX\":-136.5404,\"skY\":-136.5404,\"x\":41.3449}}],\"blendMode\":\"add\",\"name\":\"图层_2_拷贝1\"},{\"display\":[{\"path\":\"shougu/图层_2_拷贝\",\"type\":\"image\",\"name\":\"shougu/图层_2_拷贝\",\"transform\":{\"y\":-0.0154,\"skX\":-136.5404,\"skY\":-136.5404,\"x\":41.3449}}],\"name\":\"图层_2_拷贝\"},{\"display\":[{\"path\":\"shougu/图层_2_拷贝_2\",\"type\":\"image\",\"name\":\"shougu/图层_2_拷贝_2\",\"transform\":{\"y\":-2.9718,\"skX\":-176.6367,\"skY\":-176.6367,\"x\":61.931}}],\"blendMode\":\"add\",\"name\":\"图层_2_拷贝_21\"},{\"display\":[{\"path\":\"shougu/图层_2_拷贝_2\",\"type\":\"image\",\"name\":\"shougu/图层_2_拷贝_2\",\"transform\":{\"y\":-2.9718,\"skX\":-176.6367,\"skY\":-176.6367,\"x\":61.931}}],\"name\":\"图层_2_拷贝_2\"}]}],\"type\":\"Armature\",\"name\":\"Armature\",\"slot\":[{\"name\":\"图层_2_拷贝_2\",\"parent\":\"图层_2_拷贝_2\",\"color\":{}},{\"blendMode\":\"add\",\"z\":1,\"parent\":\"图层_2_拷贝_21\",\"name\":\"图层_2_拷贝_21\",\"color\":{}},{\"z\":2,\"name\":\"图层_2_拷贝\",\"parent\":\"图层_2_拷贝\",\"color\":{}},{\"blendMode\":\"add\",\"z\":3,\"parent\":\"图层_2_拷贝1\",\"name\":\"图层_2_拷贝1\",\"color\":{}}],\"bone\":[{\"name\":\"root\",\"transform\":{}},{\"length\":42,\"transform\":{\"y\":-28.45,\"skX\":136.5404,\"skY\":136.5404,\"x\":14.5},\"parent\":\"root\",\"name\":\"图层_2_拷贝\"},{\"length\":52,\"transform\":{\"y\":12.4,\"skX\":176.6367,\"skY\":176.6367,\"x\":64.65},\"parent\":\"root\",\"name\":\"图层_2_拷贝_2\"},{\"length\":42,\"transform\":{\"y\":-28.45,\"skX\":136.5404,\"skY\":136.5404,\"x\":14.5},\"parent\":\"root\",\"name\":\"图层_2_拷贝1\"},{\"length\":52,\"transform\":{\"y\":12.4,\"skX\":176.6367,\"skY\":176.6367,\"x\":64.65},\"parent\":\"root\",\"name\":\"图层_2_拷贝_21\"}],\"aabb\":{\"width\":160,\"y\":-54.5,\"height\":109,\"x\":-80},\"ik\":[],\"frameRate\":24,\"defaultActions\":[{\"gotoAndPlay\":\"newAnimation\"}],\"animation\":[{\"slot\":[{\"frame\":[{\"tweenEasing\":0,\"duration\":11,\"color\":{\"aM\":0}},{\"tweenEasing\":0,\"duration\":3,\"color\":{\"aM\":0}},{\"tweenEasing\":0,\"duration\":3,\"color\":{\"aM\":56}},{\"tweenEasing\":0,\"duration\":9,\"color\":{\"aM\":0}},{\"tweenEasing\":null,\"duration\":0,\"color\":{\"aM\":0}}],\"name\":\"图层_2_拷贝1\"},{\"frame\":[{\"tweenEasing\":0,\"duration\":10,\"color\":{\"aM\":0}},{\"tweenEasing\":0,\"duration\":4,\"color\":{\"aM\":0}},{\"tweenEasing\":0,\"duration\":2,\"color\":{\"aM\":69}},{\"tweenEasing\":0,\"duration\":2,\"color\":{\"aM\":0}},{\"tweenEasing\":0,\"duration\":8,\"color\":{\"aM\":0}},{\"tweenEasing\":null,\"duration\":0,\"color\":{\"aM\":0}}],\"name\":\"图层_2_拷贝_21\"}],\"frame\":[],\"ffd\":[],\"ik\":[],\"duration\":26,\"bone\":[{\"frame\":[{\"transform\":{},\"duration\":26}],\"name\":\"root\"},{\"frame\":[{\"tweenEasing\":0,\"transform\":{},\"duration\":11},{\"tweenEasing\":0,\"transform\":{\"y\":-14.4855,\"scX\":1.2447,\"scY\":1.2447,\"x\":5.1734},\"duration\":3},{\"tweenEasing\":0,\"transform\":{},\"duration\":3},{\"tweenEasing\":0,\"transform\":{\"scX\":0.95,\"scY\":0.95},\"duration\":9},{\"transform\":{},\"duration\":0}],\"name\":\"图层_2_拷贝\"},{\"frame\":[{\"tweenEasing\":0,\"transform\":{},\"duration\":10},{\"tweenEasing\":0,\"transform\":{\"scX\":0.8921,\"scY\":0.8921},\"duration\":4},{\"tweenEasing\":0,\"transform\":{\"scX\":1.03,\"scY\":1.03},\"duration\":2},{\"tweenEasing\":0,\"transform\":{},\"duration\":10},{\"transform\":{\"scX\":1.05,\"scY\":1.05},\"duration\":0}],\"name\":\"图层_2_拷贝_2\"},{\"frame\":[{\"tweenEasing\":0,\"transform\":{},\"duration\":11},{\"tweenEasing\":0,\"transform\":{\"y\":-14.4855,\"scX\":1.2447,\"scY\":1.2447,\"x\":5.1734},\"duration\":3},{\"tweenEasing\":0,\"transform\":{},\"duration\":3},{\"tweenEasing\":0,\"transform\":{\"scX\":0.95,\"scY\":0.95},\"duration\":9},{\"transform\":{},\"duration\":0}],\"name\":\"图层_2_拷贝1\"},{\"frame\":[{\"tweenEasing\":0,\"transform\":{},\"duration\":10},{\"tweenEasing\":0,\"transform\":{\"scX\":0.8921,\"scY\":0.8921},\"duration\":4},{\"tweenEasing\":0,\"transform\":{\"scX\":1.03,\"scY\":1.03},\"duration\":2},{\"tweenEasing\":0,\"transform\":{},\"duration\":10},{\"transform\":{\"scX\":1.05,\"scY\":1.05},\"duration\":0}],\"name\":\"图层_2_拷贝_21\"}],\"playTimes\":0,\"name\":\"newAnimation\"}]}]}"]],0,0,[],[],[]]]]