[1,["fcQahC5O1J5o/X5B2pHEHg"],["_texture"],[["dragonBones.DragonBonesAtlasAsset",["_name","_atlasJson"],1]],[[0,0,1,3]],[[0,"bigwin_tex","{\"SubTexture\":[{\"width\":555,\"y\":578,\"height\":477,\"name\":\"big win/4e0e5262961cebb77f85fb47d4f817b\",\"x\":1},{\"width\":760,\"y\":1057,\"height\":197,\"name\":\"big win/组_115\",\"x\":1},{\"frameWidth\":1100,\"y\":1,\"frameHeight\":621,\"width\":776,\"frameX\":-154,\"height\":575,\"name\":\"f2c485dd3496f4ba5388046f0eaffc229322a1b4a388b-Qg0TpA\",\"frameY\":0,\"x\":1},{\"width\":46,\"y\":631,\"height\":48,\"name\":\"星光闪闪0001/星光闪闪0005\",\"x\":739},{\"width\":41,\"y\":637,\"height\":35,\"name\":\"星光闪闪0001/星光闪闪0011\",\"x\":558},{\"width\":39,\"y\":683,\"height\":30,\"name\":\"星光闪闪0001/星光闪闪0012\",\"x\":601},{\"width\":58,\"y\":578,\"height\":56,\"name\":\"星光闪闪0001/星光闪闪0002\",\"x\":679},{\"width\":58,\"y\":578,\"height\":57,\"name\":\"星光闪闪0001/星光闪闪0004\",\"x\":558},{\"width\":59,\"y\":578,\"height\":56,\"name\":\"星光闪闪0001/星光闪闪0003\",\"x\":618},{\"width\":36,\"y\":673,\"height\":38,\"name\":\"星光闪闪0001/星光闪闪0007\",\"x\":669},{\"width\":49,\"y\":636,\"height\":45,\"name\":\"星光闪闪0001/星光闪闪0001\",\"x\":618},{\"width\":41,\"y\":674,\"height\":35,\"name\":\"星光闪闪0001/星光闪闪0010\",\"x\":558},{\"width\":46,\"y\":578,\"height\":51,\"name\":\"星光闪闪0001/星光闪闪0006\",\"x\":739},{\"width\":40,\"y\":636,\"height\":35,\"name\":\"星光闪闪0001/星光闪闪0009\",\"x\":669},{\"width\":34,\"y\":711,\"height\":32,\"name\":\"星光闪闪0001/星光闪闪0008\",\"x\":558}],\"width\":1024,\"height\":2048,\"name\":\"bigwin\",\"imagePath\":\"bigwin_tex.png\"}"]],0,0,[0],[0],[0]]