{"paths":{"0":["Animation/heibao/Amazon_wild_tex",2],"1":["Animation/megawin/soltwin_tex",2],"2":["Animation/k/Amazon_k_tex",2],"3":["Texture/selfTag",2],"4":["Animation/freeSpin/Amazon_freespin_tex",2],"5":["Texture/bigImg/kuang",2],"6":["newAudio/monkey_link",8],"7":["Animation/10/Amazon_10_tex",2],"8":["Font/beishuFont",2],"9":["newAudio/Bet_rdc",8],"10":["newAudio/megawin",8],"11":["newAudio/s_fw",8],"12":["Font/shuzi02_0",2],"13":["newAudio/bigwin",8],"14":["newAudio/UIspin",8],"15":["Animation/lujin/freebiakuang01_tex",2],"16":["newAudio/But_spin",8],"17":["Texture/bigImg/rule_bg",2],"18":["Animation/q/Amazon_q_tex",2],"19":["newAudio/collect",8],"20":["Font/shuzi",2],"21":["Texture/bigImg/rule4",2],"22":["newAudio/freespin_finish",8],"23":["newAudio/megawin_sound_m",8],"24":["newAudio/snake_link",8],"25":["Animation/winanimate/winAnimate_tex",2],"26":["Animation/meizhoubao/Amazon_meizhoubao_tex",2],"27":["Font/greenFont",2],"28":["Animation/j/Amazon_j_tex",2],"29":["newAudio/Win_nm",8],"30":["newAudio/bird_link",8],"31":["Texture/bigImg/rule2",2],"32":["Animation/houzi/Amazon_monky_tex",2],"33":["newAudio/supwin",8],"34":["Animation/row/row_right_tex",2],"35":["Animation/superwin/superwin_tex",2],"36":["newAudio/Stop_spin",8],"37":["newAudio/superwin_sound_w",8],"38":["newAudio/xiyi_link",8],"39":["Texture/bigImg/rule3",2],"40":["Animation/xiyi/Amazon_xiyi_tex",2],"41":["newAudio/s_clik",8],"42":["newAudio/totalwin",8],"43":["Animation/totalWin/Amazon_totalwin_tex",2],"44":["Animation/scatter/scatter_jiantou_tex",2],"45":["newAudio/bigwin_sound_m",8],"46":["newAudio/buffalo_link",8],"47":["Texture/bigImg/bg",2],"48":["newAudio/Bg_link",8],"49":["newAudio/s_wait",8],"50":["Animation/juzuiniao/Amazon_juzuiniao_tex",2],"51":["newAudio/Bg_nm",8],"52":["Animation/money/money_tex",2],"53":["Animation/a/Amazon_a_tex",2],"54":["Animation/scatter/Amazon_scatter_tex",2],"55":["newAudio/getfreespin",8],"56":["newAudio/Bet_pls",8],"57":["newAudio/Sp_stop",8],"58":["Texture/bigImg/rule1",2],"59":["newAudio/Bg_frsp",8],"60":["newAudio/btn_touch",8],"61":["Animation/she/Amazon_snake_tex",2],"62":["newAudio/luckyball",8],"63":["Animation/player/xiao_tex",2],"64":["Animation/bigwin/bigwin_tex",2],"65":["Texture/bigImg/bg01",2],"66":["Prefabs/animateNode/megaWinNode",6],"67":["Animation/megawin/soltwin_tex",3],"68":["Texture/img/xiaozouzi",4,1],"70":["Texture/img/rule5",4,1],"71":["Animate/j",0],"72":["Prefabs/ludoRow",6],"73":["Texture/elements/win_19",4,1],"74":["Font/greenFont",4,1],"75":["Animation/houzi/Amazon_monky_tex",3],"76":["Texture/img/shangdaohang",4,1],"77":["Animation/heibao/Amazon_wild_tex",3],"80":["Texture/img/ludo_btn_sub",4,1],"83":["Animation/row/row_right_ske",1],"85":["Animation/scatter/Amazon_scatter_tex",3],"86":["Texture/elements/win_8",4,1],"88":["Animation/scatter/Amazon_scatter_tex",4,1],"89":["Texture/img/tz_3",4,1],"90":["Animation/xiyi/Amazon_xiyi_tex",4,1],"92":["Texture/img/img_atlas",7],"93":["Animation/winanimate/winAnimate_tex",3],"94":["Animation/meizhoubao/Amazon_meizhoubao_ske",1],"95":["Animation/10/Amazon_10_tex",3],"96":["Animate/9",0],"97":["Font/beishuFont",4,1],"98":["Prefabs/animateNode/bigWinNode",6],"99":["Animate/selfTagAnimate",0],"100":["Texture/bigImg/bg01",4,1],"101":["Animation/q/Amazon_q_tex",3],"102":["Prefabs/animateNode/superWinNode",6],"103":["Texture/img/wen an",4,1],"104":["Font/greenFont",5],"105":["Texture/bigImg/rule1",4,1],"106":["Prefabs/ludoItem",6],"107":["Animation/lujin/freebiakuang01_tex",4,1],"109":["Animation/row/row_right_tex",4,1],"110":["Animation/superwin/superwin_tex",3],"111":["Animation/money/money_ske",1],"112":["Texture/img/ludo_btn_Sure",4,1],"113":["Animation/scatter/scatter_jiantou_ske",1],"114":["Texture/img/ludo_btn_help",4,1],"115":["Animation/juzuiniao/Amazon_juzuiniao_tex",4,1],"116":["Animation/scatter/scatter_jiantou_tex",4,1],"117":["Animate/q",0],"118":["Prefabs/animateNode/freeSpinNode",6],"119":["Animation/freeSpin/Amazon_freespin_tex",4,1],"120":["Animation/juzuiniao/Amazon_juzuiniao_ske",1],"121":["Animate/tzAnimate",0],"122":["Texture/img/boasorte_1",4,1],"123":["Prefabs/animateNode/winNode",6],"124":["Animation/money/money_tex",3],"125":["Texture/img/gongjian",4,1],"126":["Texture/bigImg/rule4",4,1],"127":["Texture/img/yue",4,1],"128":["Animation/totalWin/Amazon_totalwin_tex",4,1],"129":["Animation/player/xiao_tex",3],"130":["Animation/freeSpin/Amazon_freespin_tex",3],"131":["Texture/imgElegent/a",4,1],"132":["Texture/img/ludo_img_auto_3",4,1],"133":["Texture/elements/win_17",4,1],"134":["Prefabs/ruleNode",6],"135":["Animation/juzuiniao/Amazon_juzuiniao_tex",3],"136":["Animation/freeSpin/Amazon_freespin_ske",1],"137":["Animation/row/row_right_tex",3],"138":["Font/beishuFont",5],"139":["Texture/elements/win_18",4,1],"140":["Font/shuzi",5],"141":["Animation/k/Amazon_k_tex",4,1],"142":["Texture/img/xiaomeizhoubao",4,1],"143":["Animation/totalWin/Amazon_totalwin_ske",1],"144":["Texture/img/ludo_btn_stop_x",4,1],"145":["Texture/imgElegent/meizhoubao",4,1],"146":["Texture/img/xiaojuzuin",4,1],"147":["Texture/imgElegent/shanhushe",4,1],"148":["Animation/scatter/Amazon_scatter_ske",1],"149":["Prefabs/animateNode/freeOverNode",6],"150":["Texture/bigImg/rule2",4,1],"151":["Texture/imgElegent/k",4,1],"152":["Texture/imgElegent/10",4,1],"153":["Animation/superwin/superwin_tex",4,1],"154":["Animation/meizhoubao/Amazon_meizhoubao_tex",4,1],"155":["Texture/imgElegent/wild",4,1],"156":["Texture/img/ludo_btn_auto",4,1],"157":["Texture/img/fanhui",4,1],"158":["Texture/img/tz_2",4,1],"159":["Texture/imgElegent/j",4,1],"160":["Font/shuzi",4,1],"161":["Animation/k/Amazon_k_ske",1],"162":["Animation/a/Amazon_a_tex",3],"163":["Texture/elements/win_14",4,1],"164":["Animation/bigwin/bigwin_tex",3],"165":["Animation/she/Amazon_snake_tex",3],"166":["Animation/k/Amazon_k_tex",3],"167":["Animate/zdAnimate",0],"168":["Animation/j/Amazon_j_ske",1],"169":["Texture/img/ludo_btn_add",4,1],"170":["Animate/10",0],"171":["Animation/player/xiao_ske",1],"172":["Animation/meizhoubao/Amazon_meizhoubao_tex",3],"173":["Texture/imgElegent/houzi",4,1],"174":["Texture/img/ludo_img_auto_2",4,1],"176":["Texture/elements/win_20",4,1],"177":["Animate/qizhistartAnimate",0],"178":["Font/shuzi02_0",5],"179":["Animation/heibao/Amazon_wild_tex",4,1],"180":["Texture/img/ludo_frame_below_bet",4,1],"181":["Texture/img/ludo_img_auto_1",4,1],"182":["Animation/megawin/soltwin_ske",1],"183":["Texture/bigImg/rule_bg",4,1],"184":["Animation/she/Amazon_snake_ske",1],"185":["Texture/img/ludo_btn_stop",4,1],"186":["Texture/elements/win_12",4,1],"187":["Texture/imgElegent/yesuxiyi",4,1],"189":["Animation/player/xiao_tex",4,1],"190":["Animation/j/Amazon_j_tex",3],"191":["Animation/q/Amazon_q_ske",1],"192":["Texture/bigImg/rule3",4,1],"193":["Font/shuzi02_0",4,1],"194":["Texture/elements/win_15",4,1],"195":["Texture/img/boasorte",4,1],"196":["Texture/img/xiaor",4,1],"197":["Texture/imgElegent/juzuiniao",4,1],"198":["Texture/elements/win_16",4,1],"199":["Animation/houzi/Amazon_monky_ske",1],"200":["Animation/scatter/scatter_jiantou_tex",3],"201":["Animate/k",0],"202":["Texture/img/yamaxun_baxi_fast01",4,1],"203":["Animation/a/Amazon_a_ske",1],"204":["Texture/imgElegent/sca",4,1],"205":["Animation/xiyi/Amazon_xiyi_tex",3],"206":["Texture/img/lodu-luckyball",4,1],"207":["Animation/megawin/soltwin_tex",4,1],"208":["Animation/houzi/Amazon_monky_tex",4,1],"209":["Texture/bigImg/kuang",4,1],"210":["Texture/imgElegent/sca_01",4,1],"211":["Texture/elements/win_10",4,1],"212":["Texture/elements/AutoAtlas",7],"213":["Animation/10/Amazon_10_ske",1],"215":["Animation/she/Amazon_snake_tex",4,1],"216":["Animation/money/money_tex",4,1],"217":["Animation/bigwin/bigwin_tex",4,1],"218":["Texture/img/ludo_btn_maxbat",4,1],"219":["Texture/elements/win_13",4,1],"220":["Animation/a/Amazon_a_tex",4,1],"221":["Animation/winanimate/winAnimate_ske",1],"222":["Texture/img/tz_1",4,1],"223":["Texture/elements/win_9",4,1],"224":["Texture/selfTag",7],"225":["Animation/totalWin/Amazon_totalwin_tex",3],"226":["Texture/img/btn_add",4,1],"227":["Animation/superwin/superwin_ske",1],"228":["Animation/lujin/freebiakuang01_ske",1],"229":["Texture/img/ludo_btn_spin",4,1],"230":["Texture/img/ludo_btn_freespin",4,1],"231":["Texture/img/logo",4,1],"232":["Texture/imgElegent/q",4,1],"233":["Texture/imgElegent/imgElegent_atlas",7],"234":["Texture/img/lodu-collect",4,1],"235":["Texture/img/rule_close",4,1],"236":["Animation/j/Amazon_j_tex",4,1],"237":["Animation/q/Amazon_q_tex",4,1],"238":["Animation/lujin/freebiakuang01_tex",3],"239":["Animation/10/Amazon_10_tex",4,1],"240":["Texture/elements/win_11",4,1],"241":["Animation/heibao/Amazon_wild_ske",1],"242":["Texture/img/glod_img",4,1],"244":["Animation/xiyi/Amazon_xiyi_ske",1],"246":["Animation/bigwin/bigwin_ske",1],"247":["Animation/winanimate/winAnimate_tex",4,1],"248":["Texture/bigImg/bg",4,1],"249":["Animate/td",0],"250":["Texture/img/yamaxun_baxi_fast",4,1]},"types":["cc.AnimationClip","dragonBones.DragonBonesAsset","cc.Texture2D","dragonBones.DragonBonesAtlasAsset","cc.SpriteFrame","cc.BitmapFont","cc.Prefab","cc.SpriteAtlas","cc.AudioClip"],"uuids":["02UkcqD5ZEQ55VcyRbzXTp","06Al0hgzxEbY7QAasFq1+6","0cTr5xP51LtJBPLoiOyDv8","0cqh4BVcxJd62iqTtuFWGa","19GuXw0vpFUYdoewb/3iCm","1ckGvQsqpFE49UEkg3CgYa","1dlH+ilR1N9pyPWgPxzyZg","20VTUqt89B84xIs7AxkIuj","20adtHP+JHtbzok4RH4QbX","27G3jd0k1JsrwhBAJGAZaa","27JTkeRndH6JCrOQ7Gs9/P","27T1iHm39ABb3Yd/CMAxtg","30+M3AyKtBcryNIENNHCan","32GbMs1flBmKq9jZr7ZzwQ","32wwKnD0BCV6yZJeJwGRxD","370CAK4ChDb68MqdGroimE","3bx9NIkHBDP75xcMlmChqv","3ecQXtvzRJzZ2F8rj4TvVb","3eyx2R6JRJno0R8ppDUxi5","48o8Q7KEFHvp0vYpstxtcV","4ehb8RZW5DgIJkvBPIIk+J","50MGjSRexA2YzApMM7VmE8","53VglNkalABLgIHyETaDcR","57aKLDVI9KrLZnJRcucXHc","5fL6my7rpN0ZjJ3YpyW7AP","61qkMuIilO0I3ebNOfDzOL","62lCHXseZJqogLYT5G6TXf","639r1IJ7tCwrr4GQO2jmzI","68CL08oIRL8rzP8gmZiD2i","69ApRIY2FEToQcXp2fbKy6","6c51PTmRtKf5r80r8DRlYm","6dcIQyVBNBmaUdeLl0/xFs","6eGkTCUw5J7bNP4E/q/O/r","72B5eBvhFM75XFSLnLCe+o","729v3HeKtKcK5FYY9lXKiG","75K1F9ISRPua9Ubw1CKgQQ","75pXtyGSRLJYkn/48WT+Tk","769k/luRxAGL17rj2ZdANm","78xCVIHENFMpNC1U5AVRe9","88vhS2gq1FCKy2ACeu90vo","8eIMJV8+tC84iH+UVQfNan","8ekLGi5m9CMoW3kLmTDaLL","905ras02BErZhiC2kDvCQr","91Veh/uWVKnbd89jhmhvDj","96iDfNlm1CUpvh4cI10QsL","a0QS29L/BH54WPrMYi5Gxu","a1Mz7aIQ5GbL5AWcQhtR0Z","a2htgiYt5HGJ+AFgVlDVE5","aby5kPbI1N0qWZF/GTZFHI","aeywwhQLJHHLa3RKnx9CB5","b1YowYy8NPKq+kEr33V9ji","b48SgA7T9JZ5lLzYoxrHjN","b75q8uUJhA6oI5mwcbEYn7","b8iAcANt5EVp+f6/ogW3rK","b86uIFNN5CEYpDIH7FifRj","c2Ye6DaT9NJbnObr5jwuVA","cfp5DHaLxMlJbUIGCu5/Xw","cf5FpxBQ9LCrBuneD1gzHv","d3F24/lZZPv7hjmr16Il0S","dc2eKce3BGBpiEitvCBPNY","e14S++N/xDuIumbqLQAr1o","e5I3rRs8BEV6pFxwaBZb+M","e7CYEv4W1EsrwwgnK4dtue","ed1o6YqCpP/pLPjvRFeV5p","eeqjUVn9pLx6EUMJn+oEIu","f3Kl3FFlhD4YwvgWNeF+MY","01mx8kc4hAHL8xEzEPCj/O","017TszyChFbp7aWXh5aFxT","02dRR0z9FJAamaJNHyk+Gc","02gb3T0mhHpZ6Pp4fRrKan","06uoUDAVdDXYNh2c0bqX8G","0dgS/8s3VIqYiUA7PEKvWC","0fKaqOS0NE8pLvrV1/737B","10bX8I9h1K7pDM7VVBLaRc","11E/gbqzdBE5ShF7W95swC","12WY+afAdETJ+L/4wtNFaa","14vVJpW9xIULDEnJK72Hm+","16dgz0wqlERq7ahZoimVjw","17c0f4d91","18d393b70","19M/dH0jRPDaxPUgtXWXqO","1986c2eb8","1a159edee","1bIfVfNdZCI46n2dylFbjF","1bvDGd17VDoqTPdVFf8yyc","1crIcQqJ9KpqB4ta7DJC3F","1dKyxq01hJbKK4gPzIl8HG","1d5v0Gb1ZFIrYWawhLYFgh","1d8EM8vQVIR5rVlhV3kk3g","1eicIEFn1DOrr9lsm31+eB","1ffAATWX5F/IcKITm+nPEJ","21sto/yRVHw7i8bO83O3F2","21xOyJQRJGdKMsDPujBOIQ","22tTiYZs5F4IQp5mfunCuj","23u1ugeHNHbLU0ParicjMz","24lM72ZQhK561eOxj7NX72","253E6Z6BRGtIcZ9rdbb82t","27FBXmcw9I4qmNfOu9FtXi","27eLqmy29ILKfP+InVQeym","277AcYDpVHlKUCZ81AMHfl","29F3UhgaZBTY8gEtVefQ6z","2ay9L4ifZDu7Q6s4G3UW2i","2cM4EkpN9KAqRQLUI/sJUH","2cnRdkvLhHcp2L1KzAomiD","2crlNfGnlETrJBljiFcxcM","2dPNjYB8BEV6r0YT9gERrz","2eosbRClJKRrHOJOailLcy","30VOErwuJFfpg7AdGTgYuy","30ifunASRErbiFgk9qYb9i","33BAChODxLpbYk1tw3ylIQ","35y7uMDk5Kr6hshzeF57W+","36JZVnsgpLTY4KPO82bWiG","36NZdIfB9GVbkJGAqM3Oqd","37ot0D9IBAlap1BYIilcB5","3991yEoexEb7T4jChASOBn","3elCN0EadCxqeb8P5wW9SK","3fT4ZrZaVDsKGmiT3DW2D8","3fhGkMBxNF/ZPBBnUcaBgS","40MbycRgFNrrvgqYYmB6an","42VvU5NcxKeb43iLI9StJ6","42fLpcYYBMWYCohycR4T1t","42ywKBUUpJSrD91bdr6FKZ","43TgAXvbdNoKzXsoLYIG0g","45YkO1XsJCuryByBM8q4V6","46Vs1zQ11A4JpeDjaWwfyA","46ad3Le/hMN7JmaNRXtXNw","49D89VADNI4ZXTDiXQGwqR","49GvGgTPxMZ7FIpmz6l+tP","4cR/jdoyBG46vYsaUOSWQ0","4d1jprB35PR7rlxphhcDMB","4eODEMGQJIGaUS6BHWwZdS","553SdLrfZNxZYIfsoB20d4","56tLbBtDFKnJfpa7PW3ime","5aOZv8fRJHNrVEj2Eg1pc7","5b0Om0TuVKV5nwElYdbQ2j","5cWxdCLelOgICuTIvVEb/U","5f5o/KkxBGp4jvcB5sh5VG","62EHINdYJOSJkavqR6Tk1u","64X9/sj89KpbnT/gNIahNZ","64j8XMhspBmp2A1qC6sywu","65zazEQ4pNrKojQ7FXYbSC","656FAnPrROvrSNJPJiw3bt","66mPqJ12VPb5sUV2h9mOvN","670Tvl0PRMbqRcCKZJa2A2","6bPXxUJWBE8p/7Lgk+Npq8","6b2uKB0adEGaq9MunWXgzV","6cbUw5Zp5H8qxdHP+MJa2S","6cz/LWiBdILIA/gU20aDif","6dbtIXseRG9ZfuFAfaukLU","6fEzKpcQZOdruYDK9VM5U4","705JOhGQZGp4GxGpxCX3v8","71o8ssiGdGiI79wDs3cT5O","72T/W/JadDPJoOEfrgWGUZ","73LtJp6M9GOKpFBdhTPjv6","79WQEm641NhI+CMctqWR1D","7aPS+S26BAIp0MDza8z010","7b7eSi0NBLoo0fAXbKcgk5","7cekuC0qZGu5AIytghUEvI","7cz0HaZ/ZAHKG9c+XD04yf","7fzd6uNXZANYt6kghwKKbA","7f6jU01hpIM5thj8BVzvdF","80PNHL+ARB45oZI/24qvM2","80bOcHL8dOdJkArz9AZp7H","81J3A6mUlGo61rxJwTeWXm","81euUZstZAlbHM3Za3wfdv","81/ipFAVpMJ5cwBTEVU56M","82rUurHiFJ8ZgyQ/zTS9VU","829ykEFxlCf4fBcDi57BHv","86GrirJ3FDT6gdIOY2ZNFm","89QVr4tR5MOqCSzm5UdQ8E","89fvY2uTpIZY90XgJrGU+t","89qG4P059G6rj0NT0M8T+n","89xsJ44BROKaniNdkL/AhX","8bMeypzMVNtqkmaN0iUG33","8dIC2FZGlN57w6wQQej4nY","8dXfGycbZNR6u8V4DEpyot","8dYJrix91BQK2yMrZqj/Cj","8fVobjDAFOAans1g8D5Wnm","8fjkNLtLRKqru8o0yceVAz","90qn9p2pBPDZ+HnFLTU0h3","904ysxmnlFFr9FabyCArsr","93sp1w3MFKFpNd7hlyDqVx","97qfifadBNmZ/UGgmeP8P9","98nAcGcylPzabB9UeM03K7","99OaY2T1NFaq/LqNDe5y87","9eVhGjdbFDPrInRzOqDZ0g","9ed1WZ++hNHqayN+oxX1T4","9fGhyZueNKXJZppGIg/Ax/","9ftvR8CdJOd5W8SHwBTl6y","a0qyd2oURIYIbCD8BzA95y","a1kcVvLcZHcby9aWTiydBi","a1zJdbGORNoYdm5DD2VNoW","a17AjkFidP3pOKcGTjIkR3","a2Tk1najtIpJ0BltOL+ai9","a6pdXVLwtOoJ/inUKd45Ch","a69lBiqrFDgqLcCp7/Jj4w","a7zpzzmHpMZKnn3+0t3xZ1","aal5M7/DpHvoq2ceZszq6U","ado7Ljy+ZNq6LDomewmkwV","afZmkcsNxFbJC5hAqZ2XpI","afi2sjZT5MwLSQNObxfSgy","b2zVbG5dpHZrDVZSCrsBUq","b3+ryjeYBEO7UZFAbiTXMK","b4gcaoZHdCra3CXxNCcQi5","b5ZJ2RVFlIHo3o5FK2+NZg","b5oMTf67xEkLFEcyfKAuC/","b7UrJB07xJv5EqNJGvuPG2","baBxnDFw5Fb5iqv1mqdEf9","baexFgb5JMKpf7PUPcNJAP","bb4qWx7IdChaQSTFX/1ieJ","bccFeVodJDn5fpC/OdVQT9","c2/aR+jy5Jm4fkbEh1logl","c3QpJFvGhOEKu94y0nQ55s","cdn+XrakVBnas7pN/+atPx","ceW67okbJGbJxYwd4aEcCz","cfOpPhd2BLiJLYiPMP8HWt","d2ofz68ndDsY/jZyKJCpp5","d3Pmt03jxB6IpKb97hJzxP","d3xM8/X8FFgLqy+vgIW/WB","d4361+vK9L/78Mmbw6arxW","d7HTupLTVBQ4wsiFocb4cg","d7NwEc1ohJ34IWhJ0AURqR","d8pmLaHqdIV68CX7GeuE/2","d9grNqDWNANKAlRgWJ//GH","daYfx3TZ9AXb2uEezEATlG","dadVqeCU5OG4aLw2LfgtUL","da1OlE0wlAebVeI0fOg1Mp","decwGaAKFFMbrKUjLOOEs0","dfFPOmNQhIh74IW7KG2LAl","e09wOMfI9P85QBZf571N6L","e2AlqAj+RP1rdBh3rjLrZZ","e3SUM9nb5AGrprPIuh/swU","e4QKGDSGpEdohb7XP3yqxK","e5epKQLCpAJopSYjMCsak5","e6ffVbJWRKn7VTKpevmQzP","e6nHOHgsZKPLt09WN4P0x0","e7WUnqnJZEwo/kgLi2QQZ4","e8psTmWvRH+5WnU9APw486","e90JLjzhNIJbqFYp+ZllgF","e9/6a9+5ZJaJXcVVqFEZwB","ebj4i+6ZJBKqmZOGdP0pUJ","ebwHdzVEZLsa9U6Tk7uh7R","efXjGAuqNKaK3wz8vKlqbs","f3cJxngP9OmIHzXibMSxXc","f4cVOsCLNFmJ2Td7rsbRPB","f7oGiAsDpMqoi8JbBdpXX0","f9HglkwCJICYqpUSWLtzEq","f9smyJGExDpKhvOz1NnFZI","f98pjzeN9L+o3Ri7IkJu+O","fcFiM2XZlPbZVPCnAMPRDD","fcZ8zqkohCRb3ozSVrzuZJ","064DCmTGZFKZwSBN1FpKPB","065qQC0DVGhpaAWQ4Ycamt","0eZMtPfzpOh6Row4fdC9Oc","17UB/xipNE8qcOKehwTOLb","18hEK0islDkbJJ9mZRJUhs","19SQ6CuAhBC5C0RSIR2S8R","1bwvPT4G9IGqxngT8PQ1eC","1eSba9UyxOCrviaf95Dtb7","1f9digCeBBPYVoY7TmUph5","21RjDZK8BOroekGXLBlT+/","28oreHLB9MmJFVf9JexlTd","29FYIk+N1GYaeWH/q1NxQO","35BYiUu2BJQLQR3XoLHEj4","3b0kJVCGVIe7B2pHghrCnB","3dt2s7x5RLHoh0OwObDg6n","40lN99AcpNWoqzkC5Pfmue","44UZiV/Q1NcKJT/3pmr+09","5565YQEcNOULyFuWy81ndO","5baxhrF0pCOKyDyieD+xux","5bgyULDCJHjo5SSBYy5cPD","5cqXC1KYNBi6a7hpL+b5Mw","5dj7cwXwBMCbFB6RhQ7G0t","5fOa7NN+VEfbd9ehXZKYZ0","65TaNl1WdBzYmQyE02vH0C","66cAbtIWpKda2ZeXG6N+ki","68nS1dF0RIj5KjgP6UYRC1","6cBxt5011ASK6lHMcJmcb+","6crZYaSaxKvrNB97IKw+Gd","6eyQ16OWhPpa5aur4fgF/N","72QuhCZnZA8o6kVo9VicGZ","78lSQH995MXYQyNu2gd2NZ","8ap+RYxuBIuYfvmiYP2jdT","8bvGQPJidL3KW6d44JTqcn","8dGNodLLpDk7y45CP8sQ9Q","912txkAetANY8IlCmj3oDx","9408xu079PybIkXLHRAhmi","95+uJ4l4hB2arEurD/FmQz","97hXpEKAVDIIji6WDVBot5","99KBq4qr1Moa2MRg+yW47Y","9cre9w0QhCiqwQedDAi2Xs","9d+1nL1DBAr6mTxDTYDbJF","a2MjXRFdtLlYQ5ouAFv/+R","a9cNWqur9KXJor3fP63NMi","badN1P2PtEA4fJd9KadG6a","caQKP4jJ1MZp42e3R7sjRN","caoCEE+EFCCpsyu2ZG2L1u","cbtO1M9LNOJriWKxRIq8k6","ccCrWZfSJGx7l7T3GQLa5l","d3H8p2Vn5HSIzcDvldtgPe","dd87lr1vhMd4TqBhIZ/AgK","dfTHefd2RAaYlLxNftOkbE","e8So1lioNMroxe+NAK0TZS","e97GVMl6JHh5Ml5qEDdSGa","eaXdnWWupGsZy72/ujAcZj","ecpdLyjvZBwrvm+cedCcQy","f0BIwQ8D5Ml7nTNQbh1YlS","f7R9MelnRNIqprjM2mzdVU","f7VFy6ikpOkamcHYURzKF6","f8G7G4GgxJCIeG6GI7RYiU","fadkybvHtFI5/pkuIkJLsg","ffDdntJ4NEc6teA7E9r42+"],"scenes":{"db://assets/LudoSolt/LudoSoltScene.fire":243},"redirect":[262,0,292,1,303,0,304,1,305,2,306,0],"deps":["main","resources","internal"],"packs":{"01680cadd":[279,291,206],"01c3ea46f":[0,1,2,3,78,79,4,81,82,84,5,87,7,8,91,108,12,15,17,18,20,21,25,26,27,28,31,32,34,35,39,175,40,43,44,188,47,50,52,53,54,58,61,63,64,65,245],"02a17f4a1":[178,193],"0475322bb":[251,254,256,258,264,265,266,267,268,269,272,273,275,277,278,282,283,284,285,286,287,288,290,296,297,301,302,307,308,310],"055a4f8c9":[74,104],"06014157c":[103,118],"06c86414c":[69,98,294,246],"0728f556d":[102,227],"079a022a1":[111,123],"082ad5956":[71,94,96,106,113,117,120,125,131,145,147,148,151,152,155,159,170,173,184,187,197,199,201,204,210,221,232,241,244],"086a780e8":[68,252,253,73,76,80,83,257,86,6,89,259,9,10,11,261,100,13,14,263,114,16,121,122,19,127,22,132,23,133,271,24,139,274,142,29,144,146,30,33,36,37,281,38,156,157,158,163,167,169,171,174,176,41,177,180,181,289,185,186,45,46,194,195,293,48,198,49,202,51,209,55,211,56,57,218,219,222,223,226,59,228,229,60,230,231,62,240,243,309,249,250,311],"09456fed0":[112,214],"096e3d4b0":[97,138],"0a685eac3":[70,105,126,134,150,183,192,235,248],"0b9e1bb50":[140,160],"0e1095268":[66,182]},"name":"Ludo","importBase":"import","nativeBase":"native","debug":false,"isZip":false,"encrypted":false,"versions":{"import":["01680cadd","e3757","01c3ea46f","fc316",67,"85d6e","02a17f4a1","51525","0475322bb","27a7a","055a4f8c9","08e3e","06014157c","1ae53","06c86414c","c6f4d","0728f556d","06939","079a022a1","fcf28","082ad5956","47f23","086a780e8","90323","09456fed0","eb0c4","096e3d4b0","09490","0a685eac3","c9de7","0b9e1bb50","8fe5e","0e1095268","a0bee",72,"933e3",75,"e5565",77,"00cdf",255,"3f57a",85,"bbd09",88,"b9c06",90,"eb102",260,"9bc97",92,"4052f",93,"465d8",95,"3b905",99,"b3f8d",101,"e35b7",107,"483b4",109,"71be8",110,"e00ea",115,"79842",116,"dfa8b",119,"5e89d",124,"daf68",128,"98a09",129,"16b9d",130,"81565",270,"7b7ca",135,"c6183",136,"ca1ba",137,"d167a",141,"01655",143,"fb9f1",276,"452a4",149,"d6a1a",280,"c6650",153,"0edd3",154,"41cc4",161,"7bef3",162,"4c1f3",164,"26e8e",165,"ff7fa",166,"2b243",168,"3d4e0",172,"14e18",179,"9cf2e",42,"4af7f",189,"c8c49",190,"b430d",191,"709d3",196,"61700",200,"034fa",203,"b7dc6",205,"b4505",207,"5d20a",208,"65dde",212,"b71dc",295,"cab8f",298,"68ac4",213,"3947b",215,"a689e",216,"1355f",299,"3495e",217,"66acf",220,"def9a",224,"bf4e9",225,"8af34",300,"03104",233,"e63ce",234,"fb470",236,"d37ca",237,"439d2",238,"82194",239,"f74c4",242,"673d1",247,"e2c65"],"native":[0,"8c364",69,"44664",1,"c3baa",2,"ff544",3,"096ba",78,"2ab3e",79,"aa834",4,"3e7d2",81,"04f8c",82,"7ffa5",84,"32f14",5,"4a014",6,"ef82c",87,"cb1b7",7,"53e03",8,"ba1e2",91,"4d2cf",9,"2d16a",10,"1f333",11,"dd3f2",108,"96ca6",12,"36d61",13,"ff4e9",14,"e57d1",15,"68ce6",16,"bc28c",17,"98ffb",18,"8d004",19,"5575b",20,"1c238",21,"8c4ee",22,"b07bc",23,"12430",24,"a805c",25,"4f0b6",26,"d5bb0",27,"128f0",28,"981cd",29,"399ac",30,"20b91",31,"4a1bc",32,"b5859",33,"60cde",34,"9f8c5",35,"006cf",36,"c45a8",37,"b362f",38,"84b86",39,"999f8",175,"3f7ac",40,"34f41",41,"648c1",42,"be658",43,"7b1ad",44,"51878",188,"e54be",45,"f557b",46,"65414",47,"496e2",48,"22268",49,"25e8d",50,"bf743",51,"f95f2",52,"c3061",53,"7fcdd",54,"a9eb6",55,"6ccd5",214,"2cf8f",56,"61cb5",57,"90542",58,"5fe12",59,"a972e",60,"3fe66",61,"08c51",62,"1ea9a",63,"a8cb5",64,"94b49",65,"d5574",245,"838a8"]}}