[1,0,0,[["dragonBones.DragonBonesAsset",["_name","_dragonBonesJson"],1]],[[0,0,1,3]],[[0,"s_slot_total_ske","{\"frameRate\":24,\"isGlobal\":0,\"armature\":[{\"bone\":[{\"name\":\"root\",\"transform\":{}},{\"transform\":{},\"name\":\"bone\",\"parent\":\"root\"},{\"transform\":{\"y\":75,\"x\":1},\"name\":\"shuzi\",\"parent\":\"bone\"},{\"transform\":{\"y\":-155.05,\"x\":1.578},\"name\":\"gm\",\"parent\":\"bone\"},{\"transform\":{\"y\":-164,\"x\":-2},\"name\":\"7_拷贝_5\",\"parent\":\"bone\"},{\"transform\":{\"y\":-55.6,\"x\":3.6836},\"name\":\"bg\",\"parent\":\"bone\"},{\"transform\":{\"y\":-137.2339,\"x\":-2.7872},\"name\":\"maizi2\",\"parent\":\"bone\"},{\"transform\":{\"y\":-138.5871,\"x\":3.8549},\"name\":\"maizi1\",\"parent\":\"bone\"},{\"transform\":{\"y\":-149.1097,\"x\":3.2522},\"name\":\"yuan\",\"parent\":\"bone\"},{\"transform\":{\"y\":-2,\"x\":-57},\"name\":\"7_拷贝_6\",\"parent\":\"7_拷贝_5\"},{\"transform\":{\"y\":-4,\"x\":55},\"name\":\"7_拷贝_7\",\"parent\":\"7_拷贝_5\"},{\"transform\":{\"y\":-84,\"x\":-4},\"name\":\"win\",\"parent\":\"shuzi\"}],\"aabb\":{\"width\":670,\"y\":-427.45000000000005,\"height\":567,\"x\":-335.5},\"type\":\"Armature\",\"frameRate\":24,\"ik\":[],\"skin\":[{\"slot\":[{\"display\":[{\"path\":\"s_slot_total/7_拷贝_6\",\"type\":\"image\",\"name\":\"s_slot_total/7_拷贝_6\",\"transform\":{\"y\":-34.95,\"x\":7}}],\"name\":\"7_拷贝_6\"},{\"display\":[{\"path\":\"s_slot_total/maizi1\",\"type\":\"image\",\"name\":\"s_slot_total/maizi1\",\"transform\":{\"y\":-1.4757,\"x\":127.0064}}],\"name\":\"maizi1\"},{\"display\":[{\"path\":\"s_slot_total/7_拷贝_7\",\"type\":\"image\",\"name\":\"s_slot_total/7_拷贝_7\",\"transform\":{\"y\":-33.95,\"x\":7}}],\"name\":\"7_拷贝_7\"},{\"display\":[{\"path\":\"s_slot_total/win\",\"type\":\"image\",\"name\":\"s_slot_total/win\",\"transform\":{\"y\":-52.95,\"x\":3}},{\"path\":\"s_slot_total/free\",\"type\":\"image\",\"name\":\"s_slot_total/free\",\"transform\":{\"y\":-53.95}}],\"name\":\"win1\"},{\"display\":[{\"path\":\"s_slot_total/yuan\",\"type\":\"image\",\"name\":\"s_slot_total/yuan\",\"transform\":{\"y\":0.6245,\"x\":-0.4145}}],\"name\":\"yuan\"},{\"display\":[{\"path\":\"s_slot_total/7_拷贝_5\",\"type\":\"image\",\"name\":\"s_slot_total/7_拷贝_5\",\"transform\":{\"y\":-44.95,\"x\":5.5}}],\"name\":\"7_拷贝_5\"},{\"display\":[{\"path\":\"s_slot_total/bg\",\"type\":\"image\",\"name\":\"s_slot_total/bg\",\"transform\":{\"y\":2.15,\"x\":0.8919}}],\"name\":\"bg\"},{\"display\":[{\"path\":\"s_slot_total/maizi2\",\"type\":\"image\",\"name\":\"s_slot_total/maizi2\",\"transform\":{\"y\":-4.0225,\"x\":-122.2386}}],\"name\":\"maizi2\"},{\"display\":[{\"path\":\"s_slot_total/shuzi\",\"type\":\"image\",\"name\":\"s_slot_total/shuzi\",\"transform\":{\"y\":-21.45,\"x\":-1.5}}],\"name\":\"shuzi\"},{\"display\":[{\"path\":\"s_slot_total/gm\",\"type\":\"image\",\"name\":\"s_slot_total/gm\",\"transform\":{\"y\":5.1,\"x\":6.0769}}],\"name\":\"gm\"}],\"name\":\"\"}],\"defaultActions\":[{\"gotoAndPlay\":\"freespin\"}],\"animation\":[{\"playTimes\":0,\"bone\":[{\"frame\":[{\"transform\":{},\"duration\":60}],\"name\":\"root\"},{\"frame\":[{\"transform\":{},\"duration\":60}],\"name\":\"bone\"},{\"frame\":[{\"tweenEasing\":0,\"transform\":{\"scY\":0.7,\"scX\":0.7},\"duration\":6},{\"tweenEasing\":0,\"transform\":{\"scY\":1.2,\"scX\":1.2},\"duration\":3},{\"tweenEasing\":0,\"transform\":{\"scY\":0.9,\"scX\":0.9},\"duration\":2},{\"transform\":{},\"duration\":49}],\"name\":\"shuzi\"},{\"frame\":[{\"transform\":{},\"duration\":60}],\"name\":\"win\"},{\"frame\":[{\"tweenEasing\":0,\"transform\":{\"y\":103.1445},\"duration\":7},{\"transform\":{},\"duration\":53}],\"name\":\"7_拷贝_5\"},{\"frame\":[{\"tweenEasing\":0,\"transform\":{\"skX\":-25.5512,\"skY\":-25.5512},\"duration\":5},{\"tweenEasing\":0,\"transform\":{\"skX\":16.7225,\"skY\":16.7225},\"duration\":3},{\"transform\":{\"skX\":2.0981,\"skY\":2.0981},\"duration\":52}],\"name\":\"7_拷贝_6\"},{\"frame\":[{\"tweenEasing\":0,\"transform\":{\"skX\":18.3387,\"skY\":18.3387},\"duration\":5},{\"tweenEasing\":0,\"transform\":{\"skX\":-18.5112,\"skY\":-18.5112},\"duration\":3},{\"transform\":{\"skX\":1.2739,\"skY\":1.2739},\"duration\":52}],\"name\":\"7_拷贝_7\"},{\"frame\":[{\"tweenEasing\":0,\"transform\":{\"scY\":0.5,\"scX\":0.5},\"duration\":5},{\"tweenEasing\":0,\"transform\":{\"scY\":4,\"skX\":15,\"skY\":15,\"scX\":4},\"duration\":7},{\"transform\":{\"scY\":1.5,\"skX\":36,\"skY\":36,\"scX\":1.5},\"duration\":18},{\"tweenEasing\":0,\"transform\":{\"scY\":1.5,\"skX\":90,\"skY\":90,\"scX\":1.5},\"duration\":30},{\"transform\":{\"scY\":1.5,\"skX\":180,\"skY\":180,\"scX\":1.5},\"duration\":0}],\"name\":\"gm\"},{\"frame\":[{\"tweenEasing\":0,\"transform\":{\"scY\":4,\"scX\":4},\"duration\":5},{\"tweenEasing\":0,\"transform\":{\"skX\":180,\"skY\":180},\"duration\":5},{\"transform\":{},\"duration\":50}],\"name\":\"bg\"},{\"frame\":[{\"transform\":{},\"duration\":5},{\"tweenEasing\":0,\"transform\":{\"skX\":-96.552,\"skY\":-96.552},\"duration\":7},{\"tweenEasing\":0,\"transform\":{\"skX\":20.6886,\"skY\":20.6886},\"duration\":3},{\"transform\":{\"skX\":-6.64,\"skY\":-6.64},\"duration\":45}],\"name\":\"maizi2\"},{\"frame\":[{\"transform\":{},\"duration\":5},{\"tweenEasing\":0,\"transform\":{\"skX\":89.2189,\"skY\":89.2189},\"duration\":7},{\"tweenEasing\":0,\"transform\":{\"skX\":-15.2484,\"skY\":-15.2484},\"duration\":3},{\"transform\":{\"skX\":0.8202,\"skY\":0.8202},\"duration\":45}],\"name\":\"maizi1\"},{\"frame\":[{\"tweenEasing\":0,\"transform\":{\"scY\":4,\"scX\":4},\"duration\":5},{\"tweenEasing\":0,\"transform\":{\"skX\":180,\"skY\":180},\"duration\":5},{\"transform\":{},\"duration\":50}],\"name\":\"yuan\"}],\"slot\":[{\"frame\":[{\"tweenEasing\":0,\"color\":{\"aM\":0},\"duration\":5},{\"tweenEasing\":null,\"duration\":55}],\"name\":\"bg\"}],\"ffd\":[],\"ik\":[],\"frame\":[],\"name\":\"freespin\",\"duration\":60},{\"playTimes\":0,\"bone\":[{\"frame\":[{\"transform\":{},\"duration\":60}],\"name\":\"root\"},{\"frame\":[{\"transform\":{},\"duration\":60}],\"name\":\"bone\"},{\"frame\":[{\"tweenEasing\":0,\"transform\":{\"scY\":0.7,\"scX\":0.7},\"duration\":6},{\"tweenEasing\":0,\"transform\":{\"scY\":1.2,\"scX\":1.2},\"duration\":3},{\"tweenEasing\":0,\"transform\":{\"scY\":0.9,\"scX\":0.9},\"duration\":2},{\"transform\":{},\"duration\":49}],\"name\":\"shuzi\"},{\"frame\":[{\"transform\":{},\"duration\":60}],\"name\":\"win\"},{\"frame\":[{\"tweenEasing\":0,\"transform\":{\"y\":103.1445},\"duration\":7},{\"transform\":{},\"duration\":53}],\"name\":\"7_拷贝_5\"},{\"frame\":[{\"tweenEasing\":0,\"transform\":{\"skX\":-25.5512,\"skY\":-25.5512},\"duration\":5},{\"tweenEasing\":0,\"transform\":{\"skX\":16.7225,\"skY\":16.7225},\"duration\":3},{\"transform\":{\"skX\":2.0981,\"skY\":2.0981},\"duration\":52}],\"name\":\"7_拷贝_6\"},{\"frame\":[{\"tweenEasing\":0,\"transform\":{\"skX\":18.3387,\"skY\":18.3387},\"duration\":5},{\"tweenEasing\":0,\"transform\":{\"skX\":-18.5112,\"skY\":-18.5112},\"duration\":3},{\"transform\":{\"skX\":1.2739,\"skY\":1.2739},\"duration\":52}],\"name\":\"7_拷贝_7\"},{\"frame\":[{\"tweenEasing\":0,\"transform\":{\"scY\":0.5,\"scX\":0.5},\"duration\":5},{\"tweenEasing\":0,\"transform\":{\"scY\":4,\"skX\":15,\"skY\":15,\"scX\":4},\"duration\":7},{\"transform\":{\"scY\":1.5,\"skX\":36,\"skY\":36,\"scX\":1.5},\"duration\":18},{\"tweenEasing\":0,\"transform\":{\"scY\":1.5,\"skX\":90,\"skY\":90,\"scX\":1.5},\"duration\":30},{\"transform\":{\"scY\":1.5,\"skX\":180,\"skY\":180,\"scX\":1.5},\"duration\":0}],\"name\":\"gm\"},{\"frame\":[{\"tweenEasing\":0,\"transform\":{\"scY\":4,\"scX\":4},\"duration\":5},{\"tweenEasing\":0,\"transform\":{\"skX\":180,\"skY\":180},\"duration\":5},{\"transform\":{},\"duration\":50}],\"name\":\"bg\"},{\"frame\":[{\"transform\":{},\"duration\":5},{\"tweenEasing\":0,\"transform\":{\"skX\":-96.552,\"skY\":-96.552},\"duration\":7},{\"tweenEasing\":0,\"transform\":{\"skX\":20.6886,\"skY\":20.6886},\"duration\":3},{\"transform\":{\"skX\":-6.64,\"skY\":-6.64},\"duration\":45}],\"name\":\"maizi2\"},{\"frame\":[{\"transform\":{},\"duration\":5},{\"tweenEasing\":0,\"transform\":{\"skX\":89.2189,\"skY\":89.2189},\"duration\":7},{\"tweenEasing\":0,\"transform\":{\"skX\":-15.2484,\"skY\":-15.2484},\"duration\":3},{\"transform\":{\"skX\":0.8202,\"skY\":0.8202},\"duration\":45}],\"name\":\"maizi1\"},{\"frame\":[{\"tweenEasing\":0,\"transform\":{\"scY\":4,\"scX\":4},\"duration\":5},{\"tweenEasing\":0,\"transform\":{\"skX\":180,\"skY\":180},\"duration\":5},{\"transform\":{},\"duration\":50}],\"name\":\"yuan\"}],\"slot\":[{\"frame\":[{\"tweenEasing\":0,\"color\":{\"aM\":0},\"duration\":5},{\"tweenEasing\":null,\"duration\":55}],\"name\":\"bg\"},{\"frame\":[{\"tweenEasing\":null,\"duration\":60}],\"name\":\"win1\"}],\"ffd\":[],\"ik\":[],\"frame\":[],\"name\":\"totalwin\",\"duration\":60}],\"slot\":[{\"name\":\"bg\",\"parent\":\"bg\",\"color\":{}},{\"z\":1,\"name\":\"gm\",\"parent\":\"gm\",\"color\":{}},{\"z\":2,\"name\":\"maizi2\",\"parent\":\"maizi2\",\"color\":{}},{\"z\":3,\"name\":\"maizi1\",\"parent\":\"maizi1\",\"color\":{}},{\"z\":4,\"name\":\"yuan\",\"parent\":\"yuan\",\"color\":{}},{\"z\":5,\"name\":\"shuzi\",\"parent\":\"shuzi\",\"color\":{}},{\"z\":6,\"name\":\"7_拷贝_7\",\"parent\":\"7_拷贝_7\",\"color\":{}},{\"z\":7,\"name\":\"7_拷贝_6\",\"parent\":\"7_拷贝_6\",\"color\":{}},{\"z\":8,\"name\":\"7_拷贝_5\",\"parent\":\"7_拷贝_5\",\"color\":{}},{\"z\":9,\"displayIndex\":1,\"name\":\"win1\",\"parent\":\"win\",\"color\":{}}],\"name\":\"Armature\"}],\"name\":\"s_slot_total\",\"version\":\"5.0\"}"]],0,0,[],[],[]]