[1,0,0,[["dragonBones.DragonBonesAsset",["_name","_dragonBonesJson"],1]],[[0,0,1,3]],[[0,"PresenteSpin_ske","{\"armature\":[{\"aabb\":{\"width\":135,\"y\":-70,\"height\":135,\"x\":-68},\"skin\":[{\"name\":\"\",\"slot\":[{\"display\":[{\"path\":\"pds/ON_SALE_\",\"type\":\"image\",\"name\":\"pds/ON_SALE_\",\"transform\":{\"skY\":-156.9296,\"y\":10.0838,\"skX\":-156.9296,\"x\":26.0929}}],\"name\":\"ON_SALE_\"},{\"display\":[{\"path\":\"pds/lh\",\"type\":\"image\",\"name\":\"pds/lh\",\"transform\":{\"y\":-10,\"x\":-0.5}}],\"name\":\"lh\"},{\"display\":[{\"path\":\"pds/guang1\",\"type\":\"image\",\"name\":\"pds/guang1\",\"transform\":{\"skY\":88.8023,\"y\":-0.4887,\"scX\":1.5385,\"scY\":1.5385,\"skX\":88.8023,\"x\":0.3336}}],\"name\":\"guang111\"},{\"display\":[{\"path\":\"pds/guang1\",\"type\":\"image\",\"name\":\"pds/guang1\",\"transform\":{\"skY\":87.8023,\"y\":-0.1195,\"scX\":1.5385,\"scY\":1.5385,\"skX\":87.8023,\"x\":1.2455}}],\"name\":\"guang11\"},{\"display\":[{\"path\":\"pds/pds\",\"type\":\"image\",\"name\":\"pds/pds\",\"transform\":{\"y\":44,\"x\":4.5}}],\"name\":\"pds\"},{\"display\":[{\"path\":\"pds/guang1\",\"type\":\"image\",\"name\":\"pds/guang1\",\"transform\":{\"skY\":91.8,\"y\":-0.3123,\"skX\":91.8,\"x\":-0.1416}}],\"name\":\"guang1\"},{\"display\":[{\"path\":\"pds/sg\",\"type\":\"image\",\"name\":\"pds/sg\",\"transform\":{\"skY\":124.9309,\"y\":9.6416,\"skX\":124.9309,\"x\":0.7066}}],\"name\":\"sg\"}]}],\"type\":\"Armature\",\"frameRate\":24,\"defaultActions\":[{\"gotoAndPlay\":\"newAnimation\"}],\"bone\":[{\"name\":\"root\",\"transform\":{}},{\"length\":32,\"transform\":{\"skY\":156.9296,\"y\":8.1315,\"skX\":156.9296,\"x\":6.3962},\"parent\":\"root\",\"name\":\"ON_SALE_\"},{\"length\":5,\"transform\":{\"skY\":-91.8,\"y\":-52.1513,\"skX\":-91.8,\"x\":15.3077},\"parent\":\"root\",\"name\":\"guang1\"},{\"length\":7,\"transform\":{\"skY\":-124.9309,\"y\":-21.9,\"skX\":-124.9309,\"x\":21.5},\"parent\":\"root\",\"name\":\"sg\"},{\"length\":5,\"transform\":{\"skY\":-109.8,\"y\":-34.4519,\"scX\":0.55,\"scY\":0.55,\"skX\":-109.8,\"x\":-1.6264},\"parent\":\"root\",\"name\":\"guang11\"},{\"length\":5,\"transform\":{\"skY\":-81.8,\"y\":-30.252,\"scX\":0.55,\"scY\":0.55,\"skX\":-81.8,\"x\":38.4921},\"parent\":\"root\",\"name\":\"guang111\"}],\"slot\":[{\"name\":\"lh\",\"parent\":\"root\",\"color\":{}},{\"z\":1,\"name\":\"ON_SALE_\",\"parent\":\"ON_SALE_\",\"color\":{}},{\"z\":2,\"name\":\"pds\",\"parent\":\"root\",\"color\":{}},{\"z\":3,\"name\":\"sg\",\"parent\":\"sg\",\"color\":{}},{\"z\":4,\"name\":\"guang1\",\"parent\":\"guang1\",\"color\":{}},{\"z\":5,\"name\":\"guang11\",\"parent\":\"guang11\",\"color\":{}},{\"z\":6,\"name\":\"guang111\",\"parent\":\"guang111\",\"color\":{}}],\"ik\":[],\"name\":\"Armature\",\"animation\":[{\"bone\":[{\"frame\":[{\"duration\":100,\"transform\":{}},{\"duration\":0,\"transform\":{}}],\"name\":\"root\"},{\"frame\":[{\"tweenEasing\":0,\"duration\":16,\"transform\":{\"skY\":23.0704,\"y\":9.8685,\"skX\":23.0704,\"x\":8.6038}},{\"tweenEasing\":0,\"duration\":16,\"transform\":{\"skY\":23.0704,\"y\":13.8685,\"skX\":23.0704,\"x\":8.6038}},{\"tweenEasing\":0,\"duration\":16,\"transform\":{\"skY\":23.0704,\"y\":9.8685,\"skX\":23.0704,\"x\":8.6038}},{\"tweenEasing\":0,\"duration\":16,\"transform\":{\"skY\":23.0704,\"y\":13.8685,\"skX\":23.0704,\"x\":8.6038}},{\"duration\":36,\"transform\":{\"skY\":23.0704,\"y\":9.8685,\"skX\":23.0704,\"x\":8.6038}}],\"name\":\"ON_SALE_\"},{\"frame\":[{\"duration\":26,\"transform\":{}},{\"tweenEasing\":0,\"duration\":12,\"transform\":{\"scX\":0.65,\"scY\":0.65}},{\"tweenEasing\":0,\"duration\":6,\"transform\":{\"scX\":1.1,\"scY\":1.1}},{\"duration\":24,\"transform\":{\"scX\":1.2,\"scY\":1.2}},{\"duration\":32,\"transform\":{\"scX\":1.2,\"scY\":1.2}}],\"name\":\"guang1\"},{\"frame\":[{\"tweenEasing\":0,\"duration\":22,\"transform\":{\"y\":-20.4667,\"x\":-41.7398}},{\"duration\":78,\"transform\":{}}],\"name\":\"sg\"},{\"frame\":[{\"duration\":38,\"transform\":{}},{\"tweenEasing\":0,\"duration\":14,\"transform\":{\"scX\":0.4727,\"scY\":0.4727}},{\"duration\":48,\"transform\":{\"scX\":1.25,\"scY\":1.25}}],\"name\":\"guang11\"},{\"frame\":[{\"duration\":50,\"transform\":{}},{\"tweenEasing\":0,\"duration\":16,\"transform\":{\"scX\":0.65,\"scY\":0.65}},{\"duration\":34,\"transform\":{\"scX\":1.25,\"scY\":1.25}}],\"name\":\"guang111\"}],\"ffd\":[],\"duration\":100,\"playTimes\":0,\"frame\":[],\"slot\":[{\"frame\":[{\"tweenEasing\":0,\"duration\":6,\"color\":{\"aM\":0}},{\"tweenEasing\":0,\"duration\":12,\"color\":{\"aM\":28}},{\"tweenEasing\":0,\"duration\":4,\"color\":{\"aM\":60}},{\"tweenEasing\":null,\"duration\":78,\"color\":{\"aM\":0}}],\"name\":\"sg\"},{\"frame\":[{\"displayIndex\":-1,\"tweenEasing\":null,\"duration\":26},{\"tweenEasing\":0,\"duration\":18},{\"tweenEasing\":0,\"duration\":6},{\"tweenEasing\":null,\"duration\":50,\"color\":{\"aM\":0}}],\"name\":\"guang1\"},{\"frame\":[{\"displayIndex\":-1,\"tweenEasing\":null,\"duration\":38},{\"tweenEasing\":0,\"duration\":14},{\"tweenEasing\":0,\"duration\":6},{\"tweenEasing\":null,\"duration\":42,\"color\":{\"aM\":0}}],\"name\":\"guang11\"},{\"frame\":[{\"displayIndex\":-1,\"tweenEasing\":null,\"duration\":50},{\"tweenEasing\":0,\"duration\":16},{\"tweenEasing\":0,\"duration\":8},{\"tweenEasing\":null,\"duration\":26,\"color\":{\"aM\":0}}],\"name\":\"guang111\"}],\"ik\":[],\"name\":\"newAnimation\"}]}],\"frameRate\":24,\"name\":\"PresenteSpin\",\"version\":\"5.0\",\"isGlobal\":0}"]],0,0,[],[],[]]