[1,["9aghSNjTlAHKjvawb7HsdG"],["_texture"],[["dragonBones.DragonBonesAtlasAsset",["_name","_atlasJson"],1]],[[0,0,1,3]],[[0,"bigwin_tex","{\"width\":2048,\"SubTexture\":[{\"width\":561,\"y\":1,\"height\":562,\"name\":\"bigwin/guang\",\"x\":1},{\"width\":545,\"y\":1,\"height\":561,\"name\":\"bigwin/guang2\",\"x\":564},{\"width\":96,\"y\":674,\"height\":136,\"name\":\"bigwin/t4\",\"x\":1},{\"width\":80,\"y\":674,\"height\":113,\"name\":\"bigwin/t3\",\"x\":317},{\"width\":99,\"y\":674,\"height\":94,\"name\":\"bigwin/t2\",\"x\":216},{\"width\":84,\"y\":770,\"height\":80,\"name\":\"bigwin/t1\",\"x\":216},{\"width\":82,\"y\":806,\"height\":65,\"name\":\"bigwin/b4\",\"x\":99},{\"width\":89,\"y\":812,\"height\":57,\"name\":\"bigwin/b3\",\"x\":1},{\"width\":116,\"y\":565,\"height\":116,\"name\":\"bigwin/b2\",\"x\":405},{\"width\":115,\"y\":674,\"height\":113,\"name\":\"bigwin/b1\",\"x\":99},{\"width\":262,\"y\":564,\"height\":240,\"name\":\"bigwin/bw\",\"x\":564},{\"width\":402,\"y\":565,\"height\":107,\"name\":\"bigwin/d\",\"x\":1}],\"height\":1024,\"name\":\"bigwin\",\"imagePath\":\"bigwin_tex.png\"}"]],0,0,[0],[0],[0]]