[1,["ecpdLyjvZBwrvm+cedCcQy","147768f2c","b9zqOfAuhNnZzXvfq1alh3","9dYy/8tcZFvLpQb2Ub0Tkd","324PZN1ANHiIN/zjOVYP73","f5LhAx6QBNd7ewWw8UOlha","57P+aYiaRA/arunmH9p+sr"],["node","_spriteFrame","_textureSetter","root","_N$target","data"],["cc.SpriteFrame",["cc.Node",["_name","_active","_components","_prefab","_contentSize","_trs","_parent","_children"],1,9,4,5,7,1,2],["cc.PrefabInfo",["fileId","root"],2,1],["cc.Prefab",["_name"],2],["cc.Button",["zoomScale","_N$transition","node","_N$target"],1,1,1],["cc.Sprite",["node","_materials","_spriteFrame"],3,1,3,6]],[[2,0,1,2],[5,0,1,2,1],[1,0,1,6,2,3,4,3],[1,0,1,6,2,3,4,5,3],[3,0,2],[1,0,7,2,3,4,5,2],[4,0,1,2,3,3],[2,1,1]],[[[{"name":"btn_vip_sign","rect":[146,887,134,136],"offset":[0,1],"originalSize":[138,138],"rotated":1,"capInsets":[0,0,0,0]}],[0],0,[0],[2],[1]],[[[4,"ViperRewardItem"],[5,"RewardItem",[-4,-5,-6,-7,-8],[[6,1.05,3,-3,-2]],[7,-1],[5,150,150],[0,0,0,0,0,0,1,1,1,0]],[2,"btn_recv",false,1,[[1,-9,[0],1]],[0,"13BXwOx1pIk4x/GkRDl97K",1],[5,134,137]],[2,"btn_vip_gift",false,1,[[1,-10,[2],3]],[0,"1d6/zGT2RPD6T0so57Kiuc",1],[5,134,137]],[2,"btn_vip_sign",false,1,[[1,-11,[4],5]],[0,"4cacOTtJRG84rKgklVfYQP",1],[5,134,136]],[3,"btn_vip_other",false,1,[[1,-12,[6],7]],[0,"52DzV9UXpABqnDYzOyxC7R",1],[5,128,128],[0,1.028,0,0,0,0,1,1,1,1]],[3,"img_red",false,1,[[1,-13,[8],9]],[0,"f8IUzlL3RHjJl/s9D09pEN",1],[5,34,35],[41.693,37.961,0,0,0,0,1,1,1,1]]],0,[0,3,1,0,4,1,0,0,1,0,-1,2,0,-2,3,0,-3,4,0,-4,5,0,-5,6,0,0,2,0,0,3,0,0,4,0,0,5,0,0,6,0,5,1,13],[0,0,0,0,0,0,0,0,0,0],[-1,1,-1,1,-1,1,-1,1,-1,1],[0,2,0,3,0,4,0,5,0,6]],[[{"name":"btn_vip_gift","rect":[437,437,134,137],"offset":[0,0.5],"originalSize":[138,138],"capInsets":[0,0,0,0]}],[0],0,[0],[2],[1]],[[{"name":"btn_recv","rect":[3,887,134,137],"offset":[0,0.5],"originalSize":[138,138],"rotated":1,"capInsets":[0,0,0,0]}],[0],0,[0],[2],[1]],[[{"name":"btn_vip_other","rect":[288,887,128,128],"offset":[0,0],"originalSize":[128,128],"capInsets":[0,0,0,0]}],[0],0,[0],[2],[1]]]]