[1,["86IU/dd2VCsLZR1fpP++u+"],["_texture"],[["dragonBones.DragonBonesAtlasAsset",["_name","_atlasJson"],1]],[[0,0,1,3]],[[0,"shoubiao_tex","{\"width\":256,\"SubTexture\":[{\"width\":159,\"y\":127,\"height\":111,\"name\":\"shoubiao/bgg\",\"x\":1},{\"width\":157,\"y\":1,\"height\":124,\"name\":\"shoubiao/gg2\",\"x\":1},{\"width\":106,\"y\":240,\"height\":100,\"name\":\"shoubiao/biao\",\"x\":1},{\"width\":56,\"y\":282,\"height\":42,\"name\":\"shoubiao/xx\",\"x\":192},{\"width\":45,\"y\":1,\"height\":67,\"name\":\"shoubiao/图层_10\",\"x\":160},{\"width\":33,\"y\":70,\"height\":57,\"name\":\"shoubiao/图层_11\",\"x\":200},{\"width\":40,\"y\":240,\"height\":69,\"name\":\"shoubiao/图层_8\",\"x\":109},{\"width\":28,\"y\":129,\"height\":65,\"name\":\"shoubiao/图层_3\",\"x\":200},{\"width\":16,\"y\":70,\"height\":54,\"name\":\"shoubiao/图层_2\",\"x\":235},{\"width\":39,\"y\":240,\"height\":69,\"name\":\"shoubiao/图层_7\",\"x\":151},{\"width\":23,\"y\":129,\"height\":46,\"name\":\"shoubiao/图层_12\",\"x\":230},{\"width\":36,\"y\":212,\"height\":68,\"name\":\"shoubiao/图层_4\",\"x\":192},{\"width\":45,\"y\":1,\"height\":67,\"name\":\"shoubiao/图层_9\",\"x\":207},{\"width\":7,\"y\":177,\"height\":39,\"name\":\"shoubiao/图层_1\",\"x\":230},{\"width\":36,\"y\":70,\"height\":69,\"name\":\"shoubiao/图层_6\",\"x\":162},{\"width\":36,\"y\":141,\"height\":69,\"name\":\"shoubiao/图层_5\",\"x\":162}],\"imagePath\":\"shoubiao_tex.png\",\"name\":\"shoubiao\",\"height\":512}"]],0,0,[0],[0],[0]]