[1,["c7Wo1sOcNJlYr6bUF/ZGgF","33s1MZMc1LQ4rHAyr7d4px"],["spriteFrame","_textureSetter"],["cc.SpriteFrame",["cc.BitmapFont",["_name","fontSize","_fntConfig"],0]],[[1,0,1,2,4]],[[[[0,"0123456789-export",32,{"commonHeight":70,"fontSize":32,"atlasName":"C:\\Users\\Administrator\\Desktop\\切图\\0123456789-export.png","fontDefDictionary":{"9":{"xOffset":0,"yOffset":0,"xAdvance":0,"rect":{"x":0,"y":0,"width":0,"height":0}},"32":{"xOffset":0,"yOffset":0,"xAdvance":22,"rect":{"x":0,"y":0,"width":0,"height":0}},"48":{"xOffset":0,"yOffset":44,"xAdvance":21,"rect":{"x":28,"y":95,"width":21,"height":26}},"49":{"xOffset":0,"yOffset":44,"xAdvance":16,"rect":{"x":55,"y":95,"width":16,"height":26}},"50":{"xOffset":0,"yOffset":44,"xAdvance":23,"rect":{"x":0,"y":0,"width":23,"height":26}},"51":{"xOffset":0,"yOffset":44,"xAdvance":22,"rect":{"x":29,"y":0,"width":22,"height":26}},"52":{"xOffset":0,"yOffset":44,"xAdvance":21,"rect":{"x":28,"y":63,"width":21,"height":26}},"53":{"xOffset":0,"yOffset":45,"xAdvance":22,"rect":{"x":28,"y":32,"width":22,"height":25}},"54":{"xOffset":0,"yOffset":44,"xAdvance":22,"rect":{"x":0,"y":96,"width":22,"height":26}},"55":{"xOffset":0,"yOffset":44,"xAdvance":21,"rect":{"x":55,"y":63,"width":21,"height":26}},"56":{"xOffset":0,"yOffset":44,"xAdvance":22,"rect":{"x":0,"y":64,"width":22,"height":26}},"57":{"xOffset":0,"yOffset":44,"xAdvance":22,"rect":{"x":0,"y":32,"width":22,"height":26}}},"kerningDict":{}}]],0,0,[0],[0],[0]],[[{"name":"0123456789-export","rect":[0,0,128,128],"offset":[0,0],"originalSize":[128,128],"capInsets":[0,0,0,0]}],[0],0,[0],[1],[1]]]]