[1,["88Itml6eRDvLMsuHMlY0nW"],["_textureSetter"],["cc.SpriteFrame"],0,[[[{"name":"11_00025","rect":[706,2,200,500],"offset":[0,0],"originalSize":[200,500],"rotated":1,"capInsets":[0,0,0,0]}],[0],0,[0],[0],[0]],[[{"name":"11_00007","rect":[608,1508,200,500],"offset":[0,0],"originalSize":[200,500],"capInsets":[0,0,0,0]}],[0],0,[0],[0],[0]],[[{"name":"11_00009","rect":[406,1508,200,500],"offset":[0,0],"originalSize":[200,500],"capInsets":[0,0,0,0]}],[0],0,[0],[0],[0]],[[{"name":"11_00008","rect":[608,1006,200,500],"offset":[0,0],"originalSize":[200,500],"capInsets":[0,0,0,0]}],[0],0,[0],[0],[0]],[[{"name":"11_00012","rect":[706,608,200,500],"offset":[0,0],"originalSize":[200,500],"rotated":1,"capInsets":[0,0,0,0]}],[0],0,[0],[0],[0]],[[{"name":"11_00001","rect":[1514,1208,200,500],"offset":[0,0],"originalSize":[200,500],"rotated":1,"capInsets":[0,0,0,0]}],[0],0,[0],[0],[0]],[[{"name":"11_00016","rect":[1710,504,200,500],"offset":[0,0],"originalSize":[200,500],"capInsets":[0,0,0,0]}],[0],0,[0],[0],[0]],[[{"name":"11_00006","rect":[810,810,200,500],"offset":[0,0],"originalSize":[200,500],"rotated":1,"capInsets":[0,0,0,0]}],[0],0,[0],[0],[0]],[[{"name":"11_00027","rect":[2,1508,200,500],"offset":[0,0],"originalSize":[200,500],"capInsets":[0,0,0,0]}],[0],0,[0],[0],[0]],[[{"name":"11_00020","rect":[1208,204,200,500],"offset":[0,0],"originalSize":[200,500],"rotated":1,"capInsets":[0,0,0,0]}],[0],0,[0],[0],[0]],[[{"name":"11_00028","rect":[2,1006,200,500],"offset":[0,0],"originalSize":[200,500],"capInsets":[0,0,0,0]}],[0],0,[0],[0],[0]],[[{"name":"11_00029","rect":[2,504,200,500],"offset":[0,0],"originalSize":[200,500],"capInsets":[0,0,0,0]}],[0],0,[0],[0],[0]],[[{"name":"11_00015","rect":[204,1006,200,500],"offset":[0,0],"originalSize":[200,500],"capInsets":[0,0,0,0]}],[0],0,[0],[0],[0]],[[{"name":"11_00014","rect":[204,1508,200,500],"offset":[0,0],"originalSize":[200,500],"capInsets":[0,0,0,0]}],[0],0,[0],[0],[0]],[[{"name":"11_00021","rect":[706,204,200,500],"offset":[0,0],"originalSize":[200,500],"rotated":1,"capInsets":[0,0,0,0]}],[0],0,[0],[0],[0]],[[{"name":"11_00011","rect":[1208,608,200,500],"offset":[0,0],"originalSize":[200,500],"rotated":1,"capInsets":[0,0,0,0]}],[0],0,[0],[0],[0]],[[{"name":"11_00026","rect":[204,2,200,500],"offset":[0,0],"originalSize":[200,500],"rotated":1,"capInsets":[0,0,0,0]}],[0],0,[0],[0],[0]],[[{"name":"11_00017","rect":[1208,406,200,500],"offset":[0,0],"originalSize":[200,500],"rotated":1,"capInsets":[0,0,0,0]}],[0],0,[0],[0],[0]],[[{"name":"11_00013","rect":[204,608,200,500],"offset":[0,0],"originalSize":[200,500],"rotated":1,"capInsets":[0,0,0,0]}],[0],0,[0],[0],[0]],[[{"name":"11_00019","rect":[204,406,200,500],"offset":[0,0],"originalSize":[200,500],"rotated":1,"capInsets":[0,0,0,0]}],[0],0,[0],[0],[0]],[[{"name":"11_00004","rect":[810,1012,200,500],"offset":[0,0],"originalSize":[200,500],"rotated":1,"capInsets":[0,0,0,0]}],[0],0,[0],[0],[0]],[[{"name":"11_00022","rect":[204,204,200,500],"offset":[0,0],"originalSize":[200,500],"rotated":1,"capInsets":[0,0,0,0]}],[0],0,[0],[0],[0]],[[{"name":"11_00002","rect":[1514,1006,200,500],"offset":[0,0],"originalSize":[200,500],"rotated":1,"capInsets":[0,0,0,0]}],[0],0,[0],[0],[0]],[[{"name":"11_00000","rect":[1312,1312,200,500],"offset":[0,0],"originalSize":[200,500],"capInsets":[0,0,0,0]}],[0],0,[0],[0],[0]],[[{"name":"11_00005","rect":[1312,810,200,500],"offset":[0,0],"originalSize":[200,500],"capInsets":[0,0,0,0]}],[0],0,[0],[0],[0]],[[{"name":"11_00023","rect":[1710,2,200,500],"offset":[0,0],"originalSize":[200,500],"capInsets":[0,0,0,0]}],[0],0,[0],[0],[0]],[[{"name":"11_00003","rect":[810,1214,200,500],"offset":[0,0],"originalSize":[200,500],"rotated":1,"capInsets":[0,0,0,0]}],[0],0,[0],[0],[0]],[[{"name":"11_00024","rect":[1208,2,200,500],"offset":[0,0],"originalSize":[200,500],"rotated":1,"capInsets":[0,0,0,0]}],[0],0,[0],[0],[0]],[[{"name":"11_00018","rect":[706,406,200,500],"offset":[0,0],"originalSize":[200,500],"rotated":1,"capInsets":[0,0,0,0]}],[0],0,[0],[0],[0]],[[{"name":"11_00010","rect":[406,1006,200,500],"offset":[0,0],"originalSize":[200,500],"capInsets":[0,0,0,0]}],[0],0,[0],[0],[0]],[[{"name":"11_00030","rect":[2,2,200,500],"offset":[0,0],"originalSize":[200,500],"capInsets":[0,0,0,0]}],[0],0,[0],[0],[0]]]]