[1,0,0,[["dragonBones.DragonBonesAsset",["_name","_dragonBonesJson"],1]],[[0,0,1,3]],[[0,"newAnimation_ske","{\"armature\":[{\"skin\":[{\"name\":\"\",\"slot\":[{\"display\":[{\"path\":\"Crazyvolley/jb2\",\"type\":\"image\",\"name\":\"Crazyvolley/jb2\",\"transform\":{\"skY\":9.2182,\"y\":-3.4544,\"skX\":9.2182,\"x\":0.5634}}],\"name\":\"jb2\"},{\"display\":[{\"path\":\"Crazyvolley/jb1\",\"type\":\"image\",\"name\":\"Crazyvolley/jb1\",\"transform\":{\"skY\":91.5253,\"y\":-1.0146,\"skX\":91.5253,\"x\":6.9795}}],\"name\":\"jb1\"},{\"display\":[{\"path\":\"Crazyvolley/guang2\",\"type\":\"image\",\"name\":\"Crazyvolley/guang2\",\"transform\":{\"skY\":-146.3099,\"y\":-2.9676,\"skX\":-146.3099,\"x\":38.4546}}],\"name\":\"guang2\"},{\"display\":[{\"path\":\"Crazyvolley/ooo\",\"type\":\"image\",\"name\":\"Crazyvolley/ooo\",\"transform\":{\"y\":68,\"x\":2}}],\"name\":\"ooo\"},{\"display\":[{\"path\":\"Crazyvolley/huojian\",\"type\":\"image\",\"name\":\"Crazyvolley/huojian\",\"transform\":{\"skY\":36.4449,\"y\":3.1809,\"skX\":36.4449,\"x\":43.0248}}],\"name\":\"huojian\"},{\"display\":[{\"path\":\"Crazyvolley/guang2\",\"type\":\"image\",\"name\":\"Crazyvolley/guang2\",\"transform\":{\"skY\":-146.3099,\"y\":-2.9676,\"skX\":-146.3099,\"x\":38.4546}}],\"blendMode\":\"add\",\"name\":\"guang21\"},{\"display\":[{\"path\":\"Crazyvolley/huojian\",\"type\":\"image\",\"name\":\"Crazyvolley/huojian\",\"transform\":{\"skY\":36.4449,\"y\":3.1809,\"skX\":36.4449,\"x\":43.0248}}],\"blendMode\":\"add\",\"name\":\"huojian1\"},{\"display\":[{\"path\":\"Crazyvolley/saogg\",\"type\":\"image\",\"name\":\"Crazyvolley/saogg\",\"transform\":{\"skY\":-0.3179,\"y\":2.7351,\"skX\":-0.3179,\"x\":20.7155}}],\"name\":\"saogg\"},{\"display\":[{\"path\":\"Crazyvolley/guang1\",\"type\":\"image\",\"name\":\"Crazyvolley/guang1\",\"transform\":{\"skY\":-138.2809,\"y\":1.3305,\"skX\":-138.2809,\"x\":20.6514}}],\"name\":\"guang1\"},{\"display\":[{\"path\":\"Crazyvolley/crash\",\"type\":\"image\",\"name\":\"Crazyvolley/crash\",\"transform\":{\"y\":33.5,\"x\":0.5}}],\"name\":\"crash\"},{\"display\":[{\"path\":\"Crazyvolley/guang3\",\"type\":\"image\",\"name\":\"Crazyvolley/guang3\",\"transform\":{\"skY\":-149.8863,\"y\":-4.2378,\"skX\":-149.8863,\"x\":18.0065}}],\"name\":\"guang3\"},{\"display\":[{\"path\":\"Crazyvolley/guang1\",\"type\":\"image\",\"name\":\"Crazyvolley/guang1\",\"transform\":{\"skY\":-138.2809,\"y\":1.3305,\"skX\":-138.2809,\"x\":20.6514}}],\"name\":\"guang11\"},{\"display\":[{\"path\":\"Crazyvolley/bgbg\",\"type\":\"image\",\"name\":\"Crazyvolley/bgbg\",\"transform\":{\"y\":0.5,\"x\":0.5}}],\"name\":\"bgbg\"},{\"display\":[{\"path\":\"Crazyvolley/guang3\",\"type\":\"image\",\"name\":\"Crazyvolley/guang3\",\"transform\":{\"skY\":-149.8863,\"y\":-4.2378,\"skX\":-149.8863,\"x\":18.0065}}],\"blendMode\":\"add\",\"name\":\"guang31\"},{\"display\":[{\"path\":\"Crazyvolley/huaguang\",\"type\":\"image\",\"name\":\"Crazyvolley/huaguang\",\"transform\":{\"skY\":-67.3473,\"y\":0.8796,\"scX\":0.9,\"scY\":0.9,\"skX\":-67.3473,\"x\":13.4441}}],\"blendMode\":\"add\",\"name\":\"huaguang\"},{\"display\":[{\"path\":\"Crazyvolley/jb3\",\"type\":\"image\",\"name\":\"Crazyvolley/jb3\",\"transform\":{\"skY\":124.1597,\"y\":-0.0768,\"skX\":124.1597,\"x\":7.5448}}],\"name\":\"jb3\"}]}],\"type\":\"Armature\",\"frameRate\":24,\"ik\":[],\"defaultActions\":[{\"gotoAndPlay\":\"newAnimation\"}],\"bone\":[{\"name\":\"root\",\"transform\":{\"y\":-94}},{\"length\":78,\"transform\":{\"skY\":-36.4449,\"y\":-2,\"skX\":-36.4449,\"x\":-29.5},\"parent\":\"root\",\"name\":\"huojian\"},{\"length\":15,\"transform\":{\"skY\":-124.1597,\"y\":-33.8,\"skX\":-124.1597,\"x\":-78.2},\"parent\":\"root\",\"name\":\"jb3\"},{\"length\":36,\"transform\":{\"skY\":0.3179,\"y\":28.65,\"skX\":0.3179,\"x\":-87.2},\"parent\":\"root\",\"name\":\"saogg\"},{\"length\":21,\"transform\":{\"skY\":-9.2182,\"y\":7,\"skX\":-9.2182,\"x\":58.4973},\"parent\":\"root\",\"name\":\"jb2\"},{\"length\":78,\"transform\":{\"skY\":-36.4449,\"y\":-2,\"skX\":-36.4449,\"x\":-29.5},\"parent\":\"root\",\"name\":\"huojian1\"},{\"length\":16,\"transform\":{\"skY\":-91.5253,\"y\":-59.05,\"skX\":-91.5253,\"x\":-10.8},\"parent\":\"root\",\"name\":\"jb1\"},{\"length\":47,\"transform\":{\"skY\":-177.2452,\"y\":1.2474,\"skX\":-177.2452,\"x\":-10.431},\"parent\":\"huojian\",\"name\":\"guang21\"},{\"length\":26,\"transform\":{\"skY\":103.7922,\"y\":-7.2785,\"skX\":103.7922,\"x\":121.1093},\"parent\":\"huojian\",\"name\":\"huaguang\"},{\"length\":27,\"transform\":{\"skY\":174.7258,\"y\":22.99,\"skX\":174.7258,\"x\":-14.7399},\"parent\":\"huojian\",\"name\":\"guang1\"},{\"length\":26,\"transform\":{\"skY\":-173.6688,\"y\":-20.2645,\"skX\":-173.6688,\"x\":-30.4712},\"parent\":\"huojian\",\"name\":\"guang31\"},{\"length\":26,\"transform\":{\"skY\":-173.6688,\"y\":-20.2645,\"skX\":-173.6688,\"x\":-30.4712},\"parent\":\"huojian1\",\"name\":\"guang311\"},{\"length\":47,\"transform\":{\"skY\":-177.2452,\"y\":1.2474,\"skX\":-177.2452,\"x\":-10.431},\"parent\":\"huojian1\",\"name\":\"guang211\"},{\"length\":27,\"transform\":{\"skY\":174.7258,\"y\":22.99,\"skX\":174.7258,\"x\":-14.7399},\"parent\":\"huojian1\",\"name\":\"guang11\"}],\"aabb\":{\"width\":275,\"y\":-188.5,\"height\":190,\"x\":-137},\"slot\":[{\"name\":\"bgbg\",\"parent\":\"root\",\"color\":{}},{\"z\":1,\"name\":\"huojian\",\"parent\":\"huojian\",\"color\":{}},{\"z\":2,\"displayIndex\":-1,\"name\":\"guang3\",\"parent\":\"guang31\",\"color\":{}},{\"z\":3,\"name\":\"guang2\",\"parent\":\"guang21\",\"color\":{}},{\"z\":4,\"name\":\"guang1\",\"parent\":\"guang1\",\"color\":{}},{\"z\":5,\"name\":\"jb2\",\"parent\":\"jb2\",\"color\":{}},{\"z\":6,\"name\":\"jb3\",\"parent\":\"jb3\",\"color\":{}},{\"z\":7,\"name\":\"jb1\",\"parent\":\"jb1\",\"color\":{}},{\"blendMode\":\"add\",\"z\":8,\"parent\":\"huaguang\",\"name\":\"huaguang\",\"color\":{}},{\"blendMode\":\"add\",\"z\":9,\"parent\":\"huojian1\",\"name\":\"huojian1\",\"color\":{}},{\"displayIndex\":-1,\"blendMode\":\"add\",\"z\":10,\"parent\":\"guang311\",\"name\":\"guang31\",\"color\":{}},{\"blendMode\":\"add\",\"z\":11,\"parent\":\"guang211\",\"name\":\"guang21\",\"color\":{}},{\"z\":12,\"name\":\"guang11\",\"parent\":\"guang11\",\"color\":{}},{\"z\":13,\"name\":\"ooo\",\"parent\":\"root\",\"color\":{}},{\"z\":14,\"name\":\"crash\",\"parent\":\"root\",\"color\":{}},{\"z\":15,\"name\":\"saogg\",\"parent\":\"saogg\",\"color\":{}}],\"animation\":[{\"playTimes\":0,\"frame\":[],\"ffd\":[],\"ik\":[],\"bone\":[{\"frame\":[{\"duration\":40,\"transform\":{}}],\"name\":\"root\"},{\"frame\":[{\"tweenEasing\":0,\"duration\":18,\"transform\":{}},{\"tweenEasing\":0,\"duration\":22,\"transform\":{\"y\":-5}},{\"duration\":0,\"transform\":{}}],\"name\":\"huojian\"},{\"frame\":[{\"tweenEasing\":0,\"duration\":20,\"transform\":{}},{\"duration\":20,\"transform\":{\"y\":-13.358,\"scX\":1.75,\"scY\":1.95,\"x\":-103.1065}}],\"name\":\"huaguang\"},{\"frame\":[{\"tweenEasing\":0,\"duration\":30,\"transform\":{}},{\"duration\":10,\"transform\":{\"x\":112.2129}}],\"name\":\"saogg\"},{\"frame\":[{\"tweenEasing\":0,\"duration\":14,\"transform\":{}},{\"tweenEasing\":0,\"duration\":14,\"transform\":{\"y\":6}},{\"tweenEasing\":0,\"duration\":12,\"transform\":{\"y\":-2.0316}},{\"duration\":0,\"transform\":{}}],\"name\":\"jb2\"},{\"frame\":[{\"tweenEasing\":0,\"duration\":15,\"transform\":{}},{\"tweenEasing\":0,\"duration\":15,\"transform\":{\"y\":-6.5371,\"x\":-0.9242}},{\"duration\":10,\"transform\":{}}],\"name\":\"jb3\"},{\"frame\":[{\"duration\":5,\"transform\":{}},{\"tweenEasing\":0,\"duration\":13,\"transform\":{}},{\"tweenEasing\":0,\"duration\":12,\"transform\":{\"y\":-4.5084,\"x\":-1.6005}},{\"duration\":10,\"transform\":{}}],\"name\":\"jb1\"},{\"frame\":[{\"tweenEasing\":0,\"duration\":22,\"transform\":{}},{\"tweenEasing\":0,\"duration\":18,\"transform\":{\"scX\":1.05,\"scY\":1.05}},{\"duration\":0,\"transform\":{}}],\"name\":\"guang31\"},{\"frame\":[{\"tweenEasing\":0,\"duration\":20,\"transform\":{}},{\"tweenEasing\":0,\"duration\":20,\"transform\":{\"scX\":1.1,\"scY\":1.1}},{\"duration\":0,\"transform\":{}}],\"name\":\"guang21\"},{\"frame\":[{\"tweenEasing\":0,\"duration\":20,\"transform\":{}},{\"tweenEasing\":0,\"duration\":20,\"transform\":{\"scX\":1.12,\"scY\":1.12}},{\"duration\":0,\"transform\":{}}],\"name\":\"guang1\"},{\"frame\":[{\"tweenEasing\":0,\"duration\":18,\"transform\":{}},{\"tweenEasing\":0,\"duration\":22,\"transform\":{\"y\":-5}},{\"duration\":0,\"transform\":{}}],\"name\":\"huojian1\"},{\"frame\":[{\"tweenEasing\":0,\"duration\":22,\"transform\":{}},{\"tweenEasing\":0,\"duration\":18,\"transform\":{\"scX\":1.05,\"scY\":1.05}},{\"duration\":0,\"transform\":{}}],\"name\":\"guang311\"},{\"frame\":[{\"tweenEasing\":0,\"duration\":20,\"transform\":{}},{\"tweenEasing\":0,\"duration\":20,\"transform\":{\"scX\":1.1,\"scY\":1.1}},{\"duration\":0,\"transform\":{}}],\"name\":\"guang211\"},{\"frame\":[{\"tweenEasing\":0,\"duration\":20,\"transform\":{}},{\"tweenEasing\":0,\"duration\":20,\"transform\":{\"scX\":1.12,\"scY\":1.12}},{\"duration\":0,\"transform\":{}}],\"name\":\"guang11\"}],\"slot\":[{\"frame\":[{\"tweenEasing\":0,\"duration\":40},{\"tweenEasing\":null,\"duration\":0,\"color\":{\"aM\":63}}],\"name\":\"guang3\"},{\"frame\":[{\"tweenEasing\":null,\"duration\":40}],\"name\":\"guang2\"},{\"frame\":[{\"tweenEasing\":null,\"duration\":40}],\"name\":\"guang1\"},{\"frame\":[{\"tweenEasing\":0,\"duration\":20,\"color\":{\"aM\":28}},{\"tweenEasing\":null,\"duration\":20,\"color\":{\"aM\":0}}],\"name\":\"huaguang\"},{\"frame\":[{\"tweenEasing\":0,\"duration\":15,\"color\":{\"aM\":0}},{\"tweenEasing\":0,\"duration\":15},{\"tweenEasing\":null,\"duration\":10,\"color\":{\"aM\":0}}],\"name\":\"saogg\"},{\"frame\":[{\"tweenEasing\":0,\"duration\":18,\"color\":{\"aM\":0}},{\"tweenEasing\":0,\"duration\":22,\"color\":{\"bM\":5,\"gM\":63,\"aM\":35}},{\"tweenEasing\":null,\"duration\":0,\"color\":{\"aM\":0}}],\"name\":\"huojian1\"},{\"frame\":[{\"tweenEasing\":0,\"duration\":40,\"color\":{\"rM\":47,\"gM\":23,\"aM\":44}},{\"tweenEasing\":null,\"duration\":0,\"color\":{\"rM\":47,\"gM\":23,\"aM\":0}}],\"name\":\"guang31\"},{\"frame\":[{\"tweenEasing\":0,\"duration\":20,\"color\":{\"aM\":0}},{\"tweenEasing\":0,\"duration\":20,\"color\":{\"rM\":9,\"bM\":56,\"aM\":25}},{\"tweenEasing\":null,\"duration\":0,\"color\":{\"aM\":0}}],\"name\":\"guang21\"},{\"frame\":[{\"tweenEasing\":null,\"duration\":40}],\"name\":\"guang11\"}],\"duration\":40,\"name\":\"newAnimation\"}],\"name\":\"Armature\"}],\"frameRate\":24,\"name\":\"newAnimation\",\"version\":\"5.0\",\"isGlobal\":0}"]],0,0,[],[],[]]