[1,0,0,[["dragonBones.DragonBonesAsset",["_name","_dragonBonesJson"],1]],[[0,0,1,3]],[[0,"bg_paopao_ske","{\"frameRate\":24,\"isGlobal\":0,\"name\":\"bg_paopao\",\"version\":\"5.0\",\"armature\":[{\"skin\":[{\"name\":\"\",\"slot\":[{\"display\":[{\"path\":\"星光闪闪0001/星光闪闪0011\",\"type\":\"image\",\"name\":\"星光闪闪0001/星光闪闪0011\",\"transform\":{\"y\":4.5,\"skX\":-90,\"skY\":-90,\"x\":9}},{\"path\":\"星光闪闪0001/星光闪闪0009\",\"type\":\"image\",\"name\":\"星光闪闪0001/星光闪闪0009\",\"transform\":{\"y\":13,\"skX\":-90,\"skY\":-90,\"x\":21}},{\"path\":\"星光闪闪0001/星光闪闪0007\",\"type\":\"image\",\"name\":\"星光闪闪0001/星光闪闪0007\",\"transform\":{\"y\":6,\"skX\":-90,\"skY\":-90,\"x\":11.5}},{\"path\":\"星光闪闪0001/星光闪闪0005\",\"type\":\"image\",\"name\":\"星光闪闪0001/星光闪闪0005\",\"transform\":{\"y\":-6,\"skX\":-90,\"skY\":-90,\"x\":23.5}},{\"path\":\"星光闪闪0001/星光闪闪0003\",\"type\":\"image\",\"name\":\"星光闪闪0001/星光闪闪0003\",\"transform\":{\"y\":-0.5,\"skX\":-90,\"skY\":-90,\"x\":18.5}},{\"path\":\"星光闪闪0001/星光闪闪0001\",\"type\":\"image\",\"name\":\"星光闪闪0001/星光闪闪0001\",\"transform\":{\"y\":7.5,\"skX\":-90,\"skY\":-90,\"x\":7}},{\"path\":\"星光闪闪0001/星光闪闪0002\",\"type\":\"image\",\"name\":\"星光闪闪0001/星光闪闪0002\",\"transform\":{\"y\":7,\"skX\":-90,\"skY\":-90,\"x\":8.5}},{\"path\":\"星光闪闪0001/星光闪闪0004\",\"type\":\"image\",\"name\":\"星光闪闪0001/星光闪闪0004\",\"transform\":{\"y\":-6,\"skX\":-90,\"skY\":-90,\"x\":26}},{\"path\":\"星光闪闪0001/星光闪闪0006\",\"type\":\"image\",\"name\":\"星光闪闪0001/星光闪闪0006\",\"transform\":{\"skX\":-90,\"skY\":-90,\"x\":18}},{\"path\":\"星光闪闪0001/星光闪闪0008\",\"type\":\"image\",\"name\":\"星光闪闪0001/星光闪闪0008\",\"transform\":{\"y\":11,\"skX\":-90,\"skY\":-90,\"x\":18.5}},{\"path\":\"星光闪闪0001/星光闪闪0010\",\"type\":\"image\",\"name\":\"星光闪闪0001/星光闪闪0010\",\"transform\":{\"y\":9.5,\"skX\":-90,\"skY\":-90,\"x\":16}},{\"path\":\"星光闪闪0001/星光闪闪0012\",\"type\":\"image\",\"name\":\"星光闪闪0001/星光闪闪0012\",\"transform\":{\"y\":5.5,\"skX\":-90,\"skY\":-90,\"x\":8.5}}],\"name\":\"root1111\"},{\"display\":[{\"path\":\"星光闪闪0001/星光闪闪0011\",\"type\":\"image\",\"name\":\"星光闪闪0001/星光闪闪0011\",\"transform\":{\"y\":4.5,\"skX\":-90,\"skY\":-90,\"x\":9}},{\"path\":\"星光闪闪0001/星光闪闪0009\",\"type\":\"image\",\"name\":\"星光闪闪0001/星光闪闪0009\",\"transform\":{\"y\":13,\"skX\":-90,\"skY\":-90,\"x\":21}},{\"path\":\"星光闪闪0001/星光闪闪0007\",\"type\":\"image\",\"name\":\"星光闪闪0001/星光闪闪0007\",\"transform\":{\"y\":6,\"skX\":-90,\"skY\":-90,\"x\":11.5}},{\"path\":\"星光闪闪0001/星光闪闪0005\",\"type\":\"image\",\"name\":\"星光闪闪0001/星光闪闪0005\",\"transform\":{\"y\":-6,\"skX\":-90,\"skY\":-90,\"x\":23.5}},{\"path\":\"星光闪闪0001/星光闪闪0003\",\"type\":\"image\",\"name\":\"星光闪闪0001/星光闪闪0003\",\"transform\":{\"y\":-0.5,\"skX\":-90,\"skY\":-90,\"x\":18.5}},{\"path\":\"星光闪闪0001/星光闪闪0001\",\"type\":\"image\",\"name\":\"星光闪闪0001/星光闪闪0001\",\"transform\":{\"y\":7.5,\"skX\":-90,\"skY\":-90,\"x\":7}},{\"path\":\"星光闪闪0001/星光闪闪0002\",\"type\":\"image\",\"name\":\"星光闪闪0001/星光闪闪0002\",\"transform\":{\"y\":7,\"skX\":-90,\"skY\":-90,\"x\":8.5}},{\"path\":\"星光闪闪0001/星光闪闪0004\",\"type\":\"image\",\"name\":\"星光闪闪0001/星光闪闪0004\",\"transform\":{\"y\":-6,\"skX\":-90,\"skY\":-90,\"x\":26}},{\"path\":\"星光闪闪0001/星光闪闪0006\",\"type\":\"image\",\"name\":\"星光闪闪0001/星光闪闪0006\",\"transform\":{\"skX\":-90,\"skY\":-90,\"x\":18}},{\"path\":\"星光闪闪0001/星光闪闪0008\",\"type\":\"image\",\"name\":\"星光闪闪0001/星光闪闪0008\",\"transform\":{\"y\":11,\"skX\":-90,\"skY\":-90,\"x\":18.5}},{\"path\":\"星光闪闪0001/星光闪闪0010\",\"type\":\"image\",\"name\":\"星光闪闪0001/星光闪闪0010\",\"transform\":{\"y\":9.5,\"skX\":-90,\"skY\":-90,\"x\":16}},{\"path\":\"星光闪闪0001/星光闪闪0012\",\"type\":\"image\",\"name\":\"星光闪闪0001/星光闪闪0012\",\"transform\":{\"y\":5.5,\"skX\":-90,\"skY\":-90,\"x\":8.5}}],\"name\":\"root114\"},{\"display\":[{\"path\":\"星光闪闪0001/星光闪闪0011\",\"type\":\"image\",\"name\":\"星光闪闪0001/星光闪闪0011\",\"transform\":{\"y\":4.5,\"skX\":-90,\"skY\":-90,\"x\":9}},{\"path\":\"星光闪闪0001/星光闪闪0009\",\"type\":\"image\",\"name\":\"星光闪闪0001/星光闪闪0009\",\"transform\":{\"y\":13,\"skX\":-90,\"skY\":-90,\"x\":21}},{\"path\":\"星光闪闪0001/星光闪闪0007\",\"type\":\"image\",\"name\":\"星光闪闪0001/星光闪闪0007\",\"transform\":{\"y\":6,\"skX\":-90,\"skY\":-90,\"x\":11.5}},{\"path\":\"星光闪闪0001/星光闪闪0005\",\"type\":\"image\",\"name\":\"星光闪闪0001/星光闪闪0005\",\"transform\":{\"y\":-6,\"skX\":-90,\"skY\":-90,\"x\":23.5}},{\"path\":\"星光闪闪0001/星光闪闪0003\",\"type\":\"image\",\"name\":\"星光闪闪0001/星光闪闪0003\",\"transform\":{\"y\":-0.5,\"skX\":-90,\"skY\":-90,\"x\":18.5}},{\"path\":\"星光闪闪0001/星光闪闪0001\",\"type\":\"image\",\"name\":\"星光闪闪0001/星光闪闪0001\",\"transform\":{\"y\":7.5,\"skX\":-90,\"skY\":-90,\"x\":7}},{\"path\":\"星光闪闪0001/星光闪闪0002\",\"type\":\"image\",\"name\":\"星光闪闪0001/星光闪闪0002\",\"transform\":{\"y\":7,\"skX\":-90,\"skY\":-90,\"x\":8.5}},{\"path\":\"星光闪闪0001/星光闪闪0004\",\"type\":\"image\",\"name\":\"星光闪闪0001/星光闪闪0004\",\"transform\":{\"y\":-6,\"skX\":-90,\"skY\":-90,\"x\":26}},{\"path\":\"星光闪闪0001/星光闪闪0006\",\"type\":\"image\",\"name\":\"星光闪闪0001/星光闪闪0006\",\"transform\":{\"skX\":-90,\"skY\":-90,\"x\":18}},{\"path\":\"星光闪闪0001/星光闪闪0008\",\"type\":\"image\",\"name\":\"星光闪闪0001/星光闪闪0008\",\"transform\":{\"y\":11,\"skX\":-90,\"skY\":-90,\"x\":18.5}},{\"path\":\"星光闪闪0001/星光闪闪0010\",\"type\":\"image\",\"name\":\"星光闪闪0001/星光闪闪0010\",\"transform\":{\"y\":9.5,\"skX\":-90,\"skY\":-90,\"x\":16}},{\"path\":\"星光闪闪0001/星光闪闪0012\",\"type\":\"image\",\"name\":\"星光闪闪0001/星光闪闪0012\",\"transform\":{\"y\":5.5,\"skX\":-90,\"skY\":-90,\"x\":8.5}}],\"name\":\"root21\"},{\"display\":[{\"path\":\"星光闪闪0001/星光闪闪0011\",\"type\":\"image\",\"name\":\"星光闪闪0001/星光闪闪0011\",\"transform\":{\"y\":4.5,\"skX\":-90,\"skY\":-90,\"x\":9}},{\"path\":\"星光闪闪0001/星光闪闪0009\",\"type\":\"image\",\"name\":\"星光闪闪0001/星光闪闪0009\",\"transform\":{\"y\":13,\"skX\":-90,\"skY\":-90,\"x\":21}},{\"path\":\"星光闪闪0001/星光闪闪0007\",\"type\":\"image\",\"name\":\"星光闪闪0001/星光闪闪0007\",\"transform\":{\"y\":6,\"skX\":-90,\"skY\":-90,\"x\":11.5}},{\"path\":\"星光闪闪0001/星光闪闪0005\",\"type\":\"image\",\"name\":\"星光闪闪0001/星光闪闪0005\",\"transform\":{\"y\":-6,\"skX\":-90,\"skY\":-90,\"x\":23.5}},{\"path\":\"星光闪闪0001/星光闪闪0003\",\"type\":\"image\",\"name\":\"星光闪闪0001/星光闪闪0003\",\"transform\":{\"y\":-0.5,\"skX\":-90,\"skY\":-90,\"x\":18.5}},{\"path\":\"星光闪闪0001/星光闪闪0001\",\"type\":\"image\",\"name\":\"星光闪闪0001/星光闪闪0001\",\"transform\":{\"y\":7.5,\"skX\":-90,\"skY\":-90,\"x\":7}},{\"path\":\"星光闪闪0001/星光闪闪0002\",\"type\":\"image\",\"name\":\"星光闪闪0001/星光闪闪0002\",\"transform\":{\"y\":7,\"skX\":-90,\"skY\":-90,\"x\":8.5}},{\"path\":\"星光闪闪0001/星光闪闪0004\",\"type\":\"image\",\"name\":\"星光闪闪0001/星光闪闪0004\",\"transform\":{\"y\":-6,\"skX\":-90,\"skY\":-90,\"x\":26}},{\"path\":\"星光闪闪0001/星光闪闪0006\",\"type\":\"image\",\"name\":\"星光闪闪0001/星光闪闪0006\",\"transform\":{\"skX\":-90,\"skY\":-90,\"x\":18}},{\"path\":\"星光闪闪0001/星光闪闪0008\",\"type\":\"image\",\"name\":\"星光闪闪0001/星光闪闪0008\",\"transform\":{\"y\":11,\"skX\":-90,\"skY\":-90,\"x\":18.5}},{\"path\":\"星光闪闪0001/星光闪闪0010\",\"type\":\"image\",\"name\":\"星光闪闪0001/星光闪闪0010\",\"transform\":{\"y\":9.5,\"skX\":-90,\"skY\":-90,\"x\":16}},{\"path\":\"星光闪闪0001/星光闪闪0012\",\"type\":\"image\",\"name\":\"星光闪闪0001/星光闪闪0012\",\"transform\":{\"y\":5.5,\"skX\":-90,\"skY\":-90,\"x\":8.5}}],\"name\":\"root12\"},{\"display\":[{\"path\":\"星光闪闪0001/星光闪闪0011\",\"type\":\"image\",\"name\":\"星光闪闪0001/星光闪闪0011\",\"transform\":{\"y\":4.5,\"skX\":-90,\"skY\":-90,\"x\":9}},{\"path\":\"星光闪闪0001/星光闪闪0009\",\"type\":\"image\",\"name\":\"星光闪闪0001/星光闪闪0009\",\"transform\":{\"y\":13,\"skX\":-90,\"skY\":-90,\"x\":21}},{\"path\":\"星光闪闪0001/星光闪闪0007\",\"type\":\"image\",\"name\":\"星光闪闪0001/星光闪闪0007\",\"transform\":{\"y\":6,\"skX\":-90,\"skY\":-90,\"x\":11.5}},{\"path\":\"星光闪闪0001/星光闪闪0005\",\"type\":\"image\",\"name\":\"星光闪闪0001/星光闪闪0005\",\"transform\":{\"y\":-6,\"skX\":-90,\"skY\":-90,\"x\":23.5}},{\"path\":\"星光闪闪0001/星光闪闪0003\",\"type\":\"image\",\"name\":\"星光闪闪0001/星光闪闪0003\",\"transform\":{\"y\":-0.5,\"skX\":-90,\"skY\":-90,\"x\":18.5}},{\"path\":\"星光闪闪0001/星光闪闪0001\",\"type\":\"image\",\"name\":\"星光闪闪0001/星光闪闪0001\",\"transform\":{\"y\":7.5,\"skX\":-90,\"skY\":-90,\"x\":7}},{\"path\":\"星光闪闪0001/星光闪闪0002\",\"type\":\"image\",\"name\":\"星光闪闪0001/星光闪闪0002\",\"transform\":{\"y\":7,\"skX\":-90,\"skY\":-90,\"x\":8.5}},{\"path\":\"星光闪闪0001/星光闪闪0004\",\"type\":\"image\",\"name\":\"星光闪闪0001/星光闪闪0004\",\"transform\":{\"y\":-6,\"skX\":-90,\"skY\":-90,\"x\":26}},{\"path\":\"星光闪闪0001/星光闪闪0006\",\"type\":\"image\",\"name\":\"星光闪闪0001/星光闪闪0006\",\"transform\":{\"skX\":-90,\"skY\":-90,\"x\":18}},{\"path\":\"星光闪闪0001/星光闪闪0008\",\"type\":\"image\",\"name\":\"星光闪闪0001/星光闪闪0008\",\"transform\":{\"y\":11,\"skX\":-90,\"skY\":-90,\"x\":18.5}},{\"path\":\"星光闪闪0001/星光闪闪0010\",\"type\":\"image\",\"name\":\"星光闪闪0001/星光闪闪0010\",\"transform\":{\"y\":9.5,\"skX\":-90,\"skY\":-90,\"x\":16}},{\"path\":\"星光闪闪0001/星光闪闪0012\",\"type\":\"image\",\"name\":\"星光闪闪0001/星光闪闪0012\",\"transform\":{\"y\":5.5,\"skX\":-90,\"skY\":-90,\"x\":8.5}}],\"name\":\"root1131\"},{\"display\":[{\"path\":\"星光闪闪0001/星光闪闪0011\",\"type\":\"image\",\"name\":\"星光闪闪0001/星光闪闪0011\",\"transform\":{\"y\":4.5,\"skX\":-90,\"skY\":-90,\"x\":9}},{\"path\":\"星光闪闪0001/星光闪闪0009\",\"type\":\"image\",\"name\":\"星光闪闪0001/星光闪闪0009\",\"transform\":{\"y\":13,\"skX\":-90,\"skY\":-90,\"x\":21}},{\"path\":\"星光闪闪0001/星光闪闪0007\",\"type\":\"image\",\"name\":\"星光闪闪0001/星光闪闪0007\",\"transform\":{\"y\":6,\"skX\":-90,\"skY\":-90,\"x\":11.5}},{\"path\":\"星光闪闪0001/星光闪闪0005\",\"type\":\"image\",\"name\":\"星光闪闪0001/星光闪闪0005\",\"transform\":{\"y\":-6,\"skX\":-90,\"skY\":-90,\"x\":23.5}},{\"path\":\"星光闪闪0001/星光闪闪0003\",\"type\":\"image\",\"name\":\"星光闪闪0001/星光闪闪0003\",\"transform\":{\"y\":-0.5,\"skX\":-90,\"skY\":-90,\"x\":18.5}},{\"path\":\"星光闪闪0001/星光闪闪0001\",\"type\":\"image\",\"name\":\"星光闪闪0001/星光闪闪0001\",\"transform\":{\"y\":7.5,\"skX\":-90,\"skY\":-90,\"x\":7}},{\"path\":\"星光闪闪0001/星光闪闪0002\",\"type\":\"image\",\"name\":\"星光闪闪0001/星光闪闪0002\",\"transform\":{\"y\":7,\"skX\":-90,\"skY\":-90,\"x\":8.5}},{\"path\":\"星光闪闪0001/星光闪闪0004\",\"type\":\"image\",\"name\":\"星光闪闪0001/星光闪闪0004\",\"transform\":{\"y\":-6,\"skX\":-90,\"skY\":-90,\"x\":26}},{\"path\":\"星光闪闪0001/星光闪闪0006\",\"type\":\"image\",\"name\":\"星光闪闪0001/星光闪闪0006\",\"transform\":{\"skX\":-90,\"skY\":-90,\"x\":18}},{\"path\":\"星光闪闪0001/星光闪闪0008\",\"type\":\"image\",\"name\":\"星光闪闪0001/星光闪闪0008\",\"transform\":{\"y\":11,\"skX\":-90,\"skY\":-90,\"x\":18.5}},{\"path\":\"星光闪闪0001/星光闪闪0010\",\"type\":\"image\",\"name\":\"星光闪闪0001/星光闪闪0010\",\"transform\":{\"y\":9.5,\"skX\":-90,\"skY\":-90,\"x\":16}},{\"path\":\"星光闪闪0001/星光闪闪0012\",\"type\":\"image\",\"name\":\"星光闪闪0001/星光闪闪0012\",\"transform\":{\"y\":5.5,\"skX\":-90,\"skY\":-90,\"x\":8.5}}],\"name\":\"root14\"},{\"display\":[{\"path\":\"星光闪闪0001/星光闪闪0011\",\"type\":\"image\",\"name\":\"星光闪闪0001/星光闪闪0011\",\"transform\":{\"y\":4.5,\"skX\":-90,\"skY\":-90,\"x\":9}},{\"path\":\"星光闪闪0001/星光闪闪0009\",\"type\":\"image\",\"name\":\"星光闪闪0001/星光闪闪0009\",\"transform\":{\"y\":13,\"skX\":-90,\"skY\":-90,\"x\":21}},{\"path\":\"星光闪闪0001/星光闪闪0007\",\"type\":\"image\",\"name\":\"星光闪闪0001/星光闪闪0007\",\"transform\":{\"y\":6,\"skX\":-90,\"skY\":-90,\"x\":11.5}},{\"path\":\"星光闪闪0001/星光闪闪0005\",\"type\":\"image\",\"name\":\"星光闪闪0001/星光闪闪0005\",\"transform\":{\"y\":-6,\"skX\":-90,\"skY\":-90,\"x\":23.5}},{\"path\":\"星光闪闪0001/星光闪闪0003\",\"type\":\"image\",\"name\":\"星光闪闪0001/星光闪闪0003\",\"transform\":{\"y\":-0.5,\"skX\":-90,\"skY\":-90,\"x\":18.5}},{\"path\":\"星光闪闪0001/星光闪闪0001\",\"type\":\"image\",\"name\":\"星光闪闪0001/星光闪闪0001\",\"transform\":{\"y\":7.5,\"skX\":-90,\"skY\":-90,\"x\":7}},{\"path\":\"星光闪闪0001/星光闪闪0002\",\"type\":\"image\",\"name\":\"星光闪闪0001/星光闪闪0002\",\"transform\":{\"y\":7,\"skX\":-90,\"skY\":-90,\"x\":8.5}},{\"path\":\"星光闪闪0001/星光闪闪0004\",\"type\":\"image\",\"name\":\"星光闪闪0001/星光闪闪0004\",\"transform\":{\"y\":-6,\"skX\":-90,\"skY\":-90,\"x\":26}},{\"path\":\"星光闪闪0001/星光闪闪0006\",\"type\":\"image\",\"name\":\"星光闪闪0001/星光闪闪0006\",\"transform\":{\"skX\":-90,\"skY\":-90,\"x\":18}},{\"path\":\"星光闪闪0001/星光闪闪0008\",\"type\":\"image\",\"name\":\"星光闪闪0001/星光闪闪0008\",\"transform\":{\"y\":11,\"skX\":-90,\"skY\":-90,\"x\":18.5}},{\"path\":\"星光闪闪0001/星光闪闪0010\",\"type\":\"image\",\"name\":\"星光闪闪0001/星光闪闪0010\",\"transform\":{\"y\":9.5,\"skX\":-90,\"skY\":-90,\"x\":16}},{\"path\":\"星光闪闪0001/星光闪闪0012\",\"type\":\"image\",\"name\":\"星光闪闪0001/星光闪闪0012\",\"transform\":{\"y\":5.5,\"skX\":-90,\"skY\":-90,\"x\":8.5}}],\"name\":\"root1\"},{\"display\":[{\"path\":\"星光闪闪0001/星光闪闪0011\",\"type\":\"image\",\"name\":\"星光闪闪0001/星光闪闪0011\",\"transform\":{\"y\":4.5,\"skX\":-90,\"skY\":-90,\"x\":9}},{\"path\":\"星光闪闪0001/星光闪闪0009\",\"type\":\"image\",\"name\":\"星光闪闪0001/星光闪闪0009\",\"transform\":{\"y\":13,\"skX\":-90,\"skY\":-90,\"x\":21}},{\"path\":\"星光闪闪0001/星光闪闪0007\",\"type\":\"image\",\"name\":\"星光闪闪0001/星光闪闪0007\",\"transform\":{\"y\":6,\"skX\":-90,\"skY\":-90,\"x\":11.5}},{\"path\":\"星光闪闪0001/星光闪闪0005\",\"type\":\"image\",\"name\":\"星光闪闪0001/星光闪闪0005\",\"transform\":{\"y\":-6,\"skX\":-90,\"skY\":-90,\"x\":23.5}},{\"path\":\"星光闪闪0001/星光闪闪0003\",\"type\":\"image\",\"name\":\"星光闪闪0001/星光闪闪0003\",\"transform\":{\"y\":-0.5,\"skX\":-90,\"skY\":-90,\"x\":18.5}},{\"path\":\"星光闪闪0001/星光闪闪0001\",\"type\":\"image\",\"name\":\"星光闪闪0001/星光闪闪0001\",\"transform\":{\"y\":7.5,\"skX\":-90,\"skY\":-90,\"x\":7}},{\"path\":\"星光闪闪0001/星光闪闪0002\",\"type\":\"image\",\"name\":\"星光闪闪0001/星光闪闪0002\",\"transform\":{\"y\":7,\"skX\":-90,\"skY\":-90,\"x\":8.5}},{\"path\":\"星光闪闪0001/星光闪闪0004\",\"type\":\"image\",\"name\":\"星光闪闪0001/星光闪闪0004\",\"transform\":{\"y\":-6,\"skX\":-90,\"skY\":-90,\"x\":26}},{\"path\":\"星光闪闪0001/星光闪闪0006\",\"type\":\"image\",\"name\":\"星光闪闪0001/星光闪闪0006\",\"transform\":{\"skX\":-90,\"skY\":-90,\"x\":18}},{\"path\":\"星光闪闪0001/星光闪闪0008\",\"type\":\"image\",\"name\":\"星光闪闪0001/星光闪闪0008\",\"transform\":{\"y\":11,\"skX\":-90,\"skY\":-90,\"x\":18.5}},{\"path\":\"星光闪闪0001/星光闪闪0010\",\"type\":\"image\",\"name\":\"星光闪闪0001/星光闪闪0010\",\"transform\":{\"y\":9.5,\"skX\":-90,\"skY\":-90,\"x\":16}},{\"path\":\"星光闪闪0001/星光闪闪0012\",\"type\":\"image\",\"name\":\"星光闪闪0001/星光闪闪0012\",\"transform\":{\"y\":5.5,\"skX\":-90,\"skY\":-90,\"x\":8.5}}],\"name\":\"root112\"},{\"display\":[{\"path\":\"星光闪闪0001/星光闪闪0011\",\"type\":\"image\",\"name\":\"星光闪闪0001/星光闪闪0011\",\"transform\":{\"y\":4.5,\"skX\":-90,\"skY\":-90,\"x\":9}},{\"path\":\"星光闪闪0001/星光闪闪0009\",\"type\":\"image\",\"name\":\"星光闪闪0001/星光闪闪0009\",\"transform\":{\"y\":13,\"skX\":-90,\"skY\":-90,\"x\":21}},{\"path\":\"星光闪闪0001/星光闪闪0007\",\"type\":\"image\",\"name\":\"星光闪闪0001/星光闪闪0007\",\"transform\":{\"y\":6,\"skX\":-90,\"skY\":-90,\"x\":11.5}},{\"path\":\"星光闪闪0001/星光闪闪0005\",\"type\":\"image\",\"name\":\"星光闪闪0001/星光闪闪0005\",\"transform\":{\"y\":-6,\"skX\":-90,\"skY\":-90,\"x\":23.5}},{\"path\":\"星光闪闪0001/星光闪闪0003\",\"type\":\"image\",\"name\":\"星光闪闪0001/星光闪闪0003\",\"transform\":{\"y\":-0.5,\"skX\":-90,\"skY\":-90,\"x\":18.5}},{\"path\":\"星光闪闪0001/星光闪闪0001\",\"type\":\"image\",\"name\":\"星光闪闪0001/星光闪闪0001\",\"transform\":{\"y\":7.5,\"skX\":-90,\"skY\":-90,\"x\":7}},{\"path\":\"星光闪闪0001/星光闪闪0002\",\"type\":\"image\",\"name\":\"星光闪闪0001/星光闪闪0002\",\"transform\":{\"y\":7,\"skX\":-90,\"skY\":-90,\"x\":8.5}},{\"path\":\"星光闪闪0001/星光闪闪0004\",\"type\":\"image\",\"name\":\"星光闪闪0001/星光闪闪0004\",\"transform\":{\"y\":-6,\"skX\":-90,\"skY\":-90,\"x\":26}},{\"path\":\"星光闪闪0001/星光闪闪0006\",\"type\":\"image\",\"name\":\"星光闪闪0001/星光闪闪0006\",\"transform\":{\"skX\":-90,\"skY\":-90,\"x\":18}},{\"path\":\"星光闪闪0001/星光闪闪0008\",\"type\":\"image\",\"name\":\"星光闪闪0001/星光闪闪0008\",\"transform\":{\"y\":11,\"skX\":-90,\"skY\":-90,\"x\":18.5}},{\"path\":\"星光闪闪0001/星光闪闪0010\",\"type\":\"image\",\"name\":\"星光闪闪0001/星光闪闪0010\",\"transform\":{\"y\":9.5,\"skX\":-90,\"skY\":-90,\"x\":16}},{\"path\":\"星光闪闪0001/星光闪闪0012\",\"type\":\"image\",\"name\":\"星光闪闪0001/星光闪闪0012\",\"transform\":{\"y\":5.5,\"skX\":-90,\"skY\":-90,\"x\":8.5}}],\"name\":\"root113\"},{\"display\":[{\"path\":\"星光闪闪0001/星光闪闪0011\",\"type\":\"image\",\"name\":\"星光闪闪0001/星光闪闪0011\",\"transform\":{\"y\":4.5,\"skX\":-90,\"skY\":-90,\"x\":9}},{\"path\":\"星光闪闪0001/星光闪闪0009\",\"type\":\"image\",\"name\":\"星光闪闪0001/星光闪闪0009\",\"transform\":{\"y\":13,\"skX\":-90,\"skY\":-90,\"x\":21}},{\"path\":\"星光闪闪0001/星光闪闪0007\",\"type\":\"image\",\"name\":\"星光闪闪0001/星光闪闪0007\",\"transform\":{\"y\":6,\"skX\":-90,\"skY\":-90,\"x\":11.5}},{\"path\":\"星光闪闪0001/星光闪闪0005\",\"type\":\"image\",\"name\":\"星光闪闪0001/星光闪闪0005\",\"transform\":{\"y\":-6,\"skX\":-90,\"skY\":-90,\"x\":23.5}},{\"path\":\"星光闪闪0001/星光闪闪0003\",\"type\":\"image\",\"name\":\"星光闪闪0001/星光闪闪0003\",\"transform\":{\"y\":-0.5,\"skX\":-90,\"skY\":-90,\"x\":18.5}},{\"path\":\"星光闪闪0001/星光闪闪0001\",\"type\":\"image\",\"name\":\"星光闪闪0001/星光闪闪0001\",\"transform\":{\"y\":7.5,\"skX\":-90,\"skY\":-90,\"x\":7}},{\"path\":\"星光闪闪0001/星光闪闪0002\",\"type\":\"image\",\"name\":\"星光闪闪0001/星光闪闪0002\",\"transform\":{\"y\":7,\"skX\":-90,\"skY\":-90,\"x\":8.5}},{\"path\":\"星光闪闪0001/星光闪闪0004\",\"type\":\"image\",\"name\":\"星光闪闪0001/星光闪闪0004\",\"transform\":{\"y\":-6,\"skX\":-90,\"skY\":-90,\"x\":26}},{\"path\":\"星光闪闪0001/星光闪闪0006\",\"type\":\"image\",\"name\":\"星光闪闪0001/星光闪闪0006\",\"transform\":{\"skX\":-90,\"skY\":-90,\"x\":18}},{\"path\":\"星光闪闪0001/星光闪闪0008\",\"type\":\"image\",\"name\":\"星光闪闪0001/星光闪闪0008\",\"transform\":{\"y\":11,\"skX\":-90,\"skY\":-90,\"x\":18.5}},{\"path\":\"星光闪闪0001/星光闪闪0010\",\"type\":\"image\",\"name\":\"星光闪闪0001/星光闪闪0010\",\"transform\":{\"y\":9.5,\"skX\":-90,\"skY\":-90,\"x\":16}},{\"path\":\"星光闪闪0001/星光闪闪0012\",\"type\":\"image\",\"name\":\"星光闪闪0001/星光闪闪0012\",\"transform\":{\"y\":5.5,\"skX\":-90,\"skY\":-90,\"x\":8.5}}],\"name\":\"root2\"},{\"display\":[{\"path\":\"星光闪闪0001/星光闪闪0011\",\"type\":\"image\",\"name\":\"星光闪闪0001/星光闪闪0011\",\"transform\":{\"y\":4.5,\"skX\":-90,\"skY\":-90,\"x\":9}},{\"path\":\"星光闪闪0001/星光闪闪0009\",\"type\":\"image\",\"name\":\"星光闪闪0001/星光闪闪0009\",\"transform\":{\"y\":13,\"skX\":-90,\"skY\":-90,\"x\":21}},{\"path\":\"星光闪闪0001/星光闪闪0007\",\"type\":\"image\",\"name\":\"星光闪闪0001/星光闪闪0007\",\"transform\":{\"y\":6,\"skX\":-90,\"skY\":-90,\"x\":11.5}},{\"path\":\"星光闪闪0001/星光闪闪0005\",\"type\":\"image\",\"name\":\"星光闪闪0001/星光闪闪0005\",\"transform\":{\"y\":-6,\"skX\":-90,\"skY\":-90,\"x\":23.5}},{\"path\":\"星光闪闪0001/星光闪闪0003\",\"type\":\"image\",\"name\":\"星光闪闪0001/星光闪闪0003\",\"transform\":{\"y\":-0.5,\"skX\":-90,\"skY\":-90,\"x\":18.5}},{\"path\":\"星光闪闪0001/星光闪闪0001\",\"type\":\"image\",\"name\":\"星光闪闪0001/星光闪闪0001\",\"transform\":{\"y\":7.5,\"skX\":-90,\"skY\":-90,\"x\":7}},{\"path\":\"星光闪闪0001/星光闪闪0002\",\"type\":\"image\",\"name\":\"星光闪闪0001/星光闪闪0002\",\"transform\":{\"y\":7,\"skX\":-90,\"skY\":-90,\"x\":8.5}},{\"path\":\"星光闪闪0001/星光闪闪0004\",\"type\":\"image\",\"name\":\"星光闪闪0001/星光闪闪0004\",\"transform\":{\"y\":-6,\"skX\":-90,\"skY\":-90,\"x\":26}},{\"path\":\"星光闪闪0001/星光闪闪0006\",\"type\":\"image\",\"name\":\"星光闪闪0001/星光闪闪0006\",\"transform\":{\"skX\":-90,\"skY\":-90,\"x\":18}},{\"path\":\"星光闪闪0001/星光闪闪0008\",\"type\":\"image\",\"name\":\"星光闪闪0001/星光闪闪0008\",\"transform\":{\"y\":11,\"skX\":-90,\"skY\":-90,\"x\":18.5}},{\"path\":\"星光闪闪0001/星光闪闪0010\",\"type\":\"image\",\"name\":\"星光闪闪0001/星光闪闪0010\",\"transform\":{\"y\":9.5,\"skX\":-90,\"skY\":-90,\"x\":16}},{\"path\":\"星光闪闪0001/星光闪闪0012\",\"type\":\"image\",\"name\":\"星光闪闪0001/星光闪闪0012\",\"transform\":{\"y\":5.5,\"skX\":-90,\"skY\":-90,\"x\":8.5}}],\"name\":\"root11\"},{\"display\":[{\"path\":\"星光闪闪0001/星光闪闪0011\",\"type\":\"image\",\"name\":\"星光闪闪0001/星光闪闪0011\",\"transform\":{\"y\":4.5,\"skX\":-90,\"skY\":-90,\"x\":9}},{\"path\":\"星光闪闪0001/星光闪闪0009\",\"type\":\"image\",\"name\":\"星光闪闪0001/星光闪闪0009\",\"transform\":{\"y\":13,\"skX\":-90,\"skY\":-90,\"x\":21}},{\"path\":\"星光闪闪0001/星光闪闪0007\",\"type\":\"image\",\"name\":\"星光闪闪0001/星光闪闪0007\",\"transform\":{\"y\":6,\"skX\":-90,\"skY\":-90,\"x\":11.5}},{\"path\":\"星光闪闪0001/星光闪闪0005\",\"type\":\"image\",\"name\":\"星光闪闪0001/星光闪闪0005\",\"transform\":{\"y\":-6,\"skX\":-90,\"skY\":-90,\"x\":23.5}},{\"path\":\"星光闪闪0001/星光闪闪0003\",\"type\":\"image\",\"name\":\"星光闪闪0001/星光闪闪0003\",\"transform\":{\"y\":-0.5,\"skX\":-90,\"skY\":-90,\"x\":18.5}},{\"path\":\"星光闪闪0001/星光闪闪0001\",\"type\":\"image\",\"name\":\"星光闪闪0001/星光闪闪0001\",\"transform\":{\"y\":7.5,\"skX\":-90,\"skY\":-90,\"x\":7}},{\"path\":\"星光闪闪0001/星光闪闪0002\",\"type\":\"image\",\"name\":\"星光闪闪0001/星光闪闪0002\",\"transform\":{\"y\":7,\"skX\":-90,\"skY\":-90,\"x\":8.5}},{\"path\":\"星光闪闪0001/星光闪闪0004\",\"type\":\"image\",\"name\":\"星光闪闪0001/星光闪闪0004\",\"transform\":{\"y\":-6,\"skX\":-90,\"skY\":-90,\"x\":26}},{\"path\":\"星光闪闪0001/星光闪闪0006\",\"type\":\"image\",\"name\":\"星光闪闪0001/星光闪闪0006\",\"transform\":{\"skX\":-90,\"skY\":-90,\"x\":18}},{\"path\":\"星光闪闪0001/星光闪闪0008\",\"type\":\"image\",\"name\":\"星光闪闪0001/星光闪闪0008\",\"transform\":{\"y\":11,\"skX\":-90,\"skY\":-90,\"x\":18.5}},{\"path\":\"星光闪闪0001/星光闪闪0010\",\"type\":\"image\",\"name\":\"星光闪闪0001/星光闪闪0010\",\"transform\":{\"y\":9.5,\"skX\":-90,\"skY\":-90,\"x\":16}},{\"path\":\"星光闪闪0001/星光闪闪0012\",\"type\":\"image\",\"name\":\"星光闪闪0001/星光闪闪0012\",\"transform\":{\"y\":5.5,\"skX\":-90,\"skY\":-90,\"x\":8.5}}],\"name\":\"root4\"},{\"display\":[{\"path\":\"星光闪闪0001/星光闪闪0011\",\"type\":\"image\",\"name\":\"星光闪闪0001/星光闪闪0011\",\"transform\":{\"y\":4.5,\"skX\":-90,\"skY\":-90,\"x\":9}},{\"path\":\"星光闪闪0001/星光闪闪0009\",\"type\":\"image\",\"name\":\"星光闪闪0001/星光闪闪0009\",\"transform\":{\"y\":13,\"skX\":-90,\"skY\":-90,\"x\":21}},{\"path\":\"星光闪闪0001/星光闪闪0007\",\"type\":\"image\",\"name\":\"星光闪闪0001/星光闪闪0007\",\"transform\":{\"y\":6,\"skX\":-90,\"skY\":-90,\"x\":11.5}},{\"path\":\"星光闪闪0001/星光闪闪0005\",\"type\":\"image\",\"name\":\"星光闪闪0001/星光闪闪0005\",\"transform\":{\"y\":-6,\"skX\":-90,\"skY\":-90,\"x\":23.5}},{\"path\":\"星光闪闪0001/星光闪闪0003\",\"type\":\"image\",\"name\":\"星光闪闪0001/星光闪闪0003\",\"transform\":{\"y\":-0.5,\"skX\":-90,\"skY\":-90,\"x\":18.5}},{\"path\":\"星光闪闪0001/星光闪闪0001\",\"type\":\"image\",\"name\":\"星光闪闪0001/星光闪闪0001\",\"transform\":{\"y\":7.5,\"skX\":-90,\"skY\":-90,\"x\":7}},{\"path\":\"星光闪闪0001/星光闪闪0002\",\"type\":\"image\",\"name\":\"星光闪闪0001/星光闪闪0002\",\"transform\":{\"y\":7,\"skX\":-90,\"skY\":-90,\"x\":8.5}},{\"path\":\"星光闪闪0001/星光闪闪0004\",\"type\":\"image\",\"name\":\"星光闪闪0001/星光闪闪0004\",\"transform\":{\"y\":-6,\"skX\":-90,\"skY\":-90,\"x\":26}},{\"path\":\"星光闪闪0001/星光闪闪0006\",\"type\":\"image\",\"name\":\"星光闪闪0001/星光闪闪0006\",\"transform\":{\"skX\":-90,\"skY\":-90,\"x\":18}},{\"path\":\"星光闪闪0001/星光闪闪0008\",\"type\":\"image\",\"name\":\"星光闪闪0001/星光闪闪0008\",\"transform\":{\"y\":11,\"skX\":-90,\"skY\":-90,\"x\":18.5}},{\"path\":\"星光闪闪0001/星光闪闪0010\",\"type\":\"image\",\"name\":\"星光闪闪0001/星光闪闪0010\",\"transform\":{\"y\":9.5,\"skX\":-90,\"skY\":-90,\"x\":16}},{\"path\":\"星光闪闪0001/星光闪闪0012\",\"type\":\"image\",\"name\":\"星光闪闪0001/星光闪闪0012\",\"transform\":{\"y\":5.5,\"skX\":-90,\"skY\":-90,\"x\":8.5}}],\"name\":\"root111\"},{\"display\":[{\"path\":\"星光闪闪0001/星光闪闪0011\",\"type\":\"image\",\"name\":\"星光闪闪0001/星光闪闪0011\",\"transform\":{\"y\":4.5,\"skX\":-90,\"skY\":-90,\"x\":9}},{\"path\":\"星光闪闪0001/星光闪闪0009\",\"type\":\"image\",\"name\":\"星光闪闪0001/星光闪闪0009\",\"transform\":{\"y\":13,\"skX\":-90,\"skY\":-90,\"x\":21}},{\"path\":\"星光闪闪0001/星光闪闪0007\",\"type\":\"image\",\"name\":\"星光闪闪0001/星光闪闪0007\",\"transform\":{\"y\":6,\"skX\":-90,\"skY\":-90,\"x\":11.5}},{\"path\":\"星光闪闪0001/星光闪闪0005\",\"type\":\"image\",\"name\":\"星光闪闪0001/星光闪闪0005\",\"transform\":{\"y\":-6,\"skX\":-90,\"skY\":-90,\"x\":23.5}},{\"path\":\"星光闪闪0001/星光闪闪0003\",\"type\":\"image\",\"name\":\"星光闪闪0001/星光闪闪0003\",\"transform\":{\"y\":-0.5,\"skX\":-90,\"skY\":-90,\"x\":18.5}},{\"path\":\"星光闪闪0001/星光闪闪0001\",\"type\":\"image\",\"name\":\"星光闪闪0001/星光闪闪0001\",\"transform\":{\"y\":7.5,\"skX\":-90,\"skY\":-90,\"x\":7}},{\"path\":\"星光闪闪0001/星光闪闪0002\",\"type\":\"image\",\"name\":\"星光闪闪0001/星光闪闪0002\",\"transform\":{\"y\":7,\"skX\":-90,\"skY\":-90,\"x\":8.5}},{\"path\":\"星光闪闪0001/星光闪闪0004\",\"type\":\"image\",\"name\":\"星光闪闪0001/星光闪闪0004\",\"transform\":{\"y\":-6,\"skX\":-90,\"skY\":-90,\"x\":26}},{\"path\":\"星光闪闪0001/星光闪闪0006\",\"type\":\"image\",\"name\":\"星光闪闪0001/星光闪闪0006\",\"transform\":{\"skX\":-90,\"skY\":-90,\"x\":18}},{\"path\":\"星光闪闪0001/星光闪闪0008\",\"type\":\"image\",\"name\":\"星光闪闪0001/星光闪闪0008\",\"transform\":{\"y\":11,\"skX\":-90,\"skY\":-90,\"x\":18.5}},{\"path\":\"星光闪闪0001/星光闪闪0010\",\"type\":\"image\",\"name\":\"星光闪闪0001/星光闪闪0010\",\"transform\":{\"y\":9.5,\"skX\":-90,\"skY\":-90,\"x\":16}},{\"path\":\"星光闪闪0001/星光闪闪0012\",\"type\":\"image\",\"name\":\"星光闪闪0001/星光闪闪0012\",\"transform\":{\"y\":5.5,\"skX\":-90,\"skY\":-90,\"x\":8.5}}],\"name\":\"root11311\"},{\"display\":[{\"path\":\"星光闪闪0001/星光闪闪0011\",\"type\":\"image\",\"name\":\"星光闪闪0001/星光闪闪0011\",\"transform\":{\"y\":4.5,\"skX\":-90,\"skY\":-90,\"x\":9}},{\"path\":\"星光闪闪0001/星光闪闪0009\",\"type\":\"image\",\"name\":\"星光闪闪0001/星光闪闪0009\",\"transform\":{\"y\":13,\"skX\":-90,\"skY\":-90,\"x\":21}},{\"path\":\"星光闪闪0001/星光闪闪0007\",\"type\":\"image\",\"name\":\"星光闪闪0001/星光闪闪0007\",\"transform\":{\"y\":6,\"skX\":-90,\"skY\":-90,\"x\":11.5}},{\"path\":\"星光闪闪0001/星光闪闪0005\",\"type\":\"image\",\"name\":\"星光闪闪0001/星光闪闪0005\",\"transform\":{\"y\":-6,\"skX\":-90,\"skY\":-90,\"x\":23.5}},{\"path\":\"星光闪闪0001/星光闪闪0003\",\"type\":\"image\",\"name\":\"星光闪闪0001/星光闪闪0003\",\"transform\":{\"y\":-0.5,\"skX\":-90,\"skY\":-90,\"x\":18.5}},{\"path\":\"星光闪闪0001/星光闪闪0001\",\"type\":\"image\",\"name\":\"星光闪闪0001/星光闪闪0001\",\"transform\":{\"y\":7.5,\"skX\":-90,\"skY\":-90,\"x\":7}},{\"path\":\"星光闪闪0001/星光闪闪0002\",\"type\":\"image\",\"name\":\"星光闪闪0001/星光闪闪0002\",\"transform\":{\"y\":7,\"skX\":-90,\"skY\":-90,\"x\":8.5}},{\"path\":\"星光闪闪0001/星光闪闪0004\",\"type\":\"image\",\"name\":\"星光闪闪0001/星光闪闪0004\",\"transform\":{\"y\":-6,\"skX\":-90,\"skY\":-90,\"x\":26}},{\"path\":\"星光闪闪0001/星光闪闪0006\",\"type\":\"image\",\"name\":\"星光闪闪0001/星光闪闪0006\",\"transform\":{\"skX\":-90,\"skY\":-90,\"x\":18}},{\"path\":\"星光闪闪0001/星光闪闪0008\",\"type\":\"image\",\"name\":\"星光闪闪0001/星光闪闪0008\",\"transform\":{\"y\":11,\"skX\":-90,\"skY\":-90,\"x\":18.5}},{\"path\":\"星光闪闪0001/星光闪闪0010\",\"type\":\"image\",\"name\":\"星光闪闪0001/星光闪闪0010\",\"transform\":{\"y\":9.5,\"skX\":-90,\"skY\":-90,\"x\":16}},{\"path\":\"星光闪闪0001/星光闪闪0012\",\"type\":\"image\",\"name\":\"星光闪闪0001/星光闪闪0012\",\"transform\":{\"y\":5.5,\"skX\":-90,\"skY\":-90,\"x\":8.5}}],\"name\":\"root\"},{\"display\":[{\"path\":\"星光闪闪0001/星光闪闪0011\",\"type\":\"image\",\"name\":\"星光闪闪0001/星光闪闪0011\",\"transform\":{\"y\":4.5,\"skX\":-90,\"skY\":-90,\"x\":9}},{\"path\":\"星光闪闪0001/星光闪闪0009\",\"type\":\"image\",\"name\":\"星光闪闪0001/星光闪闪0009\",\"transform\":{\"y\":13,\"skX\":-90,\"skY\":-90,\"x\":21}},{\"path\":\"星光闪闪0001/星光闪闪0007\",\"type\":\"image\",\"name\":\"星光闪闪0001/星光闪闪0007\",\"transform\":{\"y\":6,\"skX\":-90,\"skY\":-90,\"x\":11.5}},{\"path\":\"星光闪闪0001/星光闪闪0005\",\"type\":\"image\",\"name\":\"星光闪闪0001/星光闪闪0005\",\"transform\":{\"y\":-6,\"skX\":-90,\"skY\":-90,\"x\":23.5}},{\"path\":\"星光闪闪0001/星光闪闪0003\",\"type\":\"image\",\"name\":\"星光闪闪0001/星光闪闪0003\",\"transform\":{\"y\":-0.5,\"skX\":-90,\"skY\":-90,\"x\":18.5}},{\"path\":\"星光闪闪0001/星光闪闪0001\",\"type\":\"image\",\"name\":\"星光闪闪0001/星光闪闪0001\",\"transform\":{\"y\":7.5,\"skX\":-90,\"skY\":-90,\"x\":7}},{\"path\":\"星光闪闪0001/星光闪闪0002\",\"type\":\"image\",\"name\":\"星光闪闪0001/星光闪闪0002\",\"transform\":{\"y\":7,\"skX\":-90,\"skY\":-90,\"x\":8.5}},{\"path\":\"星光闪闪0001/星光闪闪0004\",\"type\":\"image\",\"name\":\"星光闪闪0001/星光闪闪0004\",\"transform\":{\"y\":-6,\"skX\":-90,\"skY\":-90,\"x\":26}},{\"path\":\"星光闪闪0001/星光闪闪0006\",\"type\":\"image\",\"name\":\"星光闪闪0001/星光闪闪0006\",\"transform\":{\"skX\":-90,\"skY\":-90,\"x\":18}},{\"path\":\"星光闪闪0001/星光闪闪0008\",\"type\":\"image\",\"name\":\"星光闪闪0001/星光闪闪0008\",\"transform\":{\"y\":11,\"skX\":-90,\"skY\":-90,\"x\":18.5}},{\"path\":\"星光闪闪0001/星光闪闪0010\",\"type\":\"image\",\"name\":\"星光闪闪0001/星光闪闪0010\",\"transform\":{\"y\":9.5,\"skX\":-90,\"skY\":-90,\"x\":16}},{\"path\":\"星光闪闪0001/星光闪闪0012\",\"type\":\"image\",\"name\":\"星光闪闪0001/星光闪闪0012\",\"transform\":{\"y\":5.5,\"skX\":-90,\"skY\":-90,\"x\":8.5}}],\"name\":\"root3\"},{\"display\":[{\"path\":\"星光闪闪0001/星光闪闪0011\",\"type\":\"image\",\"name\":\"星光闪闪0001/星光闪闪0011\",\"transform\":{\"y\":4.5,\"skX\":-90,\"skY\":-90,\"x\":9}},{\"path\":\"星光闪闪0001/星光闪闪0009\",\"type\":\"image\",\"name\":\"星光闪闪0001/星光闪闪0009\",\"transform\":{\"y\":13,\"skX\":-90,\"skY\":-90,\"x\":21}},{\"path\":\"星光闪闪0001/星光闪闪0007\",\"type\":\"image\",\"name\":\"星光闪闪0001/星光闪闪0007\",\"transform\":{\"y\":6,\"skX\":-90,\"skY\":-90,\"x\":11.5}},{\"path\":\"星光闪闪0001/星光闪闪0005\",\"type\":\"image\",\"name\":\"星光闪闪0001/星光闪闪0005\",\"transform\":{\"y\":-6,\"skX\":-90,\"skY\":-90,\"x\":23.5}},{\"path\":\"星光闪闪0001/星光闪闪0003\",\"type\":\"image\",\"name\":\"星光闪闪0001/星光闪闪0003\",\"transform\":{\"y\":-0.5,\"skX\":-90,\"skY\":-90,\"x\":18.5}},{\"path\":\"星光闪闪0001/星光闪闪0001\",\"type\":\"image\",\"name\":\"星光闪闪0001/星光闪闪0001\",\"transform\":{\"y\":7.5,\"skX\":-90,\"skY\":-90,\"x\":7}},{\"path\":\"星光闪闪0001/星光闪闪0002\",\"type\":\"image\",\"name\":\"星光闪闪0001/星光闪闪0002\",\"transform\":{\"y\":7,\"skX\":-90,\"skY\":-90,\"x\":8.5}},{\"path\":\"星光闪闪0001/星光闪闪0004\",\"type\":\"image\",\"name\":\"星光闪闪0001/星光闪闪0004\",\"transform\":{\"y\":-6,\"skX\":-90,\"skY\":-90,\"x\":26}},{\"path\":\"星光闪闪0001/星光闪闪0006\",\"type\":\"image\",\"name\":\"星光闪闪0001/星光闪闪0006\",\"transform\":{\"skX\":-90,\"skY\":-90,\"x\":18}},{\"path\":\"星光闪闪0001/星光闪闪0008\",\"type\":\"image\",\"name\":\"星光闪闪0001/星光闪闪0008\",\"transform\":{\"y\":11,\"skX\":-90,\"skY\":-90,\"x\":18.5}},{\"path\":\"星光闪闪0001/星光闪闪0010\",\"type\":\"image\",\"name\":\"星光闪闪0001/星光闪闪0010\",\"transform\":{\"y\":9.5,\"skX\":-90,\"skY\":-90,\"x\":16}},{\"path\":\"星光闪闪0001/星光闪闪0012\",\"type\":\"image\",\"name\":\"星光闪闪0001/星光闪闪0012\",\"transform\":{\"y\":5.5,\"skX\":-90,\"skY\":-90,\"x\":8.5}}],\"name\":\"root13\"}]}],\"type\":\"Armature\",\"name\":\"Armature\",\"slot\":[{\"name\":\"root\",\"parent\":\"root1\",\"color\":{}},{\"z\":1,\"name\":\"root1\",\"parent\":\"root11\",\"color\":{}},{\"z\":2,\"name\":\"root11\",\"parent\":\"root111\",\"color\":{}},{\"z\":3,\"name\":\"root111\",\"parent\":\"root1111\",\"color\":{}},{\"z\":4,\"name\":\"root1111\",\"parent\":\"root11111\",\"color\":{}},{\"z\":5,\"name\":\"root2\",\"parent\":\"root12\",\"color\":{}},{\"z\":6,\"name\":\"root21\",\"parent\":\"root121\",\"color\":{}},{\"z\":7,\"name\":\"root112\",\"parent\":\"root1112\",\"color\":{}},{\"z\":8,\"name\":\"root12\",\"parent\":\"root112\",\"color\":{}},{\"z\":9,\"name\":\"root3\",\"parent\":\"root13\",\"color\":{}},{\"z\":10,\"name\":\"root13\",\"parent\":\"root113\",\"color\":{}},{\"z\":11,\"name\":\"root113\",\"parent\":\"root1113\",\"color\":{}},{\"z\":12,\"name\":\"root14\",\"parent\":\"root114\",\"color\":{}},{\"z\":13,\"name\":\"root4\",\"parent\":\"root14\",\"color\":{}},{\"z\":14,\"name\":\"root1131\",\"parent\":\"root11131\",\"color\":{}},{\"z\":15,\"name\":\"root11311\",\"parent\":\"root111311\",\"color\":{}},{\"z\":16,\"name\":\"root114\",\"parent\":\"root1114\",\"color\":{}}],\"bone\":[{\"name\":\"root\",\"transform\":{}},{\"length\":22,\"transform\":{\"y\":185.55,\"skX\":90,\"skY\":90,\"scX\":2.0003,\"scY\":2.0003,\"x\":-17},\"parent\":\"root\",\"name\":\"root1\"},{\"length\":22,\"transform\":{\"y\":185.55,\"skX\":90,\"skY\":90,\"scX\":2.0003,\"scY\":2.0003,\"x\":56},\"parent\":\"root\",\"name\":\"root11\"},{\"length\":22,\"transform\":{\"y\":191.55,\"skX\":90,\"skY\":90,\"scX\":1.5017,\"scY\":1.5017,\"x\":14},\"parent\":\"root\",\"name\":\"root111\"},{\"length\":22,\"transform\":{\"y\":243.65,\"skX\":90,\"skY\":90,\"scX\":1.5017,\"scY\":1.5017,\"x\":-22},\"parent\":\"root\",\"name\":\"root1111\"},{\"length\":22,\"transform\":{\"y\":275.65,\"skX\":90,\"skY\":90,\"scX\":1.5017,\"scY\":1.5017,\"x\":47},\"parent\":\"root\",\"name\":\"root11111\"},{\"length\":22,\"transform\":{\"y\":367.8652,\"skX\":90,\"skY\":90,\"scX\":2.0003,\"scY\":2.0003,\"x\":-17},\"parent\":\"root\",\"name\":\"root12\"},{\"length\":22,\"transform\":{\"y\":382.0337,\"skX\":90,\"skY\":90,\"scX\":2.0003,\"scY\":2.0003,\"x\":50.0642},\"parent\":\"root\",\"name\":\"root121\"},{\"length\":22,\"transform\":{\"y\":459.6563,\"skX\":90,\"skY\":90,\"scX\":1.5017,\"scY\":1.5017,\"x\":14},\"parent\":\"root\",\"name\":\"root1112\"},{\"length\":22,\"transform\":{\"y\":501.5137,\"skX\":90,\"skY\":90,\"scX\":2.3844,\"scY\":2.3844,\"x\":56},\"parent\":\"root\",\"name\":\"root112\"},{\"length\":22,\"transform\":{\"y\":185.55,\"skX\":90,\"skY\":90,\"scX\":2.0003,\"scY\":2.0003,\"x\":-17},\"parent\":\"root\",\"name\":\"root13\"},{\"length\":22,\"transform\":{\"y\":185.55,\"skX\":90,\"skY\":90,\"scX\":2.0003,\"scY\":2.0003,\"x\":56},\"parent\":\"root\",\"name\":\"root113\"},{\"length\":22,\"transform\":{\"y\":302.1227,\"skX\":90,\"skY\":90,\"scX\":1.5017,\"scY\":1.5017,\"x\":14},\"parent\":\"root\",\"name\":\"root1113\"},{\"length\":22,\"transform\":{\"y\":185.55,\"skX\":90,\"skY\":90,\"scX\":2.0003,\"scY\":2.0003,\"x\":56},\"parent\":\"root\",\"name\":\"root114\"},{\"length\":22,\"transform\":{\"y\":185.55,\"skX\":90,\"skY\":90,\"scX\":2.0003,\"scY\":2.0003,\"x\":-17},\"parent\":\"root\",\"name\":\"root14\"},{\"length\":22,\"transform\":{\"y\":302.1227,\"skX\":90,\"skY\":90,\"scX\":1.5017,\"scY\":1.5017,\"x\":14},\"parent\":\"root\",\"name\":\"root11131\"},{\"length\":22,\"transform\":{\"y\":302.1227,\"skX\":90,\"skY\":90,\"scX\":1.5017,\"scY\":1.5017,\"x\":14},\"parent\":\"root\",\"name\":\"root111311\"},{\"length\":22,\"transform\":{\"y\":265.2651,\"skX\":90,\"skY\":90,\"scX\":1.5017,\"scY\":1.5017,\"x\":14},\"parent\":\"root\",\"name\":\"root1114\"}],\"aabb\":{\"width\":116.75639213877227,\"y\":186.05274692545407,\"height\":354.4203981460558,\"x\":-49.25776560149932},\"ik\":[],\"frameRate\":24,\"defaultActions\":[{\"gotoAndPlay\":\"newAnimation\"}],\"animation\":[{\"slot\":[{\"frame\":[{\"tweenEasing\":null,\"displayIndex\":5,\"duration\":2},{\"tweenEasing\":null,\"displayIndex\":6,\"duration\":2},{\"tweenEasing\":null,\"displayIndex\":4,\"duration\":2},{\"tweenEasing\":null,\"displayIndex\":7,\"duration\":2},{\"tweenEasing\":null,\"displayIndex\":3,\"duration\":2},{\"tweenEasing\":null,\"displayIndex\":8,\"duration\":2},{\"tweenEasing\":null,\"displayIndex\":2,\"duration\":2},{\"tweenEasing\":null,\"displayIndex\":9,\"duration\":2},{\"tweenEasing\":null,\"displayIndex\":1,\"duration\":2},{\"tweenEasing\":null,\"displayIndex\":10,\"duration\":2},{\"tweenEasing\":null,\"duration\":2},{\"tweenEasing\":null,\"displayIndex\":11,\"duration\":2},{\"tweenEasing\":null,\"displayIndex\":5,\"duration\":2},{\"tweenEasing\":null,\"displayIndex\":6,\"duration\":3},{\"tweenEasing\":null,\"displayIndex\":4,\"duration\":9}],\"name\":\"root\"},{\"frame\":[{\"tweenEasing\":null,\"displayIndex\":5,\"duration\":2},{\"tweenEasing\":null,\"displayIndex\":6,\"duration\":2},{\"tweenEasing\":null,\"displayIndex\":4,\"duration\":2},{\"tweenEasing\":null,\"displayIndex\":7,\"duration\":2},{\"tweenEasing\":null,\"displayIndex\":3,\"duration\":2},{\"tweenEasing\":null,\"displayIndex\":8,\"duration\":2},{\"tweenEasing\":null,\"displayIndex\":2,\"duration\":2},{\"tweenEasing\":null,\"displayIndex\":9,\"duration\":2},{\"tweenEasing\":null,\"displayIndex\":1,\"duration\":2},{\"tweenEasing\":null,\"displayIndex\":10,\"duration\":2},{\"tweenEasing\":null,\"duration\":2},{\"tweenEasing\":null,\"displayIndex\":11,\"duration\":2},{\"tweenEasing\":null,\"displayIndex\":5,\"duration\":2},{\"tweenEasing\":null,\"displayIndex\":6,\"duration\":2},{\"tweenEasing\":null,\"displayIndex\":4,\"duration\":2},{\"tweenEasing\":null,\"displayIndex\":7,\"duration\":2},{\"tweenEasing\":null,\"displayIndex\":3,\"duration\":6}],\"name\":\"root1\"},{\"frame\":[{\"tweenEasing\":null,\"duration\":9},{\"tweenEasing\":null,\"displayIndex\":5,\"duration\":3},{\"tweenEasing\":null,\"displayIndex\":6,\"duration\":2},{\"tweenEasing\":null,\"displayIndex\":4,\"duration\":3},{\"tweenEasing\":null,\"displayIndex\":7,\"duration\":2},{\"tweenEasing\":null,\"displayIndex\":3,\"duration\":3},{\"tweenEasing\":null,\"displayIndex\":8,\"duration\":3},{\"tweenEasing\":null,\"displayIndex\":2,\"duration\":2},{\"tweenEasing\":null,\"displayIndex\":9,\"duration\":3},{\"tweenEasing\":null,\"displayIndex\":1,\"duration\":2},{\"tweenEasing\":null,\"displayIndex\":10,\"duration\":3},{\"tweenEasing\":null,\"duration\":3},{\"tweenEasing\":null,\"displayIndex\":11,\"duration\":0}],\"name\":\"root11\"},{\"frame\":[{\"tweenEasing\":0,\"duration\":8,\"color\":{\"aM\":0}},{\"tweenEasing\":0,\"duration\":1,\"color\":{\"aM\":0}},{\"tweenEasing\":null,\"displayIndex\":5,\"duration\":3},{\"tweenEasing\":0,\"displayIndex\":6,\"duration\":2},{\"tweenEasing\":0,\"displayIndex\":4,\"duration\":3},{\"tweenEasing\":0,\"displayIndex\":7,\"duration\":2},{\"tweenEasing\":0,\"displayIndex\":3,\"duration\":3},{\"tweenEasing\":0,\"displayIndex\":8,\"duration\":3},{\"tweenEasing\":0,\"displayIndex\":2,\"duration\":2},{\"tweenEasing\":0,\"displayIndex\":9,\"duration\":3},{\"tweenEasing\":0,\"displayIndex\":1,\"duration\":2},{\"tweenEasing\":0,\"displayIndex\":10,\"duration\":3},{\"tweenEasing\":0,\"duration\":3},{\"tweenEasing\":0,\"displayIndex\":11,\"duration\":0}],\"name\":\"root111\"},{\"frame\":[{\"tweenEasing\":null,\"displayIndex\":5,\"duration\":3},{\"tweenEasing\":null,\"displayIndex\":6,\"duration\":2},{\"tweenEasing\":null,\"displayIndex\":4,\"duration\":3},{\"tweenEasing\":null,\"displayIndex\":7,\"duration\":2},{\"tweenEasing\":null,\"displayIndex\":3,\"duration\":3},{\"tweenEasing\":null,\"displayIndex\":8,\"duration\":3},{\"tweenEasing\":null,\"displayIndex\":2,\"duration\":2},{\"tweenEasing\":null,\"displayIndex\":9,\"duration\":3},{\"tweenEasing\":null,\"displayIndex\":1,\"duration\":2},{\"tweenEasing\":null,\"displayIndex\":10,\"duration\":3},{\"tweenEasing\":null,\"duration\":3},{\"tweenEasing\":null,\"displayIndex\":11,\"duration\":3},{\"tweenEasing\":null,\"displayIndex\":5,\"duration\":3},{\"tweenEasing\":null,\"displayIndex\":6,\"duration\":3},{\"tweenEasing\":null,\"displayIndex\":4,\"duration\":0}],\"name\":\"root1111\"},{\"frame\":[{\"tweenEasing\":null,\"displayIndex\":5,\"duration\":2},{\"tweenEasing\":null,\"displayIndex\":6,\"duration\":2},{\"tweenEasing\":null,\"displayIndex\":4,\"duration\":2},{\"tweenEasing\":null,\"displayIndex\":7,\"duration\":2},{\"tweenEasing\":null,\"displayIndex\":3,\"duration\":2},{\"tweenEasing\":null,\"displayIndex\":8,\"duration\":2},{\"tweenEasing\":null,\"displayIndex\":2,\"duration\":2},{\"tweenEasing\":null,\"displayIndex\":9,\"duration\":2},{\"tweenEasing\":null,\"displayIndex\":1,\"duration\":2},{\"tweenEasing\":null,\"displayIndex\":10,\"duration\":2},{\"tweenEasing\":null,\"duration\":2},{\"tweenEasing\":null,\"displayIndex\":11,\"duration\":2},{\"tweenEasing\":null,\"displayIndex\":5,\"duration\":2},{\"tweenEasing\":null,\"displayIndex\":6,\"duration\":2},{\"tweenEasing\":null,\"displayIndex\":4,\"duration\":2},{\"tweenEasing\":null,\"displayIndex\":7,\"duration\":2},{\"tweenEasing\":null,\"displayIndex\":3,\"duration\":2},{\"tweenEasing\":null,\"displayIndex\":8,\"duration\":2},{\"tweenEasing\":null,\"displayIndex\":2,\"duration\":2},{\"tweenEasing\":null,\"displayIndex\":9,\"duration\":0}],\"name\":\"root2\"},{\"frame\":[{\"tweenEasing\":null,\"displayIndex\":5,\"duration\":2},{\"tweenEasing\":null,\"displayIndex\":6,\"duration\":2},{\"tweenEasing\":null,\"displayIndex\":4,\"duration\":2},{\"tweenEasing\":null,\"displayIndex\":7,\"duration\":2},{\"tweenEasing\":null,\"displayIndex\":3,\"duration\":2},{\"tweenEasing\":null,\"displayIndex\":8,\"duration\":2},{\"tweenEasing\":null,\"displayIndex\":2,\"duration\":2},{\"tweenEasing\":null,\"displayIndex\":9,\"duration\":2},{\"tweenEasing\":null,\"displayIndex\":1,\"duration\":2},{\"tweenEasing\":null,\"displayIndex\":10,\"duration\":2},{\"tweenEasing\":null,\"duration\":2},{\"tweenEasing\":null,\"displayIndex\":11,\"duration\":2},{\"tweenEasing\":null,\"displayIndex\":5,\"duration\":2},{\"tweenEasing\":null,\"displayIndex\":6,\"duration\":2},{\"tweenEasing\":null,\"displayIndex\":4,\"duration\":2},{\"tweenEasing\":null,\"displayIndex\":7,\"duration\":2},{\"tweenEasing\":null,\"displayIndex\":3,\"duration\":2},{\"tweenEasing\":null,\"displayIndex\":8,\"duration\":2},{\"tweenEasing\":null,\"displayIndex\":2,\"duration\":2},{\"tweenEasing\":null,\"displayIndex\":9,\"duration\":0}],\"name\":\"root21\"},{\"frame\":[{\"tweenEasing\":null,\"displayIndex\":5,\"duration\":3},{\"tweenEasing\":null,\"displayIndex\":6,\"duration\":2},{\"tweenEasing\":null,\"displayIndex\":4,\"duration\":3},{\"tweenEasing\":null,\"displayIndex\":7,\"duration\":2},{\"tweenEasing\":null,\"displayIndex\":3,\"duration\":3},{\"tweenEasing\":null,\"displayIndex\":8,\"duration\":3},{\"tweenEasing\":null,\"displayIndex\":2,\"duration\":2},{\"tweenEasing\":null,\"displayIndex\":9,\"duration\":3},{\"tweenEasing\":null,\"displayIndex\":1,\"duration\":2},{\"tweenEasing\":null,\"displayIndex\":10,\"duration\":3},{\"tweenEasing\":null,\"duration\":3},{\"tweenEasing\":null,\"displayIndex\":11,\"duration\":2},{\"tweenEasing\":null,\"displayIndex\":5,\"duration\":2},{\"tweenEasing\":null,\"displayIndex\":6,\"duration\":3},{\"tweenEasing\":null,\"displayIndex\":4,\"duration\":2},{\"tweenEasing\":null,\"displayIndex\":7,\"duration\":0}],\"name\":\"root112\"},{\"frame\":[{\"tweenEasing\":null,\"displayIndex\":5,\"duration\":2},{\"tweenEasing\":null,\"displayIndex\":6,\"duration\":2},{\"tweenEasing\":null,\"displayIndex\":4,\"duration\":2},{\"tweenEasing\":null,\"displayIndex\":7,\"duration\":2},{\"tweenEasing\":null,\"displayIndex\":3,\"duration\":2},{\"tweenEasing\":null,\"displayIndex\":8,\"duration\":2},{\"tweenEasing\":null,\"displayIndex\":2,\"duration\":2},{\"tweenEasing\":null,\"displayIndex\":9,\"duration\":2},{\"tweenEasing\":null,\"displayIndex\":1,\"duration\":2},{\"tweenEasing\":null,\"displayIndex\":10,\"duration\":2},{\"tweenEasing\":null,\"duration\":2},{\"tweenEasing\":null,\"displayIndex\":11,\"duration\":2},{\"tweenEasing\":null,\"displayIndex\":5,\"duration\":2},{\"tweenEasing\":null,\"displayIndex\":6,\"duration\":2},{\"tweenEasing\":null,\"displayIndex\":4,\"duration\":2},{\"tweenEasing\":null,\"displayIndex\":7,\"duration\":2},{\"tweenEasing\":null,\"displayIndex\":3,\"duration\":2},{\"tweenEasing\":null,\"displayIndex\":8,\"duration\":2},{\"tweenEasing\":null,\"displayIndex\":2,\"duration\":2},{\"tweenEasing\":null,\"displayIndex\":9,\"duration\":0}],\"name\":\"root12\"},{\"frame\":[{\"tweenEasing\":0,\"duration\":8,\"color\":{\"aM\":0}},{\"tweenEasing\":0,\"duration\":1,\"color\":{\"aM\":0}},{\"tweenEasing\":null,\"displayIndex\":5,\"duration\":2},{\"tweenEasing\":0,\"displayIndex\":6,\"duration\":2},{\"tweenEasing\":0,\"displayIndex\":4,\"duration\":2},{\"tweenEasing\":0,\"displayIndex\":7,\"duration\":2},{\"tweenEasing\":0,\"displayIndex\":3,\"duration\":2},{\"tweenEasing\":0,\"displayIndex\":8,\"duration\":2},{\"tweenEasing\":0,\"displayIndex\":2,\"duration\":2},{\"tweenEasing\":0,\"displayIndex\":9,\"duration\":2},{\"tweenEasing\":0,\"displayIndex\":1,\"duration\":2},{\"tweenEasing\":0,\"displayIndex\":10,\"duration\":2},{\"tweenEasing\":0,\"duration\":2},{\"tweenEasing\":0,\"displayIndex\":11,\"duration\":2},{\"tweenEasing\":0,\"displayIndex\":5,\"duration\":2},{\"tweenEasing\":0,\"displayIndex\":6,\"duration\":3},{\"tweenEasing\":0,\"displayIndex\":4,\"duration\":0}],\"name\":\"root3\"},{\"frame\":[{\"tweenEasing\":0,\"duration\":8,\"color\":{\"aM\":0}},{\"tweenEasing\":0,\"duration\":1,\"color\":{\"aM\":0}},{\"tweenEasing\":null,\"displayIndex\":5,\"duration\":2},{\"tweenEasing\":0,\"displayIndex\":6,\"duration\":2},{\"tweenEasing\":0,\"displayIndex\":4,\"duration\":2},{\"tweenEasing\":0,\"displayIndex\":7,\"duration\":2},{\"tweenEasing\":0,\"displayIndex\":3,\"duration\":2},{\"tweenEasing\":0,\"displayIndex\":8,\"duration\":2},{\"tweenEasing\":0,\"displayIndex\":2,\"duration\":2},{\"tweenEasing\":0,\"displayIndex\":9,\"duration\":2},{\"tweenEasing\":0,\"displayIndex\":1,\"duration\":2},{\"tweenEasing\":0,\"displayIndex\":10,\"duration\":2},{\"tweenEasing\":0,\"duration\":2},{\"tweenEasing\":0,\"displayIndex\":11,\"duration\":2},{\"tweenEasing\":0,\"displayIndex\":5,\"duration\":2},{\"tweenEasing\":0,\"displayIndex\":6,\"duration\":3},{\"tweenEasing\":0,\"displayIndex\":4,\"duration\":0}],\"name\":\"root13\"},{\"frame\":[{\"tweenEasing\":0,\"duration\":8,\"color\":{\"aM\":0}},{\"tweenEasing\":0,\"duration\":1,\"color\":{\"aM\":0}},{\"tweenEasing\":null,\"displayIndex\":5,\"duration\":3},{\"tweenEasing\":0,\"displayIndex\":6,\"duration\":2},{\"tweenEasing\":0,\"displayIndex\":4,\"duration\":3},{\"tweenEasing\":0,\"displayIndex\":7,\"duration\":2},{\"tweenEasing\":0,\"displayIndex\":3,\"duration\":3},{\"tweenEasing\":0,\"displayIndex\":8,\"duration\":3},{\"tweenEasing\":0,\"displayIndex\":2,\"duration\":2},{\"tweenEasing\":0,\"displayIndex\":9,\"duration\":3},{\"tweenEasing\":0,\"displayIndex\":1,\"duration\":2},{\"tweenEasing\":0,\"displayIndex\":10,\"duration\":3},{\"tweenEasing\":0,\"duration\":3},{\"tweenEasing\":0,\"displayIndex\":11,\"duration\":0}],\"name\":\"root113\"},{\"frame\":[{\"tweenEasing\":0,\"duration\":21,\"color\":{\"aM\":0}},{\"tweenEasing\":0,\"duration\":1,\"color\":{\"aM\":0}},{\"tweenEasing\":null,\"displayIndex\":5,\"duration\":2},{\"tweenEasing\":0,\"displayIndex\":6,\"duration\":2},{\"tweenEasing\":0,\"displayIndex\":4,\"duration\":2},{\"tweenEasing\":0,\"displayIndex\":7,\"duration\":2},{\"tweenEasing\":0,\"displayIndex\":3,\"duration\":2},{\"tweenEasing\":0,\"displayIndex\":8,\"duration\":2},{\"tweenEasing\":0,\"displayIndex\":2,\"duration\":2},{\"tweenEasing\":0,\"displayIndex\":9,\"duration\":2},{\"tweenEasing\":0,\"displayIndex\":1,\"duration\":0}],\"name\":\"root14\"},{\"frame\":[{\"tweenEasing\":0,\"duration\":26,\"color\":{\"aM\":0}},{\"tweenEasing\":0,\"duration\":2,\"color\":{\"aM\":0}},{\"tweenEasing\":null,\"displayIndex\":5,\"duration\":2},{\"tweenEasing\":0,\"displayIndex\":6,\"duration\":2},{\"tweenEasing\":0,\"displayIndex\":4,\"duration\":2},{\"tweenEasing\":0,\"displayIndex\":7,\"duration\":2},{\"tweenEasing\":0,\"displayIndex\":3,\"duration\":2},{\"tweenEasing\":0,\"displayIndex\":8,\"duration\":0}],\"name\":\"root4\"},{\"frame\":[{\"tweenEasing\":0,\"duration\":15,\"color\":{\"aM\":0}},{\"tweenEasing\":0,\"duration\":1,\"color\":{\"aM\":0}},{\"tweenEasing\":null,\"displayIndex\":5,\"duration\":3},{\"tweenEasing\":0,\"displayIndex\":6,\"duration\":2},{\"tweenEasing\":0,\"displayIndex\":4,\"duration\":3},{\"tweenEasing\":0,\"displayIndex\":7,\"duration\":2},{\"tweenEasing\":0,\"displayIndex\":3,\"duration\":3},{\"tweenEasing\":0,\"displayIndex\":8,\"duration\":3},{\"tweenEasing\":0,\"displayIndex\":2,\"duration\":2},{\"tweenEasing\":0,\"displayIndex\":9,\"duration\":3},{\"tweenEasing\":0,\"displayIndex\":1,\"duration\":1}],\"name\":\"root1131\"},{\"frame\":[{\"tweenEasing\":0,\"duration\":24,\"color\":{\"aM\":0}},{\"tweenEasing\":0,\"duration\":1,\"color\":{\"aM\":0}},{\"tweenEasing\":null,\"displayIndex\":5,\"duration\":3},{\"tweenEasing\":0,\"displayIndex\":6,\"duration\":2},{\"tweenEasing\":0,\"displayIndex\":4,\"duration\":3},{\"tweenEasing\":0,\"displayIndex\":7,\"duration\":2},{\"tweenEasing\":0,\"displayIndex\":3,\"duration\":3},{\"tweenEasing\":0,\"displayIndex\":8,\"duration\":0}],\"name\":\"root11311\"},{\"frame\":[{\"tweenEasing\":null,\"displayIndex\":5,\"duration\":2},{\"tweenEasing\":null,\"displayIndex\":6,\"duration\":2},{\"tweenEasing\":null,\"displayIndex\":4,\"duration\":2},{\"tweenEasing\":null,\"displayIndex\":7,\"duration\":2},{\"tweenEasing\":null,\"displayIndex\":3,\"duration\":2},{\"tweenEasing\":null,\"displayIndex\":8,\"duration\":2},{\"tweenEasing\":null,\"displayIndex\":2,\"duration\":2},{\"tweenEasing\":null,\"displayIndex\":9,\"duration\":2},{\"tweenEasing\":null,\"displayIndex\":1,\"duration\":2},{\"tweenEasing\":null,\"displayIndex\":10,\"duration\":2},{\"tweenEasing\":null,\"duration\":2},{\"tweenEasing\":null,\"displayIndex\":11,\"duration\":2},{\"tweenEasing\":null,\"displayIndex\":5,\"duration\":2},{\"tweenEasing\":null,\"displayIndex\":6,\"duration\":2},{\"tweenEasing\":null,\"displayIndex\":4,\"duration\":2},{\"tweenEasing\":null,\"displayIndex\":7,\"duration\":2},{\"tweenEasing\":null,\"displayIndex\":3,\"duration\":6}],\"name\":\"root114\"}],\"frame\":[],\"ffd\":[],\"ik\":[],\"duration\":38,\"bone\":[{\"frame\":[{\"transform\":{},\"duration\":38}],\"name\":\"root\"},{\"frame\":[{\"tweenEasing\":0,\"transform\":{\"x\":-10},\"duration\":2},{\"tweenEasing\":0,\"transform\":{\"y\":-35,\"x\":-10},\"duration\":2},{\"tweenEasing\":0,\"transform\":{\"y\":-70,\"x\":-10},\"duration\":2},{\"tweenEasing\":0,\"transform\":{\"y\":-106,\"x\":-10},\"duration\":2},{\"tweenEasing\":0,\"transform\":{\"y\":-143,\"x\":-10},\"duration\":2},{\"tweenEasing\":0,\"transform\":{\"y\":-180.95,\"x\":-10},\"duration\":2},{\"tweenEasing\":0,\"transform\":{\"y\":-209.6,\"x\":-10},\"duration\":2},{\"tweenEasing\":0,\"transform\":{\"y\":-250,\"x\":-10},\"duration\":2},{\"tweenEasing\":0,\"transform\":{\"y\":-300.95,\"x\":-10},\"duration\":2},{\"tweenEasing\":0,\"transform\":{\"y\":-342.95,\"x\":-10},\"duration\":2},{\"tweenEasing\":0,\"transform\":{\"y\":-377.95,\"x\":-10},\"duration\":2},{\"tweenEasing\":0,\"transform\":{\"y\":-414,\"x\":-10},\"duration\":2},{\"tweenEasing\":0,\"transform\":{\"y\":-446,\"x\":-10},\"duration\":2},{\"tweenEasing\":0,\"transform\":{\"y\":-468,\"x\":-10},\"duration\":3},{\"transform\":{\"y\":-501,\"x\":-10},\"duration\":9}],\"name\":\"root1\"},{\"frame\":[{\"tweenEasing\":0,\"transform\":{\"x\":-10},\"duration\":2},{\"tweenEasing\":0,\"transform\":{\"y\":-35,\"x\":-10},\"duration\":2},{\"tweenEasing\":0,\"transform\":{\"y\":-70,\"x\":-10},\"duration\":2},{\"tweenEasing\":0,\"transform\":{\"y\":-106,\"x\":-10},\"duration\":2},{\"tweenEasing\":0,\"transform\":{\"y\":-143,\"x\":-10},\"duration\":2},{\"tweenEasing\":0,\"transform\":{\"y\":-180.95,\"x\":-10},\"duration\":2},{\"tweenEasing\":0,\"transform\":{\"y\":-209.6,\"x\":-10},\"duration\":2},{\"tweenEasing\":0,\"transform\":{\"y\":-250,\"x\":-10},\"duration\":2},{\"tweenEasing\":0,\"transform\":{\"y\":-300.95,\"x\":-10},\"duration\":2},{\"tweenEasing\":0,\"transform\":{\"y\":-342.95,\"x\":-10},\"duration\":2},{\"tweenEasing\":0,\"transform\":{\"y\":-377.95,\"x\":-10},\"duration\":2},{\"tweenEasing\":0,\"transform\":{\"y\":-414,\"x\":-10},\"duration\":2},{\"tweenEasing\":0,\"transform\":{\"y\":-445,\"x\":-10},\"duration\":2},{\"tweenEasing\":0,\"transform\":{\"y\":-469,\"x\":-10},\"duration\":2},{\"tweenEasing\":0,\"transform\":{\"y\":-487,\"x\":-10},\"duration\":2},{\"transform\":{\"y\":-520.1718,\"x\":-10},\"duration\":8}],\"name\":\"root11\"},{\"frame\":[{\"transform\":{},\"duration\":9},{\"tweenEasing\":0,\"transform\":{\"x\":-10},\"duration\":3},{\"tweenEasing\":0,\"transform\":{\"y\":-35,\"x\":-10},\"duration\":2},{\"tweenEasing\":0,\"transform\":{\"y\":-70,\"x\":-10},\"duration\":3},{\"tweenEasing\":0,\"transform\":{\"y\":-106,\"x\":-10},\"duration\":2},{\"tweenEasing\":0,\"transform\":{\"y\":-143,\"x\":-10},\"duration\":3},{\"tweenEasing\":0,\"transform\":{\"y\":-180.95,\"x\":-10},\"duration\":3},{\"tweenEasing\":0,\"transform\":{\"y\":-209.6,\"x\":-10},\"duration\":2},{\"tweenEasing\":0,\"transform\":{\"y\":-250,\"x\":-10},\"duration\":3},{\"tweenEasing\":0,\"transform\":{\"y\":-300.95,\"x\":-10},\"duration\":2},{\"tweenEasing\":0,\"transform\":{\"y\":-342.95,\"x\":-10},\"duration\":3},{\"tweenEasing\":0,\"transform\":{\"y\":-377.95,\"x\":-10},\"duration\":3},{\"transform\":{\"y\":-414,\"x\":-10},\"duration\":0}],\"name\":\"root111\"},{\"frame\":[{\"transform\":{},\"duration\":9},{\"tweenEasing\":0,\"transform\":{\"x\":-10},\"duration\":3},{\"tweenEasing\":0,\"transform\":{\"y\":-35,\"x\":-10},\"duration\":2},{\"tweenEasing\":0,\"transform\":{\"y\":-70,\"x\":-10},\"duration\":3},{\"tweenEasing\":0,\"transform\":{\"y\":-106,\"x\":-10},\"duration\":2},{\"tweenEasing\":0,\"transform\":{\"y\":-143,\"x\":-10},\"duration\":3},{\"tweenEasing\":0,\"transform\":{\"y\":-180.95,\"x\":-10},\"duration\":3},{\"tweenEasing\":0,\"transform\":{\"y\":-209.6,\"x\":-10},\"duration\":2},{\"tweenEasing\":0,\"transform\":{\"y\":-250,\"x\":-10},\"duration\":3},{\"tweenEasing\":0,\"transform\":{\"y\":-300.95,\"x\":-10},\"duration\":2},{\"tweenEasing\":0,\"transform\":{\"y\":-342.95,\"x\":-10},\"duration\":3},{\"tweenEasing\":0,\"transform\":{\"y\":-377.95,\"x\":-10},\"duration\":3},{\"transform\":{\"y\":-414,\"x\":-10},\"duration\":0}],\"name\":\"root1111\"},{\"frame\":[{\"tweenEasing\":0,\"transform\":{\"x\":-10},\"duration\":3},{\"tweenEasing\":0,\"transform\":{\"y\":-47,\"x\":-10},\"duration\":2},{\"tweenEasing\":0,\"transform\":{\"y\":-95,\"x\":-10},\"duration\":3},{\"tweenEasing\":0,\"transform\":{\"y\":-124,\"x\":-10},\"duration\":2},{\"tweenEasing\":0,\"transform\":{\"y\":-157,\"x\":-10},\"duration\":3},{\"tweenEasing\":0,\"transform\":{\"y\":-200.05,\"x\":-10},\"duration\":3},{\"tweenEasing\":0,\"transform\":{\"y\":-240.05,\"x\":-10},\"duration\":2},{\"tweenEasing\":0,\"transform\":{\"y\":-280.85,\"x\":-10},\"duration\":3},{\"tweenEasing\":0,\"transform\":{\"y\":-333.1,\"x\":-10},\"duration\":2},{\"tweenEasing\":0,\"transform\":{\"y\":-368.95,\"x\":-10},\"duration\":3},{\"tweenEasing\":0,\"transform\":{\"y\":-425.95,\"x\":-10},\"duration\":3},{\"tweenEasing\":0,\"transform\":{\"y\":-518.1,\"x\":-10},\"duration\":3},{\"tweenEasing\":0,\"transform\":{\"y\":-554.9576,\"x\":-10},\"duration\":3},{\"tweenEasing\":0,\"transform\":{\"y\":-588.1294,\"x\":-10},\"duration\":3},{\"transform\":{\"y\":-619.4583,\"x\":-10},\"duration\":0}],\"name\":\"root11111\"},{\"frame\":[{\"tweenEasing\":0,\"transform\":{\"x\":-10},\"duration\":2},{\"tweenEasing\":0,\"transform\":{\"y\":-35,\"x\":-10},\"duration\":2},{\"tweenEasing\":0,\"transform\":{\"y\":-70,\"x\":-10},\"duration\":2},{\"tweenEasing\":0,\"transform\":{\"y\":-106,\"x\":-10},\"duration\":2},{\"tweenEasing\":0,\"transform\":{\"y\":-143,\"x\":-10},\"duration\":2},{\"tweenEasing\":0,\"transform\":{\"y\":-180.95,\"x\":-10},\"duration\":2},{\"tweenEasing\":0,\"transform\":{\"y\":-209.6,\"x\":-10},\"duration\":2},{\"tweenEasing\":0,\"transform\":{\"y\":-250,\"x\":-10},\"duration\":2},{\"tweenEasing\":0,\"transform\":{\"y\":-300.95,\"x\":-10},\"duration\":2},{\"tweenEasing\":0,\"transform\":{\"y\":-342.95,\"x\":-10},\"duration\":2},{\"tweenEasing\":0,\"transform\":{\"y\":-377.95,\"x\":-10},\"duration\":2},{\"tweenEasing\":0,\"transform\":{\"y\":-414,\"x\":-10},\"duration\":2},{\"tweenEasing\":0,\"transform\":{\"y\":-446,\"x\":-10},\"duration\":2},{\"tweenEasing\":0,\"transform\":{\"y\":-468,\"x\":-10},\"duration\":2},{\"tweenEasing\":0,\"transform\":{\"y\":-501,\"x\":-10},\"duration\":2},{\"tweenEasing\":0,\"transform\":{\"y\":-568.469,\"x\":-10},\"duration\":2},{\"tweenEasing\":0,\"transform\":{\"y\":-619.7454,\"x\":-10},\"duration\":2},{\"tweenEasing\":0,\"transform\":{\"y\":-656.603,\"x\":-10},\"duration\":2},{\"tweenEasing\":0,\"transform\":{\"y\":-689.0376,\"x\":-10},\"duration\":2},{\"transform\":{\"y\":-721.4723,\"x\":-10},\"duration\":0}],\"name\":\"root12\"},{\"frame\":[{\"tweenEasing\":0,\"transform\":{\"x\":-10},\"duration\":2},{\"tweenEasing\":0,\"transform\":{\"y\":-35,\"x\":-10},\"duration\":2},{\"tweenEasing\":0,\"transform\":{\"y\":-70,\"x\":-10},\"duration\":2},{\"tweenEasing\":0,\"transform\":{\"y\":-106,\"x\":-10},\"duration\":2},{\"tweenEasing\":0,\"transform\":{\"y\":-143,\"x\":-10},\"duration\":2},{\"tweenEasing\":0,\"transform\":{\"y\":-180.95,\"x\":-10},\"duration\":2},{\"tweenEasing\":0,\"transform\":{\"y\":-209.6,\"x\":-10},\"duration\":2},{\"tweenEasing\":0,\"transform\":{\"y\":-250,\"x\":-10},\"duration\":2},{\"tweenEasing\":0,\"transform\":{\"y\":-300.95,\"x\":-10},\"duration\":2},{\"tweenEasing\":0,\"transform\":{\"y\":-342.95,\"x\":-10},\"duration\":2},{\"tweenEasing\":0,\"transform\":{\"y\":-377.95,\"x\":-10},\"duration\":2},{\"tweenEasing\":0,\"transform\":{\"y\":-414,\"x\":-10},\"duration\":2},{\"tweenEasing\":0,\"transform\":{\"y\":-446,\"x\":-10},\"duration\":2},{\"tweenEasing\":0,\"transform\":{\"y\":-468,\"x\":-10},\"duration\":2},{\"tweenEasing\":0,\"transform\":{\"y\":-501,\"x\":-10},\"duration\":2},{\"tweenEasing\":0,\"transform\":{\"y\":-568.469,\"x\":-10},\"duration\":2},{\"tweenEasing\":0,\"transform\":{\"y\":-619.7454,\"x\":-10},\"duration\":2},{\"tweenEasing\":0,\"transform\":{\"y\":-656.6638,\"x\":-10},\"duration\":2},{\"tweenEasing\":0,\"transform\":{\"y\":-693.5214,\"x\":-10},\"duration\":2},{\"transform\":{\"y\":-723.0075,\"x\":-10},\"duration\":0}],\"name\":\"root121\"},{\"frame\":[{\"tweenEasing\":0,\"transform\":{\"x\":-10},\"duration\":3},{\"tweenEasing\":0,\"transform\":{\"y\":-35,\"x\":-10},\"duration\":2},{\"tweenEasing\":0,\"transform\":{\"y\":-70,\"x\":-10},\"duration\":3},{\"tweenEasing\":0,\"transform\":{\"y\":-106,\"x\":-10},\"duration\":2},{\"tweenEasing\":0,\"transform\":{\"y\":-143,\"x\":-10},\"duration\":3},{\"tweenEasing\":0,\"transform\":{\"y\":-180.95,\"x\":-10},\"duration\":3},{\"tweenEasing\":0,\"transform\":{\"y\":-209.6,\"x\":-10},\"duration\":2},{\"tweenEasing\":0,\"transform\":{\"y\":-250,\"x\":-10},\"duration\":3},{\"tweenEasing\":0,\"transform\":{\"y\":-300.95,\"x\":-10},\"duration\":2},{\"tweenEasing\":0,\"transform\":{\"y\":-342.95,\"x\":-10},\"duration\":3},{\"tweenEasing\":0,\"transform\":{\"y\":-377.95,\"x\":-10},\"duration\":3},{\"tweenEasing\":0,\"transform\":{\"y\":-414,\"x\":-10},\"duration\":2},{\"tweenEasing\":0,\"transform\":{\"y\":-458.2291,\"x\":-10},\"duration\":2},{\"tweenEasing\":0,\"transform\":{\"y\":-495.8238,\"x\":-10},\"duration\":3},{\"tweenEasing\":0,\"transform\":{\"y\":-560.6931,\"x\":-10},\"duration\":2},{\"transform\":{\"y\":-616.7167,\"x\":-10},\"duration\":0}],\"name\":\"root1112\"},{\"frame\":[{\"tweenEasing\":0,\"transform\":{\"x\":-10},\"duration\":2},{\"tweenEasing\":0,\"transform\":{\"y\":-35,\"x\":-10},\"duration\":2},{\"tweenEasing\":0,\"transform\":{\"y\":-70,\"x\":-10},\"duration\":2},{\"tweenEasing\":0,\"transform\":{\"y\":-106,\"x\":-10},\"duration\":2},{\"tweenEasing\":0,\"transform\":{\"y\":-143,\"x\":-10},\"duration\":2},{\"tweenEasing\":0,\"transform\":{\"y\":-180.95,\"x\":-10},\"duration\":2},{\"tweenEasing\":0,\"transform\":{\"y\":-209.6,\"x\":-10},\"duration\":2},{\"tweenEasing\":0,\"transform\":{\"y\":-250,\"x\":-10},\"duration\":2},{\"tweenEasing\":0,\"transform\":{\"y\":-300.95,\"x\":-10},\"duration\":2},{\"tweenEasing\":0,\"transform\":{\"y\":-342.95,\"x\":-10},\"duration\":2},{\"tweenEasing\":0,\"transform\":{\"y\":-377.95,\"x\":-10},\"duration\":2},{\"tweenEasing\":0,\"transform\":{\"y\":-414,\"x\":-10},\"duration\":2},{\"tweenEasing\":0,\"transform\":{\"y\":-445,\"x\":-10},\"duration\":2},{\"tweenEasing\":0,\"transform\":{\"y\":-479.3201,\"x\":-10},\"duration\":2},{\"tweenEasing\":0,\"transform\":{\"y\":-508.8197,\"x\":-10},\"duration\":2},{\"tweenEasing\":0,\"transform\":{\"y\":-568.3925,\"x\":-10},\"duration\":2},{\"tweenEasing\":0,\"transform\":{\"y\":-616.462,\"x\":-10},\"duration\":2},{\"tweenEasing\":0,\"transform\":{\"y\":-667.7391,\"x\":-10},\"duration\":2},{\"tweenEasing\":0,\"transform\":{\"y\":-710.8446,\"x\":-10},\"duration\":2},{\"transform\":{\"y\":-766.9138,\"x\":-10},\"duration\":0}],\"name\":\"root112\"},{\"frame\":[{\"tweenEasing\":0,\"transform\":{},\"duration\":9},{\"tweenEasing\":0,\"transform\":{\"x\":-10},\"duration\":2},{\"tweenEasing\":0,\"transform\":{\"y\":-35,\"x\":-10},\"duration\":2},{\"tweenEasing\":0,\"transform\":{\"y\":-70,\"x\":-10},\"duration\":2},{\"tweenEasing\":0,\"transform\":{\"y\":-106,\"x\":-10},\"duration\":2},{\"tweenEasing\":0,\"transform\":{\"y\":-143,\"x\":-10},\"duration\":2},{\"tweenEasing\":0,\"transform\":{\"y\":-180.95,\"x\":-10},\"duration\":2},{\"tweenEasing\":0,\"transform\":{\"y\":-209.6,\"x\":-10},\"duration\":2},{\"tweenEasing\":0,\"transform\":{\"y\":-250,\"x\":-10},\"duration\":2},{\"tweenEasing\":0,\"transform\":{\"y\":-300.95,\"x\":-10},\"duration\":2},{\"tweenEasing\":0,\"transform\":{\"y\":-342.95,\"x\":-10},\"duration\":2},{\"tweenEasing\":0,\"transform\":{\"y\":-377.95,\"x\":-10},\"duration\":2},{\"tweenEasing\":0,\"transform\":{\"y\":-414,\"x\":-10},\"duration\":2},{\"tweenEasing\":0,\"transform\":{\"y\":-446,\"x\":-10},\"duration\":2},{\"tweenEasing\":0,\"transform\":{\"y\":-468,\"x\":-10},\"duration\":3},{\"transform\":{\"y\":-501,\"x\":-10},\"duration\":0}],\"name\":\"root13\"},{\"frame\":[{\"transform\":{},\"duration\":9},{\"tweenEasing\":0,\"transform\":{\"x\":-10},\"duration\":2},{\"tweenEasing\":0,\"transform\":{\"y\":-35,\"x\":-10},\"duration\":2},{\"tweenEasing\":0,\"transform\":{\"y\":-70,\"x\":-10},\"duration\":2},{\"tweenEasing\":0,\"transform\":{\"y\":-106,\"x\":-10},\"duration\":2},{\"tweenEasing\":0,\"transform\":{\"y\":-143,\"x\":-10},\"duration\":2},{\"tweenEasing\":0,\"transform\":{\"y\":-180.95,\"x\":-10},\"duration\":2},{\"tweenEasing\":0,\"transform\":{\"y\":-209.6,\"x\":-10},\"duration\":2},{\"tweenEasing\":0,\"transform\":{\"y\":-250,\"x\":-10},\"duration\":2},{\"tweenEasing\":0,\"transform\":{\"y\":-300.95,\"x\":-10},\"duration\":2},{\"tweenEasing\":0,\"transform\":{\"y\":-342.95,\"x\":-10},\"duration\":2},{\"tweenEasing\":0,\"transform\":{\"y\":-377.95,\"x\":-10},\"duration\":2},{\"tweenEasing\":0,\"transform\":{\"y\":-414,\"x\":-10},\"duration\":2},{\"tweenEasing\":0,\"transform\":{\"y\":-445,\"x\":-10},\"duration\":2},{\"tweenEasing\":0,\"transform\":{\"y\":-469,\"x\":-10},\"duration\":3},{\"transform\":{\"y\":-487,\"x\":-10},\"duration\":0}],\"name\":\"root113\"},{\"frame\":[{\"tweenEasing\":0,\"transform\":{},\"duration\":9},{\"tweenEasing\":0,\"transform\":{\"x\":-10},\"duration\":3},{\"tweenEasing\":0,\"transform\":{\"y\":-35,\"x\":-10},\"duration\":2},{\"tweenEasing\":0,\"transform\":{\"y\":-70,\"x\":-10},\"duration\":3},{\"tweenEasing\":0,\"transform\":{\"y\":-106,\"x\":-10},\"duration\":2},{\"tweenEasing\":0,\"transform\":{\"y\":-143,\"x\":-10},\"duration\":3},{\"tweenEasing\":0,\"transform\":{\"y\":-180.95,\"x\":-10},\"duration\":3},{\"tweenEasing\":0,\"transform\":{\"y\":-209.6,\"x\":-10},\"duration\":2},{\"tweenEasing\":0,\"transform\":{\"y\":-250,\"x\":-10},\"duration\":3},{\"tweenEasing\":0,\"transform\":{\"y\":-300.95,\"x\":-10},\"duration\":2},{\"tweenEasing\":0,\"transform\":{\"y\":-342.95,\"x\":-10},\"duration\":3},{\"tweenEasing\":0,\"transform\":{\"y\":-377.95,\"x\":-10},\"duration\":3},{\"transform\":{\"y\":-414,\"x\":-10},\"duration\":0}],\"name\":\"root1113\"},{\"frame\":[{\"transform\":{},\"duration\":22},{\"tweenEasing\":0,\"transform\":{\"x\":-10},\"duration\":2},{\"tweenEasing\":0,\"transform\":{\"y\":-35,\"x\":-10},\"duration\":2},{\"tweenEasing\":0,\"transform\":{\"y\":-70,\"x\":-10},\"duration\":2},{\"tweenEasing\":0,\"transform\":{\"y\":-106,\"x\":-10},\"duration\":2},{\"tweenEasing\":0,\"transform\":{\"y\":-143,\"x\":-10},\"duration\":2},{\"tweenEasing\":0,\"transform\":{\"y\":-180.95,\"x\":-10},\"duration\":2},{\"tweenEasing\":0,\"transform\":{\"y\":-209.6,\"x\":-10},\"duration\":2},{\"tweenEasing\":0,\"transform\":{\"y\":-250,\"x\":-10},\"duration\":2},{\"transform\":{\"y\":-300.95,\"x\":-10},\"duration\":0}],\"name\":\"root114\"},{\"frame\":[{\"transform\":{},\"duration\":28},{\"tweenEasing\":0,\"transform\":{\"x\":-10},\"duration\":2},{\"tweenEasing\":0,\"transform\":{\"y\":-35,\"x\":-10},\"duration\":2},{\"tweenEasing\":0,\"transform\":{\"y\":-70,\"x\":-10},\"duration\":2},{\"tweenEasing\":0,\"transform\":{\"y\":-106,\"x\":-10},\"duration\":2},{\"tweenEasing\":0,\"transform\":{\"y\":-143,\"x\":-10},\"duration\":2},{\"transform\":{\"y\":-180.95,\"x\":-10},\"duration\":0}],\"name\":\"root14\"},{\"frame\":[{\"transform\":{},\"duration\":16},{\"tweenEasing\":0,\"transform\":{\"x\":-10},\"duration\":3},{\"tweenEasing\":0,\"transform\":{\"y\":-35,\"x\":-10},\"duration\":2},{\"tweenEasing\":0,\"transform\":{\"y\":-70,\"x\":-10},\"duration\":3},{\"tweenEasing\":0,\"transform\":{\"y\":-106,\"x\":-10},\"duration\":2},{\"tweenEasing\":0,\"transform\":{\"y\":-143,\"x\":-10},\"duration\":3},{\"tweenEasing\":0,\"transform\":{\"y\":-180.95,\"x\":-10},\"duration\":3},{\"tweenEasing\":0,\"transform\":{\"y\":-209.6,\"x\":-10},\"duration\":2},{\"tweenEasing\":0,\"transform\":{\"y\":-250,\"x\":-10},\"duration\":3},{\"transform\":{\"y\":-300.95,\"x\":-10},\"duration\":1}],\"name\":\"root11131\"},{\"frame\":[{\"transform\":{},\"duration\":25},{\"tweenEasing\":0,\"transform\":{\"x\":-10},\"duration\":3},{\"tweenEasing\":0,\"transform\":{\"y\":-35,\"x\":-10},\"duration\":2},{\"tweenEasing\":0,\"transform\":{\"y\":-70,\"x\":-10},\"duration\":3},{\"tweenEasing\":0,\"transform\":{\"y\":-106,\"x\":-10},\"duration\":2},{\"tweenEasing\":0,\"transform\":{\"y\":-143,\"x\":-10},\"duration\":3},{\"transform\":{\"y\":-180.95,\"x\":-10},\"duration\":0}],\"name\":\"root111311\"},{\"frame\":[{\"tweenEasing\":0,\"transform\":{\"x\":-10},\"duration\":2},{\"tweenEasing\":0,\"transform\":{\"y\":-35,\"x\":-10},\"duration\":2},{\"tweenEasing\":0,\"transform\":{\"y\":-70,\"x\":-10},\"duration\":2},{\"tweenEasing\":0,\"transform\":{\"y\":-106,\"x\":-10},\"duration\":2},{\"tweenEasing\":0,\"transform\":{\"y\":-143,\"x\":-10},\"duration\":2},{\"tweenEasing\":0,\"transform\":{\"y\":-180.95,\"x\":-10},\"duration\":2},{\"tweenEasing\":0,\"transform\":{\"y\":-209.6,\"x\":-10},\"duration\":2},{\"tweenEasing\":0,\"transform\":{\"y\":-250,\"x\":-10},\"duration\":2},{\"tweenEasing\":0,\"transform\":{\"y\":-300.95,\"x\":-10},\"duration\":2},{\"tweenEasing\":0,\"transform\":{\"y\":-330.6027,\"x\":-10},\"duration\":2},{\"tweenEasing\":0,\"transform\":{\"y\":-377.95,\"x\":-10},\"duration\":2},{\"tweenEasing\":0,\"transform\":{\"y\":-414,\"x\":-10},\"duration\":2},{\"tweenEasing\":0,\"transform\":{\"y\":-452.7005,\"x\":-10},\"duration\":2},{\"tweenEasing\":0,\"transform\":{\"y\":-485.8723,\"x\":-10},\"duration\":2},{\"tweenEasing\":0,\"transform\":{\"y\":-524.5727,\"x\":-10},\"duration\":2},{\"tweenEasing\":0,\"transform\":{\"y\":-566.9589,\"x\":-10},\"duration\":2},{\"transform\":{\"y\":-589.0735,\"x\":-10},\"duration\":6}],\"name\":\"root1114\"}],\"playTimes\":0,\"name\":\"newAnimation\"}]}]}"]],0,0,[],[],[]]