[1,["39VCB7PbFAU5cT36/OSPUG"],0,[["sp.SkeletonData",["_name","_atlasText","textureNames","_skeletonJson","textures"],-1,3]],[[0,0,1,2,3,4,5]],[[0,"ICON","\nICON.png\nsize: 1024,512\nformat: RGBA8888\nfilter: Linear,Linear\nrepeat: none\n01\n  rotate: false\n  xy: 291, 67\n  size: 38, 27\n  orig: 38, 27\n  offset: 0, 0\n  index: -1\n02\n  rotate: false\n  xy: 291, 96\n  size: 297, 395\n  orig: 297, 395\n  offset: 0, 0\n  index: -1\n03\n  rotate: false\n  xy: 2, 2\n  size: 249, 46\n  orig: 249, 46\n  offset: 0, 0\n  index: -1\nAA\n  rotate: false\n  xy: 2, 50\n  size: 287, 441\n  orig: 287, 441\n  offset: 0, 0\n  index: -1\n",["ICON.png"],{"skeleton":{"hash":"HWKpnXcXfZooNk53Uy5UWtdY1+k","spine":"3.6.53","width":297,"height":445},"bones":[{"name":"root"},{"name":"AA","parent":"root"}],"slots":[{"name":"AA","bone":"AA","attachment":"AA"},{"name":"03","bone":"AA","attachment":"03"},{"name":"02","bone":"AA","attachment":"02"},{"name":"01","bone":"AA","attachment":"01"},{"name":"1","bone":"AA","attachment":"01"}],"skins":{"default":{"1":{"01":{"x":102.5,"y":-136,"width":38,"height":27}},"01":{"01":{"x":-102.5,"y":-136,"width":38,"height":27}},"02":{"02":{"y":27,"width":297,"height":395}},"03":{"03":{"x":-1,"y":-197.5,"width":249,"height":46}},"AA":{"AA":{"width":287,"height":441}}}},"animations":{"animation":{"slots":{"1":{"color":[{"time":0,"color":"ffffff00","curve":"stepped"},{"time":0.3333,"color":"ffffff00"},{"time":0.5,"color":"ffffffff"},{"time":0.6667,"color":"ffffff00","curve":"stepped"},{"time":1,"color":"ffffff00"},{"time":1.1667,"color":"ffffffff"},{"time":1.3333,"color":"ffffff00","curve":"stepped"},{"time":1.6667,"color":"ffffff00"},{"time":1.8333,"color":"ffffffff"},{"time":2,"color":"ffffff00"},{"time":2.1667,"color":"ffffffff"},{"time":2.3333,"color":"ffffff00"},{"time":2.5,"color":"ffffffff"},{"time":2.6667,"color":"ffffff00"}]},"01":{"color":[{"time":0,"color":"ffffff00"},{"time":0.1667,"color":"ffffffff"},{"time":0.3333,"color":"ffffff00","curve":"stepped"},{"time":0.6667,"color":"ffffff00"},{"time":0.8333,"color":"ffffffff"},{"time":1,"color":"ffffff00","curve":"stepped"},{"time":1.3333,"color":"ffffff00"},{"time":1.5,"color":"ffffffff"},{"time":1.6667,"color":"ffffff00"},{"time":1.8333,"color":"ffffffff"},{"time":2,"color":"ffffff00"},{"time":2.1667,"color":"ffffffff"},{"time":2.3333,"color":"ffffff00"},{"time":2.5,"color":"ffffffff"},{"time":2.6667,"color":"ffffff00"}]},"02":{"color":[{"time":0,"color":"ffffff32"},{"time":0.6667,"color":"ffffffc7"},{"time":1.3333,"color":"ffffff32"},{"time":1.5,"color":"ffffffff"},{"time":1.6667,"color":"ffffff32"},{"time":1.8333,"color":"ffffffff"},{"time":2,"color":"ffffff32"},{"time":2.1667,"color":"ffffffff"},{"time":2.3333,"color":"ffffff32","curve":"stepped"},{"time":2.6667,"color":"ffffff32"},{"time":3.3333,"color":"ffffffc7"},{"time":4,"color":"ffffff32"}]},"03":{"color":[{"time":0,"color":"ffffff95"},{"time":0.6667,"color":"ffffffc7"},{"time":1.3333,"color":"ffffff95"},{"time":2,"color":"ffffffc7"},{"time":2.6667,"color":"ffffff95"},{"time":3.3333,"color":"ffffffc7"},{"time":4,"color":"ffffff95"}]}}}}},[0]]],0,0,[0],[-1],[0]]