[1,["b34GCiBwpEjLDHN8ctRVCu","bdanwjdkRD87SzSbeQ6em/","81QDptoktH57X8iVYMnx6x","10w/4b275IL7sMWTkb/ddJ","2fPPrOCKVCKq74AiRqzPQw","78pVcn1CxIEI4HWP1l2qI7","71oQ4qNelBMofcUymLIsar","3aj5se+WFFuo+Xu2rpAiLW","eeL2fGHbxCR4XlpZUT7kNK","33t7kTQXdNVoW21UbeGZtW","0co80ZrbFBI5IrBxi37brZ","4dETL+nkdPnZHsip2/PjmK","2bDYKOqVFAiIps2JpkQoes","64gWTiWaVEYraPY4xqrkjq","633HVZyD5GhrgpM+fzuHRK","17GUxIRR5FrphcFWq8ivyA","c6u+gZJhJFS4ykjDhPA/W4","19NWZsPj5AsJoPBdLY1k1j","5cesoYTHZDjbwrqPKYISzT","e7x/sTlGNGxrV4Nvtgtjcc","06AwffB4RAOZNR/THvGPsb","67jx3fnUBLOKRum3RUvcSM","814uIE8OVN/LnhOhSYWXMh","92q1JvcelG0LYOh1dy6fht","4dXDtC8oVHkpDeSbpKurqA","56iAL5rR1ENZzmH7e6DDz5","dbkWDZcHlPha0jU+bYG9yU","f6FjqVN+pItaVcx8ncvawW","dfohxDDgFG1L1Ow/jCP+tG","f5y4WDRhZOCrWztB/k8kDE","81Tru8W4FPiZ2amqMCfXsO","c87i2FOm9DCoZdz7nOfMj2","cbWOmHmo9AXbGlamR3Ozd0","baV0rOc2FNU64+Q2RTPbHd","7aLbybNt9AVbJ2NTuoT/g6","eav9sxJVhDULIRUvCY9rAH","09WuHVne9H/owiuUNZzw1V","48U4oHz2ROUr3LZTtLd5xF","4cBCEayRhB+IJ9lv/+QkDt","8cBaC9zexAdZHPnpXSaO9j","733nZBQGlGpJHizORTmyNP","2f3wqfkOhIQJy5RxSOHTfb","0ckfLTQ5NAN5GTcNV5CPgN","f1JnS8bOtLb5zA98ui8N0Q"],["_textureSetter","Arrow 78 - Shapes4FREE 1","Football lottery","bet_bn1","bet_bn2","bet_bn3","bet_enter","bet_gb","bet_gb2","bet_success","bet_win","beting_gou","betting","betting02","betting_bg","betting_cancel","betting_putin","betting_shuruk","betting_win_long","blue","bn_","bn_back","bn_help","hui","jianbian1","jianbian_bg","jianbian_bg02","jianbian_bg03","juxin13","juxing6","luzi_biaozhu","luzi_bn1","luzi_bn2","luzi_fgx","mengcen","record_qiuyi","red","resuits_bg2","resuits_lashen","resuits_qiuyi","setting(1)","setting","setting_zidong1","setting_zidong2"],["cc.SpriteFrame",["cc.SpriteAtlas",["_name","_spriteFrames"],2,11]],[[1,0,1,2]],[[[{"name":"red","rect":[463,5,34,34],"offset":[0,0],"originalSize":[34,34],"capInsets":[0,0,0,0]}],[0],0,[0],[0],[0]],[[{"name":"betting_shuruk","rect":[558,63,550,56],"offset":[0,0],"originalSize":[550,56],"capInsets":[0,0,0,0]}],[0],0,[0],[0],[0]],[[[0,"soccerLotteryUI.plist",[{},"Arrow 78 - Shapes4FREE 1",6,0,"Football lottery",6,1,"bet_bn1",6,2,"bet_bn2",6,3,"bet_bn3",6,4,"bet_enter",6,5,"bet_gb",6,6,"bet_gb2",6,7,"bet_success",6,8,"bet_win",6,9,"beting_gou",6,10,"betting",6,11,"betting02",6,12,"betting_bg",6,13,"betting_cancel",6,14,"betting_putin",6,15,"betting_shuruk",6,16,"betting_win_long",6,17,"blue",6,18,"bn_",6,19,"bn_back",6,20,"bn_help",6,21,"hui",6,22,"jianbian1",6,23,"jianbian_bg",6,24,"jianbian_bg02",6,25,"jianbian_bg03",6,26,"juxin13",6,27,"juxing6",6,28,"luzi_biaozhu",6,29,"luzi_bn1",6,30,"luzi_bn2",6,31,"luzi_fgx",6,32,"mengcen",6,33,"record_qiuyi",6,34,"red",6,35,"resuits_bg2",6,36,"resuits_lashen",6,37,"resuits_qiuyi",6,38,"setting(1)",6,39,"setting",6,40,"setting_zidong1",6,41,"setting_zidong2",6,42]]],0,0,[0,0,0,0,0,0,0,0,0,0,0,0,0,0,0,0,0,0,0,0,0,0,0,0,0,0,0,0,0,0,0,0,0,0,0,0,0,0,0,0,0,0,0],[1,2,3,4,5,6,7,8,9,10,11,12,13,14,15,16,17,18,19,20,21,22,23,24,25,26,27,28,29,30,31,32,33,34,35,36,37,38,39,40,41,42,43],[1,2,3,4,5,6,7,8,9,10,11,12,13,14,15,16,17,18,19,20,21,22,23,24,25,26,27,28,29,30,31,32,33,34,35,36,37,38,39,40,41,42,43]],[[{"name":"betting_win_long","rect":[1113,63,424,56],"offset":[0,0],"originalSize":[424,56],"capInsets":[0,0,0,0]}],[0],0,[0],[0],[0]],[[{"name":"hui","rect":[264,5,34,34],"offset":[0,0],"originalSize":[34,34],"capInsets":[0,0,0,0]}],[0],0,[0],[0],[0]]]]