[1,0,0,[["cc.AnimationClip",["_name","_duration","wrapMode","curveData"],0,11]],[[0,0,1,2,3,4]],[[0,"ningmeng",0.8833333333333333,2,[{},"paths",11,[{},"ningmeng_5",11,[{},"props",11,[{"opacity":[{"frame":0,"value":0},{"frame":0.25,"value":255},{"frame":0.45,"value":231.81818181818184},{"frame":0.8,"value":0}],"angle":[{"frame":0,"value":0},{"frame":0.3333333333333333,"value":20},{"frame":0.4166666666666667,"value":0},{"frame":0.5,"value":20},{"frame":0.5833333333333334,"value":0}]},"scale",12,[[[{"frame":0},"value",8,[0,1,1]],[{"frame":0.25},"value",8,[0,1.2,1.2]],[{"frame":0.45},"value",8,[0,1.2,1.2]],[{"frame":0.5833333333333334},"value",8,[0,1.2,1.2]],[{"frame":0.8},"value",8,[0,1,1]]],11,11,11,11,11]]],"ningmeng_1",11,[{},"props",11,[{"angle":[{"frame":0,"value":0},{"frame":0.3333333333333333,"value":20},{"frame":0.4166666666666667,"value":0},{"frame":0.5,"value":20},{"frame":0.5833333333333334,"value":0}]},"scale",12,[[[{"frame":0},"value",8,[0,1,1]],[{"frame":0.25},"value",8,[0,1.2,1.2]],[{"frame":0.5833333333333334},"value",8,[0,1.2,1.2]],[{"frame":0.8},"value",8,[0,1,1]]],11,11,11,11]]],"ningmeng_2",11,[{},"props",11,[{},"scale",12,[[[{"frame":0},"value",8,[0,1,1]],[{"frame":0.25},"value",8,[0,0.7,0.7]],[{"frame":0.5833333333333334},"value",8,[0,0.7,0.7]],[{"frame":0.8833333333333333},"value",8,[0,1,1]]],11,11,11,11]]],"ningmeng_3",11,[{},"props",11,[{},"scale",12,[[[{"frame":0},"value",8,[0,1,1]],[{"frame":0.3333333333333333},"value",8,[0,1.4,1.4]],[{"frame":0.5833333333333334},"value",8,[0,1.4,1.4]],[{"frame":0.8},"value",8,[0,1,1]]],11,11,11,11]]]]]]],0,0,[],[],[]]