[1,["e6rEpVwqBIbJqcTenzySEc"],0,[["sp.SkeletonData",["_name","_atlasText","textureNames","_skeletonJson","textures"],-1,3]],[[0,0,1,2,3,4,5]],[[0,"Email","\nEmail.png\nsize: 512,64\nformat: RGBA8888\nfilter: Linear,Linear\nrepeat: none\n01\n  rotate: false\n  xy: 2, 32\n  size: 113, 21\n  orig: 113, 21\n  offset: 0, 0\n  index: -1\n01a\n  rotate: false\n  xy: 2, 9\n  size: 113, 21\n  orig: 113, 21\n  offset: 0, 0\n  index: -1\n02\n  rotate: false\n  xy: 178, 2\n  size: 58, 51\n  orig: 58, 51\n  offset: 0, 0\n  index: -1\n02a\n  rotate: false\n  xy: 238, 2\n  size: 58, 51\n  orig: 58, 51\n  offset: 0, 0\n  index: -1\n03\n  rotate: false\n  xy: 117, 4\n  size: 59, 49\n  orig: 59, 49\n  offset: 0, 0\n  index: -1\n",["Email.png"],{"skeleton":{"hash":"Eo3dcGuEFDf8m9wN4gBpl6DdrHg","spine":"3.6.53","width":176.79,"height":52.11},"bones":[{"name":"root"},{"name":"aa","parent":"root"},{"name":"02","parent":"aa","x":-54.05,"y":-3.92,"scaleX":0.947,"scaleY":0.947},{"name":"03","parent":"02","x":-5.5,"y":5}],"slots":[{"name":"03","bone":"03","attachment":"03"},{"name":"02","bone":"02","attachment":"02"},{"name":"2","bone":"02","attachment":"02a"},{"name":"01","bone":"aa","attachment":"01"},{"name":"1","bone":"aa","attachment":"01a"}],"skins":{"default":{"1":{"01a":{"x":33.08,"y":-4.98,"width":113,"height":21}},"2":{"02a":{"width":58,"height":51}},"01":{"01":{"x":33.08,"y":-4.98,"width":113,"height":21}},"02":{"02":{"width":58,"height":51}},"03":{"03":{"width":59,"height":49}}}},"animations":{"animation":{"slots":{"1":{"color":[{"time":0,"color":"ffffff00","curve":"stepped"},{"time":1.6667,"color":"ffffff00"},{"time":2.5,"color":"ffffffff"},{"time":3.1333,"color":"ffffff00"}]},"2":{"color":[{"time":0,"color":"ffffff00","curve":"stepped"},{"time":0.8,"color":"ffffff00"},{"time":1.3667,"color":"ffffffff"},{"time":2.1333,"color":"ffffff00"}]}},"bones":{"03":{"rotate":[{"time":0,"angle":0,"curve":"stepped"},{"time":0.4333,"angle":0,"curve":"stepped"},{"time":0.8,"angle":0,"curve":"stepped"},{"time":1.1667,"angle":0}],"translate":[{"time":0,"x":0,"y":0,"curve":"stepped"},{"time":0.4333,"x":0,"y":0},{"time":0.8,"x":-1.74,"y":1.24},{"time":1.1667,"x":0,"y":0}],"scale":[{"time":0,"x":1,"y":1,"curve":"stepped"},{"time":0.4333,"x":1,"y":1,"curve":"stepped"},{"time":0.8,"x":1,"y":1,"curve":"stepped"},{"time":1.1667,"x":1,"y":1}]},"02":{"rotate":[{"time":0,"angle":0,"curve":"stepped"},{"time":0.4333,"angle":0,"curve":"stepped"},{"time":0.8,"angle":0,"curve":"stepped"},{"time":1.1667,"angle":0}],"translate":[{"time":0,"x":0,"y":0,"curve":"stepped"},{"time":0.4333,"x":0,"y":0},{"time":0.8,"x":0.99,"y":-0.99},{"time":1.1667,"x":0,"y":0}],"scale":[{"time":0,"x":1,"y":1,"curve":"stepped"},{"time":0.4333,"x":1,"y":1,"curve":"stepped"},{"time":0.8,"x":1,"y":1,"curve":"stepped"},{"time":1.1667,"x":1,"y":1}]}}}}},[0]]],0,0,[0],[-1],[0]]