[1,["86eOjDw1ZN3Ya+Y2bXwKkr"],["_texture"],[["dragonBones.DragonBonesAtlasAsset",["_name","_atlasJson"],1]],[[0,0,1,3]],[[0,"jp_tex","{\"width\":2048,\"SubTexture\":[{\"width\":694,\"y\":1,\"height\":694,\"name\":\"jp/g\",\"x\":1},{\"width\":657,\"y\":1,\"height\":680,\"name\":\"jp/g1\",\"x\":697},{\"width\":528,\"y\":1,\"height\":508,\"name\":\"jp/bg\",\"x\":1356},{\"width\":72,\"y\":247,\"height\":63,\"name\":\"jp/ttq_\",\"x\":1886},{\"width\":141,\"y\":1,\"height\":130,\"name\":\"jp/b2\",\"x\":1886},{\"width\":122,\"y\":133,\"height\":112,\"name\":\"jp/b1\",\"x\":1886},{\"width\":433,\"y\":655,\"height\":87,\"name\":\"jp/jp\",\"x\":1356},{\"width\":271,\"y\":683,\"height\":44,\"name\":\"jp/qiu\",\"x\":697},{\"width\":627,\"y\":511,\"height\":142,\"name\":\"jp/srk\",\"x\":1356},{\"width\":234,\"y\":655,\"height\":50,\"name\":\"jp/youwin\",\"x\":1791}],\"height\":1024,\"name\":\"jp\",\"imagePath\":\"jp_tex.png\"}"]],0,0,[0],[0],[0]]