[1,0,0,[["dragonBones.DragonBonesAsset",["_name","_dragonBonesJson"],1]],[[0,0,1,3]],[[0,"LuckyRoulette_ske","{\"frameRate\":24,\"isGlobal\":0,\"armature\":[{\"defaultActions\":[{\"gotoAndPlay\":\"newAnimation\"}],\"ik\":[],\"type\":\"Armature\",\"frameRate\":24,\"skin\":[{\"name\":\"\",\"slot\":[{\"display\":[{\"path\":\"Luckyroulette/xxx\",\"type\":\"image\",\"name\":\"Luckyroulette/xxx\",\"transform\":{\"skX\":89.9434,\"y\":-0.0217,\"skY\":89.9434,\"x\":0.0057}}],\"blendMode\":\"add\",\"name\":\"bone11\"},{\"display\":[{\"path\":\"Luckyroulette/renshu\",\"type\":\"image\",\"name\":\"Luckyroulette/renshu\",\"transform\":{\"y\":-19.0126,\"x\":2.5}}],\"name\":\"renshu\"},{\"display\":[{\"path\":\"Luckyroulette/bgbg\",\"type\":\"image\",\"name\":\"Luckyroulette/bgbg\",\"transform\":{\"y\":-86.5126,\"x\":1}}],\"name\":\"bgbg\"},{\"display\":[{\"path\":\"Luckyroulette/xxx\",\"type\":\"image\",\"name\":\"Luckyroulette/xxx\",\"transform\":{\"skX\":89.9434,\"y\":-0.0217,\"skY\":89.9434,\"x\":0.0057}}],\"blendMode\":\"add\",\"name\":\"bone1\"},{\"display\":[{\"path\":\"Luckyroulette/lunpang\",\"type\":\"image\",\"name\":\"Luckyroulette/lunpang\",\"transform\":{\"y\":-19.1626,\"x\":-2.05}}],\"name\":\"lunpang\"},{\"display\":[{\"path\":\"Luckyroulette/LuckyRoulette\",\"type\":\"image\",\"name\":\"Luckyroulette/LuckyRoulette\",\"transform\":{\"y\":-45.0126,\"x\":-1.5}}],\"name\":\"LuckyRoulette\"}]}],\"animation\":[{\"frame\":[],\"playTimes\":0,\"ik\":[],\"ffd\":[],\"duration\":85,\"slot\":[{\"frame\":[{\"tweenEasing\":0,\"duration\":46},{\"tweenEasing\":0,\"color\":{\"aM\":33},\"duration\":21},{\"tweenEasing\":null,\"color\":{\"aM\":0},\"duration\":18}],\"name\":\"bone1\"},{\"frame\":[{\"tweenEasing\":0,\"color\":{\"aM\":0},\"duration\":11},{\"tweenEasing\":0,\"color\":{\"aM\":0},\"duration\":1},{\"tweenEasing\":0,\"duration\":46},{\"tweenEasing\":0,\"color\":{\"aM\":33},\"duration\":9},{\"tweenEasing\":0,\"color\":{\"aM\":0},\"duration\":18},{\"tweenEasing\":null,\"color\":{\"aM\":0},\"duration\":0}],\"name\":\"bone11\"}],\"bone\":[{\"frame\":[{\"transform\":{},\"duration\":85}],\"name\":\"root\"},{\"frame\":[{\"transform\":{\"y\":-122.8524,\"scY\":0.4537,\"x\":1.8136},\"duration\":85}],\"name\":\"bone\"},{\"frame\":[{\"tweenEasing\":0,\"transform\":{\"y\":120.2165,\"x\":-1.7725},\"duration\":15},{\"tweenEasing\":0,\"transform\":{\"skX\":90,\"y\":127.0152,\"skY\":90,\"scX\":0.8913,\"scY\":0.8913,\"x\":-1.7725},\"duration\":16},{\"tweenEasing\":0,\"transform\":{\"skX\":180,\"y\":134.2671,\"skY\":180,\"scX\":0.7754,\"scY\":0.7754,\"x\":-1.7725},\"duration\":15},{\"tweenEasing\":0,\"transform\":{\"skX\":-90,\"y\":141.0657,\"skY\":-90,\"scX\":0.6667,\"scY\":0.6667,\"x\":-1.7725},\"duration\":21},{\"transform\":{\"y\":141.0657,\"scX\":0.6667,\"scY\":0.6667,\"x\":-1.7725},\"duration\":18}],\"name\":\"bone1\"},{\"frame\":[{\"transform\":{\"y\":-122.8524,\"scY\":0.4537,\"x\":1.8136},\"duration\":85}],\"name\":\"bone2\"},{\"frame\":[{\"tweenEasing\":0,\"transform\":{\"y\":120.2165,\"x\":-1.7725},\"duration\":12},{\"tweenEasing\":0,\"transform\":{\"y\":120.2165,\"x\":-1.7725},\"duration\":15},{\"tweenEasing\":0,\"transform\":{\"skX\":90,\"y\":127.0152,\"skY\":90,\"scX\":0.8913,\"scY\":0.8913,\"x\":-1.7725},\"duration\":16},{\"tweenEasing\":0,\"transform\":{\"skX\":180,\"y\":134.2671,\"skY\":180,\"scX\":0.7754,\"scY\":0.7754,\"x\":-1.7725},\"duration\":15},{\"tweenEasing\":0,\"transform\":{\"skX\":-90,\"y\":141.0657,\"skY\":-90,\"scX\":0.6667,\"scY\":0.6667,\"x\":-1.7725},\"duration\":9},{\"transform\":{\"y\":141.0657,\"scX\":0.6667,\"scY\":0.6667,\"x\":-1.7725},\"duration\":18}],\"name\":\"bone11\"},{\"frame\":[{\"tweenEasing\":0,\"transform\":{},\"duration\":25},{\"tweenEasing\":0,\"transform\":{\"y\":6.9067},\"duration\":25},{\"transform\":{},\"duration\":35}],\"name\":\"bone4\"}],\"name\":\"newAnimation\"}],\"bone\":[{\"name\":\"root\",\"transform\":{\"y\":-7.3072}},{\"transform\":{},\"name\":\"bone2\",\"parent\":\"root\"},{\"transform\":{},\"name\":\"bone\",\"parent\":\"root\"},{\"transform\":{\"y\":-91.85,\"x\":2.05},\"name\":\"bone4\",\"parent\":\"root\"},{\"transform\":{\"y\":-121.1567,\"scX\":1.5,\"scY\":1.5,\"x\":2.353},\"name\":\"bone11\",\"parent\":\"bone2\"},{\"transform\":{\"y\":-121.1567,\"scX\":1.5,\"scY\":1.5,\"x\":2.353},\"name\":\"bone1\",\"parent\":\"bone\"}],\"aabb\":{\"width\":275,\"y\":-212.99631442936723,\"height\":214.17654636741324,\"x\":-136.5},\"name\":\"Armature\",\"slot\":[{\"name\":\"bgbg\",\"parent\":\"root\",\"color\":{}},{\"z\":1,\"name\":\"lunpang\",\"parent\":\"bone4\",\"color\":{}},{\"z\":2,\"name\":\"LuckyRoulette\",\"parent\":\"root\",\"color\":{}},{\"z\":3,\"name\":\"renshu\",\"parent\":\"root\",\"color\":{}},{\"blendMode\":\"add\",\"z\":4,\"parent\":\"bone11\",\"name\":\"bone11\",\"color\":{}},{\"blendMode\":\"add\",\"z\":5,\"parent\":\"bone1\",\"name\":\"bone1\",\"color\":{}}]}],\"name\":\"LuckyRoulette\",\"version\":\"5.0\"}"]],0,0,[],[],[]]