{"paths":{"0":["res/audio/Spin_UI_Start02",8],"1":["res/img/coin/18",2],"2":["res/img/fire/04",2],"3":["res/animation/fire/img/11",2],"4":["res/img/menu/设置字02",2],"5":["res/img/coin/07",2],"6":["res/img/menu/帮助图04",2],"7":["res/animation/bigWin/skeleton",2],"8":["res/audio/Spin_UI_Start01",8],"9":["res/audio/help",8],"10":["res/animation/coin/coin",6],"11":["res/img/hall/底部字03",2],"12":["res/img/menu/05c",2],"13":["res/img/fire/09",2],"14":["res/img/menu/拉动条01",2],"15":["res/img/coin/03",2],"16":["res/img/coin/10",2],"17":["res/img/coin/16",2],"18":["res/img/hall/拉动按钮01",2],"19":["res/img/menu/帮助图05",2],"20":["res/audio/ReelStop03",8],"21":["res/img/menu/记录字02",2],"22":["res/img/fire/06",2],"23":["res/animation/bigWin/win_anim_FX_explode03",6],"24":["res/img/hall/更多01",2],"25":["res/img/menu/下注字02",2],"26":["res/img/fire/05",2],"27":["res/audio/Fat_badaDingDing1",8],"28":["res/img/hall/循环02",2],"29":["res/img/menu/04",2],"30":["res/audio/ReelStop02",8],"31":["res/audio/Bangup",8],"32":["res/img/menu/01a",2],"33":["res/audio/ReelSpin01",8],"34":["res/img/menu/05b",2],"35":["res/animation/fire/img/12",2],"36":["res/img/hall/拉动条01",2],"37":["res/img/hall/背景01",2],"38":["res/img/hall/滚动框",2],"39":["res/img/hall/点03",2],"40":["res/audio/ReelSpin02",8],"41":["res/animation/fire/img/10",2],"42":["res/audio/Fat_badaDingDing3",8],"43":["res/img/hall/展开按键01",2],"44":["res/img/hall/底图02",2],"45":["res/audio/chip minus",8],"46":["res/audio/ReelStop01",8],"47":["res/img/coin/23",2],"48":["res/img/hall/更多02",2],"49":["res/img/menu/关",2],"50":["res/img/hall/循环01",2],"51":["res/img/hall/底图03",2],"52":["res/img/menu/记录字01",2],"53":["res/audio/BigWin",8],"54":["res/img/hall/BG_Anim2",2],"55":["res/img/hall/背景02",2],"56":["res/animation/fire/img/06",2],"57":["res/audio/Fat_badaDingDing2",8],"58":["res/img/menu/拉动条02",2],"59":["res/img/hall/减02",2],"60":["res/img/menu/底图01",2],"61":["res/img/coin/12",2],"62":["res/animation/bigWin/win_anim_FX_falling02",2],"63":["res/animation/fire/img/02",2],"64":["res/img/coin/19",2],"65":["res/animation/fire/img/08",2],"66":["res/img/coin/25",2],"67":["res/img/coin/15",2],"68":["res/img/hall/点02",2],"69":["res/img/hall/加02",2],"70":["res/img/hall/线",2],"71":["res/img/hall/底部字02",2],"72":["res/audio/ReelSpin05",8],"73":["res/img/hall/展开按键03",2],"74":["res/img/coin/21",2],"75":["res/img/menu/拉动底框",2],"76":["res/img/menu/帮助图01",2],"77":["res/img/fire/01",2],"78":["res/img/coin/14",2],"79":["res/img/hall/拉动底框",2],"80":["res/img/itemLight",2],"81":["res/img/coin/02",2],"82":["res/animation/fire/img/13",2],"83":["res/img/menu/拉伸条03",2],"84":["res/img/hall/点04",2],"85":["res/img/coin/09",2],"86":["res/img/menu/拉伸条02",2],"87":["res/img/fire/08",2],"88":["res/img/hall/记录字03",2],"89":["res/img/hall/加01",2],"90":["res/img/hall/下注字04",2],"91":["res/img/menu/帮助字",2],"92":["res/img/menu/04a",2],"93":["res/img/menu/下注字01",2],"94":["res/img/menu/减01",2],"95":["res/font/number1",2],"96":["res/img/fire/07",2],"97":["res/img/hall/上框",2],"98":["res/img/hall/前景框",2],"99":["res/font/number2",2],"100":["res/img/menu/上框",2],"101":["res/img/hall/开始按钮底图",2],"102":["res/img/coin/20",2],"103":["res/img/menu/03",2],"104":["res/img/hall/开始01",2],"105":["res/img/menu/拉动按钮02",2],"106":["res/audio/chip add",8],"107":["res/animation/fire/img/04",2],"108":["res/img/fire/13",2],"109":["res/img/menu/设置字01",2],"110":["res/img/hall/底部字01",2],"111":["res/img/hall/信息框",2],"112":["res/animation/fire/img/07",2],"113":["res/img/coin/13",2],"114":["res/img/hall/展开按键底图",2],"115":["res/img/hall/减01",2],"116":["res/img/fire/03",2],"117":["res/img/hall/展开按键02",2],"118":["res/animation/fire/img/01",2],"119":["res/animation/fire/img/05",2],"120":["res/img/hall/点01",2],"121":["res/img/menu/底图02",2],"122":["res/animation/bigWin/win_anim_FX_falling02",6],"123":["res/img/menu/记录字04",2],"124":["res/img/hall/下注字01",2],"125":["res/img/menu/05a",2],"126":["res/img/menu/拉伸条01",2],"127":["res/img/fire/11",2],"128":["res/img/fire/12",2],"129":["res/img/hall/展开按键04",2],"130":["res/animation/coin/coinIcon",2],"131":["res/img/coin/01",2],"132":["res/img/hall/大厅图标02",2],"133":["res/img/menu/拉动按钮01",2],"134":["res/img/hall/循环按钮02",2],"135":["res/img/coin/08",2],"136":["res/img/hall/展示信息底图",2],"137":["res/img/hall/底部UI底图",2],"138":["res/img/hall/大厅图标01",2],"139":["res/img/coin/05",2],"140":["res/img/hall/循环按钮01",2],"141":["res/img/coin/11",2],"142":["res/audio/help close",8],"143":["res/img/menu/设置字03",2],"144":["res/audio/ReelSpin06",8],"145":["res/img/menu/背景",2],"146":["res/animation/fire/img/09",2],"147":["res/img/menu/帮助图03",2],"148":["res/img/menu/02a",2],"149":["res/img/coin/06",2],"150":["res/img/hall/拉动按钮02",2],"151":["res/img/menu/记录字05",2],"152":["res/img/menu/开",2],"153":["res/img/menu/帮助线",2],"154":["res/img/hall/下注字03",2],"155":["res/img/hall/拉动条02",2],"156":["res/img/menu/03a",2],"157":["res/img/hall/开始02",2],"158":["res/img/menu/05d",2],"159":["res/img/hall/滚动框（光影加叠加）",2],"160":["res/img/menu/02",2],"161":["res/audio/ReelSpin03",8],"162":["res/img/coin/24",2],"163":["res/animation/fire/img/03",2],"164":["res/img/menu/01",2],"165":["res/img/fire/10",2],"166":["res/img/menu/减02",2],"167":["res/img/menu/帮助图02",2],"168":["res/animation/bigWin/win_anim_FX_explode03",2],"169":["res/audio/ReelSpin04",8],"170":["res/img/coin/17",2],"171":["res/img/item",2],"172":["res/img/coin/04",2],"173":["res/img/fire/02",2],"174":["res/img/menu/记录信息框",2],"175":["res/img/coin/22",2],"176":["res/img/coin/13",3,1],"177":["res/img/menu/减01",3,1],"178":["res/img/hall/底部字02",3,1],"179":["res/animation/fire/fire",1],"180":["res/img/menu/帮助图05",3,1],"181":["res/img/hall/前景框",3,1],"182":["res/animation/fire/img/08",3,1],"183":["res/img/coin/04",3,1],"184":["res/img/hall/循环按钮01",3,1],"185":["res/animation/bigWin/skeleton.atlas",5],"186":["res/img/hall/展开按键底图",3,1],"187":["res/img/hall/上框",3,1],"188":["res/img/fire/11",3,1],"189":["res/img/hall/拉动条02",3,1],"190":["prefab/colNode",0],"191":["res/img/hall/底部字03",3,1],"192":["res/img/menu/记录字05",3,1],"193":["res/img/hall/底部字01",3,1],"194":["res/img/menu/帮助字",3,1],"195":["res/img/menu/帮助图03",3,1],"196":["res/img/menu/上框",3,1],"197":["prefab/dragProgressBar",0],"198":["res/img/fire/10",3,1],"199":["res/animation/fire/img/10",3,1],"200":["res/img/fire/13",3,1],"201":["res/animation/fire/img/03",3,1],"202":["res/animation/fire/img/01",3,1],"203":["res/img/coin/10",3,1],"204":["res/img/coin/01",3,1],"205":["res/img/coin/06",3,1],"206":["res/img/menu/05a",3,1],"207":["res/img/hall/底图02",3,1],"208":["res/img/hall/大厅图标01",3,1],"209":["res/img/menu/底图01",3,1],"210":["res/animation/bigWin/skeleton",3,1],"211":["res/animation/fire/img/04",3,1],"212":["res/img/coin/14",3,1],"213":["res/img/menu/05b",3,1],"214":["res/animation/bigWin/skeleton",4],"215":["res/animation/bigWin/win_anim_FX_falling02",3,1],"216":["res/img/menu/04a",3,1],"217":["res/img/hall/拉动按钮01",3,1],"218":["res/img/hall/减02",3,1],"219":["res/img/hall/更多01",3,1],"220":["res/img/fire/12",3,1],"221":["res/img/menu/帮助线",3,1],"222":["res/animation/fire/img/09",3,1],"223":["res/img/menu/帮助图04",3,1],"224":["res/img/fire/07",3,1],"225":["res/img/coin/16",3,1],"226":["res/img/menu/拉动底框",3,1],"227":["res/img/hall/点04",3,1],"228":["res/animation/fire/img/07",3,1],"229":["res/img/hall/点03",3,1],"230":["res/img/fire/04",3,1],"231":["res/img/menu/帮助图01",3,1],"232":["res/img/hall/底部UI底图",3,1],"233":["res/img/hall/底图03",3,1],"234":["res/img/coin/03",3,1],"235":["res/img/hall/线",3,1],"236":["res/img/coin/05",3,1],"237":["res/img/hall/展示信息底图",3,1],"238":["res/img/menu/记录字04",3,1],"239":["res/img/menu/05c",3,1],"240":["res/img/menu/拉伸条02",3,1],"241":["res/font/number2",9],"242":["res/img/hall/开始按钮底图",3,1],"243":["res/img/hall/信息框",3,1],"244":["res/img/menu/拉动按钮02",3,1],"245":["res/img/hall/滚动框（光影加叠加）",3,1],"246":["res/img/hall/滚动框",3,1],"247":["res/img/coin/08",3,1],"248":["res/font/number1",9],"249":["res/img/hall/拉动底框",3,1],"250":["res/img/fire/02",3,1],"251":["res/img/hall/记录字03",3,1],"252":["res/img/hall/拉动按钮02",3,1],"253":["res/img/fire/06",3,1],"254":["res/img/menu/开",3,1],"255":["res/img/menu/05d",3,1],"256":["res/img/coin/02",3,1],"257":["res/img/menu/下注字01",3,1],"258":["res/img/coin/25",3,1],"259":["res/img/coin/18",3,1],"260":["res/img/menu/设置字01",3,1],"261":["res/img/hall/开始02",3,1],"262":["res/img/menu/记录字02",3,1],"263":["res/img/hall/循环按钮02",3,1],"264":["res/img/hall/大厅图标02",3,1],"265":["res/img/fire/05",3,1],"266":["res/img/menu/下注字02",3,1],"267":["res/animation/fire/img/13",3,1],"268":["res/img/menu/拉动条02",3,1],"269":["res/img/fire/01",3,1],"270":["res/img/coin/21",3,1],"271":["res/img/coin/11",3,1],"272":["res/img/menu/记录字01",3,1],"273":["res/img/coin/22",3,1],"274":["res/img/hall/开始01",3,1],"275":["res/img/coin/12",3,1],"276":["res/img/menu/拉动按钮01",3,1],"277":["res/img/menu/03",3,1],"278":["res/animation/autoPannelShow",1],"279":["prefab/menu",0],"280":["prefab/itemNode",0],"281":["res/img/menu/01a",3,1],"282":["res/animation/bigWin/win_anim_FX_explode03",3,1],"283":["res/img/coin/23",3,1],"284":["res/img/hall/展开按键04",3,1],"285":["res/img/coin/24",3,1],"286":["res/img/hall/减01",3,1],"287":["res/img/menu/底图02",3,1],"288":["res/img/hall/背景02",3,1],"289":["res/img/menu/记录信息框",3,1],"290":["res/img/hall/BG_Anim2",3,1],"291":["res/img/menu/背景",3,1],"292":["res/img/menu/拉动条01",3,1],"293":["res/img/hall/拉动条01",3,1],"294":["res/font/number1",3,1],"295":["res/animation/fire/img/05",3,1],"296":["res/img/fire/09",3,1],"297":["res/img/menu/设置字02",3,1],"298":["res/img/item",7],"299":["res/img/menu/03a",3,1],"300":["res/img/hall/下注字01",3,1],"301":["res/animation/fire/img/02",3,1],"302":["res/img/coin/20",3,1],"303":["prefab/winItemNode",0],"304":["res/img/hall/点01",3,1],"305":["res/img/fire/03",3,1],"306":["res/img/coin/19",3,1],"307":["res/animation/fire/img/06",3,1],"308":["res/img/hall/循环01",3,1],"309":["res/img/coin/07",3,1],"310":["res/img/hall/更多02",3,1],"311":["res/img/menu/拉伸条01",3,1],"312":["res/img/coin/09",3,1],"313":["res/animation/fire/img/11",3,1],"314":["res/img/hall/点02",3,1],"315":["res/img/hall/展开按键01",3,1],"316":["res/img/menu/设置字03",3,1],"317":["res/img/menu/02",3,1],"318":["res/img/hall/加02",3,1],"319":["res/img/hall/下注字03",3,1],"321":["res/img/menu/01",3,1],"322":["res/img/coin/17",3,1],"323":["res/img/itemLight",7],"324":["res/img/fire/08",3,1],"325":["res/img/hall/展开按键02",3,1],"326":["res/img/coin/15",3,1],"327":["res/animation/fire/img/12",3,1],"328":["res/img/hall/循环02",3,1],"329":["res/img/hall/下注字04",3,1],"330":["res/img/menu/关",3,1],"331":["res/img/menu/减02",3,1],"332":["res/img/menu/02a",3,1],"333":["res/img/menu/帮助图02",3,1],"334":["res/img/hall/加01",3,1],"335":["res/img/menu/拉伸条03",3,1],"336":["res/animation/coin/coinIcon",7],"337":["res/img/hall/展开按键03",3,1],"338":["res/font/number2",3,1],"339":["res/img/menu/04",3,1],"340":["res/img/hall/背景01",3,1]},"types":["cc.Prefab","cc.AnimationClip","cc.Texture2D","cc.SpriteFrame","sp.SkeletonData","cc.TextAsset","cc.ParticleAsset","cc.SpriteAtlas","cc.AudioClip","cc.BitmapFont"],"uuids":["02thxn0ztEMqvd+oihnpAp","0489hpApNMhJODReysFk17","05cTZ6J9FI4qeQdecEEbyV","052Inww21B05V88rPVbyt+","06vfGa8RpLEaWLcV/2N9wH","07FDfRlS1I6oCoq53TKLEA","0bhjVzp5FAHIEbPShwXu7u","0cX/78oyFK/qkdwdbNgsUG","0dd1+UDIpM45dD8j0Bu+Ix","0fxQIG4uxHnZolV20cdXmp","107yD+ntdIaK1sjqQtwasc","13H9DOsvhPdLoImKuM+aaQ","14pumNHc1B8aOl91js7oxr","17Yc8oQ/BDQaYYN9cTonIX","1ayJ/f8f9MvqvfTsLLt2LW","1a6vipGw9LXqoJb2M2rQaJ","1dufmgm1ZDP74FlMZHa8BC","21Z4cAi/BH4bQoTsvRnr19","21pELJiZhIWqGxWzAm8HMy","26D5Llve9K9ruPiwNV568F","27JHHarHBA14q6EzwDxRUZ","27fb4frf5NOqwAmoGYnyvE","28WxGyoHdC5IuA3GvcuuQo","2ax4ZZs+BGn40uX0h5lYXX","2bIVJTNb1DbYenZ5QN4k+3","2cvIVS94lA2aEQpof77zd3","2c3pwcBaNGI4N04QzUi1Gr","2dKHDSvWBAkZgw2+3iQNDi","2e6QjJ25pPtJRiN8MBZ1JA","2fcW6MOSdF45pcz/UVavf5","2fk/xVFqhG84++Yd6sh2BI","2fyUrkjSJGZKaYglDiNveG","32xHyrkAxDiaMfGmCag8Yc","3501MkQ9NPiY9dgWoSCUGc","36c0eS43BNkpHPmo+aXKIw","375SGRYqxPbarj/Vk4iFEP","38GD51Kf5Oa41h9urh4SRF","38lDrs/ypN47gFjCs8UkhC","38sA8VcLlJFK02RaKVMc6F","3bTC+EjGxIJJPDjHE89CCc","3bsHaWxUFNu7VqEwpWpzYK","3ejuBAhbtGvKWlHC+NodoY","3e1auWsatAMJi13lU+9JN4","3e2KqL4TpPMa2dnZ2zCYy3","3fhyIGyStPN6UHnRggo9FG","41pAn/dqRAXaeGAQoIjidw","42T0VGoTVHAaMs/Zvvsjr7","42bGSykdRHNotzZrvhsQ4k","430MzCLWNGJK4w3DY4QCrb","435u58/aNB6rhU/7XCidkQ","446QyXlxZERqQwc5AFGZLk","45G1UpfiRKXoi4gRcoOMlP","45zQrJlfdFRqwLHL8cOHNj","4f1TCbSpFCJ6UAtYYxOBn1","50UQ8bW+RIdatAw5SaOXEj","52RmxmbMlHBrswmCoJu4Ew","54vI6bNWZML5NxQ2LLfq9d","55c8HqK0BB661QZMSR6RLH","56nTvFPVZMUoNYiucwNErd","57XvpelDlNArQXz0SQ6wg7","597c5nAplEW6CvLz1hd/Ny","5cD1xNtslBfb2ALiuYFBu1","5dEcT6eR9GmITPpe/E2WSR","5dN9igpupDbLWHacruHICH","5di15wadpMGbi5dN3Ol4zx","5dq/h/nxBFZpVy1sn9o1E0","5faVlqUU1MfbLkcu5xi5BN","5fg72/0ElJmJOjJQCYU2iO","5fsmEDMjpG56DsFr3s9MeM","5fymbYwmRJU5muX5lp6iRC","5fzXm6uq9Da4akG2uJ+0qW","61M1auUfRAG5uS1AgJQ7Ci","651KfcoWxKjYNr+Ml5kmOg","67TD9tvKNB0q1vHNFl7aiJ","6cb5mU2JJPjo0X0HjgaGOb","6coAHBgARJRZw0Nxsv9Jqs","6eBf5QCXJF07iEB9nUfmtL","6f8OZ/Fm9IS7oM8iiXW7NM","73jMSKjL5ALLATFrq6hKA1","7aC/ESzNFDC7QEO4dCxejF","7apwGk38dNcIt5mD9mBkXA","7a0ufF96JPvIWHGuq6XmXm","7fV8asWaRHMLXduGpWK1qo","80EEPsSj1LMr3x479FoU06","80E72VahtPlb/H57/1cA+i","80KJF02o5Ff4KiqWjzfm6w","809OErbdxH4pPchYLw0wru","83MBtCzs5JvYS7XaFMyCz7","85tkIW75FHo45kuI43PTgb","86HSnMjM9NE64aSsQAxmQO","860w4a+QNFirQMnlxQ+P9J","87Mqs1VQVIIqpIEwS/PfdD","882JjGwu5Hn7Ml++K6xf9Q","8c12D/ZEpLnqiJU5Ph6Qp2","8dKWu+aUZDAYyfTv9G1lAH","90M+2y301G3pO5/uMnL52x","90vUjuM9ZE66hV8OHdFwbf","93GQ8sAalJS5XESKfAsxHM","93MTsOWlRFmrQGHsERSTFR","97r3jVs7pNOrg1AZWdLKOv","99YT40289N1q7gDOxG/FQv","99qRcMrU5GNpiFOaGC8LVq","9978uFh8xO1Klm9/EkQ4nH","9aCk9rlMtKYqjIogI5TQMi","9cmD95wRFM45ScMir/IjRs","9e+5Yd1TlNp5qs7Q50fway","a3wvuel05L04KNHTssZgz8","a5Bmj1B+dBY7jbGeQYAOhr","a5SL6k0KxDUbND6upLtbmX","a5lOFordZNA5NbKX5OIEv+","a8YdoltBdHG6rASVw+Aw8m","a9glJxNGpO6Yk0WPTXvgcV","a9kMkepDdI8LMSzUsu/S+Q","a9teEGxcxCVLBlSguXEY5+","adn81jRVhEy6TKnWorVyD8","b1DTdBfthELoN0K412o6/g","b1gu8ioBpOKZ0Te6ChKOTj","b1yTnJXstNbo6CipQVg0mG","b2FFrzGGlBxrTxcqtbKvST","b32+8s00JFCINMLH7yM0Hm","b4hJMaR+9AMpCC82zG4i8Q","b47gqHVQVJvqFHyisWiUDy","b5/bHKcsJDyJRodlsKDwsj","b6G4wGA19LtpskZfMhLuun","b6jCyFHB9KSq+fdaQdBmbx","b7QGP3dcNDqKVvG4ONyj2n","b7jGirgwxIW5i/nETu04Vr","b8jTSpaYhMxqSjzmf4V8hp","b9pQ8emadIwIFbAmAsE8M/","baAD/I5epFqK9synkm4c+y","bcVAU5O+VCpLHuSZ76nrI0","bc1jWtabxJWp1tae8om8Ll","c1K5GebxNDsKkgzqt1eBBk","c1x5tRupFMgapf1UC4J8HB","c8nf6PWbZIaby1Rj4yCSo9","c9RUvD2CdOW41uDZqHeQpY","c9Z+agFS5HE7HTAYTEqXNi","caUmmp8Q9CYb88BaBqGImO","ce9+ZIDa1EYJK4Hs98LAVG","d0dw7W7KBPoKqRHMx53+Tu","d1eorUXy9Pt5gb21rZg4xX","d2R/ocgvxK4JsFjaaEtoXM","d2uDVgyflBhaPKWH1lG9MJ","d27VjZgBtKYJYOMyjATlAB","d53HqI8c5HT7S4/x8SxRTe","d7RpGECexPHKCadavbs31y","dcv0mcsxJJTZYzI9/jS+47","dd6HQFS41L2qyu0S+c45YJ","deCPOcW3hJE79bXj2g/Lpd","dei8+r151DTZpn4EA4McvN","dfH+863V9CCa1alPLfb3i0","dfnwaCXmNH4IeXwlg9W4/4","e0Tj+NXltD5b4/6FEHoko5","e4R0Tnds9HhrnU4giQ5vvk","e5q6IdekNHMpsWkP5oUeUt","e74Gi8sShC56g1iGg9amA8","e7/6iKKARHJYhiBv4XKHL2","e8CGsFsslEgppFXM3O2KUa","e84SXr28BBrL+c8bc9B00n","e9yxD2PyZLxbJKw6+aA2xc","ebB0puTSNAroVK3Ve5xHrd","ece9nitC5AI7PzQiwp7vCc","efM5uQoXNICavo8waC6BKi","efVzmxCohDA6rLWCJvS7uV","efV9SqGFREf60Ma4wG89P3","efoxKmiC5JJJzkEGBkcCum","f1egj6VKhNE5P+XnY5+BgA","f3iam3IlVO9qkk+YKeh5n8","f3pQNPd85HbIdp0QFxyCZP","f33SxR1qxEG4tNNPwuTSdo","f4AUEJ81FHs5dZflAeo3DQ","f6cyHp925KnqNC/UD6pjcR","f7I7bq76FH4YCE0HkGqlyU","f8oSh1OiRCsoWOg0KHOee9","fdWO9VlkxP55f9rHpVue4Y","ffKy9HenpFHaYYaDIlL9qF","00nSjtjhxINq9Q42xms+8F","04hXluCsFAt5kxOoGrFnxc","05hIidf8tCG6d1wCzH2f0p","06bC0k7dlCn6bQvUOzbwyG","06r9dRcwxMIawoLdhhpkrW","074P5H/dNIJ5A/2Kx6BKgI","0epzRocbhOErqytEE+PyJR","0fdidxoJtCHYoc9xogziXb","0f/AKw0Q5EXo2rWc8PJDyd","10kBwmXwZLdZ4nvWCHJiXE","17Ei3XO3FOpaxUaJ9kwTZ0","17l5ity1FCK71CWJ0AtIku","1aXtdSmglFsLHC9wkUiGEQ","1algf7pdJHYqhw8OBSJPXD","1a9jctQxFDw4w9ZaIrXLEG","22DPgYmoJCfZa1tU3DabM6","22RSFtyxhJh5PagN+cbsUu","22cBrc7edIqoZHD7qqM4na","23WLEImH1EPbHY512RZbDL","23eWdou45H1ac9aPplmRnD","25ZIDTvF9Ljb4As8HcFj+t","277CjWh+9KcpbaOs/pB48V","286neT+ZVJPKHr0mJ+JwIg","29Beu3hxdJeoXTadzMfpTX","2aXK8sg3xOA6bBCVOw90RZ","2a/7/YLhxApKc9bnas+KAq","2bzD35OdFCNqWfhW14Lyxq","2cDwiW/IxBFbY/7HC1FqIq","2cSc9rDhBFfrPsC21AS4GM","2fEnkgRaNLSb1lGig8Qzkh","30FyTGIZFOOLl2ny5jd9ef","30M/c5q29NOJidx1stz6A0","317+OzFMdC3JOqy2rIBk3m","32yetyHcJGeo+YLZHsYPXj","33RI6G7JZNjbWE6Xlwnnch","35lc3oyENIMq+oi+cJd7/h","35+NGd7d9InqTok0WPJHZf","38DMXOToVDjoTDc/wikPCp","38GWlLG0FDT6hVRdAWuefx","3bBnDXGotAJKe0UpTXoq8t","3etykum3JJt7i0XHRQxYy7","40vaX+RzNBia2H+LYQT6sX","40wZmdIiFLiItYLg84kll6","41tUehfcNOI6TqKGLgzjff","44/9a2CrRIMJJNKjpmGVL3","4aZzsRcb9GkYSyVLMhHawi","4fNIWvSbVD/rm3c7eBy0GE","50Eb0Y965FprSznSk2BIES","50GqNOdUNNDYBeOut2KodM","50PrYupE9PnZvhrj+syWtd","51HPqnlkdC8JdVQXrdJNLD","51+QplLD9CHKODQeVcQuKw","52X9bCN4tKroJdEM4ZTXnt","54PoRlU2JMjp7efEASHyl7","57kkcttHtEErL2A7gBYah1","59p/96X4FJZLzGgk/F0Uqe","5bWQbC6ldEOq5fpgBW6xEh","5bkH6S4whCw6ic1h4bdFVx","60hxk7WKxAQ51cET9KKeMl","60/g4RAL1NSJ8MWqi1x8eu","62dgFlcdxAt4k4iEwqSSey","64KhkdP81IaZItDg37Rc6h","64qZ1x6X5PCI7Wa/0iR/Yv","64s7e3vG5PSp+Fj/V1BovO","66qJFw+spHVbW6URo83YUH","6ae1h0YbVEJKlIWCCUfICl","6axOVjWlBBMqLjBjGQ16lR","6ax7gw4yRPebEWPUInLKGt","6b1KPgKFRGL4OtQXV++Otk","6cg7sAe+NHvI4OvLWX9FU7","6dIw7kjNdNTZBEdqHDzBnN","6dKaCUQ19P0I8mo28cVbRL","70RFc6pbRMdoOboR5oujtq","701MCA8BxC7pMNT5sirO5U","72+Pw/1N5OPbo6c9m8MidV","76BPkxPr1DLI1MvnNBVYnQ","767ukVTUVB+qp+htFWvrdE","77vzNJNLJFfKvxGyJ3Ec4U","78lPtaFSxBCL+GBdcTlX4m","7a5E2Va/tLMYAOhsKp70Wh","7bMr2jUbhNm6hDqhQQspeK","7bUjyZFJtEo6FUwykF/XWF","7e4lFuJxFOg4aQVBhMLGdg","7f7rWG3KBGi4foTBM0pDTE","84kQhn45JEtLRsonYoc5R5","84tKThfqhE1Y5hyYUBG1+A","8407wci2ZFno/bjOdOCTA4","88dYv4xjZH0ZrE2Jzzn8UG","88uJpVGWVOBKMmdi30xSdZ","8dJYISbW1Bv6QyQwYmzOKd","8d40MSWuRDz7ubJTpHqa9h","8eVgfFWDpGXo6bXTJOe9bx","919RVlPvVLeYkWZJcrBXC0","93m9TBcmJAorxtlV+ypPVj","94ZjBen9NJQomVeGTrhdse","96sY3Bh3dA6KB+SDMr2dRu","96xEr+vvBOTZIlqSJwNQNi","97YyB3WJZIIYjIO8plUcGQ","97ZATWdd1CZrjr045ivZ/F","9aBOpb1ptLBLzmVqPcqWaN","9cy9Ym/0dO/Y41kh36EPra","9dbS8RNAROpo3KtUP1rQZB","9eFiZAFfBB6aU9DFCaUwhE","a1si6dgNBLhZBW7PhhBxbU","a2TAZeV7VOlq9CQsvMcDGq","a2qODITYNFHIyJZm6QS/Bc","a29ypqj0pInY59WJs997iU","a4u70FQjhNc7ynnMCUiw9B","a43Npus/tJ7Z+wQEf7xTnt","a6UKczEARP1Yb5ZQ7e0I0p","a7BlI691hMI7jS6YrIgMxJ","a7dObSj8tD6YXVd7mZBQTb","a8H+l8t45A7IMtVkAFfsGt","a8k4uR3+dDUaRiM8P84e39","a9506clSZMgqOysA6GFN10","aa9jJus4lAHL/EM00lantt","acS/3XocZCeIqFHb9GSnnF","aeTb1h/P5GeZ4uAkB0iOB4","aewYkfrBpAyoR+T6AyCHcn","af/WfmfzlPJKHF6qTFnOeG","b2zGcKAfVMEqWVaqAZToeK","b4m+45XvpLxpCpv+NAtnm/","b5PlmXGn5A45A7OnN5h1HY","b7p3JrmMZEcLLPovAobhNu","baN4NeFCVOLZItqpVariNG","baVPbfK4FCV4wCiC+nUKuy","c1d/XXGPpIc4LvcQKzhprB","c1fbICMV1MeI2d7FDxPRdE","c1kNsj1PNKyLuFSkfv9hK0","c3OUpGyl9JpKtHJEIioZnz","c3qVK7PiVGZI+OBzZXD9OO","c6RvZy4eFD+6wORiALR1sB","cbOUFylolLvqelA80bwRav","cdmnqS+FtBTp764z3M7Qgg","cd50Rwx15H/7WAHiZolveG","celbcQkqZKQqb5fdlU36t7","ce5wwkLx5L7ozMTP2ty2Os","d3RudwwlhGhJQ+BwS8JPiN","d7HM/qlWdEJ600n9qOHC1U","d7tFme2SBD17jjZ44jmqrh","d8X1VMMPJHOr1FYpzBQBq5","daIrDQB41PmJZXhOeVYNy3","da0Q4erHRNzauN6I6vmfKg","de9pwltjRN1p0tZ9McOb9E","e0R7Jyie1Grqun3M2NZPIJ","e5g5lPS89BwasWgs+UUV+E","e6v6MVQZRF0LaWPI+YB6JI","e64tBWZ/tAQb6SycR8kpd8","e7UGUdvANEeI9oSG3G/3Ch","e9BS7NcydLvpL3Da9ddTrH","easbAAvBxAIKIsTehlaJDT","ecNlGPf+hKFJmnUKLb2klM","ec9EoDBTlCBp7xa6UhsY6F","ee5rdZL/RGZYPaBQ0FhxZc","eflV8/z5RCt5FBSXi0/p1z","f235JFHqNKsYadzcgTxk0P","f24ehAP7hNNb3TJItCtZ2J","f3CPLyy09GLqU6OnsYaQNX","f5fWtJV9VO6Y5ys8K+3BAp","f7eqtNnFJDop2yTN5lBlFM","f8XO5uAbVN1rkH6RpQe7ju","fcOL5ETYVAsakyPEdwQIYs","fcVwKQJ8BE1rJbKd4ix61C","fe8ZV1UmROSYPsSI5Z5X1R","ffBTmE0AZO7Yb7lCWdt++I","11Q6+E6mJKz5/3Zl9FAAJU","1a/UrB7DVH57KTJU48J6SV","1b82FhQftNwJISpr6fmNlb","20DAoBsHNFhKJfR/w+a4Iv","28Ff93PbZEvZQJkwUHyTeO","2afP5cC3JJULSMt6N7qyna","2cS66erPhAdaKNlAT/1ppc","2eOtmpJphL8LLvHy5CrD9V","35rgf4Fx5NjYej2x30W3i2","36P/vNW89P+aTtglJuWRDO","3aPXHzCFJCo5+R1SJbZKEz","503DId52dPcYH7TRVWH37e","6cEmRrKFNNkrk9XHdNZAzM","724tozXcpGAJungJgcWX+j","7a/QZLET9IDreTiBfRn2PD","832fptHDxHp5XFFxRTZqnk","84X9958BdH9qHD1Z8f0MSP","88vVtf3rtFDJB/hW1vvHzW","8aC4DbLwxEhYTiSIx+C4T+","8etKh8QD9C/JJeY3aLhbrE","945WpxWDtJ2aoeUiagXLq5","9evX6kLvxJr7wsU5+ZSqpT","a1gZtE9dZBLqjCxllQ5cm2","a4+ORlCtBBZIL9Tvnri55n","a8oDFH8tZMepx9YtwUTsbV","ac88xWLoVAUKuTpD7Uw5rD","ac+z+ZlHpH7aghlEFyET+j","afcSicN1dKarAk3NKR82eA","c1QEtBI8FIaqqzBUerOqzg","c2HXxPt5ZPXozBr6UPT9Lu","c3/zeC0NdKnaOj/73q/5Bi","c68nYh/FtB7a//e6K3PPNO","c8GqR4tmxJJ4k8kX388LoE","c8u50bpoxDxqeupBw3gDuc","cbosNj8chPcp1cFwqI1e/5","cdkh/G7XhDgI7cKVzLzEyS","e7WsIUywZHUps+XpvP4nIS","ecpdLyjvZBwrvm+cedCcQy","f5tYMqJtxB4ash+jPb75mS"],"scenes":{"db://assets/Smokin777/Smokin777.fire":320},"redirect":[355,0,378,0],"deps":["internal"],"packs":{"029db081b":[1,2,3,4,5,6,7,11,12,13,14,15,16,17,18,19,21,22,24,25,26,28,29,32,34,35,36,37,38,39,41,43,44,47,48,49,50,51,52,54,55,56,58,59,60,61,62,63,64,65,66,67,68,69,70,71,73,74,75,76,77,78,79,80,81,82,83,84,85,86,87,88,89,90,91,92,93,94,95,96,97,98,99,100,101,102,103,104,105,107,108,109,110,111,112,113,114,115,116,117,118,119,120,121,123,124,125,126,127,128,129,130,131,132,133,134,135,136,137,138,139,140,141,143,145,146,147,148,149,150,151,152,153,154,155,156,157,158,159,160,162,163,164,165,166,167,168,170,171,172,173,174,175],"03454b87a":[179,182,199,201,202,211,222,228,267,295,301,307,313,327],"0386d4dae":[189,217,218,249,252,286,293,318,334],"0407a726e":[341,342,344,345,347,350,351,353,354,357,358,360,363,365,366,367,368,369,370,373,374,375,377,379,336],"05d71ae00":[248,294],"063898ad3":[178,181,184,186,191,193,207,208,219,227,229,232,233,235,237,242,245,246,261,263,264,274,278,284,288,300,304,308,310,314,315,320,325,328,337,340],"08b781242":[215,122],"08f4ea8f7":[346,352,362,364,298],"09decc785":[241,338],"0b0ffd5d9":[243,319,329],"0bc036eda":[180,195,196,206,209,213,223,231,239,254,255,260,266,277,279,281,287,291,297,299,316,317,321,330,332,333],"0c94b3ca6":[348,356,359,361,372,323],"0e5d84ca8":[23,282]},"name":"Smokin777","importBase":"import","nativeBase":"native","debug":false,"isZip":false,"encrypted":false,"versions":{"import":[176,"32c30","029db081b","af18b",0,"c3ed1","03454b87a","00674","0386d4dae","d37b7","0407a726e","b63eb",177,"674ae","05d71ae00","ef054","063898ad3","6fb69","08b781242","49f98","08f4ea8f7","af95a","09decc785","9c1d0","0b0ffd5d9","9fc9c","0bc036eda","43dd0","0c94b3ca6","760c2",8,"c5e14","0e5d84ca8","fd37d",183,"72fdf",9,"75109",185,"9d1b7",10,"6e04c",187,"3d1af",188,"0a791",190,"c9e61",343,"83867",192,"a1e30",194,"6b73b",20,"0a520",197,"bc3a7",198,"7d47a",200,"b69cd",203,"2815d",204,"d02e0",27,"17e96",205,"00d36",30,"1049c",31,"515e4",210,"31cc9",349,"2b369",33,"8687d",212,"dd4cf",214,"4968a",40,"2617c",216,"68622",42,"0d6b8",45,"277c8",46,"9d1d1",220,"e1632",221,"2b7ca",53,"d2411",224,"a5229",225,"c7462",226,"eb710",57,"95a7e",230,"d92f2",234,"4b44c",236,"50d33",238,"0c0b8",72,"04314",240,"5d7d1",244,"8d048",247,"aa971",250,"24d48",251,"059d7",253,"44366",256,"c0832",257,"a5435",258,"c5f58",259,"afd38",262,"78e31",265,"5d27c",268,"aed9e",269,"88a1b",270,"59605",271,"905c7",272,"7fae6",273,"94f76",275,"f2ff5",276,"a2ba1",280,"eb6c1",106,"fd7be",283,"6f939",285,"71fa8",289,"3760f",290,"6704b",292,"ecb30",296,"549a0",302,"ec10d",303,"28d46",305,"8edc1",306,"29b04",371,"e39ab",376,"b82bc",309,"bbdbe",311,"ae12c",312,"4d105",142,"a8b39",144,"b1ce6",322,"b3035",324,"7cbd6",326,"da142",161,"c7d93",331,"dc4dd",169,"bd1d1",335,"fe104",339,"a6d65"],"native":[0,"186e1",1,"5f49a",2,"4e4fa",3,"ac09f",4,"575e4",5,"fd642",6,"99663",7,"afdda",8,"60ebf",9,"b145b",10,"42204",11,"10026",12,"b4ea2",13,"f160f",14,"e7ffc",15,"29685",16,"a1324",17,"f8391",18,"064a3",19,"accf3",20,"8de81",21,"c9a19",22,"04437",23,"f5b73",24,"ef4d4",25,"15f19",26,"5d186",27,"da931",28,"00ded",29,"ed3c5",30,"e6576",31,"7d789",32,"0ff81",33,"4104c",34,"f7262",35,"84418",36,"e7ffc",37,"71cb6",38,"6826e",39,"e4562",40,"f88be",41,"aa59e",42,"b4cef",43,"1ac6a",44,"0e941",45,"24bf6",46,"1bf1d",47,"182ab",48,"fcd24",49,"6e8de",50,"5be38",51,"318d8",52,"e734b",53,"215a0",54,"d0fc0",55,"292ee",56,"04437",57,"a37bc",58,"07451",59,"c8f9b",60,"1e9c8",61,"ecbfa",62,"561f6",63,"19573",64,"8a281",65,"5f5d9",66,"d22ac",67,"98800",68,"4f398",69,"9231d",70,"49209",71,"3850e",72,"39f54",73,"03c66",74,"9cc82",75,"16ff3",76,"518bf",77,"3d7cf",78,"bd257",79,"16ff3",80,"8a27e",81,"94324",82,"dac18",83,"c59aa",84,"1c8c2",85,"1cb1b",86,"c04eb",87,"5f5d9",88,"4f096",89,"2af64",90,"1da31",91,"52b93",92,"0217d",93,"aeffc",94,"dbe04",95,"4aa3d",96,"53ef7",97,"d8c26",98,"29984",99,"1238b",100,"d8c26",101,"618ce",102,"a86e3",103,"127eb",104,"9fa9b",105,"d5de8",106,"f5a81",107,"4e4fa",108,"dac18",109,"5f04f",110,"5b44e",111,"6cb75",112,"53ef7",113,"7d384",114,"e7fa5",115,"dbe04",116,"75b13",117,"cfb31",118,"3d7cf",119,"5d186",120,"92c78",121,"0e941",122,"1e233",123,"22dae",124,"aeffc",125,"332f8",126,"ba1d2",127,"ac09f",128,"84418",129,"112ae",130,"a552a",131,"9afef",132,"7b554",133,"064a3",134,"2a16b",135,"a5f6e",136,"446d1",137,"9f9ce",138,"1df75",139,"dd338",140,"b4701",141,"4fdf5",142,"6efdf",143,"62584",144,"26c98",145,"a346d",146,"f160f",147,"0adab",148,"1ea08",149,"ced32",150,"d5de8",151,"6b17d",152,"ca5c1",153,"4b876",154,"228bc",155,"07451",156,"458a9",157,"a754d",158,"edce0",159,"76780",160,"d3ccc",161,"dc8d0",162,"872d1",163,"75b13",164,"010f8",165,"aa59e",166,"c8f9b",167,"09e76",168,"561f6",169,"7bbd1",170,"59cf8",171,"def22",172,"2b59f",173,"19573",174,"deb17",175,"bf309"]}}