[1,0,0,[["cc.AnimationClip",["_name","_duration","wrapMode","curveData"],0,11]],[[0,0,1,2,3,4]],[[0,"wulian",0.8333333333333334,2,[{},"paths",11,[{},"wulian_10",11,[{},"props",11,[{"angle":[{"frame":0.25,"value":0},{"frame":0.5833333333333334,"value":-7},{"frame":0.8333333333333334,"value":0}],"opacity":[{"frame":0,"value":0},{"frame":0.25,"value":150},{"frame":0.5833333333333334,"value":0}]},"scale",12,[[[{"frame":0},"value",8,[0,1,1]],[{"frame":0.25},"value",8,[0,1.2,1.2]],[{"frame":0.5833333333333334},"value",8,[0,1.2,1.2]],[{"frame":0.8333333333333334},"value",8,[0,1,1]]],11,11,11,11]]],"wulian_1",11,[{},"props",11,[{"angle":[{"frame":0.25,"value":0},{"frame":0.5833333333333334,"value":-7},{"frame":0.8333333333333334,"value":0}]},"scale",12,[[[{"frame":0},"value",8,[0,1,1]],[{"frame":0.25},"value",8,[0,1.2,1.2]],[{"frame":0.5833333333333334},"value",8,[0,1.2,1.2]],[{"frame":0.8333333333333334},"value",8,[0,1,1]]],11,11,11,11]]],"wulian_20",11,[{},"props",11,[{"angle":[{"frame":0.25,"value":0},{"frame":0.5833333333333334,"value":7},{"frame":0.8333333333333334,"value":0}],"opacity":[{"frame":0,"value":0},{"frame":0.25,"value":150},{"frame":0.5833333333333334,"value":0}]},"scale",12,[[[{"frame":0},"value",8,[0,1,1]],[{"frame":0.25},"value",8,[0,1.2,1.2]],[{"frame":0.5833333333333334},"value",8,[0,1.2,1.2]],[{"frame":0.8333333333333334},"value",8,[0,1,1]]],11,11,11,11]]],"wulian_2",11,[{},"props",11,[{"angle":[{"frame":0.25,"value":0},{"frame":0.5833333333333334,"value":7},{"frame":0.8333333333333334,"value":0}]},"scale",12,[[[{"frame":0},"value",8,[0,1,1]],[{"frame":0.25},"value",8,[0,1.2,1.2]],[{"frame":0.5833333333333334},"value",8,[0,1.2,1.2]],[{"frame":0.8333333333333334},"value",8,[0,1,1]]],11,11,11,11]]],"wulian_4",11,[{},"props",11,[{"angle":[{"frame":0.25,"value":0},{"frame":0.5833333333333334,"value":12},{"frame":0.8333333333333334,"value":0}],"position":[{"frame":0,"value":[60.23,42.516,0]},{"frame":0.25,"value":[59.513,56.139,0]},{"frame":0.5833333333333334,"value":[59.51,56.139,0]},{"frame":0.8333333333333334,"value":[60.23,42.516,0]}]},"scale",12,[[[{"frame":0},"value",8,[0,1,1]],[{"frame":0.25},"value",8,[0,1.2,1.2]],[{"frame":0.5833333333333334},"value",8,[0,1.2,1.2]],[{"frame":0.8333333333333334},"value",8,[0,1,1]]],11,11,11,11]]],"wulian_5",11,[{},"props",11,[{},"scale",12,[[[{"frame":0},"value",8,[0,1,1]],[{"frame":0.25},"value",8,[0,1.2,1.2]],[{"frame":0.5833333333333334},"value",8,[0,1.2,1.2]],[{"frame":0.8333333333333334},"value",8,[0,1,1]]],11,11,11,11]]],"wulian_6",11,[{},"props",11,[{},"scale",12,[[[{"frame":0},"value",8,[0,1,1]],[{"frame":0.25},"value",8,[0,1.3,1.3]],[{"frame":0.5833333333333334},"value",8,[0,1.2,1.2]],[{"frame":0.8333333333333334},"value",8,[0,1,1]]],11,11,11,11]]],"wulian_3",11,[{},"props",11,[{"position":[{"frame":0,"value":[43.392,-35.767,0]},{"frame":0.25,"value":[47.652,-35.135,0]},{"frame":0.5833333333333334,"value":[44.067,-35.852,0]},{"frame":0.8333333333333334,"value":[39.807,-24.295,0]}]},"scale",12,[[[{"frame":0},"value",8,[0,0.8,0.8]],[{"frame":0.25},"value",8,[0,1,1]],[{"frame":0.5833333333333334},"value",8,[0,0.8,0.8]],[{"frame":0.8333333333333334},"value",8,[0,1,1]]],11,11,11,11]]]]]]],0,0,[],[],[]]