[1,["3acOtxbf1P36165aJ/tynX"],0,[["sp.SkeletonData",["_name","_atlasText","textureNames","_skeletonJson","textures"],-1,3]],[[0,0,1,2,3,4,5]],[[0,"HOT","\nHOT.png\nsize: 2048,256\nformat: RGBA8888\nfilter: Linear,Linear\nrepeat: none\n01\n  rotate: false\n  xy: 2, 51\n  size: 128, 128\n  orig: 128, 128\n  offset: 0, 0\n  index: -1\n02\n  rotate: false\n  xy: 132, 51\n  size: 128, 128\n  orig: 128, 128\n  offset: 0, 0\n  index: -1\n03\n  rotate: false\n  xy: 262, 51\n  size: 128, 128\n  orig: 128, 128\n  offset: 0, 0\n  index: -1\n04\n  rotate: false\n  xy: 392, 51\n  size: 128, 128\n  orig: 128, 128\n  offset: 0, 0\n  index: -1\n05\n  rotate: false\n  xy: 522, 51\n  size: 128, 128\n  orig: 128, 128\n  offset: 0, 0\n  index: -1\n06\n  rotate: false\n  xy: 652, 51\n  size: 128, 128\n  orig: 128, 128\n  offset: 0, 0\n  index: -1\n07\n  rotate: false\n  xy: 782, 51\n  size: 128, 128\n  orig: 128, 128\n  offset: 0, 0\n  index: -1\n08\n  rotate: false\n  xy: 912, 51\n  size: 128, 128\n  orig: 128, 128\n  offset: 0, 0\n  index: -1\na01\n  rotate: false\n  xy: 2, 2\n  size: 72, 47\n  orig: 72, 47\n  offset: 0, 0\n  index: -1\n",["HOT.png"],{"skeleton":{"hash":"fun6hYzkuRkLXgoB/ulwGXpaAsU","spine":"3.6.53","width":128,"height":128},"bones":[{"name":"root"},{"name":"a01","parent":"root"},{"name":"aa","parent":"root","y":30.67}],"slots":[{"name":"aa","bone":"aa","attachment":"01"},{"name":"a01","bone":"a01","attachment":"a01"},{"name":"a1","bone":"a01","attachment":"a01","blend":"additive"}],"skins":{"default":{"a01":{"a01":{"width":72,"height":47}},"a1":{"a01":{"width":72,"height":47}},"aa":{"01":{"width":128,"height":128},"02":{"width":128,"height":128},"03":{"width":128,"height":128},"04":{"width":128,"height":128},"05":{"width":128,"height":128},"06":{"width":128,"height":128},"07":{"width":128,"height":128},"08":{"width":128,"height":128}}}},"animations":{"animation":{"slots":{"a1":{"color":[{"time":0,"color":"ffffff00","curve":"stepped"},{"time":0.5667,"color":"ffffff00"},{"time":0.6667,"color":"ffffffff"},{"time":1.3,"color":"ffffff00"}]},"aa":{"attachment":[{"time":0,"name":"01"},{"time":0.1,"name":"02"},{"time":0.2,"name":"03"},{"time":0.3,"name":"04"},{"time":0.4,"name":"05"},{"time":0.5,"name":"06"},{"time":0.6,"name":"07"},{"time":0.7,"name":"08"},{"time":0.8,"name":"01"},{"time":0.9,"name":"02"},{"time":1,"name":"03"},{"time":1.1,"name":"04"},{"time":1.2,"name":"05"},{"time":1.3,"name":"06"},{"time":1.4,"name":"07"},{"time":1.5,"name":"08"},{"time":1.6,"name":"01"},{"time":1.7,"name":"02"},{"time":1.8,"name":"03"},{"time":1.9,"name":"04"},{"time":2,"name":"05"},{"time":2.1,"name":"06"},{"time":2.2,"name":"07"},{"time":2.3,"name":"08"}]}},"bones":{"a01":{"rotate":[{"time":0,"angle":0,"curve":"stepped"},{"time":0.3333,"angle":0,"curve":"stepped"},{"time":0.6667,"angle":0,"curve":"stepped"},{"time":0.8333,"angle":0}],"translate":[{"time":0,"x":0,"y":0,"curve":"stepped"},{"time":0.3333,"x":0,"y":0,"curve":"stepped"},{"time":0.6667,"x":0,"y":0,"curve":"stepped"},{"time":0.8333,"x":0,"y":0}],"scale":[{"time":0,"x":1,"y":1},{"time":0.3333,"x":1.08,"y":1.08},{"time":0.6667,"x":0.9,"y":0.9},{"time":0.8333,"x":1,"y":1}],"shear":[{"time":0,"x":0,"y":0,"curve":"stepped"},{"time":0.3333,"x":0,"y":0,"curve":"stepped"},{"time":0.6667,"x":0,"y":0,"curve":"stepped"},{"time":0.8333,"x":0,"y":0}]},"root":{"scale":[{"time":0.3333,"x":1.009,"y":1.009}]}}}}},[0]]],0,0,[0],[-1],[0]]