[1,["0as+Dp/aVCnoOrFWv/P8w3"],["_texture"],[["dragonBones.DragonBonesAtlasAsset",["_name","_atlasJson"],1]],[[0,0,1,3]],[[0,"minor_tex","{\"width\":256,\"SubTexture\":[{\"width\":130,\"y\":1,\"height\":65,\"name\":\"MINOR/组_50\",\"x\":1},{\"width\":113,\"y\":1,\"height\":60,\"name\":\"MINOR/组_1\",\"x\":133},{\"width\":56,\"y\":68,\"height\":57,\"name\":\"MINOR/qqqq\",\"x\":1},{\"width\":102,\"y\":63,\"height\":37,\"name\":\"MINOR/MINOR\",\"x\":133}],\"height\":128,\"name\":\"minor\",\"imagePath\":\"minor_tex.png\"}"]],0,0,[0],[0],[0]]