[1,["4cIvP5S3NM55x9b/T0pmpE"],0,[["sp.SkeletonData",["_name","_atlasText","textureNames","_skeletonJson","textures"],-1,3]],[[0,0,1,2,3,4,5]],[[0,"weekly offer","\nweekly offer.png\nsize: 256,64\nformat: RGBA8888\nfilter: Linear,Linear\nrepeat: none\n01\n  rotate: false\n  xy: 2, 2\n  size: 90, 55\n  orig: 90, 55\n  offset: 0, 0\n  index: -1\n02\n  rotate: true\n  xy: 228, 18\n  size: 39, 25\n  orig: 39, 25\n  offset: 0, 0\n  index: -1\n03\n  rotate: false\n  xy: 161, 4\n  size: 65, 53\n  orig: 65, 53\n  offset: 0, 0\n  index: -1\n04\n  rotate: false\n  xy: 94, 3\n  size: 65, 54\n  orig: 65, 54\n  offset: 0, 0\n  index: -1\n",["weekly offer.png"],{"skeleton":{"hash":"6SExDbWIBw9BGt1vSBM9VTKtUnM","spine":"3.6.53","width":165,"height":68},"bones":[{"name":"root"},{"name":"a","parent":"root"},{"name":"03","parent":"a","x":-31.5,"y":-3.5},{"name":"04","parent":"a","x":-46.5,"y":6}],"slots":[{"name":"04","bone":"04","attachment":"04"},{"name":"03","bone":"03","attachment":"03"},{"name":"3","bone":"03","attachment":"03","blend":"additive"},{"name":"02","bone":"a","attachment":"02"},{"name":"2","bone":"a","attachment":"02","blend":"additive"},{"name":"01","bone":"a","attachment":"01"}],"skins":{"default":{"2":{"02":{"x":-14.5,"y":-22.5,"width":39,"height":25}},"3":{"03":{"width":65,"height":53}},"01":{"01":{"x":41,"y":-0.5,"width":90,"height":55}},"02":{"02":{"x":-14.5,"y":-22.5,"width":39,"height":25}},"03":{"03":{"width":65,"height":53}},"04":{"04":{"width":65,"height":54}}}},"animations":{"animation":{"slots":{"2":{"color":[{"time":0,"color":"ffffff00"},{"time":0.5,"color":"ffffff76"},{"time":1,"color":"ffffff00"}]},"3":{"color":[{"time":0,"color":"ffffff00"},{"time":0.5,"color":"ffffff4f"},{"time":1,"color":"ffffff00"}]}},"bones":{"03":{"translate":[{"time":0,"x":0,"y":0},{"time":0.5,"x":1.46,"y":-1.1},{"time":1,"x":0,"y":0}]},"04":{"translate":[{"time":0,"x":0,"y":0},{"time":0.5,"x":-0.91,"y":0.37},{"time":1,"x":0,"y":0}]}}}}},[0]]],0,0,[0],[-1],[0]]