[1,["dcAQnQRy5P1qxKRDIEaBki","11aQjP6gdNG60b8VLRjUO2"],["spriteFrame","_textureSetter"],["cc.SpriteFrame",["cc.BitmapFont",["_name","fontSize","_fntConfig"],0]],[[1,0,1,2,4]],[[[[0,"freecounts",32,{"commonHeight":60,"fontSize":32,"atlasName":"C:\\Users\\Administrator\\Desktop\\freecounts.png","fontDefDictionary":{"9":{"xOffset":0,"yOffset":0,"xAdvance":0,"rect":{"x":0,"y":0,"width":0,"height":0}},"32":{"xOffset":0,"yOffset":0,"xAdvance":22,"rect":{"x":0,"y":0,"width":0,"height":0}},"48":{"xOffset":0,"yOffset":18,"xAdvance":22,"rect":{"x":0,"y":192,"width":26,"height":42}},"49":{"xOffset":0,"yOffset":18,"xAdvance":17,"rect":{"x":35,"y":0,"width":21,"height":42}},"50":{"xOffset":0,"yOffset":18,"xAdvance":22,"rect":{"x":32,"y":144,"width":26,"height":42}},"51":{"xOffset":0,"yOffset":18,"xAdvance":22,"rect":{"x":32,"y":96,"width":26,"height":42}},"52":{"xOffset":0,"yOffset":18,"xAdvance":25,"rect":{"x":0,"y":0,"width":29,"height":42}},"53":{"xOffset":0,"yOffset":18,"xAdvance":22,"rect":{"x":32,"y":192,"width":26,"height":42}},"54":{"xOffset":0,"yOffset":18,"xAdvance":22,"rect":{"x":0,"y":144,"width":26,"height":42}},"55":{"xOffset":0,"yOffset":18,"xAdvance":22,"rect":{"x":32,"y":48,"width":26,"height":42}},"56":{"xOffset":0,"yOffset":18,"xAdvance":22,"rect":{"x":0,"y":96,"width":26,"height":42}},"57":{"xOffset":0,"yOffset":18,"xAdvance":22,"rect":{"x":0,"y":48,"width":26,"height":42}}},"kerningDict":{}}]],0,0,[0],[0],[0]],[[{"name":"freecounts","rect":[0,0,64,256],"offset":[0,0],"originalSize":[64,256],"capInsets":[0,0,0,0]}],[0],0,[0],[1],[1]]]]