[1,["9dUlTibN9BIpn6jzeDjJXA"],["_texture"],[["dragonBones.DragonBonesAtlasAsset",["_name","_atlasJson"],1]],[[0,0,1,3]],[[0,"quanpingshandian011_tex","{\"width\":4096,\"imagePath\":\"quanpingshandian011_tex.png\",\"height\":2048,\"name\":\"quanpingshandian011\",\"SubTexture\":[{\"frameHeight\":519,\"y\":1,\"frameX\":-3,\"width\":257,\"frameY\":-3,\"height\":506,\"name\":\"shandian09/图层_4_拷贝\",\"frameWidth\":264,\"x\":309},{\"frameHeight\":525,\"y\":1304,\"frameX\":0,\"width\":229,\"frameY\":-1,\"height\":524,\"name\":\"shandian09/图层_3_拷贝\",\"frameWidth\":229,\"x\":297},{\"frameHeight\":545,\"y\":1311,\"frameX\":0,\"width\":132,\"frameY\":-6,\"height\":539,\"name\":\"shandian09/图层_2\",\"frameWidth\":134,\"x\":1398},{\"frameHeight\":538,\"y\":984,\"frameX\":-1,\"width\":150,\"frameY\":-2,\"height\":536,\"name\":\"shandian09/图层_7_拷贝\",\"frameWidth\":151,\"x\":694},{\"frameHeight\":514,\"y\":509,\"frameX\":0,\"width\":221,\"frameY\":0,\"height\":473,\"name\":\"shandian09/图层_5_拷贝_2\",\"frameWidth\":221,\"x\":512},{\"width\":294,\"y\":1341,\"height\":510,\"name\":\"shandian09/图层_6_拷贝\",\"x\":1},{\"frameHeight\":635,\"y\":705,\"frameX\":0,\"width\":278,\"frameY\":0,\"height\":634,\"name\":\"shandian09/组_6\",\"frameWidth\":281,\"x\":1},{\"frameHeight\":711,\"y\":1,\"frameX\":0,\"width\":306,\"frameY\":0,\"height\":702,\"name\":\"shandian09/组_5\",\"frameWidth\":306,\"x\":1},{\"frameHeight\":598,\"y\":705,\"frameX\":0,\"width\":229,\"frameY\":-1,\"height\":597,\"name\":\"shandian09/组_3\",\"frameWidth\":229,\"x\":281},{\"frameHeight\":720,\"y\":984,\"frameX\":-90,\"width\":164,\"frameY\":-103,\"height\":597,\"name\":\"09——02\",\"frameWidth\":300,\"x\":528},{\"frameHeight\":276,\"y\":787,\"frameX\":-11,\"width\":285,\"frameY\":-16,\"height\":260,\"name\":\"qiu0012/tx_001_00019_png\",\"frameWidth\":300,\"x\":1714},{\"frameHeight\":276,\"y\":1,\"frameX\":-8,\"width\":288,\"frameY\":-16,\"height\":260,\"name\":\"qiu0012/tx_001_00006_png\",\"frameWidth\":300,\"x\":858},{\"frameHeight\":276,\"y\":1049,\"frameX\":-8,\"width\":288,\"frameY\":-16,\"height\":260,\"name\":\"qiu0012/tx_001_00011_png\",\"frameWidth\":300,\"x\":1136},{\"frameHeight\":276,\"y\":1583,\"frameX\":-8,\"width\":288,\"frameY\":-16,\"height\":260,\"name\":\"qiu0012/tx_001_00008_png\",\"frameWidth\":300,\"x\":528},{\"frameHeight\":276,\"y\":787,\"frameX\":-8,\"width\":288,\"frameY\":-16,\"height\":260,\"name\":\"qiu0012/tx_001_00003_png\",\"frameWidth\":300,\"x\":846},{\"frameHeight\":276,\"y\":787,\"frameX\":-15,\"width\":281,\"frameY\":-16,\"height\":260,\"name\":\"qiu0012/tx_001_00016_png\",\"frameWidth\":300,\"x\":2001},{\"frameHeight\":276,\"y\":263,\"frameX\":-8,\"width\":288,\"frameY\":-16,\"height\":260,\"name\":\"qiu0012/tx_001_00001_png\",\"frameWidth\":300,\"x\":1315},{\"frameHeight\":276,\"y\":1,\"frameX\":-8,\"width\":288,\"frameY\":-16,\"height\":260,\"name\":\"qiu0012/tx_001_00010_png\",\"frameWidth\":300,\"x\":1728},{\"frameHeight\":276,\"y\":1,\"frameX\":-8,\"width\":288,\"frameY\":-16,\"height\":260,\"name\":\"qiu0012/tx_001_00007_png\",\"frameWidth\":300,\"x\":568},{\"frameHeight\":276,\"y\":263,\"frameX\":-8,\"width\":288,\"frameY\":-16,\"height\":260,\"name\":\"qiu0012/tx_001_00012_png\",\"frameWidth\":300,\"x\":735},{\"frameHeight\":276,\"y\":1049,\"frameX\":-8,\"width\":288,\"frameY\":-16,\"height\":260,\"name\":\"qiu0012/tx_001_00005_png\",\"frameWidth\":300,\"x\":1716},{\"frameHeight\":276,\"y\":525,\"frameX\":-14,\"width\":282,\"frameY\":-16,\"height\":260,\"name\":\"qiu0012/tx_001_00018_png\",\"frameWidth\":300,\"x\":1891},{\"frameHeight\":276,\"y\":787,\"frameX\":-8,\"width\":288,\"frameY\":-16,\"height\":260,\"name\":\"qiu0012/tx_001_00014_png\",\"frameWidth\":300,\"x\":1136},{\"frameHeight\":276,\"y\":525,\"frameX\":-11,\"width\":285,\"frameY\":-16,\"height\":260,\"name\":\"qiu0012/tx_001_00020_png\",\"frameWidth\":300,\"x\":1604},{\"frameHeight\":276,\"y\":1583,\"frameX\":-8,\"width\":288,\"frameY\":-16,\"height\":260,\"name\":\"qiu0012/tx_001_00022_png\",\"frameWidth\":300,\"x\":818},{\"frameHeight\":276,\"y\":525,\"frameX\":-8,\"width\":288,\"frameY\":-16,\"height\":260,\"name\":\"qiu0012/tx_001_00024_png\",\"frameWidth\":300,\"x\":735},{\"frameHeight\":276,\"y\":263,\"frameX\":-13,\"width\":283,\"frameY\":-16,\"height\":260,\"name\":\"qiu0012/tx_001_00026_png\",\"frameWidth\":300,\"x\":1891},{\"frameHeight\":276,\"y\":1,\"frameX\":-8,\"width\":288,\"frameY\":-16,\"height\":260,\"name\":\"qiu0012/tx_001_00028_png\",\"frameWidth\":300,\"x\":1438},{\"frameHeight\":276,\"y\":263,\"frameX\":-8,\"width\":288,\"frameY\":-16,\"height\":260,\"name\":\"qiu0012/tx_001_00029_png\",\"frameWidth\":300,\"x\":1025},{\"frameHeight\":276,\"y\":1,\"frameX\":-14,\"width\":282,\"frameY\":-16,\"height\":260,\"name\":\"qiu0012/tx_001_00015_png\",\"frameWidth\":300,\"x\":2018},{\"frameHeight\":276,\"y\":1784,\"frameX\":-8,\"width\":288,\"frameY\":-16,\"height\":260,\"name\":\"qiu0012/tx_001_00021_png\",\"frameWidth\":300,\"x\":1108},{\"frameHeight\":276,\"y\":525,\"frameX\":-9,\"width\":287,\"frameY\":-16,\"height\":260,\"name\":\"qiu0012/tx_001_00027_png\",\"frameWidth\":300,\"x\":1315},{\"frameHeight\":276,\"y\":1049,\"frameX\":-8,\"width\":288,\"frameY\":-16,\"height\":260,\"name\":\"qiu0012/tx_001_00025_png\",\"frameWidth\":300,\"x\":846},{\"frameHeight\":276,\"y\":1,\"frameX\":-8,\"width\":288,\"frameY\":-16,\"height\":260,\"name\":\"qiu0012/tx_001_00013_png\",\"frameWidth\":300,\"x\":1148},{\"frameHeight\":276,\"y\":525,\"frameX\":-8,\"width\":288,\"frameY\":-16,\"height\":260,\"name\":\"qiu0012/tx_001_00023_png\",\"frameWidth\":300,\"x\":1025},{\"frameHeight\":276,\"y\":1049,\"frameX\":-8,\"width\":288,\"frameY\":-16,\"height\":260,\"name\":\"qiu0012/tx_001_00000_png\",\"frameWidth\":300,\"x\":1426},{\"frameHeight\":276,\"y\":787,\"frameX\":-10,\"width\":286,\"frameY\":-16,\"height\":260,\"name\":\"qiu0012/tx_001_00009_png\",\"frameWidth\":300,\"x\":1426},{\"frameHeight\":276,\"y\":1522,\"frameX\":-8,\"width\":288,\"frameY\":-16,\"height\":260,\"name\":\"qiu0012/tx_001_00002_png\",\"frameWidth\":300,\"x\":1108},{\"frameHeight\":276,\"y\":525,\"frameX\":-14,\"width\":282,\"frameY\":-17,\"height\":259,\"name\":\"qiu0012/tx_001_00017_png\",\"frameWidth\":300,\"x\":2175},{\"frameHeight\":276,\"y\":263,\"frameX\":-12,\"width\":284,\"frameY\":-16,\"height\":260,\"name\":\"qiu0012/tx_001_00004_png\",\"frameWidth\":300,\"x\":1605}]}"]],0,0,[0],[0],[0]]