[1,["eeLCF0rbNJgKIlEgzletRz"],["_texture"],[["dragonBones.DragonBonesAtlasAsset",["_name","_atlasJson"],1]],[[0,0,1,3]],[[0,"megawin-fb_tex","{\"width\":1024,\"SubTexture\":[{\"width\":289,\"y\":584,\"height\":344,\"name\":\"bigwin-fb/cb1\",\"x\":1},{\"width\":289,\"y\":412,\"height\":344,\"name\":\"bigwin-fb/cb2\",\"x\":732},{\"width\":360,\"y\":412,\"height\":312,\"name\":\"bigwin-fb/maihui\",\"x\":370},{\"width\":237,\"y\":726,\"height\":236,\"name\":\"bigwin-fb/qiu2\",\"x\":292},{\"width\":367,\"y\":232,\"height\":350,\"name\":\"bigwin-fb/ggggg\",\"x\":1},{\"width\":218,\"y\":930,\"height\":248,\"name\":\"ggg\",\"x\":1},{\"frameX\":0,\"y\":232,\"frameY\":-3,\"frameWidth\":642,\"width\":641,\"frameHeight\":183,\"height\":178,\"name\":\"bigwin-fb/megawin\",\"x\":370},{\"frameX\":-5,\"y\":1,\"frameY\":0,\"frameWidth\":94,\"width\":89,\"frameHeight\":122,\"height\":122,\"name\":\"JACKPOT-fb/shua\",\"x\":852},{\"width\":849,\"y\":1,\"height\":229,\"name\":\"bigwin-fb/piaodai\",\"x\":1}],\"height\":2048,\"name\":\"megawin-fb\",\"imagePath\":\"megawin-fb_tex.png\"}"]],0,0,[0],[0],[0]]