[1,["b34GCiBwpEjLDHN8ctRVCu"],["_textureSetter"],["cc.SpriteFrame"],0,[[[{"name":"bn_","rect":[1245,5,126,48],"offset":[0,0],"originalSize":[126,48],"capInsets":[26,0,22,0]}],[0],0,[0],[0],[0]],[[{"name":"setting_zidong1","rect":[933,5,19,36],"offset":[0,0],"originalSize":[19,36],"capInsets":[0,0,0,0]}],[0],0,[0],[0],[0]],[[{"name":"betting","rect":[1642,125,298,85],"offset":[0,0],"originalSize":[298,85],"capInsets":[127,0,27,0]}],[0],0,[0],[0],[0]],[[{"name":"setting","rect":[1026,5,214,43],"offset":[0,0],"originalSize":[214,43],"capInsets":[0,0,0,0]}],[0],0,[0],[0],[0]],[[{"name":"jianbian1","rect":[430,215,139,140],"offset":[0,0],"originalSize":[139,140],"capInsets":[0,0,0,0]}],[0],0,[0],[0],[0]],[[{"name":"jianbian_bg","rect":[766,215,143,144],"offset":[0,0],"originalSize":[143,144],"capInsets":[0,0,0,0]}],[0],0,[0],[0],[0]],[[{"name":"betting_bg","rect":[121,5,61,30],"offset":[0,0],"originalSize":[61,30],"capInsets":[16,0,17,0]}],[0],0,[0],[0],[0]],[[{"name":"betting02","rect":[5,215,298,85],"offset":[0,0],"originalSize":[298,85],"capInsets":[129,0,33,0]}],[0],0,[0],[0],[0]],[[{"name":"bn_back","rect":[1476,125,78,78],"offset":[0,0],"originalSize":[78,78],"capInsets":[0,0,0,0]}],[0],0,[0],[0],[0]],[[{"name":"setting(1)","rect":[502,5,80,35],"offset":[0,0],"originalSize":[80,35],"capInsets":[26,0,42,0]}],[0],0,[0],[0],[0]],[[{"name":"mengcen","rect":[574,215,187,142],"offset":[0,0],"originalSize":[187,142],"capInsets":[0,0,0,0]}],[0],0,[0],[0],[0]],[[{"name":"Football lottery","rect":[587,5,209,36],"offset":[0,0],"originalSize":[209,36],"capInsets":[0,0,0,0]}],[0],0,[0],[0],[0]],[[{"name":"luzi_biaozhu","rect":[801,5,127,36],"offset":[0,0],"originalSize":[127,36],"capInsets":[21,0,20,0]}],[0],0,[0],[0],[0]],[[{"name":"bn_help","rect":[1559,125,78,78],"offset":[0,0],"originalSize":[78,78],"capInsets":[0,0,0,0]}],[0],0,[0],[0],[0]],[[{"name":"Arrow 78 - Shapes4FREE 1","rect":[187,5,33,31],"offset":[0,0],"originalSize":[33,31],"capInsets":[0,0,0,0]}],[0],0,[0],[0],[0]],[[{"name":"luzi_bn1","rect":[1542,63,288,57],"offset":[0,0],"originalSize":[288,57],"capInsets":[0,0,0,0]}],[0],0,[0],[0],[0]],[[{"name":"luzi_bn2","rect":[5,125,288,57],"offset":[0,0],"originalSize":[288,57],"capInsets":[0,0,0,0]}],[0],0,[0],[0],[0]],[[{"name":"jianbian_bg02","rect":[914,215,148,148],"offset":[0,0],"originalSize":[148,148],"capInsets":[0,0,0,0]}],[0],0,[0],[0],[0]],[[{"name":"blue","rect":[225,5,34,34],"offset":[0,0],"originalSize":[34,34],"capInsets":[0,0,0,0]}],[0],0,[0],[0],[0]],[[{"name":"setting_zidong2","rect":[957,5,19,38],"offset":[0,0],"originalSize":[19,38],"capInsets":[0,0,0,0]}],[0],0,[0],[0],[0]],[[{"name":"jianbian_bg03","rect":[303,5,155,34],"offset":[0,0],"originalSize":[155,34],"capInsets":[0,0,0,0]}],[0],0,[0],[0],[0]]]]