[1,["14u8gMgYVNIIFNbhm4XWaA"],["_texture"],[["dragonBones.DragonBonesAtlasAsset",["_name","_atlasJson"],1]],[[0,0,1,3]],[[0,"Jackpot-fb_tex","{\"width\":1024,\"SubTexture\":[{\"width\":426,\"y\":178,\"height\":235,\"name\":\"JACKPOT-fb/cban\",\"x\":430},{\"width\":427,\"y\":178,\"height\":235,\"name\":\"JACKPOT-fb/图层_801\",\"x\":1},{\"width\":296,\"y\":415,\"height\":296,\"name\":\"JACKPOT-fb/yuan\",\"x\":634},{\"width\":315,\"y\":1,\"height\":161,\"name\":\"JACKPOT-fb/qiu\",\"x\":665},{\"width\":558,\"y\":885,\"height\":152,\"name\":\"JACKPOT-fb/banzi\",\"x\":1},{\"width\":640,\"y\":738,\"height\":145,\"name\":\"JACKPOT-fb/grandwin\",\"x\":1},{\"width\":631,\"y\":588,\"height\":148,\"name\":\"JACKPOT-fb/majorwin\",\"x\":1},{\"width\":662,\"y\":1,\"height\":175,\"name\":\"JACKPOT-fb/minorwin\",\"x\":1},{\"width\":551,\"y\":415,\"height\":171,\"name\":\"JACKPOT-fb/mini\",\"x\":1},{\"frameX\":-5,\"y\":164,\"frameY\":0,\"frameWidth\":94,\"width\":89,\"frameHeight\":122,\"height\":122,\"name\":\"JACKPOT-fb/shua\",\"x\":858}],\"height\":2048,\"name\":\"Jackpot-fb\",\"imagePath\":\"Jackpot-fb_tex.png\"}"]],0,0,[0],[0],[0]]