[1,0,0,[["dragonBones.DragonBonesAsset",["_name","_dragonBonesJson"],1]],[[0,0,1,3]],[[0,"jackpot-jk_ske","{\"frameRate\":24,\"isGlobal\":0,\"armature\":[{\"bone\":[{\"name\":\"root\",\"transform\":{}},{\"transform\":{\"y\":-117,\"x\":-4},\"name\":\"bone\",\"parent\":\"root\"},{\"transform\":{\"y\":60,\"x\":2},\"name\":\"bone1\",\"parent\":\"bone\"},{\"transform\":{\"y\":-59},\"name\":\"bone2\",\"parent\":\"bone\"},{\"transform\":{\"y\":20,\"x\":1},\"name\":\"bone3\",\"parent\":\"bone\"},{\"transform\":{\"y\":-119.8,\"x\":-128.65},\"name\":\"bone4\",\"parent\":\"bone\"},{\"transform\":{\"y\":-29.85,\"x\":0.25},\"name\":\"bone5\",\"parent\":\"bone\"},{\"transform\":{\"y\":-32.85,\"x\":5.5},\"name\":\"bone6\",\"parent\":\"bone\"},{\"transform\":{\"y\":-187.3186,\"x\":28.092},\"name\":\"bone41\",\"parent\":\"bone\"},{\"transform\":{\"y\":-157.0279,\"x\":179.1329},\"name\":\"bone42\",\"parent\":\"bone\"}],\"animation\":[{\"playTimes\":0,\"bone\":[{\"frame\":[{\"transform\":{},\"duration\":120}],\"name\":\"root\"},{\"frame\":[{\"transform\":{},\"duration\":120}],\"name\":\"bone\"},{\"frame\":[{\"transform\":{},\"duration\":120}],\"name\":\"bone1\"},{\"frame\":[{\"tweenEasing\":0,\"transform\":{\"scY\":3,\"y\":-137.3724,\"scX\":3},\"duration\":5},{\"tweenEasing\":0,\"transform\":{},\"duration\":2},{\"tweenEasing\":0,\"transform\":{\"scY\":1.2,\"y\":-12.3635,\"scX\":1.2},\"duration\":2},{\"transform\":{},\"duration\":111}],\"name\":\"bone2\"},{\"frame\":[{\"transform\":{},\"duration\":120}],\"name\":\"bone3\"},{\"frame\":[{\"tweenEasing\":0,\"transform\":{\"y\":104.197,\"x\":-95.4052},\"duration\":5},{\"tweenEasing\":0,\"transform\":{\"y\":104.197,\"x\":-95.4052},\"duration\":5},{\"transform\":{\"scY\":1.4167,\"y\":58.9328,\"scX\":1.4167,\"x\":-95.4052},\"duration\":1},{\"tweenEasing\":0,\"transform\":{\"scY\":1.5,\"y\":58.9328,\"scX\":1.5,\"x\":-95.4052},\"duration\":7},{\"transform\":{\"scY\":2,\"y\":58.9328,\"scX\":2,\"x\":-95.4052},\"duration\":102}],\"name\":\"bone4\"},{\"frame\":[{\"transform\":{},\"duration\":10},{\"tweenEasing\":0,\"transform\":{},\"duration\":50},{\"tweenEasing\":0,\"transform\":{\"skX\":60,\"skY\":60},\"duration\":60},{\"transform\":{\"skX\":120,\"skY\":120},\"duration\":0}],\"name\":\"bone5\"},{\"frame\":[{\"transform\":{},\"duration\":10},{\"tweenEasing\":0,\"transform\":{},\"duration\":55},{\"tweenEasing\":0,\"transform\":{\"scY\":0.9,\"skX\":-65,\"skY\":-65,\"scX\":0.9},\"duration\":55},{\"transform\":{\"scY\":0.8,\"skX\":-130,\"skY\":-130,\"scX\":0.8},\"duration\":0}],\"name\":\"bone6\"},{\"frame\":[{\"tweenEasing\":0,\"transform\":{\"y\":53.3692,\"x\":-59.6883},\"duration\":14},{\"tweenEasing\":0,\"transform\":{\"y\":53.3692,\"x\":-59.6883},\"duration\":6},{\"transform\":{\"scY\":1.7714,\"y\":10.7837,\"scX\":1.7714,\"x\":-59.6883},\"duration\":1},{\"tweenEasing\":0,\"transform\":{\"scY\":1.9,\"y\":10.7837,\"scX\":1.9,\"x\":-59.6883},\"duration\":7},{\"transform\":{\"scY\":2.4,\"y\":10.7837,\"scX\":2.4,\"x\":-59.6883},\"duration\":92}],\"name\":\"bone41\"},{\"frame\":[{\"tweenEasing\":0,\"transform\":{\"y\":79.6073,\"x\":36.4724},\"duration\":8},{\"tweenEasing\":0,\"transform\":{\"y\":79.6073,\"x\":36.4724},\"duration\":5},{\"transform\":{\"scY\":1.4167,\"y\":37.0906,\"scX\":1.4167,\"x\":36.4724},\"duration\":1},{\"tweenEasing\":0,\"transform\":{\"scY\":1.5,\"y\":37.0906,\"scX\":1.5,\"x\":36.4724},\"duration\":6},{\"transform\":{\"scY\":2,\"y\":37.0906,\"scX\":2,\"x\":36.4724},\"duration\":100}],\"name\":\"bone42\"}],\"slot\":[{\"frame\":[{\"tweenEasing\":0,\"color\":{\"aM\":0},\"duration\":10},{\"tweenEasing\":0,\"color\":{\"aM\":0},\"duration\":30},{\"tweenEasing\":0,\"color\":{\"aM\":70},\"duration\":50},{\"tweenEasing\":0,\"color\":{\"aM\":70},\"duration\":30},{\"tweenEasing\":null,\"color\":{\"aM\":0},\"duration\":0}],\"name\":\"zhuang\"},{\"frame\":[{\"tweenEasing\":0,\"color\":{\"aM\":0},\"duration\":2},{\"tweenEasing\":0,\"color\":{\"aM\":0},\"duration\":6},{\"tweenEasing\":null,\"duration\":112}],\"name\":\"fkk\"},{\"frame\":[{\"tweenEasing\":0,\"color\":{\"aM\":0},\"duration\":10},{\"tweenEasing\":0,\"color\":{\"aM\":0},\"duration\":30},{\"tweenEasing\":0,\"color\":{\"aM\":80},\"duration\":50},{\"tweenEasing\":0,\"color\":{\"aM\":80},\"duration\":30},{\"tweenEasing\":null,\"color\":{\"aM\":0},\"duration\":0}],\"name\":\"xggg\"},{\"frame\":[{\"displayIndex\":-1,\"tweenEasing\":null,\"duration\":2},{\"displayIndex\":2,\"tweenEasing\":null,\"duration\":2},{\"displayIndex\":1,\"tweenEasing\":null,\"duration\":2},{\"displayIndex\":3,\"tweenEasing\":null,\"duration\":2},{\"tweenEasing\":null,\"duration\":112}],\"name\":\"bone1\"},{\"frame\":[{\"tweenEasing\":null,\"duration\":120}],\"name\":\"bone2\"},{\"frame\":[{\"tweenEasing\":null,\"displayIndex\":-1,\"duration\":5},{\"displayIndex\":4,\"tweenEasing\":0,\"color\":{\"aM\":0},\"duration\":1},{\"displayIndex\":5,\"tweenEasing\":0,\"color\":{\"aM\":25},\"duration\":2},{\"displayIndex\":3,\"tweenEasing\":0,\"color\":{\"aM\":75},\"duration\":1},{\"displayIndex\":6,\"tweenEasing\":0,\"duration\":1},{\"displayIndex\":2,\"tweenEasing\":0,\"duration\":1},{\"displayIndex\":7,\"tweenEasing\":0,\"duration\":2},{\"displayIndex\":1,\"tweenEasing\":0,\"duration\":1},{\"displayIndex\":8,\"tweenEasing\":0,\"color\":{\"aM\":80},\"duration\":1},{\"tweenEasing\":0,\"color\":{\"aM\":60},\"duration\":3},{\"tweenEasing\":null,\"color\":{\"aM\":0},\"duration\":102}],\"name\":\"bone4\"},{\"frame\":[{\"tweenEasing\":null,\"displayIndex\":-1,\"duration\":14},{\"displayIndex\":4,\"tweenEasing\":0,\"color\":{\"gM\":49,\"bM\":92,\"aM\":0},\"duration\":1},{\"displayIndex\":5,\"tweenEasing\":0,\"color\":{\"gM\":45,\"bM\":89,\"aM\":12},\"duration\":2},{\"displayIndex\":3,\"tweenEasing\":0,\"color\":{\"gM\":36,\"bM\":85,\"aM\":37},\"duration\":1},{\"displayIndex\":6,\"tweenEasing\":0,\"color\":{\"gM\":31,\"bM\":83,\"aM\":50},\"duration\":2},{\"displayIndex\":2,\"tweenEasing\":0,\"color\":{\"gM\":22,\"bM\":78,\"aM\":75},\"duration\":1},{\"displayIndex\":7,\"tweenEasing\":0,\"color\":{\"gM\":18,\"bM\":76,\"aM\":87},\"duration\":1},{\"displayIndex\":1,\"tweenEasing\":0,\"color\":{\"gM\":14,\"bM\":74},\"duration\":2},{\"displayIndex\":8,\"tweenEasing\":0,\"color\":{\"gM\":9,\"rM\":97,\"bM\":82,\"aM\":66},\"duration\":1},{\"tweenEasing\":0,\"color\":{\"gM\":7,\"rM\":96,\"bM\":86,\"aM\":50},\"duration\":3},{\"tweenEasing\":null,\"color\":{\"gM\":0,\"rM\":92,\"bM\":99,\"aM\":0},\"duration\":92}],\"name\":\"bone41\"},{\"frame\":[{\"tweenEasing\":null,\"displayIndex\":-1,\"duration\":8},{\"displayIndex\":4,\"tweenEasing\":0,\"color\":{\"gM\":98,\"rM\":44,\"aM\":0},\"duration\":1},{\"displayIndex\":5,\"tweenEasing\":0,\"color\":{\"gM\":98,\"rM\":51,\"aM\":12},\"duration\":1},{\"displayIndex\":3,\"tweenEasing\":0,\"color\":{\"gM\":98,\"rM\":58,\"aM\":25},\"duration\":2},{\"displayIndex\":6,\"tweenEasing\":0,\"color\":{\"gM\":99,\"rM\":72,\"aM\":50},\"duration\":1},{\"displayIndex\":2,\"tweenEasing\":0,\"color\":{\"gM\":99,\"rM\":79,\"aM\":62},\"duration\":1},{\"displayIndex\":7,\"tweenEasing\":0,\"color\":{\"gM\":99,\"rM\":86,\"aM\":75},\"duration\":2},{\"displayIndex\":1,\"tweenEasing\":0,\"duration\":1},{\"displayIndex\":8,\"tweenEasing\":0,\"color\":{\"gM\":84,\"rM\":75,\"aM\":75},\"duration\":1},{\"tweenEasing\":0,\"color\":{\"gM\":69,\"rM\":51,\"aM\":50},\"duration\":2},{\"tweenEasing\":null,\"color\":{\"gM\":39,\"rM\":2,\"aM\":0},\"duration\":100}],\"name\":\"bone42\"}],\"ffd\":[],\"ik\":[],\"frame\":[],\"name\":\"mini\",\"duration\":120},{\"playTimes\":0,\"bone\":[{\"frame\":[{\"transform\":{},\"duration\":120}],\"name\":\"root\"},{\"frame\":[{\"transform\":{},\"duration\":120}],\"name\":\"bone\"},{\"frame\":[{\"transform\":{},\"duration\":120}],\"name\":\"bone1\"},{\"frame\":[{\"tweenEasing\":0,\"transform\":{\"scY\":3,\"y\":-137.3724,\"scX\":3},\"duration\":5},{\"tweenEasing\":0,\"transform\":{},\"duration\":2},{\"tweenEasing\":0,\"transform\":{\"scY\":1.2,\"y\":-12.3635,\"scX\":1.2},\"duration\":2},{\"transform\":{},\"duration\":111}],\"name\":\"bone2\"},{\"frame\":[{\"transform\":{},\"duration\":120}],\"name\":\"bone3\"},{\"frame\":[{\"tweenEasing\":0,\"transform\":{\"y\":104.197,\"x\":-95.4052},\"duration\":5},{\"tweenEasing\":0,\"transform\":{\"y\":104.197,\"x\":-95.4052},\"duration\":5},{\"transform\":{\"scY\":1.4167,\"y\":58.9328,\"scX\":1.4167,\"x\":-95.4052},\"duration\":1},{\"tweenEasing\":0,\"transform\":{\"scY\":1.5,\"y\":58.9328,\"scX\":1.5,\"x\":-95.4052},\"duration\":7},{\"transform\":{\"scY\":2,\"y\":58.9328,\"scX\":2,\"x\":-95.4052},\"duration\":102}],\"name\":\"bone4\"},{\"frame\":[{\"transform\":{},\"duration\":10},{\"tweenEasing\":0,\"transform\":{},\"duration\":50},{\"tweenEasing\":0,\"transform\":{\"skX\":60,\"skY\":60},\"duration\":60},{\"transform\":{\"skX\":120,\"skY\":120},\"duration\":0}],\"name\":\"bone5\"},{\"frame\":[{\"transform\":{},\"duration\":10},{\"tweenEasing\":0,\"transform\":{},\"duration\":55},{\"tweenEasing\":0,\"transform\":{\"scY\":0.9,\"skX\":-65,\"skY\":-65,\"scX\":0.9},\"duration\":55},{\"transform\":{\"scY\":0.8,\"skX\":-130,\"skY\":-130,\"scX\":0.8},\"duration\":0}],\"name\":\"bone6\"},{\"frame\":[{\"tweenEasing\":0,\"transform\":{\"y\":53.3692,\"x\":-59.6883},\"duration\":14},{\"tweenEasing\":0,\"transform\":{\"y\":53.3692,\"x\":-59.6883},\"duration\":6},{\"transform\":{\"scY\":1.7714,\"y\":10.7837,\"scX\":1.7714,\"x\":-59.6883},\"duration\":1},{\"tweenEasing\":0,\"transform\":{\"scY\":1.9,\"y\":10.7837,\"scX\":1.9,\"x\":-59.6883},\"duration\":7},{\"transform\":{\"scY\":2.4,\"y\":10.7837,\"scX\":2.4,\"x\":-59.6883},\"duration\":92}],\"name\":\"bone41\"},{\"frame\":[{\"tweenEasing\":0,\"transform\":{\"y\":79.6073,\"x\":36.4724},\"duration\":8},{\"tweenEasing\":0,\"transform\":{\"y\":79.6073,\"x\":36.4724},\"duration\":5},{\"transform\":{\"scY\":1.4167,\"y\":37.0906,\"scX\":1.4167,\"x\":36.4724},\"duration\":1},{\"tweenEasing\":0,\"transform\":{\"scY\":1.5,\"y\":37.0906,\"scX\":1.5,\"x\":36.4724},\"duration\":6},{\"transform\":{\"scY\":2,\"y\":37.0906,\"scX\":2,\"x\":36.4724},\"duration\":100}],\"name\":\"bone42\"}],\"slot\":[{\"frame\":[{\"tweenEasing\":0,\"color\":{\"aM\":0},\"duration\":10},{\"tweenEasing\":0,\"color\":{\"aM\":0},\"duration\":30},{\"tweenEasing\":0,\"color\":{\"aM\":70},\"duration\":50},{\"tweenEasing\":0,\"color\":{\"aM\":70},\"duration\":30},{\"tweenEasing\":null,\"color\":{\"aM\":0},\"duration\":0}],\"name\":\"zhuang\"},{\"frame\":[{\"tweenEasing\":0,\"color\":{\"aM\":0},\"duration\":2},{\"tweenEasing\":0,\"color\":{\"aM\":0},\"duration\":6},{\"tweenEasing\":null,\"duration\":112}],\"name\":\"fkk\"},{\"frame\":[{\"tweenEasing\":0,\"color\":{\"aM\":0},\"duration\":10},{\"tweenEasing\":0,\"color\":{\"aM\":0},\"duration\":30},{\"tweenEasing\":0,\"color\":{\"aM\":80},\"duration\":50},{\"tweenEasing\":0,\"color\":{\"aM\":80},\"duration\":30},{\"tweenEasing\":null,\"color\":{\"aM\":0},\"duration\":0}],\"name\":\"xggg\"},{\"frame\":[{\"displayIndex\":-1,\"tweenEasing\":null,\"duration\":2},{\"displayIndex\":2,\"tweenEasing\":null,\"duration\":2},{\"displayIndex\":1,\"tweenEasing\":null,\"duration\":2},{\"displayIndex\":3,\"tweenEasing\":null,\"duration\":2},{\"tweenEasing\":null,\"duration\":112}],\"name\":\"bone1\"},{\"frame\":[{\"displayIndex\":1,\"tweenEasing\":null,\"duration\":120}],\"name\":\"bone2\"},{\"frame\":[{\"tweenEasing\":null,\"displayIndex\":-1,\"duration\":5},{\"displayIndex\":4,\"tweenEasing\":0,\"color\":{\"aM\":0},\"duration\":1},{\"displayIndex\":5,\"tweenEasing\":0,\"color\":{\"aM\":25},\"duration\":2},{\"displayIndex\":3,\"tweenEasing\":0,\"color\":{\"aM\":75},\"duration\":1},{\"displayIndex\":6,\"tweenEasing\":0,\"duration\":1},{\"displayIndex\":2,\"tweenEasing\":0,\"duration\":1},{\"displayIndex\":7,\"tweenEasing\":0,\"duration\":2},{\"displayIndex\":1,\"tweenEasing\":0,\"duration\":1},{\"displayIndex\":8,\"tweenEasing\":0,\"color\":{\"aM\":80},\"duration\":1},{\"tweenEasing\":0,\"color\":{\"aM\":60},\"duration\":3},{\"tweenEasing\":null,\"color\":{\"aM\":0},\"duration\":102}],\"name\":\"bone4\"},{\"frame\":[{\"tweenEasing\":null,\"displayIndex\":-1,\"duration\":14},{\"displayIndex\":4,\"tweenEasing\":0,\"color\":{\"gM\":49,\"bM\":92,\"aM\":0},\"duration\":1},{\"displayIndex\":5,\"tweenEasing\":0,\"color\":{\"gM\":45,\"bM\":89,\"aM\":12},\"duration\":2},{\"displayIndex\":3,\"tweenEasing\":0,\"color\":{\"gM\":36,\"bM\":85,\"aM\":37},\"duration\":1},{\"displayIndex\":6,\"tweenEasing\":0,\"color\":{\"gM\":31,\"bM\":83,\"aM\":50},\"duration\":2},{\"displayIndex\":2,\"tweenEasing\":0,\"color\":{\"gM\":22,\"bM\":78,\"aM\":75},\"duration\":1},{\"displayIndex\":7,\"tweenEasing\":0,\"color\":{\"gM\":18,\"bM\":76,\"aM\":87},\"duration\":1},{\"displayIndex\":1,\"tweenEasing\":0,\"color\":{\"gM\":14,\"bM\":74},\"duration\":2},{\"displayIndex\":8,\"tweenEasing\":0,\"color\":{\"gM\":9,\"rM\":97,\"bM\":82,\"aM\":66},\"duration\":1},{\"tweenEasing\":0,\"color\":{\"gM\":7,\"rM\":96,\"bM\":86,\"aM\":50},\"duration\":3},{\"tweenEasing\":null,\"color\":{\"gM\":0,\"rM\":92,\"bM\":99,\"aM\":0},\"duration\":92}],\"name\":\"bone41\"},{\"frame\":[{\"tweenEasing\":null,\"displayIndex\":-1,\"duration\":8},{\"displayIndex\":4,\"tweenEasing\":0,\"color\":{\"gM\":98,\"rM\":44,\"aM\":0},\"duration\":1},{\"displayIndex\":5,\"tweenEasing\":0,\"color\":{\"gM\":98,\"rM\":51,\"aM\":12},\"duration\":1},{\"displayIndex\":3,\"tweenEasing\":0,\"color\":{\"gM\":98,\"rM\":58,\"aM\":25},\"duration\":2},{\"displayIndex\":6,\"tweenEasing\":0,\"color\":{\"gM\":99,\"rM\":72,\"aM\":50},\"duration\":1},{\"displayIndex\":2,\"tweenEasing\":0,\"color\":{\"gM\":99,\"rM\":79,\"aM\":62},\"duration\":1},{\"displayIndex\":7,\"tweenEasing\":0,\"color\":{\"gM\":99,\"rM\":86,\"aM\":75},\"duration\":2},{\"displayIndex\":1,\"tweenEasing\":0,\"duration\":1},{\"displayIndex\":8,\"tweenEasing\":0,\"color\":{\"gM\":84,\"rM\":75,\"aM\":75},\"duration\":1},{\"tweenEasing\":0,\"color\":{\"gM\":69,\"rM\":51,\"aM\":50},\"duration\":2},{\"tweenEasing\":null,\"color\":{\"gM\":39,\"rM\":2,\"aM\":0},\"duration\":100}],\"name\":\"bone42\"}],\"ffd\":[],\"ik\":[],\"frame\":[],\"name\":\"minor\",\"duration\":120},{\"playTimes\":0,\"bone\":[{\"frame\":[{\"transform\":{},\"duration\":120}],\"name\":\"root\"},{\"frame\":[{\"transform\":{},\"duration\":120}],\"name\":\"bone\"},{\"frame\":[{\"transform\":{},\"duration\":120}],\"name\":\"bone1\"},{\"frame\":[{\"tweenEasing\":0,\"transform\":{\"scY\":3,\"y\":-137.3724,\"scX\":3},\"duration\":5},{\"tweenEasing\":0,\"transform\":{},\"duration\":2},{\"tweenEasing\":0,\"transform\":{\"scY\":1.2,\"y\":-12.3635,\"scX\":1.2},\"duration\":2},{\"transform\":{},\"duration\":111}],\"name\":\"bone2\"},{\"frame\":[{\"transform\":{},\"duration\":120}],\"name\":\"bone3\"},{\"frame\":[{\"tweenEasing\":0,\"transform\":{\"y\":104.197,\"x\":-95.4052},\"duration\":5},{\"tweenEasing\":0,\"transform\":{\"y\":104.197,\"x\":-95.4052},\"duration\":5},{\"transform\":{\"scY\":1.4167,\"y\":58.9328,\"scX\":1.4167,\"x\":-95.4052},\"duration\":1},{\"tweenEasing\":0,\"transform\":{\"scY\":1.5,\"y\":58.9328,\"scX\":1.5,\"x\":-95.4052},\"duration\":7},{\"transform\":{\"scY\":2,\"y\":58.9328,\"scX\":2,\"x\":-95.4052},\"duration\":102}],\"name\":\"bone4\"},{\"frame\":[{\"transform\":{},\"duration\":10},{\"tweenEasing\":0,\"transform\":{},\"duration\":50},{\"tweenEasing\":0,\"transform\":{\"skX\":60,\"skY\":60},\"duration\":60},{\"transform\":{\"skX\":120,\"skY\":120},\"duration\":0}],\"name\":\"bone5\"},{\"frame\":[{\"transform\":{},\"duration\":10},{\"tweenEasing\":0,\"transform\":{},\"duration\":55},{\"tweenEasing\":0,\"transform\":{\"scY\":0.9,\"skX\":-65,\"skY\":-65,\"scX\":0.9},\"duration\":55},{\"transform\":{\"scY\":0.8,\"skX\":-130,\"skY\":-130,\"scX\":0.8},\"duration\":0}],\"name\":\"bone6\"},{\"frame\":[{\"tweenEasing\":0,\"transform\":{\"y\":53.3692,\"x\":-59.6883},\"duration\":14},{\"tweenEasing\":0,\"transform\":{\"y\":53.3692,\"x\":-59.6883},\"duration\":6},{\"transform\":{\"scY\":1.7714,\"y\":10.7837,\"scX\":1.7714,\"x\":-59.6883},\"duration\":1},{\"tweenEasing\":0,\"transform\":{\"scY\":1.9,\"y\":10.7837,\"scX\":1.9,\"x\":-59.6883},\"duration\":7},{\"transform\":{\"scY\":2.4,\"y\":10.7837,\"scX\":2.4,\"x\":-59.6883},\"duration\":92}],\"name\":\"bone41\"},{\"frame\":[{\"tweenEasing\":0,\"transform\":{\"y\":79.6073,\"x\":36.4724},\"duration\":8},{\"tweenEasing\":0,\"transform\":{\"y\":79.6073,\"x\":36.4724},\"duration\":5},{\"transform\":{\"scY\":1.4167,\"y\":37.0906,\"scX\":1.4167,\"x\":36.4724},\"duration\":1},{\"tweenEasing\":0,\"transform\":{\"scY\":1.5,\"y\":37.0906,\"scX\":1.5,\"x\":36.4724},\"duration\":6},{\"transform\":{\"scY\":2,\"y\":37.0906,\"scX\":2,\"x\":36.4724},\"duration\":100}],\"name\":\"bone42\"}],\"slot\":[{\"frame\":[{\"tweenEasing\":0,\"color\":{\"aM\":0},\"duration\":10},{\"tweenEasing\":0,\"color\":{\"aM\":0},\"duration\":30},{\"tweenEasing\":0,\"color\":{\"aM\":70},\"duration\":50},{\"tweenEasing\":0,\"color\":{\"aM\":70},\"duration\":30},{\"tweenEasing\":null,\"color\":{\"aM\":0},\"duration\":0}],\"name\":\"zhuang\"},{\"frame\":[{\"tweenEasing\":0,\"color\":{\"aM\":0},\"duration\":2},{\"tweenEasing\":0,\"color\":{\"aM\":0},\"duration\":6},{\"tweenEasing\":null,\"duration\":112}],\"name\":\"fkk\"},{\"frame\":[{\"tweenEasing\":0,\"color\":{\"aM\":0},\"duration\":10},{\"tweenEasing\":0,\"color\":{\"aM\":0},\"duration\":30},{\"tweenEasing\":0,\"color\":{\"aM\":80},\"duration\":50},{\"tweenEasing\":0,\"color\":{\"aM\":80},\"duration\":30},{\"tweenEasing\":null,\"color\":{\"aM\":0},\"duration\":0}],\"name\":\"xggg\"},{\"frame\":[{\"displayIndex\":-1,\"tweenEasing\":null,\"duration\":2},{\"displayIndex\":2,\"tweenEasing\":null,\"duration\":2},{\"displayIndex\":1,\"tweenEasing\":null,\"duration\":2},{\"displayIndex\":3,\"tweenEasing\":null,\"duration\":2},{\"tweenEasing\":null,\"duration\":112}],\"name\":\"bone1\"},{\"frame\":[{\"displayIndex\":2,\"tweenEasing\":null,\"duration\":120}],\"name\":\"bone2\"},{\"frame\":[{\"tweenEasing\":null,\"displayIndex\":-1,\"duration\":5},{\"displayIndex\":4,\"tweenEasing\":0,\"color\":{\"aM\":0},\"duration\":1},{\"displayIndex\":5,\"tweenEasing\":0,\"color\":{\"aM\":25},\"duration\":2},{\"displayIndex\":3,\"tweenEasing\":0,\"color\":{\"aM\":75},\"duration\":1},{\"displayIndex\":6,\"tweenEasing\":0,\"duration\":1},{\"displayIndex\":2,\"tweenEasing\":0,\"duration\":1},{\"displayIndex\":7,\"tweenEasing\":0,\"duration\":2},{\"displayIndex\":1,\"tweenEasing\":0,\"duration\":1},{\"displayIndex\":8,\"tweenEasing\":0,\"color\":{\"aM\":80},\"duration\":1},{\"tweenEasing\":0,\"color\":{\"aM\":60},\"duration\":3},{\"tweenEasing\":null,\"color\":{\"aM\":0},\"duration\":102}],\"name\":\"bone4\"},{\"frame\":[{\"tweenEasing\":null,\"displayIndex\":-1,\"duration\":14},{\"displayIndex\":4,\"tweenEasing\":0,\"color\":{\"gM\":49,\"bM\":92,\"aM\":0},\"duration\":1},{\"displayIndex\":5,\"tweenEasing\":0,\"color\":{\"gM\":45,\"bM\":89,\"aM\":12},\"duration\":2},{\"displayIndex\":3,\"tweenEasing\":0,\"color\":{\"gM\":36,\"bM\":85,\"aM\":37},\"duration\":1},{\"displayIndex\":6,\"tweenEasing\":0,\"color\":{\"gM\":31,\"bM\":83,\"aM\":50},\"duration\":2},{\"displayIndex\":2,\"tweenEasing\":0,\"color\":{\"gM\":22,\"bM\":78,\"aM\":75},\"duration\":1},{\"displayIndex\":7,\"tweenEasing\":0,\"color\":{\"gM\":18,\"bM\":76,\"aM\":87},\"duration\":1},{\"displayIndex\":1,\"tweenEasing\":0,\"color\":{\"gM\":14,\"bM\":74},\"duration\":2},{\"displayIndex\":8,\"tweenEasing\":0,\"color\":{\"gM\":9,\"rM\":97,\"bM\":82,\"aM\":66},\"duration\":1},{\"tweenEasing\":0,\"color\":{\"gM\":7,\"rM\":96,\"bM\":86,\"aM\":50},\"duration\":3},{\"tweenEasing\":null,\"color\":{\"gM\":0,\"rM\":92,\"bM\":99,\"aM\":0},\"duration\":92}],\"name\":\"bone41\"},{\"frame\":[{\"tweenEasing\":null,\"displayIndex\":-1,\"duration\":8},{\"displayIndex\":4,\"tweenEasing\":0,\"color\":{\"gM\":98,\"rM\":44,\"aM\":0},\"duration\":1},{\"displayIndex\":5,\"tweenEasing\":0,\"color\":{\"gM\":98,\"rM\":51,\"aM\":12},\"duration\":1},{\"displayIndex\":3,\"tweenEasing\":0,\"color\":{\"gM\":98,\"rM\":58,\"aM\":25},\"duration\":2},{\"displayIndex\":6,\"tweenEasing\":0,\"color\":{\"gM\":99,\"rM\":72,\"aM\":50},\"duration\":1},{\"displayIndex\":2,\"tweenEasing\":0,\"color\":{\"gM\":99,\"rM\":79,\"aM\":62},\"duration\":1},{\"displayIndex\":7,\"tweenEasing\":0,\"color\":{\"gM\":99,\"rM\":86,\"aM\":75},\"duration\":2},{\"displayIndex\":1,\"tweenEasing\":0,\"duration\":1},{\"displayIndex\":8,\"tweenEasing\":0,\"color\":{\"gM\":84,\"rM\":75,\"aM\":75},\"duration\":1},{\"tweenEasing\":0,\"color\":{\"gM\":69,\"rM\":51,\"aM\":50},\"duration\":2},{\"tweenEasing\":null,\"color\":{\"gM\":39,\"rM\":2,\"aM\":0},\"duration\":100}],\"name\":\"bone42\"}],\"ffd\":[],\"ik\":[],\"frame\":[],\"name\":\"major\",\"duration\":120},{\"playTimes\":0,\"bone\":[{\"frame\":[{\"transform\":{},\"duration\":120}],\"name\":\"root\"},{\"frame\":[{\"transform\":{},\"duration\":120}],\"name\":\"bone\"},{\"frame\":[{\"transform\":{},\"duration\":120}],\"name\":\"bone1\"},{\"frame\":[{\"tweenEasing\":0,\"transform\":{\"scY\":3,\"y\":-137.3724,\"scX\":3},\"duration\":5},{\"tweenEasing\":0,\"transform\":{},\"duration\":2},{\"tweenEasing\":0,\"transform\":{\"scY\":1.2,\"y\":-12.3635,\"scX\":1.2},\"duration\":2},{\"transform\":{},\"duration\":111}],\"name\":\"bone2\"},{\"frame\":[{\"transform\":{},\"duration\":120}],\"name\":\"bone3\"},{\"frame\":[{\"tweenEasing\":0,\"transform\":{\"y\":104.197,\"x\":-95.4052},\"duration\":5},{\"tweenEasing\":0,\"transform\":{\"y\":104.197,\"x\":-95.4052},\"duration\":5},{\"transform\":{\"scY\":1.4167,\"y\":58.9328,\"scX\":1.4167,\"x\":-95.4052},\"duration\":1},{\"tweenEasing\":0,\"transform\":{\"scY\":1.5,\"y\":58.9328,\"scX\":1.5,\"x\":-95.4052},\"duration\":7},{\"transform\":{\"scY\":2,\"y\":58.9328,\"scX\":2,\"x\":-95.4052},\"duration\":102}],\"name\":\"bone4\"},{\"frame\":[{\"transform\":{},\"duration\":10},{\"tweenEasing\":0,\"transform\":{},\"duration\":50},{\"tweenEasing\":0,\"transform\":{\"skX\":60,\"skY\":60},\"duration\":60},{\"transform\":{\"skX\":120,\"skY\":120},\"duration\":0}],\"name\":\"bone5\"},{\"frame\":[{\"transform\":{},\"duration\":10},{\"tweenEasing\":0,\"transform\":{},\"duration\":55},{\"tweenEasing\":0,\"transform\":{\"scY\":0.9,\"skX\":-65,\"skY\":-65,\"scX\":0.9},\"duration\":55},{\"transform\":{\"scY\":0.8,\"skX\":-130,\"skY\":-130,\"scX\":0.8},\"duration\":0}],\"name\":\"bone6\"},{\"frame\":[{\"tweenEasing\":0,\"transform\":{\"y\":53.3692,\"x\":-59.6883},\"duration\":14},{\"tweenEasing\":0,\"transform\":{\"y\":53.3692,\"x\":-59.6883},\"duration\":6},{\"transform\":{\"scY\":1.7714,\"y\":10.7837,\"scX\":1.7714,\"x\":-59.6883},\"duration\":1},{\"tweenEasing\":0,\"transform\":{\"scY\":1.9,\"y\":10.7837,\"scX\":1.9,\"x\":-59.6883},\"duration\":7},{\"transform\":{\"scY\":2.4,\"y\":10.7837,\"scX\":2.4,\"x\":-59.6883},\"duration\":92}],\"name\":\"bone41\"},{\"frame\":[{\"tweenEasing\":0,\"transform\":{\"y\":79.6073,\"x\":36.4724},\"duration\":8},{\"tweenEasing\":0,\"transform\":{\"y\":79.6073,\"x\":36.4724},\"duration\":5},{\"transform\":{\"scY\":1.4167,\"y\":37.0906,\"scX\":1.4167,\"x\":36.4724},\"duration\":1},{\"tweenEasing\":0,\"transform\":{\"scY\":1.5,\"y\":37.0906,\"scX\":1.5,\"x\":36.4724},\"duration\":6},{\"transform\":{\"scY\":2,\"y\":37.0906,\"scX\":2,\"x\":36.4724},\"duration\":100}],\"name\":\"bone42\"}],\"slot\":[{\"frame\":[{\"tweenEasing\":0,\"color\":{\"aM\":0},\"duration\":10},{\"tweenEasing\":0,\"color\":{\"aM\":0},\"duration\":30},{\"tweenEasing\":0,\"color\":{\"aM\":70},\"duration\":50},{\"tweenEasing\":0,\"color\":{\"aM\":70},\"duration\":30},{\"tweenEasing\":null,\"color\":{\"aM\":0},\"duration\":0}],\"name\":\"zhuang\"},{\"frame\":[{\"tweenEasing\":0,\"color\":{\"aM\":0},\"duration\":2},{\"tweenEasing\":0,\"color\":{\"aM\":0},\"duration\":6},{\"tweenEasing\":null,\"duration\":112}],\"name\":\"fkk\"},{\"frame\":[{\"tweenEasing\":0,\"color\":{\"aM\":0},\"duration\":10},{\"tweenEasing\":0,\"color\":{\"aM\":0},\"duration\":30},{\"tweenEasing\":0,\"color\":{\"aM\":80},\"duration\":50},{\"tweenEasing\":0,\"color\":{\"aM\":80},\"duration\":30},{\"tweenEasing\":null,\"color\":{\"aM\":0},\"duration\":0}],\"name\":\"xggg\"},{\"frame\":[{\"displayIndex\":-1,\"tweenEasing\":null,\"duration\":2},{\"displayIndex\":2,\"tweenEasing\":null,\"duration\":2},{\"displayIndex\":1,\"tweenEasing\":null,\"duration\":2},{\"displayIndex\":3,\"tweenEasing\":null,\"duration\":2},{\"tweenEasing\":null,\"duration\":112}],\"name\":\"bone1\"},{\"frame\":[{\"displayIndex\":3,\"tweenEasing\":null,\"duration\":120}],\"name\":\"bone2\"},{\"frame\":[{\"tweenEasing\":null,\"displayIndex\":-1,\"duration\":5},{\"displayIndex\":4,\"tweenEasing\":0,\"color\":{\"aM\":0},\"duration\":1},{\"displayIndex\":5,\"tweenEasing\":0,\"color\":{\"aM\":25},\"duration\":2},{\"displayIndex\":3,\"tweenEasing\":0,\"color\":{\"aM\":75},\"duration\":1},{\"displayIndex\":6,\"tweenEasing\":0,\"duration\":1},{\"displayIndex\":2,\"tweenEasing\":0,\"duration\":1},{\"displayIndex\":7,\"tweenEasing\":0,\"duration\":2},{\"displayIndex\":1,\"tweenEasing\":0,\"duration\":1},{\"displayIndex\":8,\"tweenEasing\":0,\"color\":{\"aM\":80},\"duration\":1},{\"tweenEasing\":0,\"color\":{\"aM\":60},\"duration\":3},{\"tweenEasing\":null,\"color\":{\"aM\":0},\"duration\":102}],\"name\":\"bone4\"},{\"frame\":[{\"tweenEasing\":null,\"displayIndex\":-1,\"duration\":14},{\"displayIndex\":4,\"tweenEasing\":0,\"color\":{\"gM\":49,\"bM\":92,\"aM\":0},\"duration\":1},{\"displayIndex\":5,\"tweenEasing\":0,\"color\":{\"gM\":45,\"bM\":89,\"aM\":12},\"duration\":2},{\"displayIndex\":3,\"tweenEasing\":0,\"color\":{\"gM\":36,\"bM\":85,\"aM\":37},\"duration\":1},{\"displayIndex\":6,\"tweenEasing\":0,\"color\":{\"gM\":31,\"bM\":83,\"aM\":50},\"duration\":2},{\"displayIndex\":2,\"tweenEasing\":0,\"color\":{\"gM\":22,\"bM\":78,\"aM\":75},\"duration\":1},{\"displayIndex\":7,\"tweenEasing\":0,\"color\":{\"gM\":18,\"bM\":76,\"aM\":87},\"duration\":1},{\"displayIndex\":1,\"tweenEasing\":0,\"color\":{\"gM\":14,\"bM\":74},\"duration\":2},{\"displayIndex\":8,\"tweenEasing\":0,\"color\":{\"gM\":9,\"rM\":97,\"bM\":82,\"aM\":66},\"duration\":1},{\"tweenEasing\":0,\"color\":{\"gM\":7,\"rM\":96,\"bM\":86,\"aM\":50},\"duration\":3},{\"tweenEasing\":null,\"color\":{\"gM\":0,\"rM\":92,\"bM\":99,\"aM\":0},\"duration\":92}],\"name\":\"bone41\"},{\"frame\":[{\"tweenEasing\":null,\"displayIndex\":-1,\"duration\":8},{\"displayIndex\":4,\"tweenEasing\":0,\"color\":{\"gM\":98,\"rM\":44,\"aM\":0},\"duration\":1},{\"displayIndex\":5,\"tweenEasing\":0,\"color\":{\"gM\":98,\"rM\":51,\"aM\":12},\"duration\":1},{\"displayIndex\":3,\"tweenEasing\":0,\"color\":{\"gM\":98,\"rM\":58,\"aM\":25},\"duration\":2},{\"displayIndex\":6,\"tweenEasing\":0,\"color\":{\"gM\":99,\"rM\":72,\"aM\":50},\"duration\":1},{\"displayIndex\":2,\"tweenEasing\":0,\"color\":{\"gM\":99,\"rM\":79,\"aM\":62},\"duration\":1},{\"displayIndex\":7,\"tweenEasing\":0,\"color\":{\"gM\":99,\"rM\":86,\"aM\":75},\"duration\":2},{\"displayIndex\":1,\"tweenEasing\":0,\"duration\":1},{\"displayIndex\":8,\"tweenEasing\":0,\"color\":{\"gM\":84,\"rM\":75,\"aM\":75},\"duration\":1},{\"tweenEasing\":0,\"color\":{\"gM\":69,\"rM\":51,\"aM\":50},\"duration\":2},{\"tweenEasing\":null,\"color\":{\"gM\":39,\"rM\":2,\"aM\":0},\"duration\":100}],\"name\":\"bone42\"}],\"ffd\":[],\"ik\":[],\"frame\":[],\"name\":\"grand\",\"duration\":120}],\"type\":\"Armature\",\"name\":\"Armature\",\"aabb\":{\"width\":627,\"y\":-458.95,\"height\":627,\"x\":-306},\"ik\":[],\"skin\":[{\"slot\":[{\"display\":[{\"path\":\"jackpot-jk/xggg\",\"type\":\"image\",\"name\":\"jackpot-jk/xggg\",\"transform\":{\"y\":-2.1,\"x\":7.25}}],\"blendMode\":\"add\",\"name\":\"xggg\"},{\"display\":[{\"path\":\"jackpot-jk/zhuang\",\"type\":\"image\",\"name\":\"jackpot-jk/zhuang\",\"transform\":{\"y\":4.4,\"x\":6}}],\"name\":\"zhuang\"},{\"display\":[{\"path\":\"jackpot-jk/09\",\"type\":\"image\",\"name\":\"jackpot-jk/09\",\"transform\":{\"y\":-4.15,\"x\":21.65}},{\"path\":\"jackpot-jk/07\",\"type\":\"image\",\"name\":\"jackpot-jk/07\",\"transform\":{\"y\":-0.65,\"x\":4.15}},{\"path\":\"jackpot-jk/05\",\"type\":\"image\",\"name\":\"jackpot-jk/05\",\"transform\":{\"y\":4.85,\"x\":3.15}},{\"path\":\"jackpot-jk/03\",\"type\":\"image\",\"name\":\"jackpot-jk/03\",\"transform\":{\"y\":0.35,\"x\":2.15}},{\"path\":\"jackpot-jk/01\",\"type\":\"image\",\"name\":\"jackpot-jk/01\",\"transform\":{\"y\":2.35,\"x\":5.15}},{\"path\":\"jackpot-jk/02\",\"type\":\"image\",\"name\":\"jackpot-jk/02\",\"transform\":{\"y\":6.35,\"x\":3.65}},{\"path\":\"jackpot-jk/04\",\"type\":\"image\",\"name\":\"jackpot-jk/04\",\"transform\":{\"y\":3.85,\"x\":2.15}},{\"path\":\"jackpot-jk/06\",\"type\":\"image\",\"name\":\"jackpot-jk/06\",\"transform\":{\"y\":0.35,\"x\":4.65}},{\"path\":\"jackpot-jk/08\",\"type\":\"image\",\"name\":\"jackpot-jk/08\",\"transform\":{\"y\":6.35,\"x\":10.65}}],\"name\":\"bone42\"},{\"display\":[{\"path\":\"jackpot-jk/MINI\",\"type\":\"image\",\"name\":\"jackpot-jk/MINI\",\"transform\":{\"y\":1.55,\"x\":4}},{\"path\":\"jackpot-jk/MINOR\",\"type\":\"image\",\"name\":\"jackpot-jk/MINOR\",\"transform\":{\"y\":3.05,\"x\":8.5}},{\"path\":\"jackpot-jk/MAJOR\",\"type\":\"image\",\"name\":\"jackpot-jk/MAJOR\",\"transform\":{\"y\":3.05,\"x\":4.5}},{\"path\":\"jackpot-jk/GRAND\",\"type\":\"image\",\"name\":\"jackpot-jk/GRAND\",\"transform\":{\"y\":2.05,\"x\":4.5}}],\"name\":\"bone2\"},{\"display\":[{\"path\":\"jackpot-jk/09\",\"type\":\"image\",\"name\":\"jackpot-jk/09\",\"transform\":{\"y\":-4.15,\"x\":21.65}},{\"path\":\"jackpot-jk/07\",\"type\":\"image\",\"name\":\"jackpot-jk/07\",\"transform\":{\"y\":-0.65,\"x\":4.15}},{\"path\":\"jackpot-jk/05\",\"type\":\"image\",\"name\":\"jackpot-jk/05\",\"transform\":{\"y\":4.85,\"x\":3.15}},{\"path\":\"jackpot-jk/03\",\"type\":\"image\",\"name\":\"jackpot-jk/03\",\"transform\":{\"y\":0.35,\"x\":2.15}},{\"path\":\"jackpot-jk/01\",\"type\":\"image\",\"name\":\"jackpot-jk/01\",\"transform\":{\"y\":2.35,\"x\":5.15}},{\"path\":\"jackpot-jk/02\",\"type\":\"image\",\"name\":\"jackpot-jk/02\",\"transform\":{\"y\":6.35,\"x\":3.65}},{\"path\":\"jackpot-jk/04\",\"type\":\"image\",\"name\":\"jackpot-jk/04\",\"transform\":{\"y\":3.85,\"x\":2.15}},{\"path\":\"jackpot-jk/06\",\"type\":\"image\",\"name\":\"jackpot-jk/06\",\"transform\":{\"y\":0.35,\"x\":4.65}},{\"path\":\"jackpot-jk/08\",\"type\":\"image\",\"name\":\"jackpot-jk/08\",\"transform\":{\"y\":6.35,\"x\":10.65}}],\"name\":\"bone4\"},{\"display\":[{\"path\":\"jackpot-jk/dz1\",\"type\":\"image\",\"name\":\"jackpot-jk/dz1\",\"transform\":{\"y\":-0.95,\"x\":2.5}},{\"path\":\"jackpot-jk/dz3\",\"type\":\"image\",\"name\":\"jackpot-jk/dz3\",\"transform\":{\"y\":-0.95,\"x\":2}},{\"path\":\"jackpot-jk/dz4\",\"type\":\"image\",\"name\":\"jackpot-jk/dz4\",\"transform\":{\"y\":-0.95,\"x\":2}},{\"path\":\"jackpot-jk/dz2\",\"type\":\"image\",\"name\":\"jackpot-jk/dz2\",\"transform\":{\"y\":-0.95,\"x\":1.5}}],\"name\":\"bone1\"},{\"display\":[{\"path\":\"jackpot-jk/09\",\"type\":\"image\",\"name\":\"jackpot-jk/09\",\"transform\":{\"y\":-4.15,\"x\":21.65}},{\"path\":\"jackpot-jk/07\",\"type\":\"image\",\"name\":\"jackpot-jk/07\",\"transform\":{\"y\":-0.65,\"x\":4.15}},{\"path\":\"jackpot-jk/05\",\"type\":\"image\",\"name\":\"jackpot-jk/05\",\"transform\":{\"y\":4.85,\"x\":3.15}},{\"path\":\"jackpot-jk/03\",\"type\":\"image\",\"name\":\"jackpot-jk/03\",\"transform\":{\"y\":0.35,\"x\":2.15}},{\"path\":\"jackpot-jk/01\",\"type\":\"image\",\"name\":\"jackpot-jk/01\",\"transform\":{\"y\":2.35,\"x\":5.15}},{\"path\":\"jackpot-jk/02\",\"type\":\"image\",\"name\":\"jackpot-jk/02\",\"transform\":{\"y\":6.35,\"x\":3.65}},{\"path\":\"jackpot-jk/04\",\"type\":\"image\",\"name\":\"jackpot-jk/04\",\"transform\":{\"y\":3.85,\"x\":2.15}},{\"path\":\"jackpot-jk/06\",\"type\":\"image\",\"name\":\"jackpot-jk/06\",\"transform\":{\"y\":0.35,\"x\":4.65}},{\"path\":\"jackpot-jk/08\",\"type\":\"image\",\"name\":\"jackpot-jk/08\",\"transform\":{\"y\":6.35,\"x\":10.65}}],\"name\":\"bone41\"},{\"display\":[{\"path\":\"jackpot-jk/fkk\",\"type\":\"image\",\"name\":\"jackpot-jk/fkk\",\"transform\":{\"y\":-50.45,\"x\":2}}],\"name\":\"fkk\"}],\"name\":\"\"}],\"slot\":[{\"name\":\"zhuang\",\"parent\":\"bone6\",\"color\":{\"aM\":0}},{\"z\":1,\"name\":\"fkk\",\"parent\":\"bone3\",\"color\":{\"aM\":0}},{\"blendMode\":\"add\",\"z\":2,\"parent\":\"bone5\",\"name\":\"xggg\",\"color\":{\"aM\":0}},{\"z\":3,\"displayIndex\":-1,\"name\":\"bone1\",\"parent\":\"bone1\",\"color\":{}},{\"z\":4,\"displayIndex\":-1,\"name\":\"bone2\",\"parent\":\"bone2\",\"color\":{}},{\"z\":5,\"displayIndex\":-1,\"name\":\"bone4\",\"parent\":\"bone4\",\"color\":{}},{\"z\":6,\"displayIndex\":-1,\"name\":\"bone41\",\"parent\":\"bone41\",\"color\":{}},{\"z\":7,\"displayIndex\":-1,\"name\":\"bone42\",\"parent\":\"bone42\",\"color\":{}}],\"frameRate\":24,\"defaultActions\":[{\"gotoAndPlay\":\"mini\"}]}],\"name\":\"jackpot-jk\",\"version\":\"4.0\"}"]],0,0,[],[],[]]