[1,["1ekzIOyB5PQaoKPhOEROxJ","1e1adnIh9Il5pUyvOrD8My"],["_textureSetter","spriteFrame"],["cc.SpriteFrame",["cc.BitmapFont",["_name","fontSize","_fntConfig"],0]],[[1,0,1,2,4]],[[[{"name":"openfont","rect":[0,0,98,211],"offset":[-15,22.5],"originalSize":[128,256],"capInsets":[0,0,0,0]}],[0],0,[0],[0],[0]],[[[0,"openfont",32,{"commonHeight":80,"fontSize":32,"atlasName":"C:\\Users\\1228lx\\Desktop\\openfont.png","fontDefDictionary":{"9":{"xOffset":0,"yOffset":0,"xAdvance":160,"rect":{"x":0,"y":0,"width":0,"height":0}},"32":{"xOffset":0,"yOffset":0,"xAdvance":20,"rect":{"x":0,"y":0,"width":0,"height":0}},"48":{"xOffset":0,"yOffset":28,"xAdvance":35,"rect":{"x":66,"y":159,"width":32,"height":52}},"49":{"xOffset":0,"yOffset":28,"xAdvance":23,"rect":{"x":69,"y":53,"width":20,"height":52}},"50":{"xOffset":0,"yOffset":28,"xAdvance":35,"rect":{"x":37,"y":0,"width":32,"height":52}},"51":{"xOffset":0,"yOffset":28,"xAdvance":35,"rect":{"x":33,"y":159,"width":32,"height":52}},"52":{"xOffset":0,"yOffset":28,"xAdvance":39,"rect":{"x":0,"y":0,"width":36,"height":52}},"53":{"xOffset":0,"yOffset":28,"xAdvance":36,"rect":{"x":0,"y":106,"width":33,"height":52}},"54":{"xOffset":0,"yOffset":28,"xAdvance":35,"rect":{"x":0,"y":159,"width":32,"height":52}},"55":{"xOffset":0,"yOffset":28,"xAdvance":34,"rect":{"x":67,"y":106,"width":31,"height":52}},"56":{"xOffset":0,"yOffset":28,"xAdvance":35,"rect":{"x":36,"y":53,"width":32,"height":52}},"57":{"xOffset":0,"yOffset":28,"xAdvance":35,"rect":{"x":34,"y":106,"width":32,"height":52}},"120":{"xOffset":0,"yOffset":28,"xAdvance":38,"rect":{"x":0,"y":53,"width":35,"height":52}}},"kerningDict":{}}]],0,0,[0],[1],[1]]]]