[1,["ecpdLyjvZBwrvm+cedCcQy","a2MjXRFdtLlYQ5ouAFv/+R","02delMVqdBD70a/HSD99FK"],["node","root","content","nodeMask","data","_spriteFrame","_textureSetter"],[["cc.Node",["_name","_opacity","_components","_prefab","_contentSize","_parent","_children","_trs","_color"],1,9,4,5,1,2,7,5],["cc.Widget",["_alignFlags","_originalWidth","_originalHeight","node"],0,1],["cc.PrefabInfo",["fileId","root","asset"],2,1,1],"cc.SpriteFrame",["cc.Prefab",["_name"],2],["1263er9yD5B3p5lbK8RokOm",["node","nodeMask","content"],3,1,1,1],["cc.Sprite",["_sizeMode","node","_materials","_spriteFrame"],2,1,3,6],["cc.BlockInputEvents",["node"],3,1],["cc.Button",["_N$interactable","node","clickEvents"],2,1,9],["cc.ClickEvent",["_componentId","handler","target"],1,1]],[[1,0,1,2,3,4],[2,0,1,2,2],[4,0,2],[0,0,6,2,3,4,7,2],[0,0,1,5,2,3,8,4,3],[0,0,5,2,3,4,2],[1,0,3,2],[5,0,1,2,1],[2,1,2,1],[6,0,1,2,3,2],[7,0,1],[8,0,1,2,2],[9,0,1,2,3]],[[[[2,"PanelBase"],[3,"PanelBase",[-6,-7],[[0,45,1520,720,-2],[7,-5,-4,-3]],[8,-1,0],[5,1520,720],[760,360,0,0,0,0,1,1,1,1]],[4,"nodeMask",180,1,[[0,45,1520,720,-8],[9,0,-9,[0],1],[10,-10],[11,false,-11,[[12,"1263er9yD5B3p5lbK8RokOm","onClickBgMask",1]]]],[1,"a6bqC1sLhGYKoNfg6InDbp",1,0],[4,4278190080],[5,1520,720]],[5,"nodeContent",1,[[6,45,-12]],[1,"00UzOScihCDpWh//OuDF5G",1,0],[5,1520,720]]],0,[0,1,1,0,0,1,0,2,3,0,3,2,0,0,1,0,-1,2,0,-2,3,0,0,2,0,0,2,0,0,2,0,0,2,0,0,3,0,4,1,12],[0,0],[-1,5],[0,1]],[[{"name":"default_sprite_splash","rect":[0,0,2,2],"offset":[0,0],"originalSize":[2,2],"capInsets":[0,0,0,0]}],[3],0,[0],[6],[2]]]]