[1,["beCPZysAtEK6v2wOxmRW+S"],["_texture"],[["dragonBones.DragonBonesAtlasAsset",["_name","_atlasJson"],1]],[[0,0,1,3]],[[0,"guangb_tex","{\"width\":128,\"imagePath\":\"guangb_tex.png\",\"height\":128,\"name\":\"guangb\",\"SubTexture\":[{\"width\":13,\"y\":1,\"height\":11,\"name\":\"光标/sj4\",\"x\":91},{\"width\":13,\"y\":1,\"height\":11,\"name\":\"光标/sj3\",\"x\":106},{\"width\":11,\"y\":14,\"height\":12,\"name\":\"光标/sj2\",\"x\":104},{\"width\":11,\"y\":14,\"height\":12,\"name\":\"光标/sj1\",\"x\":91},{\"width\":88,\"y\":1,\"height\":88,\"name\":\"光标/yyy\",\"x\":1}]}"]],0,0,[0],[0],[0]]