[1,["61qkMuIilO0I3ebNOfDzOL"],["_texture"],[["dragonBones.DragonBonesAtlasAsset",["_name","_atlasJson"],1]],[[0,0,1,3]],[[0,"winAnimate_tex","{\"width\":1024,\"imagePath\":\"winAnimate_tex.png\",\"height\":1024,\"name\":\"winAnimate\",\"SubTexture\":[{\"width\":282,\"y\":729,\"height\":232,\"name\":\"zoo_guang/1_00002\",\"x\":1},{\"width\":281,\"y\":1,\"height\":238,\"name\":\"zoo_guang/1_00001\",\"x\":563},{\"width\":280,\"y\":1,\"height\":239,\"name\":\"zoo_guang/1_00003\",\"x\":281},{\"width\":275,\"y\":242,\"height\":242,\"name\":\"zoo_guang/1_00004\",\"x\":281},{\"width\":278,\"y\":1,\"height\":241,\"name\":\"zoo_guang/1_00008\",\"x\":1},{\"width\":282,\"y\":721,\"height\":234,\"name\":\"zoo_guang/1_00007\",\"x\":558},{\"width\":282,\"y\":241,\"height\":236,\"name\":\"zoo_guang/1_00006\",\"x\":563},{\"width\":273,\"y\":484,\"height\":242,\"name\":\"zoo_guang/1_00009\",\"x\":1},{\"width\":278,\"y\":244,\"height\":238,\"name\":\"zoo_guang/1_00010\",\"x\":1},{\"width\":275,\"y\":479,\"height\":240,\"name\":\"zoo_guang/1_00005\",\"x\":558},{\"width\":273,\"y\":486,\"height\":241,\"name\":\"zoo_guang/1_00000\",\"x\":276}]}"]],0,0,[0],[0],[0]]