[1,["e7S/Fndn1HLLm7R2k8f1Eq"],["_textureSetter"],["cc.SpriteFrame"],0,[[[{"name":"bet_add","rect":[216,1889,46,68],"offset":[0,0],"originalSize":[46,68],"capInsets":[0,0,0,0]}],[0],0,[0],[0],[0]],[[{"name":"btn_decuse","rect":[530,1551,46,68],"offset":[0,0],"originalSize":[46,68],"rotated":1,"capInsets":[0,0,0,0]}],[0],0,[0],[0],[0]],[[{"name":"zeus_baxi_fast","rect":[284,1664,128,74],"offset":[0,0],"originalSize":[128,74],"rotated":1,"capInsets":[0,0,0,0]}],[0],0,[0],[0],[0]],[[{"name":"fruit_img_slot","rect":[2,2,1319,705],"offset":[0,0],"originalSize":[1319,705],"rotated":1,"capInsets":[0,0,0,0]}],[0],0,[0],[0],[0]],[[{"name":"fruit_img_below2","rect":[709,2,1520,116],"offset":[0,-1],"originalSize":[1520,118],"rotated":1,"capInsets":[0,0,0,0]}],[0],0,[0],[0],[0]],[[{"name":"giro","rect":[378,1403,167,74],"offset":[0,0],"originalSize":[167,74],"rotated":1,"capInsets":[0,0,0,0]}],[0],0,[0],[0],[0]],[[{"name":"+","rect":[216,1959,51,51],"offset":[0,0],"originalSize":[51,51],"capInsets":[0,0,0,0]}],[0],0,[0],[0],[0]],[[{"name":"fruit_img_slot9","rect":[225,1323,335,74],"offset":[0,0],"originalSize":[335,74],"rotated":1,"capInsets":[0,0,0,0]}],[0],0,[0],[0],[0]],[[{"name":"fruit_img_top","rect":[301,1603,265,59],"offset":[0,0],"originalSize":[265,59],"capInsets":[0,0,0,0]}],[0],0,[0],[0],[0]],[[{"name":"back_img","rect":[284,1794,63,63],"offset":[0,0],"originalSize":[63,63],"capInsets":[0,0,0,0]}],[0],0,[0],[0],[0]],[[{"name":"win_img","rect":[530,1403,66,25],"offset":[0,0],"originalSize":[66,25],"rotated":1,"capInsets":[0,0,0,0]}],[0],0,[0],[0],[0]],[[{"name":"free_imgspin 1","rect":[378,1323,184,78],"offset":[0,0],"originalSize":[184,78],"capInsets":[0,0,0,0]}],[0],0,[0],[0],[0]],[[{"name":"fruit_img_slot8","rect":[360,1664,225,51],"offset":[0,0],"originalSize":[225,51],"rotated":1,"capInsets":[0,0,0,0]}],[0],0,[0],[0],[0]],[[{"name":"fenge_img","rect":[269,1660,204,13],"offset":[0,0],"originalSize":[204,13],"rotated":1,"capInsets":[0,0,0,0]}],[0],0,[0],[0],[0]],[[{"name":"goodluck_bg","rect":[94,1615,278,75],"offset":[0,0],"originalSize":[278,75],"rotated":1,"capInsets":[0,0,0,0]}],[0],0,[0],[0],[0]],[[{"name":"PARAR","rect":[454,1403,167,74],"offset":[0,0],"originalSize":[167,74],"rotated":1,"capInsets":[0,0,0,0]}],[0],0,[0],[0],[0]],[[{"name":"img_jackpot","rect":[2,1615,285,90],"offset":[0,0],"originalSize":[285,90],"rotated":1,"capInsets":[0,0,0,0]}],[0],0,[0],[0],[0]],[[{"name":"img_auto","rect":[94,1895,132,74],"offset":[0,0],"originalSize":[132,74],"rotated":1,"capInsets":[0,0,0,0]}],[0],0,[0],[0],[0]],[[{"name":"max_bet","rect":[413,1664,128,74],"offset":[0,0],"originalSize":[128,74],"rotated":1,"capInsets":[0,0,0,0]}],[0],0,[0],[0],[0]],[[{"name":"？","rect":[489,1664,75,75],"offset":[0,0],"originalSize":[75,75],"capInsets":[0,0,0,0]}],[0],0,[0],[0],[0]],[[{"name":"fenge2_img","rect":[2,1323,221,290],"offset":[0,0],"originalSize":[221,290],"capInsets":[26,18,33,40]}],[0],0,[0],[0],[0]],[[{"name":"zeus_baxi_fast01","rect":[2,1902,128,74],"offset":[0,0],"originalSize":[128,74],"rotated":1,"capInsets":[0,0,0,0]}],[0],0,[0],[0],[0]],[[{"name":"fruit_img_slot7","rect":[564,1323,226,51],"offset":[0,0],"originalSize":[226,51],"rotated":1,"capInsets":[0,0,0,0]}],[0],0,[0],[0],[0]],[[{"name":"goodluck","rect":[171,1615,229,43],"offset":[0,0],"originalSize":[229,43],"rotated":1,"capInsets":[0,0,0,0]}],[0],0,[0],[0],[0]],[[{"name":"bet","rect":[301,1323,278,75],"offset":[0,0],"originalSize":[278,75],"rotated":1,"capInsets":[0,0,0,0]}],[0],0,[0],[0],[0]],[[{"name":"fruit_img_slot6","rect":[617,1524,226,51],"offset":[0,0],"originalSize":[226,51],"rotated":1,"capInsets":[0,0,0,0]}],[0],0,[0],[0],[0]],[[{"name":"fruit_img_slot5","rect":[216,1660,227,51],"offset":[0,0],"originalSize":[227,51],"rotated":1,"capInsets":[0,0,0,0]}],[0],0,[0],[0],[0]]]]