[1,["ecpdLyjvZBwrvm+cedCcQy","cd6vYXmdJElrLg1/0lyPYX","1bdOlPkTtLZaP9oT2UlEon","3bM/hjGuZMUrA50IHNiP6s","0e4hjQZztPZr68Z2xHQW1t","a07BK0xbNEM4f16BdrKzNl","10IAzCn9VJ2JIlxltpfEIk","feiRFD9khH0r4PgzOHN/Wb"],["node","_spriteFrame","_textureSetter","root","data"],["cc.SpriteFrame",["cc.Node",["_name","_active","_components","_prefab","_contentSize","_parent","_trs","_children"],1,9,4,5,1,7,2],["cc.PrefabInfo",["fileId","root","asset"],2,1,1],["cc.Prefab",["_name"],2],["f70be3AYhlLFrMB9jdMn7r3",["node"],3,1],["cc.Sprite",["node","_materials","_spriteFrame"],3,1,3,6],["cc.Button",["node","clickEvents"],3,1,9],["cc.ClickEvent",["_componentId","handler","target"],1,1]],[[5,0,1,2,1],[2,0,1,2,2],[1,0,5,2,3,4,6,2],[3,0,2],[1,0,7,2,3,4,2],[1,0,1,5,2,3,4,6,3],[4,0,1],[2,1,2,1],[6,0,1,1],[7,0,1,2,3]],[[[[3,"DownloadTip"],[4,"DownloadTip",[-4,-5,-6],[[6,-2],[0,-3,[6],7]],[7,-1,0],[5,1150,599]],[2,"close",1,[[0,-7,[4],5],[8,-8,[[9,"f70be3AYhlLFrMB9jdMn7r3","coloseTip",1]]]],[1,"fcIBblRsJDxpwg6WKZj7pR",1,0],[5,51,51],[540.632,265.627,0,0,0,0,1,1,1,1]],[2,"03_1",1,[[0,-9,[0],1]],[1,"31nZrQSsRFN5SUsu47H6kW",1,0],[5,357,62],[358.04,-130.113,0,0,0,0,1,1,1,1]],[5,"04",false,1,[[0,-10,[2],3]],[1,"ffHGTdM8dDiZDCkVxsovc4",1,0],[5,311,62],[358.04,-130,0,0,0,0,1,1,1,1]]],0,[0,3,1,0,0,1,0,0,1,0,-1,3,0,-2,4,0,-3,2,0,0,2,0,0,2,0,0,3,0,0,4,0,4,1,10],[0,0,0,0,0,0,0,0],[-1,1,-1,1,-1,1,-1,1],[0,1,0,2,0,3,0,4]],[[{"name":"01_1","rect":[0,0,1150,599],"offset":[0,0],"originalSize":[1150,599],"capInsets":[0,0,0,0]}],[0],0,[0],[2],[5]],[[{"name":"04","rect":[0,0,311,62],"offset":[-23,0],"originalSize":[357,62],"capInsets":[0,0,0,0]}],[0],0,[0],[2],[6]],[[{"name":"03_1","rect":[0,0,357,62],"offset":[0,0],"originalSize":[357,62],"capInsets":[0,0,0,0]}],[0],0,[0],[2],[7]]]]