[1,["18225a585"],["_textureSetter"],["cc.SpriteFrame"],0,[[[{"name":"lan2","rect":[984,1149,139,130],"offset":[0,0],"originalSize":[139,130],"capInsets":[0,0,0,0]}],[0],0,[0],[0],[0]],[[{"name":"coin_nor_min","rect":[675,1304,150,125],"offset":[0,-0.5],"originalSize":[160,160],"rotated":1,"capInsets":[0,0,0,0]}],[0],0,[0],[0],[0]],[[{"name":"bonus_grand_mid","rect":[686,1160,159,138],"offset":[0.5,-5],"originalSize":[160,160],"capInsets":[0,0,0,0]}],[0],0,[0],[0],[0]],[[{"name":"fen2","rect":[158,1182,159,154],"offset":[0,0],"originalSize":[159,154],"rotated":1,"capInsets":[0,0,0,0]}],[0],0,[0],[0],[0]],[[{"name":"bonus_nor_min","rect":[369,1407,150,125],"offset":[0,-0.5],"originalSize":[160,160],"capInsets":[0,0,0,0]}],[0],0,[0],[0],[0]],[[{"name":"bouns","rect":[999,1285,82,78],"offset":[0,0],"originalSize":[82,78],"rotated":1,"capInsets":[0,0,0,0]}],[0],0,[0],[0],[0]],[[{"name":"coin_grand_min","rect":[551,1077,155,129],"offset":[0.5,-0.5],"originalSize":[160,160],"rotated":1,"capInsets":[0,0,0,0]}],[0],0,[0],[0],[0]],[[{"name":"coin_grand_max","rect":[686,994,160,149],"offset":[0,-1.5],"originalSize":[160,160],"rotated":1,"capInsets":[0,0,0,0]}],[0],0,[0],[0],[0]],[[{"name":"coin_nor_max","rect":[158,1347,159,135],"offset":[-0.5,0.5],"originalSize":[160,160],"capInsets":[0,0,0,0]}],[0],0,[0],[0],[0]],[[{"name":"bonus_grand_max","rect":[3,1182,160,149],"offset":[0,-1.5],"originalSize":[160,160],"rotated":1,"capInsets":[0,0,0,0]}],[0],0,[0],[0],[0]],[[{"name":"bonus_nor_max","rect":[3,1348,159,135],"offset":[-0.5,0.5],"originalSize":[160,160],"rotated":1,"capInsets":[0,0,0,0]}],[0],0,[0],[0],[0]],[[{"name":"bonus_grand_min","rect":[540,1242,155,129],"offset":[0.5,-0.5],"originalSize":[160,160],"rotated":1,"capInsets":[0,0,0,0]}],[0],0,[0],[0],[0]],[[{"name":"duihao","rect":[540,1403,139,125],"offset":[0,0],"originalSize":[139,125],"rotated":1,"capInsets":[0,0,0,0]}],[0],0,[0],[0],[0]],[[{"name":"suo","rect":[1467,1355,37,58],"offset":[0.5,0],"originalSize":[38,58],"rotated":1,"capInsets":[0,0,0,0]}],[0],0,[0],[0],[0]],[[{"name":"coin_nor_mid","rect":[1308,1272,153,127],"offset":[0.5,-0.5],"originalSize":[160,160],"capInsets":[0,0,0,0]}],[0],0,[0],[0],[0]],[[{"name":"coin_grand_mid","rect":[396,1242,159,138],"offset":[0.5,-5],"originalSize":[160,160],"rotated":1,"capInsets":[0,0,0,0]}],[0],0,[0],[0],[0]],[[{"name":"bonus_nor_mid","rect":[851,1149,153,127],"offset":[0.5,-0.5],"originalSize":[160,160],"rotated":1,"capInsets":[0,0,0,0]}],[0],0,[0],[0],[0]],[[{"name":"img_hongdian","rect":[806,1304,34,35],"offset":[0,0],"originalSize":[34,35],"capInsets":[0,0,0,0]}],[0],0,[0],[0],[0]],[[{"name":"lan","rect":[1004,994,139,125],"offset":[0,0],"originalSize":[139,125],"capInsets":[0,0,0,0]}],[0],0,[0],[0],[0]],[[{"name":"fen1","rect":[846,1308,140,147],"offset":[0,0],"originalSize":[140,147],"rotated":1,"capInsets":[0,0,0,0]}],[0],0,[0],[0],[0]]]]