[1,["7apwGk38dNcIt5mD9mBkXA","c68nYh/FtB7a//e6K3PPNO","cdkh/G7XhDgI7cKVzLzEyS","8aC4DbLwxEhYTiSIx+C4T+","945WpxWDtJ2aoeUiagXLq5","832fptHDxHp5XFFxRTZqnk","2eOtmpJphL8LLvHy5CrD9V"],["_textureSetter","1","2","3","4","5","6"],["cc.SpriteFrame",["cc.SpriteAtlas",["_name","_spriteFrames"],2,11]],[[1,0,1,2]],[[[{"name":"6","rect":[2,2,325,189],"offset":[0,0],"originalSize":[325,189],"capInsets":[0,0,0,0]}],[0],0,[0],[0],[0]],[[{"name":"5","rect":[329,2,318,181],"offset":[0,0],"originalSize":[318,181],"rotated":1,"capInsets":[0,0,0,0]}],[0],0,[0],[0],[0]],[[{"name":"3","rect":[2,527,228,174],"offset":[0,0],"originalSize":[228,174],"capInsets":[0,0,0,0]}],[0],0,[0],[0],[0]],[[{"name":"4","rect":[311,322,302,184],"offset":[0,0],"originalSize":[302,184],"rotated":1,"capInsets":[0,0,0,0]}],[0],0,[0],[0],[0]],[[{"name":"1","rect":[2,193,307,165],"offset":[0,0],"originalSize":[307,165],"capInsets":[0,0,0,0]}],[0],0,[0],[0],[0]],[[[0,"itemLight.plist",[{},"1",6,0,"2",6,1,"3",6,2,"4",6,3,"5",6,4,"6",6,5]]],0,0,[0,0,0,0,0,0],[1,2,3,4,5,6],[1,2,3,4,5,6]]]]