[1,["b1pXu21mBKCqbE062tgRpY"],["_texture"],[["dragonBones.DragonBonesAtlasAsset",["_name","_atlasJson"],1]],[[0,0,1,3]],[[0,"gem_tex","{\"width\":256,\"SubTexture\":[{\"width\":160,\"y\":1,\"height\":112,\"name\":\"baoshi/bg\",\"x\":1},{\"width\":113,\"y\":115,\"height\":85,\"name\":\"baoshi/lll\",\"x\":1},{\"width\":87,\"y\":1,\"height\":95,\"name\":\"baoshi/sss\",\"x\":163},{\"width\":75,\"y\":202,\"height\":62,\"name\":\"baoshi/图层_4\",\"x\":1},{\"width\":39,\"y\":275,\"height\":60,\"name\":\"baoshi/图层_7\",\"x\":207},{\"width\":68,\"y\":98,\"height\":74,\"name\":\"baoshi/图层_2\",\"x\":163},{\"width\":58,\"y\":174,\"height\":54,\"name\":\"baoshi/图层_1\",\"x\":187},{\"width\":65,\"y\":230,\"height\":43,\"name\":\"baoshi/图层_6\",\"x\":187},{\"width\":46,\"y\":266,\"height\":80,\"name\":\"baoshi/图层_8\",\"x\":1},{\"width\":69,\"y\":174,\"height\":72,\"name\":\"baoshi/图层_3\",\"x\":116},{\"width\":83,\"y\":248,\"height\":48,\"name\":\"baoshi/图层_5\",\"x\":78},{\"width\":42,\"y\":275,\"height\":58,\"name\":\"baoshi/图层_9\",\"x\":163}],\"imagePath\":\"gem_tex.png\",\"name\":\"gem\",\"height\":512}"]],0,0,[0],[0],[0]]