[1,0,0,[["dragonBones.DragonBonesAsset",["_name","_dragonBonesJson"],1]],[[0,0,1,3]],[[0,"s_slot_jack_ske","{\"frameRate\":24,\"isGlobal\":0,\"armature\":[{\"bone\":[{\"name\":\"root\",\"transform\":{}},{\"transform\":{},\"name\":\"bone\",\"parent\":\"root\"},{\"transform\":{\"y\":63,\"x\":-4},\"name\":\"shuzhik\",\"parent\":\"bone\"},{\"transform\":{\"y\":-84,\"x\":-2},\"name\":\"jack\",\"parent\":\"bone\"},{\"transform\":{\"y\":-9,\"x\":-5},\"name\":\"jbd\",\"parent\":\"bone\"},{\"transform\":{\"y\":-149,\"x\":1},\"name\":\"beike\",\"parent\":\"bone\"},{\"transform\":{\"scY\":0.95,\"y\":-98.4265,\"scX\":0.95},\"name\":\"bone1\",\"parent\":\"bone\"}],\"aabb\":{\"width\":670,\"y\":-327.4264964788733,\"height\":463.97649647887323,\"x\":-335},\"type\":\"Armature\",\"frameRate\":24,\"ik\":[],\"skin\":[{\"slot\":[{\"display\":[{\"path\":\"s_slot_jack/jack\",\"type\":\"image\",\"name\":\"s_slot_jack/jack\",\"transform\":{\"y\":20.55,\"x\":2}}],\"name\":\"jack\"},{\"display\":[{\"path\":\"zhuang\",\"type\":\"image\",\"name\":\"zhuang\",\"transform\":{}}],\"name\":\"zhuang\"},{\"display\":[{\"path\":\"s_slot_jack/beike\",\"type\":\"image\",\"name\":\"s_slot_jack/beike\",\"transform\":{\"y\":61.55,\"x\":-0.5}}],\"name\":\"beike\"},{\"display\":[{\"path\":\"s_slot_jack/shuzhik\",\"type\":\"image\",\"name\":\"s_slot_jack/shuzhik\",\"transform\":{\"y\":-12.45,\"x\":4}}],\"name\":\"shuzhik\"},{\"display\":[{\"path\":\"s_slot_jack/shuzhik\",\"type\":\"image\",\"name\":\"s_slot_jack/shuzhik\",\"transform\":{\"y\":-12.45,\"x\":4}}],\"blendMode\":\"add\",\"name\":\"shuzhik1\"},{\"display\":[{\"path\":\"s_slot_jack/jbd\",\"type\":\"image\",\"name\":\"s_slot_jack/jbd\",\"transform\":{\"y\":-21.45,\"x\":11}}],\"name\":\"jbd\"}],\"name\":\"\"}],\"defaultActions\":[{\"gotoAndPlay\":\"newAnimation\"}],\"animation\":[{\"playTimes\":0,\"bone\":[{\"frame\":[{\"transform\":{},\"duration\":45}],\"name\":\"root\"},{\"frame\":[{\"transform\":{},\"duration\":45}],\"name\":\"bone\"},{\"frame\":[{\"tweenEasing\":0,\"transform\":{\"scY\":0.7,\"scX\":0.7},\"duration\":5},{\"tweenEasing\":0,\"transform\":{\"scY\":1.1,\"scX\":1.1},\"duration\":2},{\"tweenEasing\":0,\"transform\":{\"scY\":0.9,\"scX\":0.9},\"duration\":2},{\"transform\":{},\"duration\":36}],\"name\":\"shuzhik\"},{\"frame\":[{\"tweenEasing\":0,\"transform\":{\"scY\":0.2,\"scX\":0.2},\"duration\":7},{\"tweenEasing\":0,\"transform\":{\"scY\":1.5,\"scX\":1.5},\"duration\":2},{\"tweenEasing\":0,\"transform\":{\"scY\":0.9,\"scX\":0.9},\"duration\":2},{\"transform\":{\"scY\":1.1,\"scX\":1.1},\"duration\":34}],\"name\":\"jack\"},{\"frame\":[{\"tweenEasing\":0,\"transform\":{\"y\":-173.9244},\"duration\":10},{\"transform\":{},\"duration\":35}],\"name\":\"jbd\"},{\"frame\":[{\"tweenEasing\":0,\"transform\":{\"y\":190.2921},\"duration\":10},{\"transform\":{},\"duration\":35}],\"name\":\"beike\"},{\"frame\":[{\"tweenEasing\":0,\"transform\":{\"scY\":4.2105,\"scX\":4.2105},\"duration\":7},{\"tweenEasing\":0,\"transform\":{\"scY\":1.5789,\"skX\":27.3913,\"skY\":27.3913,\"scX\":1.5789},\"duration\":16},{\"tweenEasing\":0,\"transform\":{\"scY\":1.313,\"skX\":90,\"skY\":90,\"scX\":1.313},\"duration\":22},{\"transform\":{\"scY\":0.9474,\"skX\":180,\"skY\":180,\"scX\":0.9474},\"duration\":0}],\"name\":\"bone1\"}],\"slot\":[{\"frame\":[{\"tweenEasing\":0,\"color\":{\"aM\":0},\"duration\":10},{\"tweenEasing\":null,\"duration\":35}],\"name\":\"beike\"},{\"frame\":[{\"tweenEasing\":0,\"color\":{\"aM\":0},\"duration\":10},{\"tweenEasing\":null,\"duration\":35}],\"name\":\"jbd\"},{\"frame\":[{\"tweenEasing\":0,\"color\":{\"aM\":0},\"duration\":5},{\"tweenEasing\":null,\"duration\":40}],\"name\":\"zhuang\"},{\"frame\":[{\"tweenEasing\":0,\"color\":{\"aM\":0},\"duration\":10},{\"tweenEasing\":0,\"duration\":10},{\"tweenEasing\":null,\"color\":{\"aM\":0},\"duration\":25}],\"name\":\"shuzhik1\"}],\"ffd\":[],\"ik\":[],\"frame\":[],\"name\":\"newAnimation\",\"duration\":45}],\"slot\":[{\"name\":\"zhuang\",\"parent\":\"bone1\",\"color\":{}},{\"z\":1,\"name\":\"beike\",\"parent\":\"beike\",\"color\":{}},{\"z\":2,\"name\":\"shuzhik\",\"parent\":\"shuzhik\",\"color\":{}},{\"z\":3,\"name\":\"jbd\",\"parent\":\"jbd\",\"color\":{}},{\"z\":4,\"name\":\"jack\",\"parent\":\"jack\",\"color\":{}},{\"blendMode\":\"add\",\"z\":5,\"parent\":\"shuzhik\",\"name\":\"shuzhik1\",\"color\":{}}],\"name\":\"Armature\"}],\"name\":\"s_slot_jack\",\"version\":\"5.0\"}"]],0,0,[],[],[]]