[1,["ecpdLyjvZBwrvm+cedCcQy","ceW67okbJGbJxYwd4aEcCz","f0BIwQ8D5Ml7nTNQbh1YlS","183cc1c51","ffUKyFr6pGa4M8Bcx6ik9P","e97GVMl6JHh5Ml5qEDdSGa","29FYIk+N1GYaeWH/q1NxQO","a1kGIgeDRLbJysMxJa2Zi2","d12VMYfq1CrZEkBnd6YBS+","3ae7efMv1CLq2ilvUY/tQi","42ElAmtn9EvYrG6LhIbkPh","cb7+VZ1phG0IAEr6vr/CNC","eaXdnWWupGsZy72/ujAcZj","aaEhV6J15HMJlgy40fLa/9","5f5dyqtRNNxaFmVzYns6FZ","9aF5xfxX9GD46Mxc7mUAD3","6aoG3FRM5DQY/8781og74m","1dU8ZNviVFU4aZ05pElpD6","7d9ft6ZSRBvqPcPfEGhG0n","32/ZGCCUNJJLtxWC39tPqk","5cO7kybDxGj4ipyMYdRYZB"],["node","_spriteFrame","_textureSetter","_N$file","_parent","_N$normalSprite","_N$pressedSprite","_N$hoverSprite","_N$disabledSprite","root","itemCard","cardContent","cardList","data","_N$verticalScrollBar","_normalMaterial","_grayMaterial"],[["cc.Node",["_name","_active","_opacity","_components","_prefab","_contentSize","_trs","_parent","_children","_anchorPoint","_color","_eulerAngles"],0,9,4,5,7,1,2,5,5,5],"cc.SpriteFrame",["cc.Label",["_isSystemFontUsed","_N$verticalAlign","_fontSize","_N$horizontalAlign","_string","_enableWrapText","_N$cacheMode","_lineHeight","_N$overflow","node","_materials","_N$file"],-6,1,3,6],["cc.Sprite",["_sizeMode","_type","node","_materials","_spriteFrame"],1,1,3,6],["cc.Node",["_name","_parent","_components","_prefab","_contentSize","_anchorPoint","_trs","_children"],2,1,2,4,5,5,7,2],["cc.PrefabInfo",["fileId","root","asset"],2,1,1],["cc.Layout",["_resize","_N$layoutType","_N$spacingX","_N$paddingLeft","node","_layoutSize"],-1,1,5],["cc.Widget",["alignMode","_alignFlags","_left","_originalHeight","_right","_top","_bottom","_originalWidth","node"],-5,1],["cc.Button",["zoomScale","_N$transition","_N$enableAutoGrayEffect","node","clickEvents","_N$normalColor","_N$pressedColor","_N$disabledColor","_N$target","_N$normalSprite","_N$pressedSprite","_N$hoverSprite","_N$disabledSprite","_normalMaterial","_grayMaterial"],0,1,9,5,5,5,1,6,6,6,6,6,6],["6dbaacb0j9CkpNlQEFpLMCG",["_string","_fontSize","_N$horizontalAlign","_N$verticalAlign","_N$textKey","_lineHeight","_enableWrapText","_N$overflow","node","_materials"],-5,1,3],["cc.Prefab",["_name"],2],["cc.Node",["_name","_active","_children","_components","_prefab","_contentSize","_anchorPoint","_trs"],1,2,12,4,5,5,7],["e89569ZElNMgLzFoWls0AgA",["node","cardList","cardContent","itemCard","itemBgArrSF","itemBtnArrSF"],3,1,1,1,1,3,3],["cc.ScrollView",["vertical","brake","bounceDuration","_N$horizontalScrollBar","node","_N$content"],-1,1,1],["cc.Mask",["_N$alphaThreshold","node","_materials"],2,1,3],["cc.ClickEvent",["_componentId","handler","customEventData","target"],0,1],["cc.LabelOutline",["_width","node","_color"],2,1,5],["cc.Scrollbar",["_N$direction","node","_scrollView","_N$handle"],2,1,1,1]],[[5,0,1,2,2],[0,0,7,3,4,5,6,2],[0,0,7,3,4,10,5,6,2],[3,1,0,2,3,4,3],[2,4,2,3,1,9,10,5],[9,0,1,2,3,4,8,9,6],[0,0,7,8,3,4,5,9,6,2],[3,0,2,3,4,2],[7,0,1,2,4,5,6,7,3,8,9],[15,0,1,2,3,4],[0,0,8,3,4,5,6,2],[0,0,8,3,4,5,9,6,2],[0,0,3,4,5,6,2],[0,0,7,8,3,4,10,5,6,2],[0,0,7,3,4,5,6,11,2],[3,2,3,4,1],[6,0,1,2,4,5,4],[8,0,1,3,4,5,6,7,8,9,10,11,12,3],[2,4,2,0,3,1,9,10,11,6],[2,2,5,0,3,1,8,9,10,11,7],[10,0,2],[0,0,7,8,3,4,5,6,2],[0,0,7,3,4,5,9,6,2],[0,0,1,7,3,4,5,6,3],[0,0,1,2,7,3,4,10,5,9,6,4],[11,0,1,2,3,4,5,6,7,3],[4,0,1,7,2,3,4,5,6,2],[4,0,1,2,3,4,5,6,2],[3,1,0,2,3,3],[12,0,1,2,3,4,5,1],[5,1,2,1],[6,0,1,3,2,4,5,5],[7,0,1,2,3,8,5],[13,0,1,2,3,4,5,5],[14,0,1,2,2],[8,0,2,1,3,4,5,6,7,8,13,14,9,10,11,12,4],[2,5,0,3,1,6,9,10,11,6],[2,2,7,0,9,10,11,4],[2,4,2,0,1,9,10,11,5],[16,0,1,2,2],[17,0,1,2,3,2],[9,0,1,5,6,2,3,7,4,8,9,9]],[[[{"name":"bounscard_main","rect":[0,2,1086,671],"offset":[0,-1],"originalSize":[1086,673],"capInsets":[0,0,0,0]}],[1],0,[0],[2],[8]],[[[20,"VipMonthCardPopup"],[10,"VipMonthCardPopup",[-7,-8,-9,-10],[[3,1,2,-2,[58],59],[29,-6,-5,-4,-3,[60,61,62],[63,64]]],[30,-1,0],[5,1086,673],[0,2,0,0,0,0,1,1,1,1]],[11,"itemCard",[-12,-13,-14,-15,-16,-17,-18,-19,-20,-21,-22,-23,-24],[[7,2,-11,[41],42]],[0,"0aJt7VtJFFJ7DDYDPs7siW",1,0],[5,255,349],[0,0,0.5],[60,26.919,0,0,0,0,1,1,1,1]],[6,"textNodeDown",2,[-26,-27,-28,-29,-30],[[16,1,1,5,-25,[5,230.51,200]]],[0,"81VmIYtwdNc5VWCnvnYFBb",1,0],[5,230.51,200],[0,0,0.5],[15.826,-120.902,0,0,0,0,1,1,1,1]],[6,"textNodeUp",2,[-32,-33,-34,-35],[[16,1,1,5,-31,[5,194.99,200]]],[0,"2chiHaUi5M27bBkM/INSan",1,0],[5,194.99,200],[0,0,0.5],[15.826,-97.06,0,0,0,0,1,1,1,1]],[25,"scrollBar",false,[-39],[[-36,[32,0,37,350.07654921020657,237,-37],[3,1,0,-38,[43],44]],1,4,4],[0,"baW3128gdDFZt73QtnRwIY",1,0],[5,12,500],[0,1,0.5],[1000,0,0,0,0,0,1,1,1,1]],[11,"cardContent",[2],[[31,1,1,60,35,-40,[5,315,587]]],[0,"c3VcEDx/FFToW3L50/4Dii",1,0],[5,315,587],[0,0,0.5],[122.028,6,0,0,0,0,1,1,1,1]],[10,"Background",[-43],[[3,1,2,-41,[4],5],[8,0,45,-33.807,-30.19300000000001,-10,-10,100,40,-42]],[0,"19u0ex65FCR5etG/PQnMJX",1,0],[5,250,89],[-1.8070000000000022,0,0,0,0,0,1,1,1,0]],[26,"cardList",1,[5,-45],[-44],[0,"a73RtOGjNEtbVQCjIj7hvZ",1,0],[5,1000,500],[0,0,0.5],[-500.823,-38,0,0,0,0,1,1,1,1]],[12,"Background",[[3,1,0,-46,[45],46],[8,0,45,5.5,5.5,5.5,5.5,100,40,-47]],[0,"76ZsIPB+JEzKkhcfBse1eZ",1,0],[5,79,79],[0,0,0,0,0,0,1,1,1,0]],[12,"Background",[[3,1,2,-48,[51],52],[8,0,45,9,9,9,9,100,40,-49]],[0,"e6h4B4p2BIgIzeVVQjqvPL",1,0],[5,42,42],[0,0,0,0,0,0,1,1,1,0]],[33,false,0.75,0.23,null,8,6],[6,"view",8,[6],[[34,0,-50,[1]]],[0,"ffKpysWp1JH5c6oHpGopeP",1,0],[5,1224,587],[0,0,0.5],[24,0,0,0,0,0,1,1,1,1]],[21,"btnBuy",2,[7],[[35,0.95,true,3,-51,[[9,"e89569ZElNMgLzFoWls0AgA","onClickItem","Buy",1]],[4,4293322470],[4,4291348680],[4,3363338360],7,6,7,8,9,10,11]],[0,"2fJTWvatpMZLRVurlgHn44",1,0],[5,186,69],[131.305,-229.851,0,0,0,0,1,1,1,1]],[22,"txBuyChips",7,[[36,false,false,1,1,2,-52,[2],3],[39,2,-53,[4,4279096157]]],[0,"75Zjsxn2JO3IV9NegtBoMJ",1,0],[5,4,44],[0,0.5,0.4],[2,7.378,0,0,0,0,1,1,1,1]],[13,"btnClose",1,[9],[[17,0.95,3,-54,[[9,"e89569ZElNMgLzFoWls0AgA","onClickItem","Close",1]],[4,4293322470],[4,4291348680],[4,3363338360],9,47,48,49,50]],[0,"81y71E7QFNn6IQOy4XMbTU",1,0],[4,4294704123],[5,90,90],[412.241,242.736,0,0,0,0,1,1,1,1]],[13,"btnRules",1,[10],[[17,0.95,3,-55,[[9,"e89569ZElNMgLzFoWls0AgA","onClickItem","Rules",1]],[4,4293322470],[4,4291348680],[4,3363338360],10,53,54,55,56]],[0,"2cG6K1oKtCr6YtPbyPMNLu",1,0],[4,4294704123],[5,60,60],[-396.345,201.699,0,0,0,0,1,1,1,1]],[27,"bar",5,[-56],[0,"15RM6LDrRIlqA4TKUpHN5l",1,0],[5,10,30],[0,1,0],[-1,0,0,0,0,0,1,1,1,1]],[28,1,0,17,[0]],[40,1,5,11,18],[1,"bounscard_img_card_bouns",2,[[7,2,-57,[12],13]],[0,"06LDjddIxBopt6gqZrR5oY",1,0],[5,106,106],[206.531,72.909,0,0,0,0,1,1,1,1]],[14,"rateLab",2,[[18,"35%",22,false,1,1,-58,[14],15]],[0,"b3vp+ac9BJXL1Ad/28dn86",1,0],[5,43.78,50.4],[216.701,76.889,0,0,0,0.13052619222005157,0.9914448613738104,1,1,1],[1,0,0,15]],[14,"more",2,[[18,"+",18,false,1,1,-59,[16],17]],[0,"01OTfzmZdFPLalZrPAQYKW",1,0],[5,10.73,50.4],[181.884,66.343,0,0,0,0.13052619222005157,0.9914448613738104,1,1,1],[1,0,0,15]],[23,"text",false,2,[[37,20,25,false,-60,[18],19]],[0,"34YWtNBRxMSIYcNh2FjCX2",1,0],[5,0,31.5],[128.531,-115.923,0,0,0,0,1,1,1,1]],[24,"back",false,110,2,[[7,2,-61,[20],21]],[0,"cee+OnKSVFVJ+yP/XhCsKi",1,0],[4,4278190080],[5,255,349],[0,0,0.5],[0,-0.106,0,0,0,0,1,1,1,1]],[1,"icon_rupee",2,[[15,-62,[22],23]],[0,"a9gWOlb7BH1oQRwqm2NG6K",1,0],[5,47,50],[34.918,-36.233,0,0,0,0,1,0.6,0.6,0.6]],[2,"mLab",2,[[19,30,false,false,1,1,2,-63,[24],25]],[0,"489kmaX7dIRZzQ1BuTkQmd",1,0],[4,4283423743],[5,66.6,50.4],[83,-35,0,0,0,0,1,1,1,1]],[1,"titslab",2,[[38,"+",25,false,1,-64,[26],27]],[0,"ebSRHjogJOM77v/ZwYRoMn",1,0],[5,14.9,50.4],[128.301,-34.164,0,0,0,0,1,1,1,1]],[1,"icon_rupee",2,[[15,-65,[28],29]],[0,"31O+Gi1S1LlaDvXdIAT8yp",1,0],[5,53,58],[152.978,-36.543,0,0,0,0,1,0.6,0.6,0.6]],[2,"gLab",2,[[19,30,false,false,1,1,2,-66,[30],31]],[0,"76d2AJnatJQJdQn2aQru1V",1,0],[4,4283423743],[5,66.6,50.4],[202,-35,0,0,0,0,1,1,1,1]],[2,"textDian",4,[[4,".",22,1,1,-67,[32]]],[0,"acPkR0DLpD/47KJCfT1iAs",1,0],[4,4278251775],[5,6.11,50.4],[3.055,5.592,0,0,0,0,1,1,1,1]],[1,"New Label",4,[[5,"·Get",20,1,1,"VipMonthCardPopup/·Get",-68,[33]]],[0,"24jUZ63kBOupfOg5aewc83",1,0],[5,38.9,50.4],[30.56,0,0,0,0,0,1,1,1,1]],[2,"textRightNow",4,[[4,"Label",22,1,1,-69,[34]]],[0,"36pwENUkhGMaX1BzYfbIjG",1,0],[4,4278251775],[5,53.83,50.4],[81.925,0,0,0,0,0,1,1,1,1]],[1,"New Label",4,[[5,"right now",20,1,1,"VipMonthCardPopup/rightnow",-70,[35]]],[0,"eaer7PwidONJA60LBnVoon",1,0],[5,81.15,50.4],[154.41500000000002,0,0,0,0,0,1,1,1,1]],[2,"textDian",3,[[4,".",22,1,1,-71,[36]]],[0,"f8nxoQ4WxH/L0yRh+TL0lt",1,0],[4,4278251775],[5,6.11,50.4],[3.055,5.202,0,0,0,0,1,1,1,1]],[2,"textDayReward",3,[[4,"Label",22,1,1,-72,[37]]],[0,"1cDfDlZ+NLMp5fsj/0lt7n",1,0],[4,4278251775],[5,53.83,50.4],[38.025,0,0,0,0,0,1,1,1,1]],[1,"New Label",3,[[5,"bonus",20,1,1,"VipMonthCardPopup/bonus",-73,[38]]],[0,"2ckdEatPJBvajYMVZMygk4",1,0],[5,54.49,50.4],[97.185,0,0,0,0,0,1,1,1,1]],[1,"textDay",3,[[4,"Label",22,1,1,-74,[39]]],[0,"1caGS34CdFkZwYC3q2gJtj",1,0],[5,53.83,50.4],[156.345,0,0,0,0,0,1,1,1,1]],[1,"New Label",3,[[5,"days",20,1,1,"VipMonthCardPopup/days",-75,[40]]],[0,"01COEinw9LKr5wH9Lk/Y+a",1,0],[5,42.25,50.4],[209.385,0,0,0,0,0,1,1,1,1]],[2,"New Label",1,[[41,"Select one for your oferta semalnal now,and enjoy other Card next time!",25,30,false,1,1,2,"HallScene/Prefabs/VipMonthCard/VipMonthCardPopup/label1",-76,[57]]],[0,"565sZaMF9F54N9n4WACsgt",1,0],[4,4293906408],[5,719.84,37.8],[0,203.217,0,0,0,0,1,1,1,1]]],0,[0,9,1,0,0,1,0,10,2,0,11,6,0,12,11,0,0,1,0,-1,8,0,-2,15,0,-3,16,0,-4,39,0,0,2,0,-1,13,0,-2,20,0,-3,21,0,-4,22,0,-5,23,0,-6,24,0,-7,25,0,-8,26,0,-9,27,0,-10,28,0,-11,29,0,-12,4,0,-13,3,0,0,3,0,-1,34,0,-2,35,0,-3,36,0,-4,37,0,-5,38,0,0,4,0,-1,30,0,-2,31,0,-3,32,0,-4,33,0,-1,19,0,0,5,0,0,5,0,-1,17,0,0,6,0,0,7,0,0,7,0,-1,14,0,-1,11,0,-2,12,0,0,9,0,0,9,0,0,10,0,0,10,0,0,12,0,0,13,0,0,14,0,0,14,0,0,15,0,0,16,0,-1,18,0,0,20,0,0,21,0,0,22,0,0,23,0,0,24,0,0,25,0,0,26,0,0,27,0,0,28,0,0,29,0,0,30,0,0,31,0,0,32,0,0,33,0,0,34,0,0,35,0,0,36,0,0,37,0,0,38,0,0,39,0,13,1,2,4,6,5,4,8,6,4,12,7,4,13,9,4,15,10,4,16,11,14,19,76],[0,0,0,0,0,0,0,0,0,0,0,0,0,0,0,0,0,0,0,0,0,0,0,0,0,0,0,0,0,0,0,0,0,0,0,0,0,0,0,0,0,0,0,0,0,0,0,0,0,0,0,0,0,0,0,0,0,0,0,0,0,0,0,0,0,18],[-1,-1,-1,3,-1,1,15,16,5,6,7,8,-1,1,-1,3,-1,3,-1,3,-1,1,-1,1,-1,3,-1,3,-1,1,-1,3,-1,-1,-1,-1,-1,-1,-1,-1,-1,-1,1,-1,1,-1,1,5,6,7,8,-1,1,5,6,7,8,-1,-1,1,-1,-2,-3,-1,-2,1],[0,0,0,1,0,4,0,9,2,5,2,6,0,10,0,1,0,1,0,1,0,11,0,12,0,1,0,1,0,13,0,1,0,0,0,0,0,0,0,0,0,0,7,0,14,0,15,2,5,2,6,0,16,2,5,2,6,0,0,17,7,18,19,4,4,20]],[[{"name":"bounscard_img_card3","rect":[3,3,253,349],"offset":[1,0],"originalSize":[255,349],"capInsets":[0,0,0,0]}],[1],0,[0],[2],[3]],[[{"name":"bounscard_img_card_bouns","rect":[617,3,106,106],"offset":[0,0],"originalSize":[106,106],"capInsets":[0,0,0,0]}],[1],0,[0],[2],[3]],[[{"name":"bounscard_btn_help","rect":[262,262,42,42],"offset":[0,0],"originalSize":[42,42],"capInsets":[0,0,0,0]}],[1],0,[0],[2],[3]],[[{"name":"bounscard_img_card2","rect":[358,262,252,349],"offset":[1.5,0],"originalSize":[255,349],"capInsets":[0,0,0,0]}],[1],0,[0],[2],[3]],[[{"name":"bounscard_img_card1","rect":[3,358,253,349],"offset":[1,0],"originalSize":[255,349],"rotated":1,"capInsets":[0,0,0,0]}],[1],0,[0],[2],[3]],[[{"name":"bounscard_zhezhao","rect":[262,3,253,349],"offset":[1,0],"originalSize":[255,349],"rotated":1,"capInsets":[0,0,0,0]}],[1],0,[0],[2],[3]]]]