[1,["ecpdLyjvZBwrvm+cedCcQy","deaj4LmttHvLUFShj/U2Bh","e0k1dETiFNdqeTu6xEc7uX","50HtTnEcFLAYuQmNdOdzrP","18225a585","c3NrvHJLlK7JICdYLw9vbF","b1oIukRttHVIV7z5b0EZ3J","a4zCndzDNODY2R8e5P2CJG","6bBcpT05xIA4kFMJR+u1Rr","e0PD/EAd9J57NA3ARsThlH","07z/ebjr1PN7fXS1JGbObt","66Zd8xrRhJQ6k2wViwx6FP","b5xMchIPdKpLYA3XhiTBfv","9dHxdfEhVFw6psL8S4V5fk","a0ifap4iNHI66y1nWeotQc","29ZSQ8qh1IFb1gXRcl8u8L","9bK9cT1pFPlqjh8dCQ01RE","0ffZUG+oNPV5OQ6ZGmDBmp","b3x+9zi91FBZqhK1RhaQAJ","88SX7i39BCqKbiJ7a5h23z","70jxPOwCJCwIPpaPLPubaa","b5ifI14OREN6NKfufR87bz","73e1ZQaChPjJKg5obfj1Y3","ddgZmTwHBOT6gYjo51OBYM","b9MOaUao5HkYqnlfORiXwg","25OH9yF2NGvogfgd95YZIA"],["node","_spriteFrame","_textureSetter","root","_parent","bonusNode","coinNode","proNode","textLevel","data"],[["cc.Node",["_name","_active","_prefab","_components","_contentSize","_parent","_trs","_children","_anchorPoint"],1,4,2,5,1,7,2,5],["cc.Node",["_name","_active","_components","_prefab","_contentSize","_parent","_trs","_children","_anchorPoint"],1,9,4,5,1,7,2,5],["cc.Sprite",["_sizeMode","_type","node","_materials","_spriteFrame"],1,1,3,6],"cc.SpriteFrame",["cc.Node",["_name","_active","_parent","_components","_prefab","_contentSize","_trs","_children"],1,1,12,4,5,7,2],["cc.Label",["_fontSize","_N$horizontalAlign","_N$verticalAlign","_lineHeight","_N$cacheMode","_string","node","_materials"],-3,1,3],["cc.PrefabInfo",["fileId","root"],2,1],["cc.Prefab",["_name"],2],["ed1e3cCSF5K8pKV4b3XM1lW",["node","textLevel","proNode","coinNode","bonusNode"],3,1,1,1,1,1],["cc.Layout",["_resize","_N$layoutType","_N$spacingY","node","_layoutSize"],0,1,5],["cc.LabelOutline",["_width","node","_color"],2,1,5],["cc.Button",["node"],3,1],["cc.ProgressBar",["_N$totalLength","_N$progress","node","_N$barSprite"],1,1,1],["2b740gWKTxD94dBFpylA2TH",["node","recvBtn","lockNode","finishNode","textCoin","textBonus","bgSp","canRecvSp","iconSp","iconFrames","bgFrames","canRecvFrames","bigRewardBonusNormal","bigRewardBonusGold","bigRewardCoinNormal","bigRewardCoinGold"],3,1,1,1,1,1,1,1,1,1,3,3,3,3,3,3,3]],[[6,0,1,2],[2,2,3,4,1],[10,0,1,2,2],[2,2,3,1],[5,0,3,1,2,4,6,7,6],[1,0,1,5,2,3,4,6,3],[1,0,5,2,3,4,6,2],[4,0,2,3,4,5,6,2],[0,0,7,3,2,4,6,2],[0,0,5,3,2,4,2],[0,0,5,3,2,4,6,2],[1,0,5,7,2,3,4,8,6,2],[1,0,1,5,7,2,3,4,6,3],[1,0,5,2,3,4,2],[4,0,1,2,3,4,5,6,3],[2,0,2,3,2],[9,0,1,2,3,4,4],[5,5,0,3,1,2,4,6,7,7],[11,0,1],[13,0,1,2,3,4,5,6,7,8,9,10,11,12,13,14,15,1],[7,0,2],[0,0,1,5,7,3,2,4,6,3],[0,0,1,5,7,3,2,4,3],[0,0,5,3,2,4,8,6,2],[0,0,5,7,2,6,2],[1,0,7,2,3,4,6,2],[1,0,1,5,2,3,4,3],[4,0,1,2,7,3,4,5,6,3],[6,1,1],[8,0,1,2,3,4,1],[2,1,0,2,3,4,3],[2,1,0,2,3,3],[5,0,1,2,6,7,4],[12,0,1,2,3,3]],[[[{"name":"6","rect":[323,1426,51,40],"offset":[0,0],"originalSize":[51,40],"rotated":1,"capInsets":[0,0,0,0]}],[3],0,[0],[2],[4]],[[[20,"TrafficPermitItem"],[8,"TrafficRecvItemCoin",[-3,-4,-5,-6,-7,-8,-9],[-2],[0,"8f/+KXBKFNQbse3zubcR40",-1],[5,120,120],[0,86.982,0,0,0,0,1,1,1,1]],[8,"TrafficRecvItemBonus",[-12,-13,-14,-15,-16,-17,-18],[-11],[0,"50vW7MzGVGRJnc5WugVRp7",-10],[5,120,120],[0,-95.888,0,0,0,0,1,1,1,1]],[25,"TrafficPermitItem",[-25,-26,1,2,-27],[[29,-24,-23,-22,-21,-20]],[28,-19],[5,140,280],[474.707,0,0,0,0,0,1,1,1,1]],[27,"progressBar",false,3,[-30],[[[30,1,0,-28,[1],2],-29],4,1],[0,"69cC0kmoxMb7o/AMvk3E2D",3],[5,180,40],[81.136,0,0,0,0,0,1,1,1,1]],[11,"textNode",1,[-32,-33],[[16,1,2,10,-31,[5,300,-10]]],[0,"13rWuWMOdC37TcPOqFxsOH",1],[5,300,-10],[0,0.5,0],[-2.999,-47.806,0,0,0,0,1,1,1,1]],[12,"textWord",false,5,[-36],[[17,"BONUS",20,30,1,1,2,-34,[12]],[2,2,-35,[4,4280039805]]],[0,"1cUofs60NLWIywUq4D9Fi5",1],[5,75.12,34],[-0.328,17,0,0,0,0,1,1,1,1]],[11,"textNode",2,[-38,-39],[[16,1,2,10,-37,[5,300,-10]]],[0,"13rWuWMOdC37TcPOqFxsOH",2],[5,300,-10],[0,0.5,0],[-2.999,-51.729,0,0,0,0,1,1,1,1]],[12,"textWord",false,7,[-42],[[17,"BONUS",20,30,1,1,2,-40,[42]],[2,2,-41,[4,4290854719]]],[0,"1cUofs60NLWIywUq4D9Fi5",2],[5,75.12,34],[-0.328,17,0,0,0,0,1,1,1,1]],[13,"recvBtn",1,[[18,-43]],[0,"d85YLA1T5CwarLwXhitcpU",1],[5,130,130]],[21,"canRecvNode",false,1,[-45],[-44],[0,"8bxAaEicxAMK6OEOzIFOKY",1],[5,159,154],[0,2.757,0,0,0,0,1,1,1,1]],[14,"textCoin",false,5,[[-46,[2,2,-47,[4,4280039805]]],1,4],[0,"42hj46ry9Aj5AScfma7XoY",1],[5,70.75,34],[-0.328,61,0,0,0,0,1,1,1,1]],[7,"textBonus",6,[[-48,[2,2,-49,[4,4280039805]]],1,4],[0,"acB+49oTFPn6u86wBef/PP",1],[5,70.75,34],[0,20.77,0,0,0,0,1,1,1,1]],[5,"suo",false,1,[[1,-50,[13],14]],[0,"33ioyQLRBDjK+G3Tignd1L",1],[5,37,58],[56.197,46.292,0,0,0,0,1,1,1,1]],[5,"finish",false,1,[[1,-51,[15],16]],[0,"08PTsl8B5Exrhn3y7kdFIw",1],[5,139,125],[0.435,8.739,0,0,0,0,1,1,1,1]],[13,"recvBtn",2,[[18,-52]],[0,"d85YLA1T5CwarLwXhitcpU",2],[5,130,130]],[22,"canRecvNode",false,2,[-54],[-53],[0,"8bxAaEicxAMK6OEOzIFOKY",2],[5,159,154]],[14,"textCoin",false,7,[[-55,[2,2,-56,[4,4290854719]]],1,4],[0,"42hj46ry9Aj5AScfma7XoY",2],[5,44.05,34],[-0.328,61,0,0,0,0,1,1,1,1]],[7,"textBonus",8,[[-57,[2,2,-58,[4,4290854719]]],1,4],[0,"acB+49oTFPn6u86wBef/PP",2],[5,44.05,34],[0,20.77,0,0,0,0,1,1,1,1]],[5,"suo",false,2,[[1,-59,[43],44]],[0,"33ioyQLRBDjK+G3Tignd1L",2],[5,38,58],[55.261,39.738,0,0,0,0,1,1,1,1]],[26,"finish",false,2,[[1,-60,[45],46]],[0,"08PTsl8B5Exrhn3y7kdFIw",2],[5,139,125]],[7,"textLevel",3,[[-61,[2,2,-62,[4,4288741433]]],1,4],[0,"belkYngvhLVoAHchXcz3l7",3],[5,4,54.4],[-0.275,0.21,0,0,0,0,1,1,1,1]],[23,"bar",4,[-63],[0,"e0FD0rymNB0K2X/cgyympW",3],[5,0,39],[0,0,0.5],[-86.107,0,0,0,0,0,1,1,1,1]],[31,1,0,22,[0]],[33,180,0,4,23],[24,"levelNode",3,[-64],[0,"0aOLecxkhIrIuRbq2p498I",3],[0,-0.248,0,0,0,0,1,1,1,1]],[6,"8",25,[[1,-65,[3],4]],[0,"45fQUC/INIKIwDpzo0rt4i",3],[5,40,40],[0,0,0,0,0,0,1,1.2,1.2,1]],[9,"imgBg",1,[-66],[0,"7fP4wAPwtDqYVDHdSF23C5",1],[5,140,147]],[15,2,27,[5]],[6,"img_hongdian",10,[[1,-67,[6],7]],[0,"0cOLB5RL9BDoAVUG2CPadu",1],[5,34,35],[57,34,0,0,0,0,1,0.7,0.7,1]],[3,10,[8]],[10,"icon",1,[-68],[0,"77WAgcmwFA9bwboHd5cyH0",1],[5,82,78],[0,11.702,0,0,0,0,1,1,1,1]],[3,31,[9]],[4,24,30,1,1,2,11,[10]],[4,24,30,1,1,2,12,[11]],[19,1,9,13,14,33,34,28,30,32,[17,18],[19,20],[21,22],[23,24,25],[26,27,28],[29,30,31],[32,33,34]],[9,"imgBg",2,[-69],[0,"7fP4wAPwtDqYVDHdSF23C5",2],[5,140,147]],[15,2,36,[35]],[6,"img_hongdian",16,[[1,-70,[36],37]],[0,"0cOLB5RL9BDoAVUG2CPadu",2],[5,34,35],[57,34,0,0,0,0,1,0.7,0.7,1]],[3,16,[38]],[10,"icon",2,[-71],[0,"77WAgcmwFA9bwboHd5cyH0",2],[5,82,78],[0,7.887,0,0,0,0,1,1,1,1]],[3,40,[39]],[4,24,30,1,1,2,17,[40]],[4,24,30,1,1,2,18,[41]],[19,2,15,19,20,42,43,37,39,41,[47,48],[49,50],[51,52],[53,54,55],[56,57,58],[59,60,61],[62,63,64]],[32,30,1,1,21,[65]]],0,[0,3,1,0,-1,35,0,-1,9,0,-2,27,0,-3,10,0,-4,31,0,-5,5,0,-6,13,0,-7,14,0,3,2,0,-1,44,0,-1,15,0,-2,36,0,-3,16,0,-4,40,0,-5,7,0,-6,19,0,-7,20,0,3,3,0,5,44,0,6,35,0,7,24,0,8,45,0,0,3,0,-1,4,0,-2,25,0,-5,21,0,0,4,0,-2,24,0,-1,22,0,0,5,0,-1,11,0,-2,6,0,0,6,0,0,6,0,-1,12,0,0,7,0,-1,17,0,-2,8,0,0,8,0,0,8,0,-1,18,0,0,9,0,-1,30,0,-1,29,0,-1,33,0,0,11,0,-1,34,0,0,12,0,0,13,0,0,14,0,0,15,0,-1,39,0,-1,38,0,-1,42,0,0,17,0,-1,43,0,0,18,0,0,19,0,0,20,0,-1,45,0,0,21,0,-1,23,0,-1,26,0,0,26,0,-1,28,0,0,29,0,-1,32,0,-1,37,0,0,38,0,-1,41,0,9,3,1,4,3,2,4,3,71],[0,0,0,0,0,0,0,0,0,0,0,0,0,0,0,0,0,0,0,0,0,0,0,0,0,0,0,0,0,0,0,0,0,0,0,0,0,0,0,0,0,0,0,0,0,0,0,0,0,0,0,0,0,0,0,0,0,0,0,0,0,0,0,0,0,0,23,28,30,32,37,39,41],[-1,-1,1,-1,1,-1,-1,1,-1,-1,-1,-1,-1,-1,1,-1,1,-1,-2,-1,-2,-1,-2,-1,-2,-3,-1,-2,-3,-1,-2,-3,-1,-2,-3,-1,-1,1,-1,-1,-1,-1,-1,-1,1,-1,1,-1,-2,-1,-2,-1,-2,-1,-2,-3,-1,-2,-3,-1,-2,-3,-1,-2,-3,-1,1,1,1,1,1,1,1],[0,0,23,0,24,0,0,5,0,0,0,0,0,0,6,0,7,1,8,2,9,3,10,11,12,13,14,15,16,17,18,19,20,21,22,0,0,5,0,0,0,0,0,0,6,0,7,1,8,2,9,3,10,11,12,13,14,15,16,17,18,19,20,21,22,0,25,2,3,1,2,3,1]],[[{"name":"8","rect":[963,1461,40,40],"offset":[0,0],"originalSize":[40,40],"capInsets":[0,0,0,0]}],[3],0,[0],[2],[4]],[[{"name":"5","rect":[323,1336,84,40],"offset":[0,-0.5],"originalSize":[94,51],"rotated":1,"capInsets":[26,13.5,27,10.5]}],[3],0,[0],[2],[4]]]]