[1,["e8efIb2WlMQoPs3LaZijgF"],0,[["sp.SkeletonData",["_name","_atlasText","textureNames","_skeletonJson","textures"],-1,3]],[[0,0,1,2,3,4,5]],[[0,"DAILYBOUNS","\nDAILYBOUNS.png\nsize: 512,64\nformat: RGBA8888\nfilter: Linear,Linear\nrepeat: none\n01\n  rotate: false\n  xy: 334, 43\n  size: 30, 18\n  orig: 30, 18\n  offset: 0, 0\n  index: -1\n01a\n  rotate: false\n  xy: 334, 23\n  size: 30, 18\n  orig: 30, 18\n  offset: 0, 0\n  index: -1\n02\n  rotate: false\n  xy: 153, 2\n  size: 63, 59\n  orig: 63, 59\n  offset: 0, 0\n  index: -1\n02a\n  rotate: false\n  xy: 218, 2\n  size: 63, 59\n  orig: 63, 59\n  offset: 0, 0\n  index: -1\n03\n  rotate: false\n  xy: 2, 40\n  size: 149, 21\n  orig: 149, 21\n  offset: 0, 0\n  index: -1\n03a\n  rotate: false\n  xy: 2, 17\n  size: 149, 21\n  orig: 149, 21\n  offset: 0, 0\n  index: -1\nss\n  rotate: false\n  xy: 283, 17\n  size: 49, 44\n  orig: 49, 44\n  offset: 0, 0\n  index: -1\n",["DAILYBOUNS.png"],{"skeleton":{"hash":"KseJWmeexhCB/+cWe1sjCH3N6UY","spine":"3.6.53","width":243.67,"height":79.11},"bones":[{"name":"root"},{"name":"aa","parent":"root"},{"name":"02","parent":"aa","x":-78.37,"y":-3.46,"scaleX":1.087,"scaleY":1.087},{"name":"01","parent":"02","x":-7.5,"y":-6.5},{"name":"ss","parent":"02","x":-27.92,"y":-9.63},{"name":"ss2","parent":"02","x":26.14,"y":19.12}],"slots":[{"name":"03","bone":"aa","attachment":"03"},{"name":"3","bone":"aa","attachment":"03a"},{"name":"02","bone":"02","attachment":"02"},{"name":"2","bone":"02","attachment":"02a"},{"name":"01","bone":"01","attachment":"01"},{"name":"1","bone":"01","attachment":"01a"},{"name":"ss","bone":"ss","attachment":"ss"},{"name":"ss2","bone":"ss2","attachment":"ss"}],"skins":{"default":{"1":{"01a":{"width":30,"height":18}},"2":{"02a":{"width":63,"height":59}},"3":{"03a":{"x":33.78,"y":-4.85,"width":149,"height":21}},"01":{"01":{"width":30,"height":18}},"02":{"02":{"width":63,"height":59}},"03":{"03":{"x":33.78,"y":-4.85,"width":149,"height":21}},"ss":{"ss":{"x":-0.02,"y":-2.69,"width":49,"height":44}},"ss2":{"ss":{"x":-0.02,"y":-2.69,"width":49,"height":44}}}},"animations":{"animation":{"slots":{"1":{"color":[{"time":0,"color":"ffffff00","curve":"stepped"},{"time":0.9333,"color":"ffffff00"},{"time":1.6,"color":"ffffffff"},{"time":2.6333,"color":"ffffff00"}]},"2":{"color":[{"time":0,"color":"ffffff00","curve":"stepped"},{"time":0.4667,"color":"ffffff00"},{"time":0.8667,"color":"ffffff67"},{"time":1.4333,"color":"ffffff00"}]},"3":{"color":[{"time":0,"color":"ffffff00","curve":"stepped"},{"time":1.7667,"color":"ffffff00"},{"time":2.4667,"color":"ffffffff"},{"time":3.3667,"color":"ffffff00"}]},"ss":{"color":[{"time":0,"color":"ffffff00","curve":"stepped"},{"time":2.6,"color":"ffffff00"},{"time":3.2667,"color":"ffffffff"},{"time":3.9333,"color":"ffffff00"}]},"ss2":{"color":[{"time":0,"color":"ffffff00","curve":"stepped"},{"time":1.5,"color":"ffffff00"},{"time":2.1667,"color":"ffffffff"},{"time":2.8333,"color":"ffffff00"}]}},"bones":{"02":{"rotate":[{"time":0,"angle":0,"curve":"stepped"},{"time":0.6667,"angle":0,"curve":"stepped"},{"time":1.1,"angle":0,"curve":"stepped"},{"time":1.5667,"angle":0,"curve":"stepped"},{"time":1.7333,"angle":0,"curve":"stepped"},{"time":3.5333,"angle":0}],"translate":[{"time":0,"x":0,"y":0,"curve":"stepped"},{"time":0.6667,"x":0,"y":0},{"time":1.1,"x":0,"y":2.06},{"time":1.5667,"x":0,"y":-1.47},{"time":1.7333,"x":0,"y":0,"curve":"stepped"},{"time":3.5333,"x":0,"y":0}],"scale":[{"time":0,"x":1,"y":1,"curve":"stepped"},{"time":0.6667,"x":1,"y":1,"curve":"stepped"},{"time":1.1,"x":1,"y":1,"curve":"stepped"},{"time":1.5667,"x":1,"y":1,"curve":"stepped"},{"time":1.7333,"x":1,"y":1,"curve":"stepped"},{"time":3.5333,"x":1,"y":1}],"shear":[{"time":0,"x":0,"y":0,"curve":"stepped"},{"time":0.6667,"x":0,"y":0,"curve":"stepped"},{"time":1.1,"x":0,"y":0,"curve":"stepped"},{"time":1.5667,"x":0,"y":0,"curve":"stepped"},{"time":1.7333,"x":0,"y":0,"curve":"stepped"},{"time":3.5333,"x":0,"y":0}]},"01":{"translate":[{"time":0,"x":0,"y":0,"curve":"stepped"},{"time":0.9333,"x":0,"y":0},{"time":1.4,"x":0,"y":7.64},{"time":1.8,"x":0,"y":0,"curve":"stepped"},{"time":2,"x":0,"y":0}],"scale":[{"time":0,"x":1,"y":1,"curve":"stepped"},{"time":0.9333,"x":1,"y":1},{"time":1.4,"x":1.268,"y":1.268},{"time":1.8,"x":0.955,"y":0.955},{"time":2,"x":1,"y":1}]}}}}},[0]]],0,0,[0],[-1],[0]]