[1,["76l8piOMJPsLaUls8/AW7n","82VGgdCfdLnqux7JhCDn8I"],["spriteFrame","_textureSetter"],["cc.SpriteFrame",["cc.BitmapFont",["_name","fontSize","_fntConfig"],0]],[[1,0,1,2,4]],[[[[0,"gilt_font-export",32,{"commonHeight":90,"fontSize":32,"atlasName":"gilt_font-export.png","fontDefDictionary":{"9":{"xOffset":0,"yOffset":0,"xAdvance":-2256,"rect":{"x":0,"y":0,"width":0,"height":0}},"32":{"xOffset":0,"yOffset":0,"xAdvance":-282,"rect":{"x":0,"y":0,"width":0,"height":0}},"48":{"xOffset":0,"yOffset":32,"xAdvance":86,"rect":{"x":0,"y":0,"width":45,"height":58}},"49":{"xOffset":0,"yOffset":33,"xAdvance":74,"rect":{"x":132,"y":85,"width":33,"height":57}},"50":{"xOffset":0,"yOffset":33,"xAdvance":79,"rect":{"x":194,"y":85,"width":38,"height":58}},"51":{"xOffset":0,"yOffset":32,"xAdvance":80,"rect":{"x":135,"y":0,"width":39,"height":60}},"52":{"xOffset":0,"yOffset":32,"xAdvance":81,"rect":{"x":70,"y":0,"width":40,"height":58}},"53":{"xOffset":0,"yOffset":33,"xAdvance":80,"rect":{"x":66,"y":167,"width":39,"height":57}},"54":{"xOffset":0,"yOffset":32,"xAdvance":82,"rect":{"x":66,"y":83,"width":41,"height":59}},"55":{"xOffset":0,"yOffset":33,"xAdvance":80,"rect":{"x":130,"y":167,"width":39,"height":57}},"56":{"xOffset":0,"yOffset":32,"xAdvance":82,"rect":{"x":0,"y":165,"width":41,"height":59}},"57":{"xOffset":0,"yOffset":33,"xAdvance":82,"rect":{"x":0,"y":83,"width":41,"height":57}}},"kerningDict":{}}]],0,0,[0],[0],[0]],[[{"name":"gilt_font-export","rect":[0,0,232,224],"offset":[-140,16],"originalSize":[512,256],"capInsets":[0,0,0,0]}],[0],0,[0],[1],[1]]]]