[1,["1b4b35ff2","12c1c4373","1827c9c7c","1b7bd1294"],["_textureSetter"],["cc.SpriteFrame",["cc.AnimationClip",["_name","_duration","sample","curveData","wrapMode"],-2],["cc.AnimationClip",["_name","_duration","sample","wrapMode","curveData"],-1,11]],[[1,0,1,2,4,3,6],[1,0,1,2,3,5],[2,0,1,2,3,4,5]],[[[{"name":"05","rect":[3,3,578,580],"offset":[0,0],"originalSize":[582,582],"capInsets":[0,0,0,0]}],[0],0,[0],[0],[1]],[[{"name":"aa","rect":[3,603,362,74],"offset":[0,0],"originalSize":[362,74],"rotated":1,"capInsets":[0,0,0,0]}],[0],0,[0],[0],[0]],[[[0,"wheelLightAni",0.5416666666666666,24,22,{"props":{"opacity":[{"frame":0,"value":255},{"frame":0.5416666666666666,"value":150}]}}]],0,0,[],[],[]],[[[2,"apertureAni",0.8333333333333334,24,2,[{},"props",11,[{"opacity":[{"frame":0,"value":0},{"frame":0.2916666666666667,"value":255},{"frame":0.8333333333333334,"value":0}]},"scale",12,[[[{"frame":0},"value",8,[1,0.7,0.7,1]],[{"frame":0.8333333333333334},"value",8,[1,1.8,1.8,1]]],11,11]]]]],0,0,[],[],[]],[[{"name":"01","rect":[603,236,156,213],"offset":[0,0],"originalSize":[156,213],"capInsets":[0,0,0,0]}],[0],0,[0],[0],[0]],[[{"name":"15","rect":[3,3,594,594],"offset":[0,0],"originalSize":[594,594],"capInsets":[0,0,0,0]}],[0],0,[0],[0],[2]],[[{"name":"04","rect":[3,3,594,594],"offset":[0,0],"originalSize":[594,594],"capInsets":[0,0,0,0]}],[0],0,[0],[0],[3]],[[[1,"wheelLightStartAni",0.5416666666666666,24,{"props":{"opacity":[{"frame":0,"value":0},{"frame":0.5416666666666666,"value":255}]}}]],0,0,[],[],[]],[[{"name":"02","rect":[83,603,241,301],"offset":[0,0],"originalSize":[241,301],"capInsets":[0,0,0,0]}],[0],0,[0],[0],[0]],[[[0,"wheelBorderLightAni",0.5416666666666666,24,22,{"paths":{"05":{"props":{"opacity":[{"frame":0,"value":255},{"frame":0.5416666666666666,"value":0}]}},"05_1":{"props":{"opacity":[{"frame":0,"value":0},{"frame":0.5416666666666666,"value":255}]}}}}]],0,0,[],[],[]],[[{"name":"14","rect":[765,398,182,182],"offset":[0,0],"originalSize":[182,182],"capInsets":[0,0,0,0]}],[0],0,[0],[0],[0]],[[{"name":"08","rect":[157,910,71,76],"offset":[0,0],"originalSize":[71,76],"capInsets":[0,0,0,0]}],[0],0,[0],[0],[0]],[[{"name":"11","rect":[3,971,44,44],"offset":[0,0],"originalSize":[44,44],"capInsets":[0,0,0,0]}],[0],0,[0],[0],[0]],[[{"name":"01a","rect":[765,236,156,213],"offset":[0,0],"originalSize":[156,213],"rotated":1,"capInsets":[0,0,0,0]}],[0],0,[0],[0],[0]]]]