[1,["2bCOm2FClL8JgHy+RDMb5n","7dVuuIfZtEg7RpRthc2l/b"],["spriteFrame","_textureSetter"],["cc.SpriteFrame",["cc.BitmapFont",["_name","fontSize","_fntConfig"],0]],[[1,0,1,2,4]],[[[[0,"autofont",32,{"commonHeight":55,"fontSize":32,"atlasName":"C:\\Users\\Administrator\\Desktop\\autofont.png","fontDefDictionary":{"9":{"xOffset":0,"yOffset":0,"xAdvance":8,"rect":{"x":0,"y":0,"width":0,"height":0}},"32":{"xOffset":0,"yOffset":0,"xAdvance":1,"rect":{"x":0,"y":0,"width":0,"height":0}},"48":{"xOffset":0,"yOffset":37,"xAdvance":16,"rect":{"x":16,"y":19,"width":15,"height":18}},"49":{"xOffset":0,"yOffset":37,"xAdvance":14,"rect":{"x":46,"y":38,"width":13,"height":18}},"50":{"xOffset":0,"yOffset":37,"xAdvance":16,"rect":{"x":16,"y":0,"width":15,"height":18}},"51":{"xOffset":0,"yOffset":37,"xAdvance":15,"rect":{"x":31,"y":38,"width":14,"height":18}},"52":{"xOffset":0,"yOffset":37,"xAdvance":16,"rect":{"x":0,"y":38,"width":15,"height":18}},"53":{"xOffset":0,"yOffset":37,"xAdvance":15,"rect":{"x":32,"y":19,"width":14,"height":18}},"54":{"xOffset":0,"yOffset":37,"xAdvance":15,"rect":{"x":32,"y":0,"width":14,"height":18}},"55":{"xOffset":0,"yOffset":37,"xAdvance":16,"rect":{"x":0,"y":19,"width":15,"height":18}},"56":{"xOffset":0,"yOffset":37,"xAdvance":15,"rect":{"x":16,"y":38,"width":14,"height":18}},"57":{"xOffset":0,"yOffset":37,"xAdvance":16,"rect":{"x":0,"y":0,"width":15,"height":18}}},"kerningDict":{}}]],0,0,[0],[0],[0]],[[{"name":"autofont","rect":[0,0,59,56],"offset":[-2.5,4],"originalSize":[64,64],"capInsets":[0,0,0,0]}],[0],0,[0],[1],[1]]]]