[1,0,0,[["cc.AnimationClip",["_name","_duration","wrapMode","curveData"],0,11]],[[0,0,1,2,3,4]],[[0,"xs",1.4166666666666667,2,[{},"paths",11,[{},"scattr_4444",11,[{},"props",11,[{"opacity":[{"frame":0,"value":0},{"frame":0.36666666666666664,"value":255},{"frame":1.1833333333333333,"value":0}]},"scale",12,[[[{"frame":0},"value",8,[0,0,0]],[{"frame":1.1833333333333333},"value",8,[0,1.6,1.6]]],11,11]]],"scattr_555",11,[{},"props",11,[{"opacity":[{"frame":0.23333333333333334,"value":0},{"frame":0.6,"value":255},{"frame":1.4166666666666667,"value":0}]},"scale",12,[[[{"frame":0.23333333333333334},"value",8,[0,0,0]],[{"frame":1.4166666666666667},"value",8,[0,1.6,1.6]]],11,11]]],"scattr_2",11,[{},"props",11,[{},"scale",12,[[[{"frame":0},"value",8,[0,1,1]],[{"frame":0.31666666666666665},"value",8,[0,1.2,1.2]],[{"frame":0.7},"value",8,[0,1.3,1.3]],[{"frame":1.3333333333333333},"value",8,[0,1,1]]],11,11,11,11]]],"scattr1121212",11,[{},"props",11,[{"position":[{"frame":0,"value":[0,-52.231,0]}],"opacity":[{"frame":0.25,"value":0},{"frame":0.5,"value":150},{"frame":1,"value":0}]},"scale",12,[[[{"frame":0},"value",8,[0,1,1]],[{"frame":0.25},"value",8,[0,1.3,1.3]],[{"frame":0.3},"value",8,[0,1.2,1.2]],[{"frame":0.5833333333333334},"value",8,[0,1.2,1.2]],[{"frame":1},"value",8,[0,1,1]]],11,11,11,11,11]]],"scattr11212122",11,[{},"props",11,[{},"scale",12,[[[{"frame":0},"value",8,[0,1,1]],[{"frame":0.25},"value",8,[0,1.3,1.3]],[{"frame":0.3},"value",8,[0,1.2,1.2]],[{"frame":0.5833333333333334},"value",8,[0,1.2,1.2]],[{"frame":1},"value",8,[0,1,1]]],11,11,11,11,11]]]]]]],0,0,[],[],[]]