[1,["1fe3115a7","ecpdLyjvZBwrvm+cedCcQy","187d5d741","a3sEvgbJpFvJs4L1TjaBVc","f0BIwQ8D5Ml7nTNQbh1YlS","71VhFCTINJM6/Ky3oX9nBT","51Y9KrWHdKw4WnkGJT5TFZ","09NgD7t8lLyIXnqewQmJU+","77SP6QaRpJcZlP0YfoBJ55","3f14SpQiNC64A8fnZiar8v","95ZYv5fTJIpqZbLe+Fsr/5","44ve6OY6JPXbiVXkwdi7Fj","2bYGNl0QVEdYndcQTn3buf","69NUt7u/BHSYdsI1A+3h3u","a2MjXRFdtLlYQ5ouAFv/+R","7a/QZLET9IDreTiBfRn2PD","72/f/TMQBAM56DeSMupEE+","f8qdRofRhEkKUHKA8rDSAl","adQxayvdNCqZgMzZgh2dru","e97GVMl6JHh5Ml5qEDdSGa","29FYIk+N1GYaeWH/q1NxQO","b4P/PCArtIdIH38t6mlw8Y","e8Ueib+qJEhL6mXAHdnwbi"],["node","_textureSetter","_spriteFrame","loadLabel","updateNode","LoadingBlackNode","txUpdateInfo","loadingLabel","scene","_parent","_N$skeletonData","_defaultClip","_N$normalSprite","_N$pressedSprite","_N$hoverSprite","_N$disabledSprite"],["cc.SpriteFrame",["cc.Node",["_name","_active","_id","_opacity","_objFlags","_components","_contentSize","_parent","_trs","_children","_color","_anchorPoint"],-2,9,5,1,7,2,5,5],"cc.Texture2D",["cc.Widget",["_alignFlags","_bottom","_originalWidth","_originalHeight","_left","_right","_top","node"],-4,1],["cc.Sprite",["_sizeMode","node","_materials","_spriteFrame"],2,1,3,6],["cc.Node",["_name","_active","_parent","_components","_contentSize","_trs","_anchorPoint","_color"],1,1,2,5,7,5,5],["cc.Label",["_string","_fontSize","_N$horizontalAlign","_N$verticalAlign","_N$overflow","_N$cacheMode","_underlineHeight","node","_materials"],-4,1,3],["sp.SkeletonData",["_name","_atlasText","textureNames","_skeletonJson","textures"],-1,3],["cc.AnimationClip",["_name","_duration","wrapMode","curveData"],0,11],["cc.SceneAsset",["_name","asyncLoadAssets"],1],["cc.Canvas",["node","_designResolution"],3,1,5],["1592cRsbqBITYY4Dc/zp99w",["node","loadingLabel","txUpdateInfo","LoadingBlackNode","updateNode","loadLabel"],3,1,1,1,1,1,1],["4c7c1nM8b9KxYmLXgi0Spt3",["node"],3,1],["cc.Animation",["playOnLoad","node","_clips","_defaultClip"],2,1,12,6],["cc.Mask",["node","_materials"],3,1,3],["cc.Scene",["_name","_active","autoReleaseAssets","_children","_anchorPoint","_trs"],0,2,5,7],["cc.Camera",["_clearFlags","_depth","node"],1,1],["6dbaacb0j9CkpNlQEFpLMCG",["_string","_fontSize","_enableWrapText","_N$textKey","node","_materials"],-1,1,3],["sp.Skeleton",["defaultSkin","defaultAnimation","_preCacheMode","_animationName","node","_materials","_N$skeletonData"],-1,1,3,6],["cc.Button",["node","clickEvents","_N$normalColor","_N$pressedColor","_N$disabledColor","_N$normalSprite","_N$pressedSprite","_N$hoverSprite","_N$disabledSprite"],3,1,9,5,5,5,6,6,6,6],["cc.ClickEvent",["_componentId","handler","target"],1,1],["9d7c2UfJT5AZpWA7rbBxyAW",["node"],3,1]],[[1,0,7,5,6,2],[3,0,7,2],[1,0,7,5,6,8,2],[4,1,2,3,1],[3,0,2,3,7,4],[4,0,1,2,3,2],[1,0,1,7,5,6,8,3],[4,1,2,1],[6,0,1,2,3,7,8,5],[7,0,1,2,3,4,5],[8,0,1,2,3,4],[9,0,1,3],[1,0,2,9,5,6,8,3],[1,0,1,7,9,5,10,6,3],[1,0,7,9,5,10,6,2],[1,0,7,9,5,6,2],[1,0,3,7,5,10,6,3],[1,0,7,9,5,6,8,2],[1,0,7,9,5,6,11,8,2],[1,0,7,5,10,6,8,2],[1,0,4,7,5,6,11,8,3],[1,0,7,5,10,6,11,8,2],[1,0,7,5,2],[5,0,1,2,3,4,6,5,3],[5,0,1,2,3,7,4,5,3],[5,0,2,3,7,4,6,5,2],[10,0,1,1],[3,0,1,7,3],[3,0,4,5,6,1,7,6],[11,0,1,2,3,4,5,1],[12,0,1],[13,0,1,2,3,2],[4,0,1,2,2],[14,0,1,1],[6,0,1,2,3,4,5,7,8,7],[6,0,1,6,7,8,4],[15,0,1,2,3,4,5,4],[16,0,1,2,3],[17,0,1,2,3,4,5,5],[18,0,1,2,3,4,5,6,5],[19,0,1,2,3,4,5,6,7,8,1],[20,0,1,2,3],[21,0,1]],[[[{"name":"setting_bk","rect":[3,3,680,474],"offset":[0,0],"originalSize":[680,474],"capInsets":[0,0,0,0]}],[0],0,[0],[1],[0]],[["0,9729,9729,33071,33071,0,0,1",-1],[2],0,[],[],[]],[[{"name":"logout","rect":[783,472,443,75],"offset":[0,0],"originalSize":[443,75],"rotated":1,"capInsets":[0,0,0,0]}],[0],0,[0],[1],[0]],[["0,9729,9729,33071,33071,0,0,0",-1],[2],0,[],[],[]],[[{"name":"img_opt ","rect":[783,921,192,83],"offset":[0,0],"originalSize":[192,83],"capInsets":[0,0,0,0]}],[0],0,[0],[1],[0]],[["0,9729,9729,33071,33071,0,0,0",-1],[2],0,[],[],[]],[[{"name":"default_btn_disabled","rect":[0,0,40,40],"offset":[0,0],"originalSize":[40,40],"capInsets":[12,12,12,12]}],[0],0,[0],[1],[5]],[[{"name":"03","rect":[181,3,82,81],"offset":[0.5,1],"originalSize":[83,83],"capInsets":[0,0,0,0]}],[0],0,[0],[1],[2]],[[{"name":"title","rect":[864,472,208,36],"offset":[0,0],"originalSize":[208,36],"rotated":1,"capInsets":[0,0,0,0]}],[0],0,[0],[1],[0]],[[{"name":"01","rect":[689,3,463,277],"offset":[23,3.5],"originalSize":[565,374],"rotated":1,"capInsets":[0,0,0,0]}],[0],0,[0],[1],[0]],[[{"name":"04","rect":[3,3,83,83],"offset":[0,0],"originalSize":[83,83],"capInsets":[0,0,0,0]}],[0],0,[0],[1],[2]],[[{"name":"invite_btn_guanbi2","rect":[269,3,67,67],"offset":[0,0],"originalSize":[67,67],"capInsets":[0,0,0,0]}],[0],0,[0],[1],[2]],[[{"name":"img_cdkey_title","rect":[864,884,132,30],"offset":[0,0],"originalSize":[132,30],"capInsets":[0,0,0,0]}],[0],0,[0],[1],[0]],[[{"name":"btn_setting_off","rect":[906,472,171,59],"offset":[0,0],"originalSize":[171,59],"rotated":1,"capInsets":[0,0,0,0]}],[0],0,[0],[1],[0]],[[{"name":"download","rect":[864,686,192,63],"offset":[0,0],"originalSize":[196,67],"rotated":1,"capInsets":[0,0,0,0]}],[0],0,[0],[1],[0]],[[{"name":"icon_mail","rect":[972,371,62,42],"offset":[0,0],"originalSize":[62,42],"rotated":1,"capInsets":[0,0,0,0]}],[0],0,[0],[1],[0]],[["0,9729,9729,33071,33071,0,0,1",-1],[2],0,[],[],[]],[[{"name":"box_frame_1","rect":[981,975,32,33],"offset":[0,0],"originalSize":[32,33],"capInsets":[5,7,6,10]}],[0],0,[0],[1],[0]],[[{"name":"bg","rect":[0,0,1415,720],"offset":[0,0],"originalSize":[1415,720],"capInsets":[0,0,0,0]}],[0],0,[0],[1],[6]],[[{"name":"icon_round_arrow","rect":[981,920,49,37],"offset":[0,0],"originalSize":[49,37],"rotated":1,"capInsets":[0,0,0,0]}],[0],0,[0],[1],[0]],[["0,9729,9729,33071,33071,0,0,1",-1],[2],0,[],[],[]],[[[9,"daiqiu","\ndaiqiu.png\nsize: 1024,256\nformat: RGBA8888\nfilter: Linear,Linear\nrepeat: none\n01\n  rotate: true\n  xy: 307, 189\n  size: 56, 285\n  orig: 56, 285\n  offset: 0, 0\n  index: -1\n02\n  rotate: false\n  xy: 307, 74\n  size: 74, 113\n  orig: 74, 113\n  offset: 0, 0\n  index: -1\n03\n  rotate: false\n  xy: 2, 16\n  size: 303, 229\n  orig: 303, 229\n  offset: 0, 0\n  index: -1\na\n  rotate: false\n  xy: 626, 206\n  size: 28, 39\n  orig: 28, 39\n  offset: 0, 0\n  index: -1\na01\n  rotate: true\n  xy: 2, 2\n  size: 12, 28\n  orig: 12, 28\n  offset: 0, 0\n  index: -1\nd\n  rotate: false\n  xy: 383, 107\n  size: 27, 39\n  orig: 27, 39\n  offset: 0, 0\n  index: -1\ng\n  rotate: false\n  xy: 414, 148\n  size: 27, 39\n  orig: 27, 39\n  offset: 0, 0\n  index: -1\ni\n  rotate: false\n  xy: 307, 33\n  size: 29, 39\n  orig: 29, 39\n  offset: 0, 0\n  index: -1\nl\n  rotate: false\n  xy: 594, 206\n  size: 30, 39\n  orig: 30, 39\n  offset: 0, 0\n  index: -1\nn\n  rotate: false\n  xy: 383, 148\n  size: 29, 39\n  orig: 29, 39\n  offset: 0, 0\n  index: -1\no\n  rotate: false\n  xy: 338, 33\n  size: 28, 39\n  orig: 28, 39\n  offset: 0, 0\n  index: -1\n",["daiqiu.png"],{"skeleton":{"hash":"9RGMlhcNc67/P+O//0jM35fUDXY","spine":"3.6.53","width":242.4,"height":962.39},"bones":[{"name":"root","scaleX":0.8,"scaleY":0.8},{"name":"02","parent":"root","x":-65.79,"y":-3.76},{"name":"1","parent":"02","y":94.51},{"name":"2","parent":"root","y":-3.76},{"name":"3","parent":"2","y":94.51},{"name":"4","parent":"root","x":65.79,"y":-3.76},{"name":"5","parent":"4","y":94.51},{"name":"a","parent":"root","x":-54.33,"y":-94.62},{"name":"a01","parent":"root","x":62.61,"y":-100.4},{"name":"a1","parent":"root","x":72.66,"y":-100.4},{"name":"a2","parent":"root","x":82.56,"y":-100.4},{"name":"a3","parent":"root","x":92.76,"y":-100.4},{"name":"a4","parent":"root","x":103.11,"y":-100.4},{"name":"a5","parent":"root","x":112.71,"y":-100.4},{"name":"a6","parent":"root","x":122.91,"y":-100.4},{"name":"d","parent":"root","x":-30.24,"y":-95.32},{"name":"g","parent":"root","x":45.81,"y":-95.32},{"name":"i","parent":"root","x":-4.89,"y":-95.32},{"name":"l","parent":"root","x":-105.4,"y":-95.17},{"name":"n","parent":"root","x":20.31,"y":-94.72},{"name":"o","parent":"root","x":-79.35,"y":-94.79}],"slots":[{"name":"03","bone":"root","attachment":"03"},{"name":"15","bone":"root","blend":"additive"},{"name":"02","bone":"02","attachment":"02"},{"name":"7","bone":"2","attachment":"02"},{"name":"14","bone":"4","attachment":"02"},{"name":"5","bone":"02","attachment":"02","blend":"additive"},{"name":"8","bone":"2","attachment":"02","blend":"additive"},{"name":"16","bone":"4","attachment":"02","blend":"additive"},{"name":"l","bone":"l","attachment":"l"},{"name":"o","bone":"o","attachment":"o"},{"name":"a","bone":"a","attachment":"a"},{"name":"d","bone":"d","attachment":"d"},{"name":"i","bone":"i","attachment":"i"},{"name":"n","bone":"n","attachment":"n"},{"name":"g","bone":"g","attachment":"g"},{"name":"a01","bone":"a01","attachment":"a01"},{"name":"a1","bone":"a1","attachment":"a01"},{"name":"a2","bone":"a2","attachment":"a01"},{"name":"a3","bone":"a3","attachment":"a01"},{"name":"a4","bone":"a4","attachment":"a01"},{"name":"a5","bone":"a5","attachment":"a01"},{"name":"a6","bone":"a6","attachment":"a01"},{"name":"111","bone":"root","attachment":"111"},{"name":"1","bone":"1","attachment":"01"},{"name":"9","bone":"3","attachment":"01"},{"name":"17","bone":"5","attachment":"01"},{"name":"2","bone":"1","attachment":"01"},{"name":"10","bone":"3","attachment":"01"},{"name":"18","bone":"5","attachment":"01"},{"name":"3","bone":"1","attachment":"01"},{"name":"11","bone":"3","attachment":"01"},{"name":"19","bone":"5","attachment":"01"},{"name":"4","bone":"1","attachment":"01"},{"name":"12","bone":"3","attachment":"01"},{"name":"20","bone":"5","attachment":"01"},{"name":"6","bone":"1","attachment":"01","blend":"additive"},{"name":"13","bone":"3","attachment":"01","blend":"additive"},{"name":"21","bone":"5","attachment":"01","blend":"additive"}],"skins":{"default":{"1":{"01":{"y":-0.04,"width":56,"height":285}},"2":{"01":{"y":284.94,"width":56,"height":285}},"3":{"01":{"y":570.01,"width":56,"height":285}},"4":{"01":{"y":854.91,"width":56,"height":285}},"5":{"02":{"width":74,"height":113}},"6":{"01":{"y":854.91,"width":56,"height":285}},"7":{"02":{"width":74,"height":113}},"8":{"02":{"width":74,"height":113}},"9":{"01":{"y":-0.04,"width":56,"height":285}},"10":{"01":{"y":284.94,"width":56,"height":285}},"11":{"01":{"y":570.01,"width":56,"height":285}},"12":{"01":{"y":854.91,"width":56,"height":285}},"13":{"01":{"y":854.91,"width":56,"height":285}},"14":{"02":{"width":74,"height":113}},"15":{"03":{"width":303,"height":229}},"16":{"02":{"width":74,"height":113}},"17":{"01":{"y":-0.04,"width":56,"height":285}},"18":{"01":{"y":284.94,"width":56,"height":285}},"19":{"01":{"y":570.01,"width":56,"height":285}},"20":{"01":{"y":854.91,"width":56,"height":285}},"21":{"01":{"y":854.91,"width":56,"height":285}},"111":{"111":{"type":"clipping","end":"111","vertexCount":4,"vertices":[-87.52,43.44,87.2,43.39,88.15,-51.1,-87.87,-49.72]}},"02":{"02":{"width":74,"height":113}},"03":{"03":{"width":303,"height":229}},"a":{"a":{"width":28,"height":39}},"a01":{"a01":{"y":-0.02,"width":12,"height":28}},"a1":{"a01":{"y":-0.02,"width":12,"height":28}},"a2":{"a01":{"y":-0.02,"width":12,"height":28}},"a3":{"a01":{"y":-0.02,"width":12,"height":28}},"a4":{"a01":{"y":-0.02,"width":12,"height":28}},"a5":{"a01":{"y":-0.02,"width":12,"height":28}},"a6":{"a01":{"y":-0.02,"width":12,"height":28}},"d":{"d":{"width":27,"height":39}},"g":{"g":{"width":27,"height":39}},"i":{"i":{"width":29,"height":39}},"l":{"l":{"x":0.04,"width":30,"height":39}},"n":{"n":{"width":29,"height":39}},"o":{"o":{"width":28,"height":39}}}},"animations":{"animation":{"slots":{"5":{"color":[{"time":0,"color":"ffffff00"},{"time":1.1667,"color":"ffffff64"},{"time":2.3333,"color":"ffffff00"},{"time":3.5,"color":"ffffff64"},{"time":4.6667,"color":"ffffff00","curve":"stepped"},{"time":4.8333,"color":"ffffff00"},{"time":5.1667,"color":"ffffff64"},{"time":6.1667,"color":"ffffff00"}]},"6":{"color":[{"time":0,"color":"ffffff00","curve":"stepped"},{"time":3.1667,"color":"ffffff00","curve":"stepped"},{"time":4.5,"color":"ffffff00"},{"time":4.8333,"color":"ffffffff"},{"time":5.8333,"color":"ffffff00"}]},"8":{"color":[{"time":0,"color":"ffffff00"},{"time":1.1667,"color":"ffffff64"},{"time":2.3333,"color":"ffffff00"},{"time":3.5,"color":"ffffff64"},{"time":4.6667,"color":"ffffff00","curve":"stepped"},{"time":4.8333,"color":"ffffff00"},{"time":5.1667,"color":"ffffff64"},{"time":6.1667,"color":"ffffff00"}]},"13":{"color":[{"time":0,"color":"ffffff00","curve":"stepped"},{"time":3.8333,"color":"ffffff00","curve":"stepped"},{"time":4.5,"color":"ffffff00"},{"time":4.8333,"color":"ffffffff"},{"time":5.8333,"color":"ffffff00"}]},"15":{"color":[{"time":0,"color":"ffffff00"},{"time":1.1667,"color":"ffffff64"},{"time":2.3333,"color":"ffffff00"},{"time":3.5,"color":"ffffff64"},{"time":4.6667,"color":"ffffff00","curve":"stepped"},{"time":4.8333,"color":"ffffff00"},{"time":5.1667,"color":"ffffff64"},{"time":6.1667,"color":"ffffff00"}]},"16":{"color":[{"time":0,"color":"ffffff00"},{"time":1.1667,"color":"ffffff64"},{"time":2.3333,"color":"ffffff00"},{"time":3.5,"color":"ffffff64"},{"time":4.6667,"color":"ffffff00","curve":"stepped"},{"time":4.8333,"color":"ffffff00"},{"time":5.1667,"color":"ffffff64"},{"time":6.1667,"color":"ffffff00"}]},"21":{"color":[{"time":0,"color":"ffffff00","curve":"stepped"},{"time":4.1667,"color":"ffffff00","curve":"stepped"},{"time":4.5,"color":"ffffff00"},{"time":4.8333,"color":"ffffffff"},{"time":5.8333,"color":"ffffff00"}]}},"bones":{"1":{"translate":[{"time":0,"x":0,"y":0,"curve":"stepped"},{"time":0.1667,"x":0,"y":0,"curve":[0.345,0,0.682,0.38]},{"time":1.6667,"x":0,"y":-469.56,"curve":[0,0,0.531,1]},{"time":3,"x":0,"y":-859.51},{"time":3.1667,"x":0,"y":-854.75}]},"3":{"translate":[{"time":0,"x":0,"y":0,"curve":"stepped"},{"time":0.6667,"x":0,"y":0,"curve":[0.345,0,0.682,0.38]},{"time":2.1667,"x":0,"y":-469.56,"curve":[0,0,0.531,1]},{"time":3.6667,"x":0,"y":-859.51},{"time":3.8333,"x":0,"y":-854.75}]},"5":{"translate":[{"time":0,"x":0,"y":0,"curve":"stepped"},{"time":1,"x":0,"y":0,"curve":[0.345,0,0.682,0.38]},{"time":2.5,"x":0,"y":-469.56,"curve":[0,0,0.531,1]},{"time":4,"x":0,"y":-859.51},{"time":4.1667,"x":0,"y":-854.75}]},"l":{"translate":[{"time":0,"x":0,"y":0},{"time":0.1667,"x":0,"y":6},{"time":0.3333,"x":0,"y":0,"curve":"stepped"},{"time":3,"x":0,"y":0},{"time":3.1667,"x":0,"y":6},{"time":3.3333,"x":0,"y":0}]},"a":{"translate":[{"time":0.3333,"x":0,"y":0},{"time":0.5,"x":0,"y":6},{"time":0.6667,"x":0,"y":0,"curve":"stepped"},{"time":3.3333,"x":0,"y":0},{"time":3.5,"x":0,"y":6},{"time":3.6667,"x":0,"y":0}]},"d":{"translate":[{"time":0.5,"x":0,"y":0},{"time":0.6667,"x":0,"y":6},{"time":0.8333,"x":0,"y":0,"curve":"stepped"},{"time":3.5,"x":0,"y":0},{"time":3.6667,"x":0,"y":6},{"time":3.8333,"x":0,"y":0}]},"i":{"translate":[{"time":0.6667,"x":0,"y":0},{"time":0.8333,"x":0,"y":6},{"time":1,"x":0,"y":0,"curve":"stepped"},{"time":3.6667,"x":0,"y":0},{"time":3.8333,"x":0,"y":6},{"time":4,"x":0,"y":0}]},"n":{"translate":[{"time":0.8333,"x":0,"y":0},{"time":1,"x":0,"y":6},{"time":1.1667,"x":0,"y":0,"curve":"stepped"},{"time":3.8333,"x":0,"y":0},{"time":4,"x":0,"y":6},{"time":4.1667,"x":0,"y":0}]},"g":{"translate":[{"time":1,"x":0,"y":0},{"time":1.1667,"x":0,"y":6},{"time":1.3333,"x":0,"y":0,"curve":"stepped"},{"time":4,"x":0,"y":0},{"time":4.1667,"x":0,"y":6},{"time":4.3333,"x":0,"y":0}]},"a01":{"translate":[{"time":1.1667,"x":0,"y":0},{"time":1.3333,"x":0,"y":6},{"time":1.5,"x":0,"y":0,"curve":"stepped"},{"time":4.1667,"x":0,"y":0},{"time":4.3333,"x":0,"y":6},{"time":4.5,"x":0,"y":0}]},"a1":{"translate":[{"time":1.3333,"x":0,"y":0},{"time":1.5,"x":0,"y":6},{"time":1.6667,"x":0,"y":0,"curve":"stepped"},{"time":4.3333,"x":0,"y":0},{"time":4.5,"x":0,"y":6},{"time":4.6667,"x":0,"y":0}]},"a2":{"translate":[{"time":1.5,"x":0,"y":0},{"time":1.6667,"x":0,"y":6},{"time":1.8333,"x":0,"y":0,"curve":"stepped"},{"time":4.5,"x":0,"y":0},{"time":4.6667,"x":0,"y":6},{"time":4.8333,"x":0,"y":0}]},"a3":{"translate":[{"time":1.6667,"x":0,"y":0},{"time":1.8333,"x":0,"y":6},{"time":2,"x":0,"y":0,"curve":"stepped"},{"time":4.6667,"x":0,"y":0},{"time":4.8333,"x":0,"y":6},{"time":5,"x":0,"y":0}]},"a4":{"translate":[{"time":1.8333,"x":0,"y":0},{"time":2,"x":0,"y":6},{"time":2.1667,"x":0,"y":0,"curve":"stepped"},{"time":4.8333,"x":0,"y":0},{"time":5,"x":0,"y":6},{"time":5.1667,"x":0,"y":0}]},"a5":{"translate":[{"time":2,"x":0,"y":0},{"time":2.1667,"x":0,"y":6},{"time":2.3333,"x":0,"y":0,"curve":"stepped"},{"time":5,"x":0,"y":0},{"time":5.1667,"x":0,"y":6},{"time":5.3333,"x":0,"y":0}]},"a6":{"translate":[{"time":2.1667,"x":0,"y":0},{"time":2.3333,"x":0,"y":6},{"time":2.5,"x":0,"y":0,"curve":"stepped"},{"time":5.1667,"x":0,"y":0},{"time":5.3333,"x":0,"y":6},{"time":5.5,"x":0,"y":0}]},"o":{"translate":[{"time":0.1667,"x":0,"y":0},{"time":0.3333,"x":0,"y":6},{"time":0.5,"x":0,"y":0,"curve":"stepped"},{"time":3.1667,"x":0,"y":0},{"time":3.3333,"x":0,"y":6},{"time":3.5,"x":0,"y":0}]}}}}},[0]]],0,0,[0],[-1],[7]],[[{"name":"popup_bk","rect":[0,0,1072,639],"offset":[0,0],"originalSize":[1072,639],"capInsets":[370,314,372,225]}],[0],0,[0],[1],[8]],[["0,9729,9729,33071,33071,0,0,1",-1],[2],0,[],[],[]],[[{"name":"btn_setting_on","rect":[933,682,171,59],"offset":[0,0],"originalSize":[171,59],"rotated":1,"capInsets":[0,0,0,0]}],[0],0,[0],[1],[0]],[[{"name":"icon_mailopen","rect":[342,3,62,56],"offset":[0,0],"originalSize":[62,56],"capInsets":[0,0,0,0]}],[0],0,[0],[1],[2]],[[{"name":"title_mail","rect":[972,130,118,33],"offset":[0.5,-0.5],"originalSize":[119,34],"rotated":1,"capInsets":[0,0,0,0]}],[0],0,[0],[1],[0]],[[{"name":"popBorder","rect":[3,483,774,456],"offset":[0,0],"originalSize":[774,456],"capInsets":[0,0,0,0]}],[0],0,[0],[1],[0]],[[{"name":"title_setting","rect":[972,254,111,34],"offset":[-0.5,0],"originalSize":[166,34],"rotated":1,"capInsets":[0,0,0,0]}],[0],0,[0],[1],[0]],[[{"name":"02","rect":[92,3,82,83],"offset":[0.5,0],"originalSize":[83,83],"rotated":1,"capInsets":[0,0,0,0]}],[0],0,[0],[1],[2]],[[{"name":"sound","rect":[971,472,127,27],"offset":[0,0],"originalSize":[127,27],"rotated":1,"capInsets":[0,0,0,0]}],[0],0,[0],[1],[0]],[[[10,"loading",2,2,[{},"paths",11,[{"Loading002":{"props":{"angle":[{"frame":0,"value":0},{"frame":2,"value":-360}]}}},"Loading001",11,[{},"props",11,[{},"scale",12,[[[{"frame":0},"value",8,[0,1,1]],[{"frame":0.5},"value",8,[0,0,1.2]],[{"frame":1},"value",8,[0,1,1]],[{"frame":1.5},"value",8,[0,0,1.2]],[{"frame":2},"value",8,[0,1,1]]],11,11,11,11,11]]]]]]],0,0,[],[],[]],[[{"name":"05","rect":[3,945,758,37],"offset":[0,0],"originalSize":[758,37],"capInsets":[0,0,0,0]}],[0],0,[0],[1],[0]],[[{"name":"title_prefect","rect":[3,92,481,36],"offset":[0.5,-1],"originalSize":[482,38],"capInsets":[0,0,0,0]}],[0],0,[0],[1],[2]],[[[11,"LoadScene",{}],[12,"Canvas","a5esZu+45LA5mBpvttspPD",[-10,-11,-12,-13,-14,-15,-16,-17,-18,-19,-20,-21,-22],[[26,-1,[5,1520,720]],[1,45,-2],[29,-8,-7,-6,-5,-4,-3],[30,-9]],[5,1520,720],[760,360,0,0,0,0,1,1,1,1]],[13,"imgBlackBg",false,1,[-25,-26,-27,-28,-29],[[4,45,1520,720,-23],[31,true,-24,[[null,18],0,6],17]],[4,4278190080],[5,1520,720]],[14,"nodeUpdate",1,[-32,-33,-34,-35],[[1,45,-30],[32,0,-31,[27]]],[4,4278190080],[5,1520,720]],[15,"imgBg",1,[-38,-39,-40,-41],[[5,0,-36,[8],9],[4,45,1520,720,-37]],[5,1520,720]],[16,"New Sprite(Splash)",180,2,[[5,0,-42,[10],11],[4,45,100,100,-43]],[4,4278190080],[5,1520,720]],[17,"propress",3,[-45],[[5,2,-44,[22],23]],[5,758,37],[1.962,-205.553,0,0,0,0,1,1,1,1]],[18,"progressMask",6,[-47],[[33,-46,[21]]],[5,747.1,47],[0,0,0.5],[-372.7,1.2,0,0,0,0,1,1,1,1]],[19,"txLoadTip",1,[[34,"Resist bad games, refuse pirated games, pay attention to self-protection, beware of being cheated, moderate\ngames benefit the brain, addiction to games hurt the body, reasonable arrangement of time, enjoy a healthy life",25.9,1,1,2,2,-48,[28]],[27,4,10.47399999999999,-49]],[4,4282550739],[5,1284,80],[-0.386,-309.526,0,0,0,0,1,1,1,1]],[36,"New Node",false,true,[1],[0,0,0],[0,0,0,0,0,0,1,1,1,1]],[0,"Main Camera",1,[[37,7,-1,-50]],[5,960,640]],[2,"login_logo_1",4,[[3,-51,[0],1]],[5,463,277],[22.501,110.796,0,0,0,0,1,1,1,1]],[2,"02",4,[[3,-52,[2],3]],[5,82,83],[503.659,-204.765,0,0,0,0,1,1,1,1]],[2,"04",4,[[3,-53,[4],5]],[5,83,83],[619.096,-205.864,0,0,0,0,1,1,1,1]],[2,"03",4,[[3,-54,[6],7]],[5,82,81],[-619.405,-204.665,0,0,0,0,1,1,1,1]],[6,"Loading002",false,2,[[7,-55,[12]]],[5,134,134],[0,10,0,0,0,0,1,1,1,1]],[6,"Loading001",false,2,[[7,-56,[13]]],[5,49,50],[0,10,0,0,0,0,1,1,1,1]],[23,"txLoading",false,2,[-57],[5,197.67,50.4],[0,0,0.5],[-115.638,-64.764,0,0,0,0,1,1,1,1]],[38,"Loading...",45,false,"LoadScene/LoadScene/txLoading",17,[14]],[0,"anim",2,[[39,"default","animation",0,"animation",-58,[15],16]],[5,242.4,962.39]],[20,"bar",512,7,[[3,-59,[19],20]],[5,746,25],[0,0,0.5],[0,-1.098,0,0,0,0,1,1,1,1]],[24,"txUpdateInfo",false,3,[-60],[4,4288962826],[5,272.57,50.4],[0,-170,0,0,0,0,1,1,1,1]],[35,"LOADING....80%",35.8,-2,21,[24]],[21,"label",3,[[8,"LOADING....",30,1,1,-61,[25]]],[4,4288962826],[5,168.37,50.4],[0,0,0.5],[-142.666,-170,0,0,0,0,1,1,1,1]],[25,"label",3,[-62],[4,4288962826],[5,60.04,50.4],[0,0,0.5],[24.697,-170,0,0,0,0,1,1,1,1]],[8,"80%",30,1,1,24,[26]],[0,"Background",1,[[1,45,-63]],[5,1520,720]],[0,"ContentDownLayer",1,[[1,45,-64]],[5,1520,720]],[0,"ContentUpLayer",1,[[1,45,-65]],[5,1520,720]],[0,"MaskLayer",1,[[1,45,-66]],[5,1520,720]],[0,"PopupLayer",1,[[1,45,-67]],[5,1520,720]],[2,"WindowLayer",1,[[28,45,1.2820000000000302,-1.2820000000000302,0.2559999999999991,-0.2559999999999991,-68]],[5,1520,720],[1.282000000000039,-0.2559999999999718,0,0,0,0,1,1,1,1]],[2,"check_btn",1,[[40,-69,[[41,"1592cRsbqBITYY4Dc/zp99w","onClickRef",1]],[4,4293322470],[4,4291348680],[4,3363338360],29,30,31,32]],[5,120,100],[0,1,0,0,0,0,1,1,1,1]],[22,"SceneAdapter",1,[[42,-70]]]],0,[0,0,1,0,0,1,0,3,25,0,4,3,0,5,2,0,6,22,0,7,18,0,0,1,0,0,1,0,-1,10,0,-2,4,0,-3,2,0,-4,3,0,-5,8,0,-6,26,0,-7,27,0,-8,28,0,-9,29,0,-10,30,0,-11,31,0,-12,32,0,-13,33,0,0,2,0,0,2,0,-1,5,0,-2,15,0,-3,16,0,-4,17,0,-5,19,0,0,3,0,0,3,0,-1,6,0,-2,21,0,-3,23,0,-4,24,0,0,4,0,0,4,0,-1,11,0,-2,12,0,-3,13,0,-4,14,0,0,5,0,0,5,0,0,6,0,-1,7,0,0,7,0,-1,20,0,0,8,0,0,8,0,0,10,0,0,11,0,0,12,0,0,13,0,0,14,0,0,15,0,0,16,0,-1,18,0,0,19,0,0,20,0,-1,22,0,0,23,0,-1,25,0,0,26,0,0,27,0,0,28,0,0,29,0,0,30,0,0,31,0,0,32,0,0,33,0,8,9,1,9,9,70],[0,0,0,0,0,0,0,0,0,0,0,0,0,0,0,0,0,0,0,0,0,0,0,0,0,0,0,0,0,0,0,0,0],[-1,2,-1,2,-1,2,-1,2,-1,2,-1,2,-1,-1,-1,-1,10,11,-2,-1,2,-1,-1,2,-1,-1,-1,-1,-1,12,13,14,15],[1,9,1,10,1,11,1,12,1,13,1,14,1,1,1,15,16,3,3,1,17,1,1,18,1,1,1,1,1,4,19,4,20]],[["0,9729,9729,33071,33071,0,0,1",-1],[2],0,[],[],[]],[[{"name":"music","rect":[906,649,114,27],"offset":[0,0],"originalSize":[114,27],"capInsets":[0,0,0,0]}],[0],0,[0],[1],[0]],[[{"name":"closeBtn2","rect":[971,605,31,31],"offset":[0,0],"originalSize":[49,49],"capInsets":[0,0,0,0]}],[0],0,[0],[1],[0]],[["0,9729,9729,33071,33071,0,0,1",-1],[2],0,[],[],[]],[[{"name":"default_btn_pressed","rect":[0,0,40,40],"offset":[0,0],"originalSize":[40,40],"capInsets":[12,12,12,12]}],[0],0,[0],[1],[21]],[[{"name":"default_btn_normal","rect":[0,0,40,40],"offset":[0,0],"originalSize":[40,40],"capInsets":[12,12,12,12]}],[0],0,[0],[1],[22]],[[{"name":"notes","rect":[972,3,121,33],"offset":[0.5,0],"originalSize":[138,33],"rotated":1,"capInsets":[0,0,0,0]}],[0],0,[0],[1],[0]],[[{"name":"06","rect":[3,988,746,25],"offset":[0,0],"originalSize":[758,37],"capInsets":[0,0,0,0]}],[0],0,[0],[1],[0]]]]