[1,["6eGkTCUw5J7bNP4E/q/O/r"],["_texture"],[["dragonBones.DragonBonesAtlasAsset",["_name","_atlasJson"],1]],[[0,0,1,3]],[[0,"Amazon_monky_tex","{\"width\":512,\"imagePath\":\"Amazon_monky_tex.png\",\"name\":\"Amazon_monky\",\"SubTexture\":[{\"width\":151,\"y\":1,\"height\":122,\"name\":\"houzi/图层15\",\"x\":162},{\"width\":159,\"y\":1,\"height\":127,\"name\":\"houzi/图层_1\",\"x\":1},{\"width\":137,\"y\":125,\"height\":122,\"name\":\"houzi/图层_4\",\"x\":162},{\"width\":122,\"y\":237,\"height\":105,\"name\":\"houzi/图层_3\",\"x\":1},{\"width\":122,\"y\":130,\"height\":105,\"name\":\"houzi/图层_5_拷贝\",\"x\":1},{\"width\":137,\"y\":1,\"height\":122,\"name\":\"houzi/图层_3_拷贝\",\"x\":315}],\"height\":512}"]],0,0,[0],[0],[0]]