[1,["2dGIhh71NGIr09BD9k/ufi","75pVGaGh5LEI3OWVs/7rSE","deV2soj29EAp1aQ7tkAXq7","d9JJ2jM2ZDuaIw3RkTLkag","63eR9R731OfpBq9FQ8eKSE","7abWfpFfxCkKWgAKBzyImM","73jDzw7RlGvKI3pUdsecN5","2bZclOmzBCf4gn675yfg9N","4bWN6Ll0hA3YZ2uAHmrFZL","eb4uLXzINOjob2kGt97Krk","4594BjKBdHqb1PsSVEcIHU","eeKjlixohN6p/87MALmK30","b1oQO1FNtI9ZR2apAbXj5q","0b6AfrePZBKJdUUGAHgEVS","f6+lbrkJtPCanqffHsup+2","8bTcA81fNBzIJCykPMrowy"],["value","_textureSetter"],["cc.SpriteFrame",["cc.AnimationClip",["_name","_duration","sample","wrapMode","curveData"],-1,11]],[[1,0,1,2,3,4,5]],[[[{"name":"08","rect":[28,32,68,96],"offset":[-2,-16],"originalSize":[128,128],"capInsets":[0,0,0,0]}],[0],0,[0],[1],[8]],[[{"name":"01","rect":[28,28,68,100],"offset":[-2,-14],"originalSize":[128,128],"capInsets":[0,0,0,0]}],[0],0,[0],[1],[9]],[[{"name":"05","rect":[20,0,80,128],"offset":[-4,0],"originalSize":[128,128],"capInsets":[0,0,0,0]}],[0],0,[0],[1],[10]],[[{"name":"07","rect":[28,32,68,96],"offset":[-2,-16],"originalSize":[128,128],"capInsets":[0,0,0,0]}],[0],0,[0],[1],[11]],[[{"name":"02","rect":[28,16,72,112],"offset":[0,-8],"originalSize":[128,128],"capInsets":[0,0,0,0]}],[0],0,[0],[1],[12]],[[{"name":"06","rect":[24,16,76,112],"offset":[-2,-8],"originalSize":[128,128],"capInsets":[0,0,0,0]}],[0],0,[0],[1],[13]],[[[0,"HOT",2,12,2,[{},"comps",11,[{},"cc.Sprite",11,[{},"spriteFrame",12,[[[{"frame":0},"value",6,0],[{"frame":0.08333333333333333},"value",6,1],[{"frame":0.16666666666666666},"value",6,2],[{"frame":0.25},"value",6,3],[{"frame":0.3333333333333333},"value",6,4],[{"frame":0.4166666666666667},"value",6,5],[{"frame":0.5},"value",6,6],[{"frame":0.5833333333333334},"value",6,7],[{"frame":0.6666666666666666},"value",6,8],[{"frame":0.75},"value",6,9],[{"frame":0.8333333333333334},"value",6,10],[{"frame":0.9166666666666666},"value",6,11],[{"frame":1},"value",6,12],[{"frame":1.0833333333333333},"value",6,13],[{"frame":1.1666666666666667},"value",6,14],[{"frame":1.25},"value",6,15],[{"frame":1.3333333333333333},"value",6,16],[{"frame":1.4166666666666667},"value",6,17],[{"frame":1.5},"value",6,18],[{"frame":1.5833333333333333},"value",6,19],[{"frame":1.6666666666666667},"value",6,20],[{"frame":1.75},"value",6,21],[{"frame":1.8333333333333333},"value",6,22],[{"frame":1.9166666666666667},"value",6,23]],11,11,11,11,11,11,11,11,11,11,11,11,11,11,11,11,11,11,11,11,11,11,11,11]]],"paths",11,[{},"13",11,[{},"props",11,[{},"scale",12,[[[{"frame":0},"value",8,[1,1,1,1]],[{"frame":0.4166666666666667},"value",8,[1,1.08,1.08,1]],[{"frame":0.8333333333333334},"value",8,[1,1,1,1]]],11,11,11]]]]]]],0,0,[0,0,0,0,0,0,0,0,0,0,0,0,0,0,0,0,0,0,0,0,0,0,0,0],[0,0,0,0,0,0,0,0,0,0,0,0,0,0,0,0,0,0,0,0,0,0,0,0],[0,1,2,3,4,5,6,7,0,1,2,3,4,5,6,7,0,1,2,3,4,5,6,7]],[[{"name":"04","rect":[24,4,76,124],"offset":[-2,-2],"originalSize":[128,128],"capInsets":[0,0,0,0]}],[0],0,[0],[1],[14]],[[{"name":"03","rect":[28,12,68,116],"offset":[-2,-6],"originalSize":[128,128],"capInsets":[0,0,0,0]}],[0],0,[0],[1],[15]]]]