[1,["ecpdLyjvZBwrvm+cedCcQy","1434e6325","b9BpXpl8pFu425LZS3+C3N","ceW67okbJGbJxYwd4aEcCz","3ak+ib/mhB77rnDKgoTxX7","51HDuskmNBl6+A7ty4Y99B","88fHFCSLhNLqu1AmN8x4EZ","f0BIwQ8D5Ml7nTNQbh1YlS","ffUKyFr6pGa4M8Bcx6ik9P","e97GVMl6JHh5Ml5qEDdSGa","29FYIk+N1GYaeWH/q1NxQO","eaXdnWWupGsZy72/ujAcZj","e0W8rtcqxCe4g7saQoKPQM","97QoKBm+lAopHbWGJXe6YR","37K/2tIfdJHaYbvDQM+TOZ","f6rWh0mxZFipluvGLllr+8","9aF5xfxX9GD46Mxc7mUAD3","51LKv71ttFt5Th23OuOVCy","cblj09/JBDqrESYjifablb","bb91r4C91MQ7kV4/aXaZ6e","92bfsDqn5Fk5yLlYgf7oaF","afe/2a91hJZpZbdtKSggXE","b6T1SyssFBBKZDqB9rpf8t","9fMjJffftEI4UpPI8oSvMv","b3FKaT/r5E1qpz/5BWhf+o","a0R2kU+MJFpqRh7DFM3x72","8erTfZJH1EFoFLo1VeLtBf"],["node","_spriteFrame","_textureSetter","_parent","_N$file","_N$normalSprite","_N$pressedSprite","_N$hoverSprite","_N$disabledSprite","root","itemCard","cardContent","cardList","data","_normalMaterial"],[["cc.Node",["_name","_active","_opacity","_prefab","_components","_contentSize","_trs","_parent","_children","_anchorPoint","_color","_eulerAngles"],0,4,9,5,7,1,2,5,5,5],"cc.SpriteFrame",["cc.Label",["_N$verticalAlign","_fontSize","_N$horizontalAlign","_N$cacheMode","_string","_isSystemFontUsed","_lineHeight","_enableWrapText","_styleFlags","_N$overflow","node","_materials","_N$file"],-7,1,3,6],["cc.Sprite",["_sizeMode","_type","node","_materials","_spriteFrame"],1,1,3,6],["cc.PrefabInfo",["fileId","root","asset"],2,1,1],["6dbaacb0j9CkpNlQEFpLMCG",["_string","_fontSize","_lineHeight","_N$horizontalAlign","_N$verticalAlign","_N$textKey","_N$cacheMode","_enableWrapText","_N$overflow","node","_materials"],-6,1,3],["cc.Button",["zoomScale","_N$transition","_N$enableAutoGrayEffect","node","clickEvents","_N$normalColor","_N$pressedColor","_N$disabledColor","_N$target","_N$normalSprite","_N$pressedSprite","_N$hoverSprite","_N$disabledSprite","_normalMaterial"],0,1,9,5,5,5,1,6,6,6,6,6],["cc.Prefab",["_name"],2],["cc.Node",["_name","_parent","_children","_components","_prefab","_contentSize","_anchorPoint","_trs"],2,1,2,2,4,5,5,7],["86fd5+jhiBNtaEA9IDFnc6r",["node","cardList","cardContent","itemCard","itemBgArrSF","itemDayBg1","itemDayBg2","itemBtnArrSF"],3,1,1,1,1,3,3,3,3],["cc.Layout",["_resize","_N$layoutType","_N$spacingX","node","_layoutSize"],0,1,5],["cc.Widget",["alignMode","_alignFlags","_left","_right","_top","_bottom","_originalWidth","_originalHeight","node"],-5,1],["cc.LabelOutline",["_width","node","_color"],2,1,5],["cc.Mask",["_N$alphaThreshold","node","_materials"],2,1,3],["cc.ClickEvent",["_componentId","handler","customEventData","target"],0,1],["cc.ScrollView",["vertical","brake","bounceDuration","_N$horizontalScrollBar","_N$verticalScrollBar","node","_N$content"],-2,1,1]],[[4,0,1,2,2],[0,0,7,4,3,5,6,2],[3,2,3,4,1],[0,0,7,4,3,10,5,6,2],[12,0,1,2,2],[5,0,1,2,3,4,6,5,9,10,8],[3,1,0,2,3,4,3],[0,0,7,8,4,3,10,5,6,2],[2,4,1,2,0,10,11,5],[2,1,2,0,3,10,11,5],[0,0,1,7,8,4,3,5,6,3],[0,0,8,3,2],[3,0,2,3,4,2],[10,0,1,2,3,4,4],[11,0,1,2,3,4,5,6,7,8,9],[14,0,1,2,3,4],[2,1,6,5,2,0,3,10,11,12,7],[0,0,8,4,3,5,6,2],[0,0,8,4,3,5,9,6,2],[0,0,7,8,4,3,5,9,6,2],[0,0,4,3,5,6,2],[6,0,1,3,4,5,6,7,8,9,10,11,12,3],[2,4,1,5,2,0,10,11,12,6],[2,1,7,8,2,0,9,10,11,7],[2,4,1,6,2,0,3,10,11,7],[7,0,2],[0,0,7,8,3,6,2],[0,0,7,8,4,3,5,9,2],[0,0,7,8,4,3,5,6,2],[0,0,7,4,3,5,9,6,2],[0,0,1,7,8,4,3,10,5,6,3],[0,0,1,7,4,3,5,6,3],[0,0,1,7,4,3,5,9,6,11,3],[0,0,1,7,4,3,5,6,11,3],[0,0,1,2,7,4,3,10,5,9,6,4],[0,0,1,7,4,3,5,9,6,3],[8,0,1,2,3,4,5,6,7,2],[9,0,1,2,3,4,5,6,7,1],[4,1,2,1],[5,0,1,2,7,3,4,8,5,9,10,9],[13,0,1,2,2],[6,0,2,1,3,4,5,6,7,8,13,9,10,11,12,4],[2,7,5,2,0,3,10,11,12,6],[2,4,1,6,8,0,3,10,11,7],[2,4,1,5,0,10,11,12,5],[15,0,1,2,3,4,5,6,6]],[[[{"name":"bounscard_img_card_bouns","rect":[804,662,106,106],"offset":[0,0],"originalSize":[106,106],"capInsets":[0,0,0,0]}],[1],0,[0],[2],[1]],[[{"name":"img_lan2","rect":[367,446,80,105],"offset":[0,0],"originalSize":[80,105],"rotated":1,"capInsets":[0,0,0,0]}],[1],0,[0],[2],[1]],[[{"name":"img_select","rect":[478,446,60,46],"offset":[0,0],"originalSize":[60,46],"rotated":1,"capInsets":[0,0,0,0]}],[1],0,[0],[2],[1]],[[{"name":"img_title","rect":[367,367,486,73],"offset":[0,0],"originalSize":[486,75],"capInsets":[0,0,0,0]}],[1],0,[0],[2],[1]],[[{"name":"img_select_bg","rect":[478,512,19,20],"offset":[0,0],"originalSize":[19,20],"rotated":1,"capInsets":[6,6,6,7]}],[1],0,[0],[2],[1]],[[{"name":"2","rect":[3,3,358,536],"offset":[0,0],"originalSize":[358,536],"capInsets":[0,0,0,0]}],[1],0,[0],[2],[1]],[[{"name":"1","rect":[3,545,358,536],"offset":[0,0],"originalSize":[358,536],"rotated":1,"capInsets":[0,0,0,0]}],[1],0,[0],[2],[1]],[[{"name":"img_huang1","rect":[545,801,80,210],"offset":[0,0],"originalSize":[80,210],"rotated":1,"capInsets":[0,0,0,0]}],[1],0,[0],[2],[1]],[[{"name":"img_huang2","rect":[890,445,80,105],"offset":[0,0],"originalSize":[80,105],"capInsets":[0,0,0,0]}],[1],0,[0],[2],[1]],[[[25,"CartaSortePopup"],[17,"CartaSortePopup",[-7,-8,-9,-10,-11],[[6,1,2,-2,[138],139],[37,-6,-5,-4,-3,[140,141,142],[143,144,145],[146,147,148],[149,150]]],[38,-1,0],[5,1257,685],[0,2,0,0,0,0,1,1,1,1]],[11,"textNode",[-12,-13,-14,-15,-16,-17,-18,-19,-20,-21,-22,-23,-24,-25,-26,-27,-28],[0,"18zWeaVipO9ob6s2D1XRQG",1,0]],[18,"itemCard",[-30,-31,-32,-33,-34,-35,-36,-37,-38,-39,-40,-41,-42,-43],[[12,2,-29,[120],121]],[0,"0aJt7VtJFFJ7DDYDPs7siW",1,0],[5,358,536],[0,0,0.5],[0,26.919,0,0,0,0,1,1,1,1]],[11,"bgNode",[-44,-45,-46,-47,-48,-49,-50,-51,-52,-53,-54,-55,-56,-57,-58],[0,"ceRvw6b6dP2YalXKexyYzb",1,0]],[11,"finishNode",[-59,-60,-61,-62,-63,-64,-65],[0,"0cDG9wUQRFX5iaf+p1m4bB",1,0]],[19,"textNodeDown",3,[-67,-68,-69,-70,-71],[[13,1,1,5,-66,[5,136.7,100]]],[0,"6c8QWZkz9P2ZWLpIknRSSU",1,0],[5,136.7,100],[0,0,0.5],[22.044,31.443,0,0,0,0,1,1,1,1]],[19,"textNodeUp",3,[-73,-74,-75,-76],[[13,1,1,5,-72,[5,128.36,100]]],[0,"32HnEJEmdMo5ChAmhOpyzL",1,0],[5,128.36,100],[0,0,0.5],[23.109,59.303,0,0,0,0,1,1,1,1]],[18,"cardContent",[3],[[13,1,1,3,-77,[5,358,450]]],[0,"c3VcEDx/FFToW3L50/4Dii",1,0],[5,358,450],[0,0,0.5],[-6.968,-26.125,0,0,0,0,1,1,1,1]],[17,"Background",[-80],[[6,1,0,-78,[2],3],[14,0,45,-32.000000000000014,-32.00000000000003,-10.000000000000007,-10.000000000000014,100,40,-79]],[0,"19u0ex65FCR5etG/PQnMJX",1,0],[5,250.00000000000006,89.00000000000003],[1.4210854715202004e-14,0,0,0,0,0,1,1,1,0]],[26,"rewardNode",3,[4,2,5],[0,"20Sl437OhIsbbyyayGW3IU",1,0],[181.05,-109.137,0,0,0,0,1,1,1,1]],[7,"textDay1",2,[-83],[[5,"Day",20,25,1,1,2,"Day",-81,[70]],[4,0.5,-82,[4,4288946292]]],[0,"8do2P+819JHbmTrGH/wmkw",1,0],[4,4288946292],[5,36.56,26],[-130.953,-18.436,0,0,0,0,1,1,1,1]],[7,"textDay2",2,[-86],[[5,"Day",20,25,1,1,2,"Day",-84,[72]],[4,0.5,-85,[4,4288946292]]],[0,"6b1qYklGlHrI6SsFneZPUR",1,0],[4,4288946292],[5,36.56,26],[-49.239,90.105,0,0,0,0,1,1,1,1]],[7,"textDay3",2,[-89],[[5,"Day",20,25,1,1,2,"Day",-87,[74]],[4,0.5,-88,[4,4288946292]]],[0,"dbBHiiD3lDaIYupZ/89XLc",1,0],[4,4288946292],[5,36.56,26],[-49.937,-18.436,0,0,0,0,1,1,1,1]],[7,"textDay4",2,[-92],[[5,"Day",20,25,1,1,2,"Day",-90,[76]],[4,0.5,-91,[4,4288946292]]],[0,"32fyNz0A1EoL2ZKKbHc+Ii",1,0],[4,4288946292],[5,36.56,26],[33.222,90.199,0,0,0,0,1,1,1,1]],[7,"textDay5",2,[-95],[[5,"Day",20,25,1,1,2,"Day",-93,[78]],[4,0.5,-94,[4,4288946292]]],[0,"49xQcYzIhDH4QGs6gtajlm",1,0],[4,4288946292],[5,36.56,26],[32.921,-18.436,0,0,0,0,1,1,1,1]],[7,"textDay6",2,[-98],[[5,"Day",20,25,1,1,2,"Day",-96,[80]],[4,0.5,-97,[4,4288946292]]],[0,"fftQm9cmlG3JidGj0Z6hiG",1,0],[4,4288946292],[5,36.56,26],[115.291,89.814,0,0,0,0,1,1,1,1]],[7,"textDay7",2,[-101],[[5,"Day",20,25,1,1,2,"Day",-99,[82]],[4,0.5,-100,[4,4288946292]]],[0,"62LsmnX+lD0JOEc+NxV++l",1,0],[4,4288946292],[5,36.56,26],[114.107,-18.436,0,0,0,0,1,1,1,1]],[20,"Background",[[6,1,0,-102,[123],124],[14,0,45,5.5,5.5,5.5,5.5,100,40,-103]],[0,"76ZsIPB+JEzKkhcfBse1eZ",1,0],[5,79,79],[0,0,0,0,0,0,1,1,1,0]],[20,"Background",[[6,1,2,-104,[131],132],[14,0,45,9,9,9,9,100,40,-105]],[0,"e6h4B4p2BIgIzeVVQjqvPL",1,0],[5,42,42],[0,0,0,0,0,0,1,1,1,0]],[36,"cardList",1,[-107],[-106],[0,"a73RtOGjNEtbVQCjIj7hvZ",1,0],[5,1080,540],[0,0,0.5],[-537.813,-23.513,0,0,0,0,1,1,1,1]],[27,"view",20,[8],[[40,0,-108,[122]]],[0,"ffKpysWp1JH5c6oHpGopeP",1,0],[5,1088,650],[0,0,0.5]],[28,"btnBuy",3,[9],[[41,0.95,true,3,-109,[[15,"86fd5+jhiBNtaEA9IDFnc6r","onClickItem","Buy",1]],[4,4293322470],[4,4291348680],[4,3363338360],9,4,5,6,7,8]],[0,"2fJTWvatpMZLRVurlgHn44",1,0],[5,186,69],[181.329,-272.331,0,0,0,0,1,1,1,1]],[29,"txBuyChips",9,[[42,false,false,1,1,2,-110,[0],1],[4,2,-111,[4,4279096157]]],[0,"75Zjsxn2JO3IV9NegtBoMJ",1,0],[5,4,44],[0,0.5,0.4],[4.149,7.378,0,0,0,0,1,1,1,1]],[3,"textRewarddede",2,[[5,"Now",20,25,1,1,2,"Now",-112,[68]],[4,0.5,-113,[4,4288946292]]],[0,"c9dR+s851PW4W+hIKjCjkg",1,0],[4,4288946292],[5,41,26],[-126.169,90.868,0,0,0,0,1,1,1,1]],[3,"textDay1_1",11,[[8,"1",20,1,1,-114,[69]],[4,0.5,-115,[4,4288946292]]],[0,"64Wh1SgadIyYg1kwejRNGR",1,0],[4,4288946292],[5,12.12,51.4],[22.931,0.459,0,0,0,0,1,1,1,1]],[3,"textDay1_1",12,[[8,"2",20,1,1,-116,[71]],[4,0.5,-117,[4,4288946292]]],[0,"0cbKn2IARAbrsUBJisQ3nD",1,0],[4,4288946292],[5,12.12,51.4],[24.037,0.657,0,0,0,0,1,1,1,1]],[3,"textDay1_1",13,[[8,"3",20,1,1,-118,[73]],[4,0.5,-119,[4,4288946292]]],[0,"f9t3k4xa9EIZHEqD+LQUZu",1,0],[4,4288946292],[5,12.12,51.4],[22.931,0.459,0,0,0,0,1,1,1,1]],[3,"textDay1_1",14,[[8,"4",20,1,1,-120,[75]],[4,0.5,-121,[4,4288946292]]],[0,"fdHeNI8i5NjJ1nPmJu2wbN",1,0],[4,4288946292],[5,12.12,51.4],[22.931,0.459,0,0,0,0,1,1,1,1]],[3,"textDay1_1",15,[[8,"5",20,1,1,-122,[77]],[4,0.5,-123,[4,4288946292]]],[0,"9cuLx35XhDQasoR0KWCN32",1,0],[4,4288946292],[5,12.12,51.4],[22.931,0.459,0,0,0,0,1,1,1,1]],[3,"textDay1_1",16,[[8,"6",20,1,1,-124,[79]],[4,0.5,-125,[4,4288946292]]],[0,"56DqPM/9BDs5TMXguOgKFy",1,0],[4,4288946292],[5,12.12,51.4],[22.931,0.459,0,0,0,0,1,1,1,1]],[3,"textDay1_1",17,[[8,"7",20,1,1,-126,[81]],[4,0.5,-127,[4,4288946292]]],[0,"71YIGFhYNND4sTBlC3FbsY",1,0],[4,4288946292],[5,12.12,51.4],[22.931,0.459,0,0,0,0,1,1,1,1]],[3,"textDay1_1",2,[[8,"+",20,1,1,-128,[83]],[4,0.5,-129,[4,4288946292]]],[0,"a9jtY7ehpIJYSlII//jPoF",1,0],[4,4288946292],[5,12.68,51.4],[-128.69,2.899,0,0,0,0,1,1,1,1]],[10,"finish_1",false,5,[-131],[[6,1,0,-130,[94],95]],[0,"a9tGlxZQNOwrMS2A7gcK1a",1,0],[5,76,205],[-125.445,2.004,0,0,0,0,1,1,1,1]],[10,"finish_2",false,5,[-133],[[6,1,0,-132,[98],99]],[0,"2dy9oVo6hM4oBC48of4IFf",1,0],[5,76,100],[-43.682,54.417,0,0,0,0,1,1,1,1]],[10,"finish_3",false,5,[-135],[[6,1,0,-134,[102],103]],[0,"adUKNDEf9K1KILyh3wFIj2",1,0],[5,76,102],[-43.682,-51.756,0,0,0,0,1,1,1,1]],[10,"finish_4",false,5,[-137],[[6,1,0,-136,[106],107]],[0,"3ayuiMFdlJh4DDd5ziPhId",1,0],[5,76,100],[38.207,54.417,0,0,0,0,1,1,1,1]],[10,"finish_5",false,5,[-139],[[6,1,0,-138,[110],111]],[0,"41aRAPmCZJcJGiWYIqQSWP",1,0],[5,76,102],[38.207,-51.756,0,0,0,0,1,1,1,1]],[10,"finish_6",false,5,[-141],[[6,1,0,-140,[114],115]],[0,"75EWME1JBEQbqox285PEya",1,0],[5,76,100],[120.096,54.417,0,0,0,0,1,1,1,1]],[10,"finish_7",false,5,[-143],[[6,1,0,-142,[118],119]],[0,"1edD/PY09HtL8QaRiAAP4f",1,0],[5,76,102],[120.096,-51.756,0,0,0,0,1,1,1,1]],[7,"btnClose",1,[18],[[21,0.95,3,-144,[[15,"86fd5+jhiBNtaEA9IDFnc6r","onClickItem","Close",1]],[4,4293322470],[4,4291348680],[4,3363338360],18,125,126,127,128]],[0,"81y71E7QFNn6IQOy4XMbTU",1,0],[4,4294704123],[5,90,90],[558.898,273.991,0,0,0,0,1,1,1,1]],[30,"btnRules",false,1,[19],[[21,0.95,3,-145,[[15,"86fd5+jhiBNtaEA9IDFnc6r","onClickItem","Rules",1]],[4,4293322470],[4,4291348680],[4,3363338360],19,133,134,135,136]],[0,"2cG6K1oKtCr6YtPbyPMNLu",1,0],[4,4294704123],[5,60,60],[-396.345,201.699,0,0,0,0,1,1,1,1]],[31,"bounscard_img_card_bouns",false,3,[[12,2,-146,[9],10]],[0,"06LDjddIxBopt6gqZrR5oY",1,0],[5,106,106],[206.531,72.909,0,0,0,0,1,1,1,1]],[32,"rateLab",false,3,[[22,"35%",22,false,1,1,-147,[11],12]],[0,"b3vp+ac9BJXL1Ad/28dn86",1,0],[5,43.78,50.4],[0,0,0.5],[190.227,70.135,0,0,0,0.13052619222005157,0.9914448613738104,1,1,1],[1,0,0,15]],[33,"more",false,3,[[22,"+",18,false,1,1,-148,[13],14]],[0,"01OTfzmZdFPLalZrPAQYKW",1,0],[5,10.73,50.4],[181.272,69.375,0,0,0,0.13052619222005157,0.9914448613738104,1,1,1],[1,0,0,15]],[34,"back",false,110,3,[[12,2,-149,[15],16]],[0,"cee+OnKSVFVJ+yP/XhCsKi",1,0],[4,4278190080],[5,255,349],[0,0,0.5],[0,-0.106,0,0,0,0,1,1,1,1]],[1,"icon_rupee",3,[[2,-150,[17],18]],[0,"a9gWOlb7BH1oQRwqm2NG6K",1,0],[5,47,50],[53.273,104.208,0,0,0,0,1,0.8,0.8,0.6]],[3,"mLab",3,[[23,30,false,1,1,1,2,-151,[19]]],[0,"489kmaX7dIRZzQ1BuTkQmd",1,0],[4,4294962672],[5,100.11,50.4],[123.833,105.441,0,0,0,0,1,1,1,1]],[35,"text",false,3,[[43,"·",19,26,1,1,2,-152,[20]]],[0,"57xVz7XBxNsLJrPjyy5SBg",1,0],[5,6.33,26],[0,0,0.5],[15.679,99.974,0,0,0,0,1,1,1,1]],[1,"titslab",3,[[44,"+",25,false,1,-153,[21],22]],[0,"ebSRHjogJOM77v/ZwYRoMn",1,0],[5,14.9,50.4],[183.164,106.277,0,0,0,0,1,1,1,1]],[1,"icon_rupee",3,[[2,-154,[23],24]],[0,"31O+Gi1S1LlaDvXdIAT8yp",1,0],[5,47,50],[220.181,103.898,0,0,0,0,1,0.8,0.8,0.6]],[3,"gLab",3,[[23,30,false,1,1,1,2,-155,[25]]],[0,"76d2AJnatJQJdQn2aQru1V",1,0],[4,4294962672],[5,100.11,50.4],[289.236,105.441,0,0,0,0,1,1,1,1]],[1,"textDian",7,[[24,"·",20,20,1,1,2,-156,[26]]],[0,"002J5QU+BJ+bddAerTYZVa",1,0],[5,6.66,20],[3.33,-3.949,0,0,0,0,1,1,1,1]],[1,"textRebate",7,[[5,"·Get",20,20,1,1,2,"VipMonthCardPopup/·Get",-157,[27]]],[0,"48UGSvKU9EOpJLpd8XLyyz",1,0],[5,38.9,20],[31.11,-3.949,0,0,0,0,1,1,1,1]],[3,"textRightNow",7,[[16,20,25,false,1,1,2,-158,[28],29]],[0,"74MdwapBxJ8bLw9XXFXKvb",1,0],[4,4278251775],[5,0,25],[55.56,-3.949,0,0,0,0,1,1,1,1]],[1,"textRebate",7,[[5,"Deposit",20,20,1,1,2,"HallScene/Prefabs/UserInfo/UserInfoPopup/Deposit",-159,[30]]],[0,"3aEyzG/ZlISr3HP+6hggff",1,0],[5,67.8,20],[94.46000000000001,-3.949,0,0,0,0,1,1,1,1]],[1,"textDian",6,[[24,"·",20,25,1,1,2,-160,[31]]],[0,"60Wwzi/B5D8YWg/qKjL+y6",1,0],[5,6.66,25],[3.33,-3.949,0,0,0,0,1,1,1,1]],[3,"textDayReward",6,[[16,20,25,false,1,1,2,-161,[32],33]],[0,"da8NKANVxH1paLtSM/qXxQ",1,0],[4,4278251775],[5,0,25],[11.66,-3.949,0,0,0,0,1,1,1,1]],[1,"textRebate",6,[[5,"Deposit",20,20,1,1,2,"HallScene/Prefabs/UserInfo/UserInfoPopup/Deposit",-162,[34]]],[0,"cc95tjCItIAYVy8rEcpx7p",1,0],[5,67.8,20],[50.56,-3.949,0,0,0,0,1,1,1,1]],[1,"textDay",6,[[16,20,25,false,1,1,2,-163,[35],36]],[0,"fdVZVE9fRGVrtYfFToUU6t",1,0],[5,0,25],[89.46000000000001,-3.949,0,0,0,0,1,1,1,1]],[1,"textDayWord",6,[[5,"days",20,20,1,1,2,"VipMonthCardPopup/days",-164,[37]]],[0,"fd9GG2mYdKY7/uelmjw5bl",1,0],[5,42.24,20],[115.58000000000001,-3.949,0,0,0,0,1,1,1,1]],[1,"img_lan1",4,[[2,-165,[38],39]],[0,"4ek4aSnHdEr6wE4nBqa+PN",1,0],[5,80,210],[-125.263,0,0,0,0,0,1,1,1,1]],[1,"img_lan2",4,[[2,-166,[40],41]],[0,"714SgfNn1B9Lt7vzTWNBtI",1,0],[5,80,105],[-43.604,52.396,0,0,0,0,1,1,1,1]],[1,"img_lan3",4,[[2,-167,[42],43]],[0,"04HIZXVSZFa6mYAp4qqPyL",1,0],[5,80,105],[-43.604,-52.913,0,0,0,0,1,1,1,1]],[1,"img_lan4",4,[[2,-168,[44],45]],[0,"2csvj8SqZO3os5lsR0NsMc",1,0],[5,80,105],[38.005,52.396,0,0,0,0,1,1,1,1]],[1,"img_lan5",4,[[2,-169,[46],47]],[0,"0cl86Yq4pEcLPHp5qaUPNm",1,0],[5,80,105],[38.005,-52.913,0,0,0,0,1,1,1,1]],[1,"img_lan6",4,[[2,-170,[48],49]],[0,"bbf53KSYpCd5CBPfGfmLmY",1,0],[5,80,105],[119.921,51.135,0,0,0,0,1,1,1,1]],[1,"img_lan7",4,[[2,-171,[50],51]],[0,"4czjCwAjFOA6fpuy2judN2",1,0],[5,80,105],[119.921,-54.174,0,0,0,0,1,1,1,1]],[1,"icon_money1",4,[[2,-172,[52],53]],[0,"60Ru9yA9BDHJTSBcPmPAye",1,0],[5,90,72],[-124.827,50.862,0,0,0,0,1,0.5,0.5,1]],[1,"icon_money1",4,[[2,-173,[54],55]],[0,"cf0pzVkd1MYKKn5oBoa1QA",1,0],[5,90,72],[-43.499,-54.385,0,0,0,0,1,0.5,0.5,1]],[1,"icon_money1",4,[[2,-174,[56],57]],[0,"78u1/jD2BJfKsaVJmIUD66",1,0],[5,90,72],[-41.725,51.161,0,0,0,0,1,0.5,0.5,1]],[1,"icon_money1",4,[[2,-175,[58],59]],[0,"acwov422NMVYFSeerw9E5S",1,0],[5,90,72],[40.003,-54.385,0,0,0,0,1,0.5,0.5,1]],[1,"icon_money1",4,[[2,-176,[60],61]],[0,"47D3RAfiZCoK+So3RuEwtG",1,0],[5,90,72],[41.377,52.98,0,0,0,0,1,0.5,0.5,1]],[1,"icon_money1",4,[[2,-177,[62],63]],[0,"68QWWPHpRGRK6/U4vBN5Ea",1,0],[5,90,72],[120.026,-54.385,0,0,0,0,1,0.5,0.5,1]],[1,"icon_money1",4,[[2,-178,[64],65]],[0,"d5NrfipjxMuob3kYxZhPvR",1,0],[5,90,72],[121.33,52.957,0,0,0,0,1,0.5,0.5,1]],[1,"icon_money1",4,[[2,-179,[66],67]],[0,"f3indn0iBIEqPnh++eKB5W",1,0],[5,90,72],[-124.827,-54.385,0,0,0,0,1,0.5,0.5,1]],[3,"textReward0",2,[[9,20,1,1,2,-180,[84]]],[0,"29pjzDxOFLkZBW5TlN5ndW",1,0],[4,4289688376],[5,0,40],[-128.091,23.2,0,0,0,0,1,1,1,1]],[3,"textReward1",2,[[9,20,1,1,2,-181,[85]]],[0,"88WM9QK99LMLiw2BZq3SsZ",1,0],[4,4289688376],[5,0,40],[-43.392,23.2,0,0,0,0,1,1,1,1]],[3,"textReward2",2,[[9,20,1,1,2,-182,[86]]],[0,"ef4bPvqHZMgrNcNFUe343L",1,0],[4,4289688376],[5,0,40],[39.097,23.2,0,0,0,0,1,1,1,1]],[3,"textReward3",2,[[9,20,1,1,2,-183,[87]]],[0,"16mYXauRhIsoLNwEU9jh9q",1,0],[4,4289688376],[5,0,40],[120.388,23.2,0,0,0,0,1,1,1,1]],[3,"textReward4",2,[[9,20,1,1,2,-184,[88]]],[0,"93d9LK1dpDF4cYD+8U1V/S",1,0],[4,4289688376],[5,0,40],[-128.091,-82.482,0,0,0,0,1,1,1,1]],[3,"textReward5",2,[[9,20,1,1,2,-185,[89]]],[0,"bbU3Zcoy5Ik4YMrMmelZAX",1,0],[4,4289688376],[5,0,40],[-45.894,-82.482,0,0,0,0,1,1,1,1]],[3,"textReward6",2,[[9,20,1,1,2,-186,[90]]],[0,"8aCJ3InphG/pfsJTL4Oojq",1,0],[4,4289688376],[5,0,40],[37.174,-82.482,0,0,0,0,1,1,1,1]],[3,"textReward7",2,[[9,20,1,1,2,-187,[91]]],[0,"ad/smEGx1HI6juAfuizDSB",1,0],[4,4289688376],[5,0,40],[119.806,-82.482,0,0,0,0,1,1,1,1]],[1,"img_select",33,[[2,-188,[92],93]],[0,"f4b/ebHdhPDKg0HLYejmBP",1,0],[5,60,46],[2,-2.004,0,0,0,0,1,0.8,0.8,1]],[1,"img_select",34,[[2,-189,[96],97]],[0,"c0qSE7mnRJWYOQkNFDs7KI",1,0],[5,60,46],[2,-2.004,0,0,0,0,1,0.8,0.8,1]],[1,"img_select",35,[[2,-190,[100],101]],[0,"47NkCszadPfLQZKOXB0Bes",1,0],[5,60,46],[2,-2.004,0,0,0,0,1,0.8,0.8,1]],[1,"img_select",36,[[2,-191,[104],105]],[0,"9a1wxSJkpKmqU7/8Qm64Rb",1,0],[5,60,46],[2,-2.004,0,0,0,0,1,0.8,0.8,1]],[1,"img_select",37,[[2,-192,[108],109]],[0,"980HnPS0BNq5r+aF4BKLb2",1,0],[5,60,46],[2,-2.004,0,0,0,0,1,0.8,0.8,1]],[1,"img_select",38,[[2,-193,[112],113]],[0,"d5fo5hCklOUbGYE6z3ZKFk",1,0],[5,60,46],[2,-2.004,0,0,0,0,1,0.8,0.8,1]],[1,"img_select",39,[[2,-194,[116],117]],[0,"03jJgLre1OqZru4FwGrTWC",1,0],[5,60,46],[2,-2.004,0,0,0,0,1,0.8,0.8,1]],[45,false,0.75,0.23,null,null,20,8],[1,"img_title",1,[[2,-195,[129],130]],[0,"d9CETmUehFIpf3foxgpO6+",1,0],[5,486,73],[0,309.117,0,0,0,0,1,1,1,1]],[3,"New Label",1,[[39,"Purchase multiple cards can be effective at the same time!",25,30,false,1,1,2,"HallScene/Prefabs/CartaSorteCartaSortePopup/label1",-196,[137]]],[0,"565sZaMF9F54N9n4WACsgt",1,0],[4,4293906408],[5,719.84,37.8],[-4.218,273.393,0,0,0,0,1,1,1,1]]],0,[0,9,1,0,0,1,0,10,3,0,11,8,0,12,91,0,0,1,0,-1,20,0,-2,40,0,-3,92,0,-4,41,0,-5,93,0,-1,24,0,-2,11,0,-3,12,0,-4,13,0,-5,14,0,-6,15,0,-7,16,0,-8,17,0,-9,32,0,-10,76,0,-11,77,0,-12,78,0,-13,79,0,-14,80,0,-15,81,0,-16,82,0,-17,83,0,0,3,0,-1,22,0,-2,42,0,-3,43,0,-4,44,0,-5,45,0,-6,46,0,-7,47,0,-8,48,0,-9,49,0,-10,50,0,-11,51,0,-12,7,0,-13,6,0,-14,10,0,-1,61,0,-2,62,0,-3,63,0,-4,64,0,-5,65,0,-6,66,0,-7,67,0,-8,68,0,-9,69,0,-10,70,0,-11,71,0,-12,72,0,-13,73,0,-14,74,0,-15,75,0,-1,33,0,-2,34,0,-3,35,0,-4,36,0,-5,37,0,-6,38,0,-7,39,0,0,6,0,-1,56,0,-2,57,0,-3,58,0,-4,59,0,-5,60,0,0,7,0,-1,52,0,-2,53,0,-3,54,0,-4,55,0,0,8,0,0,9,0,0,9,0,-1,23,0,0,11,0,0,11,0,-1,25,0,0,12,0,0,12,0,-1,26,0,0,13,0,0,13,0,-1,27,0,0,14,0,0,14,0,-1,28,0,0,15,0,0,15,0,-1,29,0,0,16,0,0,16,0,-1,30,0,0,17,0,0,17,0,-1,31,0,0,18,0,0,18,0,0,19,0,0,19,0,-1,91,0,-1,21,0,0,21,0,0,22,0,0,23,0,0,23,0,0,24,0,0,24,0,0,25,0,0,25,0,0,26,0,0,26,0,0,27,0,0,27,0,0,28,0,0,28,0,0,29,0,0,29,0,0,30,0,0,30,0,0,31,0,0,31,0,0,32,0,0,32,0,0,33,0,-1,84,0,0,34,0,-1,85,0,0,35,0,-1,86,0,0,36,0,-1,87,0,0,37,0,-1,88,0,0,38,0,-1,89,0,0,39,0,-1,90,0,0,40,0,0,41,0,0,42,0,0,43,0,0,44,0,0,45,0,0,46,0,0,47,0,0,48,0,0,49,0,0,50,0,0,51,0,0,52,0,0,53,0,0,54,0,0,55,0,0,56,0,0,57,0,0,58,0,0,59,0,0,60,0,0,61,0,0,62,0,0,63,0,0,64,0,0,65,0,0,66,0,0,67,0,0,68,0,0,69,0,0,70,0,0,71,0,0,72,0,0,73,0,0,74,0,0,75,0,0,76,0,0,77,0,0,78,0,0,79,0,0,80,0,0,81,0,0,82,0,0,83,0,0,84,0,0,85,0,0,86,0,0,87,0,0,88,0,0,89,0,0,90,0,0,92,0,0,93,0,13,1,2,3,10,3,3,8,4,3,10,5,3,10,8,3,21,9,3,22,18,3,40,19,3,41,196],[0,0,0,0,0,0,0,0,0,0,0,0,0,0,0,0,0,0,0,0,0,0,0,0,0,0,0,0,0,0,0,0,0,0,0,0,0,0,0,0,0,0,0,0,0,0,0,0,0,0,0,0,0,0,0,0,0,0,0,0,0,0,0,0,0,0,0,0,0,0,0,0,0,0,0,0,0,0,0,0,0,0,0,0,0,0,0,0,0,0,0,0,0,0,0,0,0,0,0,0,0,0,0,0,0,0,0,0,0,0,0,0,0,0,0,0,0,0,0,0,0,0,0,0,0,0,0,0,0,0,0,0,0,0,0,0,0,0,0,0,0,0,0,0,0,0,0,0,0,0,0],[-1,4,-1,1,14,5,6,7,8,-1,1,-1,4,-1,4,-1,1,-1,1,-1,-1,-1,4,-1,1,-1,-1,-1,-1,4,-1,-1,-1,4,-1,-1,4,-1,-1,1,-1,1,-1,1,-1,1,-1,1,-1,1,-1,1,-1,1,-1,1,-1,1,-1,1,-1,1,-1,1,-1,1,-1,1,-1,-1,-1,-1,-1,-1,-1,-1,-1,-1,-1,-1,-1,-1,-1,-1,-1,-1,-1,-1,-1,-1,-1,-1,-1,1,-1,1,-1,1,-1,1,-1,1,-1,1,-1,1,-1,1,-1,1,-1,1,-1,1,-1,1,-1,1,-1,1,-1,1,-1,-1,1,5,6,7,8,-1,1,-1,1,5,6,7,8,-1,-1,1,-1,-2,-3,-1,-2,-3,-1,-2,-3,-1,-2],[0,3,0,8,0,7,9,7,10,0,14,0,3,0,3,0,15,0,11,0,0,0,3,0,11,0,0,0,0,3,0,0,0,3,0,0,3,0,0,12,0,4,0,4,0,4,0,4,0,4,0,4,0,2,0,2,0,2,0,2,0,2,0,2,0,2,0,2,0,0,0,0,0,0,0,0,0,0,0,0,0,0,0,0,0,0,0,0,0,0,0,0,0,5,0,6,0,5,0,6,0,5,0,6,0,5,0,6,0,5,0,6,0,5,0,6,0,5,0,6,0,13,0,0,16,7,9,7,10,0,17,0,18,7,9,7,10,0,0,19,13,20,21,12,22,23,4,24,25,8,8]],[[{"name":"3","rect":[367,3,358,536],"offset":[0,0],"originalSize":[358,536],"rotated":1,"capInsets":[0,0,0,0]}],[1],0,[0],[2],[1]],[[{"name":"img_zi2","rect":[890,556,80,105],"offset":[0,0],"originalSize":[80,105],"rotated":1,"capInsets":[0,0,0,0]}],[1],0,[0],[2],[1]],[[{"name":"img_zi1","rect":[761,801,80,210],"offset":[0,0],"originalSize":[80,210],"rotated":1,"capInsets":[0,0,0,0]}],[1],0,[0],[2],[1]],[[{"name":"icon_money1","rect":[859,367,90,72],"offset":[2.5,0.5],"originalSize":[97,73],"capInsets":[0,0,0,0]}],[1],0,[0],[2],[1]],[[{"name":"img_bg","rect":[0,0,1257,685],"offset":[0,0],"originalSize":[1257,685],"capInsets":[0,0,0,0]}],[1],0,[0],[2],[26]],[[{"name":"bounscard_btn_help","rect":[916,642,42,42],"offset":[0,0],"originalSize":[42,42],"capInsets":[0,0,0,0]}],[1],0,[0],[2],[1]],[[{"name":"img_lan1","rect":[804,446,80,210],"offset":[0,0],"originalSize":[80,210],"capInsets":[0,0,0,0]}],[1],0,[0],[2],[1]],[[{"name":"bounscard_zhezhao","rect":[545,446,253,349],"offset":[1,0],"originalSize":[255,349],"capInsets":[0,0,0,0]}],[1],0,[0],[2],[1]]]]