[1,["ecpdLyjvZBwrvm+cedCcQy","13db6bab2","ae+rW/kHRBDJ+4Ov5bgm/h","5a28uHCY5Mfag65sMoWkEX","a96eO+++BHuIr/j1afUBu5","88/wEOSK9DPIOiCnaEsLI5","40HDT/cNlPsaVNUOKcKVjI","f6oA9lRHBADrBAkm66yZo9","ceW67okbJGbJxYwd4aEcCz"],["node","_spriteFrame","_textureSetter","root","bonusLabel","data","_N$file"],[["cc.Node",["_name","_components","_prefab","_contentSize","_parent","_trs","_children","_color"],2,9,4,5,1,7,2,5],"cc.SpriteFrame",["cc.Sprite",["_sizeMode","_type","node","_materials","_spriteFrame"],1,1,3,6],["6dbaacb0j9CkpNlQEFpLMCG",["_string","_N$horizontalAlign","_N$verticalAlign","_N$overflow","_N$cacheMode","_N$textKey","_enableWrapText","_fontSize","_lineHeight","_styleFlags","node","_materials"],-7,1,3],["cc.PrefabInfo",["fileId","root","asset"],2,1,1],["cc.Prefab",["_name"],2],["cc.Node",["_name","_parent","_components","_prefab","_color","_contentSize","_trs"],2,1,2,4,5,5,7],["70621bhjjlN2YQ35lxSPXg2",["node","bonusLabel"],3,1,1],["cc.Button",["zoomScale","_N$transition","node","clickEvents"],1,1,9],["cc.ClickEvent",["_componentId","handler","target"],1,1],["cc.LabelOutline",["_width","node","_color"],2,1,5],["cc.Label",["_string","_fontSize","_lineHeight","_isSystemFontUsed","_N$horizontalAlign","_N$verticalAlign","node","_materials"],-3,1,3]],[[4,0,1,2,2],[0,0,4,1,2,3,5,2],[2,2,3,4,1],[0,0,4,6,1,2,3,5,2],[0,0,4,1,2,3,2],[0,0,4,1,2,7,3,5,2],[8,0,1,2,3,3],[9,0,1,2,3],[5,0,2],[0,0,6,1,2,3,2],[6,0,1,2,3,4,5,6,2],[7,0,1,1],[4,1,2,1],[2,1,0,2,3,4,3],[2,0,2,3,4,2],[3,0,6,1,2,3,4,5,10,11,8],[3,0,7,8,9,1,2,3,4,5,10,11,10],[3,0,7,8,6,9,1,2,3,4,5,10,11,11],[10,0,1,2,2],[11,0,1,2,3,4,5,6,7,7]],[[[[8,"GetBonusPopup"],[9,"GetBonusPopup",[-4,-5,-6,-7,-8,-9,-10,-11,-12],[[11,-3,-2]],[12,-1,0],[5,978,600]],[3,"okBtn",1,[-15],[[13,1,0,-13,[11],12],[6,1.1,3,-14,[[7,"70621bhjjlN2YQ35lxSPXg2","onVerify",1]]]],[0,"36yx2PRTpG4LfeOSY4XH5M",1,0],[5,500,89],[0,-222.423,0,0,0,0,1,1,1,0]],[3,"closeBtn",1,[-17],[[6,1.1,3,-16,[[7,"70621bhjjlN2YQ35lxSPXg2","onHide",1]]]],[0,"17B8qFOdNOkJPLVSpxm17Z",1,0],[5,80,80],[476.3,286.862,0,0,0,0,1,1,1,0]],[1,"New Label",2,[[15,"Verify Your Mobile",false,1,1,2,1,"HallScene/Prefabs/GetBonusPopup/GetBonusPopup/verify",-18,[10]],[18,2,-19,[4,4279064589]]],[0,"85kZVu/RZJ5rqVA3NhjG9b",1,0],[5,324.92,54.4],[1.545,11.553,0,0,0,0,1,1,1,1]],[4,"bg",1,[[14,0,-20,[0],1]],[0,"e2P7mpVuBHu7pzohc+HnQ6",1,0],[5,978,610]],[1,"title_prefect",1,[[2,-21,[2],3]],[0,"f4oCCCQ2lOyr8II/m23dZt",1,0],[5,391,32],[0,252.306,0,0,0,0,1,1,1,1]],[1,"icon_currency_bg",1,[[2,-22,[4],5]],[0,"544ZiPlLJHpIhZGf4LAT9H",1,0],[5,323,322],[-224.274,0,0,0,0,0,1,1,1,1]],[1,"icon_currency",1,[[2,-23,[6],7]],[0,"7aOkNAm0lGS5ODRrpn/51+",1,0],[5,264,203],[-231.112,23,0,0,0,0,1,1,1,1]],[4,"btn_close",3,[[2,-24,[8],9]],[0,"100JJACc5JJrEDoDn2+x/I",1,0],[5,81,81]],[5,"New Label copy",1,[[16,"GET FREE",60,70,1,1,1,2,1,"HallScene/Prefabs/GetBonusPopup/GetBonusPopup/GET FREE",-25,[13]]],[0,"35uCCw1qxASKtEW0zYt+K7",1,0],[4,4285300001],[5,300.03,88.2],[236,79.049,0,0,0,0,1,1,1,1]],[5,"New Label copy",1,[[17,"ON VERIFY",60,80,false,1,1,1,2,1,"HallScene/Prefabs/GetBonusPopup/GetBonusPopup/ON VERIFY",-26,[14]]],[0,"7eqW9yix5Gr46jE0Hb79NV",1,0],[4,4285300001],[5,323.38,100.8],[236,-94.824,0,0,0,0,1,1,1,1]],[10,"New Label copy",1,[-27],[0,"30WRD+G2xFeJlxjIITGoeh",1,0],[4,4284927318],[5,177.6,126],[236.967,-3.341,0,0,0,0,1,1,1,1]],[19,"10",160,100,false,1,1,12,[15]]],0,[0,3,1,0,4,13,0,0,1,0,-1,5,0,-2,6,0,-3,7,0,-4,8,0,-5,3,0,-6,2,0,-7,10,0,-8,11,0,-9,12,0,0,2,0,0,2,0,-1,4,0,0,3,0,-1,9,0,0,4,0,0,4,0,0,5,0,0,6,0,0,7,0,0,8,0,0,9,0,0,10,0,0,11,0,-1,13,0,5,1,27],[0,0,0,0,0,0,0,0,0,0,0,0,0,0,0,0,13],[-1,1,-1,1,-1,1,-1,1,-1,1,-1,-1,1,-1,-1,-1,6],[0,2,0,3,0,4,0,5,0,6,0,0,7,0,0,0,8]],[[{"name":"title_get","rect":[331,3,391,32],"offset":[-0.5,0.5],"originalSize":[436,43],"rotated":1,"capInsets":[0,0,0,0]}],[1],0,[0],[2],[1]],[[{"name":"icon_currency","rect":[3,332,264,203],"offset":[0,0],"originalSize":[264,203],"capInsets":[0,0,0,0]}],[1],0,[0],[2],[1]],[[{"name":"icon_currency_bg","rect":[3,3,323,322],"offset":[0,0],"originalSize":[323,322],"rotated":1,"capInsets":[0,0,0,0]}],[1],0,[0],[2],[1]]]]