[1,["ecpdLyjvZBwrvm+cedCcQy","54dZMFWc5MkJAiZayWN41A","ceW67okbJGbJxYwd4aEcCz","1d5b06c04","f0BIwQ8D5Ml7nTNQbh1YlS","75zqU+YYtIQarGdGkoh7fd","c9rzoIrFFFPJFFdYexrYV5","6a8AwnA+BOFJATatO3kh5F","c6ilyVNPhJ1728bb4ckcoD","e97GVMl6JHh5Ml5qEDdSGa","29FYIk+N1GYaeWH/q1NxQO"],["node","_spriteFrame","_parent","_N$file","_textureSetter","root","editNewRePassword","editNewPassword","editOldPassword","_N$target","data","_N$normalSprite","_N$pressedSprite","_N$hoverSprite","_N$disabledSprite"],[["cc.Node",["_name","_components","_prefab","_contentSize","_parent","_children","_trs","_anchorPoint","_color"],2,9,4,5,1,2,7,5,5],["cc.Widget",["_alignFlags","_originalWidth","_originalHeight","_left","_right","alignMode","_top","node"],-4,1],["cc.Sprite",["_sizeMode","_type","node","_materials","_spriteFrame"],1,1,3,6],["cc.Node",["_name","_active","_components","_prefab","_contentSize","_parent","_anchorPoint","_trs","_children","_color"],1,12,4,5,1,5,7,2,5],"cc.SpriteFrame",["cc.PrefabInfo",["fileId","root","asset"],2,1,1],["cc.Button",["zoomScale","_N$transition","node","clickEvents","_N$normalColor","_N$pressedColor","_N$disabledColor","_N$target","_N$normalSprite","_N$pressedSprite","_N$hoverSprite","_N$disabledSprite"],1,1,9,5,5,5,1,6,6,6,6],["cc.ClickEvent",["_componentId","handler","target"],1,1],["cc.Label",["_fontSize","_N$horizontalAlign","_N$verticalAlign","_string","_lineHeight","_enableWrapText","_isSystemFontUsed","_N$overflow","node","_materials"],-5,1,3],["cc.Prefab",["_name"],2],["aadd05P5fdJxYYE5BBO/j6c",["node","editOldPassword","editNewPassword","editNewRePassword"],3,1,1,1,1],["cc.LabelShadow",["_blur","node","_color","_offset"],2,1,5,5],["6dbaacb0j9CkpNlQEFpLMCG",["_fontSize","_enableWrapText","_N$verticalAlign","_N$overflow","_N$textKey","node","_materials"],-2,1,3],["cc.EditBox",["_N$inputMode","node","editingDidBegan","textChanged","editingDidEnded","editingReturn","_N$textLabel","_N$placeholderLabel"],2,1,9,9,9,9,1,1]],[[5,0,1,2,2],[7,0,1,3],[0,0,4,1,2,3,6,2],[1,5,0,1,2,7,5],[0,0,4,5,1,2,3,6,2],[2,1,0,2,3,4,3],[8,3,0,1,2,8,9,5],[0,0,4,1,2,3,2],[3,0,8,2,3,4,2],[3,0,1,5,2,3,4,6,7,3],[3,0,5,2,3,9,4,6,7,2],[1,0,1,2,7,4],[1,5,0,3,1,2,7,6],[2,1,0,2,3,3],[8,0,4,5,6,1,2,7,8,9,8],[12,0,1,2,3,4,5,6,6],[13,0,1,2,3,4,5,6,7,2],[2,2,3,4,1],[7,0,1,2,3],[9,0,2],[0,0,5,1,2,3,2],[0,0,4,5,1,2,3,7,6,2],[0,0,4,5,1,2,8,3,6,2],[0,0,4,1,2,3,7,2],[10,0,1,2,3,1],[5,1,2,1],[1,0,3,4,1,7,5],[1,0,4,6,7,4],[2,0,2,3,4,2],[2,2,3,1],[6,2,3,1],[6,0,1,2,3,4,5,6,7,8,9,10,11,3],[11,0,1,2,3,2]],[[[{"name":"01_1","rect":[664,3,496,36],"offset":[0,0],"originalSize":[496,36],"rotated":1,"capInsets":[0,0,0,0]}],[4],0,[0],[4],[3]],[[{"name":"06 - 001","rect":[664,505,227,70],"offset":[0,0],"originalSize":[227,70],"rotated":1,"capInsets":[0,0,0,0]}],[4],0,[0],[4],[3]],[[[19,"EditPasswordPopup"],[20,"EditPasswordPopup",[-6,-7],[[24,-5,-4,-3,-2]],[25,-1,0],[5,798,530]],[21,"popup_top",1,[-9,-10,-11,-12,-13,-14,-15,-16,-17,-18],[[26,41,-9,-9,900,-8]],[0,"5fhtOATSlC/KMxM5wMAqn8",1,0],[5,816,68],[0,0.5,1],[0,265,0,0,0,0,1,1,1,1]],[8,"edit1",[-21,-22,-23],[[-19,[11,45,570,60,-20]],1,4],[0,"35OXR6DWJKKJuJc+El7RiA",1,0],[5,572.5,54.6]],[8,"edit3",[-26,-27,-28],[[-24,[11,45,570,60,-25]],1,4],[0,"83FJ6AumNNH46P5gSaBKrf",1,0],[5,572.5,54.6]],[8,"edit2",[-31,-32,-33],[[-29,[11,45,570,60,-30]],1,4],[0,"5bflRs8fhD7L4JsO89HLs3",1,0],[5,572.5,54.6]],[4,"04",2,[-36],[[28,0,-34,[3],4],[30,-35,[[18,"aadd05P5fdJxYYE5BBO/j6c","submitEdit",1]]]],[0,"52RTR+GeFO6bOi26nRQhj5",1,0],[5,255.9,69.6],[0.5,-422,0,0,0,0,1,1,1,1]],[22,"btnClose",2,[-40],[[31,0.95,3,-38,[[18,"aadd05P5fdJxYYE5BBO/j6c","onClose",1]],[4,4293322470],[4,4291348680],[4,3363338360],-37,28,29,30,31],[27,33,27.452999999999975,7.981000000000002,-39]],[0,"b0FOu0CFFEordFe6kcj1vA",1,0],[4,4294704123],[5,80,80],[340.547,-47.981,0,0,0,0,1,1,1,1]],[2,"New Label",6,[[6,"OK",36.3,1,1,-41,[2]],[32,1,-42,[4,4278190080],[0,0,-1]]],[0,"e1rCFzY7FAI5OfdhX6i/ts",1,0],[5,52.45,50.4],[-0.276,3.589,0,0,0,0,1,1,1,1]],[4,"03",2,[3],[[5,1,0,-43,[11],12]],[0,"2aNAqED85LKYCaPkZ59YYa",1,0],[5,572.5,54.6],[0,-165,0,0,0,0,1,1,1,1]],[7,"BACKGROUND_SPRITE",3,[[13,1,0,-44,[8]],[3,0,45,160,40,-45]],[0,"409uzU6QhBRqKIEniwwDWm",1,0],[5,572.5,54.6]],[9,"TEXT_LABEL",false,3,[[-46,[12,0,45,2,158,40,-47]],1,4],[0,"24IYwBEUVIW6dyQ4VcOJp4",1,0],[5,568,60],[0,0,1],[-283,30,0,0,0,0,1,1,1,1]],[10,"PLACEHOLDER_LABEL",3,[[[3,0,45,158,40,-48],-49],4,1],[0,"d9Np5aRslHL6//sXw3h2E/",1,0],[4,4287204473],[5,572.5,54.6],[0,0,1],[-286.25,27.3,0,0,0,0,1,1,1,1]],[4,"03",2,[4],[[5,1,0,-50,[16],17]],[0,"cdKW6UQPtI3qnCp3wr1ywO",1,0],[5,572.5,54.6],[0,-339.385,0,0,0,0,1,1,1,1]],[7,"BACKGROUND_SPRITE",4,[[13,1,0,-51,[13]],[3,0,45,160,40,-52]],[0,"60hG48ezNHK6FcJNjqg5Df",1,0],[5,572.5,54.6]],[9,"TEXT_LABEL",false,4,[[-53,[12,0,45,2,158,40,-54]],1,4],[0,"91XavyZT1MJ4R04LgDOThP",1,0],[5,568,60],[0,0,1],[-283,30,0,0,0,0,1,1,1,1]],[10,"PLACEHOLDER_LABEL",4,[[[3,0,45,158,40,-55],-56],4,1],[0,"5bxfTuBYRPC50ap7J9uU+o",1,0],[4,4287204473],[5,572.5,54.6],[0,0,1],[-286.25,27.3,0,0,0,0,1,1,1,1]],[4,"03",2,[5],[[5,1,0,-57,[21],22]],[0,"5f0bpzetVPgI7gpJIfIa/a",1,0],[5,572.5,54.6],[0,-252.019,0,0,0,0,1,1,1,1]],[7,"BACKGROUND_SPRITE",5,[[13,1,0,-58,[18]],[3,0,45,160,40,-59]],[0,"58U8Y5YetJb7dWnb+mUDsQ",1,0],[5,572.5,54.6]],[9,"TEXT_LABEL",false,5,[[-60,[12,0,45,2,158,40,-61]],1,4],[0,"d2w957bTJFr4KdzWA4FRRs",1,0],[5,568,60],[0,0,1],[-283,30,0,0,0,0,1,1,1,1]],[10,"PLACEHOLDER_LABEL",5,[[[3,0,45,158,40,-62],-63],4,1],[0,"17LDka4eFK84G7onhd+Icz",1,0],[4,4287204473],[5,572.5,54.6],[0,0,1],[-286.25,27.3,0,0,0,0,1,1,1,1]],[2,"Background",7,[[17,-64,[26],27]],[0,"ceXEhlR0ZH75gjsJSlRJ65",1,0],[5,41,41],[0,0,0,0,0,0,1,1,1,0]],[2,"bg",1,[[5,1,0,-65,[0],1]],[0,"8ewyYqdVxP65aq5mOhyPCG",1,0],[5,780,536],[1,-2,0,0,0,0,1,1,1,1]],[23,"bg",2,[[29,-66,[5]]],[0,"3eaqTa2atGo6dd2B5uTtw5",1,0],[5,798,83],[0,0.5,1]],[2,"01",2,[[17,-67,[6],7]],[0,"abUh3xl7RHx7hDHoAqcd5c",1,0],[5,496,36],[-0.323,-50.02,0,0,0,0,1,1,1,1]],[14,30,30,false,false,1,1,1,11,[9]],[15,30,false,1,1,"",12,[10]],[16,6,3,[[1,"b1307WxVG5P1q+fXunJvbnm","onEditBoxBegin"]],[[1,"b1307WxVG5P1q+fXunJvbnm","onEditBoxChange"]],[[1,"b1307WxVG5P1q+fXunJvbnm","onEditBoxEnd"]],[[1,"b1307WxVG5P1q+fXunJvbnm","onEditBoxReturn"]],25,26],[14,30,30,false,false,1,1,1,15,[14]],[15,30,false,1,1,"",16,[15]],[16,6,4,[[1,"b1307WxVG5P1q+fXunJvbnm","onEditBoxBegin"]],[[1,"b1307WxVG5P1q+fXunJvbnm","onEditBoxChange"]],[[1,"b1307WxVG5P1q+fXunJvbnm","onEditBoxEnd"]],[[1,"b1307WxVG5P1q+fXunJvbnm","onEditBoxReturn"]],28,29],[14,30,30,false,false,1,1,1,19,[19]],[15,30,false,1,1,"",20,[20]],[16,6,5,[[1,"b1307WxVG5P1q+fXunJvbnm","onEditBoxBegin"]],[[1,"b1307WxVG5P1q+fXunJvbnm","onEditBoxChange"]],[[1,"b1307WxVG5P1q+fXunJvbnm","onEditBoxEnd"]],[[1,"b1307WxVG5P1q+fXunJvbnm","onEditBoxReturn"]],31,32],[2,"label",2,[[6,"New Password Again:",25.4,1,1,-68,[23]]],[0,"f8nCpTBqVG/q2HaUPWD8VM",1,0],[5,248.47,50.4],[-154.342,-294.359,0,0,0,0,1,1,1,1]],[2,"label",2,[[6,"New Password:",25.4,1,1,-69,[24]]],[0,"258VzB/I5MK62NpOnzLVRg",1,0],[5,176.45,50.4],[-190.352,-207.837,0,0,0,0,1,1,1,1]],[2,"label",2,[[6,"Old Password:",25.4,1,1,-70,[25]]],[0,"76KiwR1e9IibXtlEhauIOr",1,0],[5,165.16,50.4],[-196.134,-120.727,0,0,0,0,1,1,1,1]]],0,[0,5,1,0,6,30,0,7,33,0,8,27,0,0,1,0,-1,22,0,-2,2,0,0,2,0,-1,6,0,-2,23,0,-3,24,0,-4,9,0,-5,13,0,-6,17,0,-7,34,0,-8,35,0,-9,36,0,-10,7,0,-1,27,0,0,3,0,-1,10,0,-2,11,0,-3,12,0,-1,30,0,0,4,0,-1,14,0,-2,15,0,-3,16,0,-1,33,0,0,5,0,-1,18,0,-2,19,0,-3,20,0,0,6,0,0,6,0,-1,8,0,9,21,0,0,7,0,0,7,0,-1,21,0,0,8,0,0,8,0,0,9,0,0,10,0,0,10,0,-1,25,0,0,11,0,0,12,0,-2,26,0,0,13,0,0,14,0,0,14,0,-1,28,0,0,15,0,0,16,0,-2,29,0,0,17,0,0,18,0,0,18,0,-1,31,0,0,19,0,0,20,0,-2,32,0,0,21,0,0,22,0,0,23,0,0,24,0,0,34,0,0,35,0,0,36,0,10,1,3,2,9,4,2,13,5,2,17,70],[0,0,0,0,0,0,0,0,0,0,0,0,0,0,0,0,0,0,0,0,0,0,0,0,0,0,0,0,0,0,0,0,25,28,31],[-1,1,-1,-1,1,-1,-1,1,-1,-1,-1,-1,1,-1,-1,-1,-1,1,-1,-1,-1,-1,1,-1,-1,-1,-1,1,11,12,13,14,3,3,3],[0,5,0,0,6,0,0,7,0,0,0,0,1,0,0,0,0,1,0,0,0,0,1,0,0,0,0,8,4,9,4,10,2,2,2]]]]