[1,["ecpdLyjvZBwrvm+cedCcQy","15eb51085","7aB/TtirdDmIMDArvptIRx","b5dsE97JBD/ZIMHCcV2l+p","75dmJj5YFLKrwg2TsJTlwe","1a95qE7chN0rQWRH4LNxLj","54wZGGhB5BW7W2tQZ9IEm6","f0BIwQ8D5Ml7nTNQbh1YlS","ae+rW/kHRBDJ+4Ov5bgm/h","ccx1PmFbVK0qVdF1371mN+","24qGEINXxMqbqB8E452ky2","edxVZrc6xB0JslWqVR+CUg","18V+Un/fpAz6TX1/0u6H0C","ceW67okbJGbJxYwd4aEcCz","40HDT/cNlPsaVNUOKcKVjI","e97GVMl6JHh5Ml5qEDdSGa","29FYIk+N1GYaeWH/q1NxQO","81LDBLOalAXpciKMF5Oqkv","6eAM9vbixPMLSPtE5sN9ZI","95vRSOa+xAnqCGpQH/5R1g","7fv/6MSfZFs6/p+d4gfAJo","f2Vhx0SiZG0YEz6WpDoLo7","bdjLA1nSFH0obAGznK4ypn","8dzstpvhdL769ulYUsnuEj","47tjlSGr1O94yLsR7d6H8A","f8MJTf6r5Htb/ODgk4nPY+","6eFotCJ5lPd507Aylm2Qfg","d1YmyRLOpB/ZllWaiMAAog","a1jFroLDJH5ZvRLxiL7vzW","873gfwS2pGJpwvW4++bi1V","f0qOIqDnRAZKq9SE49vdAx","801QaMbFZAroLtpRDcn1wm"],["node","_textureSetter","_spriteFrame","_parent","_N$normalSprite","_N$pressedSprite","_N$hoverSprite","_N$disabledSprite","root","txYsDay","_N$content","_N$target","data","_N$file"],["cc.SpriteFrame",["cc.Node",["_name","_active","_prefab","_contentSize","_components","_parent","_children","_trs","_anchorPoint","_color"],1,4,5,9,1,2,7,5,5],["cc.Sprite",["_sizeMode","_type","node","_materials","_spriteFrame"],1,1,3,6],["cc.Label",["_fontSize","_isSystemFontUsed","_N$horizontalAlign","_N$verticalAlign","_N$cacheMode","_string","_N$overflow","_styleFlags","_lineHeight","node","_materials","_N$file"],-6,1,3,6],["cc.Button",["_N$transition","_N$interactable","zoomScale","node","clickEvents","_N$normalColor","_N$pressedColor","_N$disabledColor","_N$target","_N$normalSprite","_N$pressedSprite","_N$hoverSprite","_N$disabledSprite"],0,1,9,5,5,5,1,6,6,6,6],["cc.PrefabInfo",["fileId","root","asset"],2,1,1],["6dbaacb0j9CkpNlQEFpLMCG",["_string","_fontSize","_N$horizontalAlign","_N$verticalAlign","_N$overflow","_N$cacheMode","_N$textKey","_lineHeight","node","_materials"],-5,1,3],["cc.Prefab",["_name"],2],["d5945GUwZJHi6+9vr1JB5ZE",["node","numSpFrameArr","titleSpFrameArr","txYsDay"],3,1,3,12,1],["daa7eUVwOpIrrQcrgWeLsFd",["node"],3,1],["cc.Widget",["alignMode","_alignFlags","_left","_right","_top","_bottom","_originalWidth","_originalHeight","node"],-5,1],["cc.Layout",["_resize","_N$layoutType","_N$paddingTop","_N$spacingY","node","_layoutSize"],-1,1,5],["cc.ClickEvent",["_componentId","handler","target"],1,1],["4a9ccyG1wZHZoUU1BHvpISv",["horizontal","_spaceX","_spaceY","_totalCount","_showCount","node","_N$content"],-2,1,1],["cc.Mask",["_N$alphaThreshold","node","_materials"],2,1,3]],[[5,0,1,2,2],[1,0,5,4,2,3,7,2],[2,2,3,4,1],[1,0,6,4,2,3,2],[1,0,5,6,4,2,3,7,2],[1,0,5,4,2,9,3,7,2],[1,0,1,5,4,2,3,7,3],[2,1,0,2,3,4,3],[6,0,1,7,2,3,4,5,6,8,9,9],[12,0,1,2,3],[6,0,1,2,3,4,5,6,8,9,8],[1,0,5,6,2,3,7,2],[1,0,5,6,4,2,3,8,7,2],[9,0,1],[2,0,2,3,4,2],[10,0,1,2,3,4,5,6,7,8,9],[3,5,0,1,7,2,3,6,4,9,10,9],[3,0,1,2,3,6,4,9,10,7],[3,5,0,1,2,3,4,9,10,7],[7,0,2],[1,0,6,4,2,3,8,2],[1,0,5,6,4,2,3,8,2],[1,0,5,6,2,3,8,2],[1,0,5,6,4,2,9,3,7,2],[1,0,5,4,2,3,2],[1,0,1,5,4,2,3,8,3],[1,0,1,5,4,2,9,3,7,3],[8,0,1,2,3,1],[5,1,2,1],[2,1,0,2,3,3],[11,0,1,2,3,4,5,5],[4,1,0,3,4,5,6,7,8,9,10,11,12,3],[4,0,3,4,5,6,7,8,9,10,11,12,2],[4,2,0,3,4,5,6,7,8,9,10,11,12,3],[13,0,1,2,3,4,5,6,6],[14,0,1,2,2],[3,5,0,8,1,2,3,4,9,10,11,8]],[[[{"name":"bg_xz_l","rect":[123,395,54,64],"offset":[0,0],"originalSize":[54,64],"capInsets":[8,10,12,19]}],[0],0,[0],[1],[1]],[[{"name":"Rankingdelucro","rect":[294,272,241,31],"offset":[0,0],"originalSize":[241,31],"rotated":1,"capInsets":[0,0,0,0]}],[0],0,[0],[1],[1]],[[{"name":"bg_trn_2","rect":[3,3,815,68],"offset":[0,0],"originalSize":[815,68],"rotated":1,"capInsets":[0,0,0,0]}],[0],0,[0],[1],[1]],[[{"name":"shenmen","rect":[250,379,259,27],"offset":[0.5,-1.5],"originalSize":[288,66],"rotated":1,"capInsets":[0,0,0,0]}],[0],0,[0],[1],[1]],[[{"name":"img_line","rect":[276,986,3,26],"offset":[0,0],"originalSize":[3,26],"capInsets":[0,0,0,0]}],[0],0,[0],[1],[1]],[[{"name":"icon_trn_2","rect":[77,746,65,54],"offset":[0,0],"originalSize":[65,54],"rotated":1,"capInsets":[0,0,0,0]}],[0],0,[0],[1],[1]],[[{"name":"feitianzuqiu","rect":[123,97,292,41],"offset":[0,0],"originalSize":[292,41],"rotated":1,"capInsets":[0,0,0,0]}],[0],0,[0],[1],[1]],[[{"name":"icon_trn_3","rect":[137,746,65,54],"offset":[0,0],"originalSize":[65,54],"rotated":1,"capInsets":[0,0,0,0]}],[0],0,[0],[1],[1]],[[{"name":"btn_trn_1","rect":[3,895,202,88],"offset":[0,0],"originalSize":[202,88],"capInsets":[0,0,0,0]}],[0],0,[0],[1],[1]],[[{"name":"shuiguo","rect":[294,519,269,27],"offset":[0.5,-1.5],"originalSize":[288,66],"rotated":1,"capInsets":[0,0,0,0]}],[0],0,[0],[1],[1]],[[{"name":"Raspadinha","rect":[77,97,371,40],"offset":[-0.5,-0.5],"originalSize":[492,41],"rotated":1,"capInsets":[0,0,0,0]}],[0],0,[0],[1],[1]],[[{"name":"icon_trn_1","rect":[197,746,65,54],"offset":[0,0],"originalSize":[65,54],"rotated":1,"capInsets":[0,0,0,0]}],[0],0,[0],[1],[1]],[[{"name":"zhuanpan2","rect":[217,97,239,27],"offset":[0.5,-1.5],"originalSize":[288,66],"rotated":1,"capInsets":[0,0,0,0]}],[0],0,[0],[1],[1]],[[{"name":"feizhou","rect":[77,474,218,63],"offset":[0,-1.5],"originalSize":[288,66],"rotated":1,"capInsets":[0,0,0,0]}],[0],0,[0],[1],[1]],[[{"name":"777","rect":[77,698,167,42],"offset":[-0.5,-2],"originalSize":[288,66],"capInsets":[0,0,0,0]}],[0],0,[0],[1],[1]],[[{"name":"shishicai","rect":[294,3,263,31],"offset":[-0.5,-1.5],"originalSize":[288,66],"rotated":1,"capInsets":[0,0,0,0]}],[0],0,[0],[1],[1]],[[{"name":"btn_trn_2","rect":[77,3,202,88],"offset":[0,0],"originalSize":[202,88],"capInsets":[0,0,0,0]}],[0],0,[0],[1],[1]],[[[19,"RankPopup"],[3,"RankPopup",[-4,-5,-6,-7],[[27,-3,[55,56,57],[[58,59,60,61,62,63,64,65,66,67,null,68,69,70,71],6,6,6,6,6,6,6,6,6,6,0,6,6,6,6],-2]],[28,-1,0],[5,1060,630]],[11,"mainNode",1,[-8,-9,-10,-11,-12,-13,-14],[0,"a73RtOGjNEtbVQCjIj7hvZ",1,0],[5,750,500],[10.218,-28.1,0,0,0,0,1,1,1,1]],[20,"item",[-16,-17,-18,-19,-20,-21],[[13,-15]],[0,"38yVbplQ1A469fjmwxqiuz",1,0],[5,779,66],[0,0.5,1]],[3,"item_self",[-23,-24,-25,-26,-27],[[13,-22]],[0,"27pNjZ/BtLFY/Y1sdWsr39",1,0],[5,807,64]],[11,"nodeRankTop",2,[-28,-29,-30,-31,-32],[0,"b6luQpODpEg72XaIyZA3vY",1,0],[5,807,48],[97.681,213.859,0,0,0,0,1,1,1,1]],[3,"Background",[-35],[[14,2,-33,[23],24],[15,0,45,-3.5,-3.5,-11,-11,100,40,-34]],[0,"826vOUWRJNyq20MjYAr6fi",1,0],[5,202,88]],[3,"Background",[-38],[[14,2,-36,[30],31],[15,0,45,-3.5,-3.5,-11,-11,100,40,-37]],[0,"87QJQTltxCeb6043N1MubQ",1,0],[5,202,88]],[12,"imgLeft",2,[-40,-41],[[30,1,2,10,40,-39,[5,195,182]]],[0,"e9GTknio9F86n8zqZ/Rd3+",1,0],[5,195,182],[0,0.5,1],[-421.452,237.051,0,0,0,0,1,1,1,1]],[4,"popup_top",1,[-43],[[29,1,0,-42,[4]]],[0,"a3BXKIAnlCrag6XyV71XDC",1,0],[5,1060,83],[0,288.09,0,0,0,0,1,1,1,1]],[4,"imgRankButtom",2,[4],[[7,1,0,-44,[20],21]],[0,"ccYZhgPqpPYY21ij6h4wAh",1,0],[5,807,71],[97.681,-235,0,0,0,0,1,1,1,1]],[4,"btnToDay",8,[6],[[31,false,2,-45,[[9,"d5945GUwZJHi6+9vr1JB5ZE","onClickBtn",1]],[4,4293322470],[4,4291348680],[4,3363338360],6,25,26,27,28]],[0,"ebZpsx7K1Pa4Qee34N1VVs",1,0],[5,195,66],[0,-43,0,0,0,0,1,1,1,1]],[4,"btnYesterDay",8,[7],[[32,2,-46,[[9,"d5945GUwZJHi6+9vr1JB5ZE","onClickBtn",1]],[4,4293322470],[4,4291348680],[4,3363338360],7,32,33,34,35]],[0,"d1cEU8qy9HXIdN6nq+Cxtb",1,0],[5,195,66],[0,-149,0,0,0,0,1,1,1,1]],[5,"txYsDay",7,[[8,"Yesterday's ranking",20,20,1,1,3,2,"Yesterday's ranking",-47,[29]]],[0,"9bt+R8A/hEpp50fbsmfE+o",1,0],[4,4288055683],[5,160,40],[-4,0,0,0,0,0,1,1,1,1]],[12,"rankScrollView",2,[-50],[[34,false,100,7,20,20,-49,-48]],[0,"0549V9F9FPragxFimGFbNX",1,0],[5,807,380],[0,0.5,1],[97.311,189.25900000000001,0,0,0,0,1,1,1,1]],[21,"view",14,[-52],[[35,0,-51,[45]]],[0,"2fJDkJP+FLBqM6i1757wbb",1,0],[5,807,380],[0,0.5,1]],[22,"content",15,[3],[0,"aaZAQWR55BBKrwomNNvEZC",1,0],[5,807,0],[0,0.5,1]],[23,"btnClose",1,[-55],[[33,0.95,3,-54,[[9,"d5945GUwZJHi6+9vr1JB5ZE","onHide",1]],[4,4293322470],[4,4291348680],[4,3363338360],-53,51,52,53,54]],[0,"81y71E7QFNn6IQOy4XMbTU",1,0],[4,4294704123],[5,90,90],[523.444,301.403,0,0,0,0,1,1,1,1]],[1,"Background",17,[[2,-56,[49],50]],[0,"76ZsIPB+JEzKkhcfBse1eZ",1,0],[5,81,81],[0,0,0,0,0,0,1,1,1,0]],[24,"bg",1,[[2,-57,[0],1]],[0,"aboMq4BExEEKAywmqrTIQ4",1,0],[5,1072,639]],[1,"imgRankTitle",9,[[2,-58,[2],3]],[0,"92jaOfcDJH5Yh1FiZHGzqL",1,0],[5,241,31],[7.026,-24.682,0,0,0,0,1,1,1,1]],[1,"img_bg",2,[[7,1,0,-59,[5],6]],[0,"56yQ6/NXZHWbYcfw0ZbxuV",1,0],[5,800,436],[97,20.772,0,0,0,0,1,1,1,1]],[5,"txNumName",5,[[10,"Ranking",24,1,1,2,2,"assets/HallScene/Prefabs/Rank/RankPopup/txNumName",-60,[7]]],[0,"2ffUNHHY1Aw68CeCkmb2OX",1,0],[4,4292927015],[5,240,50.4],[-270,-0.8959999999999999,0,0,0,0,1,1,1,1]],[5,"txNameName",5,[[10,"Nome",24,1,1,2,2,"assets/HallScene/Prefabs/Rank/RankPopup/txNameName",-61,[8]]],[0,"10X3fduHZJDpTiZ9bY/daY",1,0],[4,4292927015],[5,240,40],[0,-0.8959999999999999,0,0,0,0,1,1,1,1]],[5,"txChipsName",5,[[10,"Total Value",24,1,1,2,2,"Total Value",-62,[9]]],[0,"860DJ79MREOrfT2vxCztt4",1,0],[4,4292927015],[5,240,40],[263.232,-0.8959999999999999,0,0,0,0,1,1,1,1]],[1,"img_line",5,[[2,-63,[10],11]],[0,"c5ev++dwtLPImPX6w/kvWZ",1,0],[5,3,26],[-127,-2,0,0,0,0,1,1,1,1]],[1,"img_line",5,[[2,-64,[12],13]],[0,"19EtqzUH9ISZhoN6w7J7xF",1,0],[5,3,26],[124,-2,0,0,0,0,1,1,1,1]],[6,"imgNum",false,4,[[2,-65,[14],15]],[0,"f42PsYslhMrICm7q4UztAi",1,0],[5,65,54],[-270,0,0,0,0,0,1,1,1,1]],[1,"txNum",4,[[16,"-",32,false,1,1,1,2,2,-66,[16]]],[0,"23LrNu4iZCr49R2r7w+zlp",1,0],[5,100,40],[-270,-2,0,0,0,0,1,1,1,1]],[1,"txName",4,[[17,24,false,1,1,2,2,-67,[17]]],[0,"a86x4gQldAoZwdDHkm9GSN",1,0],[5,300,40],[0,-2,0,0,0,0,1,1,1,1]],[1,"txChips",4,[[18,"0",24,false,1,1,2,-68,[18]]],[0,"6d6slCzn1OkLlRELI6jH8X",1,0],[5,13.35,40],[263.644,-2,0,0,0,0,1,1,1,1]],[6,"txChipsSelf",false,4,[[8,"Not listed",24,24,1,1,2,2,"Not listed",-69,[19]]],[0,"cfUe9pxnFIvZL3r1hqhOlW",1,0],[5,200.12,50.4],[263.644,-2,0,0,0,0,1,1,1,1]],[1,"txToDay",6,[[8,"Today's ranking",20,20,1,1,3,2,"Today's ranking",-70,[22]]],[0,"f8vm6hgnxNz7dP/4oJO0Td",1,0],[5,160,20],[-4,0,0,0,0,0,1,1,1,1]],[25,"imgSelf",false,3,[[7,1,0,-71,[36],37]],[0,"b3fQdoAjFGNIj/aNCuu/wZ",1,0],[5,779,64],[0,0.5,1]],[1,"img_other",3,[[7,1,0,-72,[38],39]],[0,"b0+XGpGadPuYNaBA7Ay1DD",1,0],[5,779,66],[0,-32.246,0,0,0,0,1,1,1,1]],[1,"imgNum",3,[[2,-73,[40],41]],[0,"2b3rUhGiNOhrd11CK54Z7D",1,0],[5,65,54],[-270,-31,0,0,0,0,1,1,1,1]],[6,"txNum",false,3,[[16,"0",32,false,1,1,1,2,1,-74,[42]]],[0,"e1DaG6eX5NRopKPMDi+cet",1,0],[5,100,40],[-270,-33,0,0,0,0,1,1,1,1]],[1,"txName",3,[[17,24,false,1,1,2,1,-75,[43]]],[0,"26/mR/Ql1LnKS0VgmLok6g",1,0],[5,300,40],[0,-33,0,0,0,0,1,1,1,1]],[1,"txChips",3,[[18,"0",24,false,1,1,1,-76,[44]]],[0,"41O9lrt4JFQaW2MdQ2CecV",1,0],[5,13.35,50.4],[263.232,-33,0,0,0,0,1,1,1,1]],[26,"txTips",false,2,[[8,"atualizar a cada minuto",24,24,2,1,2,2,"assets/HallScene/Prefabs/Rank/RankPopup/txTips",-77,[46]]],[0,"f414fMlZFEBKHuAl2k3YYg",1,0],[4,4278908734],[5,807,24],[96.302,-290.542,0,0,0,0,1,1,1,1]],[6,"noData",false,2,[[36,"No Data",50,56,false,1,1,1,-78,[47],48]],[0,"96qtO1mgNCsYLOrE5ODq0v",1,0],[5,178.85,70.56],[101.082,6.042,0,0,0,0,1,1,1,1]]],0,[0,8,1,0,9,13,0,0,1,0,-1,19,0,-2,9,0,-3,2,0,-4,17,0,-1,21,0,-2,5,0,-3,10,0,-4,8,0,-5,14,0,-6,39,0,-7,40,0,0,3,0,-1,33,0,-2,34,0,-3,35,0,-4,36,0,-5,37,0,-6,38,0,0,4,0,-1,27,0,-2,28,0,-3,29,0,-4,30,0,-5,31,0,-1,22,0,-2,23,0,-3,24,0,-4,25,0,-5,26,0,0,6,0,0,6,0,-1,32,0,0,7,0,0,7,0,-1,13,0,0,8,0,-1,11,0,-2,12,0,0,9,0,-1,20,0,0,10,0,0,11,0,0,12,0,0,13,0,10,16,0,0,14,0,-1,15,0,0,15,0,-1,16,0,11,18,0,0,17,0,-1,18,0,0,18,0,0,19,0,0,20,0,0,21,0,0,22,0,0,23,0,0,24,0,0,25,0,0,26,0,0,27,0,0,28,0,0,29,0,0,30,0,0,31,0,0,32,0,0,33,0,0,34,0,0,35,0,0,36,0,0,37,0,0,38,0,0,39,0,0,40,0,12,1,3,3,16,4,3,10,6,3,11,7,3,12,78],[0,0,0,0,0,0,0,0,0,0,0,0,0,0,0,0,0,0,0,0,0,0,0,0,0,0,0,0,0,0,0,0,0,0,0,0,0,0,0,0,0,0,0,0,0,0,0,0,0,0,0,0,0,0,0,0,0,0,0,0,0,0,0,0,0,0,0,0,0,0,0,0],[-1,2,-1,2,-1,-1,2,-1,-1,-1,-1,2,-1,2,-1,2,-1,-1,-1,-1,-1,2,-1,-1,2,4,5,6,7,-1,-1,2,4,5,6,7,-1,2,-1,2,-1,2,-1,-1,-1,-1,-1,-1,13,-1,2,4,5,6,7,-1,-2,-3,-1,-2,-3,-4,-5,-6,-7,-8,-9,-10,-12,-13,-14,-15],[0,8,0,5,0,0,9,0,0,0,0,6,0,6,0,4,0,0,0,0,0,10,0,0,2,3,2,3,2,0,0,3,3,2,3,2,0,11,0,12,0,4,0,0,0,0,0,0,13,0,14,7,15,7,16,17,18,4,5,19,20,21,22,23,24,25,26,27,28,29,30,31]],[[{"name":"jinku","rect":[250,97,276,37],"offset":[0,-3.5],"originalSize":[288,66],"rotated":1,"capInsets":[0,0,0,0]}],[0],0,[0],[1],[1]],[[{"name":"lunpan","rect":[3,989,267,31],"offset":[-0.5,-1.5],"originalSize":[288,66],"capInsets":[0,0,0,0]}],[0],0,[0],[1],[1]],[[{"name":"bg_wzz_an","rect":[146,574,54,64],"offset":[0,0],"originalSize":[54,64],"rotated":1,"capInsets":[20,11,12,14]}],[0],0,[0],[1],[1]],[[{"name":"super777","rect":[217,342,226,27],"offset":[0,0],"originalSize":[226,27],"rotated":1,"capInsets":[0,0,0,0]}],[0],0,[0],[1],[1]],[[{"name":"zuqiu","rect":[3,824,285,65],"offset":[0.5,-0.5],"originalSize":[288,66],"capInsets":[0,0,0,0]}],[0],0,[0],[1],[1]],[[{"name":"zhuanpan","rect":[170,97,287,41],"offset":[-0.5,-1.5],"originalSize":[288,66],"rotated":1,"capInsets":[0,0,0,0]}],[0],0,[0],[1],[1]]]]