[1,["bbhn9FhFBBnZWlN8cBYrap"],["_texture"],[["dragonBones.DragonBonesAtlasAsset",["_name","_atlasJson"],1]],[[0,0,1,3]],[[0,"tongxingzheng_tex","{\"width\":256,\"imagePath\":\"tongxingzheng_tex.png\",\"height\":256,\"name\":\"tongxingzheng\",\"SubTexture\":[{\"width\":125,\"y\":1,\"height\":56,\"name\":\"tongxingzheng/图层_536\",\"x\":115},{\"width\":115,\"y\":59,\"height\":57,\"name\":\"tongxingzheng/图层_525\",\"x\":115},{\"width\":112,\"y\":1,\"height\":75,\"name\":\"tongxingzheng/图层_535\",\"x\":1},{\"width\":64,\"y\":78,\"height\":66,\"name\":\"tongxingzheng/图层_534_拷贝\",\"x\":1},{\"width\":72,\"y\":118,\"height\":15,\"name\":\"PASSES\",\"x\":67}]}"]],0,0,[0],[0],[0]]