[1,["50CTGt0zdODZTZgoQHtjHs","85HUx9DppFZZzWkt8rRlfy"],["_textureSetter","spriteFrame"],["cc.SpriteFrame",["cc.BitmapFont",["_name","fontSize","_fntConfig"],0]],[[1,0,1,2,4]],[[[{"name":"font123","rect":[0,0,88,253],"offset":[-20,1.5],"originalSize":[128,256],"capInsets":[0,0,0,0]}],[0],0,[0],[0],[0]],[[[0,"font123",32,{"commonHeight":45,"fontSize":32,"atlasName":"C:\\Users\\40315\\Desktop\\ziti\\font123.png","fontDefDictionary":{"9":{"xOffset":0,"yOffset":0,"xAdvance":104,"rect":{"x":0,"y":0,"width":0,"height":0}},"32":{"xOffset":0,"yOffset":0,"xAdvance":13,"rect":{"x":0,"y":0,"width":0,"height":0}},"43":{"xOffset":0,"yOffset":13,"xAdvance":28,"rect":{"x":59,"y":195,"width":27,"height":28}},"44":{"xOffset":0,"yOffset":34,"xAdvance":15,"rect":{"x":20,"y":234,"width":14,"height":19}},"45":{"xOffset":0,"yOffset":22,"xAdvance":20,"rect":{"x":0,"y":234,"width":19,"height":12}},"46":{"xOffset":0,"yOffset":33,"xAdvance":14,"rect":{"x":35,"y":234,"width":13,"height":12}},"48":{"xOffset":0,"yOffset":7,"xAdvance":29,"rect":{"x":34,"y":117,"width":28,"height":38}},"49":{"xOffset":0,"yOffset":7,"xAdvance":26,"rect":{"x":63,"y":117,"width":25,"height":38}},"50":{"xOffset":0,"yOffset":7,"xAdvance":29,"rect":{"x":59,"y":156,"width":28,"height":38}},"51":{"xOffset":0,"yOffset":7,"xAdvance":30,"rect":{"x":0,"y":156,"width":29,"height":38}},"52":{"xOffset":0,"yOffset":7,"xAdvance":30,"rect":{"x":0,"y":195,"width":29,"height":38}},"53":{"xOffset":0,"yOffset":7,"xAdvance":29,"rect":{"x":36,"y":78,"width":28,"height":38}},"54":{"xOffset":0,"yOffset":7,"xAdvance":29,"rect":{"x":44,"y":0,"width":28,"height":38}},"55":{"xOffset":0,"yOffset":7,"xAdvance":29,"rect":{"x":30,"y":195,"width":28,"height":38}},"56":{"xOffset":0,"yOffset":7,"xAdvance":29,"rect":{"x":30,"y":156,"width":28,"height":38}},"57":{"xOffset":0,"yOffset":7,"xAdvance":29,"rect":{"x":40,"y":39,"width":28,"height":38}},"66":{"xOffset":0,"yOffset":7,"xAdvance":34,"rect":{"x":0,"y":117,"width":33,"height":38}},"75":{"xOffset":0,"yOffset":7,"xAdvance":40,"rect":{"x":0,"y":39,"width":39,"height":38}},"77":{"xOffset":0,"yOffset":7,"xAdvance":44,"rect":{"x":0,"y":0,"width":43,"height":38}},"84":{"xOffset":0,"yOffset":7,"xAdvance":36,"rect":{"x":0,"y":78,"width":35,"height":38}}},"kerningDict":{}}]],0,0,[0],[1],[1]]]]