[1,["74wSpk/mZI5LUTKEKGwBEu"],["_texture"],[["dragonBones.DragonBonesAtlasAsset",["_name","_atlasJson"],1]],[[0,0,1,3]],[[0,"pai_tex","{\"width\":512,\"imagePath\":\"pai_tex.png\",\"height\":1024,\"name\":\"pai\",\"SubTexture\":[{\"width\":153,\"y\":338,\"height\":206,\"name\":\"caihongl/paibei_拷贝\",\"x\":323},{\"width\":135,\"y\":695,\"height\":185,\"name\":\"caihongl/paimian\",\"x\":1},{\"width\":135,\"y\":546,\"height\":185,\"name\":\"caihongl/paibei\",\"x\":323},{\"width\":394,\"y\":1,\"height\":335,\"name\":\"caihongl/qqqqq2\",\"x\":1},{\"frameHeight\":400,\"y\":338,\"frameX\":-41,\"width\":320,\"frameY\":-24,\"height\":355,\"name\":\"caihongl/qqqqq\",\"frameWidth\":400,\"x\":1}]}"]],0,0,[0],[0],[0]]