[1,["7f6jU01hpIM5thj8BVzvdF","4ehb8RZW5DgIJkvBPIIk+J"],["spriteFrame","_textureSetter"],["cc.SpriteFrame",["cc.BitmapFont",["_name","fontSize","_fntConfig"],0]],[[1,0,1,2,4]],[[[[0,"shuzi",32,{"commonHeight":45,"fontSize":32,"atlasName":"C:\\Users\\40315\\Desktop\\ziti\\shuzi.png","fontDefDictionary":{"9":{"xOffset":0,"yOffset":0,"xAdvance":104,"rect":{"x":0,"y":0,"width":0,"height":0}},"32":{"xOffset":0,"yOffset":0,"xAdvance":13,"rect":{"x":0,"y":0,"width":0,"height":0}},"43":{"xOffset":0,"yOffset":24,"xAdvance":17,"rect":{"x":19,"y":0,"width":16,"height":21}},"44":{"xOffset":0,"yOffset":38,"xAdvance":8,"rect":{"x":10,"y":50,"width":7,"height":13}},"45":{"xOffset":0,"yOffset":32,"xAdvance":10,"rect":{"x":0,"y":52,"width":9,"height":5}},"46":{"xOffset":0,"yOffset":38,"xAdvance":6,"rect":{"x":18,"y":52,"width":5,"height":7}},"48":{"xOffset":0,"yOffset":21,"xAdvance":16,"rect":{"x":50,"y":24,"width":15,"height":25}},"49":{"xOffset":0,"yOffset":22,"xAdvance":13,"rect":{"x":112,"y":25,"width":12,"height":23}},"50":{"xOffset":0,"yOffset":21,"xAdvance":15,"rect":{"x":97,"y":0,"width":14,"height":24}},"51":{"xOffset":0,"yOffset":21,"xAdvance":15,"rect":{"x":82,"y":26,"width":14,"height":25}},"52":{"xOffset":0,"yOffset":22,"xAdvance":16,"rect":{"x":34,"y":22,"width":15,"height":23}},"53":{"xOffset":0,"yOffset":22,"xAdvance":14,"rect":{"x":112,"y":0,"width":13,"height":24}},"54":{"xOffset":0,"yOffset":21,"xAdvance":15,"rect":{"x":82,"y":0,"width":14,"height":25}},"55":{"xOffset":0,"yOffset":22,"xAdvance":15,"rect":{"x":97,"y":25,"width":14,"height":23}},"56":{"xOffset":0,"yOffset":21,"xAdvance":16,"rect":{"x":66,"y":0,"width":15,"height":25}},"57":{"xOffset":0,"yOffset":21,"xAdvance":16,"rect":{"x":66,"y":26,"width":15,"height":25}},"66":{"xOffset":0,"yOffset":22,"xAdvance":16,"rect":{"x":50,"y":0,"width":15,"height":23}},"75":{"xOffset":0,"yOffset":22,"xAdvance":17,"rect":{"x":17,"y":24,"width":16,"height":23}},"77":{"xOffset":0,"yOffset":22,"xAdvance":19,"rect":{"x":0,"y":0,"width":18,"height":23}},"84":{"xOffset":0,"yOffset":22,"xAdvance":17,"rect":{"x":0,"y":24,"width":16,"height":23}}},"kerningDict":{}}]],0,0,[0],[0],[0]],[[{"name":"shuzi","rect":[0,0,128,27],"offset":[0,18.5],"originalSize":[128,64],"capInsets":[0,0,0,0]}],[0],0,[0],[1],[1]]]]