[1,["ecpdLyjvZBwrvm+cedCcQy","126224702","1a317e8b5","f5EtR165RD7J1z66GOVsg+","b7kRmB105BuJvEY8kM10lk","d7evgDps9BPpVsig8VQW7X","94otBXLtpKq6m3L8BG1H3w","149nzUStBMorE/6tCQALs8","caHkbm1P5PM6tyYD31/Tay","33b5xPaeRL+rhtWoqmsyu3","4dNBGCASVG8J9jX3wHLfhc","d3lenLyuBEH7bQ9QK18cQ8","5dKRLOKB5Og5uqeHP0nNPy","66X8WF371FiaOsCVu7DjcI","1esG0wRgRL9bK9RVYwP7+/","60u8ncmOZL+Y8salhuwjda","baTS+7VEhLfoOgaf3erIPU","76et8xFKVDuIgGbegzE07b","2asaS0CWpF9Lc0S4BGuAG2","e4lZ41sjRDHLju4XLsOd/D","1c3M6Lx3xEB58kwzY68Gt3","0eKBOoRvVCe4OeQjAEw7mO","3eFOvKsotE4ZdFPMxHTxVk","d5AtUSPdZM/ri4D3e8gryP","a3+ZtPdkZNGY4vmwOfvsiR","ceIp3ZZ7xJe6/o8wKcrWUv","bcZJs7fDJMaKeEj68jdObj","e2bg6XAMdApqjPY7ODWCUy","59gz7eZ0FHQ57aEXJauss/","88gFEQGS5DlY03cfwX2zOW","f3/ws8r1xK0p9qHguJD76r","4cHSj//ENMP7ZXCsxx8hAw","31ISw75qxGkLU4hDGvC4EG","49b4Qh3YVPs4iarT1tdRpL","eeiSDo+MNO9aMc20tGt2/Z","58MPTKyXFAUIELvkiD6kbJ","b04W706R9OEqs2CDvFfBdQ","8e9BBDBOpOdqMZO/wOlBnf","1c88kHtwJFmZgAla3ElZe/","5a6puBoQlJ26D9lVn6sJsJ","2aIzbWcGFDFb75zanjx8I+","a2MjXRFdtLlYQ5ouAFv/+R","b0jADEluJLr5Ut1IYgkQXA","e18qcj6nBLD5zdPlShMs7p"],["node","_spriteFrame","_textureSetter","_N$dragonAsset","_N$dragonAtlasAsset","_defaultClip","root","block","rightAnimate","data","_parent"],["cc.SpriteFrame",["cc.Node",["_name","_active","_opacity","_prefab","_components","_parent","_contentSize","_children","_trs","_color"],0,4,9,1,5,2,7,5],["cc.Sprite",["_sizeMode","node","_materials","_spriteFrame"],2,1,3,6],["dragonBones.ArmatureDisplay",["_armatureName","_preCacheMode","_armatureKey","_animationName","node","_materials","_N$dragonAsset","_N$dragonAtlasAsset"],-1,1,3,6,6],["cc.PrefabInfo",["fileId","root"],2,1],["cc.Animation",["playOnLoad","node","_clips","_defaultClip"],2,1,3,6],["cc.AnimationClip",["_name","_duration","wrapMode","curveData"],0,11],["dragonBones.DragonBonesAsset",["_name","_dragonBonesJson"],1],["cc.Prefab",["_name"],2],["cc.Node",["_name","_active","_parent","_components","_prefab","_contentSize","_trs"],1,1,2,4,5,7],["86b87CNGWRAnr1Zd5THnbmm",["node","elementNode","dragonBonesNode","rightAnimate","block"],3,1,2,2,1,1],["cc.Animation",["_clips","node"],2,1]],[[4,0,1,2],[2,1,2,3,1],[1,0,5,4,3,6,2],[1,0,1,5,7,3,8,3],[7,0,1,3],[1,0,5,4,3,6,8,2],[1,0,1,5,4,3,6,8,3],[6,0,1,2,3,4],[5,0,1,2,3,2],[1,0,1,5,7,3,3],[1,0,1,5,7,4,3,3],[1,0,2,5,4,3,6,8,3],[3,0,3,1,2,4,5,6,7,5],[3,0,1,2,4,5,6,7,4],[2,1,2,1],[11,0,1,2],[8,0,2],[1,0,7,4,3,6,2],[1,0,1,7,4,3,3],[1,0,1,2,5,4,3,9,6,4],[1,0,1,5,4,3,6,3],[1,0,5,4,3,9,6,8,2],[9,0,1,2,3,4,5,6,3],[2,0,1,2,3,2],[10,0,1,2,3,4,1],[4,1,1],[5,1,1],[3,0,3,1,2,4,5,5]],[[[[7,"q",1,2,[{},"paths",11,[{"guang1":{"props":{"opacity":[{"frame":0,"value":0},{"frame":0.4,"value":1},{"frame":0.4166666666666667,"value":100},{"frame":0.5,"value":200},{"frame":0.5833333333333334,"value":255},{"frame":0.6666666666666666,"value":200},{"frame":0.75,"value":150},{"frame":1,"value":0}],"position":[{"frame":0.4166666666666667,"value":[-0.669,38.326,0]},{"frame":0.5,"value":[-0.669,24.007,0]},{"frame":0.5833333333333334,"value":[-0.669,4.481,0]},{"frame":0.6666666666666666,"value":[-0.669,-15.045,0]},{"frame":0.75,"value":[-0.669,-26.761,0]},{"frame":1,"value":[-0.669,-46.288,0]}]}}},"q",11,[{},"props",11,[{},"scale",12,[[[{"frame":0},"value",8,[0,1,1]],[{"frame":0.16666666666666666},"value",8,[0,1.1,1.1]],[{"frame":0.3333333333333333},"value",8,[0,0.9,0.9]],[{"frame":0.4166666666666667},"value",8,[0,1,1]]],11,11,11,11],"color",12,[[[{"frame":0},"value",8,[4,4289440683]],[{"frame":0.16666666666666666},"value",8,[4,4294967295]],[{"frame":0.4166666666666667},"value",8,[4,4292138196]]],11,11,11]]]]]]],0,0,[],[],[]],[[[4,"bullion_ske","{\"frameRate\":24,\"isGlobal\":0,\"armature\":[{\"bone\":[{\"name\":\"root\",\"transform\":{}},{\"transform\":{},\"name\":\"bone\",\"parent\":\"root\"},{\"transform\":{\"y\":-63.15,\"x\":3.15},\"name\":\"bone1\",\"parent\":\"bone\"},{\"transform\":{\"y\":-41.55,\"x\":21.05},\"name\":\"04\",\"parent\":\"bone\"},{\"transform\":{\"y\":-54.75,\"x\":3.15},\"name\":\"05\",\"parent\":\"bone\"},{\"transform\":{\"y\":-65.25,\"x\":-15.8},\"name\":\"06\",\"parent\":\"bone\"},{\"transform\":{\"y\":-66.85,\"x\":15.8},\"name\":\"02\",\"parent\":\"bone\"},{\"transform\":{\"y\":-77.9,\"x\":-4.75},\"name\":\"03\",\"parent\":\"bone\"},{\"transform\":{\"y\":-91.6,\"x\":3.15},\"name\":\"01\",\"parent\":\"bone\"}],\"animation\":[{\"playTimes\":0,\"bone\":[{\"frame\":[{\"transform\":{},\"duration\":50}],\"name\":\"root\"},{\"frame\":[{\"tweenEasing\":0,\"transform\":{},\"duration\":13},{\"tweenEasing\":0,\"transform\":{},\"duration\":1},{\"tweenEasing\":0,\"transform\":{\"y\":3.2896},\"duration\":2},{\"tweenEasing\":0,\"transform\":{\"y\":-1.0691},\"duration\":2},{\"tweenEasing\":0,\"transform\":{\"y\":3.5638},\"duration\":1},{\"tweenEasing\":0,\"transform\":{\"y\":0.2193},\"duration\":2},{\"tweenEasing\":0,\"transform\":{\"y\":3.317},\"duration\":2},{\"tweenEasing\":0,\"transform\":{},\"duration\":6},{\"tweenEasing\":0,\"transform\":{\"scY\":1.05,\"scX\":1.05},\"duration\":6},{\"tweenEasing\":0,\"transform\":{},\"duration\":8},{\"tweenEasing\":0,\"transform\":{\"scY\":0.95,\"scX\":0.95},\"duration\":7},{\"transform\":{},\"duration\":0}],\"name\":\"bone\"},{\"frame\":[{\"transform\":{},\"duration\":8},{\"tweenEasing\":0,\"transform\":{},\"duration\":9},{\"tweenEasing\":0,\"transform\":{\"scY\":1.1,\"scX\":1.1},\"duration\":8},{\"tweenEasing\":0,\"transform\":{\"scY\":1.2,\"scX\":1.2},\"duration\":9},{\"tweenEasing\":0,\"transform\":{},\"duration\":8},{\"tweenEasing\":0,\"transform\":{\"scY\":1.1,\"scX\":1.1},\"duration\":8},{\"transform\":{\"scY\":1.2,\"scX\":1.2},\"duration\":0}],\"name\":\"bone1\"},{\"frame\":[{\"tweenEasing\":0,\"transform\":{\"y\":-41},\"duration\":2},{\"tweenEasing\":0,\"transform\":{\"y\":-41},\"duration\":6},{\"transform\":{},\"duration\":42}],\"name\":\"04\"},{\"frame\":[{\"tweenEasing\":0,\"transform\":{\"y\":-41},\"duration\":3},{\"tweenEasing\":0,\"transform\":{\"y\":-41},\"duration\":7},{\"transform\":{},\"duration\":40}],\"name\":\"05\"},{\"frame\":[{\"tweenEasing\":0,\"transform\":{\"y\":-41},\"duration\":5},{\"tweenEasing\":0,\"transform\":{\"y\":-41},\"duration\":7},{\"transform\":{},\"duration\":38}],\"name\":\"06\"},{\"frame\":[{\"tweenEasing\":0,\"transform\":{\"y\":-41},\"duration\":7},{\"tweenEasing\":0,\"transform\":{\"y\":-41},\"duration\":6},{\"transform\":{},\"duration\":37}],\"name\":\"02\"},{\"frame\":[{\"tweenEasing\":0,\"transform\":{\"y\":-41},\"duration\":8},{\"tweenEasing\":0,\"transform\":{\"y\":-41},\"duration\":7},{\"transform\":{},\"duration\":35}],\"name\":\"03\"},{\"frame\":[{\"tweenEasing\":0,\"transform\":{\"y\":-41},\"duration\":10},{\"tweenEasing\":0,\"transform\":{\"y\":-41},\"duration\":7},{\"transform\":{},\"duration\":33}],\"name\":\"01\"}],\"slot\":[{\"frame\":[{\"tweenEasing\":0,\"color\":{\"aM\":0},\"duration\":8},{\"tweenEasing\":0,\"color\":{\"aM\":0},\"duration\":9},{\"tweenEasing\":0,\"duration\":8},{\"tweenEasing\":0,\"color\":{\"aM\":0},\"duration\":9},{\"tweenEasing\":0,\"color\":{\"aM\":0},\"duration\":8},{\"tweenEasing\":0,\"duration\":8},{\"tweenEasing\":null,\"color\":{\"aM\":0},\"duration\":0}],\"name\":\"diguang\"},{\"frame\":[{\"tweenEasing\":0,\"color\":{\"aM\":0},\"duration\":5},{\"tweenEasing\":0,\"color\":{\"aM\":0},\"duration\":3},{\"tweenEasing\":null,\"duration\":42}],\"name\":\"jt6\"},{\"frame\":[{\"tweenEasing\":0,\"color\":{\"aM\":0},\"duration\":3},{\"tweenEasing\":0,\"color\":{\"aM\":0},\"duration\":4},{\"tweenEasing\":null,\"duration\":43}],\"name\":\"jt5\"},{\"frame\":[{\"tweenEasing\":0,\"color\":{\"aM\":0},\"duration\":8},{\"tweenEasing\":0,\"color\":{\"aM\":0},\"duration\":4},{\"tweenEasing\":null,\"duration\":38}],\"name\":\"jt3\"},{\"frame\":[{\"tweenEasing\":0,\"color\":{\"aM\":0},\"duration\":7},{\"tweenEasing\":0,\"color\":{\"aM\":0},\"duration\":3},{\"tweenEasing\":null,\"duration\":40}],\"name\":\"jt2\"},{\"frame\":[{\"tweenEasing\":0,\"color\":{\"aM\":0},\"duration\":10},{\"tweenEasing\":0,\"color\":{\"aM\":0},\"duration\":3},{\"tweenEasing\":null,\"duration\":37}],\"name\":\"jt1\"},{\"frame\":[{\"tweenEasing\":0,\"color\":{\"aM\":0},\"duration\":2},{\"tweenEasing\":0,\"color\":{\"aM\":0},\"duration\":3},{\"tweenEasing\":null,\"duration\":45}],\"name\":\"jingiao/jt4\"}],\"ffd\":[],\"ik\":[],\"frame\":[],\"name\":\"win\",\"duration\":50},{\"playTimes\":0,\"bone\":[{\"frame\":[{\"transform\":{},\"duration\":0}],\"name\":\"root\"},{\"frame\":[{\"transform\":{},\"duration\":0}],\"name\":\"bone\"},{\"frame\":[{\"transform\":{},\"duration\":0}],\"name\":\"bone1\"},{\"frame\":[{\"transform\":{},\"duration\":0}],\"name\":\"04\"},{\"frame\":[{\"transform\":{},\"duration\":0}],\"name\":\"05\"},{\"frame\":[{\"transform\":{},\"duration\":0}],\"name\":\"06\"},{\"frame\":[{\"transform\":{},\"duration\":0}],\"name\":\"02\"},{\"frame\":[{\"transform\":{},\"duration\":0}],\"name\":\"03\"},{\"frame\":[{\"transform\":{},\"duration\":0}],\"name\":\"01\"}],\"slot\":[{\"frame\":[{\"tweenEasing\":null,\"color\":{\"aM\":0},\"duration\":0}],\"name\":\"diguang\"}],\"ffd\":[],\"ik\":[],\"frame\":[],\"name\":\"Standby\",\"duration\":0}],\"type\":\"Armature\",\"name\":\"Armature\",\"aabb\":{\"width\":159,\"y\":-119,\"height\":119,\"x\":-79.5},\"ik\":[],\"skin\":[{\"slot\":[{\"display\":[{\"path\":\"jingiao/jt6\",\"type\":\"image\",\"name\":\"jingiao/jt6\",\"transform\":{\"y\":4.25,\"x\":-6.7}}],\"name\":\"jt6\"},{\"display\":[{\"path\":\"jingiao/jt1\",\"type\":\"image\",\"name\":\"jingiao/jt1\",\"transform\":{\"y\":0.6,\"x\":-3.15}}],\"name\":\"jt1\"},{\"display\":[{\"path\":\"jingiao/jt2\",\"type\":\"image\",\"name\":\"jingiao/jt2\",\"transform\":{\"y\":-1.15,\"x\":-5.8}}],\"name\":\"jt2\"},{\"display\":[{\"path\":\"jingiao/jt3\",\"type\":\"image\",\"name\":\"jingiao/jt3\",\"transform\":{\"y\":2.9,\"x\":-6.25}}],\"name\":\"jt3\"},{\"display\":[{\"path\":\"jingiao/jt4\",\"type\":\"image\",\"name\":\"jingiao/jt4\",\"transform\":{\"y\":-0.95,\"x\":-2.55}}],\"name\":\"jingiao/jt4\"},{\"display\":[{\"path\":\"jingiao/jt5\",\"type\":\"image\",\"name\":\"jingiao/jt5\",\"transform\":{\"y\":2.25,\"x\":-4.65}}],\"name\":\"jt5\"},{\"display\":[{\"path\":\"jingiao/diguang\",\"type\":\"image\",\"name\":\"jingiao/diguang\",\"transform\":{\"y\":2.15,\"x\":-3.15}}],\"blendMode\":\"add\",\"name\":\"diguang\"},{\"display\":[{\"path\":\"jingiao/bg\",\"type\":\"image\",\"name\":\"jingiao/bg\",\"transform\":{\"y\":-55.5}}],\"name\":\"bg\"}],\"name\":\"\"}],\"slot\":[{\"name\":\"bg\",\"parent\":\"root\",\"color\":{}},{\"blendMode\":\"add\",\"z\":1,\"parent\":\"bone1\",\"name\":\"diguang\",\"color\":{}},{\"z\":2,\"name\":\"jt6\",\"parent\":\"06\",\"color\":{}},{\"z\":3,\"name\":\"jt5\",\"parent\":\"05\",\"color\":{}},{\"z\":4,\"name\":\"jt3\",\"parent\":\"03\",\"color\":{}},{\"z\":5,\"name\":\"jingiao/jt4\",\"parent\":\"04\",\"color\":{}},{\"z\":6,\"name\":\"jt2\",\"parent\":\"02\",\"color\":{}},{\"z\":7,\"name\":\"jt1\",\"parent\":\"01\",\"color\":{}}],\"frameRate\":24,\"defaultActions\":[{\"gotoAndPlay\":\"win\"}]}],\"name\":\"bullion\",\"version\":\"4.0\"}"]],0,0,[],[],[]],[[[4,"gem_ske","{\"frameRate\":24,\"isGlobal\":0,\"name\":\"gem\",\"version\":\"4.0\",\"armature\":[{\"skin\":[{\"name\":\"\",\"slot\":[{\"display\":[{\"path\":\"baoshi/图层_9\",\"type\":\"image\",\"name\":\"baoshi/图层_9\",\"transform\":{\"y\":24.5,\"x\":7.45}},{\"path\":\"baoshi/图层_7\",\"type\":\"image\",\"name\":\"baoshi/图层_7\",\"transform\":{\"y\":57.5,\"x\":0.95}},{\"path\":\"baoshi/图层_5\",\"type\":\"image\",\"name\":\"baoshi/图层_5\",\"transform\":{\"y\":62.5,\"x\":22.95}},{\"path\":\"baoshi/图层_3\",\"type\":\"image\",\"name\":\"baoshi/图层_3\",\"transform\":{\"y\":43.5,\"x\":29.95}},{\"path\":\"baoshi/图层_1\",\"type\":\"image\",\"name\":\"baoshi/图层_1\",\"transform\":{\"y\":22.5,\"x\":24.45}},{\"path\":\"baoshi/图层_2\",\"type\":\"image\",\"name\":\"baoshi/图层_2\",\"transform\":{\"y\":33.5,\"x\":30.45}},{\"path\":\"baoshi/图层_4\",\"type\":\"image\",\"name\":\"baoshi/图层_4\",\"transform\":{\"y\":53.5,\"x\":26.95}},{\"path\":\"baoshi/图层_6\",\"type\":\"image\",\"name\":\"baoshi/图层_6\",\"transform\":{\"y\":66,\"x\":13.95}},{\"path\":\"baoshi/图层_8\",\"type\":\"image\",\"name\":\"baoshi/图层_8\",\"transform\":{\"y\":46.5,\"x\":4.45}}],\"blendMode\":\"add\",\"name\":\"bone2\"},{\"display\":[{\"path\":\"baoshi/bg\",\"type\":\"image\",\"name\":\"baoshi/bg\",\"transform\":{\"y\":-56}}],\"name\":\"bg\"},{\"display\":[{\"path\":\"baoshi/lll\",\"type\":\"image\",\"name\":\"baoshi/lll\",\"transform\":{\"y\":-62.5,\"x\":-20.5}}],\"name\":\"lll\"},{\"display\":[{\"path\":\"baoshi/sss\",\"type\":\"image\",\"name\":\"baoshi/sss\",\"transform\":{\"y\":43,\"x\":20.95}}],\"name\":\"sss\"}]}],\"type\":\"Armature\",\"name\":\"Armature\",\"defaultActions\":[{\"gotoAndPlay\":\"win\"}],\"bone\":[{\"name\":\"root\",\"transform\":{}},{\"transform\":{},\"name\":\"bone\",\"parent\":\"root\"},{\"transform\":{\"y\":-101.5,\"x\":-1.45},\"name\":\"bone1\",\"parent\":\"bone\"},{\"transform\":{},\"name\":\"bone2\",\"parent\":\"bone1\"}],\"aabb\":{\"width\":160,\"y\":-112,\"height\":112,\"x\":-80},\"slot\":[{\"name\":\"bg\",\"parent\":\"root\",\"color\":{}},{\"z\":1,\"name\":\"lll\",\"parent\":\"root\",\"color\":{}},{\"z\":2,\"name\":\"sss\",\"parent\":\"bone2\",\"color\":{}},{\"blendMode\":\"add\",\"z\":3,\"parent\":\"bone2\",\"displayIndex\":-1,\"name\":\"bone2\",\"color\":{}}],\"animation\":[{\"frame\":[],\"duration\":50,\"bone\":[{\"frame\":[{\"duration\":50,\"transform\":{}}],\"name\":\"root\"},{\"frame\":[{\"duration\":50,\"transform\":{}}],\"name\":\"bone\"},{\"frame\":[{\"tweenEasing\":0,\"duration\":12,\"transform\":{\"skY\":12.9779,\"skX\":12.9779}},{\"tweenEasing\":0,\"duration\":13,\"transform\":{\"skY\":-8.5905,\"skX\":-8.5905}},{\"tweenEasing\":0,\"duration\":12,\"transform\":{\"skY\":12.9779,\"skX\":12.9779}},{\"tweenEasing\":0,\"duration\":13,\"transform\":{\"skY\":36.2139,\"skX\":36.2139}},{\"duration\":0,\"transform\":{\"skY\":12.9779,\"skX\":12.9779}}],\"name\":\"bone1\"},{\"frame\":[{\"duration\":50,\"transform\":{}}],\"name\":\"bone2\"}],\"slot\":[{\"frame\":[{\"tweenEasing\":0,\"displayIndex\":-1,\"duration\":2,\"color\":{\"aM\":0}},{\"tweenEasing\":0,\"displayIndex\":4,\"duration\":3,\"color\":{\"aM\":33}},{\"tweenEasing\":0,\"displayIndex\":5,\"duration\":1,\"color\":{\"aM\":83}},{\"tweenEasing\":0,\"displayIndex\":5,\"duration\":1},{\"tweenEasing\":0,\"displayIndex\":3,\"duration\":3},{\"tweenEasing\":0,\"displayIndex\":6,\"duration\":2},{\"tweenEasing\":0,\"displayIndex\":2,\"duration\":3},{\"tweenEasing\":0,\"displayIndex\":7,\"duration\":2},{\"tweenEasing\":0,\"displayIndex\":1,\"duration\":1},{\"tweenEasing\":0,\"displayIndex\":1,\"duration\":2},{\"tweenEasing\":0,\"displayIndex\":8,\"duration\":2,\"color\":{\"aM\":71}},{\"tweenEasing\":0,\"duration\":3,\"color\":{\"aM\":42}},{\"tweenEasing\":0,\"displayIndex\":-1,\"duration\":2,\"color\":{\"aM\":0}},{\"tweenEasing\":0,\"displayIndex\":4,\"duration\":3,\"color\":{\"aM\":40}},{\"tweenEasing\":0,\"displayIndex\":5,\"duration\":2},{\"tweenEasing\":0,\"displayIndex\":3,\"duration\":3},{\"tweenEasing\":0,\"displayIndex\":6,\"duration\":2},{\"tweenEasing\":0,\"displayIndex\":2,\"duration\":3},{\"tweenEasing\":0,\"displayIndex\":7,\"duration\":2},{\"tweenEasing\":0,\"displayIndex\":1,\"duration\":3},{\"tweenEasing\":0,\"displayIndex\":8,\"duration\":2,\"color\":{\"aM\":62}},{\"tweenEasing\":0,\"duration\":3,\"color\":{\"aM\":37}},{\"tweenEasing\":null,\"duration\":0,\"color\":{\"aM\":0}}],\"name\":\"bone2\"}],\"ffd\":[],\"name\":\"win\",\"ik\":[],\"playTimes\":0},{\"frame\":[],\"duration\":0,\"bone\":[{\"frame\":[{\"duration\":0,\"transform\":{}}],\"name\":\"root\"},{\"frame\":[{\"duration\":0,\"transform\":{}}],\"name\":\"bone\"},{\"frame\":[{\"duration\":0,\"transform\":{}}],\"name\":\"bone1\"},{\"frame\":[{\"duration\":0,\"transform\":{}}],\"name\":\"bone2\"}],\"slot\":[],\"ffd\":[],\"name\":\"Standby\",\"ik\":[],\"playTimes\":0}],\"frameRate\":24,\"ik\":[]}]}"]],0,0,[],[],[]],[[{"name":"3_img","rect":[590,756,84,102],"offset":[0,0],"originalSize":[84,102],"capInsets":[0,0,0,0]}],[0],0,[0],[2],[1]],[[{"name":"11_2img","rect":[412,3,167,140],"offset":[0,0],"originalSize":[167,140],"rotated":1,"capInsets":[0,0,0,0]}],[0],0,[0],[2],[1]],[[{"name":"5_img","rect":[923,733,85,94],"offset":[0,0],"originalSize":[85,94],"rotated":1,"capInsets":[0,0,0,0]}],[0],0,[0],[2],[2]],[[[4,"wild_jk_ske","{\"frameRate\":24,\"isGlobal\":0,\"name\":\"wild_jk\",\"version\":\"4.0\",\"armature\":[{\"skin\":[{\"name\":\"\",\"slot\":[{\"display\":[{\"path\":\"wild-jinku/图层_49\",\"type\":\"image\",\"name\":\"wild-jinku/图层_49\",\"transform\":{\"y\":-1.5,\"x\":3}},{\"path\":\"wild-jinku/图层_47\",\"type\":\"image\",\"name\":\"wild-jinku/图层_47\",\"transform\":{\"y\":-1.5,\"x\":3}},{\"path\":\"wild-jinku/图层_45\",\"type\":\"image\",\"name\":\"wild-jinku/图层_45\",\"transform\":{\"y\":-1.5,\"x\":2.5}},{\"path\":\"wild-jinku/图层_43\",\"type\":\"image\",\"name\":\"wild-jinku/图层_43\",\"transform\":{\"y\":-1.5,\"x\":3}},{\"path\":\"wild-jinku/图层_41\",\"type\":\"image\",\"name\":\"wild-jinku/图层_41\",\"transform\":{\"y\":-1.5,\"x\":2.5}},{\"path\":\"wild-jinku/图层_42\",\"type\":\"image\",\"name\":\"wild-jinku/图层_42\",\"transform\":{\"y\":-1.5,\"x\":2.5}},{\"path\":\"wild-jinku/图层_44\",\"type\":\"image\",\"name\":\"wild-jinku/图层_44\",\"transform\":{\"y\":-1,\"x\":2.5}},{\"path\":\"wild-jinku/图层_46\",\"type\":\"image\",\"name\":\"wild-jinku/图层_46\",\"transform\":{\"y\":-1.5,\"x\":2.5}},{\"path\":\"wild-jinku/图层_48\",\"type\":\"image\",\"name\":\"wild-jinku/图层_48\",\"transform\":{\"y\":-1,\"x\":2.5}},{\"path\":\"wild-jinku/图层_50\",\"type\":\"image\",\"name\":\"wild-jinku/图层_50\",\"transform\":{\"y\":-1.5,\"x\":2.5}}],\"blendMode\":\"add\",\"name\":\"bone2\"},{\"display\":[{\"vertices\":[-57.5,-52.5,57.5,-52.5,-57.5,52.5,57.5,52.5,-57.5,8.1,57.5,8.7,-57.5,-11.3,57.5,-11.3,57.5,-31.3,-57.5,-31.3,-57.5,25.75,57.5,28.1,-35.05,52.5,-32.7,-52.5,-11.55,52.5,-10.95,-52.5,16.65,52.5,13.15,-52.5,35.5,-52.5,38.45,52.5,-32.7,-31.3,-32.7,-11.3,-32.7,8.23,-32.73,26.26,-10.93,26.7,-10.94,8.34,-9.8,-11.3,-9.8,-31.3,12.55,-31.3,13.15,-11.3,13.15,8.47,11.38,27.16,36.65,27.67,36.1,8.59,36.1,-11.3,37.25,-31.3],\"uvs\":[0,0,1,0,0,1,1,1,0,0.57714,1,0.58286,0,0.39238,1,0.39238,1,0.2019,0,0.2019,0,0.74524,1,0.76762,0.19522,1,0.21565,0,0.39957,1,0.40478,0,0.64478,1,0.61435,0,0.8087,0,0.83435,1,0.21565,0.2019,0.21565,0.39238,0.21567,0.57838,0.21535,0.75006,0.40492,0.7543,0.40488,0.57946,0.41478,0.39238,0.41478,0.2019,0.60913,0.2019,0.61435,0.39238,0.61436,0.58065,0.59899,0.75864,0.81866,0.76356,0.81395,0.58179,0.81391,0.39238,0.82391,0.2019],\"path\":\"wild-jinku/jinzhu\",\"slotPose\":[1,0,0,1,-0.5,-82.5],\"userEdges\":[9,20,13,20,6,21,20,21,4,22,21,22,10,23,22,23,23,12,23,24,14,24,22,25,24,25,21,26,25,26,20,27,26,27,27,15,27,28,17,28,26,29,28,29,25,30,29,30,24,31,30,31,31,16,31,32,32,11,19,32,30,33,33,5,32,33,29,34,34,7,33,34,28,35,35,8,34,35,35,18],\"edges\":[4,6,7,5,1,8,8,7,6,9,9,0,2,10,10,4,5,11,11,3,12,2,0,13,14,12,13,15,16,14,15,17,17,18,18,1,3,19,19,16],\"bonePose\":[6,6.123233995736766e-17,-1,1,6.123233995736766e-17,-25.75,-61.6,5,-0.0085925936239394,-0.9999630829859739,0.9999630829859739,-0.0085925936239394,-0.8500000000000001,-60.8,7,0.021529329036532343,-0.9997682171339699,0.9997682171339699,0.021529329036532343,23.25,-62],\"weights\":[3,6,0.5309481054758675,5,0.3126413814688776,7,0.156410513055255,3,6,0.1566992667413792,7,0.5375043215757693,5,0.3057964116828514,3,6,0.571093481154353,5,0.2762300414992755,7,0.1526764773463715,3,6,0.15494234913858307,7,0.562025670445996,5,0.28303198041542105,3,6,0.6773417956077985,5,0.2165932252463571,7,0.10606497914584449,3,6,0.1093571937227903,7,0.667730994729605,5,0.22291181154760478,3,6,0.6772111657562877,5,0.21782294464872087,7,0.10496588959499153,3,6,0.10761468147178632,7,0.6743204686515594,5,0.21806484987665437,3,6,0.11792296841576341,7,0.6395311735985282,5,0.2425458579857084,3,6,0.6363066142429923,5,0.24733338459416793,7,0.11636000116283977,3,6,0.673647667345647,5,0.21827146915067513,7,0.10808086350367808,3,6,0.11361775758273343,7,0.6549798660291772,5,0.23140237638808944,3,6,0.5705409768446511,5,0.2901033354178904,7,0.13935568773745832,3,6,0.4850125667066443,5,0.3686007827526199,7,0.14638665054073563,3,6,0.3806638107874543,5,0.4204178883757428,7,0.1989183008368029,3,6,0.30315748735786024,5,0.515484589397564,7,0.1813579232445758,3,6,0.1727483986655415,7,0.442827651597318,5,0.3844239497371405,3,6,0.17256715587406307,5,0.4887680653551491,7,0.33866477877078793,3,6,0.14453710311517678,7,0.5117405997631548,5,0.3437222971216684,3,6,0.140101752898295,7,0.5712403842398569,5,0.28865786286184814,3,6,0.7408963637978512,5,0.19838566252463863,7,0.06071797367751021,3,6,0.9337141241780134,5,0.05040309549546605,7,0.015882780326520587,3,6,0.9340144300648586,5,0.049870412261863235,7,0.016115157673278206,3,6,0.9045837795460776,5,0.07164584602550182,7,0.023770374428420584,3,6,0.3408844251878856,5,0.5935935508834832,7,0.06552202392863112,3,6,0.32952584492066106,5,0.6152007613927732,7,0.055273393686565635,3,6,0.24722655550020892,5,0.7023980962605997,7,0.05037534823919137,3,6,0.2031998362764086,5,0.7285708295858155,7,0.06822933413777595,3,6,0.07739032885582682,5,0.5689355996750464,7,0.3536740714691268,3,6,0.049148638395395225,7,0.5693616571188681,5,0.38148970448573677,3,6,0.046576398623367564,7,0.5828635466500982,5,0.37056005472653414,3,6,0.06153952300008555,5,0.5075619138835006,7,0.43089856311641384,3,6,0.046375717494305656,7,0.8255994067451192,5,0.1280248757605751,3,6,0.03384117265999117,7,0.8708802565973359,5,0.0952785707426729,3,6,0.03178450754554607,7,0.8795508422695025,5,0.08866465018495144,3,6,0.06830520240689786,7,0.742369856306409,5,0.1893249412866932],\"type\":\"mesh\",\"transform\":{\"y\":-4.5,\"x\":1.5},\"width\":115,\"height\":105,\"name\":\"wild-jinku/jinzhu\",\"triangles\":[35,34,7,34,33,7,35,7,8,7,33,5,33,32,5,35,8,1,18,35,1,19,3,11,32,19,11,5,32,11,28,29,34,30,33,34,29,30,34,17,28,18,31,16,32,33,30,32,30,31,32,18,28,35,28,34,35,32,16,19,24,14,31,15,27,17,17,27,28,26,29,28,29,26,30,31,14,16,25,24,31,27,26,28,25,31,30,26,25,30,13,20,15,21,22,25,22,23,25,25,23,24,24,23,14,23,12,14,21,25,26,15,20,27,21,26,27,20,21,27,10,2,12,10,12,23,6,4,21,6,21,20,9,6,20,10,23,22,4,10,22,21,4,22,9,20,13,0,9,13]}],\"name\":\"jinzhu\"},{\"display\":[{\"path\":\"wild-jinku/ba\",\"type\":\"image\",\"name\":\"wild-jinku/ba\",\"transform\":{\"y\":-68}}],\"name\":\"ba\"},{\"display\":[{\"path\":\"wild-jinku/wd\",\"type\":\"image\",\"name\":\"wild-jinku/wd\",\"transform\":{\"y\":-0.5,\"x\":1}}],\"name\":\"wd\"}]}],\"type\":\"Armature\",\"name\":\"Armature\",\"defaultActions\":[{\"gotoAndPlay\":\"win\"}],\"bone\":[{\"name\":\"root\",\"transform\":{}},{\"transform\":{\"y\":-78,\"x\":-2},\"name\":\"bone\",\"parent\":\"root\"},{\"transform\":{},\"name\":\"bone1\",\"parent\":\"bone\"},{\"transform\":{\"y\":53,\"x\":2},\"name\":\"bone3\",\"parent\":\"bone\"},{\"transform\":{},\"name\":\"bone2\",\"parent\":\"bone1\"},{\"length\":46,\"transform\":{\"skY\":-90.4923,\"y\":17.2,\"skX\":-90.4923,\"x\":1.15},\"parent\":\"bone1\",\"name\":\"bone4\"},{\"length\":37,\"transform\":{\"skY\":-90,\"y\":16.4,\"skX\":-90,\"x\":-23.75},\"parent\":\"bone1\",\"name\":\"bone5\"},{\"length\":37,\"transform\":{\"skY\":-88.7664,\"y\":16,\"skX\":-88.7664,\"x\":25.25},\"parent\":\"bone1\",\"name\":\"bone6\"}],\"aabb\":{\"width\":164,\"y\":-136,\"height\":136,\"x\":-82},\"slot\":[{\"name\":\"ba\",\"parent\":\"root\",\"color\":{}},{\"z\":1,\"name\":\"jinzhu\",\"parent\":\"bone1\",\"color\":{}},{\"z\":2,\"name\":\"wd\",\"parent\":\"bone3\",\"color\":{}},{\"blendMode\":\"add\",\"z\":3,\"parent\":\"bone2\",\"displayIndex\":-1,\"name\":\"bone2\",\"color\":{}}],\"animation\":[{\"frame\":[],\"duration\":45,\"bone\":[{\"frame\":[{\"duration\":45,\"transform\":{}}],\"name\":\"root\"},{\"frame\":[{\"duration\":45,\"transform\":{}}],\"name\":\"bone\"},{\"frame\":[{\"tweenEasing\":0,\"duration\":8,\"transform\":{\"y\":-39.1222,\"scX\":0.9059}},{\"tweenEasing\":0,\"duration\":3,\"transform\":{\"y\":7.7551,\"scX\":0.9}},{\"tweenEasing\":0,\"duration\":3,\"transform\":{\"y\":12.2448,\"scY\":0.85}},{\"tweenEasing\":0,\"duration\":3,\"transform\":{\"y\":-15.1103,\"scX\":0.9}},{\"tweenEasing\":0,\"duration\":3,\"transform\":{\"y\":4.2819,\"scY\":0.9}},{\"duration\":25,\"transform\":{\"y\":-1.8316}}],\"name\":\"bone1\"},{\"frame\":[{\"duration\":17,\"transform\":{}},{\"tweenEasing\":0,\"duration\":11,\"transform\":{}},{\"tweenEasing\":0,\"duration\":11,\"transform\":{\"scX\":1.5,\"scY\":1.5}},{\"duration\":6,\"transform\":{}}],\"name\":\"bone2\"},{\"frame\":[{\"tweenEasing\":0,\"duration\":5,\"transform\":{}},{\"tweenEasing\":0,\"duration\":3,\"transform\":{\"scX\":1.2,\"scY\":1.2}},{\"tweenEasing\":0,\"duration\":3,\"transform\":{\"skY\":-8.0555,\"scX\":1.2,\"scY\":1.2,\"skX\":-8.0555}},{\"tweenEasing\":0,\"duration\":3,\"transform\":{\"scX\":1.2,\"scY\":1.2}},{\"tweenEasing\":0,\"duration\":3,\"transform\":{\"skY\":8.0531,\"scX\":1.2,\"scY\":1.2,\"skX\":8.0531}},{\"tweenEasing\":0,\"duration\":3,\"transform\":{\"scX\":1.2,\"scY\":1.2}},{\"tweenEasing\":0,\"duration\":3,\"transform\":{\"skY\":-8.0555,\"scX\":1.2,\"scY\":1.2,\"skX\":-8.0555}},{\"tweenEasing\":0,\"duration\":3,\"transform\":{\"scX\":1.2,\"scY\":1.2}},{\"tweenEasing\":0,\"duration\":3,\"transform\":{\"skY\":8.0531,\"scX\":1.2,\"scY\":1.2,\"skX\":8.0531}},{\"tweenEasing\":0,\"duration\":4,\"transform\":{\"scX\":1.2,\"scY\":1.2}},{\"duration\":12,\"transform\":{}}],\"name\":\"bone3\"},{\"frame\":[{\"duration\":45,\"transform\":{}}],\"name\":\"bone4\"},{\"frame\":[{\"duration\":45,\"transform\":{}}],\"name\":\"bone5\"},{\"frame\":[{\"duration\":45,\"transform\":{}}],\"name\":\"bone6\"}],\"slot\":[{\"frame\":[{\"tweenEasing\":null,\"displayIndex\":-1,\"duration\":17},{\"tweenEasing\":null,\"displayIndex\":-1,\"duration\":2},{\"tweenEasing\":null,\"displayIndex\":9,\"duration\":2},{\"tweenEasing\":null,\"duration\":2},{\"tweenEasing\":null,\"displayIndex\":8,\"duration\":2},{\"tweenEasing\":null,\"displayIndex\":1,\"duration\":2},{\"tweenEasing\":null,\"displayIndex\":7,\"duration\":2},{\"tweenEasing\":null,\"displayIndex\":2,\"duration\":2},{\"tweenEasing\":null,\"displayIndex\":6,\"duration\":2},{\"tweenEasing\":null,\"displayIndex\":3,\"duration\":2},{\"tweenEasing\":null,\"displayIndex\":5,\"duration\":2},{\"tweenEasing\":null,\"displayIndex\":4,\"duration\":2},{\"tweenEasing\":null,\"displayIndex\":-1,\"duration\":6},{\"tweenEasing\":null,\"displayIndex\":-1,\"duration\":0}],\"name\":\"bone2\"}],\"ffd\":[],\"name\":\"win\",\"ik\":[],\"playTimes\":0},{\"frame\":[],\"duration\":0,\"bone\":[{\"frame\":[{\"duration\":0,\"transform\":{}}],\"name\":\"root\"},{\"frame\":[{\"duration\":0,\"transform\":{}}],\"name\":\"bone\"},{\"frame\":[{\"duration\":0,\"transform\":{}}],\"name\":\"bone1\"},{\"frame\":[{\"duration\":0,\"transform\":{}}],\"name\":\"bone3\"},{\"frame\":[{\"duration\":0,\"transform\":{}}],\"name\":\"bone2\"},{\"frame\":[{\"duration\":0,\"transform\":{}}],\"name\":\"bone4\"},{\"frame\":[{\"duration\":0,\"transform\":{}}],\"name\":\"bone5\"},{\"frame\":[{\"duration\":0,\"transform\":{}}],\"name\":\"bone6\"}],\"slot\":[],\"ffd\":[],\"name\":\"Standby\",\"ik\":[],\"playTimes\":0}],\"frameRate\":24,\"ik\":[]}]}"]],0,0,[],[],[]],[[{"name":"9","rect":[254,311,103,86],"offset":[0,-0.5],"originalSize":[103,87],"capInsets":[0,0,0,0]}],[0],0,[0],[2],[1]],[[{"name":"7_img","rect":[429,891,160,117],"offset":[0,-1.5],"originalSize":[160,120],"capInsets":[0,0,0,0]}],[0],0,[0],[2],[2]],[[{"name":"10_img","rect":[813,172,164,136],"offset":[0,0],"originalSize":[164,136],"rotated":1,"capInsets":[0,0,0,0]}],[0],0,[0],[2],[1]],[[{"name":"1_img","rect":[784,651,103,86],"offset":[0,-0.5],"originalSize":[103,87],"capInsets":[0,0,0,0]}],[0],0,[0],[2],[1]],[[[4,"Scatter_ske","{\"frameRate\":24,\"isGlobal\":0,\"name\":\"Scatter\",\"version\":\"4.0\",\"armature\":[{\"skin\":[{\"name\":\"\",\"slot\":[{\"display\":[{\"path\":\"scater/scatt\",\"type\":\"image\",\"name\":\"scater/scatt\",\"transform\":{\"y\":-0.55,\"x\":1.3}}],\"blendMode\":\"add\",\"name\":\"scatt1\"},{\"display\":[{\"path\":\"scater/bg2\",\"type\":\"image\",\"name\":\"scater/bg2\",\"transform\":{\"y\":-70,\"x\":1}}],\"blendMode\":\"add\",\"name\":\"bg21\"},{\"display\":[{\"path\":\"scater/scatt\",\"type\":\"image\",\"name\":\"scater/scatt\",\"transform\":{\"y\":-0.55,\"x\":1.3}}],\"name\":\"scatt\"},{\"display\":[{\"path\":\"scater/bgg\",\"type\":\"image\",\"name\":\"scater/bgg\",\"transform\":{\"y\":-69.5}}],\"name\":\"bgg\"},{\"display\":[{\"path\":\"scater/kkk\",\"type\":\"image\",\"name\":\"scater/kkk\",\"transform\":{\"y\":-21.2,\"x\":-0.9}}],\"name\":\"kkk\"},{\"display\":[{\"path\":\"scater/zzz2\",\"type\":\"image\",\"name\":\"scater/zzz2\",\"transform\":{\"y\":2.65,\"x\":4}}],\"name\":\"zzz2\"},{\"display\":[{\"path\":\"scater/zzzz1\",\"type\":\"image\",\"name\":\"scater/zzzz1\",\"transform\":{\"y\":2.45,\"x\":0.15}}],\"name\":\"zzzz1\"},{\"display\":[{\"path\":\"scater/kkk\",\"type\":\"image\",\"name\":\"scater/kkk\",\"transform\":{\"y\":-21.2,\"x\":-0.9}}],\"blendMode\":\"add\",\"name\":\"kkk1\"},{\"display\":[{\"path\":\"scater/kaig\",\"type\":\"image\",\"name\":\"scater/kaig\",\"transform\":{\"y\":-0.1267,\"x\":-0.65}}],\"name\":\"kaig\"},{\"display\":[{\"path\":\"scater/qqqq\",\"type\":\"image\",\"name\":\"scater/qqqq\",\"transform\":{\"y\":0.0199,\"x\":-0.16}}],\"name\":\"qqqq\"},{\"display\":[{\"path\":\"scater/zzzz3\",\"type\":\"image\",\"name\":\"scater/zzzz3\",\"transform\":{\"y\":2.7,\"x\":-0.35}}],\"name\":\"zzzz3\"},{\"display\":[{\"path\":\"scater/bg2\",\"type\":\"image\",\"name\":\"scater/bg2\",\"transform\":{\"y\":-70,\"x\":1}}],\"name\":\"bg2\"},{\"display\":[{\"path\":\"scater/zzzz4\",\"type\":\"image\",\"name\":\"scater/zzzz4\",\"transform\":{\"y\":2.4,\"x\":-0.8}}],\"name\":\"zzzz4\"},{\"display\":[{\"path\":\"scater/xzxzv\",\"type\":\"image\",\"name\":\"scater/xzxzv\",\"transform\":{\"y\":1.7,\"x\":0.3729}}],\"name\":\"xzxzv\"}]}],\"type\":\"Armature\",\"name\":\"Armature\",\"defaultActions\":[{\"gotoAndPlay\":\"win\"}],\"bone\":[{\"name\":\"root\",\"transform\":{}},{\"transform\":{},\"name\":\"bone\",\"parent\":\"root\"},{\"transform\":{\"y\":-70.8733,\"x\":1.5583},\"name\":\"bone1\",\"parent\":\"bone\"},{\"transform\":{\"y\":-70.3566,\"x\":0.9967},\"name\":\"bone2\",\"parent\":\"bone\"},{\"transform\":{\"y\":-21.95,\"x\":0.7},\"name\":\"bone3\",\"parent\":\"bone\"},{\"transform\":{\"y\":-72.2,\"scX\":2,\"scY\":2,\"x\":-2.318},\"name\":\"bone4\",\"parent\":\"bone\"},{\"transform\":{\"y\":-96.95,\"x\":41.35},\"name\":\"bone5\",\"parent\":\"bone\"},{\"transform\":{\"y\":-56.15,\"x\":44.5},\"name\":\"bone6\",\"parent\":\"bone\"},{\"transform\":{\"y\":-97.2,\"x\":-38.15},\"name\":\"bone7\",\"parent\":\"bone\"},{\"transform\":{\"y\":-55.9,\"x\":-44.7},\"name\":\"bone8\",\"parent\":\"bone\"},{\"transform\":{\"y\":-48.3,\"x\":0.9},\"name\":\"bone9\",\"parent\":\"bone\"}],\"aabb\":{\"width\":167,\"y\":-139,\"height\":139.7,\"x\":-83.5},\"slot\":[{\"name\":\"bgg\",\"parent\":\"root\",\"color\":{}},{\"z\":1,\"name\":\"bg2\",\"parent\":\"root\",\"color\":{}},{\"blendMode\":\"add\",\"z\":2,\"parent\":\"root\",\"name\":\"bg21\",\"color\":{}},{\"z\":3,\"name\":\"qqqq\",\"parent\":\"bone2\",\"color\":{}},{\"z\":4,\"name\":\"kaig\",\"parent\":\"bone1\",\"color\":{}},{\"z\":5,\"name\":\"zzzz1\",\"parent\":\"bone5\",\"color\":{}},{\"z\":6,\"name\":\"zzz2\",\"parent\":\"bone6\",\"color\":{}},{\"z\":7,\"name\":\"zzzz3\",\"parent\":\"bone7\",\"color\":{}},{\"z\":8,\"name\":\"zzzz4\",\"parent\":\"bone8\",\"color\":{}},{\"z\":9,\"name\":\"kkk\",\"parent\":\"bone9\",\"color\":{}},{\"blendMode\":\"add\",\"z\":10,\"parent\":\"bone9\",\"name\":\"kkk1\",\"color\":{}},{\"z\":11,\"name\":\"scatt\",\"parent\":\"bone3\",\"color\":{}},{\"z\":12,\"name\":\"xzxzv\",\"parent\":\"bone4\",\"color\":{\"aM\":0}},{\"blendMode\":\"add\",\"z\":13,\"parent\":\"bone3\",\"name\":\"scatt1\",\"color\":{\"aM\":0}}],\"animation\":[{\"frame\":[],\"duration\":60,\"bone\":[{\"frame\":[{\"duration\":60,\"transform\":{}}],\"name\":\"root\"},{\"frame\":[{\"duration\":60,\"transform\":{}}],\"name\":\"bone\"},{\"frame\":[{\"duration\":25,\"transform\":{}},{\"tweenEasing\":0,\"duration\":5,\"transform\":{}},{\"tweenEasing\":0,\"duration\":5,\"transform\":{\"skY\":90,\"skX\":90}},{\"tweenEasing\":0,\"duration\":5,\"transform\":{\"skY\":90,\"skX\":90}},{\"tweenEasing\":0,\"duration\":8,\"transform\":{\"skY\":175,\"skX\":175}},{\"duration\":12,\"transform\":{\"skY\":175,\"scX\":2,\"scY\":2,\"skX\":175}}],\"name\":\"bone1\"},{\"frame\":[{\"duration\":30,\"transform\":{}},{\"tweenEasing\":0,\"duration\":5,\"transform\":{}},{\"duration\":8,\"transform\":{\"skY\":-45,\"skX\":-45}},{\"tweenEasing\":0,\"duration\":9,\"transform\":{\"skY\":-45,\"skX\":-45}},{\"duration\":8,\"transform\":{\"skY\":-45,\"scX\":1.2,\"scY\":1.2,\"skX\":-45}}],\"name\":\"bone2\"},{\"frame\":[{\"tweenEasing\":0,\"duration\":5,\"transform\":{\"y\":-30.4866,\"scX\":1.5,\"scY\":1.5}},{\"duration\":55,\"transform\":{}}],\"name\":\"bone3\"},{\"frame\":[{\"tweenEasing\":0,\"duration\":8,\"transform\":{\"y\":1.8573,\"scX\":1.25,\"scY\":1.25,\"x\":3.1341}},{\"tweenEasing\":0,\"duration\":7,\"transform\":{\"skY\":-90,\"y\":2.1632,\"scX\":0.7167,\"scY\":0.7167,\"skX\":-90,\"x\":3.4916}},{\"duration\":45,\"transform\":{\"skY\":-180,\"y\":2.4309,\"scX\":0.25,\"scY\":0.25,\"skX\":-180,\"x\":3.8043}}],\"name\":\"bone4\"},{\"frame\":[{\"duration\":15,\"transform\":{}},{\"tweenEasing\":0,\"duration\":5,\"transform\":{}},{\"duration\":40,\"transform\":{\"x\":23.68}}],\"name\":\"bone5\"},{\"frame\":[{\"duration\":20,\"transform\":{}},{\"tweenEasing\":0,\"duration\":5,\"transform\":{}},{\"duration\":35,\"transform\":{\"x\":23.68}}],\"name\":\"bone6\"},{\"frame\":[{\"duration\":15,\"transform\":{}},{\"tweenEasing\":0,\"duration\":5,\"transform\":{}},{\"duration\":40,\"transform\":{\"x\":-22.7513}}],\"name\":\"bone7\"},{\"frame\":[{\"duration\":20,\"transform\":{}},{\"tweenEasing\":0,\"duration\":5,\"transform\":{}},{\"duration\":35,\"transform\":{\"x\":-22.7513}}],\"name\":\"bone8\"},{\"frame\":[{\"duration\":60,\"transform\":{}}],\"name\":\"bone9\"}],\"slot\":[{\"frame\":[{\"tweenEasing\":null,\"duration\":43},{\"tweenEasing\":0,\"duration\":9},{\"tweenEasing\":null,\"duration\":8,\"color\":{\"aM\":0}}],\"name\":\"qqqq\"},{\"frame\":[{\"tweenEasing\":null,\"duration\":40},{\"tweenEasing\":0,\"duration\":8},{\"tweenEasing\":null,\"duration\":12,\"color\":{\"aM\":0}}],\"name\":\"kaig\"},{\"frame\":[{\"tweenEasing\":0,\"duration\":2,\"color\":{\"aM\":0}},{\"tweenEasing\":0,\"duration\":12},{\"tweenEasing\":0,\"duration\":3},{\"tweenEasing\":null,\"duration\":43,\"color\":{\"aM\":0}}],\"name\":\"xzxzv\"},{\"frame\":[{\"tweenEasing\":null,\"duration\":15},{\"tweenEasing\":0,\"duration\":5},{\"tweenEasing\":null,\"duration\":40,\"color\":{\"aM\":0}}],\"name\":\"zzzz1\"},{\"frame\":[{\"tweenEasing\":null,\"duration\":20},{\"tweenEasing\":0,\"duration\":5},{\"tweenEasing\":null,\"duration\":35,\"color\":{\"aM\":0}}],\"name\":\"zzz2\"},{\"frame\":[{\"tweenEasing\":null,\"duration\":15},{\"tweenEasing\":0,\"duration\":5},{\"tweenEasing\":null,\"duration\":40,\"color\":{\"aM\":0}}],\"name\":\"zzzz3\"},{\"frame\":[{\"tweenEasing\":null,\"duration\":20},{\"tweenEasing\":0,\"duration\":5},{\"tweenEasing\":null,\"duration\":35,\"color\":{\"aM\":0}}],\"name\":\"zzzz4\"},{\"frame\":[{\"tweenEasing\":0,\"duration\":5,\"color\":{\"aM\":0}},{\"tweenEasing\":null,\"duration\":55}],\"name\":\"scatt\"},{\"frame\":[{\"tweenEasing\":0,\"duration\":40,\"color\":{\"aM\":0}},{\"tweenEasing\":0,\"duration\":10,\"color\":{\"aM\":0}},{\"tweenEasing\":null,\"duration\":10}],\"name\":\"scatt1\"},{\"frame\":[{\"tweenEasing\":0,\"duration\":15},{\"tweenEasing\":0,\"duration\":20,\"color\":{\"aM\":0}},{\"tweenEasing\":null,\"duration\":25,\"color\":{\"aM\":0}}],\"name\":\"kkk1\"},{\"frame\":[{\"tweenEasing\":0,\"duration\":40,\"color\":{\"aM\":0}},{\"tweenEasing\":0,\"duration\":14,\"color\":{\"aM\":0}},{\"tweenEasing\":0,\"duration\":6,\"color\":{\"aM\":70}},{\"tweenEasing\":null,\"duration\":0,\"color\":{\"aM\":54}}],\"name\":\"bg21\"}],\"ffd\":[],\"name\":\"win\",\"ik\":[],\"playTimes\":0},{\"frame\":[],\"duration\":0,\"bone\":[{\"frame\":[{\"duration\":0,\"transform\":{}}],\"name\":\"root\"},{\"frame\":[{\"duration\":0,\"transform\":{}}],\"name\":\"bone\"},{\"frame\":[{\"duration\":0,\"transform\":{}}],\"name\":\"bone1\"},{\"frame\":[{\"duration\":0,\"transform\":{}}],\"name\":\"bone2\"},{\"frame\":[{\"duration\":0,\"transform\":{}}],\"name\":\"bone3\"},{\"frame\":[{\"duration\":0,\"transform\":{}}],\"name\":\"bone4\"},{\"frame\":[{\"duration\":0,\"transform\":{}}],\"name\":\"bone5\"},{\"frame\":[{\"duration\":0,\"transform\":{}}],\"name\":\"bone6\"},{\"frame\":[{\"duration\":0,\"transform\":{}}],\"name\":\"bone7\"},{\"frame\":[{\"duration\":0,\"transform\":{}}],\"name\":\"bone8\"},{\"frame\":[{\"duration\":0,\"transform\":{}}],\"name\":\"bone9\"}],\"slot\":[{\"frame\":[{\"tweenEasing\":null,\"duration\":0,\"color\":{\"aM\":0}}],\"name\":\"bg21\"},{\"frame\":[{\"tweenEasing\":null,\"duration\":0,\"color\":{\"aM\":0}}],\"name\":\"kkk1\"}],\"ffd\":[],\"name\":\"Standby\",\"ik\":[],\"playTimes\":0}],\"frameRate\":24,\"ik\":[]}]}"]],0,0,[],[],[]],[[{"name":"8_img","rect":[903,428,159,111],"offset":[0,0],"originalSize":[159,111],"rotated":1,"capInsets":[0,0,0,0]}],[0],0,[0],[2],[2]],[[{"name":"2_img","rect":[101,887,67,92],"offset":[0,0],"originalSize":[67,92],"rotated":1,"capInsets":[0,0,0,0]}],[0],0,[0],[2],[1]],[[{"name":"q","rect":[867,743,81,93],"offset":[0,0],"originalSize":[81,93],"capInsets":[0,0,0,0]}],[0],0,[0],[2],[1]],[[{"name":"j","rect":[660,864,84,102],"offset":[0,0],"originalSize":[84,102],"rotated":1,"capInsets":[0,0,0,0]}],[0],0,[0],[2],[1]],[[{"name":"k","rect":[560,865,85,94],"offset":[0,0],"originalSize":[85,94],"rotated":1,"capInsets":[0,0,0,0]}],[0],0,[0],[2],[1]],[[[16,"PubgSlotItem"],[17,"GaneshSlotItem",[-19,-20,-21,-22,-23,-24,-25,-26,-27,-28,-29,-30,-31,-32,-33,-34],[[14,-2,[83]],[24,-18,[-13,-14,-15,-16,-17],[-5,-6,-7,-8,-9,-10,-11,-12],-4,-3]],[25,-1],[5,160,160]],[18,"animateNode",false,[-36,-37,-38],[[8,true,-35,[24],23]],[0,"3b5nsZoMdFlZqYpbsg8CSY",1]],[9,"9",false,1,[-39,-40],[0,"60BgoNhVZEHI0YTgtn+kUC",1]],[10,"animateNode",false,3,[-42,-43],[[8,true,-41,[6],5]],[0,"45GFzQEPtGx6GcNkcBJldA",1]],[9,"10",false,1,[-44,-45],[0,"f3bYkfvCVO5LQpYfVZ3B1u",1]],[10,"animateNode",false,5,[-47,-48],[[8,true,-46,[14],13]],[0,"780fIOw95ECaRCfAZ5ZvgY",1]],[3,"J",false,1,[2,-49],[0,"67xw90scVDuKbz6BuCedDk",1],[0,0,0,0,0,0,1,0.9,0.9,1]],[9,"Q",false,1,[-50,-51],[0,"aa8z9PxaZDfozAdqiGvXwF",1]],[10,"animateNode",false,8,[-53,-54],[[8,true,-52,[32],31]],[0,"21DVI7mtNIOLVfvy2z5M8/",1]],[9,"K",false,1,[-55,-56],[0,"b6BWjUg8xJK5l4SotDwlMB",1]],[10,"animateNode",false,10,[-58,-59],[[8,true,-57,[40],39]],[0,"64NdCtB/BA4bstFhAqLTWx",1]],[3,"jieqiu",false,1,[-60,-61],[0,"bfx4DuMDNCerEro7t4uNLF",1],[0,0,0,0,0,0,1,0.9,0.9,1]],[3,"touqiu",false,1,[-62,-63],[0,"35XdQWFeJAzqW+bVno2h/Q",1],[0,-1,0,0,0,0,1,0.9,0.9,1]],[3,"qiupai",false,1,[-64,-65],[0,"6faHywkRpLzbuabr6W99nQ",1],[0,0,0,0,0,0,1,0.9,0.9,1]],[3,"jiqiu",false,1,[-66,-67],[0,"14wq1eV3hDib7qRyCs/6zp",1],[0,-3,0,0,0,0,1,0.9,0.9,1]],[3,"menzhu",false,1,[-68,-69],[0,"73fi8m6z1LC6WQS7tjv2sL",1],[0,0,0,0,0,0,1,0.9,0.9,1]],[3,"jiapai",false,1,[-70,-71],[0,"5ddISMWqpPsLpsOLsllfqh",1],[0,0,0,0,0,0,1,0.9,0.9,1]],[3,"yingbei",false,1,[-72,-73],[0,"1b0GBvtZJJZJDEaP1kXFwJ",1],[0,-4,0,0,0,0,1,0.9,0.9,1]],[5,"j",2,[[1,-74,[17],18],[15,[null],-75]],[0,"37jRQbVQhBr7CYUs3bhLaV",1],[5,60,101],[0,0,0,0,0,0,1,1,1,0]],[11,"guang1",0,9,[[1,-76,[29],30],[26,-77]],[0,"06a5w2JCRKoLD1HnV6nRVE",1],[5,140,28],[-0.669,-46.288,0,0,0,0,1,0.4,1,1]],[2,"guang1",11,[[1,-78,[37],38],[15,[null],-79]],[0,"8bdmave21LPK7yjO5FnIZa",1],[5,140,28]],[3,"tongbei",false,1,[-80],[0,"3cLGZ0GPBCZpuwSaciQNMc",1],[0,-10,0,0,0,0,1,0.9,0.9,1]],[19,"block",false,110,1,[[23,0,-81,[81],82]],[0,"da6N8d6uNHY4AtRedebLCV",1],[4,4278190080],[5,170,156]],[20,"sign",false,1,[[14,-82,[0]]],[0,"10BNkvvt1OjKJcGo9W9quO",1],[5,180,194]],[5,"9",4,[[1,-83,[1],2]],[0,"73RKqcHzlOGbU1L0/QC4A8",1],[5,73,116],[0,-3,0,0,0,0,1,1,1,1]],[5,"guang",4,[[1,-84,[3],4]],[0,"c7w+N+gG9EwIjFpKaU7lHh",1],[5,140,28],[3.614,41.565,0,0,0,0,1,1,1,1]],[2,"item",3,[[1,-85,[7],8]],[0,"23XiSd8iZG17P529tzq2Tj",1],[5,59,109]],[5,"10",6,[[1,-86,[9],10]],[0,"1eSSjYhPZEL5oLWTBYoi6I",1],[5,117,111],[0,0,0,0,0,0,1,1,1,0]],[11,"guang1",0,6,[[1,-87,[11],12]],[0,"e0mQbLPutAmq+KevsGrST9",1],[5,140,28],[-0.639,-41.885,0,0,0,0,1,0.7,1,0]],[2,"item",5,[[1,-88,[15],16]],[0,"bbHVFIXJFDjZNaP1CCyike",1],[5,102,108]],[11,"guang1",0,2,[[1,-89,[19],20]],[0,"9eRGoQ06lPrr9yG0CoOEeF",1],[5,140,28],[17.279,0.18,0,0,0,0,1,0.2,1,1]],[11,"guang2",0,2,[[1,-90,[21],22]],[0,"08yIooeGlODYsxnB5/E9uA",1],[5,140,28],[1.059,-32.25599999999997,0,0,0,0,1,0.4,0.8,1]],[2,"item",7,[[1,-91,[25],26]],[0,"c4nEByG95Ahq6jEAI2uIr8",1],[5,84,102]],[21,"q",9,[[1,-92,[27],28]],[0,"1bKU/dkbNLNqDtikaaSCej",1],[4,4292138196],[5,73,113],[0,0,0,0,0,0,1,1,1,0]],[2,"item",8,[[1,-93,[33],34]],[0,"001I0n2QdHq4tO4ihf/B0V",1],[5,73,113]],[2,"k",11,[[1,-94,[35],36]],[0,"070ZH4wA1FQoQvfN8u9cA5",1],[5,74,108]],[2,"item",10,[[1,-95,[41],42]],[0,"b8Lvg1lcFOf6rfj5U46PlL",1],[5,85,94]],[2,"item",12,[[1,-96,[43],44]],[0,"04Vm/ZJ79N1JYZV9BvvDUy",1],[5,159,118]],[6,"animateNode",false,12,[[12,"Armature","win",0,"1cdcce8b-c77c-4407-9f24-c3363af06b77#0e2813a8-46f5-427b-839e-423004c3b98e",-97,[45],46,47]],[0,"8aSONICGlDMbrlzIkj4rR6",1],[5,159,119],[0,-59.5,0,0,0,0,1,1,1,1]],[5,"item",13,[[1,-98,[48],49]],[0,"91J7o/CZRLbYPK+aU/jB3f",1],[5,160,117],[0,-1,0,0,0,0,1,1,1,1]],[6,"animateNode",false,13,[[13,"Armature",0,"d502d512-3dd6-4cfe-b8b8-0f77bc82bc8f#a3f99b4f-7646-4d19-8e2f-9b039fbec891",-99,[50],51,52]],[0,"4eXqaKipxOzoGFO2qhuTU+",1],[5,160,117],[0,-58.6,0,0,0,0,1,1,1,1]],[2,"item",14,[[1,-100,[53],54]],[0,"18MhkWUVxOp4Iy5ZigGtJV",1],[5,131,120]],[6,"animateNode",false,14,[[13,"Armature",0,"bc649b3b-7c32-4c68-a784-8faf2374e6e3#e26e0e97-00c7-40a6-a8cf-63b383582532",-101,[55],56,57]],[0,"29UskcJ3ZB4KfB+KSK7mHH",1],[5,141,140],[0,-70,0,0,0,0,1,1,1,1]],[2,"item",15,[[1,-102,[58],59]],[0,"e2KUFyL+lKi7+RBWvzHGNI",1],[5,159,111]],[6,"animateNode",false,15,[[12,"Armature","Standby",0,"88805110-192e-4395-8d37-71fc17db3396#f3ff0b3c-af5c-4ad2-9f6a-1e0b890fbeab",-103,[60],61,62]],[0,"03hT95iB5MiakuSEEC171G",1],[5,159.27313336950044,124],[0,-55,0,0,0,0,1,1,1,1]],[2,"item",16,[[1,-104,[63],64]],[0,"541D+lmHdNtqen/TW6U3u3",1],[5,164,136]],[6,"animateNode",false,16,[[12,"Armature","Standby",0,"31212c3b-e6ac-4690-b538-8431af0b8106#496f8421-dd85-4fb3-889a-ad3d6d751a4b",-105,[65],66,67]],[0,"96fYa4wYRJGbuboj8gs8fn",1],[5,164,136],[2,-68,0,0,0,0,1,1,1,1]],[2,"item",17,[[1,-106,[68],69]],[0,"eaL3HUQqNCX4OZLFFUhaJk",1],[5,163,135]],[6,"animateNode",false,17,[[12,"Armature","Standby",0,"5830f4ca-c971-4050-810b-be4883ea46c9#b0e16ef4-e91f-4e12-ab36-083bc57c1750",-107,[70],71,72]],[0,"66KzjuhFRB65x+0JcC/naV",1],[5,167,139.7],[0,-69.9,0,0,0,0,1,1,1,1]],[2,"item",18,[[1,-108,[73],74]],[0,"7aPRRtHYdDVrB2PH2JuDsM",1],[5,160,112]],[5,"animateNode",18,[[13,"Armature",0,"1cf3c907-b702-4599-9800-95adc49597bf#5aea9b81-a109-49db-a0fd-9559fab09b09",-109,[75],76,77]],[0,"acVtkLRVlBB7jZqykA4Nxs",1],[5,160,112],[0,-56,0,0,0,0,1,1,1,1]],[5,"item",22,[[1,-110,[78],79]],[0,"74/lkCTeRNabPoBDkLiwgi",1],[5,167,140],[0,5,0,0,0,0,1,1,1,1]],[22,"animateNode",false,1,[-111],[0,"2ea+QJiytEmopZdu7Qxw1e",1],[5,63,64],[0,0,0,0,0,0,1,1.05,1.05,1]],[27,"Armature","tongy",0,"b08c00c4-96e2-4baf-952d-d486209105c0#e1f2a723-ea70-4b0f-9cdd-3e54a132cee9",53,[80]]],0,[0,6,1,0,0,1,0,7,23,0,8,54,0,-1,12,0,-2,13,0,-3,14,0,-4,15,0,-5,16,0,-6,17,0,-7,18,0,-8,22,0,-1,3,0,-2,5,0,-3,7,0,-4,8,0,-5,10,0,0,1,0,-1,24,0,-2,3,0,-3,5,0,-4,7,0,-5,8,0,-6,10,0,-7,12,0,-8,13,0,-9,14,0,-10,15,0,-11,16,0,-12,17,0,-13,18,0,-14,22,0,-15,53,0,-16,23,0,0,2,0,-1,19,0,-2,31,0,-3,32,0,-1,4,0,-2,27,0,0,4,0,-1,25,0,-2,26,0,-1,6,0,-2,30,0,0,6,0,-1,28,0,-2,29,0,-2,33,0,-1,9,0,-2,35,0,0,9,0,-1,34,0,-2,20,0,-1,11,0,-2,37,0,0,11,0,-1,36,0,-2,21,0,-1,38,0,-2,39,0,-1,40,0,-2,41,0,-1,42,0,-2,43,0,-1,44,0,-2,45,0,-1,46,0,-2,47,0,-1,48,0,-2,49,0,-1,50,0,-2,51,0,0,19,0,0,19,0,0,20,0,0,20,0,0,21,0,0,21,0,-1,52,0,0,23,0,0,24,0,0,25,0,0,26,0,0,27,0,0,28,0,0,29,0,0,30,0,0,31,0,0,32,0,0,33,0,0,34,0,0,35,0,0,36,0,0,37,0,0,38,0,0,39,0,0,40,0,0,41,0,0,42,0,0,43,0,0,44,0,0,45,0,0,46,0,0,47,0,0,48,0,0,49,0,0,50,0,0,51,0,0,52,0,-1,54,0,9,1,2,10,7,111],[0,0,0,0,0,0,0,0,0,0,0,0,0,0,0,0,0,0,0,0,0,0,0,0,0,0,0,0,0,0,0,0,0,0,0,0,0,0,0,0,0,0,0,0,0,0,0,0,0,0,0,0,0,0,0,0,0,0,0,0,0,0,0,0,0,0,0,0,0,0,0,0,0,0,0,0,0,0,0,0,0,0,0,0,54,54],[-1,-1,1,-1,1,5,-1,-1,1,-1,1,-1,1,5,-1,-1,1,-1,1,-1,1,-1,1,5,-1,-1,1,-1,1,-1,1,5,-1,-1,1,-1,1,-1,1,5,-1,-1,1,-1,1,-1,3,4,-1,1,-1,3,4,-1,1,-1,3,4,-1,1,-1,3,4,-1,1,-1,3,4,-1,1,-1,3,4,-1,1,-1,3,4,-1,1,-1,-1,1,-1,3,4],[0,0,9,0,3,4,4,0,10,0,11,0,3,5,5,0,12,0,13,0,3,0,3,6,6,0,14,0,15,0,3,7,7,0,16,0,17,0,3,8,8,0,18,0,19,0,20,21,0,22,0,23,24,0,25,0,26,27,0,28,0,29,30,0,31,0,32,33,0,34,0,35,36,0,37,0,38,39,0,40,0,0,41,0,42,43]],[[[4,"shoubiao_ske","{\"frameRate\":24,\"isGlobal\":0,\"name\":\"shoubiao\",\"version\":\"4.0\",\"armature\":[{\"skin\":[{\"name\":\"\",\"slot\":[{\"display\":[{\"path\":\"shoubiao/biao\",\"type\":\"image\",\"name\":\"shoubiao/biao\",\"transform\":{\"y\":2.8471,\"x\":-0.5}}],\"name\":\"biao\"},{\"display\":[{\"path\":\"shoubiao/图层_12\",\"type\":\"image\",\"name\":\"shoubiao/图层_12\",\"transform\":{\"y\":-5.25,\"x\":32.45}},{\"path\":\"shoubiao/图层_10\",\"type\":\"image\",\"name\":\"shoubiao/图层_10\",\"transform\":{\"y\":-0.75,\"x\":21.45}},{\"path\":\"shoubiao/图层_8\",\"type\":\"image\",\"name\":\"shoubiao/图层_8\",\"transform\":{\"y\":0.25,\"x\":8.95}},{\"path\":\"shoubiao/图层_6\",\"type\":\"image\",\"name\":\"shoubiao/图层_6\",\"transform\":{\"y\":0.25,\"x\":-5.05}},{\"path\":\"shoubiao/图层_4\",\"type\":\"image\",\"name\":\"shoubiao/图层_4\",\"transform\":{\"y\":0.75,\"x\":-20.05}},{\"path\":\"shoubiao/图层_2\",\"type\":\"image\",\"name\":\"shoubiao/图层_2\",\"transform\":{\"y\":1.75,\"x\":-32.05}},{\"path\":\"shoubiao/图层_1\",\"type\":\"image\",\"name\":\"shoubiao/图层_1\",\"transform\":{\"y\":3.25,\"x\":-36.55}},{\"path\":\"shoubiao/图层_3\",\"type\":\"image\",\"name\":\"shoubiao/图层_3\",\"transform\":{\"y\":1.25,\"x\":-26.05}},{\"path\":\"shoubiao/图层_5\",\"type\":\"image\",\"name\":\"shoubiao/图层_5\",\"transform\":{\"y\":0.25,\"x\":-12.05}},{\"path\":\"shoubiao/图层_7\",\"type\":\"image\",\"name\":\"shoubiao/图层_7\",\"transform\":{\"y\":0.25,\"x\":1.45}},{\"path\":\"shoubiao/图层_9\",\"type\":\"image\",\"name\":\"shoubiao/图层_9\",\"transform\":{\"y\":-0.75,\"x\":15.45}},{\"path\":\"shoubiao/图层_11\",\"type\":\"image\",\"name\":\"shoubiao/图层_11\",\"transform\":{\"y\":-3.75,\"x\":27.45}}],\"blendMode\":\"add\",\"name\":\"bone1\"},{\"display\":[{\"path\":\"shoubiao/bgg\",\"type\":\"image\",\"name\":\"shoubiao/bgg\",\"transform\":{\"y\":-55.5}}],\"name\":\"bgg\"},{\"display\":[{\"path\":\"shoubiao/gg2\",\"type\":\"image\",\"name\":\"shoubiao/gg2\",\"transform\":{\"y\":-57.1382,\"x\":1.2731}}],\"name\":\"gg2\"},{\"display\":[{\"path\":\"shoubiao/xx\",\"type\":\"image\",\"name\":\"shoubiao/xx\",\"transform\":{\"skY\":-26.5651,\"y\":-5.9703,\"skX\":-26.5651,\"x\":2.2137}}],\"name\":\"xx\"}]}],\"type\":\"Armature\",\"name\":\"Armature\",\"defaultActions\":[{\"gotoAndPlay\":\"win\"}],\"bone\":[{\"name\":\"root\",\"transform\":{}},{\"transform\":{\"y\":-63.1646},\"name\":\"bone\",\"parent\":\"root\"},{\"transform\":{\"y\":-12.9029,\"x\":-5.45},\"name\":\"bone1\",\"parent\":\"bone\"},{\"length\":3,\"transform\":{\"skY\":26.5651,\"y\":-6.8029,\"skX\":26.5651,\"x\":-8.15},\"parent\":\"bone\",\"name\":\"bone2\"}],\"aabb\":{\"width\":159.27313336950044,\"y\":-119.13819781527314,\"height\":124,\"x\":-79.5},\"slot\":[{\"name\":\"bgg\",\"parent\":\"root\",\"color\":{}},{\"z\":1,\"name\":\"gg2\",\"parent\":\"root\",\"color\":{}},{\"z\":2,\"name\":\"biao\",\"parent\":\"bone\",\"color\":{}},{\"z\":3,\"name\":\"xx\",\"parent\":\"bone2\",\"color\":{}},{\"blendMode\":\"add\",\"z\":4,\"parent\":\"bone1\",\"displayIndex\":6,\"name\":\"bone1\",\"color\":{}}],\"animation\":[{\"frame\":[],\"duration\":50,\"bone\":[{\"frame\":[{\"duration\":50,\"transform\":{}}],\"name\":\"root\"},{\"frame\":[{\"tweenEasing\":0,\"duration\":12,\"transform\":{}},{\"tweenEasing\":0,\"duration\":13,\"transform\":{\"scX\":1.15,\"scY\":1.15}},{\"tweenEasing\":0,\"duration\":12,\"transform\":{}},{\"tweenEasing\":0,\"duration\":13,\"transform\":{\"scX\":1.15,\"scY\":1.15}},{\"duration\":0,\"transform\":{}}],\"name\":\"bone\"},{\"frame\":[{\"duration\":50,\"transform\":{}}],\"name\":\"bone1\"},{\"frame\":[{\"duration\":50,\"transform\":{}}],\"name\":\"bone2\"}],\"slot\":[{\"frame\":[{\"tweenEasing\":null,\"duration\":50}],\"name\":\"gg2\"},{\"frame\":[{\"tweenEasing\":0,\"duration\":8},{\"tweenEasing\":0,\"duration\":9,\"color\":{\"aM\":0}},{\"tweenEasing\":0,\"duration\":8},{\"tweenEasing\":0,\"duration\":8,\"color\":{\"aM\":0}},{\"tweenEasing\":0,\"duration\":9},{\"tweenEasing\":0,\"duration\":8,\"color\":{\"aM\":0}},{\"tweenEasing\":null,\"duration\":0}],\"name\":\"xx\"},{\"frame\":[{\"tweenEasing\":0,\"displayIndex\":-1,\"duration\":3,\"color\":{\"aM\":0}},{\"tweenEasing\":0,\"displayIndex\":-1,\"duration\":1,\"color\":{\"aM\":0}},{\"tweenEasing\":0,\"displayIndex\":6,\"duration\":1,\"color\":{\"aM\":33}},{\"tweenEasing\":0,\"displayIndex\":5,\"duration\":1,\"color\":{\"aM\":66}},{\"tweenEasing\":0,\"displayIndex\":5,\"duration\":1},{\"tweenEasing\":0,\"displayIndex\":4,\"duration\":2},{\"tweenEasing\":0,\"displayIndex\":8,\"duration\":1},{\"tweenEasing\":0,\"displayIndex\":3,\"duration\":2},{\"tweenEasing\":0,\"displayIndex\":9,\"duration\":1},{\"tweenEasing\":0,\"displayIndex\":2,\"duration\":1},{\"tweenEasing\":0,\"displayIndex\":10,\"duration\":2},{\"tweenEasing\":0,\"displayIndex\":1,\"duration\":1},{\"tweenEasing\":0,\"displayIndex\":11,\"duration\":1},{\"tweenEasing\":0,\"duration\":1,\"color\":{\"aM\":75}},{\"tweenEasing\":0,\"displayIndex\":-1,\"duration\":2,\"color\":{\"aM\":50}},{\"tweenEasing\":0,\"displayIndex\":-1,\"duration\":8,\"color\":{\"aM\":0}},{\"tweenEasing\":0,\"displayIndex\":-1,\"duration\":2,\"color\":{\"aM\":0}},{\"tweenEasing\":0,\"displayIndex\":6,\"duration\":1,\"color\":{\"aM\":66}},{\"tweenEasing\":0,\"displayIndex\":5,\"duration\":1},{\"tweenEasing\":0,\"displayIndex\":7,\"duration\":1},{\"tweenEasing\":0,\"displayIndex\":4,\"duration\":2},{\"tweenEasing\":0,\"displayIndex\":8,\"duration\":1},{\"tweenEasing\":0,\"displayIndex\":3,\"duration\":1},{\"tweenEasing\":0,\"displayIndex\":9,\"duration\":2},{\"tweenEasing\":0,\"displayIndex\":2,\"duration\":1},{\"tweenEasing\":0,\"displayIndex\":10,\"duration\":1},{\"tweenEasing\":0,\"displayIndex\":1,\"duration\":1},{\"tweenEasing\":0,\"displayIndex\":11,\"duration\":1},{\"tweenEasing\":0,\"displayIndex\":11,\"duration\":1},{\"tweenEasing\":0,\"duration\":1,\"color\":{\"aM\":66}},{\"tweenEasing\":0,\"displayIndex\":-1,\"duration\":1,\"color\":{\"aM\":33}},{\"tweenEasing\":null,\"displayIndex\":-1,\"duration\":3,\"color\":{\"aM\":0}}],\"name\":\"bone1\"}],\"ffd\":[],\"name\":\"win\",\"ik\":[],\"playTimes\":0},{\"frame\":[],\"duration\":0,\"bone\":[{\"frame\":[{\"duration\":0,\"transform\":{}}],\"name\":\"root\"},{\"frame\":[{\"duration\":0,\"transform\":{}}],\"name\":\"bone\"},{\"frame\":[{\"duration\":0,\"transform\":{}}],\"name\":\"bone1\"},{\"frame\":[{\"duration\":0,\"transform\":{}}],\"name\":\"bone2\"}],\"slot\":[],\"ffd\":[],\"name\":\"Standby\",\"ik\":[],\"playTimes\":0}],\"frameRate\":24,\"ik\":[]}]}"]],0,0,[],[],[]],[[{"name":"13_img","rect":[903,262,160,112],"offset":[0,0],"originalSize":[160,112],"rotated":1,"capInsets":[0,0,0,0]}],[0],0,[0],[2],[2]],[[[7,"j",1,2,[{},"paths",11,[{"guang1":{"props":{"position":[{"frame":0,"value":[16.799,44.8,0]},{"frame":0.3333333333333333,"value":[16.209,36.385,0]},{"frame":0.5,"value":[17.279,0.18,0]}],"opacity":[{"frame":0,"value":0},{"frame":0.38333333333333336,"value":0},{"frame":0.4166666666666667,"value":100},{"frame":0.5,"value":200},{"frame":0.5166666666666667,"value":0}]}}},"j",11,[{},"props",11,[{"opacity":[]},"scale",12,[[[{"frame":0},"value",8,[0,1,1]],[{"frame":0.16666666666666666},"value",8,[0,1.1,1.1]],[{"frame":0.3333333333333333},"value",8,[0,0.9,0.9]],[{"frame":0.4166666666666667},"value",8,[0,1,1]]],11,11,11,11],"color",12,[[[{"frame":0},"value",8,[4,4290493374]],[{"frame":0.16666666666666666},"value",8,[4,4294967295]]],11,11]]],"guang1 - 副本",11,[{},"props",11,[{"opacity":[{"frame":0,"value":0},{"frame":0.5,"value":1},{"frame":0.5166666666666667,"value":255},{"frame":0.75,"value":100},{"frame":1,"value":0}],"position":[{"frame":0.5,"value":[1.059,-8.156,0]},{"frame":1,"value":[1.059,-32.25599999999997,0]}]},"color",12,[[[{"frame":0},"value",8,[4,4294967295]],[{"frame":0.5},"value",8,[4,4294967295]],[{"frame":0.5166666666666667},"value",8,[4,4294967295]],[{"frame":0.75},"value",8,[4,4294967295]],[{"frame":1},"value",8,[4,4294967295]]],11,11,11,11,11]]]]]]],0,0,[],[],[]],[[[4,"tongyonguang_ske","{\"frameRate\":24,\"isGlobal\":0,\"name\":\"tongyonguang\",\"version\":\"4.0\",\"armature\":[{\"skin\":[{\"name\":\"\",\"slot\":[{\"display\":[{\"path\":\"jingku_guan/图层_1\",\"type\":\"image\",\"name\":\"jingku_guan/图层_1\",\"transform\":{\"y\":-0.5}},{\"path\":\"jingku_guan/图层_3\",\"type\":\"image\",\"name\":\"jingku_guan/图层_3\",\"transform\":{\"y\":-1,\"x\":0.5}},{\"path\":\"jingku_guan/图层_5\",\"type\":\"image\",\"name\":\"jingku_guan/图层_5\",\"transform\":{\"y\":0.5,\"x\":0.5}},{\"path\":\"jingku_guan/图层_7\",\"type\":\"image\",\"name\":\"jingku_guan/图层_7\",\"transform\":{\"x\":0.5}},{\"path\":\"jingku_guan/图层_9\",\"type\":\"image\",\"name\":\"jingku_guan/图层_9\",\"transform\":{\"x\":0.5}},{\"path\":\"jingku_guan/图层_11\",\"type\":\"image\",\"name\":\"jingku_guan/图层_11\",\"transform\":{\"x\":-0.5}},{\"path\":\"jingku_guan/图层_13\",\"type\":\"image\",\"name\":\"jingku_guan/图层_13\",\"transform\":{}},{\"path\":\"jingku_guan/图层_15\",\"type\":\"image\",\"name\":\"jingku_guan/图层_15\",\"transform\":{\"y\":-0.5,\"x\":0.5}},{\"path\":\"jingku_guan/图层_16\",\"type\":\"image\",\"name\":\"jingku_guan/图层_16\",\"transform\":{\"y\":0.5,\"x\":0.5}},{\"path\":\"jingku_guan/图层_14\",\"type\":\"image\",\"name\":\"jingku_guan/图层_14\",\"transform\":{}},{\"path\":\"jingku_guan/图层_12\",\"type\":\"image\",\"name\":\"jingku_guan/图层_12\",\"transform\":{\"y\":-0.5}},{\"path\":\"jingku_guan/图层_10\",\"type\":\"image\",\"name\":\"jingku_guan/图层_10\",\"transform\":{\"y\":1,\"x\":0.5}},{\"path\":\"jingku_guan/图层_8\",\"type\":\"image\",\"name\":\"jingku_guan/图层_8\",\"transform\":{\"x\":0.5}},{\"path\":\"jingku_guan/图层_6\",\"type\":\"image\",\"name\":\"jingku_guan/图层_6\",\"transform\":{\"x\":0.5}},{\"path\":\"jingku_guan/图层_4\",\"type\":\"image\",\"name\":\"jingku_guan/图层_4\",\"transform\":{\"y\":-0.5}},{\"path\":\"jingku_guan/图层_2\",\"type\":\"image\",\"name\":\"jingku_guan/图层_2\",\"transform\":{\"y\":-0.5}}],\"blendMode\":\"add\",\"name\":\"bone\"}]}],\"type\":\"Armature\",\"name\":\"Armature\",\"defaultActions\":[{\"gotoAndPlay\":\"tongy\"}],\"bone\":[{\"name\":\"root\",\"transform\":{}},{\"transform\":{\"scX\":2.9,\"scY\":2.5},\"name\":\"bone\",\"parent\":\"root\"}],\"aabb\":{\"width\":63,\"y\":-33.25,\"height\":64,\"x\":-31.5},\"slot\":[{\"blendMode\":\"add\",\"parent\":\"bone\",\"name\":\"bone\",\"color\":{}}],\"animation\":[{\"frame\":[],\"duration\":30,\"bone\":[{\"frame\":[{\"duration\":30,\"transform\":{}}],\"name\":\"root\"},{\"frame\":[{\"duration\":30,\"transform\":{}}],\"name\":\"bone\"}],\"slot\":[{\"frame\":[{\"tweenEasing\":null,\"duration\":2},{\"tweenEasing\":null,\"displayIndex\":15,\"duration\":2},{\"tweenEasing\":null,\"displayIndex\":1,\"duration\":2},{\"tweenEasing\":null,\"displayIndex\":14,\"duration\":2},{\"tweenEasing\":null,\"displayIndex\":2,\"duration\":2},{\"tweenEasing\":null,\"displayIndex\":13,\"duration\":2},{\"tweenEasing\":null,\"displayIndex\":3,\"duration\":2},{\"tweenEasing\":null,\"displayIndex\":12,\"duration\":2},{\"tweenEasing\":null,\"displayIndex\":4,\"duration\":2},{\"tweenEasing\":null,\"displayIndex\":11,\"duration\":2},{\"tweenEasing\":null,\"displayIndex\":5,\"duration\":2},{\"tweenEasing\":null,\"displayIndex\":10,\"duration\":2},{\"tweenEasing\":null,\"displayIndex\":6,\"duration\":2},{\"tweenEasing\":null,\"displayIndex\":9,\"duration\":2},{\"tweenEasing\":null,\"displayIndex\":7,\"duration\":2},{\"tweenEasing\":null,\"displayIndex\":8,\"duration\":0}],\"name\":\"bone\"}],\"ffd\":[],\"name\":\"tongy\",\"ik\":[],\"playTimes\":0}],\"frameRate\":24,\"ik\":[]}]}"]],0,0,[],[],[]],[[[7,"9",1.1666666666666667,2,[{"props":{"color":[]}},"paths",11,[{},"9",11,[{},"props",11,[{},"color",12,[[[{"frame":0},"value",8,[4,4288059030]],[{"frame":0.16666666666666666},"value",8,[4,4294967295]],[{"frame":0.3333333333333333},"value",8,[4,4291875033]]],11,11,11],"scale",12,[[[{"frame":0},"value",8,[0,1,1]],[{"frame":0.16666666666666666},"value",8,[0,1.1,1.1]],[{"frame":0.3333333333333333},"value",8,[0,0.9,0.9]],[{"frame":0.4166666666666667},"value",8,[0,1,1]]],11,11,11,11]]],"guang",11,[{},"props",11,[{"position":[{"frame":0.43333333333333335,"value":[0.028,33.967,0]},{"frame":1.1,"value":[0.592,-21.868,0]}],"opacity":[{"frame":0,"value":0},{"frame":0.43333333333333335,"value":0},{"frame":0.6333333333333333,"value":200},{"frame":1.1666666666666667,"value":0}]},"scale",12,[[[{"frame":0.43333333333333335},"value",8,[0,0.4,1]],[{"frame":0.6666666666666666},"value",8,[0,0.38,0.95]]],11,11],"color",12,[[[{"frame":0},"value",8,[4,4294967295]]],11]]]]]]],0,0,[],[],[]],[[{"name":"4_img","rect":[867,842,81,93],"offset":[0,0],"originalSize":[81,93],"capInsets":[0,0,0,0]}],[0],0,[0],[2],[1]],[[[4,"gold_ske","{\"frameRate\":24,\"isGlobal\":0,\"name\":\"gold\",\"version\":\"4.0\",\"armature\":[{\"skin\":[{\"name\":\"\",\"slot\":[{\"display\":[{\"path\":\"jngbi/ddd\",\"type\":\"image\",\"name\":\"jngbi/ddd\",\"transform\":{\"y\":-8.6963,\"x\":0.85}}],\"name\":\"ddd\"},{\"display\":[{\"path\":\"jngbi/xg\",\"type\":\"image\",\"name\":\"jngbi/xg\",\"transform\":{\"y\":0.077,\"x\":0.1331}}],\"blendMode\":\"add\",\"name\":\"xg1\"},{\"display\":[{\"path\":\"jngbi/xg\",\"type\":\"image\",\"name\":\"jngbi/xg\",\"transform\":{\"y\":0.077,\"x\":0.1331}}],\"blendMode\":\"add\",\"name\":\"xg\"},{\"display\":[{\"path\":\"jngbi/05\",\"type\":\"image\",\"name\":\"jngbi/05\",\"transform\":{\"y\":-1.8963,\"x\":2.9}},{\"path\":\"jngbi/03\",\"type\":\"image\",\"name\":\"jngbi/03\",\"transform\":{\"y\":-2.8963,\"x\":-2.6}},{\"path\":\"jngbi/01\",\"type\":\"image\",\"name\":\"jngbi/01\",\"transform\":{\"y\":-8.8963,\"x\":-10.6}},{\"path\":\"jngbi/02\",\"type\":\"image\",\"name\":\"jngbi/02\",\"transform\":{\"y\":-4.8963,\"x\":-6.1}},{\"path\":\"jngbi/04\",\"type\":\"image\",\"name\":\"jngbi/04\",\"transform\":{\"y\":-1.8963,\"x\":-0.1}},{\"path\":\"jngbi/06\",\"type\":\"image\",\"name\":\"jngbi/06\",\"transform\":{\"y\":-1.3963,\"x\":6.9}}],\"name\":\"bone1\"},{\"display\":[{\"path\":\"jngbi/xg\",\"type\":\"image\",\"name\":\"jngbi/xg\",\"transform\":{\"y\":0.077,\"x\":0.1331}}],\"blendMode\":\"add\",\"name\":\"xg2\"},{\"display\":[{\"path\":\"jngbi/图层_5\",\"type\":\"image\",\"name\":\"jngbi/图层_5\",\"transform\":{\"y\":0.4537,\"x\":3.15}},{\"path\":\"jngbi/图层_3\",\"type\":\"image\",\"name\":\"jngbi/图层_3\",\"transform\":{\"y\":-1.0463,\"x\":-3.35}},{\"path\":\"jngbi/图层_1\",\"type\":\"image\",\"name\":\"jngbi/图层_1\",\"transform\":{\"y\":-3.0463,\"x\":-8.35}},{\"path\":\"jngbi/图层_2\",\"type\":\"image\",\"name\":\"jngbi/图层_2\",\"transform\":{\"y\":-3.0463,\"x\":-7.85}},{\"path\":\"jngbi/图层_4\",\"type\":\"image\",\"name\":\"jngbi/图层_4\",\"transform\":{\"y\":-0.0463,\"x\":0.15}},{\"path\":\"jngbi/图层_6\",\"type\":\"image\",\"name\":\"jngbi/图层_6\",\"transform\":{\"y\":1.4537,\"x\":11.65}}],\"name\":\"bone2\"}]}],\"type\":\"Armature\",\"name\":\"Armature\",\"defaultActions\":[{\"gotoAndPlay\":\"win\"}],\"bone\":[{\"name\":\"root\",\"transform\":{}},{\"transform\":{\"y\":-44.1175},\"name\":\"bone\",\"parent\":\"root\"},{\"transform\":{\"y\":17.0453,\"x\":1.6},\"name\":\"bone1\",\"parent\":\"bone\"},{\"transform\":{\"y\":-53.3047,\"x\":15.35},\"name\":\"bone2\",\"parent\":\"bone\"},{\"transform\":{\"y\":-43.4838,\"x\":34.7145},\"name\":\"bone3\",\"parent\":\"bone\"},{\"transform\":{\"y\":-3.0009,\"x\":-9.9448},\"name\":\"bone31\",\"parent\":\"bone\"},{\"transform\":{\"y\":-5.4407,\"x\":-42.1988},\"name\":\"bone32\",\"parent\":\"bone\"},{\"transform\":{\"y\":-1.6547,\"x\":-0.85},\"name\":\"bone4\",\"parent\":\"bone\"}],\"aabb\":{\"width\":141,\"y\":-124.4685376294471,\"height\":140,\"x\":-70.5},\"slot\":[{\"name\":\"ddd\",\"parent\":\"bone4\",\"color\":{}},{\"blendMode\":\"add\",\"z\":1,\"parent\":\"bone3\",\"name\":\"xg\",\"color\":{\"aM\":0}},{\"displayIndex\":-1,\"z\":2,\"name\":\"bone1\",\"parent\":\"bone1\",\"color\":{}},{\"displayIndex\":-1,\"z\":3,\"name\":\"bone2\",\"parent\":\"bone2\",\"color\":{}},{\"blendMode\":\"add\",\"z\":4,\"parent\":\"bone31\",\"name\":\"xg1\",\"color\":{\"aM\":0}},{\"blendMode\":\"add\",\"z\":5,\"parent\":\"bone32\",\"name\":\"xg2\",\"color\":{\"aM\":0}}],\"animation\":[{\"frame\":[],\"duration\":50,\"bone\":[{\"frame\":[{\"duration\":50,\"transform\":{}}],\"name\":\"root\"},{\"frame\":[{\"tweenEasing\":0,\"duration\":5,\"transform\":{}},{\"tweenEasing\":0,\"duration\":3,\"transform\":{\"scX\":1.15,\"scY\":1.15}},{\"tweenEasing\":0,\"duration\":4,\"transform\":{\"scX\":1.2,\"scY\":1.2}},{\"tweenEasing\":0,\"duration\":3,\"transform\":{\"scX\":1.1,\"scY\":1.1}},{\"tweenEasing\":0,\"duration\":3,\"transform\":{\"scX\":1.15,\"scY\":1.15}},{\"tweenEasing\":0,\"duration\":4,\"transform\":{\"scX\":1.2,\"scY\":1.2}},{\"tweenEasing\":0,\"duration\":3,\"transform\":{\"scX\":1.1,\"scY\":1.1}},{\"tweenEasing\":0,\"duration\":3,\"transform\":{\"scX\":1.15,\"scY\":1.15}},{\"tweenEasing\":0,\"duration\":5,\"transform\":{\"scX\":1.2,\"scY\":1.2}},{\"duration\":17,\"transform\":{}}],\"name\":\"bone\"},{\"frame\":[{\"duration\":50,\"transform\":{}}],\"name\":\"bone1\"},{\"frame\":[{\"duration\":50,\"transform\":{}}],\"name\":\"bone2\"},{\"frame\":[{\"duration\":17,\"transform\":{}},{\"tweenEasing\":0,\"duration\":6,\"transform\":{}},{\"duration\":6,\"transform\":{\"skY\":90,\"scX\":1.6,\"scY\":1.6,\"skX\":90}},{\"duration\":21,\"transform\":{\"skY\":180,\"scX\":1.6,\"scY\":1.6,\"skX\":180}}],\"name\":\"bone3\"},{\"frame\":[{\"duration\":38,\"transform\":{}},{\"tweenEasing\":0,\"duration\":6,\"transform\":{}},{\"duration\":6,\"transform\":{\"skY\":90,\"scX\":1.6,\"scY\":1.6,\"skX\":90}},{\"duration\":0,\"transform\":{\"skY\":180,\"scX\":1.6,\"scY\":1.6,\"skX\":180}}],\"name\":\"bone31\"},{\"frame\":[{\"duration\":1,\"transform\":{}},{\"tweenEasing\":0,\"duration\":7,\"transform\":{}},{\"duration\":5,\"transform\":{\"skY\":105,\"scX\":1.6,\"scY\":1.6,\"skX\":105}},{\"duration\":37,\"transform\":{\"skY\":180,\"scX\":1.6,\"scY\":1.6,\"skX\":180}}],\"name\":\"bone32\"},{\"frame\":[{\"duration\":50,\"transform\":{}}],\"name\":\"bone4\"}],\"slot\":[{\"frame\":[{\"tweenEasing\":0,\"duration\":17,\"color\":{\"aM\":0}},{\"tweenEasing\":0,\"duration\":6,\"color\":{\"aM\":0}},{\"tweenEasing\":0,\"duration\":6},{\"tweenEasing\":null,\"duration\":21,\"color\":{\"aM\":0}}],\"name\":\"xg\"},{\"frame\":[{\"tweenEasing\":0,\"displayIndex\":-1,\"duration\":2,\"color\":{\"aM\":0}},{\"tweenEasing\":0,\"displayIndex\":2,\"duration\":1,\"color\":{\"aM\":66}},{\"tweenEasing\":0,\"displayIndex\":3,\"duration\":2},{\"tweenEasing\":0,\"displayIndex\":1,\"duration\":2},{\"tweenEasing\":0,\"displayIndex\":4,\"duration\":1},{\"tweenEasing\":0,\"duration\":2},{\"tweenEasing\":0,\"displayIndex\":5,\"duration\":3,\"color\":{\"aM\":60}},{\"tweenEasing\":0,\"displayIndex\":5,\"duration\":16,\"color\":{\"aM\":0}},{\"tweenEasing\":0,\"displayIndex\":5,\"duration\":2,\"color\":{\"aM\":0}},{\"tweenEasing\":0,\"displayIndex\":2,\"duration\":2,\"color\":{\"aM\":50}},{\"tweenEasing\":0,\"displayIndex\":3,\"duration\":1},{\"tweenEasing\":0,\"displayIndex\":1,\"duration\":2},{\"tweenEasing\":0,\"displayIndex\":4,\"duration\":2},{\"tweenEasing\":0,\"duration\":1},{\"tweenEasing\":0,\"displayIndex\":5,\"duration\":3,\"color\":{\"aM\":75}},{\"tweenEasing\":null,\"displayIndex\":5,\"duration\":8,\"color\":{\"aM\":0}}],\"name\":\"bone1\"},{\"frame\":[{\"tweenEasing\":0,\"displayIndex\":-1,\"duration\":10,\"color\":{\"aM\":0}},{\"tweenEasing\":0,\"displayIndex\":-1,\"duration\":3,\"color\":{\"aM\":0}},{\"tweenEasing\":0,\"displayIndex\":2,\"duration\":1,\"color\":{\"aM\":75}},{\"tweenEasing\":0,\"displayIndex\":3,\"duration\":2},{\"tweenEasing\":0,\"displayIndex\":1,\"duration\":2},{\"tweenEasing\":0,\"displayIndex\":4,\"duration\":1},{\"tweenEasing\":0,\"duration\":2},{\"tweenEasing\":0,\"displayIndex\":5,\"duration\":2,\"color\":{\"aM\":50}},{\"tweenEasing\":0,\"displayIndex\":5,\"duration\":14,\"color\":{\"aM\":0}},{\"tweenEasing\":0,\"displayIndex\":5,\"duration\":2,\"color\":{\"aM\":0}},{\"tweenEasing\":0,\"displayIndex\":2,\"duration\":2,\"color\":{\"aM\":50}},{\"tweenEasing\":0,\"displayIndex\":3,\"duration\":2},{\"tweenEasing\":0,\"displayIndex\":1,\"duration\":1},{\"tweenEasing\":0,\"displayIndex\":4,\"duration\":2},{\"tweenEasing\":0,\"duration\":2},{\"tweenEasing\":0,\"displayIndex\":5,\"duration\":2,\"color\":{\"aM\":50}},{\"tweenEasing\":null,\"displayIndex\":5,\"duration\":0,\"color\":{\"aM\":0}}],\"name\":\"bone2\"},{\"frame\":[{\"tweenEasing\":0,\"duration\":38,\"color\":{\"aM\":0}},{\"tweenEasing\":0,\"duration\":6,\"color\":{\"aM\":0}},{\"tweenEasing\":0,\"duration\":6},{\"tweenEasing\":null,\"duration\":0,\"color\":{\"aM\":0}}],\"name\":\"xg1\"},{\"frame\":[{\"tweenEasing\":0,\"duration\":1,\"color\":{\"aM\":0}},{\"tweenEasing\":0,\"duration\":7,\"color\":{\"aM\":0}},{\"tweenEasing\":0,\"duration\":5},{\"tweenEasing\":null,\"duration\":37,\"color\":{\"aM\":0}}],\"name\":\"xg2\"}],\"ffd\":[],\"name\":\"win\",\"ik\":[],\"playTimes\":0},{\"frame\":[],\"duration\":0,\"bone\":[{\"frame\":[{\"duration\":0,\"transform\":{}}],\"name\":\"root\"},{\"frame\":[{\"duration\":0,\"transform\":{}}],\"name\":\"bone\"},{\"frame\":[{\"duration\":0,\"transform\":{}}],\"name\":\"bone1\"},{\"frame\":[{\"duration\":0,\"transform\":{}}],\"name\":\"bone2\"},{\"frame\":[{\"duration\":0,\"transform\":{}}],\"name\":\"bone3\"},{\"frame\":[{\"duration\":0,\"transform\":{}}],\"name\":\"bone31\"},{\"frame\":[{\"duration\":0,\"transform\":{}}],\"name\":\"bone32\"},{\"frame\":[{\"duration\":0,\"transform\":{}}],\"name\":\"bone4\"}],\"slot\":[],\"ffd\":[],\"name\":\"Standby\",\"ik\":[],\"playTimes\":0}],\"frameRate\":24,\"ik\":[]}]}"]],0,0,[],[],[]],[[[7,"k",1,2,[{},"paths",11,[{},"guang1",11,[{},"props",11,[{"position":[{"frame":0.4166666666666667,"value":[0,43.575,0]},{"frame":0.7,"value":[0,1.816,0]},{"frame":1,"value":[0,-38.128,0]}],"opacity":[{"frame":0,"value":0},{"frame":0.4,"value":1},{"frame":0.4166666666666667,"value":100},{"frame":0.5,"value":200},{"frame":0.5833333333333334,"value":255},{"frame":0.7,"value":254},{"frame":0.8333333333333334,"value":200},{"frame":0.9166666666666666,"value":100},{"frame":1,"value":0}]},"scale",12,[[[{"frame":0.4166666666666667},"value",8,[0,0.399999999999999,1]]],11]]],"k",11,[{},"props",11,[{},"scale",12,[[[{"frame":0},"value",8,[0,1,1]],[{"frame":0.16666666666666666},"value",8,[0,1.1,1.1]],[{"frame":0.3333333333333333},"value",8,[0,0.9,0.9]],[{"frame":0.4166666666666667},"value",8,[0,1,1]]],11,11,11,11],"color",12,[[[{"frame":0},"value",8,[4,4289901234]],[{"frame":0.16666666666666666},"value",8,[4,4294967295]],[{"frame":0.4166666666666667},"value",8,[4,4292664540]]],11,11,11]]]]]]],0,0,[],[],[]],[[{"name":"6_img","rect":[889,136,131,120],"offset":[0,0],"originalSize":[131,120],"capInsets":[0,0,0,0]}],[0],0,[0],[2],[2]],[[{"name":"10","rect":[199,887,67,92],"offset":[0,0],"originalSize":[67,92],"rotated":1,"capInsets":[0,0,0,0]}],[0],0,[0],[2],[1]],[[[4,"money_ske","{\"frameRate\":24,\"isGlobal\":0,\"name\":\"money\",\"version\":\"4.0\",\"armature\":[{\"skin\":[{\"name\":\"\",\"slot\":[{\"display\":[{\"path\":\"money/bgg\",\"type\":\"image\",\"name\":\"money/bgg\",\"transform\":{\"y\":-56}}],\"name\":\"bgg\"},{\"display\":[{\"vertices\":[47,-47,-47,47,-26.3,47,-47,26.55,-47,10.55,-32.5,3,-17.8,-11.05,-4.4,-28.7,5.7,-47,20.75,-47,47,-30.75,47,-14.3,38.35,-0.5,20.55,19.4,3.85,37.95,-5.7,47],\"uvs\":[1,0,0,1,0.22021,1,0,0.78245,0,0.61223,0.15426,0.53191,0.31064,0.38245,0.45319,0.19468,0.56064,0,0.72074,0,1,0.17287,1,0.34787,0.90798,0.49468,0.71862,0.70638,0.54096,0.90372,0.43936,1],\"path\":\"money/qq1\",\"slotPose\":[1,0,0,1,-17,-63],\"userEdges\":[],\"edges\":[2,1,1,3,3,4,8,9,9,0,0,10,10,11,15,2,11,12,12,13,13,14,14,15,4,8],\"bonePose\":[5,0.573916476553112,-0.8189138403646999,0.8189138403646999,0.573916476553112,-14.050000000000002,-65.54999999999998,4,0.7149890583267169,-0.6991356423992948,0.6991356423992948,0.7149890583267169,-36.6,-43.5],\"weights\":[1,5,1,1,4,1,1,4,1,1,4,1,1,4,1,2,5,0.25180636583273863,4,0.7481936341672614,2,5,0.45731828628235016,4,0.54268171371765,2,5,0.6298011646247195,4,0.3701988353752806,1,5,1,1,5,1,1,5,1,1,5,1,2,5,0.585119176304195,4,0.41488082369580503,2,5,0.4975785838019497,4,0.5024214161980503,2,5,0.34785612499603896,4,0.652143875003961,1,4,1],\"type\":\"mesh\",\"transform\":{\"y\":-20,\"x\":20},\"width\":94,\"height\":94,\"name\":\"money/qq1\",\"triangles\":[9,7,12,9,10,0,10,9,11,9,12,11,7,13,12,8,7,9,6,14,13,7,6,13,4,6,7,6,5,14,2,15,14,5,2,14,4,7,8,5,3,2,4,5,6,4,3,5,3,1,2]}],\"name\":\"qq1\"},{\"display\":[{\"path\":\"money/qt2\",\"type\":\"image\",\"name\":\"money/qt2\",\"transform\":{\"y\":-1.5,\"x\":12.5}}],\"name\":\"qt2\"},{\"display\":[{\"path\":\"money/dggg\",\"type\":\"image\",\"name\":\"money/dggg\",\"transform\":{\"y\":-62.5,\"x\":-3.5}}],\"name\":\"dggg\"}]}],\"type\":\"Armature\",\"name\":\"Armature\",\"defaultActions\":[{\"gotoAndPlay\":\"win\"}],\"bone\":[{\"name\":\"root\",\"transform\":{}},{\"transform\":{\"y\":-58,\"x\":-4},\"name\":\"bone\",\"parent\":\"root\"},{\"transform\":{\"y\":15,\"x\":-33},\"name\":\"bone1\",\"parent\":\"bone\"},{\"transform\":{\"y\":-2,\"x\":-7},\"name\":\"bone2\",\"parent\":\"bone\"},{\"length\":31,\"transform\":{\"skY\":-44.3577,\"y\":-0.5,\"skX\":-44.3577,\"x\":0.4},\"parent\":\"bone1\",\"name\":\"bone3\"},{\"length\":36,\"transform\":{\"skY\":-10.6185,\"skX\":-10.6185,\"x\":31.5389},\"parent\":\"bone3\",\"name\":\"bone4\"}],\"aabb\":{\"width\":160,\"y\":-117,\"height\":117,\"x\":-80},\"slot\":[{\"name\":\"bgg\",\"parent\":\"root\",\"color\":{}},{\"z\":1,\"name\":\"dggg\",\"parent\":\"root\",\"color\":{}},{\"z\":2,\"name\":\"qt2\",\"parent\":\"bone2\",\"color\":{}},{\"z\":3,\"name\":\"qq1\",\"parent\":\"bone1\",\"color\":{}}],\"animation\":[{\"frame\":[],\"duration\":50,\"bone\":[{\"frame\":[{\"duration\":50,\"transform\":{}}],\"name\":\"root\"},{\"frame\":[{\"duration\":50,\"transform\":{}}],\"name\":\"bone\"},{\"frame\":[{\"tweenEasing\":0,\"duration\":8,\"transform\":{\"skY\":-25.1623,\"skX\":-25.1623,\"x\":-24}},{\"tweenEasing\":0,\"duration\":3,\"transform\":{}},{\"tweenEasing\":0,\"duration\":3,\"transform\":{\"skY\":-7.1308,\"skX\":-7.1308}},{\"duration\":36,\"transform\":{}}],\"name\":\"bone1\"},{\"frame\":[{\"tweenEasing\":0,\"duration\":8,\"transform\":{}},{\"tweenEasing\":0,\"duration\":3,\"transform\":{}},{\"tweenEasing\":0,\"duration\":3,\"transform\":{\"y\":-1,\"x\":7}},{\"duration\":36,\"transform\":{}}],\"name\":\"bone2\"},{\"frame\":[{\"tweenEasing\":0,\"duration\":10,\"transform\":{}},{\"tweenEasing\":0,\"duration\":4,\"transform\":{\"skY\":-6.509,\"skX\":-6.509}},{\"duration\":36,\"transform\":{}}],\"name\":\"bone3\"},{\"frame\":[{\"tweenEasing\":0,\"duration\":8,\"transform\":{}},{\"tweenEasing\":0,\"duration\":3,\"transform\":{\"skY\":-20.9608,\"skX\":-20.9608}},{\"tweenEasing\":0,\"duration\":3,\"transform\":{\"skY\":22.6192,\"skX\":22.6192}},{\"duration\":36,\"transform\":{\"skY\":-11.4216,\"skX\":-11.4216}}],\"name\":\"bone4\"}],\"slot\":[{\"frame\":[{\"tweenEasing\":0,\"duration\":14,\"color\":{\"aM\":0}},{\"tweenEasing\":0,\"duration\":9,\"color\":{\"aM\":0}},{\"tweenEasing\":0,\"duration\":10},{\"tweenEasing\":0,\"duration\":9,\"color\":{\"aM\":0}},{\"tweenEasing\":0,\"duration\":8},{\"tweenEasing\":null,\"duration\":0,\"color\":{\"aM\":0}}],\"name\":\"dggg\"},{\"frame\":[{\"tweenEasing\":0,\"duration\":4,\"color\":{\"aM\":0}},{\"tweenEasing\":null,\"duration\":46}],\"name\":\"qq1\"}],\"ffd\":[],\"name\":\"win\",\"ik\":[],\"playTimes\":0},{\"frame\":[],\"duration\":0,\"bone\":[{\"frame\":[{\"duration\":0,\"transform\":{}}],\"name\":\"root\"},{\"frame\":[{\"duration\":0,\"transform\":{}}],\"name\":\"bone\"},{\"frame\":[{\"duration\":0,\"transform\":{}}],\"name\":\"bone1\"},{\"frame\":[{\"duration\":0,\"transform\":{}}],\"name\":\"bone2\"},{\"frame\":[{\"duration\":0,\"transform\":{}}],\"name\":\"bone3\"},{\"frame\":[{\"duration\":0,\"transform\":{}}],\"name\":\"bone4\"}],\"slot\":[],\"ffd\":[],\"name\":\"Standby\",\"ik\":[],\"playTimes\":0}],\"frameRate\":24,\"ik\":[]}]}"]],0,0,[],[],[]],[[[7,"10",1.05,2,[{},"paths",11,[{},"10",11,[{},"props",11,[{},"scale",12,[[[{"frame":0},"value",8,[0,1,1]],[{"frame":0.16666666666666666},"value",8,[0,1.1,1.1]],[{"frame":0.3333333333333333},"value",8,[0,0.9,0.9]],[{"frame":0.4166666666666667},"value",8,[0,1,1]]],11,11,11,11],"color",12,[[[{"frame":0},"value",8,[4,4288585379]],[{"frame":0.16666666666666666},"value",8,[4,4294967295]],[{"frame":0.4166666666666667},"value",8,[4,4292861919]]],11,11,11]]],"guang1",11,[{},"props",11,[{"position":[{"frame":0.4166666666666667,"value":[0.152,42.676,0]},{"frame":1.05,"value":[-0.639,-41.885,0]}],"opacity":[{"frame":0.4166666666666667,"value":0},{"frame":0.7,"value":100},{"frame":0.7833333333333333,"value":255},{"frame":0.9666666666666667,"value":100},{"frame":1.05,"value":0}]},"scale",12,[[[{"frame":0.4166666666666667},"value",8,[0,0.6,1]],[{"frame":0.43333333333333335},"value",8,[0,0.7,1]]],11,11]]]]]]],0,0,[],[],[]],[[{"name":"9_img","rect":[595,891,159,117],"offset":[0,-0.5],"originalSize":[159,118],"capInsets":[0,0,0,0]}],[0],0,[0],[2],[2]],[[{"name":"11_img","rect":[813,342,163,135],"offset":[0,0],"originalSize":[163,135],"rotated":1,"capInsets":[0,0,0,0]}],[0],0,[0],[2],[1]],[[{"name":"guang","rect":[889,733,140,28],"offset":[0,0],"originalSize":[140,28],"rotated":1,"capInsets":[0,0,0,0]}],[0],0,[0],[2],[2]]]]