[1,["b9hMN0fh5E1rbCkffsOSWx","9aQYv6k7xAF4Spq9bsQtyn","d9kOB/mxxAb4lPk6b2p5pD","c07cFtp8pI1bfsWFalYkZa","33CM+fPxtNmbVnFV2ad9J6","76BUUHkv1J07LoYU+1TRkM","820rx0tbtBwKP29upjwHpH","56A5xFvcVIrZibzp1n8rsr","a5QcTsqNRPQ4uBhHWgKatS","f8MM5nvDBNHqKrV+JChP0k","ca6LXg4f9KeI9CFoUrm4z9","70TFjQvbpHcraHKW0G5Q6a","d0aT22ZXtLPIDQ1JipAwFW","49g7pnhRxIor7U+trvYYxo","69/bs9PCJHga1H7iVjgpoK","89dFbZ+tlPwJZ0DxgOX0Mu","d0OPbvogVHTqMI02ONO37u","d6VrN44WlG2JgdJXyrCAD7","78Yirk6JpOqJ33OgLtZvBP","38ovy23JxN2LtyIDYMU1X2","0193vZ5RpG+aPyYJZwFBLR"],["value"],[["cc.AnimationClip",["_name","_duration","speed","wrapMode","curveData"],-1,11]],[[0,0,1,2,3,4,5]],[[0,"itemWinAnimate",0.35,0.5,2,[{},"comps",11,[{},"cc.Sprite",11,[{},"spriteFrame",12,[[[{"frame":0},"value",6,0],[{"frame":0.016666666666666666},"value",6,1],[{"frame":0.03333333333333333},"value",6,2],[{"frame":0.05},"value",6,3],[{"frame":0.06666666666666667},"value",6,4],[{"frame":0.08333333333333333},"value",6,5],[{"frame":0.1},"value",6,6],[{"frame":0.11666666666666667},"value",6,7],[{"frame":0.13333333333333333},"value",6,8],[{"frame":0.15},"value",6,9],[{"frame":0.16666666666666666},"value",6,10],[{"frame":0.18333333333333332},"value",6,11],[{"frame":0.2},"value",6,12],[{"frame":0.21666666666666667},"value",6,13],[{"frame":0.23333333333333334},"value",6,14],[{"frame":0.25},"value",6,15],[{"frame":0.26666666666666666},"value",6,16],[{"frame":0.2833333333333333},"value",6,17],[{"frame":0.3},"value",6,18],[{"frame":0.31666666666666665},"value",6,19],[{"frame":0.3333333333333333},"value",6,20]],11,11,11,11,11,11,11,11,11,11,11,11,11,11,11,11,11,11,11,11,11]]]]]],0,0,[0,0,0,0,0,0,0,0,0,0,0,0,0,0,0,0,0,0,0,0,0],[0,0,0,0,0,0,0,0,0,0,0,0,0,0,0,0,0,0,0,0,0],[0,1,2,3,4,5,6,7,8,9,10,11,12,13,14,15,16,17,18,19,20]]