[1,["3eFh0qN1xLeqdMVqL509PG","a7V9nSDPdC4rutoQVCrTlu","a6XpiNUIlFabB7YMMWY4xu","f93lYdXxFDGZyhyFOeF5rk","78vew8WWVErJOXwI1rE0D8","c2+2OcDP1IOZAqeiddcdO8","c2vaEFSjtKyb4YgI0NIyt9","622HgOtNFF6oBiXwE3JTkM","4djVgHE/ZPu6ni1AHUobKQ","79avZjaYFE4qtaYjWB0KXV","81qO4UPGhHupoWabLHhrId","856007X4dHYblEUORiexKh","23m0zhZ8BGbrTJzK1+loSB","1ahstN8L9O0rNK3JiqXJUr","afLUEXiJZPIL7pjs/nvDRM","8adM0V+zJHRIRH/RYFrT+H","b4WcC7Ja1GZr4qcVtHVu8j","e41VKThqVCL7NI7pCyINkn","88eb21q2ZAgKE3flsff7vF","d9d8sWgCZCHJEdnPqWLxel","faJXf6hT9CX6VDySpiJzFj","39wuJZei1A7ZdhGa06QdwI","04h7QXqfNIPILrQHfaflQ5","6dIicjA6lEqpVGsZ30iW3O","90LK80tQdBoaHC2Kwe08Y1","43+VYf+QFKi6mcxr5r17Uj","7cAoSh50BBOrLc1DwBqbc4","a3NsRd+WFCQorMei+YDWwM","4dfwczd/VLUKnNYikCTEPX","0aVopRd5FBrp2NS2CMpduB","067jcmQa1MgJTcou6VYuse","6cuGSfB35BY5a0Qe3nWVLP","92x3fyjDVEQZaek2lBxuRI","8831wqavtKapAPemQsMktg","4dudmc5ydFa4Td7TfgU4zx","0dldYO8MtAF6QbKMni9PbP","bfzXhvJB1AE5afKbLdtGwQ","0fkAS5aDdFsrUYj2qYx5OV","7f+UxcqTZF05QZ26mdvR9U","baCNvuyUdPN7RJ1uVqiWTx","14v+pS+QJIJbn19x1a4Ent","38T7LIt99GzqISRs7KiD/Y","e3e3WPW9RIFK4FuaJ/q3Ai","78izyO8gdNZLObpT0PFkWT","80LAx8bc1JioegJbj6XJXf","39R9XETCtDSqJGaou6rdqE","41MHg9BQVHqqfpqCc87g1T","b4RzUK9bBIQbqob+SskD2D","06QCuqR4dAfrj/OWGrmbnf","feaYRj97JLnYZMvJaelTX+","d4GnfVzyBEDoxs+VgVvlH3"],["_textureSetter","Close_img","Collect_img","Star_img","back_img","bg4_img","btn_spin","btn_spin1","btn_spin2","fruit_btn_add","fruit_btn_add2","fruit_btn_anto1","fruit_btn_anto2","fruit_btn_freespin1","fruit_btn_freespin2","fruit_btn_help","fruit_btn_maxbet","fruit_btn_shop","fruit_btn_stop","fruit_btn_stop2","fruit_btn_sub","fruit_bun_sub2","fruit_img_GOODLUCK","fruit_img_JACKPOT","fruit_img_X5","fruit_img_X6","fruit_img_X7","fruit_img_X8","fruit_img_X9","fruit_img_below1","fruit_img_below2","fruit_img_bot","fruit_img_jackpot_bg","fruit_img_line","fruit_img_slot","fruit_img_slot2","fruit_img_slot5","fruit_img_slot6","fruit_img_slot7","fruit_img_slot8","fruit_img_slot9","fruit_img_slotlight","fruit_img_top","fruit_img_zs","fruit_img_zs2","glod_img","line","maxbet","shuogou777_baxi","shuogou777_baxi01","win_img"],["cc.SpriteFrame",["cc.SpriteAtlas",["_name","_spriteFrames"],2,11]],[[1,0,1,2]],[[[{"name":"fruit_btn_anto2","rect":[728,398,145,89],"offset":[0,0],"originalSize":[145,89],"rotated":1,"capInsets":[0,0,0,0]}],[0],0,[0],[0],[0]],[[{"name":"fruit_img_slotlight","rect":[2,1623,769,83],"offset":[0,0],"originalSize":[769,83],"capInsets":[0,0,0,0]}],[0],0,[0],[0],[0]],[[{"name":"glod_img","rect":[937,1958,45,49],"offset":[0,0],"originalSize":[45,49],"capInsets":[0,0,0,0]}],[0],0,[0],[0],[0]],[[{"name":"fruit_bun_sub2","rect":[2,1473,42,80],"offset":[0,0],"originalSize":[42,80],"rotated":1,"capInsets":[0,0,0,0]}],[0],0,[0],[0],[0]],[[{"name":"btn_spin2","rect":[254,1283,212,92],"offset":[0,0],"originalSize":[212,92],"rotated":1,"capInsets":[0,0,0,0]}],[0],0,[0],[0],[0]],[[{"name":"fruit_btn_add2","rect":[166,1473,42,80],"offset":[0,0],"originalSize":[42,80],"rotated":1,"capInsets":[0,0,0,0]}],[0],0,[0],[0],[0]],[[{"name":"fruit_img_jackpot_bg","rect":[2,1524,827,97],"offset":[0,0],"originalSize":[827,97],"capInsets":[0,0,0,0]}],[0],0,[0],[0],[0]],[[[0,"Fruit.plist",[{},"Close_img",6,0,"Collect_img",6,1,"Star_img",6,2,"back_img",6,3,"bg4_img",6,4,"btn_spin",6,5,"btn_spin1",6,6,"btn_spin2",6,7,"fruit_btn_add",6,8,"fruit_btn_add2",6,9,"fruit_btn_anto1",6,10,"fruit_btn_anto2",6,11,"fruit_btn_freespin1",6,12,"fruit_btn_freespin2",6,13,"fruit_btn_help",6,14,"fruit_btn_maxbet",6,15,"fruit_btn_shop",6,16,"fruit_btn_stop",6,17,"fruit_btn_stop2",6,18,"fruit_btn_sub",6,19,"fruit_bun_sub2",6,20,"fruit_img_GOODLUCK",6,21,"fruit_img_JACKPOT",6,22,"fruit_img_X5",6,23,"fruit_img_X6",6,24,"fruit_img_X7",6,25,"fruit_img_X8",6,26,"fruit_img_X9",6,27,"fruit_img_below1",6,28,"fruit_img_below2",6,29,"fruit_img_bot",6,30,"fruit_img_jackpot_bg",6,31,"fruit_img_line",6,32,"fruit_img_slot",6,33,"fruit_img_slot2",6,34,"fruit_img_slot5",6,35,"fruit_img_slot6",6,36,"fruit_img_slot7",6,37,"fruit_img_slot8",6,38,"fruit_img_slot9",6,39,"fruit_img_slotlight",6,40,"fruit_img_top",6,41,"fruit_img_zs",6,42,"fruit_img_zs2",6,43,"glod_img",6,44,"line",6,45,"maxbet",6,46,"shuogou777_baxi",6,47,"shuogou777_baxi01",6,48,"win_img",6,49]]],0,0,[0,0,0,0,0,0,0,0,0,0,0,0,0,0,0,0,0,0,0,0,0,0,0,0,0,0,0,0,0,0,0,0,0,0,0,0,0,0,0,0,0,0,0,0,0,0,0,0,0,0],[1,2,3,4,5,6,7,8,9,10,11,12,13,14,15,16,17,18,19,20,21,22,23,24,25,26,27,28,29,30,31,32,33,34,35,36,37,38,39,40,41,42,43,44,45,46,47,48,49,50],[1,2,3,4,5,6,7,8,9,10,11,12,13,14,15,16,17,18,19,20,21,22,23,24,25,26,27,28,29,30,31,32,33,34,35,36,37,38,39,40,41,42,43,44,45,46,47,48,49,50]],[[{"name":"Close_img","rect":[665,1708,226,74],"offset":[0,0],"originalSize":[226,74],"rotated":1,"capInsets":[0,0,0,0]}],[0],0,[0],[0],[0]],[[{"name":"fruit_btn_freespin2","rect":[315,1798,208,88],"offset":[0,0],"originalSize":[208,88],"capInsets":[0,0,0,0]}],[0],0,[0],[0],[0]],[[{"name":"maxbet","rect":[665,1936,72,94],"offset":[0,0],"originalSize":[72,94],"capInsets":[0,0,0,0]}],[0],0,[0],[0],[0]],[[{"name":"btn_spin","rect":[780,2,115,115],"offset":[0,0],"originalSize":[115,115],"capInsets":[0,0,0,0]}],[0],0,[0],[0],[0]],[[{"name":"fruit_btn_stop2","rect":[315,1708,208,88],"offset":[0,0],"originalSize":[208,88],"capInsets":[0,0,0,0]}],[0],0,[0],[0],[0]]]]