[1,["25BDJmmwdHipRhyFJhl8Gf"],["_texture"],[["dragonBones.DragonBonesAtlasAsset",["_name","_atlasJson"],1]],[[0,0,1,3]],[[0,"jackpot_tex","{\"width\":256,\"imagePath\":\"jackpot_tex.png\",\"height\":512,\"name\":\"jackpot\",\"SubTexture\":[{\"width\":141,\"y\":1,\"height\":140,\"name\":\"candy1/bg\",\"x\":1},{\"width\":100,\"y\":136,\"height\":80,\"name\":\"candy1/G1\",\"x\":144},{\"width\":44,\"y\":218,\"height\":131,\"name\":\"图层2\",\"x\":168},{\"width\":91,\"y\":1,\"height\":133,\"name\":\"candy1/b1\",\"x\":144},{\"width\":165,\"y\":218,\"height\":43,\"name\":\"candy1/jp\",\"x\":1},{\"width\":22,\"y\":143,\"height\":35,\"name\":\"candy1/t\",\"x\":101},{\"width\":23,\"y\":143,\"height\":37,\"name\":\"candy1/o\",\"x\":28},{\"width\":22,\"y\":143,\"height\":36,\"name\":\"candy1/p\",\"x\":77},{\"width\":23,\"y\":180,\"height\":36,\"name\":\"candy1/k\",\"x\":1},{\"width\":22,\"y\":143,\"height\":36,\"name\":\"candy1/c\",\"x\":53},{\"width\":25,\"y\":143,\"height\":35,\"name\":\"candy1/a\",\"x\":1},{\"width\":21,\"y\":180,\"height\":35,\"name\":\"candy1/j\",\"x\":101}]}"]],0,0,[0],[0],[0]]