{"paths":{"0":["Animation/scatter/Scatter_tex",2],"1":["Texture/rule/rule1",2],"2":["Texture/pubg/bg",2],"3":["Texture/rule/PayTable2_1bg",2],"4":["newAduio/Stop_spin",9],"5":["Texture/com/chiji-collect",2],"6":["Animation/wild_jk/wild_jk_tex",2],"7":["newAduio/totalwin",9],"8":["Font/freecounts",2],"9":["Animation/aotu/Aotu_tex",2],"10":["Animation/jackpot/jackpot-jk_tex",2],"11":["Font/openfont",2],"12":["Texture/rule/page_4",2],"13":["Animation/win/money_tex",2],"14":["Font/freefont",2],"15":["newAduio/Bg_link",9],"16":["Animation/bullion/bullion_tex",2],"17":["Animation/scatter02/Scatter02_tex",2],"18":["Animation/megawi/megawin-jk_tex",2],"19":["newAduio/open_pool",9],"20":["Texture/rule/PayTable2_1",2],"21":["newAduio/coin_link",9],"22":["Font/gold",2],"23":["Animation/king/King_tex",2],"24":["newAduio/brick_link",9],"25":["newAduio/Bg_nm",9],"26":["Texture/com/chiji-luckyball",2],"27":["newAduio/Win_nm",9],"28":["Texture/rule/rule4",2],"29":["newAduio/UIspin",9],"30":["newAduio/Bet_pls",9],"31":["Font/mini-export",2],"32":["newAduio/luckyball",9],"33":["Font/jackPotNum",2],"34":["Font/freecontents",2],"35":["Font/minor-export",2],"36":["Animation/gold/gold_tex",2],"37":["newAduio/frsp_roll",9],"38":["newAduio/Sp_stop",9],"39":["Font/shuzi02_0",2],"40":["newAduio/money_link",9],"41":["Texture/rule/PayTable2_11",2],"42":["Texture/rule/page_5",2],"43":["Animation/watch/shoubiao_tex",2],"44":["newAduio/pig_link",9],"45":["Font/grand-export",2],"46":["Animation/freespin/freespin_tex",2],"47":["Font/cishu",2],"48":["newAduio/frsp_golden_door_wait",9],"49":["partic/smoke",2],"50":["newAduio/jewel_link",9],"51":["Animation/bigwin/BIGwin-jk_tex",2],"52":["newAduio/miniwin",9],"53":["Font/beishu_0",2],"54":["newAduio/btn_touch",9],"55":["Animation/row_right_jk/row_right_jk_tex",2],"56":["Animation/tongyong/tongyonguang_tex",2],"57":["Animation/gem/gem_tex",2],"58":["newAduio/Bet_rdc",9],"59":["newAduio/collect",9],"60":["newAduio/Bet_max",9],"61":["Font/pubg_1",2],"62":["newAduio/bigwin",9],"63":["Font/shuzi-export",2],"64":["newAduio/But_spin",9],"65":["partic/particle_texture",10],"66":["Animation/money/money_tex",2],"67":["newAduio/watch_link",9],"68":["newAduio/s_wait",9],"69":["Texture/pubg/bg2_img",2],"70":["newAduio/megawin_sound_m",9],"71":["newAduio/roll_number",9],"72":["newAduio/bigwin_sound_w",9],"73":["newAduio/frsp_golden_door",9],"74":["newAduio/megawin",9],"75":["newAduio/getfreespin",9],"76":["Font/shijian",2],"77":["Texture/rule/rule5",2],"78":["Font/pubg",2],"79":["Animation/totalwin/totalwin_tex",2],"80":["Font/magor-export",2],"81":["Animation/jackpot/jackpot-jk_ske",1],"82":["Animation/jackpot/jackpot-jk_tex",3,1],"83":["Texture/elements/ktren",3,1],"84":["Animation/wild_jk/wild_jk_tex",3,1],"85":["Font/jackPotNum",6],"86":["Font/minor-export",3,1],"87":["Texture/pubg/home_img",3,1],"88":["Texture/pubg/bg4_img",3,1],"89":["Texture/pubg/Star_img",3,1],"90":["Animation/bullion/bullion_tex",3,1],"91":["Texture/elements/light1",3,1],"92":["Texture/elements/freespinbar_img",3,1],"93":["Texture/rule/page_4",3,1],"94":["Animation/bullion/bullion_tex",4],"95":["Animation/totalwin/totalwin_tex",3,1],"96":["Prefabs/animateNode/winNode",7],"97":["Texture/elements/kthuichen2",3,1],"98":["Texture/pubg/goodluck_img",3,1],"100":["Prefabs/animateNode/freespinNode",7],"101":["Animation/row_right_jk/row_right_jk_ske",1],"102":["Font/beishu_0",3,1],"104":["Animate/q",0],"105":["Texture/pubg/glod_img",3,1],"107":["Font/freefont",6],"108":["Texture/pubg/MAJOR1",3,1],"109":["Animation/scatter02/Scatter02_ske",1],"111":["Texture/pubg/logo_img",3,1],"112":["Texture/pubg/stopauto_img",3,1],"116":["Animation/bullion/bullion_ske",1],"117":["Texture/pubg/lines_img",3,1],"118":["Animation/gem/gem_ske",1],"119":["Font/beishu",6],"121":["Texture/elements/3_img",3,1],"122":["Font/openfont",3,1],"126":["Texture/elements/+",3,1],"127":["Animation/win/money_tex",4],"128":["Animate/goodluck",0],"129":["Texture/elements/11_2img",3,1],"130":["Texture/elements/5_img",3,1],"131":["Font/shuzi02_0",3,1],"132":["Font/jackPotNum",3,1],"133":["Animation/bigwin/BIGwin-jk_tex",3,1],"134":["Font/freecounts",6],"136":["Animation/wild_jk/wild_jk_ske",1],"137":["Animation/king/King_tex",3,1],"138":["Font/freecontents",6],"139":["Texture/elements/9",3,1],"141":["Texture/pubg/page_5",3,1],"142":["Texture/com/chiji-luckyball",3,1],"143":["Animation/megawi/megawin-jk_ske",1],"144":["Animation/freespin/freespin_tex",3,1],"145":["Texture/pubg/major_img",3,1],"146":["Animation/king/King_ske",1],"147":["Font/shijian",6],"148":["Texture/elements/7_img",3,1],"149":["Animation/row_right_jk/row_right_jk_tex",4],"150":["Texture/elements/10-2",3,1],"151":["Texture/elements/ktyulan",3,1],"152":["Texture/pubg/vault_baxi_FAST",3,1],"153":["Texture/elements/q2",3,1],"154":["Texture/pubg/suo_img2",3,1],"155":["Font/magor-export",6],"156":["Texture/pubg/freespinbar_img",3,1],"157":["Font/freecontents",3,1],"158":["Animation/scatter02/Scatter02_tex",4],"159":["Animation/wild_jk/wild_jk_tex",4],"160":["Texture/pubg/jackpot",3,1],"161":["Texture/pubg/bg2_img",3,1],"162":["Font/gold",3,1],"163":["Texture/rule/page_5",3,1],"164":["Prefabs/animateNode/megaWinNode",7],"165":["Animation/gem/gem_tex",3,1],"166":["Animation/megawi/megawin-jk_tex",4],"167":["Texture/elements/10_img",3,1],"168":["Texture/elements/1_img",3,1],"169":["Texture/elements/+4",3,1],"170":["Texture/elements/ktguang",3,1],"171":["Texture/elements/ktxiangzi",3,1],"172":["Texture/elements/ktkuang",3,1],"173":["Font/pubg",3,1],"174":["Texture/pubg/ADD",3,1],"175":["Texture/elements/AutoAtlas",8],"176":["Texture/elements/92",3,1],"177":["Texture/rule/PayTable2_11",3,1],"178":["Animation/scatter/Scatter_ske",1],"179":["Prefabs/animateNode/miniNode",7],"180":["Texture/elements/8_img",3,1],"181":["Animation/gem/gem_tex",4],"182":["Animation/bigwin/BIGwin-jk_ske",1],"183":["Texture/elements/2_img",3,1],"184":["Font/cishu",6],"185":["Texture/elements/q",3,1],"186":["Texture/pubg/number",3,1],"187":["Texture/elements/k2",3,1],"188":["Animation/jackpot/jackpot-jk_tex",4],"189":["Texture/elements/j",3,1],"190":["Animation/win/money_tex",3,1],"191":["Prefabs/animateNode/grandNode",7],"192":["Texture/elements/ktjiangluosan",3,1],"193":["Texture/pubg/stop_img",3,1],"194":["Texture/elements/ktwenzi",3,1],"195":["Font/gold",6],"196":["Texture/elements/jijiu2",3,1],"197":["Texture/pubg/jia_img",3,1],"198":["Texture/pubg/auto_img1",3,1],"199":["Texture/elements/12_img",3,1],"200":["Animation/king/King_tex",4],"201":["Prefabs/animateNode/majorNode",7],"202":["Texture/elements/ktfeiji",3,1],"203":["Texture/elements/k",3,1],"204":["Texture/pubg/mini_img",3,1],"205":["Texture/pubg/auto2_img",3,1],"206":["Font/grand-export",6],"207":["Texture/pubg/bg5_img",3,1],"208":["Texture/pubg/auto_img2",3,1],"209":["Font/pubg_1",6],"210":["Font/cishu",3,1],"212":["Texture/pubg/jackpot02",3,1],"213":["Texture/pubg/bg",3,1],"214":["Texture/pubg/Collect_img",3,1],"215":["Texture/rule/PayTable2_1bg",3,1],"216":["Prefabs/PubgSlotItem",7],"217":["Animation/watch/shoubiao_ske",1],"218":["Font/freefont",3,1],"219":["Animation/totalwin/totalwin_tex",4],"220":["Texture/elements/+3",3,1],"222":["Texture/pubg/guize_img",3,1],"223":["Texture/elements/+2",3,1],"224":["Font/LabelAtlas",5],"225":["Texture/elements/13_img",3,1],"226":["Animation/megawi/megawin-jk_tex",3,1],"227":["Animation/money/money_tex",3,1],"228":["Animation/scatter/Scatter_tex",3,1],"229":["Texture/freespin/fre/free_img7",3,1],"230":["Texture/pubg/PayTable2_1",3,1],"231":["Texture/elements/ktyan",3,1],"232":["Animate/j",0],"233":["Texture/pubg/auto_img",3,1],"234":["Animation/aotu/Aotu_tex",3,1],"235":["Animation/tongyong/tongyonguang_tex",3,1],"236":["Texture/pubg/max_img2",3,1],"237":["Prefabs/ruleNode",7],"238":["Animation/freespin/freespin_tex",4],"239":["Animation/freespin/freespin_ske",1],"241":["Font/shuzi-export",6],"242":["Animation/totalwin/totalwin_ske",1],"243":["Animation/row_right_jk/row_right_jk_tex",3,1],"244":["Animation/money/money_tex",4],"245":["Texture/com/chiji-collect",3,1],"246":["Texture/elements/ktxiangzi1",3,1],"247":["Texture/pubg/bg3_img",3,1],"248":["Font/magor-export",3,1],"249":["Animation/bigwin/BIGwin-jk_tex",4],"250":["Prefabs/animateNode/bigWinNode",7],"251":["Animation/tongyong/tongyonguang_ske",1],"252":["Animation/scatter/Scatter_tex",4],"253":["Texture/rule/rule5",3,1],"254":["Texture/pubg/jian_img",3,1],"255":["Texture/elements/jijiu",3,1],"256":["Font/pubg",6],"257":["Font/grand-export",3,1],"258":["Texture/pubg/GRAND",3,1],"259":["Texture/pubg/MINOR",3,1],"260":["Animate/9",0],"262":["Font/shuzi-export",3,1],"263":["Texture/elements/4_img",3,1],"264":["Font/mini-export",3,1],"265":["Animation/gold/gold_ske",1],"266":["Texture/pubg/suo_img1",3,1],"267":["Texture/elements/guangjijiu",3,1],"268":["Texture/elements/light12",3,1],"269":["Texture/pubg/freespin_img",3,1],"270":["Font/minor-export",6],"271":["Texture/elements/+1",3,1],"272":["Animation/gold/gold_tex",3,1],"273":["Texture/elements/ktbeijing",3,1],"274":["Animate/k",0],"275":["Texture/pubg/MINI",3,1],"276":["Texture/freespin/fre/AutoAtlas",8],"277":["Texture/elements/j-2",3,1],"278":["Texture/pubg/minor_img",3,1],"279":["Animation/win/money_ske",1],"280":["Texture/elements/6_img",3,1],"281":["partic/smoke",3,1],"282":["Texture/pubg/auto1_img",3,1],"283":["Texture/elements/10",3,1],"284":["Font/shuzi02_0",6],"285":["Animation/money/money_ske",1],"286":["Texture/rule/rule4",3,1],"287":["Texture/rule/PayTable2_1",3,1],"288":["Animation/aotu/Aotu_ske",1],"289":["Animate/10",0],"290":["Texture/pubg/page_4",3,1],"291":["Prefabs/animateNode/minorNode",7],"292":["Texture/pubg/grand_img",3,1],"293":["Font/freecounts",3,1],"294":["Font/shijian",3,1],"295":["Texture/pubg/spin_img",3,1],"296":["Texture/pubg/AutoAtlas",8],"297":["Animation/tongyong/tongyonguang_tex",4],"298":["Texture/elements/kthuichen",3,1],"299":["Animation/gold/gold_tex",4],"300":["Font/openfont",6],"301":["Font/pubg_1",3,1],"302":["Texture/elements/9_img",3,1],"303":["Animation/aotu/Aotu_tex",4],"304":["Texture/elements/ktyulan2",3,1],"305":["Font/mini-export",6],"306":["Texture/elements/wildjj",3,1],"307":["Texture/rule/rule1",3,1],"308":["Texture/elements/11_img",3,1],"309":["Texture/pubg/vault_baxi_FAST01",3,1],"310":["Texture/elements/ktxiangzi2",3,1],"311":["Prefabs/animateNode/freeOverNode",7],"312":["Animation/watch/shoubiao_tex",4],"313":["Texture/pubg/autostop_img",3,1],"314":["Texture/elements/guang",3,1],"315":["Prefabs/PubgSlotRow",7],"318":["Texture/freespin/fre/free_img8",3,1],"319":["Animation/watch/shoubiao_tex",3,1],"320":["Animation/scatter02/Scatter02_tex",3,1]},"types":["cc.AnimationClip","dragonBones.DragonBonesAsset","cc.Texture2D","cc.SpriteFrame","dragonBones.DragonBonesAtlasAsset","cc.LabelAtlas","cc.BitmapFont","cc.Prefab","cc.SpriteAtlas","cc.AudioClip","cc.ParticleAsset"],"uuids":["01t+/2FyhDaI1tQ6AclFwB","04ScwzXsNJ5J276yLy3m7C","04/V/sOdhAyrSbRybNtx7F","07iwwinepNrp/SYDZGg0iH","0cbPg7KB1FN72m8Hqgo2n3","0fPRnBPTtJkIvNyY+PKENl","0fzLaHzkJM97BQeqBBmX7J","11Y82t7mBEE4CHnnLqUx3G","11aQjP6gdNG60b8VLRjUO2","12Y0QVTfNN04dzf7fTX2AV","174YgaNYpAMqkKk3igNJaV","1ekzIOyB5PQaoKPhOEROxJ","237GZKmlVBsY7gjp53q7fc","2fCsCgU4dNvbqdhbMM/yRR","373WN9QwRA4J0FHQOLeHxg","373gfPbLxFzZbCxOiwfo3C","3auZfs8S5BLqT+B1+RxXaT","48zxYX4tJGbJ71BUly5tp5","485MhwOlNMQKHpT12M9XFO","49iyToN0dJFLIlYOE2cpnX","4fvxDWWmVJ/rOzd43fH+mG","53RaNDbXpNb4pzbUYoLSeO","53mG6uJCZCvYe3BBGvbuld","55UspLE/pAU6UK7GpF66LM","55fMV1nSFBPofAT9VH4h1W","5adD4cXhpNgrMw/rcfI+wi","60wWvBrkZPabTLrR/rAD+S","64mreAKYJKlYE3956OW0Jh","64wkNR10xJKLu92f9nQXio","664WqMGZtGW7SzwjJ5OpIE","67bDykobBD9YIGqbmevLkH","6a0qjNTiRAVZrETgUn1lCa","6duYsgptlG/JPZaxfZNozw","6eCIYI77hMmqz2XcyC24A+","72PH9CYIxMI5A8mHVzsyoN","79Eg94pthHro82efDNIpy/","7cBaonYUhPd6BfR1ZlFB4S","7fasA3LqNFyrfGyife4uY3","81CFC4n45D7Ld4Lm9a+Qpe","83NVAzMv9N1ZhmHvOm/P1z","84L56bYbtCZpMm+zsyartK","84hCv6fwlLPpt2UY9j+a23","85NWGJVKZKAZjjm5q5nNfH","86IU/dd2VCsLZR1fpP++u+","875AOukfNJ6LtfTwIE46DD","88nwoXQSdI57uhXy34KBNq","89LZdf9ltCYLDslAHtEvIq","89cpQHjQRMUKL7n9eJLu/9","8bbIVrc5FDD6/Sn/O0BBIz","8b52DUaoBNR6wuN1Akmg5J","8cVJ4qdA1DOKZEQr8vPwvS","909HUks0dG0ZVHB/DGGK+F","93VIMSQHNJkpmkkMxrD5si","98Nv4xeR5Ol4N9OKdaAIgg","9cORknQClCf7/zfhQYOWZj","a2KGeoEWVD+raJHR2NlBkd","b0aj+y4mlLu5TjHXsJsW1N","b1pXu21mBKCqbE062tgRpY","b4XBM/rNlESLycRSeQUpOx","b42JTsKjtIxYe2QpIEUUT+","b62jDWEFRIR4ZFPsSbnZ7a","b8nIiK83pCDIn6R1vMxZDy","bcJpdqUfpHPL/KtVgDkQRD","be2ea+HCtM9LD30ntS7xNf","c5Fp1DJ/ZPkLvEx5bwpfLg","c6jKYi0dVInoufgaKrbD+D","d2cQEaS0tJcbPGih/mAp/S","d63bNhHvhIP5TccjhoaJcS","d7J6DLZPFK/KWmGU0Bwz1S","d9jGWBKeNN4KgijZVwWo6t","ddsbWykVxH/oAbb+WCigDF","deQCrHUFVIfoIdJ5TO6EsJ","der27UHx9G4aBgFpcSOGfj","e1fos2KX9CD5ul7eKoY/88","e9nzwry+ZFJLtjrpIsBrBW","ecsft/ZuFC25BpmgYZ+Qz7","f6fZLhZ5xI3J4wKu74pMeR","f8Fx7nkJlPEpfT8ChaCF32","f9Xa/cwaJKhZoIUxNzIoNc","fb+I0AaWZNzZVMXgk+UWJq","fb+2mTKBtLR7gWvvbMmii5","02Ecjx3ptEvbM0xIXuTxKi","02vEx/nmRB/oeT9FTZS3M5","03XfKy30VEV44gjREnFjbP","040XjcKrVCeZdWb8XlT7DW","05SuYG2CdMK5eszddCpRfK","06DX+gbUxGTIhz77iAuMOe","07Y6lBwixEqrPmbpZsQPDK","07ZWbFp31I5Lei93h1rnTW","09u7JCdflK9ZCTCXMRDV2V","0abDhUC8RHLbXdQ4+8mAjY","0aollt6D9M1ZgUpbcDIJCv","0cT6Z4T91DOoRW/k5vfnaA","0duI/DTN9BY754uCxAkkTa","0eKBOoRvVCe4OeQjAEw7mO","0eaukDDiZEzIOeiiPtMKQX","10ZdCFdOlCAplExKJIKdSQ","11Rhi2Q1RAYIOQpvck9TX2","11cOqBuw9JgK0koEFueXvy","126224702","12dN8OKntNJqvHSTkMbcCv","13sTvpTShBuYf5cR6q/cW/","14W3V4fm9K6IPMg3fJMUsB","146eff87d","149nzUStBMorE/6tCQALs8","15ixQ1t2VHfqVPHIlG/3N6","15f30872c","169u/fXplO8r+hmEdMr7+w","17Sur94rlDVqdKCW6XvGPK","17a17vFmVGTZp9zjuSv+ND","18372b893","19K1QK5rtOKrmbRc/9aorn","19MLZuRwdA4ZNusnpXNNlo","19hyes6OVA7oQ4KB6uV+4X","1a159edee","1a317e8b5","1c3M6Lx3xEB58kwzY68Gt3","1c4W9DxZ5Kc6c54l7VnRDi","1c88kHtwJFmZgAla3ElZe/","1dYhPiK8lAl471Idq9d7rK","1d5v0Gb1ZFIrYWawhLYFgh","1esG0wRgRL9bK9RVYwP7+/","1e1adnIh9Il5pUyvOrD8My","1e8IneTLBO1YYyhHYBL5It","1ef9c1d94","21sto/yRVHw7i8bO83O3F2","22FWG1TPxKe6i5vNrECIWn","25FVEODCxAQ69kgJfCpRn6","28B33tZSFKqrT9ffq9xWS0","2aIzbWcGFDFb75zanjx8I+","2asaS0CWpF9Lc0S4BGuAG2","2c3I392i1Cd7yKBaiwXi6k","2fQ62UiYBNnq+E+sxJCjgJ","2fUEnrWUFNUKpOex1BioCq","2fjGPdRV9EhY5ymK1X2uQg","30ifunASRErbiFgk9qYb9i","31ISw75qxGkLU4hDGvC4EG","31iE0nybFGZpYoydIzGjuu","3289rqZ1lLTJGm18S1o9Za","33b5xPaeRL+rhtWoqmsyu3","33s1MZMc1LQ4rHAyr7d4px","36XmRoLd1Oq5a5ed9e9o4U","36ueaTIctPKZ9lhUxYse+A","36zvpBX3ZKXa44TY0djLNh","36/0E+JsJECZvDLF5GkL/d","37IAVKO71PNJv4cf8ePgSm","3aPmytih5BhZ3tJ91Zu6e3","3afHRCJrpMgJ6sN+0NFmeQ","3eFOvKsotE4ZdFPMxHTxVk","3e40piLp1Pua5D5Z9gcLUJ","401l5t/R5G7KjqPLQAfLE3","42eZ/ZZ0lBiaYKe6N6fMuT","433UpPWOdB4KsL6Nd15pkV","44y8w6s7xPYrZqL/KmD0cX","446FNx16pDdKi/OJQPBo5M","45HW7raJdCxpVMGZYdCNcl","45quPnWh5GRqPM26M4sr1J","46Fa1/NvhE/5qArMtlSmXd","46fTKWZrFKy4iMHGo1Z0OL","49b4Qh3YVPs4iarT1tdRpL","49gS2xnoNNaoJMrdb8lP+m","4aJ7bsLcxMC5tupAEL6B+t","4ah4v5sVxI0Z0bB4OQlkn0","4bMHDPXZ9FMKavMWdKfbfH","4bb/2PQilPTYcu0AqUCQH8","4by9g9CbhFvr9SlwLxh5L0","4b07ANd0RKSJq8G6VO1hdQ","4cHSj//ENMP7ZXCsxx8hAw","4dNBGCASVG8J9jX3wHLfhc","4dYJRau+tP/JKDgYCGETg2","4e8RiLNyZLE7F+5n1R4Ob/","50KJVCYhZIZr+iWPLnA1Wf","50zlR5YEZAZbfnTyerNZms","51QUYLwz5PVL7w/HTOBW6W","51nZQGhTtDhqNlTKJgAuLC","53NfqprJJKeJ5s6PoSjtzJ","537ukwW7JGiJE5dRBPzhlk","553hzVP79MyrKFEDyrcMQ8","58MPTKyXFAUIELvkiD6kbJ","59IsRwwXFIcZTi9rT6x/yb","59gz7eZ0FHQ57aEXJauss/","5a6puBoQlJ26D9lVn6sJsJ","5bjeak08lCvoEtPd3RKrBb","5dKRLOKB5Og5uqeHP0nNPy","5daO4vvtVFgJGVCtsioiYk","60u8ncmOZL+Y8salhuwjda","61HreRTtRBvaHIOliAAPq5","63gXS+xv1FJrfxlUzwVPDw","65wh+G+QFGwL5vKjFuEM/n","66X8WF371FiaOsCVu7DjcI","67DHUcZWNGvqddcorozFI0","68mnFOuRdA8oq1PoaITKP7","6a30MekfxGKYyHpfp5gqJX","6bHy9rpVBO9IrYnT3VlGwA","6dwCVHxU1J5a65QAPttZ80","6fGxwAGT9LhKfU0S1Ga0J5","6fc+vZK+ZMg4iY2pYNybd2","70VgbRlEVGwp2Ei5hNshqa","70YAWHJUJBrb0Crin+uuS5","722sezhBhKVJQkxnxeCGZs","74f1WxW1BJVaZO5vLiM/DN","75MfVJWKRKA7BT8/8prEo3","75sSc2bAtEkqupgZQK39be","76et8xFKVDuIgGbegzE07b","77gqgbRSFMKodKlmJJ9yGi","7747Q0g1xI4JzMu4LVZuVp","78NoM5DWtDSp44JjTXt45s","7aW0xX+AZKQqey++Sw1dRl","7anQzgDmxP+qZK/bfSKVxB","7b2IkXCo5NV4dLuSO53eIV","7fDLnWm71KrrgPlcHxzj2D","81ymHBhKFAN7eXLHEBaHh0","82Oudn3GZFM6xKl+qqgnNS","85PCQGIixKjZoqBLcPN4pK","85pH6B76VMG4KnN7hS1MuI","86xZO6UW1Bs76TPbJRDrYI","87jWbcs6lKPbogUDroCxfi","88gFEQGS5DlY03cfwX2zOW","89oA7NFp5CBZoNy5VhlKPx","89t/i8KlZOTJXe4RGkgLIN","8bhSXAOjJBmbdoNS/xU8Lg","8dXfGycbZNR6u8V4DEpyot","8dfAxJfmlPPo+VdrjT/B71","8e3M1bo19GvZGTnf+IBPkT","8e7iRpLChBfLxYxU6RcG5M","8e9BBDBOpOdqMZO/wOlBnf","91bs6oVCFNFKvLAxkrkhtk","93BPraZfxCRKgdXhQDODbk","93TUA4a0xEY4GkenD41S+6","94Lt0RxCtAjL0ZkQJtJXOF","94d98vLH1BQZohANsP+sIm","94gPZK7LFFsIxBRH0BfD6l","94otBXLtpKq6m3L8BG1H3w","94qq+kBjVEnpkWey9bNNia","98/n//P4FDC5qqBCdChNrO","99MogQan1GO6uUn34l23I4","9buCQtyiBO4II+gCIQQGOg","9dD0gpX5pF2J3f25EEuOHT","9dy37IAc5F3pcTXF5aaKvF","9et6xrDgBCY7Ilb0r1ytX4","9ftvR8CdJOd5W8SHwBTl6y","a0ThLhbbhOdZbpib1cH5Vl","a1IuN33PhDJIHH4S2T5NIk","a3kzmLycREMrNfHsk2NBnz","a3+ZtPdkZNGY4vmwOfvsiR","a8j3Er73JMsZtbxucWAp/A","a9dUpcrZxJ5pD3fLrWBaHl","acdPn/NZ9Nn504L1czXO4j","adRbzje7pJebJpNajE1Zyr","ad4lNN9K9PEKHI5h3tRDSD","b0dFVU5mxLbrqf9EcFJrQx","b0jADEluJLr5Ut1IYgkQXA","b04W706R9OEqs2CDvFfBdQ","b1nXigqeBAXoEso9iegxsA","b1w3xy0ydNOrhrQDy0EiOw","b1/3TL/dpD3IJrjcKm+xXM","b3ztoSNqFD7YXbfwy8cqsp","b4mn3L17xHx76kGcmGv/Ht","b5UOaUy5ZFoIrGUM8k68cP","b6UYp8/ENLSaA2RDtLoKhE","b7kRmB105BuJvEY8kM10lk","b8jF9DCj5BQIDbUeQU85W5","baLlKUE49ONL4SQQI3bl7/","baTS+7VEhLfoOgaf3erIPU","bbPoa0t41Or6D2Xuzm27V3","bcZJs7fDJMaKeEj68jdObj","bdOrsVYGVK5ZiN/EaubTyx","be26CWknNEYIZ56eGn9aD8","bflN6Rhh1Gu7j9q3VrVxSf","c0rKn/SglJa6VTrbZH5naj","c31Flf2tlNgLUu5Ejc48TY","c5HOo/Y1pFx5pZ4lOEFHmJ","c6Sa0hY9dFlIiIsjsGMTBF","c8+IOVO51OcYkwP2vzDFRu","caHkbm1P5PM6tyYD31/Tay","cadzH5fElDy4WLEOmVghRF","casPc6b2FJ/6DQIDDGRykM","ccEbfuF3lJn4NjDU0NHPQE","ccMQ8g7N9Cd4TP6m9E4qk5","cd566ABjtCs6BSHjrij6iX","ceIp3ZZ7xJe6/o8wKcrWUv","cfKU1OL8RN+Kr7n8gFENyh","d1253KEYNKPYsIQTN3i2SV","d3lenLyuBEH7bQ9QK18cQ8","d4gArA6GxHrKzy1lWgj8Uf","d5AtUSPdZM/ri4D3e8gryP","d5vFrU8FhBkaphsCr0bHLq","d6lMTueV5NooxlBDZrtpCj","d7DvRLnDFDxridpXBT3Xsl","d7evgDps9BPpVsig8VQW7X","d8nHEfZUZGSpDEuFg8czLa","d8vj6Mbb5KF5NoHG6Iu8sZ","dbs0/FsjBAo722vkBqLgGU","dcAQnQRy5P1qxKRDIEaBki","ddVbaTAY1BlK+YbRVHMxWw","e0Os2rZYtNdrsJ3a5tryte","e0TVdqEZlFMYJaRaNcLb0C","e18qcj6nBLD5zdPlShMs7p","e2JrPUnLZGmIJsVQiU5UTb","e2bg6XAMdApqjPY7ODWCUy","e3Jk2t23dDQ7bfTUGmNK/Z","e3joOKhJFKSrXms4+xngKt","e4lZ41sjRDHLju4XLsOd/D","e6PTKKW1JGMpglgmcUPVPs","e9QchBNmJAmqNbKK3hwH14","e91gmEvrZMOpAwVLs6vSRL","ea1Kl+mhhLYLQb3uM0YUgM","ebEd9sA+pMV6rFscJa5gFV","eeiSDo+MNO9aMc20tGt2/Z","ef2Eaykv1EtIBRrewB2vAy","f1XTdhQgtPmpBZAMTbJMfn","f3+bqLyC9Meov9XaBvnOsK","f3/ws8r1xK0p9qHguJD76r","f45Yf/5CdPsK+i4etrzMpe","f5EtR165RD7J1z66GOVsg+","f5Tx0kXedF0K/ca9CuoYjk","f7iPNPY19BJ7wzNiSyPitV","f7oGiAsDpMqoi8JbBdpXX0","fciRAuIQFJyJnjrnCll+Rn","feXV/vQbJGYLsiy6FjSxf2","ff/mtWYjRCyr/XxXsLIYXE","04mQpZ1HxM16Ydy7MVgnvh","065qQC0DVGhpaAWQ4Ycamt","0eZMtPfzpOh6Row4fdC9Oc","18hEK0islDkbJJ9mZRJUhs","1bwvPT4G9IGqxngT8PQ1eC","1f9digCeBBPYVoY7TmUph5","21RjDZK8BOroekGXLBlT+/","28oreHLB9MmJFVf9JexlTd","29FYIk+N1GYaeWH/q1NxQO","35BYiUu2BJQLQR3XoLHEj4","365Vd1IHBLIaebESxFZUYn","398qmZl/VHZ6Fq33da5zxm","3f6nildONEn4+zjFvg9ERR","5bgyULDCJHjo5SSBYy5cPD","5cqXC1KYNBi6a7hpL+b5Mw","65TaNl1WdBzYmQyE02vH0C","68nS1dF0RIj5KjgP6UYRC1","6eyQ16OWhPpa5aur4fgF/N","72QuhCZnZA8o6kVo9VicGZ","78lSQH995MXYQyNu2gd2NZ","99KBq4qr1Moa2MRg+yW47Y","9d+1nL1DBAr6mTxDTYDbJF","a2MjXRFdtLlYQ5ouAFv/+R","a9cNWqur9KXJor3fP63NMi","c7Wo1sOcNJlYr6bUF/ZGgF","caQKP4jJ1MZp42e3R7sjRN","ccCrWZfSJGx7l7T3GQLa5l","d3H8p2Vn5HSIzcDvldtgPe","dd87lr1vhMd4TqBhIZ/AgK","e97GVMl6JHh5Ml5qEDdSGa","eaXdnWWupGsZy72/ujAcZj","ebRm3Q9y1LGr1OPERW82kY","ecpdLyjvZBwrvm+cedCcQy","f0BIwQ8D5Ml7nTNQbh1YlS","f7A5TSSmlFya93EuKICeN1","f8G7G4GgxJCIeG6GI7RYiU","ffDdntJ4NEc6teA7E9r42+"],"scenes":{"db://assets/PubgSolt/PubgSlotScene.fire":113},"redirect":[329,0,343,1,350,0,351,1,353,2,354,0],"deps":["main","resources","internal"],"packs":{"0182f902a":[102,119],"018aa73ed":[184,210],"01903cc38":[147,294],"0195b6a8f":[182,250],"027de3f03":[122,300],"02cdeba9a":[264,305],"0358c21ce":[131,284],"0449d7699":[0,1,2,3,5,6,8,99,9,103,106,10,110,114,115,120,11,123,124,125,12,13,135,140,14,16,17,18,20,22,23,26,28,31,33,34,35,36,211,39,41,42,43,45,46,47,49,221,51,53,240,55,56,57,261,61,63,66,69,76,316,317,77,78,79,80],"046a08d90":[322,87,88,92,4,323,7,98,101,108,109,111,112,113,325,117,326,328,330,331,145,15,332,333,152,154,160,19,161,174,21,24,25,335,27,336,29,30,193,32,197,198,204,205,340,207,208,37,38,212,40,213,44,48,50,222,52,233,341,236,54,344,247,254,58,59,258,259,60,62,266,269,64,275,278,282,67,288,68,292,70,71,72,295,73,74,352,75,309,313,356,357],"04c03a272":[142,338,342],"04c3c815f":[206,257],"051922570":[155,248],"051cdfe8d":[241,262],"053131249":[321,107],"0662b4e9c":[104,116,118,121,129,130,136,139,148,167,168,178,180,183,185,189,203,216,217,225,232,251,260,263,265,274,280,283,285,289,302,308,314],"077d4e88b":[85,355],"0863041e3":[256,345],"0897ad3b9":[138,157],"09be7d605":[186,224],"0aadf14cb":[209,301],"0b0befed0":[89,100,229,239,318],"0b2d7534d":[93,163,177,215,237,253,286,287,307],"0bce14004":[143,164],"0d0452a88":[242,311],"0d8161aa1":[86,270],"0ec263fe8":[96,279],"0f2fd5378":[134,293],"0f789ea37":[162,195]},"name":"Pubg","importBase":"import","nativeBase":"native","debug":false,"isZip":false,"encrypted":false,"versions":{"import":["0182f902a","a5784","018aa73ed","5eb78","01903cc38","e4e4d","0195b6a8f","cee7d",81,"05917","027de3f03","b0769",82,"0df44","02cdeba9a","cb7f0","0358c21ce","fa204",83,"2183b","0449d7699","81ab1","046a08d90","6acfc","04c03a272","6ec47","04c3c815f","29033",84,"27978","051922570","5254d","051cdfe8d","1c778","053131249","7ab66","0662b4e9c","8bdee","077d4e88b","fbfc6","0863041e3","2ed72","0897ad3b9","f25f2","09be7d605","4a545",90,"077d4",91,"c49a5","0aadf14cb","7b4c3","0b0befed0","3f80f","0b2d7534d","ed931","0bce14004","3fd2a","0d0452a88","f773d","0d8161aa1","390fa",94,"52862",95,"b2d33","0ec263fe8","98566","0f2fd5378","87c5a","0f789ea37","d80ef",97,"488c9",105,"0da6c",324,"3f57a",327,"9bc97",126,"9352f",127,"8070b",128,"a1cad",132,"b241e",133,"5dacd",137,"6a744",141,"6a17f",144,"f30c0",146,"43dd5",149,"28ffc",150,"08c22",151,"6e2be",153,"67077",156,"8f726",158,"3b4d0",159,"e2830",165,"82cac",166,"ebca9",169,"9a573",170,"d2113",171,"e371e",172,"ea2f7",173,"a0898",175,"a2f70",176,"f95c5",179,"33870",181,"86523",334,"7b7ca",187,"e3cdf",188,"be4f1",190,"f162e",191,"d5c1e",337,"452a4",192,"96fa4",194,"1bae9",196,"7eb7b",339,"c6650",199,"98af1",200,"ec20b",201,"f4817",202,"a5590",214,"ad3f5",218,"57180",219,"458b8",220,"92017",223,"2cf2f",226,"1ecd1",227,"fc1a1",228,"e927c",230,"fdfac",231,"258b4",234,"47f6a",235,"ba81f",238,"0b28d",243,"90f15",244,"f6a2c",245,"ac419",246,"47f3a",249,"459e7",252,"66366",255,"d2445",267,"b6384",268,"2121b",271,"fee74",272,"f73c4",65,"ffe65",273,"65154",346,"cab8f",276,"cc7eb",347,"68ac4",277,"fdb0f",281,"1e5d8",348,"3495e",290,"5014f",291,"49b2b",349,"03104",296,"959c5",297,"c4dac",298,"6ebab",299,"71bc4",303,"f1fe6",304,"14631",306,"7445f",310,"aa0d8",312,"02903",315,"1ae07",319,"fe4f0",320,"f032f"],"native":[99,"d428c",0,"56040",1,"e6de0",2,"5eb21",3,"9a0ae",4,"f258c",5,"6e8b8",6,"4e2b8",7,"39ba9",8,"d8d38",9,"c967f",103,"6ee6d",106,"afa93",10,"1835c",110,"ed9ec",114,"7ffa5",115,"a0c86",120,"cb1b7",11,"79476",123,"0879c",124,"2d711",125,"4d2cf",12,"c82b2",13,"c3061",135,"96ca6",140,"15c9f",14,"0879c",15,"bbc04",16,"8fe91",17,"6c7d1",18,"82cf0",19,"8db15",20,"0308e",21,"e81fe",22,"90e1e",23,"5fd20",24,"30ca8",25,"b4d24",26,"24a8b",27,"63a28",28,"fb364",29,"33534",30,"54781",31,"d00b0",32,"f3e8b",33,"f4f5d",34,"22834",35,"11cd9",36,"a862e",37,"bb83d",38,"f4da8",211,"0514f",39,"36d61",40,"78d91",41,"d23f4",42,"fa5bf",43,"d2906",44,"04e4d",45,"00813",46,"67ee3",47,"1f742",48,"b35a3",49,"6a4f8",50,"dd1d2",221,"3f7ac",51,"192e1",52,"3673a",53,"9cd0d",54,"3fe66",240,"e54be",55,"f0c6f",56,"cfff3",57,"3c50a",58,"77c3a",59,"be784",60,"90bf2",261,"6c00c",61,"b7cf5",62,"f0645",63,"5f50c",64,"b46e9",65,"a4b47",66,"68e5c",67,"d1351",68,"723be",69,"11c5e",70,"12430",71,"ba002",72,"7fca1",73,"50561",74,"6b646",75,"b59db",76,"a382c",316,"6eb9a",317,"838a8",77,"b7ee0",78,"b7cf5",79,"9e091",80,"0c97e"]}}