[1,0,0,[["dragonBones.DragonBonesAsset",["_name","_dragonBonesJson"],1]],[[0,0,1,3]],[[0,"gan_ske","{\"frameRate\":24,\"isGlobal\":0,\"armature\":[{\"ik\":[],\"bone\":[{\"name\":\"root\",\"transform\":{}},{\"length\":68,\"transform\":{\"y\":-18,\"skX\":85.7946,\"skY\":85.7946,\"x\":14},\"parent\":\"root\",\"name\":\"root1\"}],\"aabb\":{\"width\":72,\"y\":-151.5,\"height\":178,\"x\":-30.500000000000004},\"type\":\"Armature\",\"frameRate\":24,\"defaultActions\":[{\"gotoAndPlay\":\"newAnimation\"}],\"animation\":[{\"ik\":[],\"playTimes\":0,\"bone\":[{\"frame\":[{\"transform\":{},\"duration\":9}],\"name\":\"root\"},{\"frame\":[{\"tweenEasing\":0,\"transform\":{},\"duration\":3},{\"tweenEasing\":0,\"transform\":{},\"duration\":2},{\"tweenEasing\":0,\"transform\":{},\"duration\":2},{\"transform\":{},\"duration\":2}],\"name\":\"root1\"}],\"slot\":[{\"frame\":[{\"displayIndex\":1,\"tweenEasing\":null,\"duration\":3},{\"displayIndex\":2,\"tweenEasing\":null,\"duration\":2},{\"tweenEasing\":null,\"duration\":2},{\"displayIndex\":3,\"tweenEasing\":null,\"duration\":2},{\"displayIndex\":1,\"tweenEasing\":null,\"duration\":0}],\"name\":\"root\"}],\"ffd\":[],\"frame\":[],\"name\":\"newAnimation\",\"duration\":9}],\"slot\":[{\"displayIndex\":1,\"name\":\"root\",\"parent\":\"root1\",\"color\":{}}],\"name\":\"Armature\",\"skin\":[{\"slot\":[{\"display\":[{\"path\":\"gan/3\",\"type\":\"image\",\"name\":\"gan/3\",\"transform\":{\"y\":12.0337,\"skX\":-85.7946,\"skY\":-85.7946,\"x\":47.7461}},{\"path\":\"gan/1\",\"type\":\"image\",\"name\":\"gan/1\",\"transform\":{\"y\":5.2139,\"skX\":-85.7946,\"skY\":-85.7946,\"x\":-45.0035}},{\"path\":\"gan/2\",\"type\":\"image\",\"name\":\"gan/2\",\"transform\":{\"y\":7.2671,\"skX\":-85.7946,\"skY\":-85.7946,\"x\":-17.0789}},{\"path\":\"gan/4\",\"type\":\"image\",\"name\":\"gan/4\",\"transform\":{\"y\":14.087,\"skX\":-85.7946,\"skY\":-85.7946,\"x\":75.6707}}],\"name\":\"root\"}],\"name\":\"\"}]}],\"name\":\"gan\",\"version\":\"5.0\"}"]],0,0,[],[],[]]