[1,["081jvrBYhE1rx+9ZsXHOie"],["_texture"],[["dragonBones.DragonBonesAtlasAsset",["_name","_atlasJson"],1]],[[0,0,1,3]],[[0,"s_slot_jack_tex","{\"width\":1024,\"imagePath\":\"s_slot_jack_tex.png\",\"height\":1024,\"name\":\"s_slot_jack\",\"SubTexture\":[{\"width\":457,\"y\":1,\"height\":458,\"name\":\"zhuang\",\"x\":1},{\"width\":407,\"y\":461,\"height\":350,\"name\":\"s_slot_jack/beike\",\"x\":1},{\"width\":670,\"y\":813,\"height\":172,\"name\":\"s_slot_jack/shuzhik\",\"x\":1},{\"width\":172,\"y\":609,\"height\":106,\"name\":\"s_slot_jack/jbd\",\"x\":410},{\"width\":554,\"y\":461,\"height\":146,\"name\":\"s_slot_jack/jack\",\"x\":410}]}"]],0,0,[0],[0],[0]]