[1,["92P0NconpIYIQaqqhHUk7s","femsK4GPBBnp1DBA/5MlGi","46l+U+zYNIzYnWlMdIYea9","e57LG2GWdME4Cp0pynipDN","97rEkJgGtDwrJl9zbcgN7G","0aVbSYhOxNnK+2v9bSdDgD","f6vT2i6ChAOYcbNP5hQzJ6","54jZmtVYxImKHuWcR+hw//","48SAN0CdtMuYYlGvOlVwWa","b3l823/j1NJKOUem2FTtda","54RH5QCH5EWZAzkIPUXAWb","eaBAFTXFxApIirYyqle+tH","3c+VSNNFFLYKYZfNYOUgRB","43jPeJc95NKq4hA3EyjVPa","233H1kY+lNnZzG6zo8zzWQ","9eDrDlW4VAV69tOh5TiOzr","1auQNdgiVG+5b64vEHXVVt","43pptCJOZAR4mJMs7/P9I5","d69CdtlY9HEpJQTHVOqagj","11EuRUygNJbZO9cyJJvDQB","62W+Z2Zo9GtYag7Y0Jevnf","557Umtjb9KRpFWjCY6cID2","40OL3AIqFPFL1TAN5vWNkw","ceOrqMy5ZEVY3HLMQZDREk","ebnja+3j1CV7mrMibm/U/y"],["_textureSetter","10_a","10_b","11_a","11_b","12_a","12_b","1_a","1_b","2_a","2_b","3_a","3_b","4_a","4_b","5_a","5_b","6_a","6_b","7_a","7_b","8_a","8_b","9_a","9_b"],["cc.SpriteFrame",["cc.SpriteAtlas",["_name","_spriteFrames"],2,11]],[[1,0,1,2]],[[[{"name":"12_a","rect":[441,1425,213,279],"offset":[0,0],"originalSize":[213,279],"capInsets":[0,0,0,0]}],[0],0,[0],[0],[0]],[[{"name":"7_a","rect":[5,857,213,279],"offset":[0,0],"originalSize":[213,279],"capInsets":[0,0,0,0]}],[0],0,[0],[0],[0]],[[{"name":"5_b","rect":[223,573,213,279],"offset":[0,0],"originalSize":[213,279],"capInsets":[0,0,0,0]}],[0],0,[0],[0],[0]],[[{"name":"4_b","rect":[659,289,213,279],"offset":[0,0],"originalSize":[213,279],"capInsets":[0,0,0,0]}],[0],0,[0],[0],[0]],[[{"name":"3_b","rect":[223,289,213,279],"offset":[0,0],"originalSize":[213,279],"capInsets":[0,0,0,0]}],[0],0,[0],[0],[0]],[[{"name":"8_b","rect":[659,857,213,279],"offset":[0,0],"originalSize":[213,279],"capInsets":[0,0,0,0]}],[0],0,[0],[0],[0]],[[{"name":"4_a","rect":[441,289,213,279],"offset":[0,0],"originalSize":[213,279],"capInsets":[0,0,0,0]}],[0],0,[0],[0],[0]],[[{"name":"6_a","rect":[441,573,213,279],"offset":[0,0],"originalSize":[213,279],"capInsets":[0,0,0,0]}],[0],0,[0],[0],[0]],[[{"name":"10_b","rect":[659,1141,213,279],"offset":[0,0],"originalSize":[213,279],"capInsets":[0,0,0,0]}],[0],0,[0],[0],[0]],[[{"name":"2_b","rect":[659,5,213,279],"offset":[0,0],"originalSize":[213,279],"capInsets":[0,0,0,0]}],[0],0,[0],[0],[0]],[[{"name":"8_a","rect":[441,857,213,279],"offset":[0,0],"originalSize":[213,279],"capInsets":[0,0,0,0]}],[0],0,[0],[0],[0]],[[{"name":"7_b","rect":[223,857,213,279],"offset":[0,0],"originalSize":[213,279],"capInsets":[0,0,0,0]}],[0],0,[0],[0],[0]],[[{"name":"11_b","rect":[223,1425,213,279],"offset":[0,0],"originalSize":[213,279],"capInsets":[0,0,0,0]}],[0],0,[0],[0],[0]],[[{"name":"5_a","rect":[5,573,213,279],"offset":[0,0],"originalSize":[213,279],"capInsets":[0,0,0,0]}],[0],0,[0],[0],[0]],[[{"name":"2_a","rect":[441,5,213,279],"offset":[0,0],"originalSize":[213,279],"capInsets":[0,0,0,0]}],[0],0,[0],[0],[0]],[[[0,"soccerLotteryBallPlayer.plist",[{},"10_a",6,0,"10_b",6,1,"11_a",6,2,"11_b",6,3,"12_a",6,4,"12_b",6,5,"1_a",6,6,"1_b",6,7,"2_a",6,8,"2_b",6,9,"3_a",6,10,"3_b",6,11,"4_a",6,12,"4_b",6,13,"5_a",6,14,"5_b",6,15,"6_a",6,16,"6_b",6,17,"7_a",6,18,"7_b",6,19,"8_a",6,20,"8_b",6,21,"9_a",6,22,"9_b",6,23]]],0,0,[0,0,0,0,0,0,0,0,0,0,0,0,0,0,0,0,0,0,0,0,0,0,0,0],[1,2,3,4,5,6,7,8,9,10,11,12,13,14,15,16,17,18,19,20,21,22,23,24],[1,2,3,4,5,6,7,8,9,10,11,12,13,14,15,16,17,18,19,20,21,22,23,24]],[[{"name":"9_a","rect":[5,1141,213,279],"offset":[0,0],"originalSize":[213,279],"capInsets":[0,0,0,0]}],[0],0,[0],[0],[0]],[[{"name":"6_b","rect":[659,573,213,279],"offset":[0,0],"originalSize":[213,279],"capInsets":[0,0,0,0]}],[0],0,[0],[0],[0]],[[{"name":"11_a","rect":[5,1425,213,279],"offset":[0,0],"originalSize":[213,279],"capInsets":[0,0,0,0]}],[0],0,[0],[0],[0]],[[{"name":"3_a","rect":[5,289,213,279],"offset":[0,0],"originalSize":[213,279],"capInsets":[0,0,0,0]}],[0],0,[0],[0],[0]],[[{"name":"9_b","rect":[223,1141,213,279],"offset":[0,0],"originalSize":[213,279],"capInsets":[0,0,0,0]}],[0],0,[0],[0],[0]],[[{"name":"12_b","rect":[659,1425,213,279],"offset":[0,0],"originalSize":[213,279],"capInsets":[0,0,0,0]}],[0],0,[0],[0],[0]],[[{"name":"10_a","rect":[441,1141,213,279],"offset":[0,0],"originalSize":[213,279],"capInsets":[0,0,0,0]}],[0],0,[0],[0],[0]]]]