[1,["19GuXw0vpFUYdoewb/3iCm"],["_texture"],[["dragonBones.DragonBonesAtlasAsset",["_name","_atlasJson"],1]],[[0,0,1,3]],[[0,"Amazon_freespin_tex","{\"width\":1024,\"imagePath\":\"Amazon_freespin_tex.png\",\"name\":\"Amazon_freespin\",\"SubTexture\":[{\"width\":562,\"y\":1,\"height\":566,\"name\":\"发散光\",\"x\":1},{\"width\":361,\"y\":206,\"height\":166,\"name\":\"图层21\",\"x\":565},{\"width\":449,\"y\":569,\"height\":189,\"name\":\"e1a199beb57cd8c8e2c8509157461f316433353d9932b6-fjb16l拷贝\",\"x\":376},{\"width\":373,\"y\":569,\"height\":309,\"name\":\"图层15\",\"x\":1},{\"width\":393,\"y\":374,\"height\":76,\"name\":\"FREESPIN\",\"x\":565},{\"width\":376,\"y\":760,\"height\":203,\"name\":\"图层17\",\"x\":376},{\"width\":376,\"y\":1,\"height\":203,\"name\":\"图层19\",\"x\":565}],\"height\":1024}"]],0,0,[0],[0],[0]]