[1,["d1rJQR3pNOj7sErvhCu9uX","07O/rxAtFIrZ0hzdrvHlh3"],["_textureSetter","spriteFrame"],["cc.SpriteFrame",["cc.BitmapFont",["_name","fontSize","_fntConfig"],0]],[[1,0,1,2,4]],[[[{"name":"lineNum","rect":[0,0,120,63],"offset":[-4,0.5],"originalSize":[128,64],"capInsets":[0,0,0,0]}],[0],0,[0],[0],[0]],[[[0,"lineNum",32,{"commonHeight":55,"fontSize":32,"atlasName":"lineNum.png","fontDefDictionary":{"9":{"xOffset":0,"yOffset":0,"xAdvance":8,"rect":{"x":0,"y":0,"width":0,"height":0}},"32":{"xOffset":0,"yOffset":0,"xAdvance":1,"rect":{"x":0,"y":0,"width":0,"height":0}},"44":{"xOffset":0,"yOffset":42,"xAdvance":11,"rect":{"x":110,"y":30,"width":10,"height":19}},"46":{"xOffset":0,"yOffset":42,"xAdvance":11,"rect":{"x":110,"y":50,"width":10,"height":13}},"48":{"xOffset":0,"yOffset":29,"xAdvance":22,"rect":{"x":46,"y":31,"width":21,"height":26}},"49":{"xOffset":0,"yOffset":29,"xAdvance":20,"rect":{"x":90,"y":30,"width":19,"height":26}},"50":{"xOffset":0,"yOffset":29,"xAdvance":23,"rect":{"x":0,"y":30,"width":22,"height":27}},"51":{"xOffset":0,"yOffset":29,"xAdvance":23,"rect":{"x":23,"y":30,"width":22,"height":29}},"52":{"xOffset":0,"yOffset":27,"xAdvance":22,"rect":{"x":68,"y":32,"width":21,"height":31}},"53":{"xOffset":0,"yOffset":29,"xAdvance":22,"rect":{"x":90,"y":0,"width":21,"height":29}},"54":{"xOffset":0,"yOffset":26,"xAdvance":23,"rect":{"x":0,"y":0,"width":22,"height":29}},"55":{"xOffset":0,"yOffset":28,"xAdvance":22,"rect":{"x":68,"y":0,"width":21,"height":31}},"56":{"xOffset":0,"yOffset":26,"xAdvance":23,"rect":{"x":23,"y":0,"width":22,"height":29}},"57":{"xOffset":0,"yOffset":29,"xAdvance":22,"rect":{"x":46,"y":0,"width":21,"height":30}}},"kerningDict":{}}]],0,0,[0],[1],[1]]]]