[1,["ecpdLyjvZBwrvm+cedCcQy","a2MjXRFdtLlYQ5ouAFv/+R","02gb3T0mhHpZ6Pp4fRrKan","badN1P2PtEA4fJd9KadG6a","c5Hw4V1sxDcqJCRFFw6oxO","00x6i23v1FULY9C6BsKq7q","eeZZT1RIdCVbUolvk52zMj","36tlaeL4BBeZF7YPn7opNv","fewA+K3wlFab5RewUbSMaK"],["node","_spriteFrame","_N$file","root","data","_parent","_file","_N$dragonAsset","_N$dragonAtlasAsset"],[["cc.Node",["_name","_active","_opacity","_objFlags","_prefab","_parent","_components","_contentSize","_trs","_children","_color"],-1,4,1,9,5,7,2,5],["cc.Widget",["_alignFlags","_originalWidth","_originalHeight","node"],0,1],["cc.PrefabInfo",["fileId","root"],2,1],["cc.Sprite",["_sizeMode","node","_materials","_spriteFrame"],2,1,3,6],["cc.Label",["_fontSize","_isSystemFontUsed","_N$horizontalAlign","_N$verticalAlign","_string","node","_materials","_N$file"],-2,1,3,6],["cc.Prefab",["_name"],2],["cc.BlockInputEvents",["node"],3,1],["cc.Button",["zoomScale","_N$transition","node"],1,1],["cc.ParticleSystem",["_custom","playOnLoad","totalParticles","duration","emissionRate","life","lifeVar","angleVar","startSize","startSizeVar","endSize","startSpinVar","endSpin","_positionType","speed","speedVar","tangentialAccel","tangentialAccelVar","radialAccel","node","_materials","_startColor","_startColorVar","_endColor","_endColorVar","gravity","_file","_spriteFrame"],-16,1,3,8,8,8,8,5,6,6],["dragonBones.ArmatureDisplay",["_armatureName","_preCacheMode","_armatureKey","node","_materials","_N$dragonAsset","_N$dragonAtlasAsset"],0,1,3,6,6],["dragonBones.DragonBonesAsset",["_name","_dragonBonesJson"],1]],[[2,0,1,2],[0,0,1,9,6,4,7,8,3],[0,0,5,6,4,7,8,2],[5,0,2],[0,0,2,5,6,4,10,7,3],[0,0,5,9,4,8,2],[0,0,5,9,4,2],[0,0,5,6,4,2],[0,0,3,5,6,4,7,8,3],[1,0,3,2],[1,0,1,2,3,4],[2,1,1],[3,0,1,2,3,2],[3,1,2,3,1],[6,0,1],[7,0,1,2,3],[8,0,1,2,3,4,5,6,7,8,9,10,11,12,13,14,15,16,17,18,19,20,21,22,23,24,25,26,27,20],[9,0,1,2,3,4,5,6,4],[4,4,0,1,2,3,5,6,7,6],[4,0,1,2,3,5,6,7,5],[10,0,1,3]],[[[[3,"jackpotNode"],[1,"jackpotNode",false,[-3,-4],[[9,45,-2]],[11,-1],[5,1520,720],[760,360,0,0,0,0,1,1,1,1]],[4,"bg",160,1,[[12,0,-5,[0],1],[10,45,100,100,-6],[14,-7]],[0,"b97DKNeNZDYKzSN3v5KGrU",1],[4,4278190080],[5,1520,720]],[5,"node",1,[-8,-9,-10],[0,"fcWemAL/FJPZ0+WjpYvxX/",1],[0,-32,0,0,0,0,1,1,1,1]],[1,"WinCloseBtn",false,[-13],[[13,-11,[10],11],[15,1.1,3,-12]],[0,"e9O8Eq0Q5PXYi2euoYEL75",1],[5,226,74],[0,-112.273,0,0,0,0,1,1,1,0]],[6,"winConten",3,[4,-14],[0,"c71FSc8DRNi5WWfZcc+kOX",1]],[7,"particle",3,[[16,true,false,55,25,22,2,0.25,60,56,30,-1,720,360,1,540,20,12,12,6,-15,[2],[4,4294967295],[4,0],[4,4294967295],[4,0],[0,2,-550],3,4]],[0,"beqUiRej1G5ohrmB8HwWv8",1]],[2,"win",3,[[17,"Armature",0,"c51f0e15-d6cc-4372-a242-445170ea8c4e#00c7a8b6-defd-4550-b63d-0ba06c2aaeea",-16,[5],6,7]],[0,"5aJvo6KDlNfZVccaoI+lXh",1],[5,697,491.4523373479517],[0,-149,0,0,0,0,1,1,1,1]],[2,"WinTimeLabel",4,[[18,"10",28,false,1,1,-17,[8],9]],[0,"34Dwllg0dOYqYpaNCn95VP",1],[5,33.25,40],[57.197,25.608,0,0,0,0,1,1,1,1]],[8,"WinLabel",512,5,[[19,28,false,1,1,-18,[12],13]],[0,"65HyhxvEpLDa9T3lZbJRlA",1],[5,0,40],[0,9.966,0,0,0,0,1,1,1,1]]],0,[0,3,1,0,0,1,0,-1,2,0,-2,3,0,0,2,0,0,2,0,0,2,0,-1,6,0,-2,7,0,-3,5,0,0,4,0,0,4,0,-1,8,0,-2,9,0,0,6,0,0,7,0,0,8,0,0,9,0,4,1,4,5,5,18],[0,0,0,0,0,0,0,0,0,0,0,0,0,0],[-1,1,-1,6,1,-1,7,8,-1,2,-1,1,-1,2],[0,1,0,2,3,0,4,5,0,6,0,7,0,8]],[[[20,"Jackpot-sg1_ske","{\"frameRate\":24,\"isGlobal\":0,\"armature\":[{\"bone\":[{\"name\":\"root\",\"transform\":{}},{\"transform\":{\"y\":-249.55,\"x\":1.4},\"name\":\"bone2\",\"parent\":\"root\"},{\"transform\":{},\"name\":\"bone\",\"parent\":\"root\"},{\"transform\":{},\"name\":\"zongj\",\"parent\":\"root\"},{\"transform\":{\"y\":-240.1794,\"x\":1.95},\"name\":\"bone4\",\"parent\":\"root\"},{\"transform\":{\"y\":-172.45,\"x\":1.4},\"name\":\"bone1\",\"parent\":\"bone\"},{\"transform\":{\"y\":-47.65,\"x\":-253.8},\"name\":\"jbb\",\"parent\":\"zongj\"},{\"transform\":{\"y\":-321.05,\"x\":4.2},\"name\":\"bone3\",\"parent\":\"bone\"},{\"transform\":{\"y\":-47.65,\"x\":-81.595},\"name\":\"jbb2\",\"parent\":\"zongj\"},{\"transform\":{\"y\":-57.7797,\"x\":4.2542},\"name\":\"jbb3\",\"parent\":\"zongj\"},{\"transform\":{\"y\":-37.5203,\"x\":75.6686},\"name\":\"jbb4\",\"parent\":\"zongj\"},{\"transform\":{\"y\":-47.65,\"x\":165.4431},\"name\":\"jbb5\",\"parent\":\"zongj\"},{\"transform\":{\"y\":-47.65,\"x\":256.2306},\"name\":\"jbb6\",\"parent\":\"zongj\"},{\"transform\":{\"y\":-47.65,\"x\":-155.0354},\"name\":\"jbb1\",\"parent\":\"zongj\"}],\"animation\":[{\"playTimes\":0,\"bone\":[{\"frame\":[{\"transform\":{},\"duration\":35}],\"name\":\"root\"},{\"frame\":[{\"tweenEasing\":0,\"transform\":{\"scY\":2.5,\"y\":-225.6621,\"scX\":2.5},\"duration\":5},{\"transform\":{\"y\":-225.6621},\"duration\":30}],\"name\":\"bone\"},{\"frame\":[{\"transform\":{\"y\":241.3095},\"duration\":35}],\"name\":\"bone1\"},{\"frame\":[{\"tweenEasing\":0,\"transform\":{},\"duration\":6},{\"tweenEasing\":0,\"transform\":{\"scY\":2.3333,\"skX\":-90,\"skY\":-90,\"scX\":2.3333},\"duration\":3},{\"transform\":{\"scY\":3,\"skX\":-115,\"skY\":-115,\"scX\":3},\"duration\":26}],\"name\":\"bone2\"},{\"frame\":[{\"transform\":{\"y\":241.3095},\"duration\":35}],\"name\":\"bone3\"},{\"frame\":[{\"tweenEasing\":0,\"transform\":{\"y\":-407.5868},\"duration\":5},{\"tweenEasing\":0,\"transform\":{\"y\":39.5898},\"duration\":3},{\"tweenEasing\":0,\"transform\":{\"y\":-4.1475},\"duration\":2},{\"transform\":{\"y\":12.8196},\"duration\":25}],\"name\":\"jbb\"},{\"frame\":[{\"transform\":{},\"duration\":35}],\"name\":\"zongj\"},{\"frame\":[{\"tweenEasing\":0,\"transform\":{\"y\":-407.5868},\"duration\":3},{\"tweenEasing\":0,\"transform\":{\"y\":-407.5868},\"duration\":5},{\"tweenEasing\":0,\"transform\":{\"y\":39.5898},\"duration\":3},{\"tweenEasing\":0,\"transform\":{\"y\":-4.1475},\"duration\":2},{\"transform\":{\"y\":12.8196},\"duration\":22}],\"name\":\"jbb1\"},{\"frame\":[{\"tweenEasing\":0,\"transform\":{\"y\":-407.5868},\"duration\":2},{\"tweenEasing\":0,\"transform\":{\"y\":-407.5868},\"duration\":5},{\"tweenEasing\":0,\"transform\":{\"y\":39.5898},\"duration\":3},{\"tweenEasing\":0,\"transform\":{\"y\":-4.1475},\"duration\":2},{\"transform\":{\"y\":12.8196},\"duration\":23}],\"name\":\"jbb2\"},{\"frame\":[{\"tweenEasing\":0,\"transform\":{\"y\":-407.5868},\"duration\":4},{\"tweenEasing\":0,\"transform\":{\"y\":-407.5868},\"duration\":5},{\"tweenEasing\":0,\"transform\":{\"y\":39.5898},\"duration\":3},{\"tweenEasing\":0,\"transform\":{\"y\":-4.1475},\"duration\":2},{\"transform\":{\"y\":12.8196},\"duration\":21}],\"name\":\"jbb3\"},{\"frame\":[{\"tweenEasing\":0,\"transform\":{\"y\":-407.5868},\"duration\":3},{\"tweenEasing\":0,\"transform\":{\"y\":-407.5868},\"duration\":5},{\"tweenEasing\":0,\"transform\":{\"y\":39.5898},\"duration\":3},{\"tweenEasing\":0,\"transform\":{\"y\":-4.1475},\"duration\":2},{\"transform\":{\"y\":12.8196},\"duration\":22}],\"name\":\"jbb4\"},{\"frame\":[{\"tweenEasing\":0,\"transform\":{\"y\":-407.5868},\"duration\":2},{\"tweenEasing\":0,\"transform\":{\"y\":-407.5868},\"duration\":5},{\"tweenEasing\":0,\"transform\":{\"y\":39.5898},\"duration\":3},{\"tweenEasing\":0,\"transform\":{\"y\":-4.1475},\"duration\":2},{\"transform\":{\"y\":12.8196},\"duration\":23}],\"name\":\"jbb5\"},{\"frame\":[{\"tweenEasing\":0,\"transform\":{\"y\":-407.5868},\"duration\":1},{\"tweenEasing\":0,\"transform\":{\"y\":-407.5868},\"duration\":5},{\"tweenEasing\":0,\"transform\":{\"y\":39.5898},\"duration\":3},{\"tweenEasing\":0,\"transform\":{\"y\":-4.1475},\"duration\":2},{\"transform\":{\"y\":12.8196},\"duration\":24}],\"name\":\"jbb6\"},{\"frame\":[{\"transform\":{},\"duration\":5},{\"tweenEasing\":0,\"transform\":{},\"duration\":15},{\"tweenEasing\":0,\"transform\":{\"scY\":1.5,\"skX\":25,\"skY\":25,\"scX\":1.5},\"duration\":15},{\"transform\":{\"scY\":2,\"skX\":50,\"skY\":50,\"scX\":2},\"duration\":0}],\"name\":\"bone4\"}],\"slot\":[{\"frame\":[{\"tweenEasing\":0,\"color\":{\"aM\":0},\"duration\":5},{\"tweenEasing\":null,\"duration\":30}],\"name\":\"jbjb\"},{\"frame\":[{\"tweenEasing\":0,\"color\":{\"aM\":0},\"duration\":5},{\"tweenEasing\":0,\"duration\":6},{\"tweenEasing\":null,\"color\":{\"aM\":0},\"duration\":24}],\"name\":\"ggg\"},{\"frame\":[{\"tweenEasing\":0,\"color\":{\"aM\":0},\"duration\":3},{\"tweenEasing\":0,\"color\":{\"aM\":0},\"duration\":5},{\"tweenEasing\":null,\"duration\":27}],\"name\":\"jbjb1\"},{\"frame\":[{\"tweenEasing\":0,\"color\":{\"aM\":0},\"duration\":2},{\"tweenEasing\":0,\"color\":{\"aM\":0},\"duration\":5},{\"tweenEasing\":null,\"duration\":28}],\"name\":\"jbjb2\"},{\"frame\":[{\"tweenEasing\":0,\"color\":{\"aM\":0},\"duration\":4},{\"tweenEasing\":0,\"color\":{\"aM\":0},\"duration\":5},{\"tweenEasing\":null,\"duration\":26}],\"name\":\"jbjb3\"},{\"frame\":[{\"tweenEasing\":0,\"color\":{\"aM\":0},\"duration\":3},{\"tweenEasing\":0,\"color\":{\"aM\":0},\"duration\":5},{\"tweenEasing\":null,\"duration\":27}],\"name\":\"jbjb4\"},{\"frame\":[{\"tweenEasing\":0,\"color\":{\"aM\":0},\"duration\":2},{\"tweenEasing\":0,\"color\":{\"aM\":0},\"duration\":5},{\"tweenEasing\":null,\"duration\":28}],\"name\":\"jbjb5\"},{\"frame\":[{\"tweenEasing\":0,\"color\":{\"aM\":0},\"duration\":1},{\"tweenEasing\":0,\"color\":{\"aM\":0},\"duration\":5},{\"tweenEasing\":null,\"duration\":29}],\"name\":\"jbjb6\"},{\"frame\":[{\"tweenEasing\":0,\"color\":{\"aM\":0},\"duration\":5},{\"tweenEasing\":0,\"color\":{\"aM\":0},\"duration\":10},{\"tweenEasing\":0,\"color\":{\"aM\":90},\"duration\":10},{\"tweenEasing\":0,\"color\":{\"aM\":90},\"duration\":10},{\"tweenEasing\":null,\"color\":{\"aM\":0},\"duration\":0}],\"name\":\"图层-3\"}],\"ffd\":[],\"ik\":[],\"frame\":[{\"duration\":35,\"tweenEasing\":null},{\"tweenEasing\":null,\"event\":\"stop\",\"duration\":0}],\"name\":\"newAnimation\",\"duration\":35}],\"type\":\"Armature\",\"name\":\"Armature\",\"aabb\":{\"width\":697,\"y\":-482.3226338619073,\"height\":491.4523373479517,\"x\":-341},\"ik\":[],\"skin\":[{\"slot\":[{\"display\":[{\"path\":\"jackpot-sg1/jbjb\",\"type\":\"image\",\"name\":\"jackpot-sg1/jbjb\",\"transform\":{\"y\":-12.85,\"x\":-0.7}}],\"name\":\"jbjb1\"},{\"display\":[{\"path\":\"jackpot-sg1/jbjb\",\"type\":\"image\",\"name\":\"jackpot-sg1/jbjb\",\"transform\":{\"y\":-12.85,\"x\":-0.7}}],\"name\":\"jbjb3\"},{\"display\":[{\"path\":\"jackpot-sg1/kkk\",\"type\":\"image\",\"name\":\"jackpot-sg1/kkk\",\"transform\":{\"y\":1.45,\"x\":6.1}}],\"name\":\"kkk\"},{\"display\":[{\"path\":\"jackpot-sg1/ggg\",\"type\":\"image\",\"name\":\"jackpot-sg1/ggg\",\"transform\":{\"y\":3.1375,\"x\":-17.2042}}],\"blendMode\":\"add\",\"name\":\"ggg\"},{\"display\":[{\"path\":\"jackpot-sg1/jbjb\",\"type\":\"image\",\"name\":\"jackpot-sg1/jbjb\",\"transform\":{\"y\":-12.85,\"x\":-0.7}}],\"name\":\"jbjb6\"},{\"display\":[{\"path\":\"jackpot-sg1/jpot\",\"type\":\"image\",\"name\":\"jackpot-sg1/jpot\",\"transform\":{\"y\":-25.45,\"x\":3.3}}],\"name\":\"jpot\"},{\"display\":[{\"path\":\"jackpot-sg1/图层-3\",\"type\":\"image\",\"name\":\"jackpot-sg1/图层-3\",\"transform\":{\"y\":-2.6432,\"x\":1.7621}}],\"name\":\"图层-3\"},{\"display\":[{\"path\":\"jackpot-sg1/jbjb\",\"type\":\"image\",\"name\":\"jackpot-sg1/jbjb\",\"transform\":{\"y\":-12.85,\"x\":-0.7}}],\"name\":\"jbjb5\"},{\"display\":[{\"path\":\"jackpot-sg1/jbjb\",\"type\":\"image\",\"name\":\"jackpot-sg1/jbjb\",\"transform\":{\"y\":-12.85,\"x\":-0.7}}],\"name\":\"jbjb\"},{\"display\":[{\"path\":\"jackpot-sg1/jbjb\",\"type\":\"image\",\"name\":\"jackpot-sg1/jbjb\",\"transform\":{\"y\":-12.85,\"x\":-0.7}}],\"name\":\"jbjb4\"},{\"display\":[{\"path\":\"jackpot-sg1/jbjb\",\"type\":\"image\",\"name\":\"jackpot-sg1/jbjb\",\"transform\":{\"y\":-12.85,\"x\":-0.7}}],\"name\":\"jbjb2\"}],\"name\":\"\"}],\"slot\":[{\"name\":\"图层-3\",\"parent\":\"bone4\",\"color\":{\"aM\":0}},{\"z\":1,\"name\":\"jpot\",\"parent\":\"bone3\",\"color\":{}},{\"z\":2,\"name\":\"kkk\",\"parent\":\"bone1\",\"color\":{}},{\"z\":3,\"name\":\"jbjb5\",\"parent\":\"jbb5\",\"color\":{}},{\"z\":4,\"name\":\"jbjb3\",\"parent\":\"jbb3\",\"color\":{}},{\"z\":5,\"name\":\"jbjb2\",\"parent\":\"jbb2\",\"color\":{}},{\"z\":6,\"name\":\"jbjb\",\"parent\":\"jbb\",\"color\":{}},{\"blendMode\":\"add\",\"z\":7,\"parent\":\"bone2\",\"name\":\"ggg\",\"color\":{}},{\"z\":8,\"name\":\"jbjb1\",\"parent\":\"jbb1\",\"color\":{}},{\"z\":9,\"name\":\"jbjb4\",\"parent\":\"jbb4\",\"color\":{}},{\"z\":10,\"name\":\"jbjb6\",\"parent\":\"jbb6\",\"color\":{}}],\"frameRate\":24,\"defaultActions\":[{\"gotoAndPlay\":\"newAnimation\"}]}],\"name\":\"Jackpot-sg1\",\"version\":\"4.0\"}"]],0,0,[],[],[]]]]