[1,["ecpdLyjvZBwrvm+cedCcQy","a2MjXRFdtLlYQ5ouAFv/+R","06JaQPLM5NdZoANnac1+/q","e1atS9oV9NWoEFHDdn+uOb","13Yke209xEQa4fnP2jgx75","df5zmutlNCgpPfZoIiDqcx","1bGOgdcBxCTbjtIVVvfFe7","918V0cWxNAxI7w4FMWt68d","96JhEh2gtMVoDX1dnNS1mk"],["node","_spriteFrame","_N$file","root","data","_parent","_N$dragonAsset","_N$dragonAtlasAsset","_textureSetter"],[["cc.Node",["_name","_active","_opacity","_prefab","_children","_components","_contentSize","_trs","_parent","_color"],0,4,2,9,5,7,1,5],["cc.Widget",["_alignFlags","_originalWidth","_originalHeight","node"],0,1],["cc.PrefabInfo",["fileId","root"],2,1],["cc.Sprite",["_sizeMode","node","_materials","_spriteFrame"],2,1,3,6],["cc.Label",["_fontSize","_isSystemFontUsed","_N$horizontalAlign","_N$verticalAlign","_string","node","_materials","_N$file"],-2,1,3,6],"cc.SpriteFrame",["cc.Prefab",["_name"],2],["cc.BlockInputEvents",["node"],3,1],["cc.Button",["zoomScale","_N$transition","clickEvents","node"],0,1],["dragonBones.ArmatureDisplay",["_armatureName","_preCacheMode","_armatureKey","node","_materials","_N$dragonAsset","_N$dragonAtlasAsset"],0,1,3,6,6]],[[2,0,1,2],[0,0,8,5,3,6,7,2],[3,1,2,3,1],[6,0,2],[0,0,1,4,5,3,6,7,3],[0,0,2,8,5,3,9,6,3],[0,0,4,5,3,6,7,2],[0,0,8,4,3,2],[0,0,8,4,5,3,6,7,2],[0,0,1,8,4,5,3,6,7,3],[0,0,1,8,4,3,7,3],[1,0,3,2],[1,0,1,2,3,4],[2,1,1],[3,0,1,2,3,2],[7,0,1],[8,0,1,2,3,4],[9,0,1,2,3,4,5,6,4],[4,4,0,1,2,3,5,6,7,6],[4,0,1,2,3,5,6,7,5]],[[[[3,"freeSpinNode"],[4,"freeSpinNode",false,[-3,-4],[[11,45,-2]],[13,-1],[5,1520,720],[760,360,0,0,0,0,1,1,1,1]],[5,"bg",160,1,[[14,0,-5,[0],1],[12,45,100,100,-6],[15,-7]],[0,"69vr6VEeJI8441niP4PKMw",1],[4,4278190080],[5,1520,720]],[6,"freeStartBtn",[-10],[[2,-8,[11],12],[16,1.1,3,[null],-9]],[0,"47amjxylBEgqHMztzdsTWr",1],[5,226,74],[0,-185.273,0,0,0,0,1,1,1,0]],[7,"node",1,[-11,-12],[0,"10FGXwDbpMDLDrpBIG7SpF",1]],[8,"freeSpinAni",4,[-14],[[17,"Armature",0,"136247b6-d3dc-4441-ae1f-9cfda3831ef9#dfe739ae-b653-4282-93df-6682220ea731",-13,[6],7,8]],[0,"07v2PFB5BEyK5uC7ClNkpj",1],[5,921,682.0842875885701],[0,-248,0,0,0,0,1,1,1,1]],[9,"free_img6",false,5,[-16],[[2,-15,[4],5]],[0,"42RNtigf1G0aY8/FTRYDK6",1],[5,535,45],[0,154.431,0,0,0,0,1,1,1,1]],[1,"getFreeCountLabel",6,[[18,"0",30,false,1,1,-17,[2],3]],[0,"afuJzrkZtKVrzQTKoeMcca",1],[5,30.94,40],[9.155,26,0,0,0,0,1,1,1,1]],[10,"freeConten",false,4,[3],[0,"2cxRR0gtxHPp68kqtCw1A9",1],[0,-35,0,0,0,0,1,1,1,1]],[1,"freeSpinTimeLabel",3,[[19,28,false,1,1,-18,[9],10]],[0,"8dwaa2mFpC7KMbkjDUzOce",1],[5,0,40],[38.61,25.608,0,0,0,0,1,1,1,1]]],0,[0,3,1,0,0,1,0,-1,2,0,-2,4,0,0,2,0,0,2,0,0,2,0,0,3,0,0,3,0,-1,9,0,-1,5,0,-2,8,0,0,5,0,-1,6,0,0,6,0,-1,7,0,0,7,0,0,9,0,4,1,3,5,8,18],[0,0,0,0,0,0,0,0,0,0,0,0,0],[-1,1,-1,2,-1,1,-1,6,7,-1,2,-1,1],[0,1,0,2,0,3,0,4,5,0,6,0,7]],[[{"name":"free_img6","rect":[16,1,425,44],"offset":[-39,-0.5],"originalSize":[535,45],"capInsets":[0,0,0,0]}],[5],0,[0],[8],[8]]]]