[1,["ecpdLyjvZBwrvm+cedCcQy","1ef9c1d94","146eff87d","a2MjXRFdtLlYQ5ouAFv/+R","9et6xrDgBCY7Ilb0r1ytX4","9dy37IAc5F3pcTXF5aaKvF","3afHRCJrpMgJ6sN+0NFmeQ","09u7JCdflK9ZCTCXMRDV2V","94Lt0RxCtAjL0ZkQJtJXOF","fciRAuIQFJyJnjrnCll+Rn","3289rqZ1lLTJGm18S1o9Za"],["node","_spriteFrame","_textureSetter","_N$file","root","data","_parent","_N$dragonAsset","_N$dragonAtlasAsset"],[["cc.Node",["_name","_active","_opacity","_prefab","_components","_contentSize","_parent","_trs","_children","_color"],0,4,9,5,1,7,2,5],"cc.SpriteFrame",["cc.Label",["_string","_N$horizontalAlign","_N$verticalAlign","_fontSize","_isSystemFontUsed","_lineHeight","_spacingX","node","_materials","_N$file"],-4,1,3,6],["cc.Widget",["_alignFlags","_originalWidth","_originalHeight","node"],0,1],["cc.PrefabInfo",["fileId","root"],2,1],["cc.Sprite",["_sizeMode","node","_materials","_spriteFrame"],2,1,3,6],["cc.Prefab",["_name"],2],["cc.BlockInputEvents",["node"],3,1],["cc.Button",["zoomScale","_N$transition","node"],1,1],["cc.LabelOutline",["node"],3,1],["dragonBones.ArmatureDisplay",["_armatureName","_preCacheMode","_armatureKey","node","_materials","_N$dragonAsset","_N$dragonAtlasAsset"],0,1,3,6,6],["dragonBones.DragonBonesAsset",["_name","_dragonBonesJson"],1]],[[4,0,1,2],[0,0,6,4,3,5,7,2],[5,1,2,3,1],[0,0,6,8,4,3,5,7,2],[6,0,2],[0,0,1,8,4,3,5,7,3],[0,0,1,8,3,7,3],[0,0,2,6,4,3,9,5,3],[0,0,6,8,3,2],[0,0,6,4,3,5,2],[0,0,1,6,4,3,5,7,3],[3,0,3,2],[3,0,1,2,3,4],[4,1,1],[5,0,1,2,3,2],[7,0,1],[8,0,1,2,3],[2,0,3,5,4,6,1,2,7,8,9,8],[2,0,3,4,1,2,7,8,9,6],[2,0,1,2,7,8,4],[9,0,1],[10,0,1,2,3,4,5,6,4],[11,0,1,3]],[[[{"name":"Star_img","rect":[538,932,227,74],"offset":[0,0],"originalSize":[227,74],"capInsets":[0,0,0,0]}],[1],0,[0],[2],[2]],[[[4,"freespinNode"],[5,"freespinNode",false,[-3,-4],[[11,45,-2]],[13,-1],[5,1520,720],[760,360,0,0,0,0,1,1,1,1]],[6,"freeConten",false,[-5,-6,-7,-8],[0,"c71FSc8DRNi5WWfZcc+kOX",1],[0,-2.23,0,0,0,0,1,1,1,1]],[7,"bg",160,1,[[14,0,-9,[0],1],[12,45,100,100,-10],[15,-11]],[0,"b97DKNeNZDYKzSN3v5KGrU",1],[4,4278190080],[5,1520,720]],[3,"freeStartBtn",2,[-14],[[2,-12,[7],8],[16,1.1,3,-13]],[0,"e9O8Eq0Q5PXYi2euoYEL75",1],[5,227,74],[0,-258.286,0,0,0,0,1,1,1,0]],[8,"node",1,[-15,2],[0,"fcWemAL/FJPZ0+WjpYvxX/",1]],[3,"free_img8",2,[-17],[[2,-16,[11],12]],[0,"e57KJvkn1Dv5tJBmQWxqhs",1],[5,863,112],[0,-162.39,0,0,0,0,1,1,1,1]],[1,"getFreeCountLabel",2,[[17,"15",25,50,false,-3,1,1,-18,[13],14],[20,-19]],[0,"65HyhxvEpLDa9T3lZbJRlA",1],[5,51.69,50],[-91.14500000000001,-175.965,0,0,0,0,1,1,1,1]],[1,"freeSpinAni",5,[[21,"Armature",0,"9eb7ac6b-0e00-4263-b225-6f4af5cad5f8#9dcb7ec8-01ce-45de-9713-5c5e5a68abc5",-20,[2],3,4]],[0,"06VzwQcFNDSq0gQC0WqKbU",1],[5,756,538],[0,-103.139,0,0,0,0,1,1,1,1]],[1,"freeSpinTimeLabel",4,[[18,"5",28,false,1,1,-21,[5],6]],[0,"34Dwllg0dOYqYpaNCn95VP",1],[5,16.63,40],[39.197,25.608,0,0,0,0,1,1,1,1]],[9,"free_img7",6,[[2,-22,[9],10]],[0,"83fXrBvtNBjoTcyuNGodBw",1],[5,542,46]],[10,"machLabel",false,2,[[19,"6",1,1,-23,[15]]],[0,"8cF2fKXGZHQ6MlQfl5DV8N",1],[5,50,40],[20,-140.965,0,0,0,0,1,1,1,1]]],0,[0,4,1,0,0,1,0,-1,3,0,-2,5,0,-1,4,0,-2,6,0,-3,7,0,-4,11,0,0,3,0,0,3,0,0,3,0,0,4,0,0,4,0,-1,9,0,-1,8,0,0,6,0,-1,10,0,0,7,0,0,7,0,0,8,0,0,9,0,0,10,0,0,11,0,5,1,2,6,5,23],[0,0,0,0,0,0,0,0,0,0,0,0,0,0,0,0],[-1,1,-1,7,8,-1,3,-1,1,-1,1,-1,1,-1,3,-1],[0,3,0,4,5,0,6,0,7,0,8,0,9,0,10,0]],[[{"name":"free_img7","rect":[121,3,541,46],"offset":[0.5,-10.5],"originalSize":[542,67],"rotated":1,"capInsets":[0,0,0,0]}],[1],0,[0],[2],[1]],[[[22,"freespin_ske","{\"frameRate\":24,\"isGlobal\":0,\"armature\":[{\"bone\":[{\"name\":\"root\",\"transform\":{}},{\"transform\":{},\"name\":\"bone\",\"parent\":\"root\"},{\"transform\":{\"y\":-60.4,\"x\":13.75},\"name\":\"bone1\",\"parent\":\"bone\"},{\"transform\":{\"y\":-181.1,\"x\":9.85},\"name\":\"bone2\",\"parent\":\"bone\"},{\"transform\":{\"y\":-181.2,\"x\":10.1},\"name\":\"bone3\",\"parent\":\"bone\"},{\"transform\":{\"y\":-195.3,\"x\":141.05},\"name\":\"bone4\",\"parent\":\"bone\"},{\"transform\":{\"y\":-181.4901,\"x\":7.4923},\"name\":\"bone8\",\"parent\":\"bone\"},{\"transform\":{\"y\":-75.25,\"x\":77.6},\"name\":\"bone9\",\"parent\":\"bone\"},{\"transform\":{\"y\":-172.9,\"x\":9.5},\"name\":\"bone10\",\"parent\":\"bone\"},{\"transform\":{\"y\":-181.4901,\"x\":7.4923},\"name\":\"bone81\",\"parent\":\"bone\"},{\"transform\":{\"y\":-202.15,\"x\":7.1},\"name\":\"bone11\",\"parent\":\"bone\"},{\"transform\":{\"y\":-84.35,\"x\":59.05},\"name\":\"bone6\",\"parent\":\"bone4\"},{\"transform\":{\"y\":-4.15,\"x\":64.55},\"name\":\"bone5\",\"parent\":\"bone4\"},{\"transform\":{\"y\":67.1,\"x\":63.15},\"name\":\"bone7\",\"parent\":\"bone4\"}],\"ik\":[],\"type\":\"Armature\",\"name\":\"Armature\",\"skin\":[{\"slot\":[{\"display\":[{\"path\":\"freetime-jk/dd\",\"type\":\"image\",\"name\":\"freetime-jk/dd\",\"transform\":{\"y\":0.4402,\"x\":1.4283}}],\"name\":\"dd\"},{\"display\":[{\"vertices\":[-67,-162,67,-162,-67,162,67,162,-36.55,-162,-20.1,-143.2,-3.65,-115.1,5.25,-71.9,6.6,-28.7,8,10.35,5.25,54.9,-0.95,102.85,-13.95,137.15,-29.7,162,-67,-103.45,-67,-47.25,-67,8.95,-67,52.85,-67,109.05,67,130.3,67,83.7,67,37.75,67,-6.1,67,-45.15,67,-84.25,67,-124],\"edges\":[0,4,4,1,3,13,13,2,14,0,15,14,16,15,17,16,2,18,18,17,19,3,20,19,21,20,22,21,23,22,24,23,1,25,25,24],\"path\":\"freetime-jk/men\",\"uvs\":[0,0,1,0,0,1,1,1,0.22724,0,0.35,0.05802,0.47276,0.14475,0.53918,0.27809,0.54925,0.41142,0.5597,0.53194,0.53918,0.66944,0.49291,0.81744,0.3959,0.9233,0.27836,1,0,0.18071,0,0.35417,0,0.52762,0,0.66312,0,0.83657,1,0.90216,1,0.75833,1,0.61651,1,0.48117,1,0.36065,1,0.23997,1,0.11728],\"bonePose\":[11,1,0,0,1,200.1,-279.65,12,1,0,0,1,205.6,-199.45,13,1,0,0,1,204.2,-128.2,5,1,0,0,1,141.05,-195.3],\"triangles\":[11,12,19,8,9,22,22,9,21,9,10,21,8,22,23,7,8,23,7,23,24,6,7,24,19,12,3,12,13,3,6,24,25,4,5,1,6,25,1,5,6,1,11,19,20,10,11,20,21,10,20,17,11,10,16,17,10,6,14,7,7,15,8,8,16,9,16,10,9,15,16,8,17,18,11,14,15,7,18,12,11,5,14,6,18,13,12,0,14,4,18,2,13,4,14,5],\"type\":\"mesh\",\"transform\":{\"y\":-3.15,\"x\":64.45},\"slotPose\":[1,0,0,1,205.5,-198.45],\"userEdges\":[],\"width\":134,\"height\":324,\"name\":\"freetime-jk/men\",\"weights\":[4,11,0.12,12,0.03,13,0.01,5,0.84,3,11,0.6296949719626099,12,0.24383514141835902,13,0.12646988661903116,4,11,0.01,13,0.11,12,0.03,5,0.85,3,11,0.1250693088812078,13,0.6155309866211932,12,0.259399704497599,4,11,0.22,12,0.04,13,0.02,5,0.72,3,11,0.7780627922691151,12,0.15313506900345106,13,0.06880213872743385,3,11,0.89130696313136,12,0.07880292718852132,13,0.029890109680118696,3,11,0.9528955328210308,12,0.0376970500565881,13,0.00940741712238107,3,11,0.20504716303981027,12,0.73459993898536,13,0.06035289797482968,3,11,0.020791261540873122,12,0.9307686213332304,13,0.048440117125896555,3,11,0.013545404955405871,13,0.9063485655419701,12,0.0801060295026241,3,11,0.027753573659076804,13,0.8850322731659893,12,0.08721415317493393,3,11,0.07258530081779756,13,0.747672601661627,12,0.17974209752057546,3,11,0.1036115380231879,13,0.6709666950355865,12,0.22542176694122562,4,11,0.11,12,0.02,13,0.01,5,0.86,4,11,0.07,12,0.05,13,0.02,5,0.86,4,11,0.02,12,0.08,13,0.03,5,0.87,4,11,0.02,13,0.1,12,0.06,5,0.8200000000000001,4,11,0.01,13,0.11,12,0.03,5,0.85,3,11,0.1070264853265753,13,0.6466705555627917,12,0.24630295911063294,3,11,0.09544472806667571,13,0.6388289135011669,12,0.26572635843215753,3,11,0.13100170392498023,13,0.44400871645773393,12,0.42498957961728584,3,11,0.22450562015814232,12,0.5426976338003356,13,0.23279674604152206,3,11,0.419831280176713,12,0.42744594391759533,13,0.15272277590569172,3,11,0.6081278117083406,12,0.2799639534882301,13,0.11190823480342935,3,11,0.6545996288267845,12,0.23618811771665663,13,0.10921225345655887]}],\"name\":\"men\"},{\"display\":[{\"path\":\"freetime-jk/jt\",\"type\":\"image\",\"name\":\"freetime-jk/jt\",\"transform\":{\"y\":-23.7,\"x\":-9.1}}],\"name\":\"jt\"},{\"display\":[{\"path\":\"freetime-jk/qianm\",\"type\":\"image\",\"name\":\"freetime-jk/qianm\",\"transform\":{\"y\":-7.55,\"x\":-1}}],\"name\":\"qianm\"},{\"display\":[{\"path\":\"freetime-jk/kkkkk\",\"type\":\"image\",\"name\":\"freetime-jk/kkkkk\",\"transform\":{\"y\":-0.25,\"x\":-1.6}}],\"name\":\"kkkkk\"},{\"display\":[{\"path\":\"freetime-jk/zp\",\"type\":\"image\",\"name\":\"freetime-jk/zp\",\"transform\":{\"y\":-0.85,\"x\":0.15}}],\"name\":\"zp\"},{\"display\":[{\"path\":\"freetime-jk/dd\",\"type\":\"image\",\"name\":\"freetime-jk/dd\",\"transform\":{\"y\":0.4402,\"x\":1.4283}}],\"blendMode\":\"add\",\"name\":\"dd1\"},{\"display\":[{\"path\":\"freetime-jk/FREE_TIME\",\"type\":\"image\",\"name\":\"freetime-jk/FREE_TIME\",\"transform\":{\"y\":5.95,\"x\":6.75}}],\"name\":\"FREE_TIME\"},{\"display\":[{\"path\":\"freetime-jk/jkjk\",\"type\":\"image\",\"name\":\"freetime-jk/jkjk\",\"transform\":{\"y\":21.7,\"x\":-3.1}}],\"name\":\"jkjk\"}],\"name\":\"\"}],\"aabb\":{\"width\":756,\"y\":-450.0499237201196,\"height\":538,\"x\":-357.5},\"slot\":[{\"name\":\"dd\",\"parent\":\"bone8\",\"color\":{\"aM\":0}},{\"z\":1,\"name\":\"jkjk\",\"parent\":\"bone11\",\"color\":{}},{\"z\":2,\"name\":\"kkkkk\",\"parent\":\"bone3\",\"color\":{}},{\"z\":3,\"name\":\"qianm\",\"parent\":\"bone10\",\"color\":{}},{\"z\":4,\"name\":\"zp\",\"parent\":\"bone2\",\"color\":{}},{\"z\":5,\"name\":\"men\",\"parent\":\"bone4\",\"color\":{}},{\"z\":6,\"name\":\"jt\",\"parent\":\"bone9\",\"color\":{\"aM\":0}},{\"blendMode\":\"add\",\"z\":7,\"parent\":\"bone81\",\"name\":\"dd1\",\"color\":{\"aM\":0}},{\"z\":8,\"name\":\"FREE_TIME\",\"parent\":\"bone1\",\"color\":{}}],\"frameRate\":24,\"defaultActions\":[{\"gotoAndPlay\":\"newAnimation\"}],\"animation\":[{\"playTimes\":0,\"bone\":[{\"frame\":[{\"transform\":{},\"duration\":126}],\"name\":\"root\"},{\"frame\":[{\"transform\":{},\"duration\":120},{\"tweenEasing\":0,\"transform\":{},\"duration\":6},{\"transform\":{\"scY\":1.8,\"scX\":1.8},\"duration\":0}],\"name\":\"bone\"},{\"frame\":[{\"tweenEasing\":0,\"transform\":{\"scY\":1.5,\"y\":-355.8829,\"scX\":1.5},\"duration\":5},{\"transform\":{\"scY\":1.125,\"scX\":1.125},\"duration\":3},{\"tweenEasing\":0,\"transform\":{\"scY\":0.9,\"scX\":0.9},\"duration\":3},{\"tweenEasing\":0,\"transform\":{\"scY\":1.05,\"scX\":1.05},\"duration\":3},{\"transform\":{},\"duration\":112}],\"name\":\"bone1\"},{\"frame\":[{\"transform\":{},\"duration\":10},{\"tweenEasing\":0,\"transform\":{},\"duration\":5},{\"tweenEasing\":0,\"transform\":{\"skX\":15,\"skY\":15},\"duration\":5},{\"tweenEasing\":0,\"transform\":{\"skX\":30,\"skY\":30},\"duration\":5},{\"tweenEasing\":0,\"transform\":{\"skX\":40,\"skY\":40},\"duration\":5},{\"transform\":{\"skX\":55,\"skY\":55},\"duration\":96}],\"name\":\"bone2\"},{\"frame\":[{\"transform\":{},\"duration\":15},{\"tweenEasing\":0,\"transform\":{},\"duration\":5},{\"tweenEasing\":0,\"transform\":{\"skX\":-10,\"skY\":-10},\"duration\":5},{\"tweenEasing\":0,\"transform\":{\"skX\":-20,\"skY\":-20},\"duration\":5},{\"transform\":{\"skX\":-30,\"skY\":-30},\"duration\":96}],\"name\":\"bone3\"},{\"frame\":[{\"transform\":{},\"duration\":33},{\"tweenEasing\":0,\"transform\":{\"x\":-56.8949},\"duration\":17},{\"transform\":{},\"duration\":76}],\"name\":\"bone4\"},{\"frame\":[{\"transform\":{},\"duration\":29},{\"tweenEasing\":0,\"transform\":{\"x\":-45.3381},\"duration\":17},{\"tweenEasing\":0,\"transform\":{},\"duration\":4},{\"transform\":{\"x\":24.5663},\"duration\":76}],\"name\":\"bone5\"},{\"frame\":[{\"transform\":{},\"duration\":29},{\"tweenEasing\":0,\"transform\":{\"x\":-45.3381},\"duration\":17},{\"tweenEasing\":0,\"transform\":{},\"duration\":4},{\"transform\":{\"x\":24.5663},\"duration\":76}],\"name\":\"bone6\"},{\"frame\":[{\"transform\":{},\"duration\":29},{\"tweenEasing\":0,\"transform\":{\"x\":-45.3381},\"duration\":17},{\"tweenEasing\":0,\"transform\":{},\"duration\":4},{\"transform\":{\"x\":24.5663},\"duration\":76}],\"name\":\"bone7\"},{\"frame\":[{\"transform\":{},\"duration\":5},{\"tweenEasing\":0,\"transform\":{},\"duration\":48},{\"tweenEasing\":0,\"transform\":{\"skX\":90,\"skY\":90},\"duration\":67},{\"transform\":{\"skX\":180,\"skY\":180},\"duration\":6}],\"name\":\"bone8\"},{\"frame\":[{\"transform\":{},\"duration\":126}],\"name\":\"bone9\"},{\"frame\":[{\"transform\":{},\"duration\":126}],\"name\":\"bone10\"},{\"frame\":[{\"transform\":{},\"duration\":5},{\"tweenEasing\":0,\"transform\":{},\"duration\":51},{\"tweenEasing\":0,\"transform\":{\"skX\":-90,\"skY\":-90},\"duration\":64},{\"transform\":{\"skX\":-179,\"skY\":-179},\"duration\":6}],\"name\":\"bone81\"},{\"frame\":[{\"transform\":{},\"duration\":126}],\"name\":\"bone11\"}],\"slot\":[{\"frame\":[{\"tweenEasing\":0,\"color\":{\"aM\":0},\"duration\":5},{\"tweenEasing\":0,\"color\":{\"aM\":0},\"duration\":5},{\"tweenEasing\":0,\"color\":{\"aM\":44},\"duration\":43},{\"tweenEasing\":0,\"color\":{\"aM\":55},\"duration\":46},{\"tweenEasing\":0,\"color\":{\"aM\":44},\"duration\":21},{\"tweenEasing\":null,\"color\":{\"aM\":0},\"duration\":6}],\"name\":\"dd\"},{\"frame\":[{\"tweenEasing\":0,\"color\":{\"aM\":0},\"duration\":5},{\"tweenEasing\":0,\"color\":{\"aM\":0},\"duration\":15},{\"tweenEasing\":0,\"color\":{\"aM\":0},\"duration\":5},{\"tweenEasing\":0,\"duration\":95},{\"tweenEasing\":0,\"duration\":6},{\"tweenEasing\":null,\"color\":{\"aM\":0},\"duration\":0}],\"name\":\"jkjk\"},{\"frame\":[{\"tweenEasing\":0,\"color\":{\"aM\":0},\"duration\":5},{\"tweenEasing\":0,\"color\":{\"aM\":0},\"duration\":5},{\"tweenEasing\":0,\"duration\":110},{\"tweenEasing\":0,\"duration\":6},{\"tweenEasing\":null,\"color\":{\"aM\":0},\"duration\":0}],\"name\":\"kkkkk\"},{\"frame\":[{\"tweenEasing\":0,\"color\":{\"aM\":0},\"duration\":5},{\"tweenEasing\":0,\"color\":{\"aM\":0},\"duration\":5},{\"tweenEasing\":0,\"duration\":20},{\"tweenEasing\":0,\"duration\":30},{\"tweenEasing\":0,\"color\":{\"aM\":0},\"duration\":60},{\"tweenEasing\":0,\"color\":{\"aM\":0},\"duration\":6},{\"tweenEasing\":null,\"color\":{\"aM\":0},\"duration\":0}],\"name\":\"qianm\"},{\"frame\":[{\"tweenEasing\":0,\"color\":{\"aM\":0},\"duration\":5},{\"tweenEasing\":0,\"color\":{\"aM\":0},\"duration\":5},{\"tweenEasing\":0,\"duration\":20},{\"tweenEasing\":0,\"duration\":30},{\"tweenEasing\":null,\"color\":{\"aM\":0},\"duration\":66}],\"name\":\"zp\"},{\"frame\":[{\"tweenEasing\":0,\"color\":{\"aM\":0},\"duration\":33},{\"tweenEasing\":0,\"color\":{\"aM\":0},\"duration\":17},{\"tweenEasing\":0,\"duration\":70},{\"tweenEasing\":0,\"duration\":6},{\"tweenEasing\":null,\"color\":{\"aM\":0},\"duration\":0}],\"name\":\"men\"},{\"frame\":[{\"tweenEasing\":0,\"color\":{\"aM\":0},\"duration\":31},{\"tweenEasing\":0,\"color\":{\"aM\":0},\"duration\":86},{\"tweenEasing\":0,\"duration\":3},{\"tweenEasing\":0,\"duration\":6},{\"tweenEasing\":null,\"color\":{\"aM\":0},\"duration\":0}],\"name\":\"jt\"},{\"frame\":[{\"tweenEasing\":0,\"color\":{\"aM\":0},\"duration\":5},{\"tweenEasing\":0,\"duration\":115},{\"tweenEasing\":0,\"duration\":6},{\"tweenEasing\":null,\"color\":{\"aM\":0},\"duration\":0}],\"name\":\"FREE_TIME\"},{\"frame\":[{\"tweenEasing\":0,\"color\":{\"aM\":0},\"duration\":5},{\"tweenEasing\":0,\"color\":{\"aM\":0},\"duration\":5},{\"tweenEasing\":0,\"color\":{\"aM\":44},\"duration\":47},{\"tweenEasing\":0,\"color\":{\"aM\":55},\"duration\":43},{\"tweenEasing\":0,\"color\":{\"aM\":44},\"duration\":20},{\"tweenEasing\":null,\"color\":{\"aM\":0},\"duration\":6}],\"name\":\"dd1\"}],\"ffd\":[],\"frame\":[],\"ik\":[],\"name\":\"newAnimation\",\"duration\":126}]}],\"name\":\"freespin\",\"version\":\"4.0\"}"]],0,0,[],[],[]],[[{"name":"free_img8","rect":[3,3,863,112],"offset":[0,0],"originalSize":[863,112],"rotated":1,"capInsets":[0,0,0,0]}],[1],0,[0],[2],[1]]]]