[1,["ecpdLyjvZBwrvm+cedCcQy","b1nXigqeBAXoEso9iegxsA","237GZKmlVBsY7gjp53q7fc","85NWGJVKZKAZjjm5q5nNfH","84hCv6fwlLPpt2UY9j+a23","07iwwinepNrp/SYDZGg0iH","a2MjXRFdtLlYQ5ouAFv/+R","d6lMTueV5NooxlBDZrtpCj","553hzVP79MyrKFEDyrcMQ8","ebEd9sA+pMV6rFscJa5gFV","4bMHDPXZ9FMKavMWdKfbfH","0duI/DTN9BY754uCxAkkTa","d5vFrU8FhBkaphsCr0bHLq","86xZO6UW1Bs76TPbJRDrYI","f8Fx7nkJlPEpfT8ChaCF32","64wkNR10xJKLu92f9nQXio","4fvxDWWmVJ/rOzd43fH+mG","04ScwzXsNJ5J276yLy3m7C"],["node","_textureSetter","_spriteFrame","root","data","_parent","_pageView","indicator","indicator1","spriteFrame"],["cc.SpriteFrame",["cc.Node",["_name","_opacity","_components","_prefab","_contentSize","_parent","_trs","_children","_color"],1,9,4,5,1,7,2,5],["cc.Node",["_name","_parent","_components","_prefab","_contentSize","_trs","_children"],2,1,2,4,5,7,2],["cc.Widget",["_alignFlags","_originalWidth","_originalHeight","node"],0,1],["cc.PrefabInfo",["fileId","root"],2,1],["cc.Sprite",["_sizeMode","node","_materials","_spriteFrame"],2,1,3,6],["cc.Prefab",["_name"],2],["c512aoqRxNAuKzHQfqNVpxo",["node","indicator","indicator1"],3,1,6,6],["cc.Layout",["_resize","_N$layoutType","_N$paddingLeft","_N$paddingRight","_N$spacingX","_N$spacingY","node","_layoutSize"],-3,1,5],["cc.BlockInputEvents",["node"],3,1],["cc.Button",["zoomScale","_N$transition","node","clickEvents"],1,1,9],["cc.ClickEvent",["_componentId","handler","target"],1,1],["cc.Mask",["_N$alphaThreshold","node","_materials"],2,1,3],["cc.PageViewIndicator",["spacing","node","cellSize"],2,1,5],["cc.PageView",["bounceDuration","_N$sizeMode","node","_N$content","_N$indicator"],1,1,1,1]],[[4,0,1,2],[1,0,5,2,3,4,6,2],[5,1,2,3,1],[5,0,1,2,3,2],[1,0,5,7,2,3,4,6,2],[1,0,7,2,3,4,6,2],[6,0,2],[1,0,1,5,2,3,8,4,3],[1,0,5,2,3,4,2],[2,0,1,6,2,3,4,5,2],[2,0,1,2,3,4,5,2],[3,0,3,2],[3,0,1,2,3,4],[7,0,1,2,1],[4,1,1],[8,0,1,2,3,4,5,6,7,7],[9,0,1],[10,0,1,2,3,3],[11,0,1,2,3],[12,0,1,2,2],[13,0,1,2,2],[14,0,1,2,3,4,3]],[[[{"name":"page_4","rect":[0,2,912,481],"offset":[-1,0],"originalSize":[914,485],"capInsets":[0,0,0,0]}],[0],0,[0],[1],[2]],[[{"name":"page_5","rect":[0,2,927,336],"offset":[-1,0],"originalSize":[929,340],"capInsets":[0,0,0,0]}],[0],0,[0],[1],[3]],[[{"name":"PayTable2_11","rect":[0,1,94,97],"offset":[0,-0.5],"originalSize":[94,98],"capInsets":[0,0,0,0]}],[0],0,[0],[1],[4]],[[{"name":"PayTable2_1bg","rect":[10,8,1049,683],"offset":[-2,3.5],"originalSize":[1073,706],"capInsets":[0,0,0,0]}],[0],0,[0],[1],[5]],[[[6,"ruleNode"],[5,"ruleNode",[-4,-5],[[11,45,-2],[13,-3,17,18]],[14,-1],[5,1520,720],[760,360,0,0,0,0,1,1,1,1]],[5,"content",[-7,-8,-9,-10],[[15,1,1,20,20,40,15,-6,[5,3757,350]]],[0,"10Rew7MDBGOpsmjPUpnl55",1],[5,3757,350],[1419.042,0,0,0,0,0,1,1,1,1]],[4,"content",1,[-12,-13,-14],[[2,-11,[15],16]],[0,"46apkN1IFD+5Dr+hQ13n92",1],[5,1049,683],[0,-6,0,0,0,0,1,1,1,1]],[7,"bg",96,1,[[3,0,-15,[0],1],[12,45,100,100,-16],[16,-17]],[0,"ab9XmE+39Heq3MMvOZ9i61",1],[4,4278190080],[5,1520,720]],[9,"New PageView",3,[-19,-20],[-18],[0,"4fZr76l/ZFO7D10LtrX2u2",1],[5,890,500],[0,-16.658,0,0,0,0,1,1,1,1]],[4,"box_close",3,[-22],[[17,1.1,3,-21,[[18,"c512aoqRxNAuKzHQfqNVpxo","onHide",1]]]],[0,"13nlsnO/pMS4F3ZvlPVwgU",1],[5,83,86],[497.072,269.072,0,0,0,0,1,1,1,0]],[4,"view",5,[2],[[19,0,-23,[14]]],[0,"94GRZABelHAZZ7tV9vNpMS",1],[5,929,500],[0,-5,0,0,0,0,1,1,1,1]],[1,"title_paytable",3,[[2,-24,[2],3]],[0,"d4ND7ahc5ElZS5YBrEb7Hw",1],[5,302,30],[0,307.112,0,0,0,0,1,1,1,1]],[8,"box_close",6,[[2,-25,[4],5]],[0,"c2kNNRvDxAQIaafB3twsya",1],[5,94,97]],[1,"page_1",2,[[3,0,-26,[6],7]],[0,"4cgvjDI7BPSJfpPV1pXX4B",1],[5,890,460],[-1413.5,0,0,0,0,0,1,1,1,1]],[1,"page_5",2,[[2,-27,[8],9]],[0,"a9gRnRh6NLcaIUUHhCyi74",1],[5,927,336],[-465,0,0,0,0,0,1,1,1,1]],[1,"page_4",2,[[3,0,-28,[10],11]],[0,"2e3dqo/2ZOoZ6HBMoiajE7",1],[5,890,429],[483.5,0,0,0,0,0,1,1,1,1]],[1,"page_2",2,[[3,0,-29,[12],13]],[0,"ec9DyeEl5EN5RTYD/ykwp8",1],[5,890,398],[1413.5,0,0,0,0,0,1,1,1,1]],[10,"indicator",5,[-30],[0,"e0NSikWYVBzqdeiBge58sl",1],[5,100,27],[0,-256.442,0,0,0,0,1,1,1,1]],[20,30,14,[5,102,25]],[21,0.5,1,5,2,15]],0,[0,3,1,0,0,1,0,0,1,0,-1,4,0,-2,3,0,0,2,0,-1,10,0,-2,11,0,-3,12,0,-4,13,0,0,3,0,-1,8,0,-2,6,0,-3,5,0,0,4,0,0,4,0,0,4,0,-1,16,0,-1,7,0,-2,14,0,0,6,0,-1,9,0,0,7,0,0,8,0,0,9,0,0,10,0,0,11,0,0,12,0,0,13,0,-1,15,0,4,1,2,5,7,15,6,16,30],[0,0,0,0,0,0,0,0,0,0,0,0,0,0,0,0,0,0,0,15],[-1,2,-1,2,-1,2,-1,2,-1,2,-1,2,-1,2,-1,-1,2,7,8,9],[0,6,0,7,0,8,0,9,0,10,0,11,0,12,0,0,13,1,1,1]],[[{"name":"rule5","rect":[0,0,92,15],"offset":[0,0],"originalSize":[92,15],"capInsets":[0,0,0,0]}],[0],0,[0],[1],[14]],[[{"name":"rule4","rect":[9,7,900,453],"offset":[0,0.5],"originalSize":[918,468],"capInsets":[0,0,0,0]}],[0],0,[0],[1],[15]],[[{"name":"PayTable2_1","rect":[5,8,295,28],"offset":[1,-1.5],"originalSize":[303,41],"capInsets":[0,0,0,0]}],[0],0,[0],[1],[16]],[[{"name":"rule1","rect":[2,2,880,512],"offset":[0,0],"originalSize":[884,516],"capInsets":[0,0,0,0]}],[0],0,[0],[1],[17]]]]