[1,["ecpdLyjvZBwrvm+cedCcQy","a2MjXRFdtLlYQ5ouAFv/+R","36zvpBX3ZKXa44TY0djLNh","4b07ANd0RKSJq8G6VO1hdQ","3afHRCJrpMgJ6sN+0NFmeQ","85pH6B76VMG4KnN7hS1MuI","d4gArA6GxHrKzy1lWgj8Uf","a8j3Er73JMsZtbxucWAp/A","6eyQ16OWhPpa5aur4fgF/N","36ueaTIctPKZ9lhUxYse+A"],["node","_spriteFrame","_N$file","_parent","root","data","_N$dragonAsset","_N$dragonAtlasAsset"],[["cc.Node",["_name","_active","_opacity","_prefab","_contentSize","_trs","_parent","_children","_components","_color","_anchorPoint"],0,4,5,7,1,2,9,5,5],["cc.Widget",["_alignFlags","_originalWidth","_originalHeight","node"],0,1],["cc.PrefabInfo",["fileId","root"],2,1],["cc.Sprite",["_sizeMode","node","_materials","_spriteFrame"],2,1,3,6],["cc.Label",["_fontSize","_isSystemFontUsed","_N$horizontalAlign","_N$verticalAlign","_string","_enableWrapText","node","_materials","_N$file"],-3,1,3,6],["dragonBones.DragonBonesAsset",["_name","_dragonBonesJson"],1],["cc.Prefab",["_name"],2],["cc.BlockInputEvents",["node"],3,1],["cc.Button",["zoomScale","_N$transition","node"],1,1],["dragonBones.ArmatureDisplay",["_armatureName","_animationName","_preCacheMode","playTimes","_armatureKey","node","_materials","_N$dragonAsset","_N$dragonAtlasAsset"],-2,1,3,6,6]],[[2,0,1,2],[0,0,6,8,3,4,5,2],[3,1,2,3,1],[8,0,1,2,3],[0,0,1,7,8,3,4,5,3],[4,4,0,1,2,3,6,7,8,6],[5,0,1,3],[6,0,2],[0,0,2,6,8,3,9,4,3],[0,0,6,7,3,2],[0,0,7,8,3,4,5,2],[0,0,1,6,7,3,5,3],[0,0,1,6,7,3,4,5,3],[0,0,6,8,3,4,10,5,2],[1,0,3,2],[1,0,1,2,3,4],[2,1,1],[3,0,1,2,3,2],[7,0,1],[9,0,1,2,3,4,5,6,7,8,6],[4,0,5,1,2,3,6,7,8,6]],[[[[6,"megawin-jk_ske","{\"frameRate\":24,\"isGlobal\":0,\"armature\":[{\"bone\":[{\"name\":\"root\",\"transform\":{}},{\"transform\":{\"y\":-160.6,\"x\":-6.7593},\"name\":\"bone\",\"parent\":\"root\"},{\"transform\":{},\"name\":\"bone1\",\"parent\":\"bone\"},{\"transform\":{},\"name\":\"bone2\",\"parent\":\"bone\"},{\"transform\":{\"x\":-0.8233},\"name\":\"bone3\",\"parent\":\"bone\"},{\"transform\":{\"y\":107.5,\"x\":-0.1907},\"name\":\"bone4\",\"parent\":\"bone\"}],\"animation\":[{\"ik\":[],\"playTimes\":0,\"bone\":[{\"frame\":[{\"transform\":{},\"duration\":45}],\"name\":\"root\"},{\"frame\":[{\"transform\":{},\"duration\":45}],\"name\":\"bone\"},{\"frame\":[{\"tweenEasing\":0,\"transform\":{\"x\":-607.9198},\"duration\":5},{\"tweenEasing\":0,\"transform\":{},\"duration\":3},{\"tweenEasing\":0,\"transform\":{\"x\":35.8228},\"duration\":3},{\"tweenEasing\":0,\"transform\":{\"x\":-24.2405},\"duration\":2},{\"transform\":{},\"duration\":32}],\"name\":\"bone1\"},{\"frame\":[{\"transform\":{},\"duration\":8},{\"tweenEasing\":0,\"transform\":{},\"duration\":10},{\"tweenEasing\":0,\"transform\":{\"skX\":20,\"skY\":20},\"duration\":9},{\"tweenEasing\":0,\"transform\":{\"skX\":40,\"skY\":40},\"duration\":9},{\"tweenEasing\":0,\"transform\":{\"skX\":60,\"skY\":60},\"duration\":9},{\"transform\":{\"skX\":80,\"skY\":80},\"duration\":0}],\"name\":\"bone2\"},{\"frame\":[{\"transform\":{},\"duration\":8},{\"tweenEasing\":0,\"transform\":{},\"duration\":10},{\"tweenEasing\":0,\"transform\":{\"scY\":1.2632,\"skX\":-20,\"skY\":-20,\"scX\":1.2632},\"duration\":9},{\"tweenEasing\":0,\"transform\":{\"scY\":1.5,\"skX\":-40,\"skY\":-40,\"scX\":1.5},\"duration\":9},{\"tweenEasing\":0,\"transform\":{\"scY\":1.5,\"skX\":-60,\"skY\":-60,\"scX\":1.5},\"duration\":9},{\"transform\":{\"scY\":1.5,\"skX\":-80,\"skY\":-80,\"scX\":1.5},\"duration\":0}],\"name\":\"bone3\"},{\"frame\":[{\"tweenEasing\":0,\"transform\":{\"x\":534.9794},\"duration\":5},{\"tweenEasing\":0,\"transform\":{},\"duration\":3},{\"tweenEasing\":0,\"transform\":{\"x\":-34.1772},\"duration\":3},{\"tweenEasing\":0,\"transform\":{\"x\":32.0253},\"duration\":2},{\"transform\":{},\"duration\":32}],\"name\":\"bone4\"}],\"slot\":[{\"frame\":[{\"tweenEasing\":0,\"color\":{\"aM\":0},\"duration\":5},{\"tweenEasing\":0,\"color\":{\"aM\":0},\"duration\":10},{\"tweenEasing\":0,\"duration\":22},{\"tweenEasing\":0,\"duration\":8},{\"tweenEasing\":null,\"color\":{\"aM\":0},\"duration\":0}],\"name\":\"zhuang\"},{\"frame\":[{\"tweenEasing\":0,\"color\":{\"aM\":0},\"duration\":4},{\"tweenEasing\":0,\"color\":{\"aM\":0},\"duration\":6},{\"tweenEasing\":null,\"duration\":35}],\"name\":\"zpan\"},{\"frame\":[{\"tweenEasing\":0,\"color\":{\"aM\":0},\"duration\":5},{\"tweenEasing\":null,\"duration\":40}],\"name\":\"dz\"},{\"frame\":[{\"tweenEasing\":0,\"color\":{\"aM\":0},\"duration\":5},{\"tweenEasing\":null,\"duration\":40}],\"name\":\"MEGA-WIN\"}],\"ffd\":[],\"frame\":[],\"name\":\"newAnimation\",\"duration\":45}],\"type\":\"Armature\",\"ik\":[],\"aabb\":{\"width\":736,\"y\":-370.6287662283996,\"height\":419,\"x\":-374.7593148395403},\"skin\":[{\"slot\":[{\"display\":[{\"path\":\"BIGWIN_jk/zhuang\",\"type\":\"image\",\"name\":\"BIGWIN_jk/zhuang\",\"transform\":{\"y\":-0.5288,\"x\":1.0247}}],\"blendMode\":\"add\",\"name\":\"zhuang\"},{\"display\":[{\"path\":\"BIGWIN_jk/dz\",\"type\":\"image\",\"name\":\"BIGWIN_jk/dz\",\"transform\":{\"y\":1.15,\"x\":-1.55}}],\"name\":\"dz\"},{\"display\":[{\"path\":\"BIGWIN_jk/MEGA-WIN\",\"type\":\"image\",\"name\":\"BIGWIN_jk/MEGA-WIN\",\"transform\":{}}],\"name\":\"MEGA-WIN\"},{\"display\":[{\"path\":\"BIGWIN_jk/zpan\",\"type\":\"image\",\"name\":\"BIGWIN_jk/zpan\",\"transform\":{\"y\":0.65,\"x\":-2.2407}}],\"name\":\"zpan\"}],\"name\":\"\"}],\"defaultActions\":[{\"gotoAndPlay\":\"newAnimation\"}],\"slot\":[{\"blendMode\":\"add\",\"parent\":\"bone3\",\"name\":\"zhuang\",\"color\":{}},{\"z\":1,\"name\":\"zpan\",\"parent\":\"bone2\",\"color\":{}},{\"z\":2,\"name\":\"dz\",\"parent\":\"bone4\",\"color\":{}},{\"z\":3,\"name\":\"MEGA-WIN\",\"parent\":\"bone1\",\"color\":{}}],\"name\":\"Armature\",\"frameRate\":24}],\"name\":\"megawin-jk\",\"version\":\"4.0\"}"]],0,0,[],[],[]],[[[7,"megaWinNode"],[4,"megaWinNode",false,[-3,-4],[[14,45,-2]],[16,-1],[5,1520,720],[760,360,0,0,0,0,1,1,1,1]],[8,"bg",160,1,[[17,0,-5,[0],1],[15,45,100,100,-6],[18,-7]],[0,"b97DKNeNZDYKzSN3v5KGrU",1],[4,4278190080],[5,1520,720]],[9,"node",1,[-8,-9,-10],[0,"fcWemAL/FJPZ0+WjpYvxX/",1]],[4,"WinCloseBtn",false,[-13],[[2,-11,[7],8],[3,1.1,3,-12]],[0,"e9O8Eq0Q5PXYi2euoYEL75",1],[5,210,77],[0,-185.325,0,0,0,0,1,1,1,0]],[10,"luckbtn",[-16],[[2,-14,[15],16],[3,1.1,3,-15]],[0,"4e33JxDZxH24Lkobb5SevF",1],[5,245,88],[150,0,0,0,0,0,1,1,1,0]],[11,"winConten",false,3,[4,-17],[0,"c71FSc8DRNi5WWfZcc+kOX",1],[0,50.986,0,0,0,0,1,1,1,1]],[12,"luckyBall",false,3,[-18,5],[0,"520FHjolFJqpGBjX4C2VcS",1],[5,100,50],[-34,-227.014,0,0,0,0,1,1,1,0]],[1,"closebtn",7,[[2,-19,[11],12],[3,1.1,3,-20]],[0,"42hMj0zPJKmZ1aW0AcCTxm",1],[5,227,86],[-150,0,0,0,0,0,1,1,1,0]],[1,"win",3,[[19,"Armature","newAnimation",0,1,"36cefa41-5f76-4a5d-ae38-4d8d1d8cb361#4bd3b00d-7744-4a48-9abc-1ba54ed61750",-21,[2],3,4]],[0,"c4R1MiPFNMD5f4eQ0hiDTR",1],[5,736,419],[0,-59.962,0,0,0,0,1,1,1,1]],[1,"WinTimeLabel",4,[[5,"10",28,false,1,1,-22,[5],6]],[0,"34Dwllg0dOYqYpaNCn95VP",1],[5,33.25,40],[51.148,25.608,0,0,0,0,1,1,1,1]],[13,"WinLabel",6,[[20,35,false,false,1,2,-23,[9],10]],[0,"65HyhxvEpLDa9T3lZbJRlA",1],[5,175,40],[0,0.5,1],[0,-31.448,0,0,0,0,1,1,1,1]],[1,"timeLab",5,[[5,"1",25,false,1,1,-24,[13],14]],[0,"114NCdOl9OHLLS4DvQRwIV",1],[5,16.41,40],[78.317,-7.367,0,0,0,0,1,1,1,1]]],0,[0,4,1,0,0,1,0,-1,2,0,-2,3,0,0,2,0,0,2,0,0,2,0,-1,9,0,-2,6,0,-3,7,0,0,4,0,0,4,0,-1,10,0,0,5,0,0,5,0,-1,12,0,-2,11,0,-1,8,0,0,8,0,0,8,0,0,9,0,0,10,0,0,11,0,0,12,0,5,1,4,3,6,5,3,7,24],[0,0,0,0,0,0,0,0,0,0,0,0,0,0,0,0,0],[-1,1,-1,6,7,-1,2,-1,1,-1,2,-1,1,-1,2,-1,1],[0,1,0,2,3,0,4,0,5,0,6,0,7,0,8,0,9]]]]