[1,0,0,[["dragonBones.DragonBonesAsset",["_name","_dragonBonesJson"],1]],[[0,0,1,3]],[[0,"money_ske","{\"frameRate\":24,\"isGlobal\":0,\"armature\":[{\"ik\":[],\"bone\":[{\"name\":\"root\",\"transform\":{}},{\"transform\":{\"scY\":0.9,\"scX\":0.9},\"name\":\"bone\",\"parent\":\"root\"},{\"transform\":{},\"name\":\"jb1\",\"parent\":\"bone\"},{\"transform\":{},\"name\":\"bone2\",\"parent\":\"bone\"},{\"transform\":{},\"name\":\"bone3\",\"parent\":\"bone\"},{\"transform\":{},\"name\":\"jb11\",\"parent\":\"bone\"},{\"transform\":{},\"name\":\"jb111\",\"parent\":\"bone\"},{\"transform\":{},\"name\":\"jb12\",\"parent\":\"bone\"},{\"transform\":{},\"name\":\"jb112\",\"parent\":\"bone\"},{\"transform\":{},\"name\":\"jb113\",\"parent\":\"bone\"},{\"transform\":{},\"name\":\"jb1111\",\"parent\":\"bone\"},{\"transform\":{},\"name\":\"jb1112\",\"parent\":\"bone\"},{\"transform\":{},\"name\":\"jb11121\",\"parent\":\"bone\"},{\"transform\":{},\"name\":\"zzz\",\"parent\":\"bone\"},{\"transform\":{},\"name\":\"bbbb\",\"parent\":\"bone\"}],\"aabb\":{\"width\":755,\"y\":-104.19904244143949,\"height\":202,\"x\":-381.76538992191934},\"type\":\"Armature\",\"frameRate\":24,\"defaultActions\":[{\"gotoAndPlay\":\"newAnimation\"}],\"animation\":[{\"ik\":[],\"playTimes\":0,\"bone\":[{\"frame\":[{\"transform\":{},\"duration\":21}],\"name\":\"root\"},{\"frame\":[{\"transform\":{},\"duration\":21}],\"name\":\"bone\"},{\"frame\":[{\"tweenEasing\":0,\"transform\":{},\"duration\":3},{\"tweenEasing\":0,\"transform\":{\"scY\":1.1333,\"y\":-30,\"skX\":30,\"skY\":30,\"scX\":1.1333,\"x\":-70},\"duration\":4},{\"tweenEasing\":0,\"transform\":{\"scY\":1.3111,\"y\":-60,\"skX\":70,\"skY\":70,\"scX\":1.3111,\"x\":-140},\"duration\":2},{\"tweenEasing\":0,\"transform\":{\"scY\":1.4,\"y\":-71.0182,\"skX\":90,\"skY\":90,\"scX\":1.4,\"x\":-186.6667},\"duration\":1},{\"tweenEasing\":0,\"transform\":{\"scY\":1.3556,\"y\":-76.5273,\"skX\":100,\"skY\":100,\"scX\":1.3556,\"x\":-210},\"duration\":4},{\"tweenEasing\":0,\"transform\":{\"scY\":1.1778,\"y\":-83.1706,\"skX\":140,\"skY\":140,\"scX\":1.1778,\"x\":-272.9527},\"duration\":4},{\"transform\":{\"y\":-48.2144,\"skX\":180,\"skY\":180,\"x\":-352.9617},\"duration\":3}],\"name\":\"jb1\"},{\"frame\":[{\"tweenEasing\":0,\"transform\":{},\"duration\":9},{\"transform\":{\"scY\":3,\"scX\":3},\"duration\":12}],\"name\":\"bone2\"},{\"frame\":[{\"tweenEasing\":0,\"transform\":{},\"duration\":9},{\"transform\":{\"scY\":4,\"skX\":35,\"skY\":35,\"scX\":4},\"duration\":12}],\"name\":\"bone3\"},{\"frame\":[{\"tweenEasing\":0,\"transform\":{},\"duration\":2},{\"tweenEasing\":0,\"transform\":{},\"duration\":3},{\"tweenEasing\":0,\"transform\":{\"scY\":1.15,\"y\":-62.2712,\"skX\":-67.5,\"skY\":-67.5,\"scX\":1.15,\"x\":-32.0133},\"duration\":1},{\"tweenEasing\":0,\"transform\":{\"scY\":1.2,\"y\":-74.7088,\"skX\":-90,\"skY\":-90,\"scX\":1.2,\"x\":-44.1533},\"duration\":3},{\"tweenEasing\":0,\"transform\":{\"scY\":1.35,\"y\":-112.0215,\"skX\":-135,\"skY\":-135,\"scX\":1.35,\"x\":-80.5733},\"duration\":1},{\"tweenEasing\":0,\"transform\":{\"scY\":1.4,\"y\":-121.2795,\"skX\":-150,\"skY\":-150,\"scX\":1.4,\"x\":-95.9923},\"duration\":2},{\"tweenEasing\":0,\"transform\":{\"scY\":1.3111,\"y\":-139.7954,\"skX\":-180,\"skY\":-180,\"scX\":1.3111,\"x\":-126.8304},\"duration\":2},{\"tweenEasing\":0,\"transform\":{\"scY\":1.2222,\"y\":-132.9773,\"skX\":-205.7143,\"skY\":-205.7143,\"scX\":1.2222,\"x\":-169.0526},\"duration\":2},{\"tweenEasing\":0,\"transform\":{\"scY\":1.1333,\"y\":-116.2158,\"skX\":-231.4286,\"skY\":-231.4286,\"scX\":1.1333,\"x\":-200.176},\"duration\":3},{\"transform\":{\"y\":-39.4189,\"skX\":90,\"skY\":90,\"x\":-263.1289},\"duration\":2}],\"name\":\"jb11\"},{\"frame\":[{\"tweenEasing\":0,\"transform\":{},\"duration\":2},{\"tweenEasing\":0,\"transform\":{},\"duration\":2},{\"tweenEasing\":0,\"transform\":{\"scY\":1.1,\"y\":-62.1277,\"skX\":45,\"skY\":45,\"scX\":1.1,\"x\":38.6454},\"duration\":2},{\"tweenEasing\":0,\"transform\":{\"scY\":1.2,\"y\":-78.5046,\"skX\":90,\"skY\":90,\"scX\":1.2,\"x\":54.1035},\"duration\":2},{\"tweenEasing\":0,\"transform\":{\"scY\":1.3,\"y\":-94.8816,\"skX\":120,\"skY\":120,\"scX\":1.3,\"x\":69.5617},\"duration\":2},{\"tweenEasing\":0,\"transform\":{\"scY\":1.4,\"y\":-119.447,\"skX\":150,\"skY\":150,\"scX\":1.4,\"x\":102.3607},\"duration\":2},{\"tweenEasing\":0,\"transform\":{\"scY\":1.3111,\"y\":-120.1256,\"skX\":-180,\"skY\":-180,\"scX\":1.3111,\"x\":121.9027},\"duration\":2},{\"tweenEasing\":0,\"transform\":{\"scY\":1.2222,\"y\":-120.8041,\"skX\":-154.2857,\"skY\":-154.2857,\"scX\":1.2222,\"x\":141.4447},\"duration\":2},{\"tweenEasing\":0,\"transform\":{\"scY\":1.1333,\"y\":-96.8606,\"skX\":-128.5714,\"skY\":-128.5714,\"scX\":1.1333,\"x\":175.9951},\"duration\":3},{\"transform\":{\"y\":-43.8815,\"skX\":-90,\"skY\":-90,\"x\":198.7194},\"duration\":2}],\"name\":\"jb111\"},{\"frame\":[{\"tweenEasing\":0,\"transform\":{},\"duration\":2},{\"tweenEasing\":0,\"transform\":{},\"duration\":4},{\"tweenEasing\":0,\"transform\":{\"scY\":1.1778,\"y\":-14.8957,\"skX\":40,\"skY\":40,\"scX\":1.1778,\"x\":-70},\"duration\":3},{\"tweenEasing\":0,\"transform\":{\"scY\":1.3111,\"y\":-33.9108,\"skX\":70,\"skY\":70,\"scX\":1.3111,\"x\":-140},\"duration\":2},{\"tweenEasing\":0,\"transform\":{\"scY\":1.4,\"y\":-34.7939,\"skX\":90,\"skY\":90,\"scX\":1.4,\"x\":-175},\"duration\":2},{\"tweenEasing\":0,\"transform\":{\"scY\":1.3111,\"y\":-35.677,\"skX\":110,\"skY\":110,\"scX\":1.3111,\"x\":-210},\"duration\":3},{\"tweenEasing\":0,\"transform\":{\"scY\":1.1778,\"y\":-19.1685,\"skX\":140,\"skY\":140,\"scX\":1.1778,\"x\":-273.1344},\"duration\":4},{\"transform\":{\"y\":20.4162,\"skX\":180,\"skY\":180,\"x\":-340.3882},\"duration\":1}],\"name\":\"jb12\"},{\"frame\":[{\"tweenEasing\":0,\"transform\":{},\"duration\":6},{\"tweenEasing\":0,\"transform\":{},\"duration\":4},{\"tweenEasing\":0,\"transform\":{\"scY\":1.2,\"y\":-41.8359,\"skX\":-90,\"skY\":-90,\"scX\":1.2,\"x\":-27.3071},\"duration\":4},{\"tweenEasing\":0,\"transform\":{\"scY\":1.4,\"y\":-76.8062,\"skX\":-162,\"skY\":-162,\"scX\":1.4,\"x\":-54.6141},\"duration\":1},{\"tweenEasing\":0,\"transform\":{\"scY\":1.3429,\"y\":-64.4422,\"skX\":-180,\"skY\":-180,\"scX\":1.3429,\"x\":-64.5967},\"duration\":2},{\"tweenEasing\":0,\"transform\":{\"scY\":1.2286,\"y\":-39.7142,\"skX\":-210,\"skY\":-210,\"scX\":1.2286,\"x\":-84.5618},\"duration\":4},{\"transform\":{\"y\":28.9624,\"skX\":90,\"skY\":90,\"x\":-119.5007},\"duration\":0}],\"name\":\"jb112\"},{\"frame\":[{\"tweenEasing\":0,\"transform\":{},\"duration\":2},{\"tweenEasing\":0,\"transform\":{},\"duration\":2},{\"tweenEasing\":0,\"transform\":{\"scY\":1.0353,\"y\":-55.1137,\"skX\":45,\"skY\":45,\"scX\":1.0353,\"x\":-36.5328},\"duration\":2},{\"tweenEasing\":0,\"transform\":{\"scY\":1.0706,\"y\":-72.1329,\"skX\":90,\"skY\":90,\"scX\":1.0706,\"x\":-48.2689},\"duration\":2},{\"tweenEasing\":0,\"transform\":{\"scY\":1.1059,\"y\":-89.152,\"skX\":120,\"skY\":120,\"scX\":1.1059,\"x\":-60.0049},\"duration\":2},{\"tweenEasing\":0,\"transform\":{\"scY\":1.1412,\"y\":-93.3143,\"skX\":150,\"skY\":150,\"scX\":1.1412,\"x\":-112.8359},\"duration\":2},{\"tweenEasing\":0,\"transform\":{\"scY\":1.1765,\"y\":-88.2794,\"skX\":-180,\"skY\":-180,\"scX\":1.1765,\"x\":-126.7625},\"duration\":2},{\"tweenEasing\":0,\"transform\":{\"scY\":1.2118,\"y\":-83.2446,\"skX\":-154.2857,\"skY\":-154.2857,\"scX\":1.2118,\"x\":-140.689},\"duration\":2},{\"tweenEasing\":0,\"transform\":{\"scY\":1.2471,\"y\":-53.9512,\"skX\":-128.5714,\"skY\":-128.5714,\"scX\":1.2471,\"x\":-169.2288},\"duration\":3},{\"transform\":{\"scY\":1.3,\"y\":-16.4191,\"skX\":-90,\"skY\":-90,\"scX\":1.3,\"x\":-195.0222},\"duration\":2}],\"name\":\"jb113\"},{\"frame\":[{\"tweenEasing\":0,\"transform\":{},\"duration\":3},{\"tweenEasing\":0,\"transform\":{},\"duration\":4},{\"tweenEasing\":0,\"transform\":{\"scY\":1.1778,\"y\":-45.999,\"skX\":72,\"skY\":72,\"scX\":1.1778,\"x\":65.2297},\"duration\":1},{\"tweenEasing\":0,\"transform\":{\"scY\":1.2222,\"y\":-50.6332,\"skX\":90,\"skY\":90,\"scX\":1.2222,\"x\":81.5372},\"duration\":3},{\"tweenEasing\":0,\"transform\":{\"scY\":1.3556,\"y\":-64.5357,\"skX\":135,\"skY\":135,\"scX\":1.3556,\"x\":130.4595},\"duration\":1},{\"tweenEasing\":0,\"transform\":{\"scY\":1.4,\"y\":-62.586,\"skX\":150,\"skY\":150,\"scX\":1.4,\"x\":144.5092},\"duration\":2},{\"tweenEasing\":0,\"transform\":{\"scY\":1.3111,\"y\":-58.6867,\"skX\":-180,\"skY\":-180,\"scX\":1.3111,\"x\":172.6088},\"duration\":2},{\"tweenEasing\":0,\"transform\":{\"scY\":1.2222,\"y\":-54.7873,\"skX\":-154.2857,\"skY\":-154.2857,\"scX\":1.2222,\"x\":200.7083},\"duration\":5},{\"transform\":{\"y\":-26.031,\"skX\":-90,\"skY\":-90,\"x\":260.9216},\"duration\":0}],\"name\":\"jb1111\"},{\"frame\":[{\"tweenEasing\":0,\"transform\":{},\"duration\":3},{\"tweenEasing\":0,\"transform\":{},\"duration\":4},{\"tweenEasing\":0,\"transform\":{\"scY\":1.16,\"y\":-74.2166,\"skX\":60,\"skY\":60,\"scX\":1.16,\"x\":22.4228},\"duration\":2},{\"tweenEasing\":0,\"transform\":{\"scY\":1.24,\"y\":-105.3861,\"skX\":90,\"skY\":90,\"scX\":1.24,\"x\":35.5405},\"duration\":1},{\"tweenEasing\":0,\"transform\":{\"scY\":1.28,\"y\":-120.9708,\"skX\":112.5,\"skY\":112.5,\"scX\":1.28,\"x\":42.0993},\"duration\":3},{\"tweenEasing\":0,\"transform\":{\"scY\":1.4,\"y\":-97.4485,\"skX\":-180,\"skY\":-180,\"scX\":1.4,\"x\":61.0308},\"duration\":4},{\"tweenEasing\":0,\"transform\":{\"scY\":1.2,\"y\":-43.5459,\"skX\":-90,\"skY\":-90,\"scX\":1.2,\"x\":82.0219},\"duration\":4},{\"transform\":{\"y\":26.8341,\"x\":107.2819},\"duration\":0}],\"name\":\"jb1112\"},{\"frame\":[{\"tweenEasing\":0,\"transform\":{},\"duration\":3},{\"tweenEasing\":0,\"transform\":{},\"duration\":4},{\"tweenEasing\":0,\"transform\":{\"scY\":1.16,\"y\":-66.0733,\"skX\":60,\"skY\":60,\"scX\":1.16,\"x\":104.8735},\"duration\":2},{\"tweenEasing\":0,\"transform\":{\"scY\":1.24,\"y\":-74.2293,\"skX\":90,\"skY\":90,\"scX\":1.24,\"x\":143.5541},\"duration\":4},{\"tweenEasing\":0,\"transform\":{\"scY\":1.4,\"y\":-90.5413,\"skX\":-180,\"skY\":-180,\"scX\":1.4,\"x\":220.9152},\"duration\":2},{\"tweenEasing\":0,\"transform\":{\"scY\":1.3,\"y\":-98.6973,\"skX\":-135,\"skY\":-135,\"scX\":1.3,\"x\":259.5958},\"duration\":2},{\"tweenEasing\":0,\"transform\":{\"scY\":1.2,\"y\":-77.6775,\"skX\":-90,\"skY\":-90,\"scX\":1.2,\"x\":284.7042},\"duration\":4},{\"transform\":{\"y\":-35.6378,\"x\":334.9211},\"duration\":0}],\"name\":\"jb11121\"},{\"frame\":[{\"tweenEasing\":0,\"transform\":{\"scY\":0.5,\"scX\":0.5},\"duration\":6},{\"tweenEasing\":0,\"transform\":{\"scY\":4,\"skX\":100,\"skY\":100,\"scX\":4},\"duration\":2},{\"transform\":{\"scY\":4.5,\"skX\":140,\"skY\":140,\"scX\":4.5},\"duration\":13}],\"name\":\"zzz\"},{\"frame\":[{\"tweenEasing\":0,\"transform\":{\"scY\":0.01,\"scX\":0.01},\"duration\":6},{\"tweenEasing\":0,\"transform\":{\"scY\":1.8,\"scX\":1.8},\"duration\":3},{\"transform\":{\"scY\":2.2,\"scX\":2.2},\"duration\":12}],\"name\":\"bbbb\"}],\"slot\":[{\"frame\":[{\"tweenEasing\":0,\"color\":{\"aM\":0},\"duration\":3},{\"tweenEasing\":0,\"duration\":7},{\"tweenEasing\":0,\"duration\":8},{\"tweenEasing\":null,\"color\":{\"aM\":0},\"duration\":3}],\"name\":\"$\"},{\"frame\":[{\"tweenEasing\":0,\"color\":{\"aM\":0},\"duration\":3},{\"tweenEasing\":0,\"duration\":2},{\"tweenEasing\":0,\"duration\":4},{\"tweenEasing\":null,\"color\":{\"aM\":0},\"duration\":12}],\"name\":\"ggggg\"},{\"frame\":[{\"tweenEasing\":0,\"color\":{\"aM\":0},\"duration\":3},{\"tweenEasing\":0,\"duration\":6},{\"tweenEasing\":null,\"color\":{\"aM\":0},\"duration\":12}],\"name\":\"gg\"},{\"frame\":[{\"tweenEasing\":0,\"color\":{\"aM\":0},\"duration\":2},{\"tweenEasing\":0,\"color\":{\"aM\":0},\"duration\":2},{\"tweenEasing\":0,\"duration\":8},{\"tweenEasing\":0,\"duration\":7},{\"tweenEasing\":null,\"color\":{\"aM\":0},\"duration\":2}],\"name\":\"$1\"},{\"frame\":[{\"tweenEasing\":0,\"color\":{\"aM\":0},\"duration\":2},{\"tweenEasing\":0,\"color\":{\"aM\":0},\"duration\":2},{\"tweenEasing\":0,\"duration\":8},{\"tweenEasing\":0,\"duration\":7},{\"tweenEasing\":null,\"color\":{\"aM\":0},\"duration\":2}],\"name\":\"$11\"},{\"frame\":[{\"tweenEasing\":0,\"color\":{\"aM\":0},\"duration\":2},{\"tweenEasing\":0,\"color\":{\"aM\":0},\"duration\":3},{\"tweenEasing\":0,\"duration\":8},{\"tweenEasing\":0,\"duration\":7},{\"tweenEasing\":null,\"color\":{\"aM\":0},\"duration\":1}],\"name\":\"$2\"},{\"frame\":[{\"tweenEasing\":0,\"color\":{\"aM\":0},\"duration\":6},{\"tweenEasing\":0,\"color\":{\"aM\":0},\"duration\":3},{\"tweenEasing\":0,\"duration\":6},{\"tweenEasing\":0,\"duration\":6},{\"tweenEasing\":null,\"color\":{\"aM\":0},\"duration\":0}],\"name\":\"$12\"},{\"frame\":[{\"tweenEasing\":0,\"color\":{\"aM\":0},\"duration\":2},{\"tweenEasing\":0,\"color\":{\"aM\":0},\"duration\":2},{\"tweenEasing\":0,\"duration\":8},{\"tweenEasing\":0,\"duration\":7},{\"tweenEasing\":null,\"color\":{\"aM\":0},\"duration\":2}],\"name\":\"$13\"},{\"frame\":[{\"tweenEasing\":0,\"color\":{\"aM\":0},\"duration\":3},{\"tweenEasing\":0,\"color\":{\"aM\":0},\"duration\":3},{\"tweenEasing\":0,\"duration\":8},{\"tweenEasing\":0,\"duration\":7},{\"tweenEasing\":null,\"color\":{\"aM\":0},\"duration\":0}],\"name\":\"$111\"},{\"frame\":[{\"tweenEasing\":0,\"color\":{\"aM\":0},\"duration\":3},{\"tweenEasing\":0,\"color\":{\"aM\":0},\"duration\":3},{\"tweenEasing\":0,\"duration\":8},{\"tweenEasing\":0,\"duration\":7},{\"tweenEasing\":null,\"color\":{\"aM\":0},\"duration\":0}],\"name\":\"$112\"},{\"frame\":[{\"tweenEasing\":0,\"color\":{\"aM\":0},\"duration\":3},{\"tweenEasing\":0,\"color\":{\"aM\":0},\"duration\":3},{\"tweenEasing\":0,\"duration\":8},{\"tweenEasing\":0,\"duration\":7},{\"tweenEasing\":null,\"color\":{\"aM\":0},\"duration\":0}],\"name\":\"$1121\"},{\"frame\":[{\"tweenEasing\":0,\"duration\":3},{\"tweenEasing\":0,\"duration\":5},{\"tweenEasing\":null,\"color\":{\"aM\":0},\"duration\":13}],\"name\":\"zzz\"},{\"frame\":[{\"tweenEasing\":0,\"color\":{\"aM\":0},\"duration\":5},{\"tweenEasing\":0,\"duration\":7},{\"tweenEasing\":null,\"color\":{\"aM\":0},\"duration\":9}],\"name\":\"gg1\"}],\"ffd\":[],\"frame\":[],\"name\":\"newAnimation\",\"duration\":21}],\"slot\":[{\"name\":\"$\",\"parent\":\"jb1\",\"color\":{\"aM\":0}},{\"z\":1,\"name\":\"ggggg\",\"parent\":\"bone3\",\"color\":{\"aM\":0}},{\"z\":2,\"name\":\"gg1\",\"parent\":\"bbbb\",\"color\":{}},{\"blendMode\":\"add\",\"z\":3,\"parent\":\"zzz\",\"name\":\"zzz\",\"color\":{}},{\"blendMode\":\"add\",\"z\":4,\"parent\":\"bone2\",\"name\":\"gg\",\"color\":{\"aM\":0}},{\"z\":5,\"name\":\"$1\",\"parent\":\"jb11\",\"color\":{\"aM\":0}},{\"z\":6,\"name\":\"$11\",\"parent\":\"jb111\",\"color\":{\"aM\":0}},{\"z\":7,\"name\":\"$2\",\"parent\":\"jb12\",\"color\":{\"aM\":0}},{\"z\":8,\"name\":\"$12\",\"parent\":\"jb112\",\"color\":{\"aM\":0}},{\"z\":9,\"name\":\"$13\",\"parent\":\"jb113\",\"color\":{\"aM\":0}},{\"z\":10,\"name\":\"$111\",\"parent\":\"jb1111\",\"color\":{\"aM\":0}},{\"z\":11,\"name\":\"$112\",\"parent\":\"jb1112\",\"color\":{\"aM\":0}},{\"z\":12,\"name\":\"$1121\",\"parent\":\"jb11121\",\"color\":{\"aM\":0}}],\"name\":\"Armature\",\"skin\":[{\"slot\":[{\"display\":[{\"path\":\"$\",\"type\":\"image\",\"name\":\"$\",\"transform\":{}}],\"name\":\"$112\"},{\"display\":[{\"path\":\"$\",\"type\":\"image\",\"name\":\"$\",\"transform\":{}}],\"name\":\"$11\"},{\"display\":[{\"path\":\"$\",\"type\":\"image\",\"name\":\"$\",\"transform\":{}}],\"name\":\"$13\"},{\"display\":[{\"path\":\"$\",\"type\":\"image\",\"name\":\"$\",\"transform\":{}}],\"name\":\"$2\"},{\"display\":[{\"path\":\"wld/gg\",\"type\":\"image\",\"name\":\"wld/gg\",\"transform\":{}}],\"blendMode\":\"add\",\"name\":\"gg\"},{\"display\":[{\"path\":\"wld/ggggg\",\"type\":\"image\",\"name\":\"wld/ggggg\",\"transform\":{}}],\"name\":\"ggggg\"},{\"display\":[{\"path\":\"$\",\"type\":\"image\",\"name\":\"$\",\"transform\":{}}],\"name\":\"$1\"},{\"display\":[{\"path\":\"winfall/gg\",\"type\":\"image\",\"name\":\"winfall/gg\",\"transform\":{\"y\":-3.5545,\"x\":-4.7393}}],\"name\":\"gg1\"},{\"display\":[{\"path\":\"$\",\"type\":\"image\",\"name\":\"$\",\"transform\":{}}],\"name\":\"$111\"},{\"display\":[{\"path\":\"$\",\"type\":\"image\",\"name\":\"$\",\"transform\":{}}],\"name\":\"$1121\"},{\"display\":[{\"path\":\"$\",\"type\":\"image\",\"name\":\"$\",\"transform\":{}}],\"name\":\"$12\"},{\"display\":[{\"path\":\"winfall/zzz\",\"type\":\"image\",\"name\":\"winfall/zzz\",\"transform\":{\"y\":-2.9621,\"x\":-4.7393}}],\"blendMode\":\"add\",\"name\":\"zzz\"},{\"display\":[{\"path\":\"$\",\"type\":\"image\",\"name\":\"$\",\"transform\":{}}],\"name\":\"$\"}],\"name\":\"\"}]}],\"name\":\"money\",\"version\":\"4.0\"}"]],0,0,[],[],[]]