{"paths":{},"types":[],"uuids":["09NgD7t8lLyIXnqewQmJU+","187d5d741","1fe3115a7","51Y9KrWHdKw4WnkGJT5TFZ","71VhFCTINJM6/Ky3oX9nBT","77SP6QaRpJcZlP0YfoBJ55","af2/3u0pxPfo+y+jlvtSUs","b4P/PCArtIdIH38t6mlw8Y","e8Ueib+qJEhL6mXAHdnwbi","08oWyGF/JEF4EbDEfaqNY2","0arfRlyeRDxpMsvbfJ2KRU","1fOrhIYGVDnr4trUFDsJjh","29FYIk+N1GYaeWH/q1NxQO","2bYGNl0QVEdYndcQTn3buf","31ra4f6QpEoYGm8C9sQKoa","3f14SpQiNC64A8fnZiar8v","44ve6OY6JPXbiVXkwdi7Fj","455RAY1cJBKYHDwHIU0RyY","4a7dEvnmFA77vHUIUKfvay","4cVqWbZWNNfIUIesDoQfnm","4c/iNG0MZD3JeeD/7A+ezp","4dc74An5VCfYrtkfPsYunS","68QcVMfEdCb63fa0KmNtRC","69NUt7u/BHSYdsI1A+3h3u","6emvFjg05FkKKYAH73try1","72/f/TMQBAM56DeSMupEE+","75+FmdxR1Nh5W5rmS+A20t","77pwwTY95N3bdaFN69klb/","79mAR1NYpE2LpWuBa4jpit","7a/QZLET9IDreTiBfRn2PD","7d5egm+axCWalSoVWPwSLu","83rxM994tCsIuPx2F+4rRO","8aRzNtQl9DOIAczM6B+PRM","95ZYv5fTJIpqZbLe+Fsr/5","96Jj6UcgRJj6rS7U4ugF2L","a2MjXRFdtLlYQ5ouAFv/+R","a3sEvgbJpFvJs4L1TjaBVc","adQxayvdNCqZgMzZgh2dru","afMzpLjRxEqZ81BmkbOp2g","bfVwckxYpF36TYcOuMjFa8","d9Si4PtRpEzZWUa6KSQ7hS","e97GVMl6JHh5Ml5qEDdSGa","ecpdLyjvZBwrvm+cedCcQy","f0BIwQ8D5Ml7nTNQbh1YlS","f1DuTnz1xC/I/mm6tvHV6f","f8qdRofRhEkKUHKA8rDSAl"],"scenes":{"db://assets/LoadScene/LoadScene.fire":6},"redirect":[29,0,35,1,42,0],"deps":["internal","resources"],"packs":{"07af296d2":[9,0,10,1,11,2,12,13,14,15,16,17,18,19,20,21,3,22,23,24,4,25,26,5,27,28,30,31,32,33,34,36,37,38,6,7,39,40,8,41,43,44,45]},"name":"main","importBase":"import","nativeBase":"native","debug":false,"isZip":false,"encrypted":false,"versions":{"import":["07af296d2","94d5a"],"native":[0,"973ff",1,"32bf3",2,"6ad4c",3,"93739",4,"c06a9",5,"214e9",7,"83fcc",8,"90cf4"]}}