{"paths":{"0":["Prefabs/WheelGift1/ani/GRNDEVENCEDOR/GRNDEVENCEDOR",3],"1":["Prefabs/FirstAddCash/Texture/welbouns_frame",3],"2":["Prefabs/ActivityNotice/img/hd_img_bg",3],"3":["Effect/particle_coins",5],"4":["Prefabs/coinCollect/img/01",3],"5":["Prefabs/ViperPopup/font/recv_font-export",3],"6":["Effect/clickParticle/0_0007_图层-8",3],"7":["Prefabs/HallBigEmailPopup/img/01",3],"8":["Texture/font/hall_y_fnt",3],"9":["Effect/clickParticle/0_0005_图层-6",3],"10":["hallAnimation/bonusvalue/bonusvalue",3],"11":["hallAnimation/GogoFruits/GogoFruits_tex",3],"12":["Prefabs/ActivityNotice/img/1",3],"13":["hallAnimation/HOT/06",3],"14":["Prefabs/HallBigEmailPopup/img/02",3],"15":["Prefabs/CustomServicePopup/img/02",3],"16":["Prefabs/DownloadTip/img/04",3],"17":["Prefabs/ActivityNotice/img/2",3],"18":["hallAnimation/JACKPOT/JACKPOT",3],"19":["Prefabs/coinCollect/img/08",3],"20":["Prefabs/CustomServicePopup/img/06",3],"21":["Prefabs/HallBigEmailPopup/img/03",3],"22":["Prefabs/RechargePopup/img/08",3],"23":["Effect/particle_coins",3],"24":["Effect/clickParticle/particle_bubble",5],"25":["Prefabs/ActivityNotice/img/hd_btn_guanbi",3],"26":["Prefabs/WheelGift1/img/12",3],"27":["hallAnimation/Vault/Vault_tex",3],"28":["Prefabs/ServerPopup/img/img_line_1",3],"29":["Prefabs/ActivityNotice/img/candy",3],"30":["Prefabs/CustomServicePopup/img/05_1",3],"31":["Prefabs/PayChannelPopup/img/02_2",3],"32":["Effect/clickParticle/0_0004_图层-5",3],"33":["Texture/imgHall/11",3],"34":["Prefabs/CustomServicePopup/img/facebook",3],"35":["hallAnimation/Soccerlottery/Soccerlottery_tex",3],"36":["Prefabs/ServerPopup/img/title_service",3],"37":["Prefabs/PayChannelPopup/img/04_2",3],"38":["Prefabs/ActivityNotice/img/huobi2",3],"39":["hallAnimation/crazyFootLeft/xiaohuojianrukou_tex",3],"40":["Prefabs/ServerPopup/img/touxiang_admin",3],"41":["Texture/imgHall/bgAni/ICON",3],"42":["hallAnimation/HOT/HOT",3],"43":["hallAnimation/Crazyvolley/newAnimation_tex",3],"44":["Prefabs/ViperPopup/bg/bg_vip",3],"45":["Prefabs/HallBigEmailPopup/img/04",3],"46":["hallAnimation/INVITE/INVITE",3],"47":["hallAnimation/HOT/05",3],"48":["Prefabs/coinCollect/img/04",3],"49":["hallAnimation/HOT/08",3],"50":["Prefabs/ActivityNotice/img/hd_biaoti",3],"51":["hallAnimation/weekly offer/weekly offer",3],"52":["Prefabs/FirstChargePopup/Texture/img_bg",3],"53":["hallAnimation/download reward/download reward",3],"54":["Prefabs/coinCollect/img/06",3],"55":["Prefabs/ServerPopup/img/Di_whatsapp",3],"56":["Prefabs/ActivityNotice/img/btn_honf",3],"57":["hallAnimation/DOWNLOAD/DOWNLOAD",3],"58":["Prefabs/HallBigEmailPopup/img/05",3],"59":["Texture/font/BuloRounded-Black",9],"60":["Prefabs/PayChannelPopup/img/01_2",3],"61":["Prefabs/HallBigEmailPopup/img/06",3],"62":["hallAnimation/topup/images/daiz",3],"63":["Effect/clickParticle/0_0003_图层-4",3],"64":["Prefabs/ServerPopup/img/FAQ",3],"65":["hallAnimation/topup/sc",12],"66":["hallAnimation/topup/light_di",3],"67":["Prefabs/CustomServicePopup/img/01",3],"68":["Prefabs/ServerPopup/img/Di_player",3],"69":["Effect/clickParticle/Glow_Circle",3],"70":["Prefabs/CustomServicePopup/img/04_1",3],"71":["Prefabs/ViperPopup/font/tips_font-export",3],"72":["Prefabs/ViperPopup/font/gilt_font-export",3],"73":["hallAnimation/LuckyGoal/LuckyGoal_tex",3],"74":["Prefabs/WheelGift1/img/07_1",3],"75":["Texture/font/hall_b_fnt",3],"76":["hallAnimation/Astrology/Astrology_tex",3],"77":["Prefabs/coinCollect/img/05",3],"78":["hallAnimation/HOT/03",3],"79":["Effect/particle_coin_collect",5],"80":["Prefabs/ServerPopup/img/Di_admin",3],"81":["Prefabs/CartaSorte/img/img_bg",3],"82":["Prefabs/ServerPopup/img/btn_trn_1",3],"83":["Prefabs/ActivityNotice/img/huobi1",3],"84":["hallAnimation/coinCollect/skeleton",3],"85":["Effect/clickParticle/0_0006_图层-7",3],"86":["hallAnimation/WITHDRAW/WITHDRAW",3],"87":["hallAnimation/WheelGift/LUCKYWHEEL",3],"88":["Prefabs/BounsPopup/bonus",3],"89":["Effect/clickParticle/0_0002_图层-3",3],"90":["hallAnimation/LuckyRoulette/LuckyRoulette_tex",3],"91":["Prefabs/DownloadTip/img/01_1",3],"92":["Prefabs/ServerPopup/img/icon_whatsapp",3],"93":["hallAnimation/topup/images/coin",3],"94":["Prefabs/RechargeNoticePopup/img/popBorder",3],"95":["Effect/clickParticle/0_0008_图层-0",3],"96":["Prefabs/ViperPopup/bg/gift_bg",3],"97":["Prefabs/FirstLaunchPopup/img/01",3],"98":["Prefabs/coinCollect/img/07",3],"99":["Prefabs/ServerPopup/img/btn_trn_2",3],"100":["Prefabs/PayChannelPopup/img/03_2",3],"101":["Prefabs/coinCollect/img/02",3],"102":["Prefabs/trafficPermit/img/Archive",12],"103":["Prefabs/DailyTurnGiftPopup/img/bg_sp",3],"104":["Prefabs/FirstLaunchPopup/img/coin1",3],"105":["hallAnimation/HOT/02",3],"106":["Prefabs/CustomServicePopup/img/contact",3],"107":["hallAnimation/topup/images/pd",3],"108":["Prefabs/FirstLaunchPopup/img/03",3],"109":["Prefabs/FirstLaunchPopup/img/first_launch",3],"110":["hallAnimation/dailyTurnEnter/PresenteSpin_tex",3],"111":["Prefabs/WheelGift1/img/06_1",3],"112":["Prefabs/CustomServicePopup/img/04",3],"113":["hallAnimation/trafficPermit/tongxingzheng_tex",3],"114":["Prefabs/WheelGift1/img/05_1",3],"115":["Effect/clickParticle/0_0001_图层-2",3],"116":["Prefabs/ViperPopup/bg/recv_bg",3],"117":["hallAnimation/RECHARGE/RECHARGE",3],"118":["hallAnimation/ScratchTicket/guaguale_tex",3],"119":["Effect/clickParticle/star100",3],"120":["Prefabs/RechargeNoticePopup/img/Btn_ok",3],"121":["Texture/font/number1",3],"122":["hallAnimation/CartaSorte/CartaSorte_tex",3],"123":["Prefabs/CustomServicePopup/img/05",3],"124":["Prefabs/FirstLaunchPopup/img/关闭键",3],"125":["Prefabs/LoginPopup/font/MyriadPro-Bold",9],"126":["Prefabs/VipMonthCard/img/bounscard_main",3],"127":["Prefabs/coinCollect/img/03",3],"128":["Prefabs/DailyLogin/font/number1",3],"129":["hallAnimation/JACKPOT/JACKPOT2/JACKPOT",3],"130":["Prefabs/ServerPopup/img/04",3],"131":["Prefabs/WheelGift1/font/wheelNum",3],"132":["Prefabs/WheelGift1/font/timeNum",3],"133":["Prefabs/ActivityNotice/img/btn_lan",3],"134":["hallAnimation/Email/Email",3],"135":["hallAnimation/Daily bonus/DAILYBOUNS",3],"136":["hallAnimation/topup/first",3],"137":["hallAnimation/HOT/01",3],"138":["hallAnimation/HOT/07",3],"139":["Prefabs/ActivityNotice/img/liebian",3],"140":["Effect/bubble",3],"141":["hallAnimation/ScratchTicketHall/guaguale_tex",3],"142":["hallAnimation/HOT/04",3],"143":["Effect/clickParticle/0_0000_图层-1",3],"144":["Prefabs/DownloadTip/img/03_1",3],"145":["Prefabs/FirstChargePopup/Texture/02",3],"146":["Prefabs/WithdrawalPopup/img/withdraw_atlas",7],"147":["Prefabs/ActivityNotice/img/hd_biaoti",2,1],"148":["Prefabs/FirstAddCash/Texture/welbouns_zhezhao",2,1],"149":["Prefabs/trafficPermit/img/title_upgrate",2,1],"150":["hallAnimation/WheelGift/LUCKYWHEEL.atlas",11],"151":["Prefabs/DailyTurnGiftPopup/img/img_daojishi2",2,1],"152":["Prefabs/SupportPopup/img/03",2,1],"153":["Texture/imgHall/18",2,1],"154":["Prefabs/coinCollect/img/01",2,1],"155":["Effect/clickParticle/clickParticle",4],"156":["Texture/font/number1",2,1],"157":["Prefabs/DailyTurnGiftPopup/img/bg_sp",2,1],"158":["Prefabs/NotiesPopup",6],"159":["Prefabs/trafficPermit/img/lan2",2,1],"160":["Prefabs/ActivityNotice/img/2",2,1],"161":["Prefabs/trafficPermit/TrafficRecvitem",6],"162":["Prefabs/RechargePopup/img/02",2,1],"163":["hallAnimation/Email/Email.atlas",11],"164":["Texture/imgHallOther/setting_bk",2,1],"165":["Prefabs/DownloadTip/DownloadTip",6],"166":["hallAnimation/coinCollect/skeleton",2,1],"167":["Prefabs/HallBigBtnDownApk",6],"168":["Texture/font/number1",8],"169":["Prefabs/FirstAddCash/Texture/btn_clo",2,1],"170":["Prefabs/ViperPopup/img/img_un_2",2,1],"171":["Texture/imgHallOther/logout",2,1],"172":["hallAnimation/trafficPermit/tongxingzheng_tex",2,1],"173":["Prefabs/ViperPopup/img/recv_title_1",2,1],"174":["Prefabs/RechargePopup/img/08",2,1],"175":["Prefabs/WheelGift1/img/wheelGiftAutoAtlas",7],"176":["Prefabs/FirstChargePopup/Texture/3333",2,1],"177":["Prefabs/ViperPopup/img/img_vip",2,1],"178":["Prefabs/WheelGift1/img/05_1",2,1],"179":["Prefabs/trafficPermit/img/anniu3",2,1],"180":["Prefabs/DownloadTip/img/01_1",2,1],"181":["Prefabs/WheelGift1/img/05",2,1],"182":["Prefabs/trafficPermit/img/1",2,1],"183":["Prefabs/trafficPermit/img/coin_nor_min",2,1],"184":["hallAnimation/Daily bonus/DAILYBOUNS",10],"185":["Prefabs/ViperPopup/img/icon6",2,1],"186":["Prefabs/UserInfo/img/xinxidi",2,1],"189":["Prefabs/WheelGift1/img/aa",2,1],"190":["Prefabs/trafficPermit/TrafficPermitHelp",6],"194":["Prefabs/trafficPermit/img/trafficPermit_atlas",7],"195":["Texture/imgHall/15",2,1],"198":["Prefabs/RechargePopup/RechargePopup",6],"200":["Prefabs/ViperPopup/img/bounscard_img_card",2,1],"202":["hallAnimation/Soccerlottery/Soccerlottery_tex",2,1],"209":["Texture/leftbutton/leftButtonAtlas_atlas",7],"212":["Prefabs/PayChannelPopup/img/04_2",2,1],"214":["Prefabs/Rank/Texture/bg_xz_l",2,1],"215":["Effect/TimeLight",1],"216":["Prefabs/WithdrawalPopup/BankInfoPopupNew",6],"217":["Prefabs/ViperPopup/img/img_vip_2",2,1],"219":["Prefabs/Rank/Texture/icon_turntable",2,1],"220":["hallAnimation/Daily bonus/DAILYBOUNS",2,1],"221":["Prefabs/LoginPopup/img/08",2,1],"222":["Effect/clickParticle/0_0002_图层-3",2,1],"226":["Prefabs/CustomServicePopup/img/05",2,1],"228":["Prefabs/Rank/Texture/Rankingdelucro",2,1],"229":["Prefabs/ViperPopup/img/VIP2",2,1],"231":["Prefabs/DownloadTip/img/04",2,1],"233":["Prefabs/WithdrawalPopup/Animation/backLight",4],"234":["Prefabs/VipMonthCard/img/bounscard_main",2,1],"238":["hallAnimation/HOT/HOT",10],"241":["Prefabs/WheelGift1/ani/wheelLightAni",4],"242":["Prefabs/ViperPopup/img/VIP8",2,1],"243":["Texture/imgHall/light",2,1],"244":["hallAnimation/bonusvalue/bonusvalue",10],"246":["Prefabs/WheelGift1/img/04_1",2,1],"247":["Texture/imgHall/imgHall_atlas",7],"248":["Texture/imgHallOther/img_opt ",2,1],"249":["Prefabs/cdKey/CdKeyPopup",6],"250":["Prefabs/FirstChargePopup/Texture/flag_red",2,1],"251":["Texture/imgHall/bgAni/AA",2,1],"252":["Prefabs/trafficPermit/img/img_reward",2,1],"253":["Prefabs/LoginPopup/img/01",2,1],"254":["Prefabs/ViperPopup/ViperPageItem",6],"255":["Prefabs/ViperPopup/img/viper_atlas",7],"256":["hallAnimation/weekly offer/weekly offer",2,1],"257":["Prefabs/WheelGift1/img/03_1",2,1],"258":["Prefabs/WithdrawalPopup/提现/img/02_1",2,1],"259":["Prefabs/GetBonusPopup/GetBonusPopup",6],"260":["Prefabs/ViperPopup/img/VIP3",2,1],"261":["Prefabs/FirstChargePopup/Texture/package_window_2",2,1],"262":["Prefabs/ViperPopup/img/gift_item_1",2,1],"263":["Prefabs/Rank/Texture/bg_trn_2",2,1],"264":["Effect/clickParticle/0_0000_图层-1",2,1],"265":["Prefabs/trafficPermit/img/6",2,1],"266":["Prefabs/ServerPopup/servicePopup",6],"267":["Prefabs/DailyTurnGiftPopup/img/sp_img_zhizhen",2,1],"268":["Prefabs/ServerPopup/img/Di_whatsapp",2,1],"269":["Prefabs/trafficPermit/img/anniu1",2,1],"270":["Prefabs/DailyLogin/img/礼包",2,1],"271":["Prefabs/ViperPopup/img/icon1",2,1],"272":["Prefabs/ViperPopup/img/VIP9",2,1],"273":["Prefabs/ViperPopup/bg/recv_bg",2,1],"274":["hallAnimation/Vault/Vault_ske",13],"275":["Prefabs/ActivityNotice/ActivityNoticePopup",6],"276":["Prefabs/SupportPopup/img/05",2,1],"277":["Prefabs/FirstChargePopup/Texture/Di_daojishi",2,1],"278":["Prefabs/ViperPopup/img/VIP6",2,1],"279":["Prefabs/trafficPermit/img/bonus_grand_mid",2,1],"280":["Prefabs/ActivityNotice/prefer/LeftItem",6],"281":["Prefabs/trafficPermit/img/btn_add",2,1],"282":["Prefabs/VipMonthCard/VipMonthCardPopup",6],"283":["Prefabs/ViperPopup/font/gilt_font-export",8],"284":["Texture/imgHallOther/03",2,1],"285":["hallAnimation/HOT/08",2,1],"286":["hallAnimation/topup/images/coin",2,1],"287":["hallAnimation/Crazyvolley/newAnimation_tex",2,1],"288":["Prefabs/LoginPopup/img/001",2,1],"289":["Prefabs/ServerPopup/img/img_line_1",2,1],"290":["Prefabs/PayChannelPopup/PayChannelPopup",6],"292":["hallAnimation/HOT/01",2,1],"293":["hallAnimation/light",4],"294":["Prefabs/FirstChargePopup/Texture/Biaoti_nice",2,1],"295":["Prefabs/FirstChargePopup/Texture/01_3",2,1],"296":["hallAnimation/ScratchTicket/guaguale_ske",13],"297":["hallAnimation/ScratchTicketHall/guaguale_tex",14],"298":["Prefabs/WithdrawalPopup/img/record_frame",2,1],"299":["Prefabs/LoginPopup/img/03",2,1],"300":["Effect/Specular_gloss",0],"301":["hallAnimation/downloadTip",4],"303":["Prefabs/SupportPopup/SupportPopup",6],"304":["Prefabs/trafficPermit/img/naozhong",2,1],"305":["Prefabs/WithdrawalPopup/WithdrawRecordPopup",6],"306":["Texture/imgHallOther/title",2,1],"307":["Prefabs/LoginPopup/img/nationalFlag/巴西",2,1],"308":["Prefabs/DailyLogin/ani/dayAni",4],"309":["Prefabs/ViperPopup/img/btn_vip_sign",2,1],"310":["Prefabs/VipMonthCard/img/bounscard_img_card3",2,1],"311":["Prefabs/ViperPopup/img/img_level_1",2,1],"312":["Prefabs/WithdrawalPopup/img/bank",2,1],"313":["Prefabs/ActivityNotice/img/liebian",2,1],"314":["Prefabs/FirstLaunchPopup/img/01",2,1],"315":["Prefabs/WithdrawalPopup/提现/img/05",2,1],"316":["Prefabs/RechargePopup/img/04",2,1],"317":["hallAnimation/WheelGift/LUCKYWHEEL",10],"318":["Prefabs/LoginPopup/img/nationalFlag/national_atlas",7],"319":["Prefabs/WheelGift1/ani/apertureAni",4],"320":["Prefabs/ViperPopup/img/VIP1",2,1],"321":["Prefabs/WithdrawalPopup/img/bank_title",2,1],"322":["Prefabs/VipMonthCard/img/vip_atlas",7],"323":["Prefabs/CartaSorte/img/bounscard_img_card_bouns",2,1],"324":["Prefabs/ActivityNotice/img/btn_honf",2,1],"325":["Prefabs/WheelGift1/img/03",2,1],"326":["Prefabs/WheelGift1/img/01",2,1],"327":["hallAnimation/Vault/Vault_tex",14],"328":["Prefabs/coinCollect/img/02",2,1],"329":["Prefabs/CartaSorte/img/img_lan2",2,1],"330":["Prefabs/RechargePopup/img/13",2,1],"331":["hallAnimation/CartaSorte/CartaSorte_tex",2,1],"332":["Prefabs/RechargePopup/img/01",2,1],"333":["Texture/imgHallOther/01",2,1],"334":["Prefabs/FirstAddCash/Texture/welbouns_img_2",2,1],"335":["Prefabs/FirstChargePopup/Texture/zhezhao",2,1],"336":["Prefabs/WithdrawalPopup/img/bg_yinhangka",2,1],"337":["Prefabs/VipMonthCard/img/bounscard_img_card_bouns",2,1],"338":["Prefabs/DailyTurnGiftPopup/img/wz_sp",2,1],"339":["Prefabs/SupportPopup/img/01",2,1],"340":["hallAnimation/WheelGift/LUCKYWHEEL",2,1],"341":["Prefabs/UserInfo/OrderHistoryPopup",6],"342":["Prefabs/WithdrawalPopup/WithdrawalRulePopup",6],"343":["Texture/imgHallOther/04",2,1],"344":["Prefabs/ViperPopup/img/VIP0",2,1],"345":["Texture/imgHall/16",2,1],"346":["Prefabs/ViperPopup/font/tips_font-export",8],"347":["Prefabs/WithdrawalPopup/img/btn_txtongdao",2,1],"348":["Prefabs/WithdrawalPopup/提现/img/09",2,1],"349":["Texture/imgHallOther/invite_btn_guanbi2",2,1],"350":["Prefabs/UserInfo/BetHistoryPopup",6],"351":["Prefabs/WithdrawalPopup/img/title_record",2,1],"352":["Prefabs/Rank/Texture/shenmen",2,1],"353":["Prefabs/ViperPopup/img/bg_vip2",2,1],"354":["Prefabs/LoginPopup/img/02",2,1],"355":["Prefabs/WithdrawalPopup/img/wz_tishi",2,1],"356":["Prefabs/CustomServicePopup/img/01",2,1],"357":["Effect/gardenMask/gardenMaskEffect",1],"358":["Texture/imgHallOther/img_cdkey_title",2,1],"359":["Prefabs/FirstAddCash/Texture/box_record_line1",2,1],"360":["hallAnimation/download reward/download reward",10],"361":["Prefabs/LoginPopup/img/06",2,1],"363":["Texture/imgHallOther/btn_setting_off",2,1],"364":["Texture/imgHallOther/download",2,1],"365":["Texture/imgHallOther/icon_mail",2,1],"367":["Prefabs/UserInfo/img/btn_wenhao",2,1],"368":["Prefabs/CustomServicePopup/CustomerServicePopup",6],"369":["Prefabs/WheelGift1/ani/GRNDEVENCEDOR/GRNDEVENCEDOR",2,1],"370":["Prefabs/trafficPermit/img/youbian",2,1],"371":["Prefabs/ViperPopup/img/img_vip_1",2,1],"372":["Prefabs/WheelGift1/img/07_1",2,1],"373":["Prefabs/trafficPermit/img/fen2",2,1],"374":["Prefabs/FirstChargePopup/Texture/03_2",2,1],"375":["Prefabs/CartaSorte/img/img_select",2,1],"376":["Prefabs/CartaSorte/img/img_title",2,1],"377":["Prefabs/WithdrawalPopup/img/btn_xz",2,1],"378":["Prefabs/WithdrawalPopup/img/input_bk",2,1],"379":["Prefabs/LoginPopup/img/nationalFlag/美国",2,1],"380":["hallAnimation/crazyFootLeft/xiaohuojianrukou_tex",2,1],"381":["Prefabs/trafficPermit/img/lan3",2,1],"382":["hallAnimation/ScratchTicketHall/guaguale_ske",13],"383":["Prefabs/FirstAddCash/Texture/firstAdd_atlas",7],"384":["Prefabs/ViperPopup/ViperGiftItem",6],"385":["Texture/imgHall/bgAni/ICON",10],"386":["Prefabs/trafficPermit/TrafficPermitPopup",6],"387":["Texture/font/hall_y_fnt",8],"388":["Prefabs/WheelGift1/img/15",2,1],"389":["hallAnimation/CartaSorte/CartaSorte_tex",14],"390":["Prefabs/Rank/Texture/img_line",2,1],"391":["Prefabs/FirstLaunchPopup/img/03",2,1],"392":["hallAnimation/ScratchTicket/guaguale_tex",2,1],"393":["Prefabs/FirstLaunchPopup/img/coin1",2,1],"394":["hallAnimation/cardStart",4],"395":["Prefabs/CustomServicePopup/img/contact",2,1],"396":["Prefabs/ServerPopup/img/Di_admin",2,1],"397":["hallAnimation/ScratchTicket/guaguale_tex",14],"398":["Prefabs/DailyTurnGiftPopup/img/sp_btn_spin",2,1],"399":["Prefabs/FirstChargePopup/Texture/02_1",2,1],"400":["Prefabs/FirstChargePopup/Texture/01_2",2,1],"401":["Prefabs/trafficPermit/img/4",2,1],"402":["Prefabs/trafficPermit/img/10",2,1],"403":["Prefabs/GetBonusPopup/Texture/title_get",2,1],"404":["Prefabs/coinCollect/coinCollect",6],"405":["hallAnimation/weekly offer/weekly offer.atlas",11],"406":["Prefabs/FirstChargePopup/Texture/package_window_3",2,1],"407":["Texture/leftbutton/02",2,1],"408":["Prefabs/FirstLaunchPopup/FisrtLaunch",6],"410":["Prefabs/RechargePopup/img/金币02",2,1],"411":["Prefabs/FirstChargePopup/Texture/01",2,1],"412":["Prefabs/WithdrawalPopup/提现/img/light",2,1],"413":["Prefabs/ViperPopup/ViperGiftPopup",6],"414":["Prefabs/UserInfo/img/01",2,1],"415":["Prefabs/ViperPopup/img/bg_vip1",2,1],"416":["Prefabs/WithdrawalPopup/提现/img/point2",2,1],"417":["Prefabs/ViperPopup/img/VIP10",2,1],"418":["hallAnimation/LuckyRoulette/LuckyRoulette_ske",13],"419":["Prefabs/CustomServicePopup/img/04",2,1],"420":["Prefabs/DailyTurnGiftPopup/img/sp_img_zhuanpa",2,1],"421":["hallAnimation/HOT/05",2,1],"422":["Prefabs/WheelGift1/font/wheelNum",2,1],"423":["Texture/imgHall/bgAni/ICON.atlas",11],"424":["Prefabs/WheelGift1/WheelGiftPopup1",6],"425":["Prefabs/WheelGift1/ani/GRNDEVENCEDOR/GRNDEVENCEDOR",10],"426":["hallAnimation/RECHARGE/RECHARGE",10],"427":["Prefabs/FirstAddCash/Texture/dia3",2,1],"428":["Prefabs/trafficPermit/img/bonus_nor_min",2,1],"429":["hallAnimation/topup/light_di",2,1],"430":["Prefabs/WithdrawalPopup/img/icon_1",2,1],"431":["Prefabs/FirstChargePopup/Texture/02",2,1],"432":["hallAnimation/INVITE/INVITE",2,1],"433":["Prefabs/FirstChargePopup/Texture/coin1",2,1],"434":["Texture/imgHallOther/box_frame_1",2,1],"435":["Prefabs/ActivityNotice/img/huobi2",2,1],"436":["Prefabs/SupportPopup/img/07",2,1],"437":["Texture/imgHall/bg",2,1],"438":["Prefabs/trafficPermit/img/img_shelter",2,1],"439":["Prefabs/ViperPopup/img/icon4",2,1],"440":["Texture/font/hall_b_fnt",2,1],"441":["Prefabs/VipMonthCard/img/bounscard_btn_help",2,1],"442":["Prefabs/UserInfo/img/01_1",2,1],"443":["Prefabs/trafficPermit/img/bouns",2,1],"444":["hallAnimation/LuckyRoulette/LuckyRoulette_tex",2,1],"445":["Prefabs/ActivityNotice/img/candy",2,1],"446":["hallAnimation/bonusvalue/bonusvalue.atlas",11],"447":["Prefabs/trafficPermit/TrafficPermitMisstion",6],"448":["hallAnimation/GogoFruits/GogoFruits_ske",13],"449":["Prefabs/Rank/Texture/icon_trn_2",2,1],"450":["Prefabs/Rank/Texture/feitianzuqiu",2,1],"451":["Prefabs/FirstAddCash/FirstRule",6],"452":["Prefabs/FirstChargePopup/Texture/Other_Amount",2,1],"453":["hallAnimation/Vault/Vault_tex",2,1],"454":["Texture/imgHallOther/icon_round_arrow",2,1],"455":["Prefabs/WithdrawalPopup/提现/img/01",2,1],"456":["Prefabs/FirstAddCash/Texture/welbouns_btn_tomorrow",2,1],"457":["Prefabs/trafficPermit/img/coin_grand_min",2,1],"458":["Texture/imgHall/bgAni/01",2,1],"460":["Prefabs/BounsPopup/bonus",7],"461":["Prefabs/ViperPopup/ViperRewardItem",6],"462":["Prefabs/UserInfo/img/userinfo_atlas",7],"463":["Prefabs/WheelGift1/img/04",2,1],"464":["Prefabs/trafficPermit/img/coin_grand_max",2,1],"465":["hallAnimation/HOT/07",2,1],"466":["Prefabs/WithdrawalPopup/img/btn_bdyinhangka",2,1],"467":["Effect/clickParticle/0_0003_图层-4",2,1],"468":["Prefabs/WheelGift1/ani/GRNDEVENCEDOR/GRNDEVENCEDOR.atlas",11],"469":["hallAnimation/JACKPOT/JACKPOT.atlas",11],"470":["Texture/imgHall/02",2,1],"471":["hallAnimation/topup/images/pd",2,1],"472":["hallAnimation/RECHARGE/RECHARGE",2,1],"473":["Prefabs/Rank/Texture/icon_trn_3",2,1],"474":["Prefabs/DailyTurnGiftPopup/img/img_zp_zz",2,1],"475":["hallAnimation/HOT/02",2,1],"476":["Texture/imgHallOther/popup_bk",2,1],"477":["Prefabs/FirstAddCash/Texture/img_di",2,1],"478":["Prefabs/trafficPermit/img/2",2,1],"479":["Prefabs/ViperPopup/font/gilt_font-export",2,1],"480":["hallAnimation/cardBg",4],"481":["Prefabs/WheelGift1/ani/wheelLightStartAni",4],"482":["Effect/gradientRamp/gradientRampMaterial",0],"483":["hallAnimation/dailyTurnEnter/PresenteSpin_tex",14],"484":["Texture/imgHallOther/btn_setting_on",2,1],"485":["Prefabs/DailyLogin/img/金币",2,1],"486":["Prefabs/ViperPopup/img/img_vip_pro",2,1],"487":["Prefabs/trafficPermit/img/btn_reduce",2,1],"488":["Prefabs/RechargePopup/img/03",2,1],"489":["Prefabs/WheelGift1/img/9",2,1],"490":["Texture/imgHallOther/icon_mailopen",2,1],"491":["Texture/imgHall/19",2,1],"492":["Prefabs/WheelGift1/img/09a",2,1],"493":["Prefabs/Rank/Texture/btn_trn_1",2,1],"494":["Prefabs/ViperPopup/img/img_title_2",2,1],"495":["Effect/gardenMask/gardenMaskMaterial",0],"496":["hallAnimation/HOT/06",2,1],"497":["Prefabs/WheelGift1/img/06_1",2,1],"498":["hallAnimation/LuckyGoal/LuckyGoal_tex",2,1],"499":["Prefabs/UserInfo/UserInfoPopup",6],"500":["Prefabs/ViperPopup/img/icon3",2,1],"501":["Texture/imgHall/bigIconBg",2,1],"502":["Prefabs/UserInfo/img/img_line_2",2,1],"503":["hallAnimation/RECHARGE/RECHARGE.atlas",11],"504":["Prefabs/LoginPopup/img/002",2,1],"505":["Prefabs/WheelGift1/img/02",2,1],"506":["Prefabs/WheelGift1/wheelCell",6],"507":["Prefabs/FirstLaunchPopup/img/first_launch",2,1],"508":["Texture/imgHallOther/title_mail",2,1],"509":["Prefabs/VipMonthCard/img/bounscard_img_card2",2,1],"510":["Prefabs/coinCollect/img/03",2,1],"511":["Prefabs/UserInfo/img/img_di1",2,1],"512":["Prefabs/WheelGift1/ani/wheelBorderLightAni",4],"513":["Prefabs/LoginPopup/img/loginPopup",7],"514":["Prefabs/DailyLogin/img/06",2,1],"515":["hallAnimation/WITHDRAW/WITHDRAW",10],"516":["hallAnimation/topup/images/daiz",2,1],"517":["Prefabs/Rank/Texture/shuiguo",2,1],"519":["hallAnimation/Soccerlottery/Soccerlottery_ske",13],"520":["Prefabs/Rank/Texture/Raspadinha",2,1],"521":["Prefabs/ActivityNotice/img/huobi1",2,1],"522":["Prefabs/Rank/Texture/icon_trn_1",2,1],"523":["Texture/imgHall/22",2,1],"524":["Effect/clickParticle/star100",2,1],"525":["Prefabs/DailyLogin/DailyLoginPopup",6],"526":["Prefabs/FirstAddCash/Texture/dia1",2,1],"527":["Prefabs/ViperPopup/font/recv_font-export",2,1],"528":["Prefabs/ViperPopup/bg/gift_bg",2,1],"529":["Prefabs/ServerPopup/img/04",2,1],"530":["Texture/imgHallOther/popBorder",2,1],"531":["Prefabs/ServerPopup/img/icon_whatsapp",2,1],"532":["Prefabs/VipMonthCard/VipMonthCardRulesPopup",6],"533":["Prefabs/coinCollect/img/05",2,1],"534":["Prefabs/ServerPopup/img/btn_trn_1",2,1],"535":["Prefabs/FirstAddCash/Texture/box_record_line2",2,1],"536":["Prefabs/trafficPermit/img/btn_buy",2,1],"537":["Prefabs/WithdrawalPopup/WithdrawalPopup",6],"538":["hallAnimation/Crazyvolley/newAnimation_ske",13],"539":["Prefabs/FirstChargePopup/FirstChargePopup",6],"540":["Prefabs/trafficPermit/img/img_normal",2,1],"542":["Prefabs/UserInfo/img/06",2,1],"543":["Prefabs/RechargePopup/img/rechargePopup",7],"544":["Prefabs/FirstAddCash/Texture/box_line",2,1],"545":["Prefabs/Rank/Texture/zhuanpan2",2,1],"546":["Texture/imgHall/bigIcon",2,1],"547":["Prefabs/trafficPermit/img/coin_nor_max",2,1],"548":["hallAnimation/topup/first",10],"549":["Prefabs/CartaSorte/img/img_select_bg",2,1],"550":["Prefabs/GetBonusPopup/Texture/icon_currency",2,1],"552":["Prefabs/WithdrawalPopup/img/btn_tishi",2,1],"553":["Prefabs/RechargeNoticePopup/RechargeNotice",6],"554":["Prefabs/trafficPermit/TrafficPermitUpgrate",6],"555":["Texture/imgHall/01",2,1],"556":["hallAnimation/JACKPOT/JACKPOT2/JACKPOT",2,1],"557":["Prefabs/UserInfo/img/05",2,1],"558":["Texture/imgHallOther/title_setting",2,1],"559":["Prefabs/UserInfo/img/10",2,1],"560":["Prefabs/WithdrawalPopup/img/rules",2,1],"561":["Prefabs/RechargePopup/img/07",2,1],"562":["Prefabs/DailyTurnGiftPopup/img/shijian",2,1],"563":["Prefabs/FirstChargePopup/Texture/03",2,1],"564":["Texture/imgHall/05",2,1],"565":["Prefabs/WheelGift1/img/14",2,1],"566":["Prefabs/ServerPopup/img/btn_trn_2",2,1],"567":["Prefabs/UserInfo/img/03",2,1],"569":["Texture/imgHall/bgAni/02",2,1],"570":["Effect/gradientRamp/gradientRampEffect",1],"571":["Prefabs/WithdrawalPopup/img/box_line",2,1],"572":["Prefabs/DailyLogin/img/05",2,1],"573":["Texture/imgHall/btn_time",2,1],"574":["Prefabs/Rank/Texture/feizhou",2,1],"575":["hallAnimation/WITHDRAW/WITHDRAW",2,1],"576":["Prefabs/ViperPopup/img/img_line",2,1],"577":["Prefabs/WithdrawalPopup/提现/img/06",2,1],"578":["Prefabs/WheelGift1/img/08",2,1],"579":["Prefabs/ViperPopup/img/recv_title_0",2,1],"580":["hallAnimation/HOT/HOT",4],"581":["Texture/imgHall/09",2,1],"582":["Prefabs/RechargeNoticePopup/img/popBorder",2,1],"583":["Prefabs/WithdrawalPopup/提现/img/04",2,1],"584":["Prefabs/FirstLaunchPopup/img/关闭键",2,1],"585":["Prefabs/trafficPermit/TrafficPermitItem",6],"586":["Prefabs/UserInfo/img/07",2,1],"587":["Prefabs/FirstAddCash/Texture/dia4",2,1],"588":["Prefabs/RechargePopup/img/04_2",2,1],"589":["Prefabs/CartaSorte/img/2",2,1],"590":["Texture/imgHall/23",2,1],"591":["Texture/imgHall/14",2,1],"592":["Prefabs/coinCollect/img/06",2,1],"593":["Prefabs/RechargePopup/img/06",2,1],"594":["Prefabs/UserInfo/img/btn_he10bonus",2,1],"595":["Prefabs/CustomServicePopup/img/05_1",2,1],"596":["hallAnimation/LuckyGoal/LuckyGoal_tex",14],"597":["Prefabs/WheelGift1/img/12",2,1],"598":["Prefabs/DailyLogin/img/07a",2,1],"599":["Prefabs/RechargePopup/img/02_1",2,1],"600":["Texture/imgHallOther/02",2,1],"601":["Prefabs/WheelGift1/img/11",2,1],"602":["Prefabs/Rank/Texture/777",2,1],"603":["Prefabs/coinCollect/coin_collect_cell",6],"604":["Texture/imgHallOther/sound",2,1],"605":["Prefabs/trafficPermit/img/img_onsale",2,1],"606":["Prefabs/trafficPermit/img/beijing2",2,1],"607":["Prefabs/CartaSorte/img/1",2,1],"608":["Prefabs/LoginPopup/img/04",2,1],"609":["Prefabs/DailyLogin/img/02",2,1],"610":["Prefabs/trafficPermit/img/btn_recv_un",2,1],"611":["Prefabs/LoginPopup/img/09",2,1],"612":["Prefabs/WithdrawalPopup/提现/img/02",2,1],"613":["Prefabs/UserInfo/img/btn_copy",2,1],"614":["Prefabs/ViperPopup/img/icon5",2,1],"615":["Prefabs/SupportPopup/img/02",2,1],"616":["hallAnimation/Astrology/Astrology_tex",2,1],"617":["hallAnimation/HOT/HOT.atlas",11],"618":["hallAnimation/DOWNLOAD/DOWNLOAD",2,1],"619":["Prefabs/ServerPopup/img/touxiang_admin",2,1],"620":["Prefabs/trafficPermit/img/7",2,1],"621":["hallAnimation/INVITE/INVITE.atlas",11],"622":["Texture/imgHall/10",2,1],"623":["Prefabs/trafficPermit/img/bonus_grand_max",2,1],"624":["Prefabs/trafficPermit/img/biaoti",2,1],"625":["hallAnimation/JACKPOT/JACKPOT",10],"626":["Prefabs/DailyLogin/font/number1",8],"627":["Prefabs/trafficPermit/img/bonus_nor_max",2,1],"628":["Prefabs/ViperPopup/img/btn_vip_gift",2,1],"629":["Prefabs/WithdrawalPopup/img/btbg",2,1],"630":["Prefabs/trafficPermit/img/zuobian",2,1],"631":["hallAnimation/Astrology/Astrology_ske",13],"632":["Prefabs/UserInfo/img/02",2,1],"633":["hallAnimation/GogoFruits/GogoFruits_tex",2,1],"634":["Prefabs/CartaSorte/img/img_huang1",2,1],"635":["Prefabs/FirstChargePopup/Texture/FirstChargeAutoAtlas",7],"636":["Prefabs/UserInfo/img/07a",2,1],"637":["Prefabs/CartaSorte/img/img_huang2",2,1],"638":["Prefabs/trafficPermit/img/bonus_grand_min",2,1],"639":["Prefabs/Popupwebgame",6],"640":["Texture/imgHall/13",2,1],"641":["Prefabs/CustomServicePopup/img/facebook",2,1],"642":["hallAnimation/JACKPOT/JACKPOT2/JACKPOT.atlas",11],"643":["Prefabs/Rank/Texture/shishicai",2,1],"644":["Prefabs/VipMonthCard/img/bounscard_img_card1",2,1],"645":["Prefabs/BounsPopup/BounsPopup",6],"646":["Prefabs/SupportPopup/img/04",2,1],"647":["Prefabs/UserInfo/img/04",2,1],"648":["hallAnimation/WITHDRAW/WITHDRAW.atlas",11],"649":["Prefabs/trafficPermit/img/duihao",2,1],"650":["Effect/clickParticle/0_0007_图层-8",2,1],"651":["Prefabs/trafficPermit/img/title_help",2,1],"652":["hallAnimation/download reward/download reward",2,1],"653":["Prefabs/ViperPopup/font/tips_font-export",2,1],"654":["Effect/bubble",2,1],"655":["Prefabs/FirstChargePopup/Texture/Biaoti_better",2,1],"656":["Prefabs/DailyLogin/img/03",2,1],"657":["Prefabs/WithdrawalPopup/提现/img/08",2,1],"658":["Prefabs/FirstAddCash/Texture/welbouns_frame",2,1],"659":["hallAnimation/dailyTurnEnter/PresenteSpin_tex",2,1],"660":["Prefabs/WithdrawalPopup/img/save",2,1],"661":["hallAnimation/trafficPermit/tongxingzheng_tex",14],"662":["Prefabs/GetBonusPopup/Texture/icon_currency_bg",2,1],"663":["Prefabs/CustomServicePopup/img/06",2,1],"664":["Prefabs/WheelGift1/img/10",2,1],"666":["Prefabs/WheelGift1/img/01a",2,1],"667":["Prefabs/DailyLogin/font/number1",2,1],"668":["Prefabs/HallBigEmailPopup/HallBigEmailPopup",6],"669":["hallAnimation/Daily bonus/DAILYBOUNS.atlas",11],"670":["hallAnimation/weekly offer/weekly offer",10],"671":["Texture/imgHallOther/05",2,1],"672":["Prefabs/CartaSorte/CartaSortePopup",6],"673":["Prefabs/WithdrawalPopup/提现/img/03",2,1],"674":["Prefabs/DailyLogin/img/dailySign_atlas",7],"675":["Texture/imgHall/04",2,1],"676":["Texture/imgHallOther/title_prefect",2,1],"677":["hallAnimation/download reward/download reward.atlas",11],"678":["Prefabs/DailyLogin/img/close",2,1],"679":["Prefabs/CartaSorte/img/3",2,1],"680":["hallAnimation/DOWNLOAD/DOWNLOAD",10],"681":["Effect/clickParticle/0_0006_图层-7",2,1],"682":["Prefabs/FirstAddCash/Texture/dia2",2,1],"683":["Prefabs/ViperPopup/img/VIP4",2,1],"684":["Prefabs/RechargePopup/img/04_1",2,1],"685":["Prefabs/PayChannelPopup/img/01_2",2,1],"686":["Prefabs/trafficPermit/img/suo",2,1],"688":["Prefabs/WheelGift1/img/07",2,1],"689":["Prefabs/ActivityNotice/img/btn_lan",2,1],"690":["hallAnimation/LuckyGoal/LuckyGoal_ske",13],"691":["Prefabs/PayChannelPopup/img/03_2",2,1],"692":["Prefabs/CartaSorte/img/img_zi2",2,1],"693":["Effect/clickParticle/0_0008_图层-0",2,1],"694":["Prefabs/HallBigInvitePopupH5",6],"695":["Prefabs/trafficPermit/img/coin_nor_mid",2,1],"696":["Prefabs/FirstChargePopup/Texture/02_2",2,1],"697":["Prefabs/FirstChargePopup/Texture/package_window_1",2,1],"698":["Prefabs/Rank/Texture/btn_trn_2",2,1],"699":["Prefabs/trafficPermit/img/coin_grand_mid",2,1],"700":["Texture/imgHall/12",2,1],"701":["Prefabs/trafficPermit/img/bonus_nor_mid",2,1],"702":["Prefabs/CartaSorte/img/img_zi1",2,1],"703":["hallAnimation/dailyTurnEnter/PresenteSpin_ske",13],"704":["hallAnimation/coinCollect/skeleton.atlas",11],"705":["Prefabs/trafficPermit/img/btn_add_dis",2,1],"706":["Prefabs/WithdrawalPopup/img/jiangedi",2,1],"707":["Prefabs/trafficPermit/img/btn_reduce_dis",2,1],"708":["hallAnimation/crazyFootLeft/xiaohuojianrukou_tex",14],"709":["Prefabs/CartaSorte/img/icon_money1",2,1],"710":["Texture/imgHall/21",2,1],"711":["Prefabs/trafficPermit/img/8",2,1],"712":["Effect/clickParticle/0_0001_图层-2",2,1],"713":["Prefabs/ViperPopup/img/btn_recv",2,1],"714":["Prefabs/Rank/RankPopup",6],"715":["hallAnimation/coinCollect/skeleton",10],"716":["Prefabs/coinCollect/img/07",2,1],"717":["Prefabs/DailyLogin/img/08",2,1],"718":["Effect/particle_coins",2,1],"719":["Prefabs/coinCollect/img/04",2,1],"720":["Prefabs/HallBigEmailPopup/img/02",2,1],"721":["Prefabs/ViperPopup/img/img_title_1",2,1],"722":["Prefabs/RechargePopup/img/金币05",2,1],"723":["Prefabs/CartaSorte/img/img_bg",2,1],"724":["Effect/clickParticle/0_0005_图层-6",2,1],"725":["Prefabs/Rank/Texture/jinku",2,1],"726":["Texture/font/hall_y_fnt",2,1],"727":["Prefabs/trafficPermit/img/title_mission",2,1],"728":["Prefabs/RechargeNoticePopup/img/Btn_ok",2,1],"729":["Prefabs/RechargePopup/img/05",2,1],"730":["Prefabs/HallBigSettingPopup",6],"731":["Effect/clickParticle/0_0004_图层-5",2,1],"732":["Prefabs/RechargePopup/img/03_2",2,1],"733":["Prefabs/WheelGift1/img/02_1",2,1],"734":["Texture/imgHallOther/music",2,1],"735":["hallAnimation/LuckyRoulette/LuckyRoulette_tex",14],"736":["Prefabs/RechargePopup/img/金币01",2,1],"737":["hallAnimation/Soccerlottery/Soccerlottery_tex",14],"738":["Prefabs/trafficPermit/img/beijing1",2,1],"739":["Prefabs/FirstChargePopup/Texture/04_2",2,1],"740":["Prefabs/trafficPermit/img/img_hongdian",2,1],"741":["Prefabs/FirstAddCash/FirstAddCash",6],"742":["Prefabs/ActivityNotice/img/hd_img_bg",2,1],"743":["Prefabs/trafficPermit/img/tips_bg",2,1],"744":["hallAnimation/INVITE/INVITE",10],"745":["Prefabs/Rank/Texture/rank_atals",7],"746":["Prefabs/FirstAddCash/Texture/dia5",2,1],"747":["Prefabs/UserInfo/img/wz_Transactions",2,1],"748":["Prefabs/UserInfo/img/wz_bethistory",2,1],"749":["Prefabs/FirstAddCash/Texture/welbouns_img_day_done",2,1],"750":["Prefabs/WheelGift1/img/09",2,1],"751":["Prefabs/WheelGift1/font/timeNum",2,1],"752":["Prefabs/GetBonusPopup/Texture/getBonus_atlas",7],"753":["Prefabs/WithdrawalPopup/img/btn_xiala",2,1],"754":["Prefabs/UserInfo/img/09",2,1],"755":["Prefabs/FirstAddCash/Texture/img_tit",2,1],"756":["Prefabs/UserInfo/img/06 - 001",2,1],"757":["Prefabs/WheelGift1/WheelGiftPopup2",6],"758":["Prefabs/WithdrawalPopup/提现/img/07",2,1],"759":["Prefabs/ViperPopup/font/recv_font-export",8],"760":["Prefabs/CartaSorte/img/bounscard_btn_help",2,1],"761":["Prefabs/VipMonthCard/img/bounscard_zhezhao",2,1],"762":["Prefabs/trafficPermit/img/img_select",2,1],"763":["Prefabs/RechargePopup/img/金币03",2,1],"764":["hallAnimation/DOWNLOAD/DOWNLOAD.atlas",11],"765":["hallAnimation/topup/first",2,1],"766":["Prefabs/DailyLogin/img/07",2,1],"767":["Prefabs/HallBigEmailPopup/img/04",2,1],"768":["Prefabs/DownloadTip/img/03_1",2,1],"769":["Prefabs/FirstAddCash/Texture/title_tips",2,1],"770":["Prefabs/WheelGift1/img/01_2",2,1],"771":["Texture/imgHallOther/imgHallOther_atlas",7],"773":["Prefabs/LoginPopup/img/nationalFlag/南非",2,1],"774":["Prefabs/Rank/Texture/lunpan",2,1],"775":["hallAnimation/downloadAniClip/downloadAniClip",4],"776":["Texture/imgHall/11",2,1],"777":["hallAnimation/trafficPermit/tongxingzheng_ske",13],"778":["Texture/imgHall/bgAni/03",2,1],"779":["hallAnimation/Email/Email",10],"780":["Prefabs/WheelGift1/font/timeNum",8],"781":["Prefabs/ViperPopup/img/gift_item_0",2,1],"782":["Texture/imgHall/02_1",2,1],"783":["hallAnimation/topup/first.atlas",11],"784":["Prefabs/FirstAddCash/Texture/welbouns_btn_help",2,1],"785":["Texture/font/hall_b_fnt",8],"786":["Prefabs/ActivityNotice/img/hd_btn_guanbi",2,1],"787":["hallAnimation/HOT/04",2,1],"788":["Texture/imgHallOther/closeBtn2",2,1],"789":["Prefabs/HallBigEmailPopup/img/06",2,1],"790":["Prefabs/ActivityNotice/img/1",2,1],"791":["Prefabs/WheelGift1/img/01_1",2,1],"792":["Prefabs/ViperPopup/img/gift_title_0",2,1],"793":["Texture/imgHall/smallIcon",2,1],"794":["hallAnimation/GogoFruits/GogoFruits_tex",14],"795":["Prefabs/trafficPermit/img/5",2,1],"796":["Prefabs/RechargePopup/img/15",2,1],"797":["Prefabs/ViperPopup/img/VIP5",2,1],"798":["hallAnimation/HOT/03",2,1],"799":["Texture/imgHall/06",2,1],"800":["Prefabs/trafficPermit/img/coin",2,1],"801":["Texture/imgHall/avatar_frame_2",2,1],"802":["Prefabs/SupportPopup/img/06",2,1],"803":["Texture/imgHall/Btn_ok",2,1],"804":["Prefabs/trafficPermit/img/lan",2,1],"805":["Prefabs/CartaSorte/img/img_lan1",2,1],"806":["Prefabs/trafficPermit/img/fen1",2,1],"807":["hallAnimation/crazyFootLeft/xiaohuojianrukou_ske",13],"808":["Prefabs/FirstAddCash/Texture/welbouns_img_cash",2,1],"809":["Prefabs/ServerPopup/img/title_service",2,1],"810":["Prefabs/FirstAddCash/Texture/welbouns_img_1",2,1],"811":["Texture/leftbutton/03",2,1],"812":["hallAnimation/addBtn",4],"813":["Prefabs/LoginPopup/LoginPopup",6],"814":["Prefabs/ViperPopup/ViperPopup",6],"815":["hallAnimation/bonusvalue/bonusvalue",2,1],"816":["Prefabs/WheelGift1/ani/lineLightAni",4],"817":["Prefabs/LoginPopup/img/05",2,1],"818":["Prefabs/LoginPopup/img/07",2,1],"819":["hallAnimation/ScratchTicketHall/guaguale_tex",2,1],"820":["Effect/clickParticle/Glow_Circle",2,1],"821":["hallAnimation/NEW/NEW",4],"822":["Prefabs/RechargePopup/img/金币04",2,1],"823":["Prefabs/UserInfo/EditPasswordPopup",6],"824":["Texture/imgHall/07",2,1],"825":["Prefabs/HallBigEmailPopup/img/05",2,1],"826":["Prefabs/LoginPopup/img/nationalFlag/尼日",2,1],"827":["Prefabs/CartaSorte/img/cartaSorte_atlas",7],"828":["Prefabs/HallBigEmailPopup/img/01",2,1],"829":["Prefabs/ViperPopup/bg/bg_vip",2,1],"830":["Prefabs/UserInfo/img/08",2,1],"831":["hallAnimation/JACKPOT/JACKPOT2/JACKPOT",10],"832":["Prefabs/trafficPermit/img/img_direct",2,1],"833":["Prefabs/trafficPermit/img/img_finish",2,1],"834":["hallAnimation/HOT/HOT",2,1],"835":["Prefabs/WithdrawalPopup/img/btn_record_down",2,1],"837":["Prefabs/ActivityNotice/prefer/page",6],"838":["Prefabs/Rank/Texture/bg_wzz_an",2,1],"839":["Texture/leftbutton/01",2,1],"840":["hallAnimation/Crazyvolley/newAnimation_tex",14],"841":["Prefabs/BindMobile/BindMobilePopup",6],"842":["Prefabs/ServerPopup/img/Di_player",2,1],"843":["hallAnimation/CartaSorte/CartaSorte_ske",13],"844":["Prefabs/WheelGift1/wheelGiftRule",6],"846":["Prefabs/VipMonthCard/img/Activityrules",2,1],"847":["Prefabs/trafficPermit/img/img_yellow",2,1],"848":["Prefabs/Rank/Texture/super777",2,1],"849":["Texture/imgHallOther/notes",2,1],"850":["Prefabs/WheelGift1/img/06",2,1],"851":["Prefabs/Rank/Texture/zuqiu",2,1],"852":["Texture/imgHall/20",2,1],"853":["hallAnimation/Email/Email",2,1],"854":["Prefabs/WithdrawalPopup/提现/img/withdrawalPopup",7],"855":["hallAnimation/JACKPOT/JACKPOT",2,1],"856":["Prefabs/trafficPermit/img/jinse",2,1],"857":["Texture/leftbutton/02a",2,1],"858":["Prefabs/ViperPopup/img/img_vip_bg",2,1],"859":["Prefabs/CustomServicePopup/img/02",2,1],"860":["Texture/leftbutton/01a",2,1],"861":["Prefabs/ViperPopup/img/gift_title_1",2,1],"862":["Prefabs/FirstChargePopup/Texture/img_bg",2,1],"863":["Prefabs/LoginPopup/img/nationalFlag/肯尼",2,1],"864":["Prefabs/LoginPopup/img/nationalFlag/加纳",2,1],"865":["Prefabs/CustomServicePopup/img/04_1",2,1],"866":["Prefabs/ViperPopup/img/btn_vip_other",2,1],"867":["Prefabs/ViperPopup/img/btn_jiantou1",2,1],"868":["Prefabs/coinCollect/img/08",2,1],"869":["Texture/imgHall/08",2,1],"870":["Prefabs/DailyTurnGiftPopup/DailyTurnGiftPopup",6],"871":["Prefabs/CartaSorte/img/bounscard_zhezhao",2,1],"872":["Prefabs/FirstChargePopup/Texture/Biaoti_best",2,1],"873":["Prefabs/WheelGift1/font/wheelNum",8],"875":["Prefabs/Rank/Texture/zhuanpan",2,1],"876":["Texture/imgHallOther/06",2,1],"877":["Prefabs/WithdrawalPopup/提现/img/point1",2,1],"878":["Prefabs/trafficPermit/img/anniu2",2,1],"879":["Texture/imgHall/bgAni/ICON",2,1],"880":["Prefabs/WithdrawalPopup/提现/img/02_2",2,1],"881":["Prefabs/DailyTurnGiftPopup/img/dailyTurnGift_atlas",7],"882":["hallAnimation/Astrology/Astrology_tex",14],"883":["Prefabs/HallBigEmailPopup/img/03",2,1],"884":["Prefabs/FirstChargePopup/Texture/0111",2,1],"886":["Prefabs/LoadGamePopup/LoadGamePopup",6],"887":["Prefabs/SupportPopup/img/supportPopup",7],"888":["Prefabs/ViperPopup/img/icon2",2,1],"889":["Texture/leftbutton/03a",2,1],"891":["Prefabs/trafficPermit/img/imgputbg",2,1],"892":["Prefabs/PayChannelPopup/img/02_2",2,1],"893":["Prefabs/ServerPopup/img/FAQ",2,1],"894":["Prefabs/ViperPopup/img/VIP7",2,1]},"types":["cc.Material","cc.EffectAsset","cc.SpriteFrame","cc.Texture2D","cc.AnimationClip","cc.ParticleAsset","cc.Prefab","cc.SpriteAtlas","cc.BitmapFont","cc.TTFFont","sp.SkeletonData","cc.TextAsset","cc.Asset","dragonBones.DragonBonesAsset","dragonBones.DragonBonesAtlasAsset"],"uuids":["00R9QPlqxIAqUgim4iL3/5","00YSPpT5FKB6xFiWnzrhoA","013tSCFwtHvbMFMYAcI2uJ","02gb3T0mhHpZ6Pp4fRrKan","03gynPT1NHi4s2arMx5bGy","03tl7qINVHrKzH2kdmZwjS","031Jxol6hHj6RfmllRD05S","04dx0l+45EGYyPxWjmf2GR","06i4C3L05KXJm+4doO/t/Z","07L+liUHRDZoOyXI3Bbut8","07MJqw6DJPqrF7rAD+Qxrz","08wIuLiGhFmoPKseu8BEU+","0aEcIdKfRJ3K/RzgFDJAF7","0b6AfrePZBKJdUUGAHgEVS","0cVgHfzNZPsr32+EMYqFCF","0fgrg06thLf42X9/wNjoDn","10IAzCn9VJ2JIlxltpfEIk","10/TFKpOVJ1KjRV0g41X3F","13rNrlw9JOjogOpCcM9B4x","14BmA1SFFL2Zx90p6sYaG6","15vM4nldxFxZfSdB9hPM4l","18ePnM3xZP0YwCb8zhv95r","1aLeZJdXJIQrrxYILibQbB","1bvDGd17VDoqTPdVFf8yyc","1fOvNHRNVKVJP52GhBoK6C","1f/sSuP4xNQLLfdBEHUST9","20vK1pfXJGL7rMdQ4ruP2s","21eiouP7RKGqumxK8LSPYJ","21zSJ/i4VBeodbwId1sp7I","23my6jOwlGlYPLJ5om6WAO","24L2BaSvlEuZDXJurILk84","25QJLjCutL2auBH6Zylb6T","26JkpsllBPpqXdL83uJ4Ko","27eo5ZP0lKFqjRuOlUqsoh","28AdNmUBtCNpiPAF16FB7L","28x5xdQWJEZagCBkUqPL7F","2aYInppiFF+oihrFoLeGBF","2bI89CgUFIWb//wDedQXoL","2cizeKIg9Ito3+YNR7b9Ic","2f+js0ew5JBK+HsYnWpoxI","30jPZgc/ZI7LkgHzl+zFmc","39VCB7PbFAU5cT36/OSPUG","3acOtxbf1P36165aJ/tynX","3b65/pbw5DHKbvc6I2O/tV","3eQFrolwxIx4FCZR3/0Wuw","42XqHaXsFJFoWE3J+P6jq/","45zJNNlSJFSrzgrpVXeINS","4594BjKBdHqb1PsSVEcIHU","4aJIde86NMJpKOzTZsc7Zg","4bWN6Ll0hA3YZ2uAHmrFZL","4bf60XFJZBjbHQkTX24YF9","4cIvP5S3NM55x9b/T0pmpE","58DIs5dTlFaIUxwa/DvPbG","5aiDm7BztLTo7/ZObC2Eo6","5dn/dGQHdM+YMMbyEBtSOV","60BBJOtadOH7bvIYMSY7tQ","62DcKPCPBD/5VlBFGduyoj","64jJOdWUZBMLGJZ1lwT0s/","65UaCEt39NzLvu9NKWuUAJ","681UgCINNP0JtV6aauAEAv","6fe0kI2xVG1Y+PeUS7vr2t","70LuPArUlHsoXA+/rcpx3F","70qAdscudMqbC9xUpiVYKd","710Nb55JRLG4zOkTGFyEiy","71+21Hy0tI377fO8fX9f4J","72wQdwz3BPx7RkKLsqh/0y","722pkc4/RBoJf0KHtX3x55","73mGZabwBJ15J4OtAzhN5A","74FEFVCgFHYK5OPpvhMZgW","7cCwRmjopKiqhDevuai8zW","7eXX8v4cJJZp0waTKl2Gwg","82HkaBiPZJoJE8mwWroW1I","82VGgdCfdLnqux7JhCDn8I","85qulFxuNCArFNjSTZB8cD","86g2nbsYxPO5Pn8MCzehiT","89fSCT6QtBDLgYFx7cohQJ","8ax7BygEZHz55tqszgjJwZ","8bFGp6ViNIC7I7sjPVZke4","8bTcA81fNBzIJCykPMrowy","8cX7H5NXhFYoTbrADlmuJz","8d2COwsH1MprVqQe2NoSPl","8erTfZJH1EFoFLo1VeLtBf","8f1WhCJ6hJB4C9VmRYoDrH","93KOWeT59LPpf5nTcHyqES","93LZB6cdhLgYfQ9+yHJmP/","95jYJKSKBL+aTMmyBab7ug","98WZ4h9fdIOYdZ2Lebab4e","9aL6i9hl1HV4eObNUCLU7O","9bGRZmx5dAsK7OOf9Vv3Ss","9cM6uqEBVMd6vWVj+WVjsm","9czKVaiklFCaz68Cu6IzTq","a07BK0xbNEM4f16BdrKzNl","a1agoIqjtF1ZwFjJ3hiTAL","a2D2SEvzBOIKMhfStmi9d4","a4Ve2q8N9PKqsBFjBL2xk9","a5Dv3GrANOUYUjtA+IH7uO","a52cgxC+BBrbMjy1/E0KK/","a6TFtIS9RE/4CvpQqXrjsX","a8o/rye2VCfYNw+vFh2urs","aaLzeYgddD441liS7vJKh6","abOxHk6axJCb3yVupODQhE","adGSnlI+5CjpOHPqcIubWp","aerpnmIOtHEamysj7l7weF","b0kk6nx09JYbjY9ZYIUTGZ","b1TuLaPMlGoKXbYYR+x5b9","b1oQO1FNtI9ZR2apAbXj5q","b15NxsMm9HEbZy3bi4fsZK","b4hJHxxTpMAJEpqdXuGjVx","b6+GhGX5pJP7jie6nf+8wR","b8DuSYN8dPc7veZV3jjWGB","b9wbgRTnNIl7yMgnuFaUmr","b97GLvHXZG6JjbpO+1Se4f","bbXMNK/0RF2pJ31GDTdwYl","bbhn9FhFBBnZWlN8cBYrap","bcuovldZlBI57ytkvZrsiq","betRDIYTxGKZ9cboPz/nam","c0dpoNZ9JG078oKwZmAwy4","c1pxC6oQlOHYK0LEx7hh/V","c5lYNYO/pPX5k5HcA7gg0s","c6AN1nd9ZExoh4m2zM/emm","c69PxwtDxLT7j1DYyEwlrZ","c7aTGlMPRHfKKkVFkLj1sE","cbGEPl5wZG24SGI9cwe0rJ","ccIJrPrSBEfrnNVzvWYITT","cdygUl4sRHJKiN/kv/QCnD","ceW67okbJGbJxYwd4aEcCz","d12VMYfq1CrZEkBnd6YBS+","d4n0VW+QNMxoc9dGGy2cfV","dboI1eJiZC0ZZpAMtI3Wvv","ddOxtm2BhNRbNRsDK6a3gT","dfBgMhMiJDT5XUhEtJAJLL","e2mIApGc1A4Lm4EvHGiCHh","e4w03vXqhP6blgcdhmM1gb","e6jlbuOBRAR6vUXu9Q36uA","e6rEpVwqBIbJqcTenzySEc","e8efIb2WlMQoPs3LaZijgF","e98u7ik8lLjYmxqI6tRhOb","eb4uLXzINOjob2kGt97Krk","eeKjlixohN6p/87MALmK30","efoR8/mQlLs5aSw8STjeTF","f40Ctq8+FBY4h9R06VkvbJ","f5EGDLMW5E17lDBSP/Go7X","f6+lbrkJtPCanqffHsup+2","fc6JyUcnFAKLMUd7B7Yxp0","feiRFD9khH0r4PgzOHN/Wb","ffM2Io/nFLErQpD4Vat2qA","01KjdbZu5M8KgYz6xaPE0s","01v7M+YKhOe6OzX0r7ZyoO","0161xfKaZGebTzD2GDxivl","02crVDsgNCwbj/U1dwfT4u","02hzYGie1Le5UZlcXY2r5F","02y3GRJ3JIQZ+ATfm+Ouwu","03Mr9ElBFPEYAq+X4MMFr0","03QKEZZ/BOYpyQdEo6kc6V","03kaDsNt5I86TZqX1TvxYY","04P+VXh3xMQ4dT3KQKOC2k","04sYS2UFNPOYAspi62B0gZ","05PUPXnZZC0pQie48A6A/m","05+tCVpBNHE5YXaj0i51ha","07z/ebjr1PN7fXS1JGbObt","072vskgg9HOpGhWozZUNsz","077MXjSLlC/qvf7jGbwyp2","08MhK4dMhFCKU+8aLd2t1T","08n3x8W3RCu506utj/iNCQ","08oWyGF/JEF4EbDEfaqNY2","09NzuNweVMyZjj0N4Nxt7N","09PtmIg/BAjqSfBSewlaJT","09cz6tsZVBVqwYEVWydqJI","09sS8YD4BOMYApJQxHgFzV","09tookXNJHT5Q17TYYvJgx","0aIY4RuX5LrbGK4P/G9m4G","0arfRlyeRDxpMsvbfJ2KRU","0bzF3oRZ1PrLGmzG8T+KBY","0cAYG2I9VLSbUs4hGW/AQp","0cc137R5NIs59v3rYpvjxs","0cypDbEA9HfoyS9angHGJI","0dHEeCrLBGkoHbcYIN7XW6","0d5F1deqBJvLWe/ct3ROlm","0eiYPku35EsoKL3duATPTl","0es+DxiMhOoZ0SLBKKg/hY","0e4hjQZztPZr68Z2xHQW1t","0e7ymPsNJNYJ9Ppj4ZztDl","0fW3sW4IxMT62039pgfPny","0ffZUG+oNPV5OQ6ZGmDBmp","0fy1T5u6xKR454GF2SmJZ8","10VzBr4c5JApmV/kejDaou","10WsQHT7tK+KynSfChjHfR","11950c273","11cfb9fea","12XeXQKQpAFobdGF9eRRCP","12bi5rsQVFXo0yiplYaXPp","12c1c4373","13186001d","13db6bab2","14BndGIc9LaoyoVqgPlFX1","14Jitn3dlAfazOPBloSt+M","1434e6325","147768f2c","14i+Vb0FxAs5ZttYboQeaD","1510e1667","15G804B/BPv5tqbMeIgX96","1549092d6","15Yt4z+2xCvrg8q5RSVwDa","15eb51085","161c35d1b","162fe52e3","168ea7419","16b381433","16eb5d4c6","173/sw5zhKBoCO5nVFGGxN","18225a585","1827c9c7c","18LwGdq+xKeapNp79QxA9P","183cc1c51","18V+Un/fpAz6TX1/0u6H0C","18WSEAWWlLWreFWzWsfbm4","18ZizGhD1CXaCJvbogMiwh","18nWO4f7tJJ7ZX99SfWUTs","18d7f57fd","19CyUUnVxPtoGPmLL9lABl","19kV4v21JIZbZZObon814c","19oMG//xJAbZof7A9rNlKZ","19yHHJZPZKfYVyyK3UyUpz","19f45413b","1a08ca769","1a3b93f0a","1aYaG18xBFkJoXx2IDDlah","1aeb76e70","1a95qE7chN0rQWRH4LNxLj","1bF3UhdxNEcovawMYCoPi8","1b4b35ff2","1bdOlPkTtLZaP9oT2UlEon","1b7bd1294","1cjjuVgCFGypjRUUUeypqJ","1dU8ZNviVFU4aZ05pElpD6","1d5b06c04","1d6394958","1d6f9b4d5","1drPJwgSRKXK6fQAOqyT4y","1de662e9f","1d5v0Gb1ZFIrYWawhLYFgh","1eBxjmAkZPfZO/qMCl4Xr0","1eENEbAuxEwIaQ7lWzkjld","1eLOclBERIuYsukyhz6VBT","1eeAz97iFFpZBPWPgzyfMq","1eb080b5f","1e99BcDGBBC7fghIvUYJbt","1fEyQN9A5E8ao12IHUuzL0","1fOrhIYGVDnr4trUFDsJjh","1fPYI7eldCp4JLyRs5QbFD","1fRPjoif9L96O4iNnepxEH","20NKBeWRlK+4DchOjO7sp1","20y+0LgkpIr6SZb4tsxXFL","200aqtd79EzYcmarypQz6Y","208Su6OL1G3LK4FwpTLDR6","21fRHqCfhCwbjdtSQ6GMCH","21r7LOOfBIoq5XP4M80eVY","21w15WjQdKJI/Zg2NzIEhu","23Un+nvyVGeaClbC2Hx+NC","23e6y5koRE9Lhe4oPKVfl5","238skBwjhOLa0KDLuf/yqN","24mpkY8mZCdLRPIPjITTXh","24oVxyihBPpLY0aETXlG1D","24qGEINXxMqbqB8E452ky2","25DWOpUI5DYpSWegBiPmTA","25OH9yF2NGvogfgd95YZIA","25aQdEUMdIL7kMpXpPIz8f","258FdYiGlDR57n47AdxWGC","26W0Ms4sNFmq/yrVgMUd3B","26XlkpxQ9DOp50lEo5B6SJ","2611stNKRCfI4xxDwD7rli","269qAPeoZDuqBSvNzVWtua","27FZeeSmxKWZaQHZuDwc0S","27X3z+RnxJyrJ4B9VhroFC","27bAXV1MJDiLd2v0jTjTlk","27eEC/WDtAz4GroHDFvZcL","27u6RMZ9ZOFqsjo7DIZZtf","28EPlzP9lEQJgwdeX+ZkKu","28oADLsfJBE5VWlGF0/Gsa","29ZSQ8qh1IFb1gXRcl8u8L","29/Ua/GlJB77BNX/zfdYcw","2aDIFUBj9AFofS/VBKlNNM","2aFgUXcNRDvITNY2rX/yrK","2a1kTrHLVGwoIAdukwUagt","2bYGNl0QVEdYndcQTn3buf","2bZclOmzBCf4gn675yfg9N","2btKCfAUxBLIV2lAIBQmld","2b6V2mFIVJ1LEsGIbtsleC","2b9GZKs/ZF47M+cG7fpnDr","2cMilSjW1Pw6rwQ2F6Oglq","2csH8UXT1CPITd/29G4isS","2cxmQRmV9OgpmD08CiMBwC","2dGIhh71NGIr09BD9k/ufi","2dOydpn0JCl4I6f4meI3zC","2fbu5OmllNH7xgb9QZL7PT","2fekAEx0ZObqW5hTdCLnCd","30E/GhD7FGcYC4UVIajvvW","30IN7lk1xD2bPpbpEeYR22","30dcshhtRP9a7amZM/ifl8","30f9XCwX9O26RpT4iPNbEW","30mN9TRVBKOZzVRPUqFRUy","30o1XDHDNKRIUAIzI2yRJC","305gUIP09N2oRe5Wgx7Bau","30/rrhiA9Eu4Wrfge12QF3","31CjZa2aNLpYW5sfnsB5/J","31PqjF/u5LYYmXYXbGlMfM","31ra4f6QpEoYGm8C9sQKoa","31z5AB6GxNVYJZQCXqzQb3","32YozsztRL8oTxr3zfEp+T","324PZN1ANHiIN/zjOVYP73","32/ZGCCUNJJLtxWC39tPqk","33msTXXHRKNo3ZI4E7DxnF","33z/yNqrpLSIUOU+Q4sE3H","336/dhgq9GnK9d3TDNSkZr","34i+94P01NFrTU3Od90kF1","34lZBg6z5Ko4zwCpY2n4lD","347DcwJvBFBqWTZctVATiC","35F7s4XdpHtrUKIAsB5nR6","35gxyt63VL66diWjnDkN3L","35juUQit1Oo4UBR32CP2ec","36QTBNB0BBUqGJq60Q6TwB","36WUf0AdNHsKIGFLIkhY5U","36b8ZVfsVO+6hctRQ22HVq","37K/2tIfdJHaYbvDQM+TOZ","39Bnts8lZIe6Ry9WGfe6Ve","39C2x2k7VFdK17OTzc70HS","39ETG5BKtD2pVRNpOhZ5Pd","3aRL4xsBtAnq6XH7rZis9C","3aUMDSA2xGZ7D37MKys4+F","3ak+ib/mhB77rnDKgoTxX7","3eZYV+5qdJxrFfpTpIt9fH","3ew1RDYwBF16NZ9GhXe8mC","3e+N57hYdK5pCtv2tGnRGe","3f14SpQiNC64A8fnZiar8v","41PWMK/ZFK0oLbhl9NLJTu","41jP7UMaJCj6w1PQR0BPwb","41sTHvKZRGlZQnzuaB0sBp","42ElAmtn9EvYrG6LhIbkPh","43cGgnPs9ODJgGp/ZNH+if","43czRj9JFBop/mvy3O1XUV","43inGY2ytCqKuOYgppm/67","434jnwz81I6KtYUQTRRyrD","438GgzIkNLM6ltXkWZ6RF1","44ve6OY6JPXbiVXkwdi7Fj","440o+lacdIEqxWo2ipc5Xv","44+VbMisBI1o8hRGXZ9uPG","45aJv0ORZO8JcRZlHZcne+","45jtx081JKzbp9txcL70zV","45n0kmRZ5KPq83u4rfZpBL","455RAY1cJBKYHDwHIU0RyY","458T7g9B1KTrFv04VpINvQ","46sClkLPZLHoRuhfYUiFa/","47tjlSGr1O94yLsR7d6H8A","49U0Iz2ARIN5S9uN8E4j9q","49v0Y2Qj5Bo4Z3v1N7jTwF","494Qv0szlCQ7+Lfemoa3V7","499FlT1X1F3pm3HC5b6Zik","4al6AAYzNNBKAhL7DdHTkC","4a7dEvnmFA77vHUIUKfvay","4bPR7x9MdBCoZeQbdsJH0T","4bQVX4LaZGWqJL6xav+/xp","4bUch/a8dPta1PHDPWf7kK","4bq2fLGOZAmbhANV8Ec/iQ","4cVqWbZWNNfIUIesDoQfnm","4c/iNG0MZD3JeeD/7A+ezp","4dc74An5VCfYrtkfPsYunS","4d+WY8eV5Ld6bd6vVU8p0m","4ebZpTtp9Jx4StsBvB3GDU","4edYc+o7hD5JaLXmAy3FXN","4fiRFsXQtF8b+7HOlK1LIx","4fzaZakipJNrwtdWYXonbe","50CTWIGOVML4cNbCkoH1F2","50Eaqrk7RNvKgH+nqfTeKN","50HtTnEcFLAYuQmNdOdzrP","50s+j6D8pLe5xStC/Uk5Tb","51HDuskmNBl6+A7ty4Y99B","51LKv71ttFt5Th23OuOVCy","51akc89kdB34LE4I8OmovQ","51d1uwIUJMI49CKqiV2N6L","52CD0oISJLsKUhq00DwceC","52DsrTZEZJ8LJBC7pgSvSL","52tRayx01L7bFKiY+eDER7","52vzqOFuBGzro/EJIke3E+","524V5ZHcFCNrPpJQvUcDSj","53OyOcqdJPjIao8xJ5WsuB","53dHMoDZlMa4H9T9YqG1Oz","54CJQAspBENIa2vCDpN8SO","54OOfof8lOpYVgWew7PrUP","54YMzN339AgZVnZPg+KpSD","54d9eDOqVFYYwLTwW9Vkgc","54wZGGhB5BW7W2tQZ9IEm6","55SIww+rdM+LwKpn9u7cv2","55h9IfLPJG9IekprlwKPwO","559/x1tU1LfKWRxDCRKJTI","56B3xn6adNOJZReXLvPl1p","56YtQ+ZXREJ7Uvw1zM0haX","56dRbDaslEs6ELVedKc4mY","57k5gz6YNEQa8GcOGoD2H6","572ZTq5MVLObGL3q8aOfLZ","58C7Y3mRREJpVx5T/stGmV","59rAE7EWBOY6nleOGEPnnf","5aW1pwjTNEsaq+mh5F/7dh","5api0gNVlCrp2gXJMRTlww","5a28uHCY5Mfag65sMoWkEX","5a4a0eRMhI27o51f4fFKPW","5bE8QiVmFJg4osd7AlP+Gv","5bdchG0gdF8pw94DuPa+hX","5cJ7oGHedH1JgfOqVrF4ex","5ctut4g3JOUZ990tWLeIh1","5dag9ac3VGXKK24L2fwSO6","5dot5vJ4VNI7wt6r4nCE5s","5d0wvC519EgaF6qYyiqrHT","5egOkI2r5EhphdDx0TyBP6","5fBwxkobJE/rM7c/Tg9yzL","5ffAA50ztDnKmDzSDVm838","5fu5dtLCJO/rJTEAzLzInq","60VfFcZmlJeJJf42i2lYsz","6023rg5BxAs47+6h7ZiKex","61+IJn179AmaLZ3W3aYvHf","62ibbYVv1Oh4pfuIczvfvw","62/VrerUdGSL4IglpUlx2t","63eR9R731OfpBq9FQ8eKSE","63rSqk4N5G345GcfF/WBna","63vIgPiUpGopt+Hf26q+hQ","64FJCbUbFOlZpsNnKyq2wh","65SI7fk4pNgKNIiQWM9Hev","65j8FYZ7RMZrkWljCZ5Rgg","66CqjIofVC55+Dc7PML0eH","66Zd8xrRhJQ6k2wViwx6FP","66sibZCnhHhInfTN1A2IBa","66xkoTvVRNw7XsxfaFJSMG","67pUEQci5Nhps1kzQZzQIi","68BqrJUMVF0op5NGqsxZO3","68OL2BNRBGZbYY7qKbsE/j","68QcVMfEdCb63fa0KmNtRC","68XVKMh3tAPqf7BxH1mX5R","684ESkCgVF6I5GRMZmwfX4","69NUt7u/BHSYdsI1A+3h3u","69QXClNq5P55E99C+V8Rw/","69/bkodb5PNI14UIns1DV9","6aCMmSSyBMrLIfqXuGSGGi","6aoG3FRM5DQY/8781og74m","6a8AwnA+BOFJATatO3kh5F","6bBcpT05xIA4kFMJR+u1Rr","6bEikAt+hB7rb8DtZwE5IQ","6bkeo8UZtEOIMsbZpo7RtL","6b5ItOValIcKAW9qKxaSK+","6cLPNns65BMpNKGswkq2wb","6dChADYPdE57UPFcz38SqP","6eAM9vbixPMLSPtE5sN9ZI","6eFotCJ5lPd507Aylm2Qfg","6eMUJUW1ZJKqQLR8EPKoom","6eVxD2W/FO7JN210mmQx/a","6ekle+B8VIR7OTMRlB9VlO","6emvFjg05FkKKYAH73try1","6fQQ58ks5EqLzFLTW1rsXf","6f2v4VD1tP1KRNaQFKwTdI","70jxPOwCJCwIPpaPLPubaa","70vzepIBpPQaROabaPbUqQ","70yRUiGAdDhJqCJTTCp4dk","71EQ+h7JJHX7rkYbqpSOyf","72AFk0MjhM4JAP5Ru6cE7w","72inmSWy1Ckp/J/RDL6tF3","73PPqssfFOOY4fFaiRCI1Z","73e1ZQaChPjJKg5obfj1Y3","73jDzw7RlGvKI3pUdsecN5","73psNlCGlOUIrmZpA/0Ywt","73/VrpAhlLabUCi1DpsVhA","74O00WLXRJXbKip6gtjh38","74Xv3+8xRPMYrJLeKZzQNm","75K+v92vxKVr5gyVF98aQL","75M3dsITpHKaeWCdnEki/B","75OvkkadlLpbpwjnpTnO+t","75dmJj5YFLKrwg2TsJTlwe","75euFnBFxD+YYJpt5u5b93","75pVGaGh5LEI3OWVs/7rSE","75+FmdxR1Nh5W5rmS+A20t","76DGJp20JE+ouslG/cdXtn","76PGBPvd1HEJPHfTmuSu+n","76l8piOMJPsLaUls8/AW7n","76uUSjZ29D3omkd5uP8LhC","77JyrbVUhHMqPJ7vEdw4pX","77bInsKStN76N2uF9nyxYr","77myU/Fv9LSruuXVP+vgL9","77pwwTY95N3bdaFN69klb/","77vUuuSA9Lgabwv8AilBKz","777Itf/llHuJSx9BCrRVL/","78NdGH87RAjJt9o8gNDfEC","78VLO2xdtFaZWeJWpubeno","780iXlADdGNrUn2lDzRmNh","79mAR1NYpE2LpWuBa4jpit","79twh8fBBNm5y0QhSo02Wz","796fRGDIdAL71lDStpSqiR","7aB/TtirdDmIMDArvptIRx","7aMqXuUJNNQLjXV7IIQelP","7aZU+sW71GNICH7WPWbQGM","7abWfpFfxCkKWgAKBzyImM","7alNskBpBGpq1uudLoa/b6","7arHM2sGFNv6GHXEZ30QYT","7awUw79CdHaLZw9LNaMeZ8","7a8Do5qO9MUIKalzHn6zQI","7bBBsqq4FPAah9WSzjrFdu","7bdT19/tNCtqHyqwTmOLoZ","7bh+NqZn9Kg5Gqmw/yRYbd","7b0LlcfH9AhJQBFF1OfJ9p","7b6b7OReJMprETOdfBPxD1","7c8zQDcGNJHKkvipBHHDVc","7dRBIxge5HQqOaV2gc46iQ","7d5egm+axCWalSoVWPwSLu","7d9ft6ZSRBvqPcPfEGhG0n","7eBwdHfWRBoIyswPlGb56c","7elkquufJHbIQFygLbvzZG","7euEBfVOBI1InRxebiKil3","7fJnHjf0JHvq0jFk3m5ROM","7fMVTqYXhOxLRzmH+L6Sr8","7fYi+ciqFLbokfmbWk2ick","7feOKRyBlOaqCOSXYBhD89","7fv/6MSfZFs6/p+d4gfAJo","80Vv8OdPtI/7YbQKR3s6p2","80fdg4N2dIWKuNx39dnsh8","801QaMbFZAroLtpRDcn1wm","803kjFIVNExa68HHC1IHi2","81LDBLOalAXpciKMF5Oqkv","81R3DiTr1CGoRNVIIHc47u","81apcd8IxGn7OLMyfzr/gB","82roXwHx5FLoSRuieCPB4n","828tq/uWRO3aysopZhBxJw","83QmtHjDRDMprOan7OcpFr","83luv/TbpK0Ixh31w/XT4k","83pLi1toZCMJ8pE7CpeKtU","83rxM994tCsIuPx2F+4rRO","84BmvSDGlH7rvAJQq2LrQk","84IyOcvA9GFLyZiyon7AJx","84UIXai15FQ6xm01qGLapy","84evnijOBHlbHXQDKbrOfu","842VX/VFdLU7KJi6Ud/0C3","85MdOkWMtKs6gDiE8x7/ul","85XIcT4SpL66lGp9oXqqPq","85XZ6AL1NDeb8MwO/vCY9z","85cYyzMyVCoZ0YP+CbRvk/","85r7GRG41Ata5koyCraHg+","86gDsq9hlCxZvLljZHeGDx","863v5mrRdMtLk2QfMO5x9d","87KY9JaSlMj5rUkH3/Msjz","87qTnYXQ9C4bi6wsDKV3AX","873gfwS2pGJpwvW4++bi1V","88AKwDHxBNj7X1gqfLV+Uh","88SX7i39BCqKbiJ7a5h23z","88dZxQv0hOOITIwUFteUnF","88fHFCSLhNLqu1AmN8x4EZ","88/wEOSK9DPIOiCnaEsLI5","89BqGlXldFfJdP4q3b7oXI","89JN/iv8FPWJn29DIMbb+7","89ahqk8H5FjLamQuTkox+g","89c65JzixNYbiz1aFf8n1v","8aBR5/9j9NHIyJaZBcYC9t","8aIHVqa9xE8rNjMh2MPti/","8aRbk0v9VEfql7TOS1njLk","8aRzNtQl9DOIAczM6B+PRM","8aYtZFPUdDCZvI5JHBJeHq","8amnrD9ylIcqVHNnnXXa6J","8atA1d21BCRpPe4H11gfjS","8avIfDLH9MrakSo6AvzzDk","8bneXJGPhGgKJlvNAWtCVa","8b+qFgDC1OVqCDpscy4HpH","8cvC10gBNEMom/ZnM7uIpB","8cyBIJdg5Fj69EAsxqRGxs","8dT1EnM1ZPS6RKRD9JQJA5","8dXfGycbZNR6u8V4DEpyot","8dZNPH75dEcJ6GnvpyyQV+","8dp3MRsZVHLKtnlqIhDyLm","8ds608AlxDPoggemWMdVY/","8dxU30KtdJTauGNwTaZ1e+","8dyyfW75xOQqOEl2abwt7F","8dzstpvhdL769ulYUsnuEj","8d6GS0105Cn61HWawIa96C","8d84aoi4JD04rJoytuNqxP","8euTZa5FhC8bcfUTOPBIQP","8fmqW+TJ1O+5fEfBr2ZuqO","8fxknsXXlEzLy43yH+XVBi","90bnEUV6hAnoND4abQOvCA","90tJnBUU1Dpoy89oGllNT6","90tRC18/1HsJDp9TsoazUW","91D87mq5pBz7buaryVpVmh","91IcyUj4dGEZvTjhApNego","91p9GzrN1PtZZ5gwS2TjYd","91vg7LbltFxqAg9Ej6F0hI","912LWFWzpEGImGql30NVGC","92YWfoNB9LE44DkW+CnLHp","92bfsDqn5Fk5yLlYgf7oaF","92cognitNGfoURi76CkCN/","92fYphlMNLqKJzvtcaB2DL","92q3N10KtHh7QLl3q5+Psm","93Qq09T49GO7+ejp7qVweL","93cvkt7bhASqUVpJugl4OI","93uWwwA9RGB4PH5OLiA4NX","94NtOF+FlHRZ5WrDBdkviI","94Xko2d09KVJIEXgeTpsoc","94r6UY7pFOqbqTH7Y/a8aA","944W4/LXpA6pkfPdejMskP","95ZYv5fTJIpqZbLe+Fsr/5","95pn1d1e5GoprHkX37VXqH","95vRSOa+xAnqCGpQH/5R1g","95+P3RPJlI4YN9ksTuIS4V","96Jj6UcgRJj6rS7U4ugF2L","96XzgFbW1PQIbx7G+taZ/D","96Y1EPopJPZoaE65ShfsXy","97QoKBm+lAopHbWGJXe6YR","98AV/NtzNNFoeYK76vzLcL","98Maj5/eZHNrcTPHr8KWHh","98c/oMNuJGiKLA4FLpwAp0","98gReAaSNKIowhXtXsmDJz","98klnmLjRLj5Q3ZExK9rtD","99BQR7wTtOkIn9cJzZ7/rF","99eVjje7RJB5LP+N+6YJEZ","99w1XOahtE/4f7tL7hDWVK","997FBcyXhCR68szmwnX37T","998zbxfdFIoJICkUhUergv","99/3FlRDZE/aZWPSO7jN8V","9aIzUPDixBZKz4AmWOIs5D","9auPafYe9GKpDzMWNoV3Lm","9a112x4ElKkKGFeHF9bl1J","9bGJrO0xdNvZ7wnJQ0bK1E","9bK9cT1pFPlqjh8dCQ01RE","9bx/w4e5ZEb7DTSXDgPXw1","9cYMCgXztOG5XbCCOePfSK","9cymyiRfJDXZ8c2GS0zAS/","9dHxdfEhVFw6psL8S4V5fk","9dYy/8tcZFvLpQb2Ub0Tkd","9dg9c3CLRHCZ6IAEfBEWZ+","9eHA2BuThOFajj4WWJL0K1","9ePgtJm/ZGh4d5kzLP0PTe","9e9tus0oxI26oZZtLEBx9s","9fCiLOPPxP2oiCEr5uF5Io","9fMjJffftEI4UpPI8oSvMv","9fnHyHpulPDpkrDg0WQOjZ","a0RIUXMK9JXIxLO5LqOVIZ","a0R2kU+MJFpqRh7DFM3x72","a0ifap4iNHI66y1nWeotQc","a0k9vqaCZFCo4nxP0U991D","a0pHe5oX5I75krihbJz5MD","a00AbGrddIk4aHX8YNO1qh","a1EybIkA9Ff5GdocOwYeFZ","a1jFroLDJH5ZvRLxiL7vzW","a1kGIgeDRLbJysMxJa2Zi2","a1lPN4M5JMdr+v00koMp3D","a1rkupkHhHSLUFIurDc5pp","a4csjAHUNDq6DP0n0A3ksp","a4jbalw6VP7bYKBM9KGWRj","a4zCndzDNODY2R8e5P2CJG","a5YR8YHfBKzIcuTpf0It4f","a5ljKhy8JA0bwwpHqs9B9Z","a5rrHuj1VOp6UXKPiC84sE","a54Ae0coRCB5LeRR5wLrt/","a6PI4vxk1A3LKTPPluORsO","a6aNtw3RlP75lNTxBVQAAh","a7oUdiWAxIQpf0UByopDFT","a70BlBAeJKj7PVeTPWrGlI","a8QSoAcJRDmrsRorwermpQ","a83O8t3vFDoIWvqvHmTu/b","a86BIFNplHt6KLavelrJZt","a9oClvdIFPjraXSmQG2yXO","a96eO+++BHuIr/j1afUBu5","a97PVYjOVHGKNn8aZr//W+","aaF3lq/ENMg50KOm4532pA","aaUXdpJOxKz62UPXsoHZC0","aah1mHs29CjJD22p+9sApA","abD21Q13JM/ZuwfGhHfHxP","acK8xnzixIRLYw5iZvR+kB","acctDTWR9JZaNpTCNqTFS9","adHf75UOBH1YeZFdh+3Ra1","adQxayvdNCqZgMzZgh2dru","ad0TE1lcBOdK06CYmf85Mp","ad70Dilz9HCo6b6AZs6usK","aeUVM20PtPjLKzFQXT/dRD","afIT159mFOW6U9SR3owulR","afMzpLjRxEqZ81BmkbOp2g","afWQAvVrNLyK9VzLkWlTgc","afcbQ8xwpEU6CAlb5RwjOe","afe/2a91hJZpZbdtKSggXE","b0JFSnpshO2YexNKPosv0k","b0Ju8fiZZOToa66gpNyf3C","b0ZsX3GulDO7IErdXATfdn","b0hX1oKodIMq9DAgIw5L1P","b1OAh0ZH5MmZc0j8Oq7vDZ","b1jyjwgf5M+K+FgeHiLId4","b1oIukRttHVIV7z5b0EZ3J","b1wj24JddIF4ATksfMviUF","b172D5NRdCw5CxdmrdPi0r","b18OPhQn1F+J2P07CQy+EA","b2JPwB4VlLcpeZSvJH5rNG","b2tRkk86ZAIIC0X12Y2EM6","b3FKaT/r5E1qpz/5BWhf+o","b3c4jEJbRINZlx7IDROZPC","b3lx7GRvtB05Z66U89lkY7","b3x+9zi91FBZqhK1RhaQAJ","b388ChB1FNxb1qPyibqTfS","b5XopDfjlIjZ4SSqs7ZIvg","b5dsE97JBD/ZIMHCcV2l+p","b5ifI14OREN6NKfufR87bz","b5rb0q7B5LRrW7BkSZQ/MI","b5xMchIPdKpLYA3XhiTBfv","b6T1SyssFBBKZDqB9rpf8t","b6swUAqZtFjqHEebELXEbp","b7fNVZGCdI2JcqbUY+V5RU","b7fco4Kq1EsotFgdsYiAfk","b77hHRFplFBKM0mrDtCiiX","b8GjCrGc9JMo0VySAEv/2h","b8Mn8LxDNJRrIU8KQYfOvX","b9BpXpl8pFu425LZS3+C3N","b9EO7X8rtOCLHoIxH4Xdah","b9MOaUao5HkYqnlfORiXwg","b9gZIOXklAhKe8JbzuS4t2","b9zqOfAuhNnZzXvfq1alh3","b95NWHsihGdLyjgmpsscz6","b98pq8DnxP2YR7dk/ITiCe","b9/bGUXt1C7YypJISloWUv","baNzFWM6hDq4qfRT3MHp9y","badN1P2PtEA4fJd9KadG6a","bahzMfKw9ECLIAgyaEnkLL","baqEPepI5NP66MF3/C/g8k","bbH2sa7RNIU7i+z7qIuh4q","bbrYafFp5M1Lz79wukT0BF","bb91r4C91MQ7kV4/aXaZ6e","bdhcEQBe1IZYsFYr9F0uHs","bdjLA1nSFH0obAGznK4ypn","bdnWHxQmJDIZK3O/SBNjkV","bdr+ddRhdJuKNZwbHh1nKs","bdu8lOiMdOkr4g4xSE8a7b","bdxMQ2kWBEv6YkIoilbkFH","bd2Mh8v9lHWof02tPDsZIW","beLP1yyIRAFIDm8IZZ6vq6","beoaqHULFIr71u61AO3hi8","beok2meJxJeaJlHW7mKinr","bfVwckxYpF36TYcOuMjFa8","c0bFUEamtMRIJE8z44OAfq","c1medDac9Mb7sanWjIoLbt","c1q/BIhSVFQqWArvfOckEA","c1ywRFhotPybL9+cnFGWwa","c2BgFTm5lJoY+QMaroyW0s","c3NrvHJLlK7JICdYLw9vbF","c3bXXtVzBJbbFQgoBKkZpz","c3uKfU5wJLRo5wThABuqlT","c4ASWFDyNKELKoBqnjo90A","c4MyBBlgJPZ68W1UPHxyvP","c4ZVEaA0lBrI/jWyvxNUtl","c5ic3bM1ZDo4Vx0u5d6o8N","c5swP8iqhDvqIAvUsn2P/V","c51pmtezNNM5m/KHMyEIm1","c6M2w8QihKrr98SG+gGGyp","c6Nr5UC9BI96whbwyf7bRE","c6saK8mW1GOK8PMVrrypsb","c6+wzlaxdHwbo9rSivd8t5","c7RGDLHV9FvJOjPWGkQSVU","c8Q9cTTo5HIrZxzjdN/PC2","c9a3WgEXlFgrtaxBaLxiQr","c9rzoIrFFFPJFFdYexrYV5","cadF38W9ZCX5CYxE+Tdjrg","cbJII0fQlFO5yM98NhzNCf","cbKPPDvRtC8JjiLtksm7I+","cblj09/JBDqrESYjifablb","cb7+VZ1phG0IAEr6vr/CNC","ccAj8iiZlCX5mtVZ1a/aWi","ccUjOQ+vhB2ZmQnfbOWTsQ","ccjYZeGJpKK5SSPM1n32Bt","cc9N3n+NhEYI3FRvdJbpEQ","cdQIClCd9Ns5BLhMa54eu7","cdzvNj1NRGtLM+CG3ppmrE","cd6vYXmdJElrLg1/0lyPYX","ceEy1Ue3dO04DSkwrlWrUa","cedrQJcApFBLdkZUsEzSZH","cf+OSaG+lF4burhKJJ6qu4","d0hUGYu+VEYKtUrV24QRL0","d1IIY/z4dB/ZqxKnraEQwM","d1YmyRLOpB/ZllWaiMAAog","d3FB3nmzZBto9lGpNOpLzC","d3l0K4ietARqO3OgvXe0ox","d3xKza32RATrlYRsLYENpd","d4L6T52WJIpq49n5xW8rua","d4NxgSsI1OIZSI8bzBR02+","d4ZJhXYupFr7YgygOSJ2Oy","d6WCBelKBGXbsks0k3IHUx","d6X4wQKWtBNbUloQR3V8Vp","d6mZyutP9KXIXHVrDuX4Kt","d8C09TdMdFaIA/7EILSiK3","d8fos3tG5Ow5SILwLdLS/r","d87X8cbk5CU6WYIjRKfyfY","d9JJ2jM2ZDuaIw3RkTLkag","d9Si4PtRpEzZWUa6KSQ7hS","d9tqMENNVERqptrULeFYOT","d9+okfgWJFurq1ppF/uyTw","dao0b8fShGt77SuxqphTH9","dcGZcD5wJG4pMVKchP22C8","dcltdn+5xNBpaPWQosX4rX","dcnudIsqlKTJLQ83VAdvCF","ddgZmTwHBOT6gYjo51OBYM","ddyAh+ISlHGbKKd2zVnq4j","deGglK6w9FmrZDquyHZh4C","deV2soj29EAp1aQ7tkAXq7","deYV0uWQJOXpH18EA5gYtP","deaj4LmttHvLUFShj/U2Bh","de7KAF9HRAJLclUKKnpC8d","dfYJuJhYFHZJxgF1IZbeZG","e0N0Q9cTdMZKfWGbsnIfct","e0PD/EAd9J57NA3ARsThlH","e0W8rtcqxCe4g7saQoKPQM","e0k1dETiFNdqeTu6xEc7uX","e0mtyixDBPD5HV87/h9cc2","e0n5ExoflNLZPWxMwEn4n2","e00PhnQGlDYp0Q01XjkduA","e1yTW5PtVPgbCcDABQ93Q8","e2tZUqEzZNW5BS+IfELYda","e4DNdsSa1EILHdrABKCWMn","e4D4Ync2xBCIVkcaM3LR11","e4P0xzNZJH8KDYJXiI04xL","e5JV4yme1PF4JTFQO69tbx","e5TGllw2lKnJoTEMq0gFYH","e5ZFzLT89IOprPZTkV/NiM","e592FcyQtNFYDtlEZ2TQ3/","e6CySfcidG3ZA8A9OS2ZJ2","e6x90oVcBGIKVboy5mu73I","e8IXqEvEpBj6hKa0ZhD3NF","e8dGfv6B1OFY2Q844S5fnn","e9RHqUVnlJVL6WiwElyuvk","e9qlZv+bFDm5ujaI+Pz1Js","e9ryOPhztIlLeK3W74JOaH","e9rz/2CItCvpRQUKd8XTyF","eaBD2NE+hLC7WD0UzdXyvD","ealSsBNJ1M5qe9JzA9vNtE","ealfP9DglBmrwnh9ieusFF","eaz319nUBA6bPCnRxlu5cU","ebK7HpI/hKNICrE6npPTPn","ebNY8ZKKBKxK8aoNI0WzbU","ebUEdMfrBMAoPCQlBqBrCZ","ecDheDif1MepbrOXsX6JUh","ecPdBj35RJu4dkx9eQRVeK","ecWUBSPhFCsLM2kI6ekxrz","edkhwTjw5LVbObZS+zNG5M","edxVZrc6xB0JslWqVR+CUg","ed10/AVFZFZIjvNbFy+vRP","ed4ScB1bZCtJt1eXxH1hSq","ee/7OgGZpKC6stDDPnLd0y","efCcjPy65JPJsedGG3GhKq","efbNE+YupKBbz2VVMK97vL","ef14K6AV5Hn7qEXnsFhIJx","f0HV8aTJZJ763iqHq+A/vC","f0V7vhLJJIk7fyb0aAnjQq","f0gcIJPDtDC6NkeEz5R0t5","f0qOIqDnRAZKq9SE49vdAx","f1DuTnz1xC/I/mm6tvHV6f","f1y5mpiM5PzrSkJ+/fXPud","f2Vhx0SiZG0YEz6WpDoLo7","f2YICPciNBoLCy9f9IUSr6","f2exyXjzhIM4lyktswXSrU","f2fdnFtoRDZouOJa0xid7h","f2wgGvPq5Jqb88hfvziUl/","f28OzVDiJHlYipG0SmFEgX","f318MqMhdDqJWwifjZyRlY","f4AqMsiLxFEoLeWI7ysJq/","f4GBkm0xBHq43dlndEWHY3","f4XTeZb1pJdbPCALoXDnu4","f4ZLbxTjdIVq5u84KdRhtV","f4pg215GVELpKrmd+rRAWi","f403+sjPRHb4Cba2djiQvb","f431oHqEtPx5Q9KEhRepvp","f4/YIbfeFKaKvimWfT7Vyu","f5LhAx6QBNd7ewWw8UOlha","f5sYAEBD1DVIX95KHEcS4U","f5sipMRdBPKoSyd1EF6mxX","f6HWUD6GhE8KUyf90bXqlj","f6Z1drajlII5MBsTbKCxbE","f6rWh0mxZFipluvGLllr+8","f7K1vjiiFN8K6EqnAFc3ce","f7lzUkgeJG647xGMMOUIub","f7oGiAsDpMqoi8JbBdpXX0","f8MJTf6r5Htb/ODgk4nPY+","f8qdRofRhEkKUHKA8rDSAl","f9FBrVtJpJSKMAzTs9Vz/6","f9SViKSv9BopkyCzbO1kb/","faDEpeuRJKFJg7OefZgWMU","fbCMtqpi9Lwa2+LeloBtRF","fbQcseLFxL67p4ixjFmqLD","fb1TpDyIBEY6XISQITS+2s","fcKuRxn9RLjodTZukNx2VC","fceZbTeKpH7KzZF0hbf+Zs","fci4jmZbhDU58/wPjIznJf","fcooWycsJBRJY3333gdwS5","fdCWNZ2upOy7MmDDgIp1+Z","fdLn+GHyJHcrFeyxlG2zg7","fdV6PYOiZMJ5XwpZ85bbj/","fd0bUrajdHsIBedooyGjVN","fd41CcR1xGYbFNQ1RM9XAh","feTm9cekxJmIgJ5W4i5Woy","feny+kf4hOWJj/UuckZpuO","ffbDmRVf5CNJDxJXm5KUbI","04Meav8atOcpY445x+OvAJ","0fp5AJQppGYZywmJURzskK","16mNeCAUdC2Lmwxq8MZgzk","1bwvPT4G9IGqxngT8PQ1eC","27dW67PTNEsJuW6Fj63U3U","29FYIk+N1GYaeWH/q1NxQO","2cHHn7x6pMkr3X6Tpy/4W2","3ae7efMv1CLq2ilvUY/tQi","3bM/hjGuZMUrA50IHNiP6s","40HDT/cNlPsaVNUOKcKVjI","54dZMFWc5MkJAiZayWN41A","57P+aYiaRA/arunmH9p+sr","5cO7kybDxGj4ipyMYdRYZB","5cqXC1KYNBi6a7hpL+b5Mw","5f5dyqtRNNxaFmVzYns6FZ","68hO9j6kRCe6QIIC65ZqyZ","72/f/TMQBAM56DeSMupEE+","74TATKvh9DmYFsLWnv+7Td","75zqU+YYtIQarGdGkoh7fd","78lSQH995MXYQyNu2gd2NZ","7a/QZLET9IDreTiBfRn2PD","7fJOpyPTJB/pvLfLhJ26XK","7fWY2V2gdHlJ0SaHmRIX9U","82QTV8stZAEpQ/lZlbD/0B","85MLP760FPrpepA6jF3rJt","86hVV+rz9Ocqw8gq0ru/h2","8aCB9U3CFJFpOjyAwld7d2","90x+YdJDZJKJ7itsbSG4BM","986XDjxUNLb6YmqdM/P5GN","99KBq4qr1Moa2MRg+yW47Y","9aF5xfxX9GD46Mxc7mUAD3","9bvaMerUlDyary99mJa6xp","a2MjXRFdtLlYQ5ouAFv/+R","a2NiQMX8RKU6cTy2zdEKTC","a22VTPpGRCspwXYmeNpKsH","a3lKgVmLhMn6WJPGMunZCv","a3sEvgbJpFvJs4L1TjaBVc","aaEhV6J15HMJlgy40fLa/9","ae+rW/kHRBDJ+4Ov5bgm/h","beGvEHKzRKG6Vzlue739WJ","be09C90MhAjYVgOQEhrPRN","bf1jh76lpNKpW3KN6lKgqf","c6ilyVNPhJ1728bb4ckcoD","c8nYCamcBMwrG1l9EPJ9UQ","c9+lH/PwFGAY+AMl0bEdq3","ccx1PmFbVK0qVdF1371mN+","d0X0KUcsFNa7zaPSqtsRSA","d4y34DHuFFWY8yCcJSaylj","dc0P+1y61Emo+/pWdS169X","e02tiX9GdO/ZceJTmCUrjq","e3AZH2LiVOnobEj3RMg2xN","e97GVMl6JHh5Ml5qEDdSGa","eaXdnWWupGsZy72/ujAcZj","ecpdLyjvZBwrvm+cedCcQy","f0BIwQ8D5Ml7nTNQbh1YlS","f3eZJU1LNO/6VC3UlDi2Wr","f5m3kGfPpHD6JvWVcnqGhf","f6oA9lRHBADrBAkm66yZo9","ffUKyFr6pGa4M8Bcx6ik9P"],"scenes":{"db://assets/HallScene/HallScene.fire":665,"db://assets/HallScene/PopupScene.fire":772},"redirect":[164,0,171,0,248,0,900,0,284,0,306,0,902,1,333,0,904,2,343,0,349,0,358,0,363,0,364,0,365,0,906,2,907,2,909,2,434,0,437,0,454,0,911,0,476,0,484,0,490,0,915,1,508,0,530,0,558,0,600,0,604,0,925,2,926,2,927,2,931,0,932,2,671,0,933,2,676,0,734,0,940,2,788,0,946,0,947,2,948,1,949,0,849,0,952,2,876,0,953,2],"deps":["main","internal","resources"],"packs":{"0106f5542":[185,254,271,353,415,439,494,500,576,614,721,888],"01138e9b1":[221,253,288,299,361,504,608,611,813,817,818],"0131ee133":[226,356,368,395,595,641,663,859,865],"01c861158":[532,846],"01dcdd556":[751,780],"023c18dec":[314,391,393,408],"02f4dcbbe":[387,726],"030a4be60":[250,261,277,294,295,374,399,406,433,452,539,655,696,697,739,872],"03462eaa3":[626,667],"034f56409":[190,651],"03a438120":[149,281,487,536,554,705,707,743,891],"03b2cc6b9":[507,803],"046fa272d":[195,898,243,251,293,301,345,394,407,908,458,480,914,918,546,564,569,573,581,591,924,640,665,675,700,776,778,782,793,799,811,812,821,839,857,860,889],"04cd774d2":[178,246,257,372,497,733,757,770,791,816],"04efe2f84":[216,455,880],"05073a263":[285,292,421,465,475,496,580,787,798],"0544e2482":[323,329,375,376,549,589,607,634,637,672,679,692,702,709,723,760,805,871],"055ca9efe":[259,403,550,662],"05b8768e7":[442,756,823],"05b9dc40a":[214,228,263,352,390,449,450,473,493,517,520,522,545,574,602,643,698,714,725,774,838,848,851,875],"0620a94f1":[298,305,571,583,835],"0646cc400":[177,217,229,242,260,272,278,320,344,371,417,486,683,939,797,814,829,858,867,894],"072a11fd2":[173,273,413,528,579,792,861],"073e19a07":[233,315,336,347,348,355,377,412,416,430,466,537,552,577,612,657,753,758,877],"077eab012":[252,447,540,727,762,833],"078277832":[346,653],"078eeb74e":[350,559,748],"07a3c89c7":[148,169,334,427,456,477,526,587,658,682,741,746,749,755,784,808,810],"07cc7414a":[200,262,384,781],"082594a59":[0,1,2,4,5,6,7,8,9,10,11,12,13,14,15,16,17,187,188,191,192,18,193,19,196,197,199,201,20,203,204,205,206,207,208,210,211,213,21,218,223,224,22,225,227,230,232,23,235,236,237,239,240,245,25,26,27,28,29,30,31,32,33,34,35,36,37,38,291,39,40,302,41,42,43,44,45,46,47,48,49,50,362,51,366,52,53,409,54,55,56,57,58,60,61,62,459,63,64,66,67,68,69,70,518,71,72,73,541,74,551,75,76,77,78,568,80,81,82,83,84,85,86,87,88,89,90,91,92,93,94,95,96,97,98,99,100,101,103,104,105,687,106,107,108,109,110,111,112,113,114,115,116,117,118,119,120,121,122,123,124,126,127,128,129,130,131,132,133,134,135,136,137,836,138,139,845,140,141,142,874,885,143,890,144,145],"0837d7360":[357,495],"0868ca861":[270,308,485,514,525,572,598,609,656,717,766],"08b46035b":[440,785],"09c653808":[309,461,628,713,866],"0a2940273":[266,899,396,619,809,842],"0a8031770":[165,180,231,768],"0ad6e6110":[159,183,279,373,428,443,457,464,547,623,627,638,649,686,695,699,701,740,804,806],"0b36cbcd5":[553,582,728],"0b6b2c5a6":[151,157,896,267,338,398,420,474,921,562,934,870],"0bbae8760":[79,718],"0bc43d72f":[162,198,316,332,410,488,561,588,593,684,722,729,732,736,763,822],"0c19de274":[152,268,276,303,339,436,615,646,893],"0c5c9c05b":[895,912,916,919,936,943,944],"0c71f2d50":[212,290,685,691,892],"0c75bd019":[527,759],"0ce7d0e24":[147,275,742,786,790,837],"0cf8845c0":[154,328,510,533,592,603,716,719,868],"0d0b74f50":[668,720,767,789,825,828,883],"0d297b100":[359,451,535,544,769],"0d2d8d2bb":[897,367,414,499,511,557,567,922,586,594,613,632,636,928,929,930,647,938,941,942,801,830,950,951],"0d6f9b4d5":[307,379,773,826,863,864],"0da893cb5":[280,324,689],"0dbbb020e":[422,873],"0dc21fb08":[186,341,747,754],"0dc7943cc":[215,300],"0df1f71e5":[917,923,935],"0e504c218":[506,688],"0e84022f6":[325,424,489,492,597,664,750,850],"0eecd1b31":[156,168],"0ef7536cf":[179,182,269,304,370,381,386,401,402,478,605,606,610,624,630,738,847,878],"0f4dbccdc":[234,282,310,337,441,509,644,761],"0f8ff8b4d":[265,585,711,795],"0fbc4f4a2":[482,570],"0fdcf870c":[283,479],"0ffe79070":[181,189,241,319,326,388,463,481,505,512,565,578,601,666]},"name":"HallScene","importBase":"import","nativeBase":"native","debug":false,"isZip":false,"encrypted":false,"versions":{"import":["0106f5542","efe92","01138e9b1","7e0ce",146,"fad69","0131ee133","a81ba","01c861158","b56e2","01dcdd556","f2eeb","023c18dec","6d107",3,"e6046",150,"c9942","02f4dcbbe","f1a91","030a4be60","76ac5",153,"de4bf","03462eaa3","41051","034f56409","ccbe7","03a438120","df024","03b2cc6b9","4504b",155,"c6ed8","046fa272d","73615","04cd774d2","eac17","04efe2f84","1150e","05073a263","5eab5","0544e2482","07bdf","055ca9efe","caffc","05b8768e7","d04e3","05b9dc40a","21bf3",158,"ebcb5","0620a94f1","d128c","0646cc400","850a2","072a11fd2","6113f","073e19a07","38355","077eab012","bec49","078277832","83ca2","078eeb74e","c3490","07a3c89c7","f2995","07cc7414a","9a452",160,"4182f",161,"07c59","082594a59","31a8f","0837d7360","0e359","0868ca861","574a5",163,"be11f","08b46035b","63dc3",166,"c2759",167,"9a9cf","09c653808","f70c4",170,"86495","0a2940273","0cdad","0a8031770","095bb","0ad6e6110","746c9","0b36cbcd5","0580e","0b6b2c5a6","53599","0bbae8760","b732d","0bc43d72f","5c8f0",172,"5083a","0c19de274","82be5","0c5c9c05b","76f33","0c71f2d50","8541a",174,"ce63f","0c75bd019","0a91d",175,"facbb","0ce7d0e24","7fcdd","0cf8845c0","9e17f","0d0b74f50","467ba",176,"1a89e","0d297b100","4640b","0d2d8d2bb","8fe5e","0d6f9b4d5","6b6c9","0da893cb5","bed57","0dbbb020e","1a9f9","0dc21fb08","5de30","0dc7943cc","abb6b","0df1f71e5","141f0","0e504c218","82269","0e84022f6","fe13e","0eecd1b31","cce6a","0ef7536cf","084c2","0f4dbccdc","f6d2e","0f8ff8b4d","1046d","0fbc4f4a2","efff5",184,"ae34c","0fdcf870c","ba5fc","0ffe79070","50077",194,"4da7c",202,"69f5d",209,"856b8",219,"5eda6",220,"0ccb3",222,"fe1a5",238,"3162f",244,"a5dd3",247,"90729",24,"09b2c",249,"ae05b",255,"46459",256,"b1dd4",258,"78a73",264,"36f35",274,"f7ef5",286,"321be",287,"9ad76",901,"c9fbc",289,"3a5d5",296,"4105a",297,"7f0a1",311,"8c79a",312,"94eac",313,"be249",317,"7e035",318,"32a90",321,"6b68c",322,"39948",327,"4a8df",903,"c0a58",330,"4de23",331,"04f88",335,"6d8c4",340,"63532",342,"49325",351,"13d27",354,"bf2d6",360,"66cb6",369,"8dc4b",378,"e79fb",380,"8bb0e",382,"4105a",383,"3b6bf",385,"30e00",905,"46633",389,"3bc7d",392,"1f7e5",397,"56b66",400,"df5ba",404,"cabfa",405,"53a6e",411,"af868",418,"e267a",419,"602fe",423,"50391",425,"8dbff",426,"a35ad",429,"4a091",431,"0bb32",432,"53732",435,"01463",910,"42af4",59,"e45c3",438,"8ff21",444,"17729",445,"9fb06",446,"cbe21",448,"64d73",453,"9c9b7",460,"d521a",462,"97533",65,"d398c",467,"6db78",468,"9a170",469,"cf8ef",470,"ac39b",471,"37352",472,"8d947",913,"3c076",483,"78ffa",491,"cfcc1",498,"e94a2",501,"e88fb",502,"3d697",503,"86463",513,"44b26",515,"d29b2",516,"85cce",519,"b0627",521,"633f0",523,"9b421",524,"96176",529,"3b9a6",531,"72dd0",534,"6d28c",538,"7cfe8",920,"4f801",542,"be1f3",543,"fd2a2",548,"016be",555,"e3d7a",556,"8c0ab",560,"4e339",563,"fa8fb",566,"13580",575,"42ced",584,"6b789",590,"ff064",596,"8d0d8",599,"416ac",616,"fa16b",617,"be4b6",618,"4682a",620,"2d7a3",621,"27006",622,"b1718",625,"24f45",629,"ea35f",631,"f1fb7",633,"bc7f3",635,"fa661",639,"6a7b3",642,"906fd",645,"a7ec3",648,"2219f",650,"5299c",652,"a679e",654,"5e720",659,"e3ff1",660,"0f2f0",661,"969c2",669,"3fd6a",670,"c5a33",673,"b03c2",674,"5cc88",102,"5d368",677,"37854",678,"12f32",680,"add3c",681,"d006c",690,"11162",693,"e2aae",694,"de69c",703,"8b494",704,"970a7",706,"1c7d4",708,"8776c",710,"d852a",712,"dbba4",715,"54d58",724,"78156",730,"972e4",731,"122ee",735,"74d2c",737,"1efe5",744,"07ec7",745,"cbc88",937,"50a55",752,"34c50",764,"80359",765,"e78af",125,"eead5",771,"047d8",772,"80acf",775,"84781",777,"e7e47",779,"80526",783,"558c6",794,"0efe5",796,"7f9de",800,"f7611",802,"5bea1",807,"464f4",945,"af204",815,"dd2bd",819,"6e420",820,"d4183",824,"b5424",827,"8facc",831,"83061",832,"f42ec",834,"fbc92",840,"c552b",841,"49f36",843,"6e010",844,"f117b",852,"9521c",853,"035f2",854,"e8b9a",855,"eac78",856,"4989c",862,"38f75",869,"3e8fb",879,"a405d",881,"35e94",882,"6263e",884,"e4303",886,"2fca9",887,"c73e7"],"native":[0,"eb821",1,"65a9a",2,"b4a43",3,"44664",4,"adc30",5,"95b32",6,"83bc1",7,"0e443",8,"ecf03",9,"604b3",10,"c97e5",11,"13ca4",12,"68183",13,"4ae5c",14,"36ad7",15,"63a22",16,"14ec1",17,"55dec",187,"91de9",188,"f4383",191,"fe175",192,"8ce94",18,"c8bae",193,"0d767",19,"1b2d1",196,"b35f6",197,"bab64",199,"7bfe5",201,"357a1",20,"c33d8",203,"dbe5b",204,"8e653",205,"02f62",206,"d7cd4",207,"48749",208,"68938",210,"3d3d5",211,"4f7d6",213,"18a3b",21,"d773f",218,"650f4",223,"2f3ec",224,"c6694",22,"c5dff",225,"e2760",227,"afe7a",230,"5db73",232,"bb8d7",23,"32f14",235,"a566f",236,"8ea11",237,"cd85f",239,"f61e8",240,"cb1b7",245,"074ce",24,"44664",25,"2b580",26,"e72cb",27,"34494",28,"6ce29",29,"da285",30,"515ef",31,"6aa0d",32,"c825e",33,"50c98",34,"a100f",35,"de55d",36,"de956",37,"2ea21",38,"1f4a5",291,"ddb3f",39,"16dc2",40,"4d63f",302,"d282a",41,"56c65",42,"84706",43,"466a9",44,"9d1e8",45,"0ac82",46,"9770c",47,"922c0",48,"0dc05",49,"bc330",50,"cba94",362,"7050a",51,"2f154",366,"b7e17",52,"c2fe6",53,"409ec",409,"2a3d3",54,"3b165",55,"2915d",56,"71ae6",57,"2ccd9",58,"ed000",59,"820aa",60,"a8cfb",61,"945f1",62,"0db96",459,"b6c83",63,"10669",64,"1b7e3",65,"0b1f3",66,"4a720",67,"63158",68,"4e9ec",69,"e98a0",70,"5b0e7",518,"f5b7a",71,"a31d1",72,"4da97",73,"9f5b3",541,"43728",74,"98b34",551,"43360",75,"720ae",76,"0afdf",77,"7c01c",78,"e7f23",79,"f15c6",568,"3f7ac",80,"bd520",81,"dfe51",82,"d1b87",83,"fb72d",84,"462cb",85,"d1d10",86,"86a43",87,"c19ae",88,"aeca4",89,"d7ecf",90,"f8acf",91,"327c5",92,"04df9",93,"b244d",94,"5b298",95,"3e912",96,"8d8fc",97,"c8783",98,"73144",99,"4e808",100,"26c83",101,"933ad",102,"96f7e",103,"8c73c",104,"cc7f4",105,"0652c",687,"d120e",106,"72234",107,"4410d",108,"afd98",109,"dd5d1",110,"8494a",111,"09bd4",112,"4879e",113,"19ef6",114,"91938",115,"2b0ea",116,"3eb59",117,"f1c05",118,"5c6a0",119,"401af",120,"c303c",121,"010e7",122,"2258c",123,"84400",124,"85677",125,"2cf8f",126,"c72e0",127,"09615",128,"eeb39",129,"e031d",130,"954ce",131,"59fd5",132,"18c34",133,"ae2df",134,"ce92f",135,"fbf05",136,"98c73",137,"092d5",836,"5a17c",138,"919ea",139,"3c6a7",845,"2b2e9",140,"c7665",141,"5c6a0",142,"fcbb9",874,"838a8",885,"327a1",143,"a1c9e",890,"d9770",144,"9c625",145,"878b5"]}}