[1,["887J0I6HREgKwyJ+gGUPBh"],["_texture"],[["dragonBones.DragonBonesAtlasAsset",["_name","_atlasJson"],1]],[[0,0,1,3]],[[0,"wild_tex","{\"SubTexture\":[{\"width\":182,\"y\":1,\"height\":164,\"name\":\"wild/图层_829\",\"x\":187},{\"width\":166,\"y\":168,\"height\":156,\"name\":\"图层841\",\"x\":1},{\"width\":169,\"y\":326,\"height\":153,\"name\":\"图层846\",\"x\":1},{\"width\":166,\"y\":328,\"height\":149,\"name\":\"图层842\",\"x\":344},{\"width\":167,\"y\":479,\"height\":148,\"name\":\"图层849\",\"x\":344},{\"width\":170,\"y\":328,\"height\":150,\"name\":\"图层847\",\"x\":172},{\"width\":157,\"y\":629,\"height\":143,\"name\":\"图层848\",\"x\":344},{\"width\":11,\"y\":168,\"height\":36,\"name\":\"图层845\",\"x\":172},{\"width\":175,\"y\":167,\"height\":159,\"name\":\"wild/图层_830\",\"x\":187},{\"width\":38,\"y\":243,\"height\":27,\"name\":\"图层851拷贝\",\"x\":427},{\"width\":31,\"y\":215,\"height\":21,\"name\":\"图层850拷贝\",\"x\":364},{\"width\":61,\"y\":243,\"height\":21,\"name\":\"图层850\",\"x\":364},{\"width\":62,\"y\":167,\"height\":27,\"name\":\"图层851\",\"x\":416},{\"width\":184,\"y\":1,\"height\":165,\"name\":\"wild/组_131\",\"x\":1},{\"width\":36,\"y\":196,\"height\":45,\"name\":\"wild/图层_835\",\"x\":416},{\"width\":25,\"y\":196,\"height\":35,\"name\":\"wild/图层_834\",\"x\":454},{\"width\":17,\"y\":266,\"height\":34,\"name\":\"wild/图层_833\",\"x\":364},{\"width\":50,\"y\":167,\"height\":46,\"name\":\"wild/图层_832\",\"x\":364}],\"width\":512,\"height\":1024,\"name\":\"wild\",\"imagePath\":\"wild_tex.png\"}"]],0,0,[0],[0],[0]]