[1,["55qx4QKeVOxJoWgB7lLOlj","d4U2FFCe1EPpS5OhFz2ubZ","318r8PdxhMGJWsIoWmJu01","74HBlSDC5Ex5GRWvQ8IfLt","2bePleAK1Fi771RG7PvS0I","87zPNXi8VO7pLdWGxWJzsS","028XFx7dhAbqYw9qdh/QVS","5erE/sbGxOVoTDv1M79MM1","7fiprcMi1FZJFZqJp1aC2j","599L757x1OUoiMa5+XIVFx","b7El2Eb4hLDJozN37o/NNp","f2gLkCVt1D7qN6Reg6JCf+","ec81Ds9OtFI5kOQQBPzDXy","f9vJwVL6lDmY+Ggfy1Yvjf","f53qELNaZCZJLARAnMOowJ","702Y/oOYBPqptIkzyV2Qmo","5275Uk+fVPTpqAcnA+VAsI","97vqlT6wJDxbvOZNWD9vrf","bblMZ1ewxPFpP60nQfnhip","3etRZMN4dLdrsF5SB3ebLF","37npmNfl1Bwq9acyz8MWmt","d8+7BniPRFrJjPpc31Nzci","7dZ9yMMdtGZ70rK72zqV26","bfyYbmWGlBfLHpNArRB2MF","4bbiOd4dlEypJxlctuWBwy","094FRD0L5AcqSK5JoUUTlF","8fheHsKi9F8purYs3p8VW/","2doDk3e/lG1pxChgY9dLcr","ad9kXPulNH5aolH+aNozMp","0fOCKnT/9PlYuEIBV79aks","229fw2HHhLMIjUd9JT4qFi","4fbKS2K15BMrNXr8KkUxTr","dd/0c9rzxAc480KUCtZCL/","fcCpui4X1O9YgiiCVKwmRh","a0Q69FQmlFrrszM4zJLTHH","c4Zn3vTQxC+oT0STeZNsJx","157quHR5NEf7ONCTFPnGY7","af8qVIty9CeYlP+JdTGXJr","13fUZLmehCG61x/y+/PB75","d0Lan//6JK/bXWcHKBqBwc","43d2VHVVpDsbms1bmFA9im","828i7NHxpBC5qK02Szh8L1","f7IHrXagBPuIZO1Lz7Kufn","7eVZpXQCxKKLuC5dkmrs4K","72t4XIGTJN25Qxq4pXekqx","4cmy6ijBJL8YQy+ZQmZs86","ab0HUJoMNHfrHewDyVeT1U","8dQ3V/jshPTbhIIGVSSunv","5eCktHchxHE4EdVnpgxknb"],["_textureSetter","Award","Below01","Below02","Below03","Below04","NEW","Player01","Player02","Player03","Player04","Record","Startbetting","arrow","ball_Ash","ball_green","ball_red","bg_","bg_start","bn_back","bn_beishu","bn_help","bn_rebet","cm_Ash","cm_Purpleblue","cm_bg","cm_black","cm_blue","cm_green","cm_orange","cm_purple","cm_red","cm_yellow","jb","jb_kuang","name_bililionaires","name_prophet","player_me_bg","table3","toux","toux2","toux3","toux4","yiduicm","zhuanpan01","zhuanpan02","zhuanpan_bg","zhuanpan_qiu","zhuanpan_small"],["cc.SpriteFrame",["cc.SpriteAtlas",["_name","_spriteFrames"],2,11]],[[1,0,1,2]],[[[{"name":"Below03","rect":[5,57,269,52],"offset":[0,0],"originalSize":[269,52],"capInsets":[0,0,0,0]}],[0],0,[0],[0],[0]],[[{"name":"Below01","rect":[239,568,68,234],"offset":[0,0],"originalSize":[68,234],"capInsets":[0,0,0,0]}],[0],0,[0],[0],[0]],[[{"name":"toux2","rect":[196,237,92,92],"offset":[0,0],"originalSize":[92,92],"capInsets":[0,0,0,0]}],[0],0,[0],[0],[0]],[[{"name":"Player03","rect":[588,237,96,96],"offset":[0,0],"originalSize":[96,96],"capInsets":[0,0,0,0]}],[0],0,[0],[0],[0]],[[{"name":"zhuanpan_small","rect":[5,568,229,229],"offset":[0,0],"originalSize":[229,229],"capInsets":[0,0,0,0]}],[0],0,[0],[0],[0]],[[{"name":"Player01","rect":[1025,345,116,137],"offset":[0,0],"originalSize":[116,137],"capInsets":[0,0,0,0]}],[0],0,[0],[0],[0]],[[{"name":"Below02","rect":[788,57,68,79],"offset":[0,0],"originalSize":[68,79],"capInsets":[34,38,33,38]}],[0],0,[0],[0],[0]],[[{"name":"toux3","rect":[293,237,92,92],"offset":[0,0],"originalSize":[92,92],"capInsets":[0,0,0,0]}],[0],0,[0],[0],[0]],[[[0,"LightningRoulette.plist",[{},"Award",6,0,"Below01",6,1,"Below02",6,2,"Below03",6,3,"Below04",6,4,"NEW",6,5,"Player01",6,6,"Player02",6,7,"Player03",6,8,"Player04",6,9,"Record",6,10,"Startbetting",6,11,"arrow",6,12,"ball_Ash",6,13,"ball_green",6,14,"ball_red",6,15,"bg_",6,16,"bg_start",6,17,"bn_back",6,18,"bn_beishu",6,19,"bn_help",6,20,"bn_rebet",6,21,"cm_Ash",6,22,"cm_Purpleblue",6,23,"cm_bg",6,24,"cm_black",6,25,"cm_blue",6,26,"cm_green",6,27,"cm_orange",6,28,"cm_purple",6,29,"cm_red",6,30,"cm_yellow",6,31,"jb",6,32,"jb_kuang",6,33,"name_bililionaires",6,34,"name_prophet",6,35,"player_me_bg",6,36,"table3",6,37,"toux",6,38,"toux2",6,39,"toux3",6,40,"toux4",6,41,"yiduicm",6,42,"zhuanpan01",6,43,"zhuanpan02",6,44,"zhuanpan_bg",6,45,"zhuanpan_qiu",6,46,"zhuanpan_small",6,47]]],0,0,[0,0,0,0,0,0,0,0,0,0,0,0,0,0,0,0,0,0,0,0,0,0,0,0,0,0,0,0,0,0,0,0,0,0,0,0,0,0,0,0,0,0,0,0,0,0,0,0],[1,2,3,4,5,6,7,8,9,10,11,12,13,14,15,16,17,18,19,20,21,22,23,24,25,26,27,28,29,30,31,32,33,34,35,36,37,38,39,40,41,42,43,44,45,46,47,48],[1,2,3,4,5,6,7,8,9,10,11,12,13,14,15,16,17,18,19,20,21,22,23,24,25,26,27,28,29,30,31,32,33,34,35,36,37,38,39,40,41,42,43,44,45,46,47,48]],[[{"name":"cm_black","rect":[897,237,99,103],"offset":[0,0],"originalSize":[99,103],"capInsets":[0,0,0,0]}],[0],0,[0],[0],[0]],[[{"name":"jb_kuang","rect":[32,5,110,29],"offset":[0,0],"originalSize":[110,29],"capInsets":[0,0,0,0]}],[0],0,[0],[0],[0]],[[{"name":"player_me_bg","rect":[226,345,232,114],"offset":[0,0],"originalSize":[232,114],"capInsets":[0,0,0,0]}],[0],0,[0],[0],[0]],[[{"name":"cm_Ash","rect":[689,237,99,103],"offset":[0,0],"originalSize":[99,103],"capInsets":[0,0,0,0]}],[0],0,[0],[0],[0]],[[{"name":"toux","rect":[99,237,92,92],"offset":[0,0],"originalSize":[92,92],"capInsets":[0,0,0,0]}],[0],0,[0],[0],[0]],[[{"name":"Startbetting","rect":[463,345,557,119],"offset":[0,0],"originalSize":[557,119],"capInsets":[0,0,0,0]}],[0],0,[0],[0],[0]],[[{"name":"arrow","rect":[189,5,30,37],"offset":[0,0],"originalSize":[30,37],"capInsets":[0,0,0,0]}],[0],0,[0],[0],[0]],[[{"name":"jb","rect":[498,5,42,42],"offset":[0,0],"originalSize":[42,42],"capInsets":[0,0,0,0]}],[0],0,[0],[0],[0]]]]