[1,["1920mYvUNJ7qPrubbHX/kG"],["_texture"],[["dragonBones.DragonBonesAtlasAsset",["_name","_atlasJson"],1]],[[0,0,1,3]],[[0,"huo2_tex","{\"width\":256,\"SubTexture\":[{\"width\":65,\"y\":115,\"height\":59,\"name\":\"huo/huo02\",\"x\":73},{\"width\":70,\"y\":63,\"height\":56,\"name\":\"huo/huo03\",\"x\":1},{\"width\":72,\"y\":176,\"height\":53,\"name\":\"huo/huo04\",\"x\":73},{\"width\":64,\"y\":56,\"height\":60,\"name\":\"huo/huo01\",\"x\":150},{\"width\":70,\"y\":56,\"height\":57,\"name\":\"huo/huo06\",\"x\":78},{\"width\":80,\"y\":1,\"height\":53,\"name\":\"huo/huo08\",\"x\":78},{\"width\":77,\"y\":1,\"height\":53,\"name\":\"huo/huo07\",\"x\":160},{\"width\":75,\"y\":1,\"height\":60,\"name\":\"huo/huo05\",\"x\":1},{\"width\":65,\"y\":118,\"height\":53,\"name\":\"huo/football\",\"x\":140},{\"width\":18,\"y\":118,\"height\":53,\"name\":\"huo/zhezhao\",\"x\":207}],\"height\":256,\"name\":\"huo2\",\"imagePath\":\"huo2_tex.png\"}"]],0,0,[0],[0],[0]]