[1,0,0,[["cc.AnimationClip",["_name","_duration","speed","wrapMode","curveData"],-1,11]],[[0,0,1,2,3,4,5]],[[0,"xingxing1",0.8333333333333334,0.6,2,[{},"paths",11,[{"xingxing_4":{"props":{"angle":[{"frame":0,"value":0},{"frame":0.8333333333333334,"value":-360}]}},"xingxing_5":{"props":{"angle":[]}},"xingxing_2":{"props":{"angle":[{"frame":0,"value":0},{"frame":0.8333333333333334,"value":360}]}}},"xingxing_11",11,[{},"props",11,[{"angle":[{"frame":0.016666666666666666,"value":0},{"frame":0.5833333333333334,"value":252.00000000000003},{"frame":0.8333333333333334,"value":360}],"opacity":[{"frame":0.016666666666666666,"value":0},{"frame":0.25,"value":100},{"frame":0.5833333333333334,"value":100},{"frame":0.8333333333333334,"value":0}]},"scale",12,[[[{"frame":0.016666666666666666},"value",8,[0,1,1]],[{"frame":0.25},"value",8,[0,1.2,1.2]],[{"frame":0.5833333333333334},"value",8,[0,1.5,1.5]],[{"frame":0.8333333333333334},"value",8,[0,2,2]]],11,11,11,11]]],"xingxing_1",11,[{},"props",11,[{"angle":[{"frame":0,"value":0},{"frame":0.8333333333333334,"value":360}]},"scale",12,[[[{"frame":0},"value",8,[0,1,1]],[{"frame":0.25},"value",8,[0,1.1,1.1]],[{"frame":0.5833333333333334},"value",8,[0,1.1,1.1]],[{"frame":0.8333333333333334},"value",8,[0,1,1]]],11,11,11,11]]],"xingxing_33",11,[{},"props",11,[{"angle":[{"frame":0,"value":0},{"frame":0.8333333333333334,"value":-360}],"opacity":[{"frame":0,"value":0},{"frame":0.25,"value":100},{"frame":0.5833333333333334,"value":20},{"frame":0.8333333333333334,"value":0}]},"scale",12,[[[{"frame":0},"value",8,[0,1,1]],[{"frame":0.25},"value",8,[0,1.2,1.2]],[{"frame":0.5833333333333334},"value",8,[0,1.5,1.5]],[{"frame":0.8333333333333334},"value",8,[0,1,1]]],11,11,11,11]]],"xingxing_3",11,[{},"props",11,[{"angle":[{"frame":0,"value":0},{"frame":0.8333333333333334,"value":-360}]},"scale",12,[[[{"frame":0},"value",8,[0,1,1]],[{"frame":0.25},"value",8,[0,1.2,1.2]],[{"frame":0.5833333333333334},"value",8,[0,1.1,1.1]],[{"frame":0.8333333333333334},"value",8,[0,1,1]]],11,11,11,11]]]]]]],0,0,[],[],[]]