[1,["d0zmr8+sxLWLL6Os5vV+n2","81tPI/PxVBnqWaPQS+s03f"],["spriteFrame","_textureSetter"],["cc.SpriteFrame",["cc.BitmapFont",["_name","fontSize","_fntConfig"],0]],[[1,0,1,2,4]],[[[[0,"shuzi02_0",32,{"commonHeight":45,"fontSize":32,"atlasName":"C:\\Users\\40315\\Desktop\\ziti\\shuzi02_0.png","fontDefDictionary":{"9":{"xOffset":0,"yOffset":0,"xAdvance":104,"rect":{"x":0,"y":0,"width":0,"height":0}},"32":{"xOffset":0,"yOffset":0,"xAdvance":13,"rect":{"x":0,"y":0,"width":0,"height":0}},"43":{"xOffset":0,"yOffset":7,"xAdvance":32,"rect":{"x":77,"y":45,"width":31,"height":34}},"44":{"xOffset":0,"yOffset":28,"xAdvance":18,"rect":{"x":23,"y":225,"width":17,"height":25}},"45":{"xOffset":0,"yOffset":16,"xAdvance":23,"rect":{"x":0,"y":225,"width":22,"height":18}},"46":{"xOffset":0,"yOffset":27,"xAdvance":18,"rect":{"x":41,"y":225,"width":17,"height":18}},"48":{"xOffset":0,"yOffset":1,"xAdvance":33,"rect":{"x":73,"y":135,"width":32,"height":44}},"49":{"xOffset":0,"yOffset":1,"xAdvance":30,"rect":{"x":89,"y":0,"width":29,"height":44}},"50":{"xOffset":0,"yOffset":1,"xAdvance":34,"rect":{"x":34,"y":180,"width":33,"height":44}},"51":{"xOffset":0,"yOffset":1,"xAdvance":33,"rect":{"x":74,"y":90,"width":32,"height":44}},"52":{"xOffset":0,"yOffset":1,"xAdvance":34,"rect":{"x":39,"y":135,"width":33,"height":44}},"53":{"xOffset":0,"yOffset":1,"xAdvance":33,"rect":{"x":56,"y":0,"width":32,"height":44}},"54":{"xOffset":0,"yOffset":1,"xAdvance":34,"rect":{"x":0,"y":180,"width":33,"height":44}},"55":{"xOffset":0,"yOffset":1,"xAdvance":33,"rect":{"x":68,"y":180,"width":32,"height":44}},"56":{"xOffset":0,"yOffset":1,"xAdvance":33,"rect":{"x":44,"y":45,"width":32,"height":44}},"57":{"xOffset":0,"yOffset":1,"xAdvance":33,"rect":{"x":41,"y":90,"width":32,"height":44}},"66":{"xOffset":0,"yOffset":1,"xAdvance":39,"rect":{"x":0,"y":135,"width":38,"height":44}},"75":{"xOffset":0,"yOffset":1,"xAdvance":44,"rect":{"x":0,"y":45,"width":43,"height":44}},"77":{"xOffset":0,"yOffset":1,"xAdvance":56,"rect":{"x":0,"y":0,"width":55,"height":44}},"84":{"xOffset":0,"yOffset":1,"xAdvance":41,"rect":{"x":0,"y":90,"width":40,"height":44}}},"kerningDict":{}}]],0,0,[0],[0],[0]],[[{"name":"shuzi02_0","rect":[0,0,118,250],"offset":[-5,3],"originalSize":[128,256],"capInsets":[0,0,0,0]}],[0],0,[0],[1],[1]]]]