[1,["c8LN39UH9P9K8BR7BHiHsk"],["_textureSetter"],["cc.SpriteFrame"],0,[[[{"name":"free","rect":[376,1810,230,192],"offset":[0,0],"originalSize":[232,194],"rotated":1,"capInsets":[0,0,0,0]}],[0],0,[0],[0],[0]],[[{"name":"LUCKY","rect":[949,627,90,54],"offset":[-1,0],"originalSize":[92,54],"rotated":1,"capInsets":[0,0,0,0]}],[0],0,[0],[0],[0]],[[{"name":"spin_img","rect":[620,640,212,78],"offset":[0,0],"originalSize":[212,78],"capInsets":[0,0,0,0]}],[0],0,[0],[0],[0]],[[{"name":"auto2_img","rect":[1007,541,198,10],"offset":[3,0],"originalSize":[204,10],"rotated":1,"capInsets":[0,0,0,0]}],[0],0,[0],[0],[0]],[[{"name":"guize_img","rect":[2,1948,90,78],"offset":[0,0],"originalSize":[90,78],"rotated":1,"capInsets":[0,0,0,0]}],[0],0,[0],[0],[0]],[[{"name":"goodluck_img","rect":[949,1080,277,42],"offset":[0,0],"originalSize":[281,46],"rotated":1,"capInsets":[0,0,0,0]}],[0],0,[0],[0],[0]],[[{"name":"auto1_img","rect":[2,1564,221,290],"offset":[0,0],"originalSize":[221,290],"capInsets":[0,0,0,0]}],[0],0,[0],[0],[0]],[[{"name":"shangbg","rect":[949,2,407,72],"offset":[0,0],"originalSize":[409,72],"rotated":1,"capInsets":[0,0,0,0]}],[0],0,[0],[0],[0]],[[{"name":"bet","rect":[461,1564,224,77],"offset":[0,0],"originalSize":[224,77],"rotated":1,"capInsets":[0,0,0,0]}],[0],0,[0],[0],[0]],[[{"name":"max_img2","rect":[2,1856,90,78],"offset":[0,0],"originalSize":[90,78],"rotated":1,"capInsets":[0,0,0,0]}],[0],0,[0],[0],[0]],[[{"name":"zhizhen2","rect":[949,541,56,84],"offset":[0,0],"originalSize":[56,84],"capInsets":[0,0,0,0]}],[0],0,[0],[0],[0]],[[{"name":"zhuanpan","rect":[2,640,498,496],"offset":[0,0],"originalSize":[504,504],"capInsets":[0,0,0,0]}],[0],0,[0],[0],[0]],[[{"name":"auto_img","rect":[162,1856,90,78],"offset":[0,0],"originalSize":[90,78],"rotated":1,"capInsets":[0,0,0,0]}],[0],0,[0],[0],[0]],[[{"name":"freespins_baxi_fast","rect":[82,1948,90,78],"offset":[0,0],"originalSize":[90,78],"rotated":1,"capInsets":[0,0,0,0]}],[0],0,[0],[0],[0]],[[{"name":"dating","rect":[949,985,50,48],"offset":[-1,1],"originalSize":[52,50],"capInsets":[0,0,0,0]}],[0],0,[0],[0],[0]],[[{"name":"xiabg","rect":[837,2,1560,110],"offset":[0,-3],"originalSize":[1560,116],"rotated":1,"capInsets":[331,0,324,0]}],[0],0,[0],[0],[0]],[[{"name":"j","rect":[949,476,63,67],"offset":[0,0],"originalSize":[63,67],"rotated":1,"capInsets":[0,0,0,0]}],[0],0,[0],[0],[0]],[[{"name":"zhizhen","rect":[225,1564,234,244],"offset":[-1,2],"originalSize":[246,250],"capInsets":[0,0,0,0]}],[0],0,[0],[0],[0]],[[{"name":"freespins_baxi_fast1","rect":[82,1856,90,78],"offset":[0,0],"originalSize":[90,78],"rotated":1,"capInsets":[0,0,0,0]}],[0],0,[0],[0],[0]],[[{"name":"jia","rect":[949,411,63,67],"offset":[0,0],"originalSize":[63,67],"rotated":1,"capInsets":[0,0,0,0]}],[0],0,[0],[0],[0]]]]