[1,0,0,[["dragonBones.DragonBonesAsset",["_name","_dragonBonesJson"],1]],[[0,0,1,3]],[[0,"LuckyGoal_ske","{\"frameRate\":24,\"isGlobal\":0,\"armature\":[{\"defaultActions\":[{\"gotoAndPlay\":\"newAnimation\"}],\"ik\":[],\"type\":\"Armature\",\"frameRate\":24,\"skin\":[{\"name\":\"\",\"slot\":[{\"display\":[{\"path\":\"LUCKYgoal/qiumen\",\"type\":\"image\",\"name\":\"LUCKYgoal/qiumen\",\"transform\":{\"y\":-29.65,\"x\":10.75}}],\"name\":\"qiumen\"},{\"display\":[{\"path\":\"LUCKYgoal/cr7\",\"type\":\"image\",\"name\":\"LUCKYgoal/cr7\",\"transform\":{\"y\":-39.1,\"x\":-4.2}}],\"name\":\"cr7\"},{\"display\":[{\"path\":\"LUCKYgoal/qiua\",\"type\":\"image\",\"name\":\"LUCKYgoal/qiua\",\"transform\":{\"y\":-1.6,\"x\":-0.6}}],\"name\":\"qiua\"},{\"display\":[{\"path\":\"LUCKYgoal/椭圆_6\",\"type\":\"image\",\"name\":\"LUCKYgoal/椭圆_6\",\"transform\":{\"y\":-96,\"x\":-2.5}}],\"name\":\"椭圆_6\"},{\"display\":[{\"path\":\"LUCKYgoal/LuckyGoal\",\"type\":\"image\",\"name\":\"LUCKYgoal/LuckyGoal\",\"transform\":{\"y\":-58.125}}],\"name\":\"LuckyGoal\"}]}],\"animation\":[{\"frame\":[],\"playTimes\":0,\"ik\":[],\"ffd\":[],\"duration\":55,\"slot\":[],\"bone\":[{\"frame\":[{\"transform\":{},\"duration\":55}],\"name\":\"root\"},{\"frame\":[{\"transform\":{},\"duration\":55},{\"transform\":{},\"duration\":0}],\"name\":\"bone\"},{\"frame\":[{\"tweenEasing\":0,\"transform\":{},\"duration\":21},{\"tweenEasing\":0,\"transform\":{\"scX\":0.95,\"scY\":0.95},\"duration\":19},{\"transform\":{},\"duration\":15}],\"name\":\"bone1\"},{\"frame\":[{\"tweenEasing\":0,\"transform\":{\"y\":-5.9776,\"x\":8.7804},\"duration\":21},{\"tweenEasing\":0,\"transform\":{\"skX\":180,\"y\":10.8142,\"skY\":180,\"scX\":0.8,\"scY\":0.8,\"x\":-15.4773},\"duration\":19},{\"transform\":{\"y\":-5.9776,\"x\":8.7804},\"duration\":15}],\"name\":\"bone2\"},{\"frame\":[{\"tweenEasing\":0,\"transform\":{},\"duration\":21},{\"tweenEasing\":0,\"transform\":{\"skX\":-3.6341,\"skY\":-3.6341},\"duration\":19},{\"transform\":{},\"duration\":15}],\"name\":\"bone3\"}],\"name\":\"newAnimation\"}],\"bone\":[{\"name\":\"root\",\"transform\":{}},{\"transform\":{},\"name\":\"bone\",\"parent\":\"root\"},{\"transform\":{\"y\":-80.9,\"x\":42.2},\"name\":\"bone1\",\"parent\":\"bone\"},{\"transform\":{\"y\":-138.4,\"x\":-10.4},\"name\":\"bone2\",\"parent\":\"bone\"},{\"transform\":{\"y\":-83.85,\"x\":-33.25},\"name\":\"bone3\",\"parent\":\"bone\"}],\"aabb\":{\"width\":275,\"y\":-191,\"height\":190,\"x\":-140},\"name\":\"Armature\",\"slot\":[{\"name\":\"椭圆_6\",\"parent\":\"root\",\"color\":{}},{\"z\":1,\"name\":\"qiumen\",\"parent\":\"bone3\",\"color\":{}},{\"z\":2,\"name\":\"qiua\",\"parent\":\"bone2\",\"color\":{}},{\"z\":3,\"name\":\"cr7\",\"parent\":\"bone1\",\"color\":{}},{\"z\":4,\"name\":\"LuckyGoal\",\"parent\":\"root\",\"color\":{}}]}],\"name\":\"LuckyGoal\",\"version\":\"5.0\"}"]],0,0,[],[],[]]