[1,["136b8de0c"],["_textureSetter"],["cc.SpriteFrame",["cc.AnimationClip",["_name","_duration","curveData"],1,11]],[[1,0,1,2,3]],[[[{"name":"win_12","rect":[403,596,29,20],"offset":[0,-0.5],"originalSize":[31,21],"capInsets":[0,0,0,0]}],[0],0,[0],[0],[0]],[[{"name":"win_18","rect":[271,638,20,18],"offset":[0,0.5],"originalSize":[22,21],"capInsets":[0,0,0,0]}],[0],0,[0],[0],[0]],[[{"name":"win_14","rect":[375,654,16,13],"offset":[-0.5,0],"originalSize":[17,15],"capInsets":[0,0,0,0]}],[0],0,[0],[0],[0]],[[{"name":"win_19","rect":[297,638,20,17],"offset":[0.5,0],"originalSize":[21,19],"rotated":1,"capInsets":[0,0,0,0]}],[0],0,[0],[0],[0]],[[{"name":"win_20","rect":[323,630,21,21],"offset":[0.5,0],"originalSize":[24,23],"capInsets":[0,0,0,0]}],[0],0,[0],[0],[0]],[[{"name":"win_1","rect":[3,596,171,72],"offset":[-2,-0.5],"originalSize":[181,73],"capInsets":[0,0,0,0]}],[0],0,[0],[0],[0]],[[[0,"win",1.6833333333333333,[{},"paths",11,[{"win_4":{"props":{"position":[]}},"win_20":{"props":{"scale":[],"position":[{"frame":0,"value":[2,2,0]},{"frame":0.6666666666666666,"value":[176.763,-50.522,0]},{"frame":1.3333333333333333,"value":[336.652,-165.326,0]}],"opacity":[{"frame":0,"value":200},{"frame":0.9333333333333333,"value":254},{"frame":1.3333333333333333,"value":0}]}},"win_19":{"props":{"opacity":[{"frame":0,"value":200},{"frame":0.9333333333333333,"value":254},{"frame":1.3333333333333333,"value":0}],"position":[{"frame":0,"value":[0,1.162,0]},{"frame":0.36666666666666664,"value":[-118.523,51.127,0]},{"frame":0.7333333333333333,"value":[-244.017,53.451,0]},{"frame":0.9833333333333333,"value":[-318.384,22.077,0]},{"frame":1.3333333333333333,"value":[-415.991,-77.854,0]}]}},"win_18":{"props":{"opacity":[{"frame":0,"value":200},{"frame":0.9333333333333333,"value":254},{"frame":1.3333333333333333,"value":0}],"position":[]}},"win_17":{"props":{"opacity":[{"frame":0,"value":200},{"frame":0.9333333333333333,"value":254},{"frame":1.3333333333333333,"value":0}],"position":[{"frame":0,"value":[1,0,0]},{"frame":0.43333333333333335,"value":[98.607,110.389,0]},{"frame":0.8166666666666667,"value":[188.08,146.411,0]},{"frame":1.2166666666666666,"value":[289.173,154.545,0]},{"frame":1.3333333333333333,"value":[364.702,134.791,0]}]}},"win_16":{"props":{"opacity":[{"frame":0,"value":200},{"frame":0.9333333333333333,"value":254},{"frame":1.3333333333333333,"value":0}],"position":[{"frame":0,"value":[-4.648,11.62,0]},{"frame":0.38333333333333336,"value":[-138.277,153.382,0]},{"frame":0.7833333333333333,"value":[-248.666,185.918,0]},{"frame":1.1166666666666667,"value":[-417.154,190.566,0]},{"frame":1.3333333333333333,"value":[-533.353,123.171,0]}],"angle":[{"frame":0,"value":1},{"frame":1.3333333333333333,"value":480}]}},"win_15":{"props":{"opacity":[{"frame":0.16666666666666666,"value":200},{"frame":1.1,"value":254},{"frame":1.5,"value":0}],"angle":[{"frame":0.16666666666666666,"value":1},{"frame":1.5,"value":480}],"position":[{"frame":0,"value":[0,0,0]},{"frame":0.16666666666666666,"value":[1,0]},{"frame":0.6333333333333333,"value":[-20,144]},{"frame":1.0333333333333334,"value":[-72,233]},{"frame":1.3166666666666667,"value":[-185,302]},{"frame":1.5,"value":[-232.641,295.028,0]}]}},"win_14":{"props":{"opacity":[{"frame":0,"value":200},{"frame":0.9333333333333333,"value":254},{"frame":1.3333333333333333,"value":0}],"angle":[{"frame":0,"value":1},{"frame":1.3333333333333333,"value":480}],"position":[{"frame":0,"value":[1,0,0]},{"frame":0.35,"value":[-104.741,-72.043,0]},{"frame":0.6666666666666666,"value":[-130.305,-119.684,0]},{"frame":0.95,"value":[-141.925,-169.649,0]},{"frame":1.3333333333333333,"value":[-150.059,-213.804,0]}]}},"win_13":{"props":{"opacity":[{"frame":0,"value":200},{"frame":0.9333333333333333,"value":254},{"frame":1.3333333333333333,"value":0}],"angle":[{"frame":0,"value":1},{"frame":1.3333333333333333,"value":480}],"position":[{"frame":0,"value":[1,0,0]},{"frame":0.31666666666666665,"value":[53.289,-66.233,0]},{"frame":0.5666666666666667,"value":[68.395,-110.388,0]},{"frame":0.8666666666666667,"value":[68.395,-151.058,0]},{"frame":1.3333333333333333,"value":[64.909,-189.404,0]}]}},"win_12":{"props":{"opacity":[{"frame":0.35,"value":200},{"frame":1.2833333333333334,"value":254},{"frame":1.6833333333333333,"value":0}],"angle":[{"frame":0.35,"value":1},{"frame":1.6833333333333333,"value":480}],"position":[{"frame":0.35,"value":[1,0,0]},{"frame":0.65,"value":[59.099,131.304,0]},{"frame":0.9333333333333333,"value":[126.494,162.678,0]},{"frame":1.2166666666666666,"value":[208.995,162.678,0]},{"frame":1.6833333333333333,"value":[253.15,147.572,0]}]}},"win_10":{"props":{"opacity":[{"frame":0,"value":200},{"frame":0.9333333333333333,"value":254},{"frame":1.3333333333333333,"value":0}],"angle":[{"frame":0,"value":1},{"frame":1.3333333333333333,"value":480}],"position":[{"frame":0,"value":[1,0,0]},{"frame":0.3,"value":[20.754,117.361,0]},{"frame":0.6666666666666666,"value":[54.452,195.214,0]},{"frame":1,"value":[106.741,235.884,0]},{"frame":1.3333333333333333,"value":[185.756,255.638,0]}]}},"win_9":{"props":{"opacity":[{"frame":0,"value":200},{"frame":0.9333333333333333,"value":254},{"frame":1.3333333333333333,"value":0}],"angle":[{"frame":0,"value":1},{"frame":1.3333333333333333,"value":480}],"position":[{"frame":0,"value":[1,0,0]},{"frame":0.36666666666666664,"value":[-105.903,-32.536,0]},{"frame":0.7166666666666667,"value":[-195.376,-92.959,0]},{"frame":1.0333333333333334,"value":[-256.961,-155.706,0]},{"frame":1.3333333333333333,"value":[-272.067,-203.347,0]}]}},"win_11":{"props":{"opacity":[{"frame":0,"value":200},{"frame":0.9333333333333333,"value":254},{"frame":1.3333333333333333,"value":0}],"angle":[{"frame":0,"value":1},{"frame":1.3333333333333333,"value":480}],"position":[{"frame":0,"value":[2,0,0]},{"frame":0.4166666666666667,"value":[130.98,32.536,0]},{"frame":0.8,"value":[199.537,20.916,0]},{"frame":1.0666666666666667,"value":[285.524,-29.049,0]},{"frame":1.3333333333333333,"value":[325.032,-67.395,0]}]}},"win_8":{"props":{"opacity":[{"frame":0,"value":200},{"frame":0.9333333333333333,"value":254},{"frame":1.3333333333333333,"value":0}],"angle":[{"frame":0,"value":1},{"frame":1.3333333333333333,"value":480}],"position":[{"frame":0,"value":[1,1,0]},{"frame":0.4,"value":[114.875,-62.909,0]},{"frame":0.9333333333333333,"value":[196.214,-184.918,0]},{"frame":1.3333333333333333,"value":[219.454,-234.883,0]}]}}},"win_1",11,[{},"props",11,[{},"scale",12,[[[{"frame":0},"value",8,[0,0,0]],[{"frame":0.16666666666666666},"value",8,[0,1.2,1.2]],[{"frame":0.25},"value",8,[0,1,1]]],11,11,11]]],"win_21",11,[{},"props",11,[{"opacity":[{"frame":0,"value":255},{"frame":0.65,"value":0},{"frame":1.3333333333333333,"value":1}]},"scale",12,[[[{"frame":0},"value",8,[0,0,0]],[{"frame":0.65},"value",8,[0,3,3]]],11,11]]]]]]],0,0,[],[],[]],[[{"name":"win_8","rect":[403,622,26,27],"offset":[0,0],"originalSize":[28,29],"capInsets":[0,0,0,0]}],[0],0,[0],[0],[0]],[[{"name":"win_17","rect":[368,596,29,24],"offset":[0,0],"originalSize":[29,26],"capInsets":[0,0,0,0]}],[0],0,[0],[0],[0]],[[{"name":"win_15","rect":[323,596,39,28],"offset":[0.5,0],"originalSize":[40,30],"capInsets":[0,0,0,0]}],[0],0,[0],[0],[0]],[[{"name":"win_16","rect":[271,596,46,36],"offset":[0.5,-0.5],"originalSize":[47,37],"capInsets":[0,0,0,0]}],[0],0,[0],[0],[0]],[[{"name":"win_11","rect":[350,654,19,15],"offset":[0,-0.5],"originalSize":[19,16],"capInsets":[0,0,0,0]}],[0],0,[0],[0],[0]],[[{"name":"win_21","rect":[3,3,585,587],"offset":[0,0],"originalSize":[599,599],"capInsets":[0,0,0,0]}],[0],0,[0],[0],[0]],[[{"name":"win_10","rect":[368,626,22,18],"offset":[-0.5,0.5],"originalSize":[23,19],"rotated":1,"capInsets":[0,0,0,0]}],[0],0,[0],[0],[0]],[[{"name":"win_9","rect":[180,596,38,85],"offset":[0.5,-0.5],"originalSize":[39,86],"rotated":1,"capInsets":[0,0,0,0]}],[0],0,[0],[0],[0]],[[{"name":"win_13","rect":[438,596,27,28],"offset":[0,0],"originalSize":[29,30],"rotated":1,"capInsets":[0,0,0,0]}],[0],0,[0],[0],[0]]]]