[1,["2eYgEinbBNVrXXswQuj+4z"],["_textureSetter"],["cc.SpriteFrame"],0,[[[{"name":"2_00029","rect":[2,527,848,33],"offset":[0,0],"originalSize":[848,33],"capInsets":[0,0,0,0]}],[0],0,[0],[0],[0]],[[{"name":"2_00025","rect":[2,667,848,33],"offset":[0,0],"originalSize":[848,33],"capInsets":[0,0,0,0]}],[0],0,[0],[0],[0]],[[{"name":"2_00002","rect":[2,1332,848,33],"offset":[0,0],"originalSize":[848,33],"capInsets":[0,0,0,0]}],[0],0,[0],[0],[0]],[[{"name":"2_00019","rect":[887,2,848,33],"offset":[0,0],"originalSize":[848,33],"rotated":1,"capInsets":[0,0,0,0]}],[0],0,[0],[0],[0]],[[{"name":"2_00041","rect":[2,107,848,33],"offset":[0,0],"originalSize":[848,33],"capInsets":[0,0,0,0]}],[0],0,[0],[0],[0]],[[{"name":"2_00015","rect":[2,877,848,33],"offset":[0,0],"originalSize":[848,33],"capInsets":[0,0,0,0]}],[0],0,[0],[0],[0]],[[{"name":"2_00018","rect":[922,2,848,33],"offset":[0,0],"originalSize":[848,33],"rotated":1,"capInsets":[0,0,0,0]}],[0],0,[0],[0],[0]],[[{"name":"2_00014","rect":[2,912,848,33],"offset":[0,0],"originalSize":[848,33],"capInsets":[0,0,0,0]}],[0],0,[0],[0],[0]],[[{"name":"2_00032","rect":[2,422,848,33],"offset":[0,0],"originalSize":[848,33],"capInsets":[0,0,0,0]}],[0],0,[0],[0],[0]],[[{"name":"2_00005","rect":[2,1227,848,33],"offset":[0,0],"originalSize":[848,33],"capInsets":[0,0,0,0]}],[0],0,[0],[0],[0]],[[{"name":"2_00003","rect":[2,1297,848,33],"offset":[0,0],"originalSize":[848,33],"capInsets":[0,0,0,0]}],[0],0,[0],[0],[0]],[[{"name":"2_00026","rect":[2,632,848,33],"offset":[0,0],"originalSize":[848,33],"capInsets":[0,0,0,0]}],[0],0,[0],[0],[0]],[[{"name":"2_00012","rect":[2,982,848,33],"offset":[0,0],"originalSize":[848,33],"capInsets":[0,0,0,0]}],[0],0,[0],[0],[0]],[[{"name":"2_00008","rect":[2,1122,848,33],"offset":[0,0],"originalSize":[848,33],"capInsets":[0,0,0,0]}],[0],0,[0],[0],[0]],[[{"name":"2_00028","rect":[2,562,848,33],"offset":[0,0],"originalSize":[848,33],"capInsets":[0,0,0,0]}],[0],0,[0],[0],[0]],[[{"name":"2_00027","rect":[2,597,848,33],"offset":[0,0],"originalSize":[848,33],"capInsets":[0,0,0,0]}],[0],0,[0],[0],[0]],[[{"name":"2_00009","rect":[2,1087,848,33],"offset":[0,0],"originalSize":[848,33],"capInsets":[0,0,0,0]}],[0],0,[0],[0],[0]],[[{"name":"2_00035","rect":[2,317,848,33],"offset":[0,0],"originalSize":[848,33],"capInsets":[0,0,0,0]}],[0],0,[0],[0],[0]],[[{"name":"2_00030","rect":[2,492,848,33],"offset":[0,0],"originalSize":[848,33],"capInsets":[0,0,0,0]}],[0],0,[0],[0],[0]],[[{"name":"2_00017","rect":[957,2,848,33],"offset":[0,0],"originalSize":[848,33],"rotated":1,"capInsets":[0,0,0,0]}],[0],0,[0],[0],[0]],[[{"name":"2_00023","rect":[2,737,848,33],"offset":[0,0],"originalSize":[848,33],"capInsets":[0,0,0,0]}],[0],0,[0],[0],[0]],[[{"name":"2_00001","rect":[2,1367,848,33],"offset":[0,0],"originalSize":[848,33],"capInsets":[0,0,0,0]}],[0],0,[0],[0],[0]],[[{"name":"2_00042","rect":[2,72,848,33],"offset":[0,0],"originalSize":[848,33],"capInsets":[0,0,0,0]}],[0],0,[0],[0],[0]],[[{"name":"2_00034","rect":[2,352,848,33],"offset":[0,0],"originalSize":[848,33],"capInsets":[0,0,0,0]}],[0],0,[0],[0],[0]],[[{"name":"2_00036","rect":[2,282,848,33],"offset":[0,0],"originalSize":[848,33],"capInsets":[0,0,0,0]}],[0],0,[0],[0],[0]],[[{"name":"2_00033","rect":[2,387,848,33],"offset":[0,0],"originalSize":[848,33],"capInsets":[0,0,0,0]}],[0],0,[0],[0],[0]],[[{"name":"2_00006","rect":[2,1192,848,33],"offset":[0,0],"originalSize":[848,33],"capInsets":[0,0,0,0]}],[0],0,[0],[0],[0]],[[{"name":"2_00040","rect":[2,142,848,33],"offset":[0,0],"originalSize":[848,33],"capInsets":[0,0,0,0]}],[0],0,[0],[0],[0]],[[{"name":"2_00037","rect":[2,247,848,33],"offset":[0,0],"originalSize":[848,33],"capInsets":[0,0,0,0]}],[0],0,[0],[0],[0]],[[{"name":"2_00010","rect":[2,1052,848,33],"offset":[0,0],"originalSize":[848,33],"capInsets":[0,0,0,0]}],[0],0,[0],[0],[0]],[[{"name":"2_00031","rect":[2,457,848,33],"offset":[0,0],"originalSize":[848,33],"capInsets":[0,0,0,0]}],[0],0,[0],[0],[0]],[[{"name":"2_00020","rect":[2,842,848,33],"offset":[0,0],"originalSize":[848,33],"capInsets":[0,0,0,0]}],[0],0,[0],[0],[0]],[[{"name":"2_00043","rect":[2,37,848,33],"offset":[0,0],"originalSize":[848,33],"capInsets":[0,0,0,0]}],[0],0,[0],[0],[0]],[[{"name":"2_00021","rect":[2,807,848,33],"offset":[0,0],"originalSize":[848,33],"capInsets":[0,0,0,0]}],[0],0,[0],[0],[0]],[[{"name":"2_00004","rect":[2,1262,848,33],"offset":[0,0],"originalSize":[848,33],"capInsets":[0,0,0,0]}],[0],0,[0],[0],[0]],[[{"name":"2_00016","rect":[852,852,848,33],"offset":[0,0],"originalSize":[848,33],"rotated":1,"capInsets":[0,0,0,0]}],[0],0,[0],[0],[0]],[[{"name":"2_00045","rect":[2,2,848,33],"offset":[0,0],"originalSize":[848,33],"capInsets":[0,0,0,0]}],[0],0,[0],[0],[0]],[[{"name":"2_00000","rect":[2,1402,848,33],"offset":[0,0],"originalSize":[848,33],"capInsets":[0,0,0,0]}],[0],0,[0],[0],[0]],[[{"name":"2_00024","rect":[2,702,848,33],"offset":[0,0],"originalSize":[848,33],"capInsets":[0,0,0,0]}],[0],0,[0],[0],[0]],[[{"name":"2_00013","rect":[2,947,848,33],"offset":[0,0],"originalSize":[848,33],"capInsets":[0,0,0,0]}],[0],0,[0],[0],[0]],[[{"name":"2_00022","rect":[2,772,848,33],"offset":[0,0],"originalSize":[848,33],"capInsets":[0,0,0,0]}],[0],0,[0],[0],[0]],[[{"name":"2_00007","rect":[2,1157,848,33],"offset":[0,0],"originalSize":[848,33],"capInsets":[0,0,0,0]}],[0],0,[0],[0],[0]],[[{"name":"2_00039","rect":[2,177,848,33],"offset":[0,0],"originalSize":[848,33],"capInsets":[0,0,0,0]}],[0],0,[0],[0],[0]],[[{"name":"2_00044","rect":[852,2,848,33],"offset":[0,0],"originalSize":[848,33],"rotated":1,"capInsets":[0,0,0,0]}],[0],0,[0],[0],[0]],[[{"name":"2_00011","rect":[2,1017,848,33],"offset":[0,0],"originalSize":[848,33],"capInsets":[0,0,0,0]}],[0],0,[0],[0],[0]],[[{"name":"2_00038","rect":[2,212,848,33],"offset":[0,0],"originalSize":[848,33],"capInsets":[0,0,0,0]}],[0],0,[0],[0],[0]]]]