[1,["55mzNVAGdCeIyH74wrcQry","2dWO3HyihBd56g81BR2wZM"],["_textureSetter","spriteFrame"],["cc.SpriteFrame",["cc.BitmapFont",["_name","fontSize","_fntConfig"],0]],[[1,0,1,2,4]],[[[{"name":"0123456789x-export","rect":[0,0,256,128],"offset":[0,0],"originalSize":[256,128],"capInsets":[0,0,0,0]}],[0],0,[0],[0],[0]],[[[0,"0123456789x-export",32,{"commonHeight":70,"fontSize":32,"atlasName":"C:\\Users\\Administrator\\Desktop\\切图\\0123456789x-export.png","fontDefDictionary":{"9":{"xOffset":0,"yOffset":0,"xAdvance":0,"rect":{"x":0,"y":0,"width":0,"height":0}},"32":{"xOffset":0,"yOffset":0,"xAdvance":22,"rect":{"x":0,"y":0,"width":0,"height":0}},"48":{"xOffset":0,"yOffset":34,"xAdvance":24,"rect":{"x":122,"y":83,"width":34,"height":36}},"49":{"xOffset":0,"yOffset":35,"xAdvance":18,"rect":{"x":123,"y":42,"width":28,"height":35}},"50":{"xOffset":0,"yOffset":34,"xAdvance":27,"rect":{"x":0,"y":0,"width":37,"height":36}},"51":{"xOffset":0,"yOffset":34,"xAdvance":24,"rect":{"x":84,"y":0,"width":34,"height":36}},"52":{"xOffset":0,"yOffset":35,"xAdvance":24,"rect":{"x":82,"y":83,"width":34,"height":35}},"53":{"xOffset":0,"yOffset":35,"xAdvance":25,"rect":{"x":82,"y":42,"width":35,"height":35}},"54":{"xOffset":0,"yOffset":34,"xAdvance":25,"rect":{"x":43,"y":0,"width":35,"height":36}},"55":{"xOffset":0,"yOffset":35,"xAdvance":25,"rect":{"x":41,"y":42,"width":35,"height":35}},"56":{"xOffset":0,"yOffset":34,"xAdvance":25,"rect":{"x":41,"y":83,"width":35,"height":36}},"57":{"xOffset":0,"yOffset":34,"xAdvance":25,"rect":{"x":0,"y":78,"width":35,"height":36}},"120":{"xOffset":0,"yOffset":40,"xAdvance":25,"rect":{"x":0,"y":42,"width":35,"height":30}}},"kerningDict":{}}]],0,0,[0],[1],[1]]]]