[1,["f7A5TSSmlFya93EuKICeN1","81ymHBhKFAN7eXLHEBaHh0"],["spriteFrame","_textureSetter"],["cc.SpriteFrame",["cc.BitmapFont",["_name","fontSize","_fntConfig"],0]],[[1,0,1,2,4]],[[[[0,"jackPotNum",32,{"commonHeight":45,"fontSize":32,"atlasName":"C:\\Users\\40315\\Desktop\\ziti\\jackPotNum.png","fontDefDictionary":{"9":{"xOffset":0,"yOffset":0,"xAdvance":104,"rect":{"x":0,"y":0,"width":0,"height":0}},"32":{"xOffset":0,"yOffset":0,"xAdvance":13,"rect":{"x":0,"y":0,"width":0,"height":0}},"43":{"xOffset":0,"yOffset":25,"xAdvance":14,"rect":{"x":0,"y":104,"width":13,"height":17}},"44":{"xOffset":0,"yOffset":34,"xAdvance":10,"rect":{"x":45,"y":114,"width":9,"height":13}},"45":{"xOffset":0,"yOffset":28,"xAdvance":12,"rect":{"x":35,"y":104,"width":11,"height":9}},"46":{"xOffset":0,"yOffset":34,"xAdvance":10,"rect":{"x":35,"y":114,"width":9,"height":11}},"48":{"xOffset":0,"yOffset":20,"xAdvance":18,"rect":{"x":0,"y":52,"width":17,"height":25}},"49":{"xOffset":0,"yOffset":20,"xAdvance":14,"rect":{"x":52,"y":52,"width":13,"height":24}},"50":{"xOffset":0,"yOffset":19,"xAdvance":16,"rect":{"x":40,"y":0,"width":15,"height":25}},"51":{"xOffset":0,"yOffset":19,"xAdvance":17,"rect":{"x":35,"y":77,"width":16,"height":26}},"52":{"xOffset":0,"yOffset":20,"xAdvance":17,"rect":{"x":35,"y":52,"width":16,"height":24}},"53":{"xOffset":0,"yOffset":20,"xAdvance":17,"rect":{"x":38,"y":26,"width":16,"height":25}},"54":{"xOffset":0,"yOffset":20,"xAdvance":17,"rect":{"x":18,"y":102,"width":16,"height":25}},"55":{"xOffset":0,"yOffset":20,"xAdvance":17,"rect":{"x":18,"y":77,"width":16,"height":24}},"56":{"xOffset":0,"yOffset":20,"xAdvance":17,"rect":{"x":21,"y":26,"width":16,"height":25}},"57":{"xOffset":0,"yOffset":20,"xAdvance":17,"rect":{"x":23,"y":0,"width":16,"height":25}},"66":{"xOffset":0,"yOffset":20,"xAdvance":18,"rect":{"x":0,"y":78,"width":17,"height":25}},"75":{"xOffset":0,"yOffset":20,"xAdvance":21,"rect":{"x":0,"y":26,"width":20,"height":25}},"77":{"xOffset":0,"yOffset":20,"xAdvance":23,"rect":{"x":0,"y":0,"width":22,"height":25}},"84":{"xOffset":0,"yOffset":20,"xAdvance":17,"rect":{"x":18,"y":52,"width":16,"height":24}}},"kerningDict":{}}]],0,0,[0],[0],[0]],[[{"name":"jackPotNum","rect":[0,0,65,127],"offset":[-31.5,0.5],"originalSize":[128,128],"capInsets":[0,0,0,0]}],[0],0,[0],[1],[1]]]]