[1,["62t4DDs1tE36rPcYR1iQ3g","ect8RWuwRIJ6CcrfKn3wOp","45GT4lYJJPjbmfjxN2qMFq","43oOSGRSRJvbjvPwZeXKyx","41RB2z5MtNNbbqOLs0HMbk","a3HyQZQ95BuIUmbUY6dtiQ","286UXUFF1MmrdXULFmpu5g","b6RXF2Sk9CsaOqd7pN6la4","525RDWLnVDZ583cyWrdTHX","58Y2F/c9NNFYC9MCJ5A4Zx","504Ys5KspLA7aMP4fE4zR6","d4nrRahupAzbRGmKG3wTlb","04ZDVtAWFEKZ3yTvbJTOlT","55njHeexROO76mVYrxCYEH","c8ReP+WfJH56O0ZsPsWKDK","71YWxNoztPKJDUo3CGGhxH","28MPMC1AtHA62sTUt1NB46","5e+BBJpyVLVI4+UTCplnfk","58/R0gfZlOAqYv3lPT7ZrE","75b3qd8XtDR5hz18hiGJrE","330kHtr8JF/pCy1pCmIGay","5eB4NHP0JMu4ImnV9k2idU","cdQQxqmM5DR6cAQJWDeXWo","75aeVICgRFL6GBjfw7SDwb","60Qt3bcANP1IHMCGXliX36","c9nPJAbz1Ltoswg+/gTcix","ca15wENdpGgqpXEjkf6vQf"],["_textureSetter","+","-","ADD","CANCEL","COLLECT","COLLECT1-pot","Game-Rules","POT","bangzu","bgxiazhu","cluo","fanhui","fenhong","gggg","heiren","hong","huang","jb","lan","langzi","lu","meixi","qiumen","wenzi","win","zise"],["cc.SpriteFrame",["cc.SpriteAtlas",["_name","_spriteFrames"],2,11]],[[1,0,1,2]],[[[{"name":"jb","rect":[958,758,289,53],"offset":[0,0],"originalSize":[289,53],"rotated":1,"capInsets":[0,0,0,0]}],[0],0,[0],[0],[0]],[[{"name":"heiren","rect":[777,821,105,128],"offset":[0,10],"originalSize":[105,148],"capInsets":[0,0,0,0]}],[0],0,[0],[0],[0]],[[{"name":"qiumen","rect":[2,2,929,320],"offset":[0,1],"originalSize":[929,322],"capInsets":[0,0,0,0]}],[0],0,[0],[0],[0]],[[{"name":"meixi","rect":[779,324,105,131],"offset":[0,6],"originalSize":[109,143],"rotated":1,"capInsets":[0,0,0,0]}],[0],0,[0],[0],[0]],[[{"name":"cluo","rect":[680,1029,105,125],"offset":[0,12],"originalSize":[109,149],"rotated":1,"capInsets":[0,0,0,0]}],[0],0,[0],[0],[0]],[[[0,"LuckyGoal.plist",[{},"+",6,0,"-",6,1,"ADD",6,2,"CANCEL",6,3,"COLLECT",6,4,"COLLECT1-pot",6,5,"Game-Rules",6,6,"POT",6,7,"bangzu",6,8,"bgxiazhu",6,9,"cluo",6,10,"fanhui",6,11,"fenhong",6,12,"gggg",6,13,"heiren",6,14,"hong",6,15,"huang",6,16,"jb",6,17,"lan",6,18,"langzi",6,19,"lu",6,20,"meixi",6,21,"qiumen",6,22,"wenzi",6,23,"win",6,24,"zise",6,25]]],0,0,[0,0,0,0,0,0,0,0,0,0,0,0,0,0,0,0,0,0,0,0,0,0,0,0,0,0],[1,2,3,4,5,6,7,8,9,10,11,12,13,14,15,16,17,18,19,20,21,22,23,24,25,26],[1,2,3,4,5,6,7,8,9,10,11,12,13,14,15,16,17,18,19,20,21,22,23,24,25,26]]]]