[1,["a2eJeF9ANPrrfK/cyy3Ok4"],["_texture"],[["dragonBones.DragonBonesAtlasAsset",["_name","_atlasJson"],1]],[[0,0,1,3]],[[0,"megawin_tex","{\"width\":1024,\"SubTexture\":[{\"width\":515,\"y\":1,\"height\":510,\"name\":\"megawin/G2\",\"x\":1},{\"width\":325,\"y\":244,\"height\":244,\"name\":\"megawin/G3\",\"x\":518},{\"width\":116,\"y\":244,\"height\":116,\"name\":\"megawin/t2\",\"x\":845},{\"width\":104,\"y\":362,\"height\":104,\"name\":\"megawin/t1\",\"x\":845},{\"width\":96,\"y\":1,\"height\":136,\"name\":\"megawin/4\",\"x\":866},{\"width\":80,\"y\":468,\"height\":113,\"name\":\"megawin/3\",\"x\":922},{\"width\":99,\"y\":139,\"height\":94,\"name\":\"megawin/2\",\"x\":866},{\"width\":84,\"y\":583,\"height\":80,\"name\":\"megawin/1\",\"x\":922},{\"width\":346,\"y\":1,\"height\":241,\"name\":\"megawin/mw\",\"x\":518},{\"width\":402,\"y\":490,\"height\":105,\"name\":\"megawin/kk\",\"x\":518}],\"height\":1024,\"name\":\"megawin\",\"imagePath\":\"megawin_tex.png\"}"]],0,0,[0],[0],[0]]