[1,["a9glJxNGpO6Yk0WPTXvgcV","e5q6IdekNHMpsWkP5oUeUt","860w4a+QNFirQMnlxQ+P9J"],["_textureSetter"],["cc.SpriteFrame"],0,[[[{"name":"信息框","rect":[0,0,126,42],"offset":[0,0],"originalSize":[126,42],"capInsets":[61,17,55,19]}],[0],0,[0],[0],[0]],[[{"name":"下注字03","rect":[0,0,125,29],"offset":[0,0],"originalSize":[125,29],"capInsets":[0,0,0,0]}],[0],0,[0],[0],[1]],[[{"name":"下注字04","rect":[0,0,99,29],"offset":[0,0],"originalSize":[99,29],"capInsets":[0,0,0,0]}],[0],0,[0],[0],[2]]]]