[1,["ecpdLyjvZBwrvm+cedCcQy","a7BlI691hMI7jS6YrIgMxJ","f5fWtJV9VO6Y5ys8K+3BAp","40vaX+RzNBia2H+LYQT6sX","30FyTGIZFOOLl2ny5jd9ef","64s7e3vG5PSp+Fj/V1BovO","e5g5lPS89BwasWgs+UUV+E","daIrDQB41PmJZXhOeVYNy3","9dbS8RNAROpo3KtUP1rQZB","40wZmdIiFLiItYLg84kll6","da0Q4erHRNzauN6I6vmfKg","767ukVTUVB+qp+htFWvrdE","1algf7pdJHYqhw8OBSJPXD","aeTb1h/P5GeZ4uAkB0iOB4","701MCA8BxC7pMNT5sirO5U","26D5Llve9K9ruPiwNV568F","dd6HQFS41L2qyu0S+c45YJ","99YT40289N1q7gDOxG/FQv","b7QGP3dcNDqKVvG4ONyj2n","597c5nAplEW6CvLz1hd/Ny","36c0eS43BNkpHPmo+aXKIw","0bhjVzp5FAHIEbPShwXu7u","6eBf5QCXJF07iEB9nUfmtL","14pumNHc1B8aOl91js7oxr","e0Tj+NXltD5b4/6FEHoko5","e84SXr28BBrL+c8bc9B00n","a5lOFordZNA5NbKX5OIEv+","2cvIVS94lA2aEQpof77zd3","9aCk9rlMtKYqjIogI5TQMi","32yetyHcJGeo+YLZHsYPXj","a7dObSj8tD6YXVd7mZBQTb","84kQhn45JEtLRsonYoc5R5","25ZIDTvF9Ljb4As8HcFj+t","38DMXOToVDjoTDc/wikPCp","7a5E2Va/tLMYAOhsKp70Wh","a2qODITYNFHIyJZm6QS/Bc","f24ehAP7hNNb3TJItCtZ2J","b7p3JrmMZEcLLPovAobhNu","b4m+45XvpLxpCpv+NAtnm/","d8X1VMMPJHOr1FYpzBQBq5","eflV8/z5RCt5FBSXi0/p1z","8d40MSWuRDz7ubJTpHqa9h","de9pwltjRN1p0tZ9McOb9E","ee5rdZL/RGZYPaBQ0FhxZc","6ax7gw4yRPebEWPUInLKGt","59p/96X4FJZLzGgk/F0Uqe","f3CPLyy09GLqU6OnsYaQNX","23eWdou45H1ac9aPplmRnD","06r9dRcwxMIawoLdhhpkrW","50Eb0Y965FprSznSk2BIES","aa9jJus4lAHL/EM00lantt","78lPtaFSxBCL+GBdcTlX4m","70RFc6pbRMdoOboR5oujtq","32xHyrkAxDiaMfGmCag8Yc","b47gqHVQVJvqFHyisWiUDy","d7RpGECexPHKCadavbs31y","06vfGa8RpLEaWLcV/2N9wH","e7/6iKKARHJYhiBv4XKHL2","d27VjZgBtKYJYOMyjATlAB","ebB0puTSNAroVK3Ve5xHrd","efV9SqGFREf60Ma4wG89P3","435u58/aNB6rhU/7XCidkQ","deCPOcW3hJE79bXj2g/Lpd","f3iam3IlVO9qkk+YKeh5n8"],["node","_spriteFrame","_textureSetter","_N$normalSprite","_N$pressedSprite","_N$hoverSprite","_N$disabledSprite","_parent","_N$target","root","autoDragProgressBar","lineDragProgressBar","betDragProgressBar","quickNode","betLabel","arrowNode","soundCloseNode","soundOpenNode","checkMark","label","data","_normalMaterial","_N$file"],["cc.SpriteFrame",["cc.Node",["_name","_active","_objFlags","_prefab","_contentSize","_components","_trs","_parent","_children","_anchorPoint"],0,4,5,9,7,1,2,5],["cc.Widget",["_alignFlags","_originalWidth","_originalHeight","_left","_right","alignMode","_top","_bottom","node"],-5,1],["cc.Sprite",["_sizeMode","_type","_isTrimmedMode","node","_materials","_spriteFrame"],0,1,3,6],["cc.PrefabInfo",["fileId","root","asset"],2,1,1],["cc.Button",["_N$transition","node","_N$normalSprite","_N$pressedSprite","_N$hoverSprite","_N$disabledSprite","clickEvents","_N$target","_N$normalColor","_N$pressedColor","_N$disabledColor"],2,1,6,6,6,6,9,1,5,5,5],["cc.Layout",["_resize","_N$layoutType","_N$spacingY","_N$paddingTop","node","_layoutSize"],-1,1,5],["cc.Label",["_string","_fontSize","_N$horizontalAlign","_N$verticalAlign","_lineHeight","_isSystemFontUsed","_N$overflow","node","_materials"],-4,1,3],["cc.Prefab",["_name"],2],["cc.Node",["_name","_components","_prefab","_contentSize","_trs"],2,12,4,5,7],["cc.Node",["_name","_objFlags","_active","_parent","_components","_prefab","_contentSize"],0,1,2,4,5],["cc.BlockInputEvents",["node"],3,1],["cb3b4Q4SbZM+pfh8QfSqRSX",["node","pannelList","btnList","soundOpenNode","soundCloseNode","arrowNode","betLabel","quickNode","betDragProgressBar","lineDragProgressBar","autoDragProgressBar"],3,1,2,2,1,1,1,1,1,1,1,1],["02e00S9BTtKJbfc7RLpTh/P",["maxProgress","node","progressChangeEvent"],2,1,4],["cc.ClickEvent",["_componentId","handler","target"],1,1],["cc.Toggle",["_N$transition","_N$isChecked","node","_N$normalColor","_N$target","checkMark","checkEvents","_normalMaterial"],1,1,5,1,1,9,6],["cc.ScrollView",["horizontal","node","_N$content"],2,1,1],["cc.Mask",["node","_materials"],3,1,3],["6e2afyrq1xDsLFfmGwdOB9Z",["node","label"],3,1,1]],[[4,0,1,2,2],[3,3,4,5,1],[1,0,7,5,3,4,6,2],[4,0,1,2],[3,1,0,3,4,5,3],[14,0,1,2,3],[1,0,7,8,5,3,4,6,2],[5,0,1,6,2,3,4,5,2],[1,0,2,7,5,3,4,3],[5,0,1,6,8,9,10,7,2,3,4,5,2],[1,0,8,5,3,4,6,2],[1,0,7,8,5,3,4,9,6,2],[2,0,8,2],[1,0,5,3,4,6,2],[2,5,0,4,8,4],[13,0,1,2,2],[5,0,1,7,2,3,4,5,2],[7,0,1,4,2,3,7,8,6],[1,0,1,8,3,3],[2,0,3,8,3],[8,0,2],[1,0,8,5,3,4,9,6,2],[1,0,1,8,5,3,4,6,3],[1,0,7,8,3,2],[1,0,7,5,3,4,9,6,2],[1,0,2,7,5,3,4,6,3],[1,0,7,8,3,4,6,2],[1,0,7,5,3,4,2],[9,0,1,2,3,4,2],[10,0,1,2,3,4,5,6,4],[3,0,2,3,4,3],[2,0,1,2,8,4],[2,0,3,4,6,7,1,2,8,8],[11,0,1],[12,0,1,2,3,4,5,6,7,8,9,10,1],[4,1,2,1],[6,0,1,3,2,4,5,5],[6,0,1,2,4,5,4],[15,0,1,2,3,4,5,6,7,3],[16,0,1,2,2],[17,0,1,1],[18,0,1,1],[7,0,1,5,2,3,6,7,8,7]],[[[{"name":"帮助图05","rect":[55,15,843,196],"offset":[0.5,-2],"originalSize":[952,222],"capInsets":[0,0,0,0]}],[0],0,[0],[2],[15]],[[{"name":"帮助图03","rect":[43,12,850,138],"offset":[-8,6.5],"originalSize":[952,175],"capInsets":[0,0,0,0]}],[0],0,[0],[2],[16]],[[{"name":"上框","rect":[0,0,714,68],"offset":[0,0],"originalSize":[714,68],"capInsets":[0,0,0,0]}],[0],0,[0],[2],[17]],[[{"name":"05a","rect":[0,0,81,83],"offset":[0,0],"originalSize":[81,83],"capInsets":[0,0,0,0]}],[0],0,[0],[2],[18]],[[{"name":"底图01","rect":[0,0,218,664],"offset":[0,0],"originalSize":[218,664],"capInsets":[103,0,86,0]}],[0],0,[0],[2],[19]],[[{"name":"05b","rect":[0,0,81,83],"offset":[0,0],"originalSize":[81,83],"capInsets":[0,0,0,0]}],[0],0,[0],[2],[20]],[[{"name":"帮助图04","rect":[75,0,806,426],"offset":[2,5],"originalSize":[952,436],"capInsets":[0,0,0,0]}],[0],0,[0],[2],[21]],[[{"name":"帮助图01","rect":[34,0,863,680],"offset":[-10.5,20.5],"originalSize":[952,721],"capInsets":[0,0,0,0]}],[0],0,[0],[2],[22]],[[{"name":"05c","rect":[0,0,81,83],"offset":[0,0],"originalSize":[81,83],"capInsets":[0,0,0,0]}],[0],0,[0],[2],[23]],[[{"name":"开","rect":[0,0,107,52],"offset":[0,0],"originalSize":[107,52],"capInsets":[0,0,0,0]}],[0],0,[0],[2],[24]],[[{"name":"05d","rect":[0,0,81,83],"offset":[0,0],"originalSize":[81,83],"capInsets":[0,0,0,0]}],[0],0,[0],[2],[25]],[[{"name":"设置字01","rect":[0,0,189,32],"offset":[0,0],"originalSize":[189,32],"capInsets":[0,0,0,0]}],[0],0,[0],[2],[26]],[[{"name":"下注字02","rect":[0,0,62,29],"offset":[0,0],"originalSize":[62,29],"capInsets":[0,0,0,0]}],[0],0,[0],[2],[27]],[[{"name":"03","rect":[0,0,81,83],"offset":[0,0],"originalSize":[81,83],"capInsets":[0,0,0,0]}],[0],0,[0],[2],[28]],[[[20,"menu"],[10,"menu",[-20,-21,-22,-23,-24,-25,-26],[[4,1,0,-2,[141],142],[31,45,1520,41,-3],[33,-4],[34,-19,[-16,-17,-18],[-13,-14,-15],-12,-11,-10,-9,-8,-7,-6,-5]],[35,-1,0],[5,1520,720],[760,360,0,0,0,0,1,1,1,1]],[10,"dragProgressBar",[-30,-31,-32,-33],[[4,1,0,-28,[65],66],[15,5,-29,[5,"cb3b4Q4SbZM+pfh8QfSqRSX","updateAutoNumber",1]]],[3,"b96Az7CwRA/5xXHceeeTRD",-27],[5,635,108],[0.44,162.159,0,0,0,0,1,1,1,1]],[10,"dragProgressBar",[-37,-38,-39,-40],[[4,1,0,-35,[100],101],[15,5,-36,[5,"cb3b4Q4SbZM+pfh8QfSqRSX","updateBetNumber",1]]],[3,"47F5Za5yxJvotESxAufuRI",-34],[5,635,108],[0.44,73.47,0,0,0,0,1,1,1,1]],[10,"dragProgressBar",[-44,-45,-46,-47],[[4,1,0,-42,[125],126],[15,5,-43,[5,"cb3b4Q4SbZM+pfh8QfSqRSX","updateLine",1]]],[3,"ec68927UtLraJC5saBTIwT",-41],[5,635,108],[0.44,-99.521,0,0,0,0,1,1,1,1]],[18,"betPanel",false,[-48,-49,-50,3,4,-51],[0,"f231RdKqBBZ41LHsT3wy7b",1,0]],[21,"New Layout",[-53,-54,-55,-56,-57],[[36,1,2,20,35,-52,[5,200,1715]]],[0,"65IP8qrS9MU5W/dX3uqWvW",1,0],[5,200,1715],[0,0.5,1],[0,267,0,0,0,0,1,1,1,1]],[18,"setPanel",false,[-58,-59,2,-60],[0,"64NDWl3DFNsbYJyB3OBOVc",1,0]],[6,"soundBtn",1,[-64],[[9,2,-62,[[5,"cb3b4Q4SbZM+pfh8QfSqRSX","onClickBtn",1]],[4,4293322470],[4,4291348680],[4,3363338360],-61,10,11,12,13],[19,8,162.5,-63]],[0,"bdKoZaunlFh5iyicVZU7Nc",1,0],[5,81,83],[-557,-161.467,0,0,0,0,1,1,1,1]],[6,"closeSoundBtn",1,[-68],[[9,2,-66,[[5,"cb3b4Q4SbZM+pfh8QfSqRSX","onClickBtn",1]],[4,4293322470],[4,4291348680],[4,3363338360],-65,16,17,18,19],[19,8,162.5,-67]],[0,"43NGMX1ehFVK/iEmI9YLBn",1,0],[5,81,83],[-557,-161.467,0,0,0,0,1,1,1,1]],[11,"btnLayer",1,[-70,-71,-72],[[37,1,2,21.5,-69,[5,81,292]]],[0,"f6583J9RhImbO+ee0S2rjZ",1,0],[5,81,292],[0,0.5,1],[556.491,251.457,0,0,0,0,1,1,1,1]],[6,"setBtn",10,[-76],[[9,2,-74,[[5,"cb3b4Q4SbZM+pfh8QfSqRSX","onClickBtn",1]],[4,4293322470],[4,4291348680],[4,3363338360],-73,22,23,24,25],[12,8,-75]],[0,"7eP4ep78VHcJUJ/0WbvCLQ",1,0],[5,81,83],[0,-41.5,0,0,0,0,1,1,1,1]],[6,"betBtn",10,[-80],[[9,2,-78,[[5,"cb3b4Q4SbZM+pfh8QfSqRSX","onClickBtn",1]],[4,4293322470],[4,4291348680],[4,3363338360],-77,28,29,30,31],[12,8,-79]],[0,"06gdN/rEdEE4PIi/+5w7OC",1,0],[5,81,83],[0,-146,0,0,0,0,1,1,1,1]],[6,"helpBtn",10,[-84],[[9,2,-82,[[5,"cb3b4Q4SbZM+pfh8QfSqRSX","onClickBtn",1]],[4,4293322470],[4,4291348680],[4,3363338360],-81,34,35,36,37],[12,8,-83]],[0,"5cDXZPGmpMcJUk8agu7RUH",1,0],[5,81,83],[0,-250.5,0,0,0,0,1,1,1,1]],[13,"dragBtn",[[16,2,-86,-85,55,56,57,58],[1,-87,[59],60],[14,2,32,-23.50199999999998,-88]],[3,"90hYBHMFhE1pHBBGo6rtFB",2],[5,52,52],[434.74199999999996,0,0,0,0,0,1,1,1,1]],[6,"quickToggle",7,[-92,-93],[[38,3,false,-91,[4,4292269782],-90,-89,[[5,"cb3b4Q4SbZM+pfh8QfSqRSX","onClickBtn",1]],70]],[0,"d9TrfkDUZH7YfqbqNY1zdd",1,0],[5,107,50],[-1.595,-5.848,0,0,0,0,1,1,1,1]],[13,"dragBtn",[[16,2,-95,-94,90,91,92,93],[1,-96,[94],95],[14,2,32,-23.50199999999998,-97]],[3,"90hYBHMFhE1pHBBGo6rtFB",3],[5,52,52],[434.74199999999996,0,0,0,0,0,1,1,1,1]],[13,"dragBtn",[[16,2,-99,-98,115,116,117,118],[1,-100,[119],120],[14,2,32,-23.50199999999998,-101]],[3,"90hYBHMFhE1pHBBGo6rtFB",4],[5,52,52],[434.74199999999996,0,0,0,0,0,1,1,1,1]],[22,"helpPanel",false,[6],[[39,false,-102,6],[40,-103,[140]]],[0,"47yT/SqTpHV4OBa+lY24KX",1,0],[5,931,534],[0,21,0,0,0,0,1,1,1,1]],[6,"上框",1,[-106],[[4,1,0,-104,[6],7],[12,1,-105]],[0,"0bv8sYxLpKXJ1r49OXTN1I",1,0],[5,1217.2,68],[-1.1,326,0,0,0,0,1,1,1,1]],[23,"panel",1,[7,5,18],[0,"d0UxBOjNZL7aHhp+W4AE0g",1,0]],[28,"betLabel",[[-107,[41,-109,-108]],1,4],[0,"35RpggP+dGHanF2ZHSMsb/",1,0],[5,257,40],[0,-0.774,0,0,0,0,1,1,1,1]],[2,"底图01",1,[[4,1,0,-110,[0],1],[32,45,283,285,28,28,952,664,-111]],[0,"60zXSBwQFMf74xD1gOhcgW",1,0],[5,952,664],[-1,0,0,0,0,0,1,1,1,1]],[24,"arrow",1,[[1,-112,[2],3]],[0,"57azeDLzJCPLoYX/KT60ok",1,0],[5,43,337],[0,1,0.5],[506.851,227.861,0,0,0,0,1,1,1,1]],[8,"Background",512,8,[[4,1,2,-113,[8],9]],[0,"b3SmNELcpHsJqCXE5laZXE",1,0],[5,81,83]],[8,"Background",512,9,[[4,1,2,-114,[14],15]],[0,"c2EDBiOktMg7fUkY/gOAtu",1,0],[5,81,83]],[8,"Background",512,11,[[4,1,2,-115,[20],21]],[0,"539JhLkxhKwLSzuWbHJ+7j",1,0],[5,81,83]],[8,"Background",512,12,[[4,1,2,-116,[26],27]],[0,"29JjrYEPVBWao5rCVHOzt+",1,0],[5,81,83]],[8,"Background",512,13,[[4,1,2,-117,[32],33]],[0,"c99o1ULPdDmboa9smxfQxh",1,0],[5,81,83]],[2,"reduceBtn",2,[[7,2,-118,[[5,"02e00S9BTtKJbfc7RLpTh/P","reduceBtn",2]],43,44,45,46],[1,-119,[47],48]],[3,"51SoAlqKlDy4un5WGuqYiY",2],[5,59,52],[-280.834,-21.722,0,0,0,0,1,1,1,1]],[2,"addBtn",2,[[7,2,-120,[[5,"02e00S9BTtKJbfc7RLpTh/P","addBtn",2]],49,50,51,52],[1,-121,[53],54]],[3,"b3eSEm+2pEuq4lsLDHLYuj",2],[5,59,52],[281.039,-21.722,0,0,0,0,1,1,1,1]],[6,"progressBarBg",2,[-123],[[4,1,0,-122,[63],64]],[3,"08BaRTwLlFoZqWdLK2m5oL",2],[5,437.24,12],[0,-21.9,0,0,0,0,1,1,1,1]],[11,"progressBar",31,[14],[[4,1,0,-124,[61],62]],[3,"db/nRmr6RCFJgHZn7yz2wF",2],[5,437.24,12],[0,0,0.5],[-218.62,0,0,0,0,0,1,1,1,1]],[25,"Background",512,15,[[1,-125,[67],68]],[0,"21OAi2C6VGuau06PIrlYPB",1,0],[5,107,52],[0,0,0,0,0,0,1,1,1,0]],[2,"reduceBtn",3,[[7,2,-126,[[5,"02e00S9BTtKJbfc7RLpTh/P","reduceBtn",3]],78,79,80,81],[1,-127,[82],83]],[3,"51SoAlqKlDy4un5WGuqYiY",3],[5,59,52],[-280.834,-21.722,0,0,0,0,1,1,1,1]],[2,"addBtn",3,[[7,2,-128,[[5,"02e00S9BTtKJbfc7RLpTh/P","addBtn",3]],84,85,86,87],[1,-129,[88],89]],[3,"b3eSEm+2pEuq4lsLDHLYuj",3],[5,59,52],[281.039,-21.722,0,0,0,0,1,1,1,1]],[6,"progressBarBg",3,[-131],[[4,1,0,-130,[98],99]],[3,"08BaRTwLlFoZqWdLK2m5oL",3],[5,437.24,12],[0,-21.9,0,0,0,0,1,1,1,1]],[11,"progressBar",36,[16],[[4,1,0,-132,[96],97]],[3,"db/nRmr6RCFJgHZn7yz2wF",3],[5,437.24,12],[0,0,0.5],[-218.62,0,0,0,0,0,1,1,1,1]],[2,"reduceBtn",4,[[7,2,-133,[[5,"02e00S9BTtKJbfc7RLpTh/P","reduceBtn",4]],103,104,105,106],[1,-134,[107],108]],[3,"51SoAlqKlDy4un5WGuqYiY",4],[5,59,52],[-280.834,-21.722,0,0,0,0,1,1,1,1]],[2,"addBtn",4,[[7,2,-135,[[5,"02e00S9BTtKJbfc7RLpTh/P","addBtn",4]],109,110,111,112],[1,-136,[113],114]],[3,"b3eSEm+2pEuq4lsLDHLYuj",4],[5,59,52],[281.039,-21.722,0,0,0,0,1,1,1,1]],[6,"progressBarBg",4,[-138],[[4,1,0,-137,[123],124]],[3,"08BaRTwLlFoZqWdLK2m5oL",4],[5,437.24,12],[0,-21.9,0,0,0,0,1,1,1,1]],[11,"progressBar",40,[17],[[4,1,0,-139,[121],122]],[3,"db/nRmr6RCFJgHZn7yz2wF",4],[5,437.24,12],[0,0,0.5],[-218.62,0,0,0,0,0,1,1,1,1]],[26,"betBtn",5,[-140,21],[0,"67bpgI9v9Bt7rHKEP3LWm9",1,0],[5,257,41.9],[0.361,213.99,0,0,0,0,1,1,1,1]],[2,"设置字01",19,[[1,-141,[4],5]],[0,"efzsx03J5KfYp58pTYDA32",1,0],[5,189,32],[1.628,6.513,0,0,0,0,1,1,1,1]],[2,"设置字02",7,[[1,-142,[38],39]],[0,"77Bnk/iWFJ0Kjg3qWx+bA/",1,0],[5,214,29],[1.236,243.837,0,0,0,0,1,1,1,1]],[2,"设置字03",7,[[1,-143,[40],41]],[0,"a7fmwsAO1MR7eeVQD2SwD4",1,0],[5,207,29],[1.465,51.29,0,0,0,0,1,1,1,1]],[2,"curNumber",2,[[17,"0",35,35,1,1,-144,[42]]],[3,"c0sSyR1ixDb61ohZw8m1NQ",2],[5,19.47,44.1],[0.599,29.282,0,0,0,0,1,1,1,1]],[29,"checkmark",512,false,15,[-145],[0,"60UIUQ+NRLzoxcnIzt3b96",1,0],[5,107,52]],[30,2,false,47,[69]],[2,"下注字02",5,[[1,-146,[71],72]],[0,"557vCR+dJN7p1fm8YyXtN3",1,0],[5,62,29],[1.046,260.512,0,0,0,0,1,1,1,1]],[2,"下注字03",5,[[1,-147,[73],74]],[0,"f5FJncd9xOgaQYTF23805c",1,0],[5,125,29],[0.209,154.317,0,0,0,0,1,1,1,1]],[2,"下注字04",5,[[1,-148,[75],76]],[0,"4cDOiRif5MLIcEMIfwy7Zp",1,0],[5,99,29],[0.584,-20.115,0,0,0,0,1,1,1,1]],[2,"curNumber",3,[[17,"0",35,35,1,1,-149,[77]]],[3,"c0sSyR1ixDb61ohZw8m1NQ",3],[5,19.47,44.1],[0.599,29.282,0,0,0,0,1,1,1,1]],[2,"curNumber",4,[[17,"0",35,35,1,1,-150,[102]]],[3,"c0sSyR1ixDb61ohZw8m1NQ",4],[5,19.47,44.1],[0.599,29.282,0,0,0,0,1,1,1,1]],[27,"Background",42,[[4,1,0,-151,[127],128]],[0,"ecJ6EOvztFUJ310D8AfaTE",1,0],[5,257,41.9]],[42,"$1,000.00",29.8,false,1,1,2,21,[129]],[2,"帮助图01",6,[[1,-152,[130],131]],[0,"d9SBYihexG24KQmOfgnjv1",1,0],[5,863,680],[0,-360,0,0,0,0,1,1,1,1]],[2,"帮助图02",6,[[1,-153,[132],133]],[0,"ecl0ie5OBOmqWJphdJTtIc",1,0],[5,743,115],[0,-792.5,0,0,0,0,1,1,1,1]],[2,"帮助图03",6,[[1,-154,[134],135]],[0,"3alpjkjcdIwbzfw8uav8OW",1,0],[5,850,138],[0,-954,0,0,0,0,1,1,1,1]],[2,"帮助图05",6,[[1,-155,[136],137]],[0,"34/g3+UXhNAIF4SJHubza0",1,0],[5,843,196],[0,-1156,0,0,0,0,1,1,1,1]],[2,"帮助图04",6,[[1,-156,[138],139]],[0,"8eTuczg/FKdrLElvOL1VgE",1,0],[5,806,426],[0,-1502,0,0,0,0,1,1,1,1]]],0,[0,9,1,0,0,1,0,0,1,0,0,1,0,10,2,0,11,4,0,12,3,0,13,15,0,14,21,0,15,23,0,16,9,0,17,8,0,-1,11,0,-2,12,0,-3,13,0,-1,7,0,-2,5,0,-3,18,0,0,1,0,-1,22,0,-2,23,0,-3,19,0,-4,8,0,-5,9,0,-6,10,0,-7,20,0,9,2,0,0,2,0,0,2,0,-1,46,0,-2,29,0,-3,30,0,-4,31,0,9,3,0,0,3,0,0,3,0,-1,52,0,-2,34,0,-3,35,0,-4,36,0,9,4,0,0,4,0,0,4,0,-1,53,0,-2,38,0,-3,39,0,-4,40,0,-1,49,0,-2,50,0,-3,51,0,-6,42,0,0,6,0,-1,56,0,-2,57,0,-3,58,0,-4,59,0,-5,60,0,-1,44,0,-2,45,0,-4,15,0,8,24,0,0,8,0,0,8,0,-1,24,0,8,25,0,0,9,0,0,9,0,-1,25,0,0,10,0,-1,11,0,-2,12,0,-3,13,0,8,26,0,0,11,0,0,11,0,-1,26,0,8,27,0,0,12,0,0,12,0,-1,27,0,8,28,0,0,13,0,0,13,0,-1,28,0,8,14,0,0,14,0,0,14,0,0,14,0,18,48,0,8,33,0,0,15,0,-1,33,0,-2,47,0,8,16,0,0,16,0,0,16,0,0,16,0,8,17,0,0,17,0,0,17,0,0,17,0,0,18,0,0,18,0,0,19,0,0,19,0,-1,43,0,-1,55,0,19,55,0,0,21,0,0,22,0,0,22,0,0,23,0,0,24,0,0,25,0,0,26,0,0,27,0,0,28,0,0,29,0,0,29,0,0,30,0,0,30,0,0,31,0,-1,32,0,0,32,0,0,33,0,0,34,0,0,34,0,0,35,0,0,35,0,0,36,0,-1,37,0,0,37,0,0,38,0,0,38,0,0,39,0,0,39,0,0,40,0,-1,41,0,0,41,0,-1,54,0,0,43,0,0,44,0,0,45,0,0,46,0,-1,48,0,0,49,0,0,50,0,0,51,0,0,52,0,0,53,0,0,54,0,0,56,0,0,57,0,0,58,0,0,59,0,0,60,0,20,1,2,7,7,3,7,5,4,7,5,5,7,20,6,7,18,7,7,20,14,7,32,16,7,37,17,7,41,18,7,20,21,7,42,156],[0,0,0,0,0,0,0,0,0,0,0,0,0,0,0,0,0,0,0,0,0,0,0,0,0,0,0,0,0,0,0,0,0,0,0,0,0,0,0,0,0,0,0,0,0,0,0,0,0,0,0,0,0,0,0,0,0,0,0,0,0,0,0,0,0,0,0,0,0,0,0,0,0,0,0,0,0,0,0,0,0,0,0,0,0,0,0,0,0,0,0,0,0,0,0,0,0,0,0,0,0,0,0,0,0,0,0,0,0,0,0,0,0,0,0,0,0,0,0,0,0,0,0,0,0,0,0,0,0,0,0,0,0,0,0,0,0,0,0,0,0,0,0,48,55],[-1,1,-1,1,-1,1,-1,1,-1,1,3,4,5,6,-1,1,3,4,5,6,-1,1,3,4,5,6,-1,1,3,4,5,6,-1,1,3,4,5,6,-1,1,-1,1,-1,3,4,5,6,-1,1,3,4,5,6,-1,1,3,4,5,6,-1,1,-1,1,-1,1,-1,1,-1,1,-1,21,-1,1,-1,1,-1,1,-1,3,4,5,6,-1,1,3,4,5,6,-1,1,3,4,5,6,-1,1,-1,1,-1,1,-1,1,-1,3,4,5,6,-1,1,3,4,5,6,-1,1,3,4,5,6,-1,1,-1,1,-1,1,-1,1,-1,1,-1,-1,1,-1,1,-1,1,-1,1,-1,1,-1,-1,1,1,22],[0,29,0,30,0,31,0,32,0,4,4,4,33,4,0,5,5,5,34,5,0,6,6,6,35,6,0,7,7,7,36,7,0,8,8,8,37,8,0,38,0,39,0,1,1,9,1,0,1,2,2,10,2,0,2,3,3,11,3,0,3,0,12,0,13,0,14,0,40,0,0,0,41,0,42,0,43,0,1,1,9,1,0,1,2,2,10,2,0,2,3,3,11,3,0,3,0,12,0,13,0,14,0,1,1,9,1,0,1,2,2,10,2,0,2,3,3,11,3,0,3,0,12,0,13,0,14,0,44,0,0,45,0,46,0,47,0,48,0,49,0,0,50,51,52]],[[{"name":"01a","rect":[0,0,81,83],"offset":[0,0],"originalSize":[81,83],"capInsets":[0,0,0,0]}],[0],0,[0],[2],[53]],[[{"name":"底图02","rect":[0,0,43,337],"offset":[0,0],"originalSize":[43,337],"capInsets":[0,0,0,0]}],[0],0,[0],[2],[54]],[[{"name":"背景","rect":[0,0,1520,41],"offset":[0,0],"originalSize":[1520,41],"capInsets":[700,13,615,19]}],[0],0,[0],[2],[55]],[[{"name":"设置字02","rect":[0,0,214,29],"offset":[0,0],"originalSize":[214,29],"capInsets":[0,0,0,0]}],[0],0,[0],[2],[56]],[[{"name":"03a","rect":[0,0,81,83],"offset":[0,0],"originalSize":[81,83],"capInsets":[0,0,0,0]}],[0],0,[0],[2],[57]],[[{"name":"设置字03","rect":[0,0,207,29],"offset":[0,0],"originalSize":[207,29],"capInsets":[0,0,0,0]}],[0],0,[0],[2],[58]],[[{"name":"02","rect":[0,0,81,83],"offset":[0,0],"originalSize":[81,83],"capInsets":[0,0,0,0]}],[0],0,[0],[2],[59]],[[{"name":"01","rect":[0,0,81,83],"offset":[0,0],"originalSize":[81,83],"capInsets":[0,0,0,0]}],[0],0,[0],[2],[60]],[[{"name":"关","rect":[0,0,107,52],"offset":[0,0],"originalSize":[107,52],"capInsets":[0,0,0,0]}],[0],0,[0],[2],[61]],[[{"name":"02a","rect":[0,0,81,83],"offset":[0,0],"originalSize":[81,83],"capInsets":[0,0,0,0]}],[0],0,[0],[2],[62]],[[{"name":"帮助图02","rect":[107,0,743,115],"offset":[2.5,4.5],"originalSize":[952,124],"capInsets":[0,0,0,0]}],[0],0,[0],[2],[63]]]]