[1,["fcVwKQJ8BE1rJbKd4ix61C","97r3jVs7pNOrg1AZWdLKOv"],["spriteFrame","_textureSetter"],["cc.SpriteFrame",["cc.BitmapFont",["_name","fontSize","_fntConfig"],0]],[[1,0,1,2,4]],[[[[0,"number2",24,{"commonHeight":24,"fontSize":24,"atlasName":"number2.png","fontDefDictionary":{"48":{"xOffset":0,"yOffset":0,"xAdvance":16,"rect":{"x":92,"y":2,"width":16,"height":24}},"49":{"xOffset":0,"yOffset":0,"xAdvance":16,"rect":{"x":110,"y":2,"width":16,"height":24}},"50":{"xOffset":0,"yOffset":0,"xAdvance":16,"rect":{"x":128,"y":2,"width":16,"height":24}},"51":{"xOffset":0,"yOffset":0,"xAdvance":16,"rect":{"x":146,"y":2,"width":16,"height":24}},"52":{"xOffset":0,"yOffset":0,"xAdvance":16,"rect":{"x":164,"y":2,"width":16,"height":24}},"53":{"xOffset":0,"yOffset":0,"xAdvance":16,"rect":{"x":2,"y":2,"width":16,"height":24}},"54":{"xOffset":0,"yOffset":0,"xAdvance":16,"rect":{"x":20,"y":2,"width":16,"height":24}},"55":{"xOffset":0,"yOffset":0,"xAdvance":16,"rect":{"x":38,"y":2,"width":16,"height":24}},"56":{"xOffset":0,"yOffset":0,"xAdvance":16,"rect":{"x":56,"y":2,"width":16,"height":24}},"57":{"xOffset":0,"yOffset":0,"xAdvance":16,"rect":{"x":74,"y":2,"width":16,"height":24}}},"kerningDict":{}}]],0,0,[0],[0],[0]],[[{"name":"number2","rect":[2,2,177,24],"offset":[-5.5,2.5],"originalSize":[192,33],"capInsets":[0,0,0,0]}],[0],0,[0],[1],[1]]]]