[1,["9d+b9V7ONHhrItx2riYq6n"],["_texture"],[["dragonBones.DragonBonesAtlasAsset",["_name","_atlasJson"],1]],[[0,0,1,3]],[[0,"gan_tex","{\"width\":256,\"imagePath\":\"gan_tex.png\",\"height\":256,\"name\":\"gan\",\"SubTexture\":[{\"width\":72,\"y\":1,\"height\":178,\"name\":\"gan/4\",\"x\":1},{\"width\":72,\"y\":1,\"height\":178,\"name\":\"gan/1\",\"x\":75},{\"width\":72,\"y\":125,\"height\":122,\"name\":\"gan/3\",\"x\":149},{\"width\":72,\"y\":1,\"height\":122,\"name\":\"gan/2\",\"x\":149}]}"]],0,0,[0],[0],[0]]