{"paths":{"0":["win",2],"1":["Texture/poker",2],"2":["ani/luckypoker/pai_tex",2],"3":["luckyball/01huosheng",7],"4":["ani/winwin/winfall_tex",2],"5":["Texture/luckyPoker",2],"6":["1-9-export",2],"7":["luckyball/02shibai",7],"8":["luckyball/05xipai",7],"9":["luckyball/btn_touch",7],"10":["luckyball/06jump_number",7],"11":["Texture/luckyball_img_left",2],"12":["luckyball/keep",7],"13":["luckyball/03fanpai",7],"14":["luckyball/Bg_nm",7],"15":["luckyball/04kaijiang",7],"16":["Texture/poker",4],"17":["Texture/luckyPoker",4],"18":["win",1,1],"19":["win",0],"20":["ani/winwin/winfall_ske",5],"21":["ani/winwin/winfall_tex",6],"22":["LuckyBall",3],"23":["1-9-export",0],"24":["ani/luckypoker/pai_ske",5],"25":["Texture/luckyball_img_left",1,1],"26":["1-9-export",1,1],"27":["ani/winwin/winfall_tex",1,1],"28":["ani/luckypoker/pai_tex",6],"30":["ani/luckypoker/pai_tex",1,1]},"types":["cc.BitmapFont","cc.SpriteFrame","cc.Texture2D","cc.Prefab","cc.SpriteAtlas","dragonBones.DragonBonesAsset","dragonBones.DragonBonesAtlasAsset","cc.AudioClip"],"uuids":["01IvL5bvpIFrOvfq7aguA2","39c2Drk6tN4ZdMylGN0Rqx","74wSpk/mZI5LUTKEKGwBEu","7aBr/eChZCboH2O4Ud8yq1","8e0sctAzRNMZxzOnEvwaBZ","9e/JSmEG9AsI/qibWl9d7t","9ftvR8CdJOd5W8SHwBTl6y","a3Dm40AjBMurSf3wQrvjn3","a3pbYw7jlA7KCPPXr40FZk","b8VmGUmZRJELXmMf58aoHq","beistxKKBD65lkVc7vQtyY","d7gZrfTYZD1ILoqkh4vGCK","dbhjnqm7dCaKQz0o1/TBig","ddUQGmpbVISooHRPkae4lK","e9NH6k2t9M24HyC2X9oFX7","eeAIZmxaRKVI2JIA1X/oed","0ciUdjRRFITac8pVnQ0oJh","13wPtDLPpN7pth4+pxGGBY","16Xyg8Bb1L/bgQb6PcFA2X","17XDLpWhJAtpQCn6Cv2KKZ","33XntlphxA76+3OU/00ryY","36cOSAovVHppIjSZihPozt","51I8ZuBn5EKJvYnzPaIVt9","6eyQ16OWhPpa5aur4fgF/N","78fLL7YL9AoaZ/yKlhTDKT","93TiTRVepB2ZUFZora4we4","9d+1nL1DBAr6mTxDTYDbJF","a3KaLm6GlB5qMHWNAkjB3o","c39OwdDTBAMJlC63nx+wxw","ceW67okbJGbJxYwd4aEcCz","eev1byKflCBJ4Qvnexhy7B","00EedbR2tMnJW+kYutgWTH","1199LKkwpK5YbX38QgwdRh","13vLqG6+hI2LUMZaP7+afW","15B7MDmidHx4NY/2TKfjGI","1aOqiyzaZPBqPnuo7f9zlP","1cWBP1DKZP1LB7kkcEsrWD","1cn+ozkzRL8aT5XyXsyW8/","24GDAqdnhIobzRkKHyq03W","2amwQznxdH+4JhQtIBIfGW","2a+bCu8WNJfr0PJnvEppqK","2dTdLAbNlLHZTu+6lEl+cB","2fDs8DO2VC1K2VwYPYrcK5","2fh3ELg61Mb4OkpFlQ9XYx","35t9Sc8JlC+aO0R6JSeQ/p","39JrmEe3BMqKK+FzL/avvF","39KBxD7NJCdb8Ge+pYj5+Z","39zJDw32ZKEZvSmpZqaPfp","3aX5yskMxCNZErR9ccBMaI","3ae7efMv1CLq2ilvUY/tQi","3agXATykdPV7nEYa3gqQt0","3bz/VQnytML4xvQBunGl7i","3d9SI20w9A8KPROvIN/h7l","3eaumq0gFLtJ7GiY116HRY","50JW54zlxE1INd7nupzTiZ","54kYXCm6VBXaUQ5aSso7wt","57a9l2TudNqZz0FD3B8T/2","59W2GX3spG7pgkdvoe4Ezd","59mXFI+aFImbf8FG/AMygj","5atp0yHQNIoYgvTlHBHDhD","5cL/L6LDNONoieJBGBk7et","5cj5bn/NZNb7qJV2jZbZ72","61jBaLOupMe4AYAptYHcA8","63+NZ79RpMO60LQ9x3v6nv","658O5ZUb5P0oHJAWU3gJ/5","71WD+iFrNJf4zSH/VZhbE5","79Gp7rYWNCK7tOOzKv6/S5","7dckGIIxpAVLWEpjxafktS","84EdhZR0ZOZrARL8wEJjDC","85FtrSI1hFUJDZ1H8jtvMS","88KdXjRDJILbJoJkniRoR+","93spfGLc5GZY/pPCBTWwiX","9406C92CtAcIxD1IJ5ojcu","a0qIQYzSlLVYXKgWJcpSnX","afd0GpzDxKT4oOgMUNttOP","b9YQRIqxRFO4N+0HjzHFoA","beCpAH90pMAZ2p6SkQXym5","bebHVyTGpCJag/UE/AdaD9","c0l1o415pKHLIZjqCRwf3L","c2SJ8bychGarq1TyLer+CG","c268JjaRNKUaWkLh57VQUC","c4YOBeTv9GKaccahdxSF7G","cbFmxn89NMMZc00WAA2DGh","d0tQ/kEQBP4bVhR2g+GdXV","d1cyNtRLhFkpqOuxq7H57G","d2EST/ztpPqaHMMkfewWYV","d2NDol+flCw7GecTOCojFl","dap6qleltEq69bWtXxyc25","dcCSr9KgVEgJnnquXo+0CU","e1NJD/lyFJBbYYDiEqJd0b","e7WsYU7bVHoIu/u8egLJun","eaXdnWWupGsZy72/ujAcZj","ebyI8REXhBiq6NjrBG4B72","ecpdLyjvZBwrvm+cedCcQy","eeVrRBIOtEwqJ5Dmyb3mfY","f1r6MbdvFEk4CmcKZpazFQ","f3dLEMCbVJ76sPTVAyvW64","f5admS66BPCZ48GF6HAdqV"],"scenes":{},"redirect":[49,0,91,1,93,0],"deps":["internal","resources"],"packs":{"02288e24a":[0,1,2,4,5,6,11],"054f095fb":[17,40,86],"06d81b0aa":[18,19],"07e9c2402":[31,16,32,33,34,37,38,39,41,42,43,44,45,47,50,52,53,55,56,57,58,60,61,62,63,64,65,66,67,68,69,70,71,72,73,74,75,76,77,78,79,80,81,82,83,84,85,87,88,89,90,94,95,96],"07fdb5eb0":[20,22,24,3,25,7,8,9,10,29,12,13,14,15],"0b46f3881":[35,36,48,51,54,59,92,97],"0f7ce7e48":[23,26]},"name":"LuckyBall","importBase":"import","nativeBase":"native","debug":false,"isZip":false,"encrypted":false,"versions":{"import":["02288e24a","a5a37","054f095fb","63c98","06d81b0aa","97044","07e9c2402","ae1c2","07fdb5eb0","268ed","0b46f3881","6958d","0f7ce7e48","0e30d",21,"6907d",46,"38f01",27,"07183",28,"71e08",30,"3cde8"],"native":[0,"d75c3",1,"6f524",2,"899b7",3,"30035",4,"94af0",5,"4249b",6,"e54be",7,"6fcd8",8,"a3d29",9,"99676",10,"8e4ee",29,"2cf8f",11,"3e6d8",12,"99676",13,"84999",14,"900e0",15,"e9e8e"]}}