[1,["dbyKt0ok9NSZadc49+l3ex","c3BzfcOWZLtI/uvaZVCJO8"],["spriteFrame","_textureSetter"],["cc.SpriteFrame",["cc.BitmapFont",["_name","fontSize","_fntConfig"],0]],[[1,0,1,2,4]],[[[[0,"free_font-export",32,{"commonHeight":45,"fontSize":32,"atlasName":"C:\\Users\\40315\\Desktop\\ziti\\新建文件夹\\新建文件夹\\free_font-export.png","fontDefDictionary":{"9":{"xOffset":0,"yOffset":0,"xAdvance":104,"rect":{"x":0,"y":0,"width":0,"height":0}},"32":{"xOffset":0,"yOffset":0,"xAdvance":13,"rect":{"x":0,"y":0,"width":0,"height":0}},"43":{"xOffset":0,"yOffset":-16,"xAdvance":58,"rect":{"x":65,"y":77,"width":57,"height":57}},"44":{"xOffset":0,"yOffset":16,"xAdvance":33,"rect":{"x":202,"y":32,"width":32,"height":38}},"45":{"xOffset":0,"yOffset":0,"xAdvance":41,"rect":{"x":0,"y":228,"width":40,"height":27}},"46":{"xOffset":0,"yOffset":14,"xAdvance":34,"rect":{"x":202,"y":0,"width":33,"height":31}},"48":{"xOffset":0,"yOffset":-31,"xAdvance":60,"rect":{"x":83,"y":0,"width":59,"height":76}},"49":{"xOffset":0,"yOffset":-32,"xAdvance":44,"rect":{"x":300,"y":77,"width":43,"height":77}},"50":{"xOffset":0,"yOffset":-31,"xAdvance":57,"rect":{"x":245,"y":0,"width":56,"height":76}},"51":{"xOffset":0,"yOffset":-31,"xAdvance":55,"rect":{"x":245,"y":153,"width":54,"height":76}},"52":{"xOffset":0,"yOffset":-30,"xAdvance":63,"rect":{"x":64,"y":152,"width":62,"height":75}},"53":{"xOffset":0,"yOffset":-30,"xAdvance":55,"rect":{"x":245,"y":77,"width":54,"height":75}},"54":{"xOffset":0,"yOffset":-31,"xAdvance":59,"rect":{"x":186,"y":153,"width":58,"height":76}},"55":{"xOffset":0,"yOffset":-30,"xAdvance":59,"rect":{"x":143,"y":0,"width":58,"height":75}},"56":{"xOffset":0,"yOffset":-31,"xAdvance":59,"rect":{"x":127,"y":153,"width":58,"height":76}},"57":{"xOffset":0,"yOffset":-31,"xAdvance":58,"rect":{"x":187,"y":76,"width":57,"height":76}},"66":{"xOffset":0,"yOffset":-30,"xAdvance":60,"rect":{"x":127,"y":77,"width":59,"height":75}},"75":{"xOffset":0,"yOffset":-30,"xAdvance":65,"rect":{"x":0,"y":76,"width":64,"height":75}},"77":{"xOffset":0,"yOffset":-30,"xAdvance":83,"rect":{"x":0,"y":0,"width":82,"height":75}},"84":{"xOffset":0,"yOffset":-30,"xAdvance":64,"rect":{"x":0,"y":152,"width":63,"height":75}}},"kerningDict":{}}]],0,0,[0],[0],[0]],[[{"name":"free_font-export","rect":[0,0,343,255],"offset":[-84.5,0.5],"originalSize":[512,256],"capInsets":[0,0,0,0]}],[0],0,[0],[1],[1]]]]