[1,["ecpdLyjvZBwrvm+cedCcQy","b1CPTOwRpL7oviWXX0ZpT7","a2MjXRFdtLlYQ5ouAFv/+R","f1bA6Bp3lAhp0Ny6gVnBGw","dfnRuYuS5BHr4OTA4Rl5EP","eeZZT1RIdCVbUolvk52zMj","2dccPh8ndN+Jtly83zf9Xw","98+NqbBANB+7pRhzhl80jK","e6DEz7JyRMXqz3Xct5atGk","6eyQ16OWhPpa5aur4fgF/N","44NMBOV01OWJRrkRE+30CF","52IdEk6lxO9JduOny6gtJt"],["node","_spriteFrame","_N$file","_parent","_textureSetter","root","data","_N$dragonAsset","_N$dragonAtlasAsset","spriteFrame"],[["cc.Node",["_name","_active","_opacity","_prefab","_trs","_children","_contentSize","_parent","_components","_color"],0,4,7,2,5,1,9,5],["cc.Widget",["_alignFlags","_originalWidth","_originalHeight","node"],0,1],["cc.PrefabInfo",["fileId","root"],2,1],["cc.Sprite",["_sizeMode","node","_materials","_spriteFrame"],2,1,3,6],["cc.Label",["_fontSize","_isSystemFontUsed","_N$horizontalAlign","_N$verticalAlign","_string","node","_materials","_N$file"],-2,1,3,6],"cc.SpriteFrame",["cc.Prefab",["_name"],2],["cc.BlockInputEvents",["node"],3,1],["cc.Button",["zoomScale","_N$transition","node"],1,1],["dragonBones.ArmatureDisplay",["_armatureName","_animationName","_preCacheMode","playTimes","_armatureKey","node","_materials","_N$dragonAsset","_N$dragonAtlasAsset"],-2,1,3,6,6],["cc.BitmapFont",["_name","fontSize","_fntConfig"],0],["dragonBones.DragonBonesAsset",["_name","_dragonBonesJson"],1]],[[2,0,1,2],[0,0,7,8,3,6,4,2],[3,1,2,3,1],[8,0,1,2,3],[0,0,5,8,3,6,4,2],[4,4,0,1,2,3,5,6,7,6],[6,0,2],[0,0,1,5,8,3,6,4,3],[0,0,2,7,8,3,9,6,3],[0,0,7,5,3,4,2],[0,0,1,7,5,3,4,3],[0,0,1,7,5,3,6,4,3],[1,0,3,2],[1,0,1,2,3,4],[2,1,1],[3,0,1,2,3,2],[7,0,1],[9,0,1,2,3,4,5,6,7,8,6],[4,0,1,2,3,5,6,7,5],[10,0,1,2,4],[11,0,1,3]],[[[{"name":"shijian","rect":[0,0,117,59],"offset":[-5.5,2.5],"originalSize":[128,64],"capInsets":[0,0,0,0]}],[5],0,[0],[4],[1]],[[[6,"freeOverNode"],[7,"freeOverNode",false,[-3,-4],[[12,45,-2]],[14,-1],[5,1520,720],[760,360,0,0,0,0,1,1,1,1]],[8,"bg",160,1,[[15,0,-5,[0],1],[13,45,100,100,-6],[16,-7]],[0,"e79tUX0+VFa6nnU/kw4M1w",1],[4,4278190080],[5,1520,720]],[9,"node",1,[-8,-9,-10],[0,"97B/j9zV1KwKq1UzJaOKg8",1],[0,36.263,0,0,0,0,1,1,1,1]],[4,"freeCloseBtn",[-13],[[2,-11,[7],8],[3,1.1,3,-12]],[0,"28vtjQey9N0LfbZzoNqDbd",1],[5,226,74],[0,-116.694,0,0,0,0,1,1,1,0]],[4,"luckbtn",[-16],[[2,-14,[15],16],[3,1.1,3,-15]],[0,"11SIHCdGRPxK7nr4kvvND6",1],[5,245,88],[150,0,0,0,0,0,1,1,1,0]],[10,"freeoverConten",false,3,[4,-17],[0,"79yNytfDtJU79Yb+6F9ciL",1],[0,-118.791,0,0,0,0,1,1,1,1]],[11,"luckyBall",false,3,[-18,5],[0,"786rqo+T1Ay69DFtEbkSXQ",1],[5,100,50],[0,-227.392,0,0,0,0,1,1,1,1]],[1,"closebtn",7,[[2,-19,[11],12],[3,1.1,3,-20]],[0,"33Cjaw8DNBWYvmdv9AlnKD",1],[5,227,86],[-150,0,0,0,0,0,1,1,1,0]],[1,"freeoverAni",3,[[17,"Armature","newAnimation",0,0,"f16c0e81-a779-4086-9d0d-cba8159c11b0#df9d1b98-b92e-411e-be0e-4c0e1197910f",-21,[2],3,4]],[0,"b0TEafLzRAnoV8vRq8ZJuA",1],[5,1292,1860],[0,-27.845,0,0,0,0,1,2,2,1]],[1,"freeCloseTimeLabel",4,[[18,28,false,1,1,-22,[5],6]],[0,"9aPyqhkm5MepoIa4rxZbdm",1],[5,16.63,40],[57.579,25.608,0,0,0,0,1,1,1,1]],[1,"freewinLabel",6,[[5,"555",33,false,1,1,-23,[9],10]],[0,"39h20D0eNNBY3rk2ln2rDM",1],[5,135.09,40],[0,72.419,0,0,0,0,1,1,1,1]],[1,"timeLab",5,[[5,"1",25,false,1,1,-24,[13],14]],[0,"ee7Zrc0T5HEJXniU24RXPZ",1],[5,16.41,40],[78.626,-6.374,0,0,0,0,1,1,1,1]]],0,[0,5,1,0,0,1,0,-1,2,0,-2,3,0,0,2,0,0,2,0,0,2,0,-1,9,0,-2,6,0,-3,7,0,0,4,0,0,4,0,-1,10,0,0,5,0,0,5,0,-1,12,0,-2,11,0,-1,8,0,0,8,0,0,8,0,0,9,0,0,10,0,0,11,0,0,12,0,6,1,4,3,6,5,3,7,24],[0,0,0,0,0,0,0,0,0,0,0,0,0,0,0,0,0],[-1,1,-1,7,8,-1,2,-1,1,-1,2,-1,1,-1,2,-1,1],[0,2,0,3,4,0,5,0,6,0,7,0,8,0,9,0,10]],[[[19,"shijian",32,{"commonHeight":55,"fontSize":32,"atlasName":"C:\\Users\\Administrator\\Desktop\\shijian.png","fontDefDictionary":{"9":{"xOffset":0,"yOffset":0,"xAdvance":8,"rect":{"x":0,"y":0,"width":0,"height":0}},"32":{"xOffset":0,"yOffset":0,"xAdvance":1,"rect":{"x":0,"y":0,"width":0,"height":0}},"44":{"xOffset":0,"yOffset":44,"xAdvance":11,"rect":{"x":102,"y":0,"width":10,"height":16}},"46":{"xOffset":0,"yOffset":44,"xAdvance":11,"rect":{"x":82,"y":48,"width":10,"height":11}},"48":{"xOffset":0,"yOffset":29,"xAdvance":21,"rect":{"x":0,"y":27,"width":20,"height":26}},"49":{"xOffset":0,"yOffset":29,"xAdvance":18,"rect":{"x":100,"y":27,"width":17,"height":26}},"50":{"xOffset":0,"yOffset":29,"xAdvance":20,"rect":{"x":82,"y":0,"width":19,"height":26}},"51":{"xOffset":0,"yOffset":29,"xAdvance":20,"rect":{"x":62,"y":26,"width":19,"height":26}},"52":{"xOffset":0,"yOffset":29,"xAdvance":21,"rect":{"x":21,"y":0,"width":20,"height":26}},"53":{"xOffset":0,"yOffset":30,"xAdvance":20,"rect":{"x":62,"y":0,"width":19,"height":25}},"54":{"xOffset":0,"yOffset":29,"xAdvance":21,"rect":{"x":0,"y":0,"width":20,"height":26}},"55":{"xOffset":0,"yOffset":29,"xAdvance":20,"rect":{"x":42,"y":27,"width":19,"height":26}},"56":{"xOffset":0,"yOffset":29,"xAdvance":21,"rect":{"x":21,"y":27,"width":20,"height":26}},"57":{"xOffset":0,"yOffset":29,"xAdvance":20,"rect":{"x":42,"y":0,"width":19,"height":26}},"115":{"xOffset":0,"yOffset":35,"xAdvance":18,"rect":{"x":82,"y":27,"width":17,"height":20}}},"kerningDict":{}}]],0,0,[0],[9],[11]],[[[20,"totalwin_ske","{\"frameRate\":24,\"isGlobal\":0,\"armature\":[{\"bone\":[{\"name\":\"root\",\"transform\":{}},{\"length\":72,\"transform\":{\"scY\":0.25,\"y\":-22.8324,\"skX\":88.4263,\"skY\":88.4263,\"scX\":0.25},\"parent\":\"root\",\"name\":\"zhousi01\"},{\"length\":136,\"transform\":{\"scY\":0.4,\"y\":-61.0824,\"skX\":160.3334,\"skY\":160.3334,\"scX\":0.4,\"x\":5.9264},\"parent\":\"root\",\"name\":\"组198\"},{\"length\":17,\"transform\":{\"scY\":1.15,\"y\":-38.8918,\"skX\":120.1638,\"skY\":120.1638,\"scX\":1.15,\"x\":136.5778},\"parent\":\"root\",\"name\":\"root1\"},{\"length\":35,\"transform\":{\"scY\":0.6,\"y\":-138.9566,\"skX\":90,\"skY\":90,\"scX\":0.6,\"x\":52.1792},\"parent\":\"root\",\"name\":\"root11\"},{\"length\":35,\"transform\":{\"scY\":0.6,\"y\":-144.5538,\"skX\":90,\"skY\":90,\"scX\":0.6,\"x\":-64.072},\"parent\":\"root\",\"name\":\"root111\"}],\"aabb\":{\"width\":1292,\"y\":-858.1512648948908,\"height\":1860,\"x\":-596.2041694093277},\"type\":\"Armature\",\"frameRate\":24,\"ik\":[],\"skin\":[{\"slot\":[{\"display\":[{\"path\":\"shandian09/图层_5\",\"type\":\"image\",\"name\":\"shandian09/图层_5\",\"transform\":{\"y\":-9.5,\"skX\":-90,\"skY\":-90,\"x\":141.65}},{\"path\":\"shandian09/图层_3\",\"type\":\"image\",\"name\":\"shandian09/图层_3\",\"transform\":{\"y\":7,\"skX\":-90,\"skY\":-90,\"x\":143.65}},{\"path\":\"shandian09/图层_1\",\"type\":\"image\",\"name\":\"shandian09/图层_1\",\"transform\":{\"y\":13.5,\"skX\":-90,\"skY\":-90,\"x\":180.15}},{\"path\":\"shandian09/图层_2\",\"type\":\"image\",\"name\":\"shandian09/图层_2\",\"transform\":{\"y\":-6,\"skX\":-90,\"skY\":-90,\"x\":131.15}},{\"path\":\"shandian09/图层_4\",\"type\":\"image\",\"name\":\"shandian09/图层_4\",\"transform\":{\"y\":-9,\"skX\":-90,\"skY\":-90,\"x\":153.15}},{\"path\":\"shandian09/图层_6\",\"type\":\"image\",\"name\":\"shandian09/图层_6\",\"transform\":{\"y\":8.5,\"skX\":-90,\"skY\":-90,\"x\":135.65}}],\"name\":\"root1\"},{\"display\":[{\"path\":\"totalwin_shandian/21\",\"type\":\"image\",\"name\":\"totalwin_shandian/21\",\"transform\":{\"y\":11.4937,\"skX\":-120.1638,\"skY\":-120.1638,\"x\":16.7424}},{\"path\":\"totalwin_shandian/19\",\"type\":\"image\",\"name\":\"totalwin_shandian/19\",\"transform\":{\"y\":32.0882,\"skX\":-120.1638,\"skY\":-120.1638,\"x\":-0.7825}},{\"path\":\"totalwin_shandian/17\",\"type\":\"image\",\"name\":\"totalwin_shandian/17\",\"transform\":{\"y\":45.9146,\"skX\":-120.1638,\"skY\":-120.1638,\"x\":25.1805}},{\"path\":\"totalwin_shandian/15\",\"type\":\"image\",\"name\":\"totalwin_shandian/15\",\"transform\":{\"y\":66.2508,\"skX\":-120.1638,\"skY\":-120.1638,\"x\":26.0115}},{\"path\":\"totalwin_shandian/13\",\"type\":\"image\",\"name\":\"totalwin_shandian/13\",\"transform\":{\"y\":97.487,\"skX\":-120.1638,\"skY\":-120.1638,\"x\":45.8999}},{\"path\":\"totalwin_shandian/11\",\"type\":\"image\",\"name\":\"totalwin_shandian/11\",\"transform\":{\"y\":113.7332,\"skX\":-120.1638,\"skY\":-120.1638,\"x\":54.7634}},{\"path\":\"totalwin_shandian/9\",\"type\":\"image\",\"name\":\"totalwin_shandian/9\",\"transform\":{\"y\":144.0234,\"skX\":-120.1638,\"skY\":-120.1638,\"x\":68.3189}},{\"path\":\"totalwin_shandian/7\",\"type\":\"image\",\"name\":\"totalwin_shandian/7\",\"transform\":{\"y\":154.6315,\"skX\":-120.1638,\"skY\":-120.1638,\"x\":84.8936}},{\"path\":\"totalwin_shandian/5\",\"type\":\"image\",\"name\":\"totalwin_shandian/5\",\"transform\":{\"y\":170.9072,\"skX\":-120.1638,\"skY\":-120.1638,\"x\":89.726}},{\"path\":\"totalwin_shandian/3\",\"type\":\"image\",\"name\":\"totalwin_shandian/3\",\"transform\":{\"y\":172.8286,\"skX\":-120.1638,\"skY\":-120.1638,\"x\":98.3607}},{\"path\":\"totalwin_shandian/1\",\"type\":\"image\",\"name\":\"totalwin_shandian/1\",\"transform\":{\"y\":190.3198,\"skX\":-120.1638,\"skY\":-120.1638,\"x\":98.1165}},{\"path\":\"totalwin_shandian/2\",\"type\":\"image\",\"name\":\"totalwin_shandian/2\",\"transform\":{\"y\":170.3457,\"skX\":-120.1638,\"skY\":-120.1638,\"x\":98.6526}},{\"path\":\"totalwin_shandian/4\",\"type\":\"image\",\"name\":\"totalwin_shandian/4\",\"transform\":{\"y\":150.3422,\"skX\":-120.1638,\"skY\":-120.1638,\"x\":103.2198}},{\"path\":\"totalwin_shandian/6\",\"type\":\"image\",\"name\":\"totalwin_shandian/6\",\"transform\":{\"y\":149.2516,\"skX\":-120.1638,\"skY\":-120.1638,\"x\":74.249}},{\"path\":\"totalwin_shandian/8\",\"type\":\"image\",\"name\":\"totalwin_shandian/8\",\"transform\":{\"y\":156.3607,\"skX\":-120.1638,\"skY\":-120.1638,\"x\":85.8985}},{\"path\":\"totalwin_shandian/22\",\"type\":\"image\",\"name\":\"totalwin_shandian/22\",\"transform\":{\"y\":-5.7167,\"skX\":-120.1638,\"skY\":-120.1638,\"x\":12.5233}},{\"path\":\"totalwin_shandian/10\",\"type\":\"image\",\"name\":\"totalwin_shandian/10\",\"transform\":{\"y\":130.1492,\"skX\":-120.1638,\"skY\":-120.1638,\"x\":57.3642}},{\"path\":\"totalwin_shandian/12\",\"type\":\"image\",\"name\":\"totalwin_shandian/12\",\"transform\":{\"y\":97.1768,\"skX\":-120.1638,\"skY\":-120.1638,\"x\":54.3942}},{\"path\":\"totalwin_shandian/14\",\"type\":\"image\",\"name\":\"totalwin_shandian/14\",\"transform\":{\"y\":96.4484,\"skX\":-120.1638,\"skY\":-120.1638,\"x\":26.7904}},{\"path\":\"totalwin_shandian/16\",\"type\":\"image\",\"name\":\"totalwin_shandian/16\",\"transform\":{\"y\":65.2234,\"skX\":-120.1638,\"skY\":-120.1638,\"x\":13.8482}},{\"path\":\"totalwin_shandian/18\",\"type\":\"image\",\"name\":\"totalwin_shandian/18\",\"transform\":{\"y\":42.9475,\"skX\":-120.1638,\"skY\":-120.1638,\"x\":15.3598}},{\"path\":\"totalwin_shandian/20\",\"type\":\"image\",\"name\":\"totalwin_shandian/20\",\"transform\":{\"y\":31.3681,\"skX\":-120.1638,\"skY\":-120.1638,\"x\":21.353}}],\"name\":\"root\"},{\"display\":[{\"path\":\"shandian09/图层_5\",\"type\":\"image\",\"name\":\"shandian09/图层_5\",\"transform\":{\"scY\":-1.2444,\"y\":-9.5,\"skX\":-90,\"skY\":-90,\"scX\":-1.2444,\"x\":141.65}},{\"path\":\"shandian09/图层_3\",\"type\":\"image\",\"name\":\"shandian09/图层_3\",\"transform\":{\"y\":7,\"skX\":-90,\"skY\":-90,\"x\":143.65}},{\"path\":\"shandian09/图层_1\",\"type\":\"image\",\"name\":\"shandian09/图层_1\",\"transform\":{\"y\":13.5,\"skX\":-90,\"skY\":-90,\"x\":180.15}},{\"path\":\"shandian09/图层_2\",\"type\":\"image\",\"name\":\"shandian09/图层_2\",\"transform\":{\"y\":-6,\"skX\":-90,\"skY\":-90,\"x\":131.15}},{\"path\":\"shandian09/图层_4\",\"type\":\"image\",\"name\":\"shandian09/图层_4\",\"transform\":{\"y\":-9,\"skX\":-90,\"skY\":-90,\"x\":153.15}},{\"path\":\"shandian09/图层_6\",\"type\":\"image\",\"name\":\"shandian09/图层_6\",\"transform\":{\"y\":8.5,\"skX\":-90,\"skY\":-90,\"x\":135.65}}],\"name\":\"root11\"},{\"display\":[{\"path\":\"组198\",\"type\":\"image\",\"name\":\"组198\",\"transform\":{\"y\":-38.3371,\"skX\":-160.3334,\"skY\":-160.3334,\"x\":38.9226}}],\"name\":\"组198\"},{\"display\":[{\"path\":\"图层2\",\"type\":\"image\",\"name\":\"图层2\",\"transform\":{\"scY\":1.008,\"y\":-188.7076,\"skX\":-88.4263,\"skY\":-88.4263,\"scX\":1.008,\"x\":384.0519}}],\"name\":\"zhousi01\"}],\"name\":\"\"}],\"animation\":[{\"playTimes\":0,\"bone\":[{\"frame\":[{\"transform\":{},\"duration\":43}],\"name\":\"root\"},{\"frame\":[{\"tweenEasing\":0,\"transform\":{},\"duration\":10},{\"tweenEasing\":0,\"transform\":{\"y\":-5.1721},\"duration\":10},{\"tweenEasing\":0,\"transform\":{\"y\":-1.1752},\"duration\":9},{\"transform\":{\"y\":0.389},\"duration\":14}],\"name\":\"zhousi01\"},{\"frame\":[{\"transform\":{},\"duration\":43}],\"name\":\"组198\"},{\"frame\":[{\"tweenEasing\":0,\"transform\":{},\"duration\":2},{\"tweenEasing\":0,\"transform\":{},\"duration\":2},{\"tweenEasing\":0,\"transform\":{},\"duration\":2},{\"tweenEasing\":0,\"transform\":{},\"duration\":2},{\"tweenEasing\":0,\"transform\":{},\"duration\":2},{\"tweenEasing\":0,\"transform\":{},\"duration\":2},{\"tweenEasing\":0,\"transform\":{},\"duration\":2},{\"tweenEasing\":0,\"transform\":{},\"duration\":2},{\"tweenEasing\":0,\"transform\":{},\"duration\":2},{\"tweenEasing\":0,\"transform\":{},\"duration\":2},{\"tweenEasing\":0,\"transform\":{},\"duration\":2},{\"tweenEasing\":0,\"transform\":{},\"duration\":2},{\"tweenEasing\":0,\"transform\":{},\"duration\":2},{\"tweenEasing\":0,\"transform\":{},\"duration\":2},{\"tweenEasing\":0,\"transform\":{},\"duration\":2},{\"tweenEasing\":0,\"transform\":{},\"duration\":2},{\"tweenEasing\":0,\"transform\":{},\"duration\":2},{\"tweenEasing\":0,\"transform\":{},\"duration\":2},{\"tweenEasing\":0,\"transform\":{},\"duration\":2},{\"tweenEasing\":0,\"transform\":{},\"duration\":2},{\"tweenEasing\":0,\"transform\":{},\"duration\":2},{\"transform\":{},\"duration\":1}],\"name\":\"root1\"},{\"frame\":[{\"transform\":{},\"duration\":43}],\"name\":\"root11\"},{\"frame\":[{\"transform\":{},\"duration\":43}],\"name\":\"root111\"}],\"slot\":[{\"frame\":[{\"tweenEasing\":null,\"displayIndex\":10,\"duration\":2},{\"displayIndex\":11,\"tweenEasing\":null,\"duration\":2},{\"displayIndex\":9,\"tweenEasing\":null,\"duration\":2},{\"displayIndex\":12,\"tweenEasing\":null,\"duration\":2},{\"displayIndex\":8,\"tweenEasing\":null,\"duration\":2},{\"displayIndex\":13,\"tweenEasing\":null,\"duration\":2},{\"displayIndex\":7,\"tweenEasing\":null,\"duration\":2},{\"displayIndex\":14,\"tweenEasing\":null,\"duration\":2},{\"displayIndex\":6,\"tweenEasing\":null,\"duration\":2},{\"displayIndex\":16,\"tweenEasing\":null,\"duration\":2},{\"displayIndex\":5,\"tweenEasing\":null,\"duration\":2},{\"displayIndex\":17,\"tweenEasing\":null,\"duration\":2},{\"displayIndex\":4,\"tweenEasing\":null,\"duration\":2},{\"displayIndex\":18,\"tweenEasing\":null,\"duration\":2},{\"displayIndex\":3,\"tweenEasing\":null,\"duration\":2},{\"displayIndex\":19,\"tweenEasing\":null,\"duration\":2},{\"displayIndex\":2,\"tweenEasing\":null,\"duration\":2},{\"displayIndex\":20,\"tweenEasing\":null,\"duration\":2},{\"displayIndex\":1,\"tweenEasing\":null,\"duration\":2},{\"displayIndex\":21,\"tweenEasing\":null,\"duration\":2},{\"tweenEasing\":null,\"duration\":2},{\"displayIndex\":15,\"tweenEasing\":null,\"duration\":1}],\"name\":\"root\"},{\"frame\":[{\"displayIndex\":2,\"tweenEasing\":null,\"duration\":3},{\"displayIndex\":3,\"tweenEasing\":null,\"duration\":2},{\"displayIndex\":1,\"tweenEasing\":null,\"duration\":3},{\"displayIndex\":4,\"tweenEasing\":null,\"duration\":4},{\"tweenEasing\":null,\"duration\":2},{\"displayIndex\":5,\"tweenEasing\":null,\"duration\":3},{\"displayIndex\":2,\"tweenEasing\":null,\"duration\":2},{\"displayIndex\":3,\"tweenEasing\":null,\"duration\":3},{\"displayIndex\":1,\"tweenEasing\":null,\"duration\":3},{\"displayIndex\":4,\"tweenEasing\":null,\"duration\":3},{\"tweenEasing\":null,\"duration\":2},{\"displayIndex\":5,\"tweenEasing\":null,\"duration\":2},{\"displayIndex\":3,\"tweenEasing\":null,\"duration\":3},{\"displayIndex\":1,\"tweenEasing\":null,\"duration\":3},{\"displayIndex\":4,\"tweenEasing\":null,\"duration\":3},{\"tweenEasing\":null,\"duration\":2},{\"displayIndex\":5,\"tweenEasing\":null,\"duration\":0}],\"name\":\"root1\"},{\"frame\":[{\"displayIndex\":2,\"tweenEasing\":null,\"duration\":4},{\"displayIndex\":3,\"tweenEasing\":null,\"duration\":2},{\"displayIndex\":1,\"tweenEasing\":null,\"duration\":5},{\"displayIndex\":4,\"tweenEasing\":null,\"duration\":5},{\"tweenEasing\":null,\"duration\":3},{\"displayIndex\":5,\"tweenEasing\":null,\"duration\":5},{\"displayIndex\":2,\"tweenEasing\":null,\"duration\":2},{\"displayIndex\":3,\"tweenEasing\":null,\"duration\":4},{\"displayIndex\":1,\"tweenEasing\":null,\"duration\":4},{\"displayIndex\":4,\"tweenEasing\":null,\"duration\":3},{\"tweenEasing\":null,\"duration\":4},{\"displayIndex\":5,\"tweenEasing\":null,\"duration\":2},{\"displayIndex\":3,\"tweenEasing\":null,\"duration\":0}],\"name\":\"root11\"}],\"ffd\":[],\"ik\":[],\"frame\":[],\"name\":\"newAnimation\",\"duration\":43}],\"slot\":[{\"name\":\"root11\",\"parent\":\"root111\",\"color\":{}},{\"z\":1,\"name\":\"zhousi01\",\"parent\":\"zhousi01\",\"color\":{}},{\"z\":2,\"name\":\"root1\",\"parent\":\"root11\",\"color\":{}},{\"z\":3,\"name\":\"组198\",\"parent\":\"组198\",\"color\":{}},{\"z\":4,\"displayIndex\":10,\"name\":\"root\",\"parent\":\"root1\",\"color\":{}}],\"name\":\"Armature\",\"defaultActions\":[{\"gotoAndPlay\":\"newAnimation\"}]}],\"name\":\"totalwin\",\"version\":\"5.0\"}"]],0,0,[],[],[]]]]