{"paths":{"0":["Aduio/roll",0],"1":["Aduio/fling",0],"2":["DragonBone/qiuxing/qiuyuan_tex",3],"3":["Font/shuzi02_0",3],"4":["Aduio/Win_nm",0],"5":["Texture/footballbg",3],"6":["DragonBone/role/sshoumenyuan_tex",3],"7":["Aduio/congrats_sound_m",0],"8":["Aduio/Bet_rdc",0],"9":["Aduio/jump",0],"10":["Texture/LuckyGoal",3],"11":["Aduio/success_audience",0],"12":["Aduio/btn_touch",0],"13":["Aduio/Bet_pls",0],"14":["DragonBone/congrats/congrats_tex",3],"15":["Aduio/bump",0],"16":["Aduio/collect2",0],"17":["Aduio/success_blocking",0],"18":["Aduio/player_choose",0],"19":["DragonBone/guangbiao/guangb_tex",3],"20":["Aduio/kick",0],"21":["DragonBone/football/zuqiu_tex",3],"22":["Aduio/Bg_nm",0],"23":["Aduio/fail_audience",0],"24":["Aduio/forward",0],"28":["DragonBone/football/zuqiu_tex",2],"30":["Texture/img_font-export",5],"31":["DragonBone/qiuxing/qiuyuan_ske",1],"32":["Texture/img/beili",4,1],"34":["DragonBone/qiuxing/qiuyuan_tex",2],"35":["DragonBone/role/sshoumenyuan_tex",2],"36":["DragonBone/role/sshoumenyuan_ske",1],"37":["Prefabs/CollectBox",6],"38":["Texture/img/img_font-export",4,1],"39":["DragonBone/congrats/congrats_tex",2],"40":["DragonBone/congrats/congrats_ske",1],"41":["Font/shuzi02_0",4,1],"42":["Texture/footballbg",4,1],"43":["Texture/img/luonaerduo",4,1],"45":["DragonBone/congrats/congrats_tex",4,1],"46":["DragonBone/role/sshoumenyuan_tex",4,1],"47":["DragonBone/guangbiao/guangb_ske",1],"48":["DragonBone/qiuxing/qiuyuan_tex",4,1],"49":["Texture/img/nadaer",4,1],"52":["Texture/img/goal_atlas",7],"53":["Prefabs/HelpBox",6],"54":["Font/shuzi02_0",5],"55":["Texture/LuckyGoal",7],"56":["DragonBone/football/zuqiu_tex",4,1],"57":["DragonBone/football/zuqiu_ske",1],"58":["DragonBone/guangbiao/guangb_tex",2],"59":["DragonBone/guangbiao/guangb_tex",4,1],"60":["Texture/img/img_shuzidi",4,1]},"types":["cc.AudioClip","dragonBones.DragonBonesAsset","dragonBones.DragonBonesAtlasAsset","cc.Texture2D","cc.SpriteFrame","cc.BitmapFont","cc.Prefab","cc.SpriteAtlas"],"uuids":["01PeyiG/1BX6vadgyy/2A1","04GqTr1olEP6EeEhEySkps","16C4x26U1JJo6fRe/ManP6","1eg32JhcBBZYoY6iOeuJ2d","23gZ8bS21CKIyDNBpRd0fu","2bbr0mno1GS4jgam6LCD15","4eMdHf0/FC8rbSiItdi5SL","4ehuahWWBKepGN4cNIC08K","5239dDt1NB+p4vKZO3G8oH","5fWFUFfItCOajW0iy6Jb8Z","62t4DDs1tE36rPcYR1iQ3g","63aagSBShPwKzjSaBUpSO7","6534mWVH9FqaSKXbK1WdDv","67cPyo4k1ORq/VRoKEMRdp","69jOJvcSpBGbsnuxkh13d3","73djXBXqtOBpQZjI/PWKF7","9aONKHSjJB9IjGbjwHMI2U","aeX9tTRZRExJg+qCjbiabn","b58ee0f1xLpaKpR+8lVA49","beCPZysAtEK6v2wOxmRW+S","betQ5NuzRNiLIa9T48/lYG","c1uyPh10FGQqpA3h61LWSB","cbcRDtQHZLCKcALMFjeocB","d3clx1DNRB/YV1Lm2FWHgS","efvBEyaQFJx6yeF9ufVSr3","1a159edee","1c3941ea9","1d5v0Gb1ZFIrYWawhLYFgh","1fTikfl5ZAe5oUZlWsADrT","21sto/yRVHw7i8bO83O3F2","23J0i7Q9ZB56iFgSo/2sdC","240+TruuRBXqrDEC8ol7Kd","2ftQ1d86NIAIF1zd6Nk1SB","30ifunASRErbiFgk9qYb9i","35BspoBIdGepwqUTM5RS6L","35EdNVswVIzLrIiR5D9KZZ","40S+/edCdLBLfav0PIXs/K","4coiIrDn9CYrxHoMi3dPME","5745THxIhJ4LUrt3IbtTqP","5cyBSRFrdEIYNk4sTPJbN7","6cAMuiet9Ov4kzME0/st0X","7blU69bAxHaqa+mrBAhEuV","7cJrScOuVLQ4YlyIC1Zx87","8cwltX5ANF/rD3qtWwoA1A","8dXfGycbZNR6u8V4DEpyot","9aO2YU5TtJwJ6+R31zjCb8","a0njkylLFETIxxM4WMt79W","b3319w/hpO+5s3ZJ12cSfE","b7kQejawFCwJOrjgQcqyRM","cb5Z6KHIlEi7bVDL4KcZFb","cd4JN/dgZJLKYj+Ok7UEfZ","ceW67okbJGbJxYwd4aEcCz","cfNYPGL2xPE5R7cpZd35vT","d0kLtCzftAJazp08t7tnU1","d1Qf9/aKFG7o7RD1/1d2O4","dfxlzn2/ZBO70mVWucGG5g","e2ee2QupxL3oKrV4OZw3Ya","e6m9jTAj5DvpVJzbtaB3Qb","ecg8OilPlH+I9XGTV75qzQ","f10himKXpKUbXu7gCQxAWV","f6BJA2z3pATaeFnzgbHvRe","f7oGiAsDpMqoi8JbBdpXX0","04ZDVtAWFEKZ3yTvbJTOlT","065qQC0DVGhpaAWQ4Ycamt","0eZMtPfzpOh6Row4fdC9Oc","18hEK0islDkbJJ9mZRJUhs","1bwvPT4G9IGqxngT8PQ1eC","1f9digCeBBPYVoY7TmUph5","21RjDZK8BOroekGXLBlT+/","28MPMC1AtHA62sTUt1NB46","28oreHLB9MmJFVf9JexlTd","286UXUFF1MmrdXULFmpu5g","29FYIk+N1GYaeWH/q1NxQO","330kHtr8JF/pCy1pCmIGay","35BYiUu2BJQLQR3XoLHEj4","40HDT/cNlPsaVNUOKcKVjI","41RB2z5MtNNbbqOLs0HMbk","43oOSGRSRJvbjvPwZeXKyx","45GT4lYJJPjbmfjxN2qMFq","504Ys5KspLA7aMP4fE4zR6","525RDWLnVDZ583cyWrdTHX","55njHeexROO76mVYrxCYEH","58Y2F/c9NNFYC9MCJ5A4Zx","58/R0gfZlOAqYv3lPT7ZrE","5bgyULDCJHjo5SSBYy5cPD","5cqXC1KYNBi6a7hpL+b5Mw","5eB4NHP0JMu4ImnV9k2idU","5e+BBJpyVLVI4+UTCplnfk","60Qt3bcANP1IHMCGXliX36","65TaNl1WdBzYmQyE02vH0C","68nS1dF0RIj5KjgP6UYRC1","71YWxNoztPKJDUo3CGGhxH","72QuhCZnZA8o6kVo9VicGZ","75aeVICgRFL6GBjfw7SDwb","75b3qd8XtDR5hz18hiGJrE","78lSQH995MXYQyNu2gd2NZ","99KBq4qr1Moa2MRg+yW47Y","a2MjXRFdtLlYQ5ouAFv/+R","a3HyQZQ95BuIUmbUY6dtiQ","a9cNWqur9KXJor3fP63NMi","ae+rW/kHRBDJ+4Ov5bgm/h","b6RXF2Sk9CsaOqd7pN6la4","c8ReP+WfJH56O0ZsPsWKDK","c9nPJAbz1Ltoswg+/gTcix","caQKP4jJ1MZp42e3R7sjRN","ca15wENdpGgqpXEjkf6vQf","ccCrWZfSJGx7l7T3GQLa5l","cdQQxqmM5DR6cAQJWDeXWo","d3H8p2Vn5HSIzcDvldtgPe","d4nrRahupAzbRGmKG3wTlb","dd87lr1vhMd4TqBhIZ/AgK","e97GVMl6JHh5Ml5qEDdSGa","eaXdnWWupGsZy72/ujAcZj","ecpdLyjvZBwrvm+cedCcQy","ect8RWuwRIJ6CcrfKn3wOp","f0BIwQ8D5Ml7nTNQbh1YlS","f8G7G4GgxJCIeG6GI7RYiU","ffDdntJ4NEc6teA7E9r42+"],"scenes":{"db://assets/LuckyGoal/LuckyGoalScene.fire":50},"redirect":[72,0,75,1,97,1,100,1,111,0,112,1,113,2,115,0],"deps":["main","resources","internal"],"packs":{"01734faad":[41,54],"03a43dd55":[37,40,16],"07ac26903":[88,101],"09131591c":[83,91,93,107,109,55],"0b24c6cbf":[2,25,26,27,3,29,5,33,6,10,14,44,19,21,61],"0c41573ce":[62,69,71,73,77,78,79,80,81,82,86,87,94,102,103,105,114],"0c527f4d7":[0,1,63,64,66,67,4,31,70,32,74,36,7,8,85,9,11,89,13,15,95,42,43,96,99,17,47,18,20,22,49,50,51,23,57,24,60,116,117],"0e712d232":[30,38],"0f56927da":[76,98]},"name":"LuckyGoal","importBase":"import","nativeBase":"native","debug":false,"isZip":false,"encrypted":false,"versions":{"import":["01734faad","be586","03a43dd55","4bb0b","07ac26903","c346f","09131591c","f8ffa","0b24c6cbf","9cea4","0c41573ce","d3edb","0c527f4d7","6cddf","0e712d232","2277d","0f56927da","85e12",65,"3f57a",28,"2ec17",68,"9bc97",34,"b7bf9",35,"9dbed",84,"7b7ca",39,"5e5e5",12,"b9b1c",90,"452a4",92,"c6650",45,"0bdb2",46,"89d86",48,"28497",104,"cab8f",106,"68ac4",52,"e1be1",53,"f8dbf",108,"3495e",110,"03104",56,"f4f41",58,"0b53d",59,"3b910"],"native":[0,"f1d9b",1,"328b8",2,"ea8f3",25,"7ffa5",26,"83a20",27,"cb1b7",3,"36d61",29,"4d2cf",4,"c1f4e",5,"5491a",33,"96ca6",6,"475c1",7,"343bb",8,"77c3a",9,"ff455",10,"5baab",11,"bddee",12,"3fe66",13,"54781",14,"35dd8",15,"297eb",44,"3f7ac",16,"5575b",17,"7ec79",18,"bb139",19,"3d1d1",20,"31aef",21,"d2cf1",22,"c2337",51,"2cf8f",23,"2c88e",24,"fda1d",61,"838a8"]}}