[1,["ff2z70WRRMdLXa/HbVmkfg","472F7GMrJGHKS9a2khHTl6"],["spriteFrame","_textureSetter"],["cc.SpriteFrame",["cc.BitmapFont",["_name","fontSize","_fntConfig"],0]],[[1,0,1,2,4]],[[[[0,"jackpot",32,{"commonHeight":45,"fontSize":32,"atlasName":"C:\\Users\\40315\\Desktop\\ziti\\新建文件夹\\新建文件夹\\jackpot.png","fontDefDictionary":{"9":{"xOffset":0,"yOffset":0,"xAdvance":104,"rect":{"x":0,"y":0,"width":0,"height":0}},"32":{"xOffset":0,"yOffset":0,"xAdvance":13,"rect":{"x":0,"y":0,"width":0,"height":0}},"43":{"xOffset":0,"yOffset":-32,"xAdvance":64,"rect":{"x":73,"y":196,"width":63,"height":63}},"44":{"xOffset":0,"yOffset":11,"xAdvance":26,"rect":{"x":202,"y":230,"width":25,"height":56}},"45":{"xOffset":0,"yOffset":-15,"xAdvance":30,"rect":{"x":73,"y":260,"width":29,"height":27}},"46":{"xOffset":0,"yOffset":11,"xAdvance":27,"rect":{"x":202,"y":195,"width":26,"height":34}},"48":{"xOffset":0,"yOffset":-52,"xAdvance":67,"rect":{"x":70,"y":390,"width":66,"height":98}},"49":{"xOffset":0,"yOffset":-51,"xAdvance":43,"rect":{"x":95,"y":0,"width":42,"height":96}},"50":{"xOffset":0,"yOffset":-52,"xAdvance":65,"rect":{"x":137,"y":196,"width":64,"height":97}},"51":{"xOffset":0,"yOffset":-52,"xAdvance":65,"rect":{"x":137,"y":294,"width":64,"height":98}},"52":{"xOffset":0,"yOffset":-51,"xAdvance":70,"rect":{"x":0,"y":388,"width":69,"height":96}},"53":{"xOffset":0,"yOffset":-51,"xAdvance":63,"rect":{"x":142,"y":0,"width":62,"height":97}},"54":{"xOffset":0,"yOffset":-52,"xAdvance":66,"rect":{"x":76,"y":97,"width":65,"height":98}},"55":{"xOffset":0,"yOffset":-51,"xAdvance":61,"rect":{"x":142,"y":98,"width":60,"height":96}},"56":{"xOffset":0,"yOffset":-52,"xAdvance":67,"rect":{"x":70,"y":291,"width":66,"height":98}},"57":{"xOffset":0,"yOffset":-52,"xAdvance":65,"rect":{"x":137,"y":393,"width":64,"height":98}},"66":{"xOffset":0,"yOffset":-51,"xAdvance":70,"rect":{"x":0,"y":291,"width":69,"height":96}},"75":{"xOffset":0,"yOffset":-51,"xAdvance":76,"rect":{"x":0,"y":97,"width":75,"height":96}},"77":{"xOffset":0,"yOffset":-51,"xAdvance":95,"rect":{"x":0,"y":0,"width":94,"height":96}},"84":{"xOffset":0,"yOffset":-51,"xAdvance":73,"rect":{"x":0,"y":194,"width":72,"height":96}}},"kerningDict":{}}]],0,0,[0],[0],[0]],[[{"name":"jackpot","rect":[0,0,228,491],"offset":[-14,10.5],"originalSize":[256,512],"capInsets":[0,0,0,0]}],[0],0,[0],[1],[1]]]]