[1,["0fzLaHzkJM97BQeqBBmX7J"],["_texture"],[["dragonBones.DragonBonesAtlasAsset",["_name","_atlasJson"],1]],[[0,0,1,3]],[[0,"wild_jk_tex","{\"width\":512,\"SubTexture\":[{\"width\":164,\"y\":1,\"height\":136,\"name\":\"wild-jinku/ba\",\"x\":1},{\"width\":115,\"y\":223,\"height\":105,\"name\":\"wild-jinku/jinzhu\",\"x\":392},{\"width\":112,\"y\":364,\"height\":39,\"name\":\"wild-jinku/wd\",\"x\":1},{\"width\":126,\"y\":1,\"height\":121,\"name\":\"wild-jinku/图层_43\",\"x\":167},{\"width\":129,\"y\":223,\"height\":107,\"name\":\"wild-jinku/图层_46\",\"x\":261},{\"width\":143,\"y\":332,\"height\":67,\"name\":\"wild-jinku/图层_42\",\"x\":252},{\"width\":129,\"y\":139,\"height\":108,\"name\":\"wild-jinku/图层_48\",\"x\":130},{\"width\":120,\"y\":249,\"height\":107,\"name\":\"wild-jinku/图层_49\",\"x\":130},{\"width\":121,\"y\":358,\"height\":45,\"name\":\"wild-jinku/图层_41\",\"x\":116},{\"width\":133,\"y\":112,\"height\":109,\"name\":\"wild-jinku/图层_45\",\"x\":295},{\"width\":134,\"y\":1,\"height\":109,\"name\":\"wild-jinku/图层_47\",\"x\":295},{\"width\":113,\"y\":253,\"height\":109,\"name\":\"wild-jinku/图层_50\",\"x\":1},{\"width\":127,\"y\":139,\"height\":112,\"name\":\"wild-jinku/图层_44\",\"x\":1}],\"imagePath\":\"wild_jk_tex.png\",\"name\":\"wild_jk\",\"height\":512}"]],0,0,[0],[0],[0]]