[1,["6atUjIIRRLUppu4u7JgMZH"],["_texture"],[["dragonBones.DragonBonesAtlasAsset",["_name","_atlasJson"],1]],[[0,0,1,3]],[[0,"wild_fuu01_tex","{\"SubTexture\":[{\"width\":194,\"y\":504,\"height\":491,\"name\":\"wild_quanshen/图层_828\",\"x\":619},{\"width\":342,\"y\":1,\"height\":774,\"name\":\"wild_quanshen/图层_827\",\"x\":1},{\"width\":120,\"y\":1400,\"height\":135,\"name\":\"10001/10002\",\"x\":1056},{\"width\":120,\"y\":1248,\"height\":150,\"name\":\"10001/10007\",\"x\":1034},{\"width\":119,\"y\":1840,\"height\":150,\"name\":\"10001/10006\",\"x\":586},{\"width\":120,\"y\":1903,\"height\":140,\"name\":\"10001/10003\",\"x\":951},{\"width\":120,\"y\":1755,\"height\":146,\"name\":\"10001/10009\",\"x\":951},{\"width\":120,\"y\":1537,\"height\":101,\"name\":\"10001/10010\",\"x\":1056},{\"width\":120,\"y\":1840,\"height\":148,\"name\":\"10001/10008\",\"x\":829},{\"width\":120,\"y\":1922,\"height\":122,\"name\":\"10001/10001\",\"x\":400},{\"width\":119,\"y\":695,\"height\":150,\"name\":\"10001/10005\",\"x\":1174},{\"width\":120,\"y\":1840,\"height\":148,\"name\":\"10001/10004\",\"x\":707},{\"width\":119,\"y\":1248,\"height\":103,\"name\":\"10001/10011\",\"x\":1156},{\"width\":161,\"y\":425,\"height\":473,\"name\":\"wild_quanshen/图层_831\",\"x\":1011},{\"width\":184,\"y\":1,\"height\":501,\"name\":\"wild_quanshen/组_130_拷贝\",\"x\":750},{\"width\":158,\"y\":1990,\"height\":54,\"name\":\"wild_quanshen/组_162\",\"x\":707},{\"width\":207,\"y\":1,\"height\":513,\"name\":\"image12/3\",\"x\":345},{\"width\":206,\"y\":1292,\"height\":511,\"name\":\"image12/6\",\"x\":214},{\"width\":190,\"y\":516,\"height\":514,\"name\":\"image12/5\",\"x\":427},{\"width\":209,\"y\":997,\"height\":432,\"name\":\"image12/11\",\"x\":627},{\"width\":212,\"y\":1431,\"height\":407,\"name\":\"image12/1\",\"x\":627},{\"width\":211,\"y\":777,\"height\":513,\"name\":\"image12/7\",\"x\":214},{\"width\":211,\"y\":1295,\"height\":515,\"name\":\"image12/2\",\"x\":1},{\"width\":203,\"y\":1292,\"height\":514,\"name\":\"image12/4\",\"x\":422},{\"width\":211,\"y\":777,\"height\":516,\"name\":\"image12/8\",\"x\":1},{\"width\":211,\"y\":1,\"height\":422,\"name\":\"image12/9\",\"x\":936},{\"width\":213,\"y\":1405,\"height\":348,\"name\":\"image12/10\",\"x\":841},{\"width\":194,\"y\":504,\"height\":461,\"name\":\"image13ke/13\",\"x\":815},{\"width\":184,\"y\":264,\"height\":71,\"name\":\"image13ke/2\",\"x\":1345},{\"width\":184,\"y\":1805,\"height\":227,\"name\":\"image13ke/7\",\"x\":214},{\"width\":190,\"y\":1,\"height\":261,\"name\":\"image13ke/8\",\"x\":1345},{\"width\":184,\"y\":1808,\"height\":112,\"name\":\"image13ke/4\",\"x\":400},{\"width\":184,\"y\":1032,\"height\":153,\"name\":\"image13ke/5\",\"x\":427},{\"width\":194,\"y\":900,\"height\":346,\"name\":\"image13ke/10\",\"x\":1034},{\"width\":191,\"y\":395,\"height\":298,\"name\":\"image13ke/9\",\"x\":1174},{\"width\":194,\"y\":967,\"height\":436,\"name\":\"image13ke/12\",\"x\":838},{\"width\":184,\"y\":1187,\"height\":88,\"name\":\"image13ke/3\",\"x\":427},{\"width\":194,\"y\":1,\"height\":501,\"name\":\"image13ke/14\",\"x\":554},{\"width\":184,\"y\":2005,\"height\":41,\"name\":\"image13ke/1\",\"x\":1},{\"width\":194,\"y\":1,\"height\":392,\"name\":\"image13ke/11\",\"x\":1149},{\"width\":184,\"y\":1812,\"height\":191,\"name\":\"image13ke/6\",\"x\":1}],\"width\":2048,\"imagePath\":\"wild_fuu01_tex.png\",\"height\":2048,\"name\":\"wild_fuu01\"}"]],0,0,[0],[0],[0]]