[1,["ec350glzJHoIPZM98o4K/i"],["_textureSetter"],["cc.SpriteFrame"],0,[[[{"name":"add","rect":[949,1143,43,43],"offset":[-1,1],"originalSize":[49,49],"capInsets":[0,0,0,0]}],[0],0,[0],[0],[0]],[[{"name":"dating","rect":[949,1093,50,48],"offset":[-1,1],"originalSize":[52,50],"capInsets":[0,0,0,0]}],[0],0,[0],[0],[0]],[[{"name":"vault_baxi_FAST01","rect":[589,1753,90,78],"offset":[0,0],"originalSize":[90,78],"rotated":1,"capInsets":[0,0,0,0]}],[0],0,[0],[0],[0]],[[{"name":"shangbg","rect":[949,202,407,72],"offset":[0,0],"originalSize":[409,72],"rotated":1,"capInsets":[0,0,0,0]}],[0],0,[0],[0],[0]],[[{"name":"spin_img","rect":[429,1753,212,78],"offset":[0,0],"originalSize":[212,78],"rotated":1,"capInsets":[0,0,0,0]}],[0],0,[0],[0],[0]],[[{"name":"bet","rect":[269,1753,226,78],"offset":[0,0],"originalSize":[226,78],"rotated":1,"capInsets":[0,0,0,0]}],[0],0,[0],[0],[0]],[[{"name":"j","rect":[949,676,63,67],"offset":[0,0],"originalSize":[63,67],"rotated":1,"capInsets":[0,0,0,0]}],[0],0,[0],[0],[0]],[[{"name":"vault_baxi_FAST","rect":[589,1845,90,78],"offset":[0,0],"originalSize":[90,78],"rotated":1,"capInsets":[0,0,0,0]}],[0],0,[0],[0],[0]],[[{"name":"zhuanpan","rect":[349,640,467,468],"offset":[0,0],"originalSize":[467,468],"rotated":1,"capInsets":[0,0,0,0]}],[0],0,[0],[0],[0]],[[{"name":"auto_img","rect":[669,1269,90,78],"offset":[0,0],"originalSize":[90,78],"capInsets":[0,0,0,0]}],[0],0,[0],[0],[0]],[[{"name":"zhizhen","rect":[837,2,161,187],"offset":[0,0],"originalSize":[161,187],"capInsets":[0,0,0,0]}],[0],0,[0],[0],[0]],[[{"name":"jia","rect":[949,611,63,67],"offset":[0,0],"originalSize":[63,67],"rotated":1,"capInsets":[0,0,0,0]}],[0],0,[0],[0],[0]],[[{"name":"auto2_img","rect":[1000,2,198,10],"offset":[3,0],"originalSize":[204,10],"rotated":1,"capInsets":[0,0,0,0]}],[0],0,[0],[0],[0]],[[{"name":"zhizhen2","rect":[949,741,56,84],"offset":[0,0],"originalSize":[56,84],"capInsets":[0,0,0,0]}],[0],0,[0],[0],[0]],[[{"name":"goodluck_img","rect":[225,1753,275,42],"offset":[0,0],"originalSize":[279,46],"rotated":1,"capInsets":[0,0,0,0]}],[0],0,[0],[0],[0]],[[{"name":"auto1_img","rect":[2,1753,221,290],"offset":[0,0],"originalSize":[221,290],"capInsets":[0,0,0,0]}],[0],0,[0],[0],[0]],[[{"name":"xiabg","rect":[837,191,1560,110],"offset":[0,-3],"originalSize":[1560,116],"rotated":1,"capInsets":[331,0,324,0]}],[0],0,[0],[0],[0]],[[{"name":"guize_img","rect":[669,1189,90,78],"offset":[0,0],"originalSize":[90,78],"capInsets":[0,0,0,0]}],[0],0,[0],[0],[0]],[[{"name":"max_img2","rect":[669,1109,90,78],"offset":[0,0],"originalSize":[90,78],"capInsets":[0,0,0,0]}],[0],0,[0],[0],[0]]]]