[1,["a7Rvf2LCxPVpbkjT8a8qKB"],["_texture"],[["dragonBones.DragonBonesAtlasAsset",["_name","_atlasJson"],1]],[[0,0,1,3]],[[0,"bigwin_tex","{\"width\":1024,\"SubTexture\":[{\"width\":508,\"y\":1,\"height\":575,\"name\":\"bigwin/图层_5_拷贝\",\"x\":1},{\"width\":487,\"y\":1,\"height\":581,\"name\":\"bigwin/图层_5\",\"x\":511},{\"width\":546,\"y\":729,\"height\":122,\"name\":\"bigwin/图层_1\",\"x\":1},{\"width\":600,\"y\":584,\"height\":143,\"name\":\"bigwin/组_1_拷贝\",\"x\":1}],\"height\":1024,\"name\":\"bigwin\",\"imagePath\":\"bigwin_tex.png\"}"]],0,0,[0],[0],[0]]