[1,["edMXixms5Lua5E/n99MEOl"],["_textureSetter"],["cc.SpriteFrame"],0,[[[{"name":"1_00005","rect":[2,1022,248,100],"offset":[-4,0],"originalSize":[280,100],"capInsets":[0,0,0,0]}],[0],0,[0],[0],[0]],[[{"name":"1_00035","rect":[254,308,250,100],"offset":[-4,0],"originalSize":[280,100],"capInsets":[0,0,0,0]}],[0],0,[0],[0],[0]],[[{"name":"1_00024","rect":[2,614,250,100],"offset":[-4,0],"originalSize":[280,100],"capInsets":[0,0,0,0]}],[0],0,[0],[0],[0]],[[{"name":"1_00010","rect":[752,818,248,100],"offset":[-4,0],"originalSize":[280,100],"capInsets":[0,0,0,0]}],[0],0,[0],[0],[0]],[[{"name":"1_00007","rect":[502,920,248,100],"offset":[-4,0],"originalSize":[280,100],"capInsets":[0,0,0,0]}],[0],0,[0],[0],[0]],[[{"name":"1_00027","rect":[254,512,250,100],"offset":[-4,0],"originalSize":[280,100],"capInsets":[0,0,0,0]}],[0],0,[0],[0],[0]],[[{"name":"1_00044","rect":[2,104,250,100],"offset":[-4,0],"originalSize":[280,100],"capInsets":[0,0,0,0]}],[0],0,[0],[0],[0]],[[{"name":"1_00013","rect":[2,818,248,100],"offset":[-4,0],"originalSize":[280,100],"capInsets":[0,0,0,0]}],[0],0,[0],[0],[0]],[[{"name":"1_00012","rect":[252,818,248,100],"offset":[-4,0],"originalSize":[280,100],"capInsets":[0,0,0,0]}],[0],0,[0],[0],[0]],[[{"name":"1_00039","rect":[254,206,250,100],"offset":[-4,0],"originalSize":[280,100],"capInsets":[0,0,0,0]}],[0],0,[0],[0],[0]],[[{"name":"1_00026","rect":[506,512,250,100],"offset":[-4,0],"originalSize":[280,100],"capInsets":[0,0,0,0]}],[0],0,[0],[0],[0]],[[{"name":"1_00020","rect":[2,716,248,100],"offset":[-4,0],"originalSize":[280,100],"capInsets":[0,0,0,0]}],[0],0,[0],[0],[0]],[[{"name":"1_00047","rect":[254,2,250,100],"offset":[-4,0],"originalSize":[280,100],"capInsets":[0,0,0,0]}],[0],0,[0],[0],[0]],[[{"name":"1_00032","rect":[2,410,250,100],"offset":[-4,0],"originalSize":[280,100],"capInsets":[0,0,0,0]}],[0],0,[0],[0],[0]],[[{"name":"1_00016","rect":[2,1872,246,100],"offset":[-4,0],"originalSize":[280,100],"capInsets":[0,0,0,0]}],[0],0,[0],[0],[0]],[[{"name":"1_00030","rect":[506,410,250,100],"offset":[-4,0],"originalSize":[280,100],"capInsets":[0,0,0,0]}],[0],0,[0],[0],[0]],[[{"name":"1_00002","rect":[752,1022,248,100],"offset":[-4,0],"originalSize":[280,100],"capInsets":[0,0,0,0]}],[0],0,[0],[0],[0]],[[{"name":"1_00031","rect":[254,410,250,100],"offset":[-4,0],"originalSize":[280,100],"capInsets":[0,0,0,0]}],[0],0,[0],[0],[0]],[[{"name":"1_00034","rect":[506,308,250,100],"offset":[-4,0],"originalSize":[280,100],"capInsets":[0,0,0,0]}],[0],0,[0],[0],[0]],[[{"name":"1_00009","rect":[2,920,248,100],"offset":[-4,0],"originalSize":[280,100],"capInsets":[0,0,0,0]}],[0],0,[0],[0],[0]],[[{"name":"1_00038","rect":[506,206,250,100],"offset":[-4,0],"originalSize":[280,100],"capInsets":[0,0,0,0]}],[0],0,[0],[0],[0]],[[{"name":"1_00025","rect":[758,512,250,100],"offset":[-4,0],"originalSize":[280,100],"capInsets":[0,0,0,0]}],[0],0,[0],[0],[0]],[[{"name":"1_00036","rect":[2,308,250,100],"offset":[-4,0],"originalSize":[280,100],"capInsets":[0,0,0,0]}],[0],0,[0],[0],[0]],[[{"name":"1_00017","rect":[502,716,248,100],"offset":[-4,0],"originalSize":[280,100],"capInsets":[0,0,0,0]}],[0],0,[0],[0],[0]],[[{"name":"1_00003","rect":[502,1022,248,100],"offset":[-4,0],"originalSize":[280,100],"capInsets":[0,0,0,0]}],[0],0,[0],[0],[0]],[[{"name":"1_00018","rect":[252,716,248,100],"offset":[-4,0],"originalSize":[280,100],"capInsets":[0,0,0,0]}],[0],0,[0],[0],[0]],[[{"name":"1_00041","rect":[758,104,250,100],"offset":[-4,0],"originalSize":[280,100],"capInsets":[0,0,0,0]}],[0],0,[0],[0],[0]],[[{"name":"1_00021","rect":[758,614,250,100],"offset":[-4,0],"originalSize":[280,100],"capInsets":[0,0,0,0]}],[0],0,[0],[0],[0]],[[{"name":"1_00042","rect":[506,104,250,100],"offset":[-4,0],"originalSize":[280,100],"capInsets":[0,0,0,0]}],[0],0,[0],[0],[0]],[[{"name":"1_00029","rect":[758,410,250,100],"offset":[-4,0],"originalSize":[280,100],"capInsets":[0,0,0,0]}],[0],0,[0],[0],[0]],[[{"name":"1_00048","rect":[2,2,250,100],"offset":[-4,0],"originalSize":[280,100],"capInsets":[0,0,0,0]}],[0],0,[0],[0],[0]],[[{"name":"1_00046","rect":[506,2,250,100],"offset":[-4,0],"originalSize":[280,100],"capInsets":[0,0,0,0]}],[0],0,[0],[0],[0]],[[{"name":"1_00037","rect":[758,206,250,100],"offset":[-4,0],"originalSize":[280,100],"capInsets":[0,0,0,0]}],[0],0,[0],[0],[0]],[[{"name":"1_00023","rect":[254,614,250,100],"offset":[-4,0],"originalSize":[280,100],"capInsets":[0,0,0,0]}],[0],0,[0],[0],[0]],[[{"name":"1_00004","rect":[252,1022,248,100],"offset":[-4,0],"originalSize":[280,100],"capInsets":[0,0,0,0]}],[0],0,[0],[0],[0]],[[{"name":"1_00011","rect":[502,818,248,100],"offset":[-4,0],"originalSize":[280,100],"capInsets":[0,0,0,0]}],[0],0,[0],[0],[0]],[[{"name":"1_00014","rect":[752,716,248,100],"offset":[-4,0],"originalSize":[280,100],"capInsets":[0,0,0,0]}],[0],0,[0],[0],[0]],[[{"name":"1_00001","rect":[2,1124,248,100],"offset":[-4,0],"originalSize":[280,100],"rotated":1,"capInsets":[0,0,0,0]}],[0],0,[0],[0],[0]],[[{"name":"1_00019","rect":[2,1624,246,100],"offset":[-4,0],"originalSize":[280,100],"rotated":1,"capInsets":[0,0,0,0]}],[0],0,[0],[0],[0]],[[{"name":"1_00045","rect":[758,2,250,100],"offset":[-4,0],"originalSize":[280,100],"capInsets":[0,0,0,0]}],[0],0,[0],[0],[0]],[[{"name":"1_00043","rect":[254,104,250,100],"offset":[-4,0],"originalSize":[280,100],"capInsets":[0,0,0,0]}],[0],0,[0],[0],[0]],[[{"name":"1_00006","rect":[752,920,248,100],"offset":[-4,0],"originalSize":[280,100],"capInsets":[0,0,0,0]}],[0],0,[0],[0],[0]],[[{"name":"1_00040","rect":[2,206,250,100],"offset":[-4,0],"originalSize":[280,100],"capInsets":[0,0,0,0]}],[0],0,[0],[0],[0]],[[{"name":"1_00033","rect":[758,308,250,100],"offset":[-4,0],"originalSize":[280,100],"capInsets":[0,0,0,0]}],[0],0,[0],[0],[0]],[[{"name":"1_00000","rect":[2,1374,248,100],"offset":[-4,0],"originalSize":[280,100],"rotated":1,"capInsets":[0,0,0,0]}],[0],0,[0],[0],[0]],[[{"name":"1_00028","rect":[2,512,250,100],"offset":[-4,0],"originalSize":[280,100],"capInsets":[0,0,0,0]}],[0],0,[0],[0],[0]],[[{"name":"1_00022","rect":[506,614,250,100],"offset":[-4,0],"originalSize":[280,100],"capInsets":[0,0,0,0]}],[0],0,[0],[0],[0]],[[{"name":"1_00008","rect":[252,920,248,100],"offset":[-4,0],"originalSize":[280,100],"capInsets":[0,0,0,0]}],[0],0,[0],[0],[0]]]]