[1,["ecpdLyjvZBwrvm+cedCcQy","a2MjXRFdtLlYQ5ouAFv/+R","02gb3T0mhHpZ6Pp4fRrKan","badN1P2PtEA4fJd9KadG6a","aftiwEXqRJaJaRwIDdXcPz","05i6slrolGt7senXSW7sc/","57kpdQS/ND0J0w4ayRXByK","2dccPh8ndN+Jtly83zf9Xw","98+NqbBANB+7pRhzhl80jK","6eyQ16OWhPpa5aur4fgF/N","44NMBOV01OWJRrkRE+30CF","e6DEz7JyRMXqz3Xct5atGk"],["node","_spriteFrame","_N$file","root","data","_parent","_file","_N$dragonAsset","_N$dragonAtlasAsset"],[["cc.Node",["_name","_active","_opacity","_prefab","_parent","_components","_trs","_children","_contentSize","_color"],0,4,1,9,7,2,5,5],["cc.Widget",["_alignFlags","_originalWidth","_originalHeight","node"],0,1],["cc.PrefabInfo",["fileId","root"],2,1],["cc.Sprite",["_sizeMode","node","_materials","_spriteFrame"],2,1,3,6],["cc.Label",["_fontSize","_isSystemFontUsed","_N$horizontalAlign","_N$verticalAlign","_string","node","_materials","_N$file"],-2,1,3,6],["dragonBones.DragonBonesAsset",["_name","_dragonBonesJson"],1],["cc.Prefab",["_name"],2],["cc.BlockInputEvents",["node"],3,1],["cc.Button",["zoomScale","_N$transition","node"],1,1],["cc.ParticleSystem",["_custom","playOnLoad","totalParticles","duration","emissionRate","life","lifeVar","angleVar","startSize","startSizeVar","endSize","startSpinVar","endSpin","_positionType","speed","speedVar","tangentialAccel","tangentialAccelVar","radialAccel","node","_materials","_startColor","_startColorVar","_endColor","_endColorVar","gravity","_file","_spriteFrame"],-16,1,3,8,8,8,8,5,6,6],["dragonBones.ArmatureDisplay",["_armatureName","_animationName","_preCacheMode","playTimes","_armatureKey","node","_materials","_N$dragonAsset","_N$dragonAtlasAsset"],-2,1,3,6,6]],[[2,0,1,2],[0,0,4,5,3,8,6,2],[3,1,2,3,1],[0,0,1,7,5,3,8,6,3],[0,0,1,4,7,3,6,3],[4,4,0,1,2,3,5,6,7,6],[5,0,1,3],[6,0,2],[0,0,4,7,3,6,2],[0,0,2,4,5,3,9,8,3],[0,0,4,7,5,3,8,6,2],[0,0,4,5,3,2],[1,0,3,2],[1,0,1,2,3,4],[2,1,1],[3,0,1,2,3,2],[7,0,1],[8,0,1,2,3],[9,0,1,2,3,4,5,6,7,8,9,10,11,12,13,14,15,16,17,18,19,20,21,22,23,24,25,26,27,20],[10,0,1,2,3,4,5,6,7,8,6],[4,0,1,2,3,5,6,7,5]],[[[[6,"bigwin_ske","{\"frameRate\":24,\"isGlobal\":0,\"armature\":[{\"ik\":[],\"type\":\"Armature\",\"frameRate\":24,\"skin\":[{\"name\":\"\",\"slot\":[{\"display\":[{\"path\":\"bigwin/组_1_拷贝\",\"type\":\"image\",\"name\":\"bigwin/组_1_拷贝\",\"transform\":{\"skX\":-87.3534,\"y\":19.0306,\"skY\":-87.3534,\"x\":44.6189}}],\"name\":\"组_1_拷贝\"},{\"display\":[{\"path\":\"bigwin/图层_1\",\"type\":\"image\",\"name\":\"bigwin/图层_1\",\"transform\":{\"skX\":-90,\"y\":5.45,\"skY\":-90,\"x\":14.15}}],\"name\":\"图层_1\"},{\"display\":[{\"path\":\"bigwin/图层_5\",\"type\":\"image\",\"name\":\"bigwin/图层_5\",\"transform\":{\"skX\":75.9716,\"y\":66.5198,\"skY\":75.9716,\"x\":120.519}}],\"name\":\"图层_5\"},{\"display\":[{\"path\":\"bigwin/图层_5_拷贝\",\"type\":\"image\",\"name\":\"bigwin/图层_5_拷贝\",\"transform\":{\"skX\":108.6106,\"y\":-64.368,\"skY\":108.6106,\"x\":134.2627}}],\"name\":\"图层_5_拷贝\"}]}],\"animation\":[{\"frame\":[],\"playTimes\":0,\"ffd\":[],\"duration\":32,\"slot\":[{\"frame\":[{\"tweenEasing\":0,\"color\":{\"aM\":0},\"duration\":4},{\"tweenEasing\":0,\"color\":{\"aM\":69},\"duration\":4},{\"tweenEasing\":null,\"duration\":24}],\"name\":\"图层_5_拷贝\"},{\"frame\":[{\"tweenEasing\":0,\"color\":{\"aM\":0},\"duration\":4},{\"tweenEasing\":0,\"color\":{\"aM\":69},\"duration\":4},{\"tweenEasing\":null,\"duration\":24}],\"name\":\"图层_5\"},{\"frame\":[{\"tweenEasing\":0,\"color\":{\"aM\":0},\"duration\":4},{\"tweenEasing\":0,\"color\":{\"aM\":54},\"duration\":4},{\"tweenEasing\":null,\"duration\":24}],\"name\":\"图层_1\"},{\"frame\":[{\"tweenEasing\":0,\"color\":{\"aM\":0},\"duration\":4},{\"tweenEasing\":0,\"color\":{\"aM\":71},\"duration\":4},{\"tweenEasing\":null,\"duration\":24}],\"name\":\"组_1_拷贝\"}],\"ik\":[],\"bone\":[{\"frame\":[{\"transform\":{},\"duration\":32}],\"name\":\"root\"},{\"frame\":[{\"tweenEasing\":0,\"transform\":{\"y\":-383.8377},\"duration\":4},{\"tweenEasing\":0,\"transform\":{\"y\":-280.2426},\"duration\":4},{\"tweenEasing\":0,\"transform\":{\"y\":12.5922},\"duration\":4},{\"transform\":{\"y\":-5.2691},\"duration\":20}],\"name\":\"组_1_拷贝\"},{\"frame\":[{\"tweenEasing\":0,\"transform\":{\"skX\":58.7767,\"skY\":58.7767},\"duration\":8},{\"tweenEasing\":0,\"transform\":{\"skX\":39.6605,\"skY\":39.6605},\"duration\":4},{\"tweenEasing\":0,\"transform\":{\"skX\":17.9999,\"skY\":17.9999},\"duration\":16},{\"transform\":{\"skX\":7.6412,\"skY\":7.6412},\"duration\":4},{\"transform\":{\"skX\":7.6412,\"skY\":7.6412},\"duration\":0}],\"name\":\"图层_5\"},{\"frame\":[{\"tweenEasing\":0,\"transform\":{\"skX\":-58.0025,\"skY\":-58.0025},\"duration\":8},{\"tweenEasing\":0,\"transform\":{\"skX\":-37.9211,\"skY\":-37.9211},\"duration\":4},{\"tweenEasing\":0,\"transform\":{\"skX\":-19.3695,\"skY\":-19.3695},\"duration\":16},{\"transform\":{\"skX\":-6.3419,\"skY\":-6.3419},\"duration\":4}],\"name\":\"图层_5_拷贝\"},{\"frame\":[{\"tweenEasing\":0,\"transform\":{\"y\":-315.9651},\"duration\":4},{\"tweenEasing\":0,\"transform\":{\"y\":-244.5202},\"duration\":4},{\"tweenEasing\":0,\"transform\":{\"y\":7.2338},\"duration\":4},{\"transform\":{\"y\":-7.0552},\"duration\":20}],\"name\":\"图层_1\"}],\"name\":\"newAnimation\"}],\"aabb\":{\"width\":963,\"y\":-352,\"height\":581,\"x\":-502.5},\"bone\":[{\"name\":\"root\",\"transform\":{}},{\"length\":76,\"transform\":{\"skX\":87.3534,\"y\":-83.95,\"skY\":87.3534,\"x\":-3.55},\"parent\":\"root\",\"name\":\"组_1_拷贝\"},{\"length\":176,\"transform\":{\"skX\":-75.9716,\"y\":39.3,\"skY\":-75.9716,\"x\":123.25},\"parent\":\"root\",\"name\":\"图层_5\"},{\"length\":195,\"transform\":{\"skX\":-108.6106,\"y\":48.2,\"skY\":-108.6106,\"x\":-144.65},\"parent\":\"root\",\"name\":\"图层_5_拷贝\"},{\"length\":57,\"transform\":{\"skX\":90,\"y\":67.85,\"skY\":90,\"x\":-16.05},\"parent\":\"root\",\"name\":\"图层_1\"}],\"defaultActions\":[{\"gotoAndPlay\":\"newAnimation\"}],\"name\":\"Armature\",\"slot\":[{\"name\":\"图层_5_拷贝\",\"parent\":\"图层_5_拷贝\",\"color\":{}},{\"z\":1,\"name\":\"图层_5\",\"parent\":\"图层_5\",\"color\":{}},{\"z\":2,\"name\":\"图层_1\",\"parent\":\"图层_1\",\"color\":{}},{\"z\":3,\"name\":\"组_1_拷贝\",\"parent\":\"组_1_拷贝\",\"color\":{}}]}],\"name\":\"bigwin\",\"version\":\"5.0\"}"]],0,0,[],[],[]],[[[7,"bigWinNode"],[3,"bigWinNode",false,[-3,-4],[[12,45,-2]],[14,-1],[5,1520,720],[760,360,0,0,0,0,1,1,1,1]],[8,"node",1,[-5,-6,-7,-8],[0,"fcWemAL/FJPZ0+WjpYvxX/",1],[0,14.261,0,0,0,0,1,1,1,1]],[9,"bg",160,1,[[15,0,-9,[0],1],[13,45,100,100,-10],[16,-11]],[0,"b97DKNeNZDYKzSN3v5KGrU",1],[4,4278190080],[5,1520,720]],[3,"WinCloseBtn",false,[-14],[[2,-12,[10],11],[17,1.1,3,-13]],[0,"e9O8Eq0Q5PXYi2euoYEL75",1],[5,226,74],[-13.633,-269.073,0,0,0,0,1,1,1,0]],[4,"winConten",false,2,[4,-15],[0,"c71FSc8DRNi5WWfZcc+kOX",1],[0,-2.23,0,0,0,0,1,1,1,1]],[4,"luckyBall",false,2,[-16,-17],[0,"3bThMCckFD4ZG9WhnwKj+o",1],[-26.163,-275.125,0,0,0,0,1,1,1,1]],[10,"luckbtn",6,[-19],[[2,-18,[16],17]],[0,"427drUOXlA+Yy4KXfDgQ5X",1],[5,245,88],[150,0,0,0,0,0,1,1,1,1]],[11,"particle",2,[[18,true,false,55,25,22,2,0.25,60,56,30,-1,720,360,1,540,20,12,12,6,-20,[2],[4,4294967295],[4,0],[4,4294967295],[4,0],[0,2,-550],3,4]],[0,"74IhZ78aNMKbH1OuZb5lHt",1]],[1,"win",2,[[19,"Armature","newAnimation",0,1,"afb62c04-5ea4-4968-9691-c080dd5dc3f3#058bab25-ae89-46b7-bb1e-9d7496eec73f",-21,[5],6,7]],[0,"10VHsQ69BF9Y+0TiSnL1K+",1],[5,963,581],[0,-15.486,0,0,0,0,1,0.95,0.95,1]],[1,"WinTimeLabel",4,[[5,"10",28,false,1,1,-22,[8],9]],[0,"34Dwllg0dOYqYpaNCn95VP",1],[5,33.25,40],[58.197,25.608,0,0,0,0,1,1,1,1]],[1,"WinLabel",5,[[20,32,false,1,1,-23,[12],13]],[0,"65HyhxvEpLDa9T3lZbJRlA",1],[5,179,40],[-21.378,-91.36,0,0,0,0,1,1,1,1]],[1,"timeLab",7,[[5,"1",25,false,1,1,-24,[14],15]],[0,"1fvF02bLJGer+MAga1a+6t",1],[5,16.41,40],[80,-6.313,0,0,0,0,1,1,1,1]],[1,"closebtn",6,[[2,-25,[18],19]],[0,"bb7dcwcCJJppFBNqJNcH4j",1],[5,227,86],[-150,0,0,0,0,0,1,1,1,1]]],0,[0,3,1,0,0,1,0,-1,3,0,-2,2,0,-1,8,0,-2,9,0,-3,5,0,-4,6,0,0,3,0,0,3,0,0,3,0,0,4,0,0,4,0,-1,10,0,-2,11,0,-1,7,0,-2,13,0,0,7,0,-1,12,0,0,8,0,0,9,0,0,10,0,0,11,0,0,12,0,0,13,0,4,1,4,5,5,25],[0,0,0,0,0,0,0,0,0,0,0,0,0,0,0,0,0,0,0,0],[-1,1,-1,6,1,-1,7,8,-1,2,-1,1,-1,2,-1,2,-1,1,-1,1],[0,1,0,2,3,0,4,5,0,6,0,7,0,8,0,9,0,10,0,11]]]]