[1,["79uNvteS9ExK8cDasQ2w+4","bcqWmTwIlJiKS5l6wDiGE6","3ePWcKwNxAnYThOj5wtiB2","99arTABthN+IYbqAdr+Lhd","b5jtoDc19FEZ4TTzHuMb1m","cei82C+MFLlq+xEP1Pp9eK","eexg711vJIKaWvWrI996J/","b56QcvNzJHhqO/HDi0vvMp","dbSEpgk0RHz5hT0cozm12J","4eH3Ir88ZL8btpa90kmEX2","5eFYn49IhAX4jhyYwQAN14","5cdWc6y3hGdK+4m9e3zt4W","e328G0Aq9OIbnjSWwTDkre","08yediivdFmIlNyKI1uOeY","08xtIomHZLUrGptKueM1Pe","c7i/Fm4K1CxomfpLK5ZMN/","12yqwOuTNJdqg/ptOZ59sW","8f51UV2URF+5h++VvWW2S4","24LSXdtZ9JAKhIpnG7x9ka","d0A/25ZqpNV5/v7sLOJAN+","3d48HpfM1J/L1wyesx9+W9","05u0Fz9kxMULHBfnHyhQXR","0312V74s1Bn5FarJM3zjAl","ce6UxbK4dOW7iBh0hp5eS9","7e92rgzapCkLjw5K+p3DZQ","66xYqJ1hlOsbKANMwvjUl3","6eIgdt+X1JAoHjDE+oEXpB","32HTCpOTxLR4zRQWWQv1vm","71YEv86XlKoa1UO5aiOlPh","ee4LrbhZxKvK1bJK+G71IO","ebyOPRif9Pp5MRemcYCn4k","74Dt1AQvVIUZusHvDxiwzb","8bgJ385WdOEq7hoBATGLP4","a2aglSrStGNrHoCtJeb3rO","b0NDU17RZDdaEPhyBGZn+Q","79qVO59xxJsIgWRR9l9WpC","dal+Cm3f5AOobPiJCfCqbD","3ej5vkrIpE/p1uFT1ZADNs","cdH8IFuKRM4ZBwSJpE4JKh","d4EGWkXKRH2ofLSjqu/foK","b2e9gqmXdOKp0umoxc52qO","79uYTTAcxNp6bjv7KDR4Bs","92rG2hQ69JiIIYzDRibbnd","42dV4u5ZhOnZsbs6H4C1wn","5e8D4XW4FBWbP1tRMgDesr","b58m+EXYBCgrUsCftwx6Hd","6e0VGbWpdB/pu4gKoRXi5h","feOBpuTf5LIrTGS+u6pIvG","40M+aN/qZHy42H4ZCEV9sf"],["value"],[["cc.AnimationClip",["_name","_duration","speed","wrapMode","curveData"],-1,11]],[[0,0,1,2,3,4,5]],[[0,"right2",0.8166666666666667,0.5,2,[{},"comps",11,[{},"cc.Sprite",11,[{},"spriteFrame",12,[[[{"frame":0},"value",6,0],[{"frame":0.016666666666666666},"value",6,1],[{"frame":0.03333333333333333},"value",6,2],[{"frame":0.05},"value",6,3],[{"frame":0.06666666666666667},"value",6,4],[{"frame":0.08333333333333333},"value",6,5],[{"frame":0.1},"value",6,6],[{"frame":0.11666666666666667},"value",6,7],[{"frame":0.13333333333333333},"value",6,8],[{"frame":0.15},"value",6,9],[{"frame":0.16666666666666666},"value",6,10],[{"frame":0.18333333333333332},"value",6,11],[{"frame":0.2},"value",6,12],[{"frame":0.21666666666666667},"value",6,13],[{"frame":0.23333333333333334},"value",6,14],[{"frame":0.25},"value",6,15],[{"frame":0.26666666666666666},"value",6,16],[{"frame":0.2833333333333333},"value",6,17],[{"frame":0.3},"value",6,18],[{"frame":0.31666666666666665},"value",6,19],[{"frame":0.3333333333333333},"value",6,20],[{"frame":0.35},"value",6,21],[{"frame":0.36666666666666664},"value",6,22],[{"frame":0.38333333333333336},"value",6,23],[{"frame":0.4},"value",6,24],[{"frame":0.4166666666666667},"value",6,25],[{"frame":0.43333333333333335},"value",6,26],[{"frame":0.45},"value",6,27],[{"frame":0.4666666666666667},"value",6,28],[{"frame":0.48333333333333334},"value",6,29],[{"frame":0.5},"value",6,30],[{"frame":0.5166666666666667},"value",6,31],[{"frame":0.5333333333333333},"value",6,32],[{"frame":0.55},"value",6,33],[{"frame":0.5666666666666667},"value",6,34],[{"frame":0.5833333333333334},"value",6,35],[{"frame":0.6},"value",6,36],[{"frame":0.6166666666666667},"value",6,37],[{"frame":0.6333333333333333},"value",6,38],[{"frame":0.65},"value",6,39],[{"frame":0.6666666666666666},"value",6,40],[{"frame":0.6833333333333333},"value",6,41],[{"frame":0.7},"value",6,42],[{"frame":0.7166666666666667},"value",6,43],[{"frame":0.7333333333333333},"value",6,44],[{"frame":0.75},"value",6,45],[{"frame":0.7666666666666667},"value",6,46],[{"frame":0.7833333333333333},"value",6,47],[{"frame":0.8},"value",6,48]],11,11,11,11,11,11,11,11,11,11,11,11,11,11,11,11,11,11,11,11,11,11,11,11,11,11,11,11,11,11,11,11,11,11,11,11,11,11,11,11,11,11,11,11,11,11,11,11,11]]]]]],0,0,[0,0,0,0,0,0,0,0,0,0,0,0,0,0,0,0,0,0,0,0,0,0,0,0,0,0,0,0,0,0,0,0,0,0,0,0,0,0,0,0,0,0,0,0,0,0,0,0,0],[0,0,0,0,0,0,0,0,0,0,0,0,0,0,0,0,0,0,0,0,0,0,0,0,0,0,0,0,0,0,0,0,0,0,0,0,0,0,0,0,0,0,0,0,0,0,0,0,0],[0,1,2,3,4,5,6,7,8,9,10,11,12,13,14,15,16,17,18,19,20,21,22,23,24,25,26,27,28,29,30,31,32,33,34,35,36,37,38,39,40,41,42,43,44,45,46,47,48]]