[1,["af+kRGkjxFjrC+Y0gUnagt"],["_texture"],[["dragonBones.DragonBonesAtlasAsset",["_name","_atlasJson"],1]],[[0,0,1,3]],[[0,"freespin_tex","{\"SubTexture\":[{\"width\":475,\"y\":680,\"height\":463,\"name\":\"free spin 拷贝/free_img9\",\"x\":1},{\"frameWidth\":990,\"y\":1,\"frameHeight\":1024,\"width\":836,\"frameX\":-77,\"height\":837,\"name\":\"0f50e17d632215902c6610c8a49fbce6f75c0024f8d7a-LeMgYW\",\"frameY\":-93,\"x\":1071},{\"width\":234,\"y\":680,\"height\":370,\"name\":\"图层2\",\"x\":478},{\"frameWidth\":283,\"y\":953,\"frameHeight\":163,\"width\":281,\"frameX\":-1,\"height\":163,\"name\":\"23d0aad63c20add9d9cce98f3a8056f06d544a472eaf-FcHArD\",\"frameY\":0,\"x\":714},{\"width\":1009,\"y\":1145,\"height\":211,\"name\":\"free spin 拷贝/图层_541\",\"x\":1},{\"width\":619,\"y\":840,\"height\":111,\"name\":\"free spin 拷贝/FREE_拷贝_2\",\"x\":714},{\"width\":1068,\"y\":1,\"height\":677,\"name\":\"free spin 拷贝/bigwin_12\",\"x\":1}],\"width\":2048,\"height\":2048,\"name\":\"freespin\",\"imagePath\":\"freespin_tex.png\"}"]],0,0,[0],[0],[0]]