[1,["174YgaNYpAMqkKk3igNJaV"],["_texture"],[["dragonBones.DragonBonesAtlasAsset",["_name","_atlasJson"],1]],[[0,0,1,3]],[[0,"jackpot-jk_tex","{\"width\":1024,\"imagePath\":\"jackpot-jk_tex.png\",\"height\":2048,\"name\":\"jackpot-jk\",\"SubTexture\":[{\"width\":627,\"y\":1,\"height\":627,\"name\":\"jackpot-jk/zhuang\",\"x\":1},{\"width\":554,\"y\":630,\"height\":281,\"name\":\"jackpot-jk/fkk\",\"x\":468},{\"width\":465,\"y\":630,\"height\":464,\"name\":\"jackpot-jk/xggg\",\"x\":1},{\"width\":457,\"y\":1430,\"height\":106,\"name\":\"jackpot-jk/dz2\",\"x\":1},{\"width\":413,\"y\":1204,\"height\":106,\"name\":\"jackpot-jk/dz1\",\"x\":595},{\"width\":592,\"y\":1204,\"height\":106,\"name\":\"jackpot-jk/dz3\",\"x\":1},{\"width\":824,\"y\":1096,\"height\":106,\"name\":\"jackpot-jk/dz4\",\"x\":1},{\"width\":334,\"y\":398,\"height\":109,\"name\":\"jackpot-jk/MINI\",\"x\":630},{\"width\":475,\"y\":1312,\"height\":116,\"name\":\"jackpot-jk/MINOR\",\"x\":510},{\"width\":513,\"y\":913,\"height\":116,\"name\":\"jackpot-jk/MAJOR\",\"x\":468},{\"width\":507,\"y\":1312,\"height\":116,\"name\":\"jackpot-jk/GRAND\",\"x\":1},{\"width\":151,\"y\":197,\"height\":173,\"name\":\"jackpot-jk/03\",\"x\":842},{\"width\":200,\"y\":1430,\"height\":171,\"name\":\"jackpot-jk/06\",\"x\":663},{\"width\":140,\"y\":1,\"height\":167,\"name\":\"jackpot-jk/02\",\"x\":882},{\"width\":181,\"y\":1031,\"height\":164,\"name\":\"jackpot-jk/04\",\"x\":827},{\"width\":135,\"y\":509,\"height\":113,\"name\":\"jackpot-jk/01\",\"x\":630},{\"width\":201,\"y\":1430,\"height\":179,\"name\":\"jackpot-jk/07\",\"x\":460},{\"width\":210,\"y\":197,\"height\":199,\"name\":\"jackpot-jk/08\",\"x\":630},{\"width\":250,\"y\":1,\"height\":194,\"name\":\"jackpot-jk/09\",\"x\":630},{\"width\":193,\"y\":1603,\"height\":176,\"name\":\"jackpot-jk/05\",\"x\":663}]}"]],0,0,[0],[0],[0]]