[1,0,0,[["cc.AnimationClip",["_name","_duration","wrapMode","curveData"],0,11]],[[0,0,1,2,3,4]],[[0,"mangguo",0.8333333333333334,2,[{},"paths",11,[{},"mangguo_1",11,[{},"props",11,[{"angle":[{"frame":0.25,"value":0},{"frame":0.5833333333333334,"value":-7},{"frame":0.8333333333333334,"value":0}]},"scale",12,[[[{"frame":0},"value",8,[0,1,1]],[{"frame":0.25},"value",8,[0,1.2,1.2]],[{"frame":0.5833333333333334},"value",8,[0,1.2,1.2]],[{"frame":0.8333333333333334},"value",8,[0,1,1]]],11,11,11,11]]],"mangguo_2",11,[{},"props",11,[{"angle":[{"frame":0.25,"value":0},{"frame":0.5833333333333334,"value":-7},{"frame":0.8333333333333334,"value":0}]},"scale",12,[[[{"frame":0},"value",8,[0,1,1]],[{"frame":0.25},"value",8,[0,1.2,1.2]],[{"frame":0.5833333333333334},"value",8,[0,1.2,1.2]],[{"frame":0.8333333333333334},"value",8,[0,1,1]]],11,11,11,11]]],"mangguo_10",11,[{},"props",11,[{"angle":[{"frame":0.25,"value":0},{"frame":0.5833333333333334,"value":-7},{"frame":0.8333333333333334,"value":0}],"opacity":[{"frame":0,"value":0},{"frame":0.25,"value":200},{"frame":0.5833333333333334,"value":0}]},"scale",12,[[[{"frame":0},"value",8,[0,1,1]],[{"frame":0.25},"value",8,[0,1.2,1.2]],[{"frame":0.5833333333333334},"value",8,[0,1.2,1.2]],[{"frame":0.8333333333333334},"value",8,[0,1,1]]],11,11,11,11]]],"mangguo_3",11,[{},"props",11,[{"angle":[{"frame":0.25,"value":0},{"frame":0.5833333333333334,"value":7},{"frame":0.8333333333333334,"value":0}]},"scale",12,[[[{"frame":0},"value",8,[0,1,1]],[{"frame":0.25},"value",8,[0,1.2,1.2]],[{"frame":0.5833333333333334},"value",8,[0,1.2,1.2]],[{"frame":0.8333333333333334},"value",8,[0,1,1]]],11,11,11,11]]],"mangguo_11",11,[{},"props",11,[{"angle":[{"frame":0.25,"value":0},{"frame":0.5833333333333334,"value":7},{"frame":0.8333333333333334,"value":0}],"opacity":[{"frame":0,"value":0},{"frame":0.25,"value":50},{"frame":0.5833333333333334,"value":0}]},"scale",12,[[[{"frame":0},"value",8,[0,1,1]],[{"frame":0.25},"value",8,[0,1.2,1.2]],[{"frame":0.5833333333333334},"value",8,[0,1.2,1.2]],[{"frame":0.8333333333333334},"value",8,[0,1,1]]],11,11,11,11]]],"mangguo_5",11,[{},"props",11,[{"position":[{"frame":0,"value":[8.26,-27.163,0]},{"frame":0.25,"value":[11.803,-40.154,0]},{"frame":0.5833333333333334,"value":[11.803,-40.154,0]},{"frame":0.8333333333333334,"value":[8.26,-27.163,0]}]},"scale",12,[[[{"frame":0},"value",8,[0,0.8,0.8]],[{"frame":0.25},"value",8,[0,0.8,0.8]],[{"frame":0.5833333333333334},"value",8,[0,0.8,0.8]],[{"frame":0.8333333333333334},"value",8,[0,1,1]]],11,11,11,11]]],"fruit_slot_icon_1",11,[{},"props",11,[{},"scale",12,[[[{"frame":0.8333333333333334},"value",8,[0,1.2,1]]],11]]],"mangguo_4",11,[{},"props",11,[{},"scale",12,[[[{"frame":0},"value",8,[0,1,1]],[{"frame":0.25},"value",8,[0,1.3,1.3]],[{"frame":0.5833333333333334},"value",8,[0,1.3,1.3]],[{"frame":0.8333333333333334},"value",8,[0,1,1]]],11,11,11,11]]]]]]],0,0,[],[],[]]