[1,["f0fL7B+5hOL5S85pPRjiDh","07oK+WqjxPS6YrB37/sUCw"],["_textureSetter","spriteFrame"],["cc.SpriteFrame",["cc.BitmapFont",["_name","fontSize","_fntConfig"],0]],[[1,0,1,2,4]],[[[{"name":"goldNum","rect":[0,0,92,247],"offset":[-18,4.5],"originalSize":[128,256],"capInsets":[0,0,0,0]}],[0],0,[0],[0],[0]],[[[0,"goldNum",32,{"commonHeight":45,"fontSize":32,"atlasName":"C:\\Users\\40315\\Desktop\\ziti\\goldNum.png","fontDefDictionary":{"9":{"xOffset":0,"yOffset":0,"xAdvance":104,"rect":{"x":0,"y":0,"width":0,"height":0}},"32":{"xOffset":0,"yOffset":0,"xAdvance":13,"rect":{"x":0,"y":0,"width":0,"height":0}},"43":{"xOffset":0,"yOffset":10,"xAdvance":31,"rect":{"x":32,"y":124,"width":30,"height":33}},"44":{"xOffset":0,"yOffset":29,"xAdvance":19,"rect":{"x":63,"y":140,"width":18,"height":23}},"45":{"xOffset":0,"yOffset":21,"xAdvance":21,"rect":{"x":63,"y":124,"width":20,"height":15}},"46":{"xOffset":0,"yOffset":28,"xAdvance":17,"rect":{"x":63,"y":164,"width":16,"height":17}},"48":{"xOffset":0,"yOffset":5,"xAdvance":32,"rect":{"x":0,"y":164,"width":31,"height":41}},"49":{"xOffset":0,"yOffset":5,"xAdvance":28,"rect":{"x":63,"y":83,"width":27,"height":40}},"50":{"xOffset":0,"yOffset":5,"xAdvance":30,"rect":{"x":45,"y":0,"width":29,"height":40}},"51":{"xOffset":0,"yOffset":5,"xAdvance":30,"rect":{"x":63,"y":41,"width":29,"height":41}},"52":{"xOffset":0,"yOffset":5,"xAdvance":32,"rect":{"x":0,"y":123,"width":31,"height":40}},"53":{"xOffset":0,"yOffset":5,"xAdvance":30,"rect":{"x":62,"y":200,"width":29,"height":41}},"54":{"xOffset":0,"yOffset":5,"xAdvance":31,"rect":{"x":32,"y":158,"width":30,"height":41}},"55":{"xOffset":0,"yOffset":5,"xAdvance":30,"rect":{"x":33,"y":41,"width":29,"height":40}},"56":{"xOffset":0,"yOffset":5,"xAdvance":31,"rect":{"x":31,"y":206,"width":30,"height":41}},"57":{"xOffset":0,"yOffset":5,"xAdvance":31,"rect":{"x":32,"y":82,"width":30,"height":41}},"66":{"xOffset":0,"yOffset":5,"xAdvance":31,"rect":{"x":0,"y":206,"width":30,"height":40}},"75":{"xOffset":0,"yOffset":5,"xAdvance":32,"rect":{"x":0,"y":82,"width":31,"height":40}},"77":{"xOffset":0,"yOffset":5,"xAdvance":45,"rect":{"x":0,"y":0,"width":44,"height":40}},"84":{"xOffset":0,"yOffset":5,"xAdvance":33,"rect":{"x":0,"y":41,"width":32,"height":40}}},"kerningDict":{}}]],0,0,[0],[1],[1]]]]