[1,["1b2797c71","9d+1nL1DBAr6mTxDTYDbJF","9ftvR8CdJOd5W8SHwBTl6y"],["_textureSetter","spriteFrame"],["cc.SpriteFrame",["cc.BitmapFont",["_name","fontSize","_fntConfig"],0]],[[1,0,1,2,4]],[[[{"name":"xiangshen-luckyball","rect":[3,3,243,87],"offset":[-7.5,0.5],"originalSize":[262,88],"capInsets":[0,0,0,0]}],[0],0,[0],[0],[0]],[[[0,"1-9-export",32,{"commonHeight":23,"fontSize":32,"atlasName":"D:\\\\1-9-export.png","fontDefDictionary":{"9":{"xOffset":0,"yOffset":0,"xAdvance":160,"rect":{"x":0,"y":0,"width":0,"height":0}},"32":{"xOffset":0,"yOffset":0,"xAdvance":20,"rect":{"x":0,"y":0,"width":0,"height":0}},"48":{"xOffset":0,"yOffset":-16,"xAdvance":32,"rect":{"x":30,"y":40,"width":27,"height":39}},"49":{"xOffset":0,"yOffset":-16,"xAdvance":26,"rect":{"x":31,"y":0,"width":21,"height":38}},"50":{"xOffset":0,"yOffset":-16,"xAdvance":32,"rect":{"x":29,"y":81,"width":27,"height":38}},"51":{"xOffset":0,"yOffset":-16,"xAdvance":30,"rect":{"x":87,"y":41,"width":25,"height":39}},"52":{"xOffset":0,"yOffset":-16,"xAdvance":34,"rect":{"x":0,"y":0,"width":29,"height":38}},"53":{"xOffset":0,"yOffset":-16,"xAdvance":31,"rect":{"x":87,"y":0,"width":26,"height":39}},"54":{"xOffset":0,"yOffset":-17,"xAdvance":32,"rect":{"x":58,"y":81,"width":27,"height":40}},"55":{"xOffset":0,"yOffset":-16,"xAdvance":33,"rect":{"x":0,"y":40,"width":28,"height":39}},"56":{"xOffset":0,"yOffset":-16,"xAdvance":31,"rect":{"x":59,"y":0,"width":26,"height":39}},"57":{"xOffset":0,"yOffset":-16,"xAdvance":32,"rect":{"x":0,"y":81,"width":27,"height":39}}},"kerningDict":{}}]],0,0,[0],[1],[1]],[[{"name":"1-9-export","rect":[0,0,113,121],"offset":[-7.5,3.5],"originalSize":[128,128],"capInsets":[0,0,0,0]}],[0],0,[0],[0],[2]]]]