[1,["d3i0LTar5Aa5I5nzT6Fr9q"],["_texture"],[["dragonBones.DragonBonesAtlasAsset",["_name","_atlasJson"],1]],[[0,0,1,3]],[[0,"qiu_tex","{\"width\":512,\"SubTexture\":[{\"width\":106,\"y\":281,\"height\":49,\"name\":\"huo/huo04\",\"x\":84},{\"width\":108,\"y\":214,\"height\":50,\"name\":\"huo/huo05\",\"x\":229},{\"width\":94,\"y\":266,\"height\":49,\"name\":\"huo/huo02\",\"x\":297},{\"width\":103,\"y\":281,\"height\":49,\"name\":\"huo/huo03\",\"x\":192},{\"width\":91,\"y\":317,\"height\":49,\"name\":\"huo/huo01\",\"x\":297},{\"width\":112,\"y\":232,\"height\":47,\"name\":\"huo/huo07\",\"x\":84},{\"width\":103,\"y\":175,\"height\":55,\"name\":\"huo/huo06\",\"x\":124},{\"width\":118,\"y\":123,\"height\":50,\"name\":\"huo/huo08\",\"x\":124},{\"width\":39,\"y\":298,\"height\":39,\"name\":\"huo/football\",\"x\":1},{\"width\":41,\"y\":214,\"height\":41,\"name\":\"huo/zhezhao\",\"x\":339},{\"width\":82,\"y\":1,\"height\":100,\"name\":\"yanhua/02\",\"x\":403},{\"width\":126,\"y\":1,\"height\":120,\"name\":\"yanhua/08\",\"x\":153},{\"width\":109,\"y\":106,\"height\":99,\"name\":\"yanhua/04\",\"x\":399},{\"width\":120,\"y\":1,\"height\":103,\"name\":\"yanhua/06\",\"x\":281},{\"width\":91,\"y\":207,\"height\":104,\"name\":\"yanhua/03\",\"x\":399},{\"width\":150,\"y\":1,\"height\":117,\"name\":\"yanhua/09\",\"x\":1},{\"width\":116,\"y\":106,\"height\":106,\"name\":\"yanhua/05\",\"x\":281},{\"width\":121,\"y\":120,\"height\":107,\"name\":\"yanhua/07\",\"x\":1},{\"width\":81,\"y\":229,\"height\":67,\"name\":\"yanhua/01\",\"x\":1}],\"imagePath\":\"qiu_tex.png\",\"name\":\"qiu\",\"height\":512}"]],0,0,[0],[0],[0]]