[1,["b9wbgRTnNIl7yMgnuFaUmr"],["_texture"],[["dragonBones.DragonBonesAtlasAsset",["_name","_atlasJson"],1]],[[0,0,1,3]],[[0,"PresenteSpin_tex","{\"imagePath\":\"PresenteSpin_tex.png\",\"width\":256,\"height\":256,\"name\":\"PresenteSpin\",\"SubTexture\":[{\"width\":135,\"y\":1,\"height\":112,\"name\":\"pds/lh\",\"x\":1},{\"width\":78,\"y\":1,\"height\":78,\"name\":\"pds/ON_SALE_\",\"x\":138},{\"width\":87,\"y\":81,\"height\":42,\"name\":\"pds/pds\",\"x\":138},{\"width\":60,\"y\":115,\"height\":24,\"name\":\"pds/sg\",\"x\":1},{\"width\":36,\"y\":1,\"height\":36,\"name\":\"pds/guang1\",\"x\":218}]}"]],0,0,[0],[0],[0]]