[1,["48zxYX4tJGbJ71BUly5tp5"],["_texture"],[["dragonBones.DragonBonesAtlasAsset",["_name","_atlasJson"],1]],[[0,0,1,3]],[[0,"Scatter02_tex","{\"width\":512,\"SubTexture\":[{\"width\":167,\"y\":1,\"height\":139,\"name\":\"scater/bgg\",\"x\":335},{\"width\":137,\"y\":142,\"height\":126,\"name\":\"scater/bg2\",\"x\":166},{\"width\":103,\"y\":166,\"height\":103,\"name\":\"scater/qqqq\",\"x\":1},{\"width\":48,\"y\":142,\"height\":48,\"name\":\"scater/kaig\",\"x\":437},{\"width\":167,\"y\":1,\"height\":139,\"name\":\"scater/kkk\",\"x\":166},{\"width\":163,\"y\":1,\"height\":163,\"name\":\"scater/gx2\",\"x\":1},{\"width\":82,\"y\":196,\"height\":82,\"name\":\"scaterx/xxxxx\",\"x\":305},{\"frameX\":-2,\"y\":312,\"frameY\":-2,\"frameWidth\":132,\"width\":128,\"frameHeight\":34,\"height\":30,\"name\":\"scater/MAJOR1\",\"x\":236},{\"frameX\":-26,\"y\":325,\"frameY\":-2,\"frameWidth\":132,\"width\":76,\"frameHeight\":34,\"height\":30,\"name\":\"scater/MINI\",\"x\":1},{\"frameX\":-1,\"y\":280,\"frameY\":-2,\"frameWidth\":132,\"width\":130,\"frameHeight\":34,\"height\":30,\"name\":\"scater/GRAND\",\"x\":368},{\"frameX\":-8,\"y\":344,\"frameY\":-2,\"frameWidth\":132,\"width\":118,\"frameHeight\":34,\"height\":30,\"name\":\"scater/MINOR\",\"x\":199},{\"width\":76,\"y\":356,\"height\":30,\"name\":\"scaterx/MINI01\",\"x\":79},{\"width\":70,\"y\":357,\"height\":30,\"name\":\"scaterx/Luckyaaaa\",\"x\":1},{\"width\":130,\"y\":280,\"height\":30,\"name\":\"scaterx/GRAND01\",\"x\":236},{\"width\":128,\"y\":324,\"height\":30,\"name\":\"scaterx/MAJOR01\",\"x\":366},{\"width\":118,\"y\":324,\"height\":30,\"name\":\"scaterx/MINOR01\",\"x\":79},{\"width\":76,\"y\":271,\"height\":52,\"name\":\"scaterx/MINI02\",\"x\":1},{\"width\":128,\"y\":270,\"height\":52,\"name\":\"scaterx/MAJOR02\",\"x\":106},{\"width\":130,\"y\":142,\"height\":52,\"name\":\"scaterx/GRAND02\",\"x\":305},{\"width\":118,\"y\":196,\"height\":52,\"name\":\"scaterx/MINOR02\",\"x\":389}],\"height\":512,\"name\":\"Scatter02\",\"imagePath\":\"Scatter02_tex.png\"}"]],0,0,[0],[0],[0]]