[1,["08wIuLiGhFmoPKseu8BEU+"],["_texture"],[["dragonBones.DragonBonesAtlasAsset",["_name","_atlasJson"],1]],[[0,0,1,3]],[[0,"GogoFruits_tex","{\"width\":512,\"SubTexture\":[{\"width\":275,\"y\":1,\"height\":190,\"name\":\"宙斯 (2)/bg\",\"x\":1},{\"width\":137,\"y\":169,\"height\":194,\"name\":\"宙斯 (2)/sd_0\",\"x\":278},{\"width\":93,\"y\":169,\"height\":169,\"name\":\"宙斯 (2)/sd\",\"x\":417},{\"width\":181,\"y\":1,\"height\":166,\"name\":\"宙斯 (2)/zs\",\"x\":278},{\"width\":67,\"y\":340,\"height\":66,\"name\":\"宙斯 (2)/daaan\",\"x\":417},{\"width\":53,\"y\":295,\"height\":49,\"name\":\"shizi/2\",\"x\":1},{\"width\":53,\"y\":447,\"height\":49,\"name\":\"shizi/6\",\"x\":1},{\"width\":53,\"y\":365,\"height\":49,\"name\":\"shizi/7\",\"x\":107},{\"width\":53,\"y\":346,\"height\":49,\"name\":\"shizi/4\",\"x\":1},{\"width\":53,\"y\":193,\"height\":49,\"name\":\"shizi/1\",\"x\":1},{\"width\":53,\"y\":447,\"height\":49,\"name\":\"shizi/5\",\"x\":56},{\"width\":53,\"y\":244,\"height\":49,\"name\":\"shizi/3\",\"x\":1},{\"width\":104,\"y\":408,\"height\":37,\"name\":\"宙斯 (2)/zss\",\"x\":1}],\"height\":512,\"name\":\"GogoFruits\",\"imagePath\":\"GogoFruits_tex.png\"}"]],0,0,[0],[0],[0]]