[1,0,0,[["dragonBones.DragonBonesAsset",["_name","_dragonBonesJson"],1]],[[0,0,1,3]],[[0,"Amazon_10_ske","{\"armature\":[{\"skin\":[{\"name\":\"\",\"slot\":[{\"display\":[{\"path\":\"slots_6~10/组_3\",\"type\":\"image\",\"name\":\"slots_6~10/组_4\",\"transform\":{\"skY\":-86.6033,\"y\":-5.1216,\"skX\":-86.6033,\"x\":-17.8627}}],\"blendMode\":\"add\",\"name\":\"组_41\"},{\"display\":[{\"path\":\"slots_6~10/组_3\",\"type\":\"image\",\"name\":\"slots_6~10/组_4\",\"transform\":{\"skY\":-86.6033,\"y\":-5.1216,\"skX\":-86.6033,\"x\":-17.8627}}],\"name\":\"组_4\"}]}],\"type\":\"Armature\",\"frameRate\":24,\"ik\":[],\"defaultActions\":[{\"gotoAndPlay\":\"newAnimation\"}],\"bone\":[{\"name\":\"root\",\"transform\":{}},{\"length\":27,\"transform\":{\"skY\":86.6033,\"y\":19.1347,\"skX\":86.6033,\"x\":-1.0542},\"parent\":\"root\",\"name\":\"组_4\"},{\"length\":27,\"transform\":{\"skY\":86.6033,\"y\":19.1347,\"skX\":86.6033,\"x\":-1.0542},\"parent\":\"root\",\"name\":\"组_41\"}],\"aabb\":{\"width\":140,\"y\":-52.99999999999996,\"height\":108,\"x\":-67},\"slot\":[{\"name\":\"组_4\",\"parent\":\"组_4\",\"color\":{}},{\"blendMode\":\"add\",\"z\":1,\"parent\":\"组_41\",\"name\":\"组_41\",\"color\":{}}],\"animation\":[{\"playTimes\":0,\"frame\":[],\"ffd\":[],\"ik\":[],\"bone\":[{\"frame\":[{\"duration\":25,\"transform\":{}}],\"name\":\"root\"},{\"frame\":[{\"tweenEasing\":0,\"duration\":4,\"transform\":{}},{\"tweenEasing\":0,\"duration\":14,\"transform\":{\"skY\":-5.0033,\"scX\":0.7,\"scY\":0.7,\"skX\":-5.0033}},{\"tweenEasing\":0,\"duration\":7,\"transform\":{\"skY\":8.9967,\"scX\":1.1,\"scY\":1.1,\"skX\":8.9967}},{\"duration\":0,\"transform\":{}}],\"name\":\"组_4\"},{\"frame\":[{\"tweenEasing\":0,\"duration\":4,\"transform\":{}},{\"tweenEasing\":0,\"duration\":14,\"transform\":{\"skY\":-5.0033,\"scX\":0.9,\"scY\":0.9,\"skX\":-5.0033}},{\"tweenEasing\":0,\"duration\":7,\"transform\":{\"skY\":8.9967,\"scX\":1.1,\"scY\":1.1,\"skX\":8.9967}},{\"duration\":0,\"transform\":{}}],\"name\":\"组_41\"}],\"slot\":[{\"frame\":[{\"tweenEasing\":0,\"duration\":13,\"color\":{\"aM\":0}},{\"tweenEasing\":0,\"duration\":12,\"color\":{\"bM\":12,\"gM\":96,\"aM\":38}},{\"tweenEasing\":null,\"duration\":0,\"color\":{\"bM\":12,\"gM\":96,\"aM\":0}}],\"name\":\"组_41\"}],\"duration\":25,\"name\":\"newAnimation\"}],\"name\":\"Armature\"}],\"frameRate\":24,\"name\":\"Amazon_10\",\"version\":\"5.0\",\"isGlobal\":0}"]],0,0,[],[],[]]