[1,["98iAGZuJ1JG5B3EwInxkKz"],["_texture"],[["dragonBones.DragonBonesAtlasAsset",["_name","_atlasJson"],1]],[[0,0,1,3]],[[0,"congratlaions_tex","{\"width\":4096,\"SubTexture\":[{\"width\":407,\"y\":1,\"height\":436,\"name\":\"yun/图层_3\",\"x\":2093},{\"width\":234,\"y\":969,\"height\":526,\"name\":\"shandian09/图层_3\",\"x\":1295},{\"width\":295,\"y\":457,\"height\":510,\"name\":\"shandian09/图层_6\",\"x\":1295},{\"width\":264,\"y\":457,\"height\":519,\"name\":\"shandian09/图层_4\",\"x\":1592},{\"width\":134,\"y\":1497,\"height\":545,\"name\":\"shandian09/图层_2\",\"x\":1448},{\"width\":221,\"y\":457,\"height\":514,\"name\":\"shandian09/图层_5\",\"x\":1858},{\"width\":151,\"y\":1497,\"height\":521,\"name\":\"shandian09/图层_1\",\"x\":1295},{\"frameY\":-379,\"y\":1,\"frameWidth\":2000,\"frameHeight\":2315,\"width\":1292,\"height\":1860,\"name\":\"zhousi01\",\"frameX\":-548,\"x\":1},{\"width\":471,\"y\":439,\"height\":368,\"name\":\"yun/图层_2\",\"x\":2093},{\"width\":428,\"y\":1,\"height\":268,\"name\":\"yun/图层_4\",\"x\":2502},{\"width\":796,\"y\":1,\"height\":454,\"name\":\"组198拷贝\",\"x\":1295},{\"width\":51,\"y\":1863,\"height\":61,\"name\":\"totalwin_shandian/15\",\"x\":1},{\"width\":51,\"y\":1926,\"height\":60,\"name\":\"totalwin_shandian/8\",\"x\":1},{\"width\":23,\"y\":1863,\"height\":64,\"name\":\"totalwin_shandian/17\",\"x\":54},{\"width\":30,\"y\":2022,\"height\":25,\"name\":\"totalwin_shandian/1\",\"x\":220},{\"width\":44,\"y\":1988,\"height\":59,\"name\":\"totalwin_shandian/3\",\"x\":1},{\"width\":54,\"y\":969,\"height\":62,\"name\":\"totalwin_shandian/5\",\"x\":1531},{\"width\":36,\"y\":1863,\"height\":38,\"name\":\"totalwin_shandian/9\",\"x\":79},{\"width\":18,\"y\":1947,\"height\":28,\"name\":\"totalwin_shandian/14\",\"x\":120},{\"width\":24,\"y\":1903,\"height\":42,\"name\":\"totalwin_shandian/18\",\"x\":95},{\"width\":35,\"y\":1988,\"height\":48,\"name\":\"totalwin_shandian/7\",\"x\":149},{\"width\":15,\"y\":1968,\"height\":5,\"name\":\"totalwin_shandian/19\",\"x\":75},{\"width\":39,\"y\":1929,\"height\":37,\"name\":\"totalwin_shandian/12\",\"x\":54},{\"width\":38,\"y\":1988,\"height\":53,\"name\":\"totalwin_shandian/11\",\"x\":109},{\"width\":32,\"y\":2022,\"height\":24,\"name\":\"totalwin_shandian/2\",\"x\":186},{\"width\":19,\"y\":1968,\"height\":12,\"name\":\"totalwin_shandian/22\",\"x\":54},{\"width\":14,\"y\":1903,\"height\":20,\"name\":\"totalwin_shandian/4\",\"x\":79},{\"width\":23,\"y\":1947,\"height\":31,\"name\":\"totalwin_shandian/10\",\"x\":95},{\"width\":25,\"y\":1863,\"height\":31,\"name\":\"totalwin_shandian/16\",\"x\":117},{\"width\":59,\"y\":1033,\"height\":56,\"name\":\"totalwin_shandian/13\",\"x\":1531},{\"width\":15,\"y\":2020,\"height\":23,\"name\":\"totalwin_shandian/6\",\"x\":252},{\"width\":51,\"y\":1988,\"height\":32,\"name\":\"totalwin_shandian/21\",\"x\":186},{\"width\":60,\"y\":1988,\"height\":42,\"name\":\"totalwin_shandian/20\",\"x\":47}],\"height\":2048,\"name\":\"congratlaions\",\"imagePath\":\"congratlaions_tex.png\"}"]],0,0,[0],[0],[0]]