[1,0,0,[["dragonBones.DragonBonesAsset",["_name","_dragonBonesJson"],1]],[[0,0,1,3]],[[0,"chengzi_ske","{\"frameRate\":24,\"name\":\"chengzi\",\"version\":\"5.5\",\"compatibleVersion\":\"5.5\",\"armature\":[{\"type\":\"Armature\",\"frameRate\":24,\"name\":\"Armature\",\"aabb\":{\"x\":-19.45,\"y\":-19.04,\"width\":39,\"height\":38},\"bone\":[{\"name\":\"root\"},{\"name\":\"bone\",\"parent\":\"root\",\"transform\":{\"x\":0.0456,\"y\":-0.0388}}],\"slot\":[{\"name\":\"chengzi2\",\"parent\":\"bone\"}],\"skin\":[{\"slot\":[{\"name\":\"chengzi2\",\"display\":[{\"name\":\"chengzi\",\"path\":\"7\"}]}]}],\"animation\":[{\"duration\":40,\"playTimes\":0,\"name\":\"newAnimation\",\"bone\":[{\"name\":\"bone\",\"translateFrame\":[{\"duration\":3,\"tweenEasing\":0},{\"duration\":14,\"tweenEasing\":0,\"y\":0.08},{\"duration\":3,\"tweenEasing\":0,\"y\":0.08},{\"duration\":20}],\"rotateFrame\":[{\"duration\":3,\"tweenEasing\":0,\"rotate\":15.63},{\"duration\":4,\"tweenEasing\":0,\"rotate\":15.63},{\"duration\":5,\"tweenEasing\":0,\"rotate\":-22.88},{\"duration\":5,\"tweenEasing\":0,\"rotate\":15.63},{\"duration\":3,\"tweenEasing\":0,\"rotate\":-23.9},{\"duration\":20}],\"scaleFrame\":[{\"duration\":3,\"tweenEasing\":0},{\"duration\":14,\"tweenEasing\":0,\"x\":1.1,\"y\":1.1},{\"duration\":3,\"tweenEasing\":0,\"x\":1.1,\"y\":1.1},{\"duration\":20}]}]}],\"defaultActions\":[{\"gotoAndPlay\":\"newAnimation\"}]}]}"]],0,0,[],[],[]]