[1,["3cbM3+I6ZGioX7It7clHjm"],["_textureSetter"],["cc.SpriteFrame"],0,[[[{"name":"head_bg","rect":[106,102,347,129],"offset":[0,0],"originalSize":[347,129],"capInsets":[0,0,0,0]}],[0],0,[0],[0],[0]],[[{"name":"+","rect":[209,5,49,49],"offset":[0,0],"originalSize":[49,49],"capInsets":[0,0,0,0]}],[0],0,[0],[0],[0]],[[{"name":"jbk","rect":[5,5,199,41],"offset":[0,0],"originalSize":[199,41],"capInsets":[0,0,0,0]}],[0],0,[0],[0],[0]],[[{"name":"head","rect":[5,102,96,96],"offset":[0,0],"originalSize":[96,96],"capInsets":[0,0,0,0]}],[0],0,[0],[0],[0]],[[{"name":"toux","rect":[263,5,92,92],"offset":[0,0],"originalSize":[92,92],"capInsets":[0,0,0,0]}],[0],0,[0],[0],[0]]]]