[1,["ecpdLyjvZBwrvm+cedCcQy","a2MjXRFdtLlYQ5ouAFv/+R","a1IuN33PhDJIHH4S2T5NIk","89t/i8KlZOTJXe4RGkgLIN","3afHRCJrpMgJ6sN+0NFmeQ","85pH6B76VMG4KnN7hS1MuI","d4gArA6GxHrKzy1lWgj8Uf","a8j3Er73JMsZtbxucWAp/A","6eyQ16OWhPpa5aur4fgF/N","36ueaTIctPKZ9lhUxYse+A"],["node","_spriteFrame","_N$file","_parent","root","data","_N$dragonAsset","_N$dragonAtlasAsset"],[["cc.Node",["_name","_active","_opacity","_prefab","_children","_contentSize","_trs","_parent","_components","_color"],0,4,2,5,7,1,9,5],["cc.Widget",["_alignFlags","_originalWidth","_originalHeight","node"],0,1],["cc.PrefabInfo",["fileId","root"],2,1],["cc.Sprite",["_sizeMode","node","_materials","_spriteFrame"],2,1,3,6],["cc.Label",["_fontSize","_isSystemFontUsed","_N$horizontalAlign","_N$verticalAlign","_string","_enableWrapText","node","_materials","_N$file"],-3,1,3,6],["dragonBones.DragonBonesAsset",["_name","_dragonBonesJson"],1],["cc.Prefab",["_name"],2],["cc.BlockInputEvents",["node"],3,1],["cc.Button",["zoomScale","_N$transition","node"],1,1],["dragonBones.ArmatureDisplay",["_armatureName","_animationName","_preCacheMode","playTimes","_armatureKey","node","_materials","_N$dragonAsset","_N$dragonAtlasAsset"],-2,1,3,6,6]],[[2,0,1,2],[0,0,7,8,3,5,6,2],[3,1,2,3,1],[8,0,1,2,3],[0,0,4,8,3,5,6,2],[4,4,0,1,2,3,6,7,8,6],[5,0,1,3],[6,0,2],[0,0,1,4,8,3,5,6,3],[0,0,2,7,8,3,9,5,3],[0,0,7,4,3,2],[0,0,1,7,4,3,6,3],[0,0,1,7,4,3,5,6,3],[1,0,3,2],[1,0,1,2,3,4],[2,1,1],[3,0,1,2,3,2],[7,0,1],[9,0,1,2,3,4,5,6,7,8,6],[4,0,5,1,2,3,6,7,8,6]],[[[[6,"totalwin_ske","{\"frameRate\":24,\"isGlobal\":0,\"armature\":[{\"bone\":[{\"name\":\"root\",\"transform\":{}},{\"transform\":{},\"name\":\"bone\",\"parent\":\"root\"},{\"transform\":{\"y\":-99.7,\"x\":-2.7},\"name\":\"bone1\",\"parent\":\"bone\"},{\"transform\":{\"y\":-229.45,\"x\":-6.8},\"name\":\"bone2\",\"parent\":\"bone\"},{\"transform\":{\"y\":-160.7,\"x\":-8.25},\"name\":\"bone3\",\"parent\":\"bone\"},{\"transform\":{\"y\":-231.45,\"x\":-347.8},\"name\":\"bone5\",\"parent\":\"bone\"}],\"ik\":[],\"type\":\"Armature\",\"name\":\"Armature\",\"skin\":[{\"slot\":[{\"display\":[{\"path\":\"totalwn-jk/TOTAL_WIN\",\"type\":\"image\",\"name\":\"totalwn-jk/TOTAL_WIN\",\"transform\":{\"y\":5.8207,\"x\":6.8}}],\"name\":\"TOTAL_WIN\"},{\"display\":[{\"path\":\"totalwn-jk/图层-1\",\"type\":\"image\",\"name\":\"totalwn-jk/图层-1\",\"transform\":{\"x\":-2.5901}}],\"blendMode\":\"add\",\"name\":\"图层-1\"},{\"display\":[{\"path\":\"totalwn-jk/zhuang\",\"type\":\"image\",\"name\":\"totalwn-jk/zhuang\",\"transform\":{\"y\":3.5707,\"x\":7.75}}],\"blendMode\":\"add\",\"name\":\"zhuang\"},{\"display\":[{\"path\":\"totalwn-jk/dz\",\"type\":\"image\",\"name\":\"totalwn-jk/dz\",\"transform\":{\"y\":-0.4293,\"x\":-8.8}}],\"name\":\"dz\"}],\"name\":\"\"}],\"aabb\":{\"width\":792,\"y\":-386.1293282548476,\"height\":458,\"x\":-396},\"slot\":[{\"blendMode\":\"add\",\"parent\":\"bone3\",\"name\":\"zhuang\",\"color\":{}},{\"z\":1,\"name\":\"dz\",\"parent\":\"bone1\",\"color\":{}},{\"z\":2,\"name\":\"TOTAL_WIN\",\"parent\":\"bone2\",\"color\":{}},{\"blendMode\":\"add\",\"z\":3,\"parent\":\"bone5\",\"name\":\"图层-1\",\"color\":{\"aM\":0}}],\"frameRate\":24,\"defaultActions\":[{\"gotoAndPlay\":\"newAnimation\"}],\"animation\":[{\"playTimes\":0,\"bone\":[{\"frame\":[{\"transform\":{},\"duration\":60}],\"name\":\"root\"},{\"frame\":[{\"transform\":{},\"duration\":60}],\"name\":\"bone\"},{\"frame\":[{\"tweenEasing\":0,\"transform\":{\"y\":-140.2775},\"duration\":11},{\"transform\":{\"y\":-140.2775},\"duration\":49}],\"name\":\"bone1\"},{\"frame\":[{\"tweenEasing\":0,\"transform\":{\"scY\":1.5,\"y\":-355.8829,\"scX\":1.5},\"duration\":5},{\"tweenEasing\":0,\"transform\":{\"scY\":0.9,\"y\":-130.7753,\"scX\":0.9},\"duration\":3},{\"tweenEasing\":0,\"transform\":{\"scY\":1.05,\"y\":-129.2179,\"scX\":1.05},\"duration\":3},{\"transform\":{\"y\":-127.6604},\"duration\":49}],\"name\":\"bone2\"},{\"frame\":[{\"tweenEasing\":0,\"transform\":{\"scY\":2,\"y\":-155.9989,\"scX\":2},\"duration\":15},{\"tweenEasing\":0,\"transform\":{\"scY\":2,\"y\":-155.9989,\"skX\":30,\"skY\":30,\"scX\":2},\"duration\":15},{\"tweenEasing\":0,\"transform\":{\"scY\":2,\"y\":-155.9989,\"skX\":60,\"skY\":60,\"scX\":2},\"duration\":15},{\"tweenEasing\":0,\"transform\":{\"scY\":2,\"y\":-155.9989,\"skX\":90,\"skY\":90,\"scX\":2},\"duration\":15},{\"transform\":{\"scY\":2,\"y\":-155.9989,\"skX\":120,\"skY\":120,\"scX\":2},\"duration\":0}],\"name\":\"bone3\"},{\"frame\":[{\"tweenEasing\":0,\"transform\":{\"y\":-131.1547,\"x\":-66.9679},\"duration\":10},{\"tweenEasing\":0,\"transform\":{\"y\":-131.1547,\"x\":-66.9679},\"duration\":50},{\"transform\":{\"y\":-131.1547,\"x\":720.3765},\"duration\":0}],\"name\":\"bone5\"}],\"slot\":[{\"frame\":[{\"tweenEasing\":0,\"color\":{\"aM\":0},\"duration\":5},{\"tweenEasing\":0,\"color\":{\"aM\":0},\"duration\":5},{\"tweenEasing\":0,\"duration\":40},{\"tweenEasing\":0,\"duration\":10},{\"tweenEasing\":null,\"color\":{\"aM\":0},\"duration\":0}],\"name\":\"zhuang\"},{\"frame\":[{\"tweenEasing\":0,\"color\":{\"aM\":0},\"duration\":5},{\"tweenEasing\":0,\"color\":{\"aM\":0},\"duration\":6},{\"tweenEasing\":null,\"duration\":49}],\"name\":\"dz\"},{\"frame\":[{\"tweenEasing\":0,\"color\":{\"aM\":0},\"duration\":10},{\"tweenEasing\":0,\"color\":{\"aM\":0},\"duration\":5},{\"tweenEasing\":0,\"color\":{\"aM\":50},\"duration\":20},{\"tweenEasing\":0,\"color\":{\"aM\":70},\"duration\":17},{\"tweenEasing\":0,\"color\":{\"aM\":50},\"duration\":8},{\"tweenEasing\":null,\"color\":{\"aM\":0},\"duration\":0}],\"name\":\"图层-1\"}],\"ffd\":[],\"frame\":[],\"ik\":[],\"name\":\"newAnimation\",\"duration\":60}]}],\"name\":\"totalwin\",\"version\":\"4.0\"}"]],0,0,[],[],[]],[[[7,"freeOverNode"],[8,"freeOverNode",false,[-3,-4],[[13,45,-2]],[15,-1],[5,1520,720],[760,360,0,0,0,0,1,1,1,1]],[9,"bg",160,1,[[16,0,-5,[0],1],[14,45,100,100,-6],[17,-7]],[0,"e79tUX0+VFa6nnU/kw4M1w",1],[4,4278190080],[5,1520,720]],[10,"node",1,[-8,-9,-10],[0,"97B/j9zV1KwKq1UzJaOKg8",1]],[4,"freeCloseBtn",[-13],[[2,-11,[7],8],[3,1.1,3,-12]],[0,"28vtjQey9N0LfbZzoNqDbd",1],[5,210,77],[0,41.185,0,0,0,0,1,0.7,0.7,0]],[4,"luckbtn",[-16],[[2,-14,[15],16],[3,1.1,3,-15]],[0,"9c35RmDchMV6QjWzorhwPc",1],[5,245,88],[150,0,0,0,0,0,1,1,1,0]],[11,"freeoverConten",false,3,[4,-17],[0,"79yNytfDtJU79Yb+6F9ciL",1],[0,-176,0,0,0,0,1,1,1,1]],[12,"luckyBall",false,3,[-18,5],[0,"96T36C2wpJ0oVaz7QuE2hP",1],[5,100,50],[0,-280,0,0,0,0,1,1,1,0]],[1,"closebtn",7,[[2,-19,[11],12],[3,1.1,3,-20]],[0,"bcqFa9PZpIyZ8FIDhDhr7R",1],[5,227,86],[-150,0,0,0,0,0,1,1,1,0]],[1,"freeoverAni",3,[[18,"Armature","newAnimation",0,1,"a122e377-dcf8-4324-81c7-e12d93e4d224#89b7f8bc-2a56-4e4c-95de-e111a480b20d",-21,[2],3,4]],[0,"daP5cI85RPXIBIy0A1t/NC",1],[5,792,458],[0,-256.013,0,0,0,0,1,1,1,1]],[1,"freeCloseTimeLabel",4,[[5,"5",28,false,1,1,-22,[5],6]],[0,"9aPyqhkm5MepoIa4rxZbdm",1],[5,16.63,40],[49.944,24.081,0,0,0,0,1,1,1,1]],[1,"freewinLabel",6,[[19,35,false,false,1,2,-23,[9],10]],[0,"39h20D0eNNBY3rk2ln2rDM",1],[5,169.53,40],[-5,173.317,0,0,0,0,1,1,1,1]],[1,"timeLab",5,[[5,"1",25,false,1,1,-24,[13],14]],[0,"00BiuiaWlGyaXwH4of2GCg",1],[5,16.41,40],[78.403,-6.312,0,0,0,0,1,1,1,1]]],0,[0,4,1,0,0,1,0,-1,2,0,-2,3,0,0,2,0,0,2,0,0,2,0,-1,9,0,-2,6,0,-3,7,0,0,4,0,0,4,0,-1,10,0,0,5,0,0,5,0,-1,12,0,-2,11,0,-1,8,0,0,8,0,0,8,0,0,9,0,0,10,0,0,11,0,0,12,0,5,1,4,3,6,5,3,7,24],[0,0,0,0,0,0,0,0,0,0,0,0,0,0,0,0,0],[-1,1,-1,6,7,-1,2,-1,1,-1,2,-1,1,-1,2,-1,1],[0,1,0,2,3,0,4,0,5,0,6,0,7,0,8,0,9]]]]