[1,["79Eg94pthHro82efDNIpy/","06DX+gbUxGTIhz77iAuMOe"],["_textureSetter","spriteFrame"],["cc.SpriteFrame",["cc.BitmapFont",["_name","fontSize","_fntConfig"],0]],[[1,0,1,2,4]],[[[{"name":"minor-export","rect":[0,0,80,119],"offset":[-24,4.5],"originalSize":[128,128],"capInsets":[0,0,0,0]}],[0],0,[0],[0],[0]],[[[0,"minor-export",32,{"commonHeight":45,"fontSize":32,"atlasName":"C:\\Users\\40315\\Desktop\\ziti\\minor-export.png","fontDefDictionary":{"9":{"xOffset":0,"yOffset":0,"xAdvance":104,"rect":{"x":0,"y":0,"width":0,"height":0}},"32":{"xOffset":0,"yOffset":0,"xAdvance":13,"rect":{"x":0,"y":0,"width":0,"height":0}},"43":{"xOffset":0,"yOffset":23,"xAdvance":21,"rect":{"x":0,"y":58,"width":20,"height":21}},"44":{"xOffset":0,"yOffset":34,"xAdvance":13,"rect":{"x":61,"y":88,"width":12,"height":14}},"45":{"xOffset":0,"yOffset":28,"xAdvance":15,"rect":{"x":0,"y":109,"width":14,"height":10}},"46":{"xOffset":0,"yOffset":34,"xAdvance":12,"rect":{"x":61,"y":103,"width":11,"height":11}},"48":{"xOffset":0,"yOffset":17,"xAdvance":19,"rect":{"x":61,"y":59,"width":18,"height":28}},"49":{"xOffset":0,"yOffset":17,"xAdvance":15,"rect":{"x":46,"y":0,"width":14,"height":28}},"50":{"xOffset":0,"yOffset":17,"xAdvance":21,"rect":{"x":0,"y":80,"width":20,"height":28}},"51":{"xOffset":0,"yOffset":17,"xAdvance":20,"rect":{"x":61,"y":0,"width":19,"height":29}},"52":{"xOffset":0,"yOffset":17,"xAdvance":20,"rect":{"x":41,"y":88,"width":19,"height":28}},"53":{"xOffset":0,"yOffset":17,"xAdvance":20,"rect":{"x":41,"y":58,"width":19,"height":29}},"54":{"xOffset":0,"yOffset":17,"xAdvance":20,"rect":{"x":41,"y":29,"width":19,"height":28}},"55":{"xOffset":0,"yOffset":17,"xAdvance":20,"rect":{"x":21,"y":88,"width":19,"height":28}},"56":{"xOffset":0,"yOffset":17,"xAdvance":20,"rect":{"x":21,"y":58,"width":19,"height":29}},"57":{"xOffset":0,"yOffset":17,"xAdvance":20,"rect":{"x":26,"y":0,"width":19,"height":28}},"66":{"xOffset":0,"yOffset":17,"xAdvance":20,"rect":{"x":21,"y":29,"width":19,"height":28}},"75":{"xOffset":0,"yOffset":17,"xAdvance":21,"rect":{"x":0,"y":29,"width":20,"height":28}},"77":{"xOffset":0,"yOffset":17,"xAdvance":26,"rect":{"x":0,"y":0,"width":25,"height":28}},"84":{"xOffset":0,"yOffset":17,"xAdvance":19,"rect":{"x":61,"y":30,"width":18,"height":28}}},"kerningDict":{}}]],0,0,[0],[1],[1]]]]