{"paths":{"0":["Texture/bg",3],"1":["Texture/rule/img_an",3],"2":["Texture/elements/Fruit_bar",3],"3":["Audio/bigwin_sound_w",1],"4":["DragonBone/s_slot_jack/s_slot_jack_tex",3],"5":["DragonBone/s_slot_bar2/s_slot_bar2_tex",3],"6":["Texture/com/shuiguo-collect",3],"7":["Audio/jackpot",1],"8":["Texture/rule/img_liang",3],"9":["Audio/But_spin",1],"10":["Font/numfont",3],"11":["Audio/Bg_nm",1],"12":["Texture/rule/rule2",3],"13":["DragonBone/s_slot_7/bigwin/bigwin-sg1_tex",3],"14":["Audio/s_wheel_8",1],"15":["Effect/particle_texture",3],"16":["Texture/rule/rule3",3],"17":["DragonBone/s_slot_bar/s_slot_bar_tex",3],"18":["Audio/Win_nm",1],"19":["Texture/elements/Fruit_2bar",3],"20":["Audio/roll_number",1],"21":["Audio/btn_touch",1],"22":["Audio/megawin_sound_m",1],"23":["Audio/UIspin",1],"24":["Audio/bigwin",1],"25":["Texture/elements/Fruit_77",3],"26":["Texture/rule/img_rule",3],"27":["Texture/waitRight",3],"28":["Audio/Bg_link",1],"29":["DragonBone/s_slot_yt/s_slot_yt_tex",3],"30":["Texture/com/shuiguo-luckyball",3],"31":["Audio/superwin_sound_w",1],"32":["Texture/Game",3],"33":["DragonBone/s_slot_77/s_slot_77_tex",3],"34":["Texture/elements/Fruit_zuanshi",3],"35":["Audio/megawin",1],"36":["Audio/Bet_rdc",1],"37":["Font/greenfont",3],"38":["Texture/elements/Fruit_777",3],"39":["DragonBone/bigwin/bigwin-sg1_tex",3],"40":["Font/34jackpot",3],"41":["Texture/zhezhao",3],"42":["Texture/MiniGame",3],"43":["Font/freeNum",3],"44":["Font/fruitFont",3],"45":["DragonBone/s_slot_7/s_slot_7_tex",3],"46":["Texture/elements/Fruit_7",3],"47":["DragonBone/superwin/superwin_tex",3],"48":["Font/numfont1",3],"49":["Audio/Sp_stop",1],"50":["Audio/two_sides",1],"51":["DragonBone/s_slot_xg/s_slot_xg_tex",3],"52":["Texture/free/free_img6",3],"53":["Font/shijian",3],"54":["DragonBone/s_slot_777/s_slot_777_tex",3],"55":["Texture/rule/rule1",3],"56":["Audio/luckyball",1],"57":["Texture/elements/Fruit_xigua",3],"58":["Font/shuzi02_0",3],"59":["Font/bigwin",3],"60":["Audio/Stop_spin",1],"61":["Font/win",3],"62":["Audio/win",1],"63":["Font/1-9-export",3],"64":["DragonBone/s_slot_lingdang/s_slot_lindang_tex",3],"65":["DragonBone/s_slot_total/s_slot_total_tex",3],"66":["Font/autofont",3],"67":["Texture/elements/Fruit_zhuanpan",3],"68":["Texture/rule/rule0",3],"69":["Texture/winAnimate",3],"70":["Texture/elements/Fruit_ningmeng",3],"71":["DragonBone/jockpot/Jackpot-sg1_tex",3],"72":["Texture/elements/Fruit_lingdang",3],"73":["Font/lineNum",3],"74":["Audio/Bg_frsp",1],"75":["Font/5jackpot",3],"76":["DragonBone/megawin/magewin-sg1_tex",3],"77":["Audio/s_wait",1],"78":["Audio/scatter_award",1],"79":["Font/21jackpot",3],"80":["Audio/supwin",1],"81":["Audio/getfreespin",1],"82":["Audio/totalwin",1],"83":["Effect/particle_texture",6],"84":["Texture/Fruit_bg",3],"85":["Texture/elements/Fruit_yt",3],"86":["DragonBone/s_slot_nm/s_slot_nm_tex",3],"87":["Audio/Bet_max",1],"88":["Texture/rule/PAYTABLE",3],"89":["DragonBone/freespin/freespin-sg1_tex",3],"90":["Audio/s_wheel_5",1],"91":["DragonBone/s_slot_zshi/s_slot_zshi_tex",3],"92":["Audio/collect",1],"93":["Texture/MiniGame1",3],"94":["DragonBone/s_slot_zhuanpan/s_slot_wild_tex",3],"95":["Audio/Bet_pls",1],"96":["Texture/rule/Fruit_btn_close",3],"97":["DragonBone/jockpot/Jackpot-sg1_tex",4],"99":["Font/numfont1",7],"100":["Font/fruitFont",5,1],"101":["Texture/rule/rule1",5,1],"102":["Font/bigwin",7],"103":["Font/numfont",5,1],"104":["Font/numfont",7],"105":["Font/freeNum",7],"106":["Font/1-9-export",7],"107":["Font/lineNum",5,1],"108":["Font/34jackpot",5,1],"109":["DragonBone/s_slot_zhuanpan/s_slot_wild_tex",5,1],"110":["DragonBone/bigwin/bigwin-sg1_ske",2],"111":["Texture/rule/img_rule",5,1],"112":["Font/21jackpot",7],"113":["DragonBone/freespin/freespin-sg1_ske",2],"114":["DragonBone/superwin/superwin_ske",2],"115":["DragonBone/s_slot_777/s_slot_777_ske",2],"117":["DragonBone/s_slot_lingdang/s_slot_lindang_ske",2],"118":["DragonBone/s_slot_jack/s_slot_jack_tex",5,1],"121":["Font/shijian",7],"124":["DragonBone/s_slot_77/s_slot_77_tex",4],"125":["DragonBone/megawin/magewin-sg1_tex",4],"126":["DragonBone/s_slot_yt/s_slot_yt_tex",4],"128":["Prefabs/animateNode/bigWinNode",8],"130":["Font/shijian",5,1],"131":["Font/fruitFont",7],"132":["DragonBone/s_slot_7/s_slot_7_ske",2],"134":["Texture/win/win_1",5,1],"135":["Texture/rule/Fruit_btn_close",5,1],"136":["Texture/com/shuiguo-luckyball",5,1],"138":["Texture/MiniGame1",9],"139":["DragonBone/s_slot_7/bigwin/bigwin-sg1_tex",5,1],"140":["Texture/MiniGame",9],"141":["Texture/elements/Fruit_77",5,1],"142":["Font/autofont",5,1],"143":["DragonBone/s_slot_total/s_slot_total_tex",4],"144":["Prefabs/animateNode/superWinNode",8],"145":["Animate/row_right",0],"146":["Font/1-9-export",5,1],"147":["DragonBone/s_slot_lingdang/s_slot_lindang_tex",5,1],"149":["Font/shuzi02_0",5,1],"150":["DragonBone/s_slot_yt/s_slot_yt_ske",2],"151":["DragonBone/s_slot_bar2/s_slot_bar2_tex",5,1],"152":["Font/win",5,1],"154":["Texture/elements/Fruit_2bar",5,1],"155":["Font/lineNum",7],"156":["Font/5jackpot",5,1],"157":["DragonBone/s_slot_bar2/s_slot_bar2_tex",4],"158":["Texture/elements/Fruit_zuanshi",5,1],"159":["Prefabs/slotItem",8],"160":["Font/greenfont",7],"161":["Texture/win/win_17",5,1],"162":["Font/bigwin",5,1],"163":["Texture/rule/PAYTABLE",5,1],"164":["Texture/elements/Fruit_bar",5,1],"165":["Texture/win/win_10",5,1],"166":["Texture/win/win_8",5,1],"167":["Texture/Game",9],"168":["DragonBone/s_slot_7/bigwin/bigwin-sg1_ske",2],"169":["DragonBone/s_slot_77/s_slot_77_ske",2],"170":["DragonBone/s_slot_xg/s_slot_xg_tex",5,1],"171":["Texture/win/win_20",5,1],"172":["Animate/itemWinAnimate",0],"173":["Texture/win/win_13",5,1],"174":["Animate/shanzhu",0],"175":["Texture/bg",5,1],"176":["Texture/win/win_12",5,1],"177":["DragonBone/s_slot_bar/s_slot_bar_tex",4],"178":["DragonBone/jockpot/Jackpot-sg1_tex",5,1],"179":["DragonBone/s_slot_zshi/s_slot_zshi_ske",2],"180":["DragonBone/s_slot_lingdang/s_slot_lindang_tex",4],"181":["Texture/elements/Fruit_lingdang",5,1],"182":["Animate/win",0],"183":["DragonBone/bigwin/bigwin-sg1_tex",4],"184":["Font/win",7],"186":["Font/34jackpot",7],"187":["Font/shuzi02_0",7],"188":["DragonBone/superwin/superwin_tex",4],"189":["Prefabs/animateNode/winNode",8],"190":["Texture/win/win_21",5,1],"191":["Font/freeNum",5,1],"193":["DragonBone/s_slot_777/s_slot_777_tex",5,1],"194":["Texture/elements/Fruit_777",5,1],"195":["Prefabs/animateNode/MiniGameView",8],"196":["Texture/rule/rule2",5,1],"197":["Texture/win/AutoAtlas",9],"198":["Font/21jackpot",5,1],"199":["Animate/wulian",0],"200":["DragonBone/s_slot_total/s_slot_total_tex",5,1],"202":["DragonBone/s_slot_nm/s_slot_nm_ske",2],"203":["Prefabs/animateNode/jackpotNode",8],"204":["Texture/elements/Fruit_xigua",5,1],"205":["DragonBone/megawin/magewin-sg1_tex",5,1],"206":["Font/autofont",7],"207":["DragonBone/s_slot_zshi/s_slot_zshi_tex",5,1],"208":["Texture/com/shuiguo-collect",5,1],"209":["Texture/win/win_14",5,1],"210":["Prefabs/animateNode/freeOverNode",8],"211":["Texture/elements/Fruit_yt",5,1],"212":["DragonBone/s_slot_zhuanpan/s_slot_wild_ske",2],"213":["DragonBone/s_slot_yt/s_slot_yt_tex",5,1],"214":["Texture/win/win_18",5,1],"215":["DragonBone/s_slot_bar/s_slot_bar_tex",5,1],"216":["Texture/win/win_15",5,1],"218":["DragonBone/s_slot_777/s_slot_777_tex",4],"219":["Prefabs/animateNode/freeSpinNode",8],"221":["Texture/elements/Fruit_zhuanpan",5,1],"222":["DragonBone/s_slot_zhuanpan/s_slot_wild_tex",4],"223":["Texture/win/win_19",5,1],"224":["DragonBone/freespin/freespin-sg1_tex",5,1],"225":["Texture/zhezhao",5,1],"226":["DragonBone/s_slot_7/s_slot_7_tex",5,1],"227":["Effect/particle_texture",5,1],"228":["DragonBone/s_slot_zshi/s_slot_zshi_tex",4],"229":["DragonBone/jockpot/Jackpot-sg1_ske",2],"230":["Font/greenfont",5,1],"231":["DragonBone/s_slot_nm/s_slot_nm_tex",5,1],"232":["Texture/rule/rule0",5,1],"233":["DragonBone/s_slot_total/s_slot_total_ske",2],"234":["Texture/waitRight",9],"235":["Texture/elements/Fruit_ningmeng",5,1],"237":["DragonBone/s_slot_xg/s_slot_xg_ske",2],"238":["DragonBone/bigwin/bigwin-sg1_tex",5,1],"239":["Texture/win/win_9",5,1],"240":["DragonBone/s_slot_nm/s_slot_nm_tex",4],"241":["Texture/Fruit_bg",5,1],"242":["DragonBone/s_slot_jack/s_slot_jack_tex",4],"243":["Texture/rule/img_an",5,1],"244":["Texture/win/win_16",5,1],"245":["Texture/rule/rule3",5,1],"246":["Font/5jackpot",7],"247":["Texture/elements/Fruit_7",5,1],"248":["DragonBone/freespin/freespin-sg1_tex",4],"250":["Texture/free/free_img6",5,1],"251":["Prefabs/animateNode/megaWinNode",8],"252":["DragonBone/s_slot_7/bigwin/bigwin-sg1_tex",4],"253":["DragonBone/s_slot_bar/s_slot_bar_ske",2],"254":["Texture/winAnimate",9],"255":["DragonBone/s_slot_77/s_slot_77_tex",5,1],"256":["Font/numfont1",5,1],"257":["Animate/zhuanpanAnim",0],"258":["Texture/rule/img_liang",5,1],"259":["DragonBone/s_slot_jack/s_slot_jack_ske",2],"260":["Texture/win/win_11",5,1],"261":["DragonBone/megawin/magewin-sg1_ske",2],"262":["DragonBone/s_slot_7/s_slot_7_tex",4],"263":["Prefabs/slotRow",8],"266":["DragonBone/superwin/superwin_tex",5,1],"267":["Prefabs/ruleNode",8],"268":["DragonBone/s_slot_bar2/s_slot_bar2_ske",2],"269":["DragonBone/s_slot_xg/s_slot_xg_tex",4]},"types":["cc.AnimationClip","cc.AudioClip","dragonBones.DragonBonesAsset","cc.Texture2D","dragonBones.DragonBonesAtlasAsset","cc.SpriteFrame","cc.ParticleAsset","cc.BitmapFont","cc.Prefab","cc.SpriteAtlas"],"uuids":["008wPi28JL3IYdNF0HXdsS","04SwEp5uNIz46p17LfpHAJ","06fuKzm7BOTZRlsuCliqD6","067aUQKNNAU6ovFFUgoPWJ","081jvrBYhE1rx+9ZsXHOie","0bmKfcwAROkaMikzMe0a71","0dSSefkYVAD49B7H3bbUn8","0eirXXc+5APpdvJd4mf1YM","0f71RGzDBBepPrU1b0xqPL","11U0tJYqJHsYUnWfI1T9mi","12RvuyqsxHn5qHw3bh3JmQ","19Si3I1ApGCIUqR8y1nwsX","19tYeYwAJCiI7q3q6lcr4L","21AkNPCHRCe63OjeQMlQcX","22+j6jy1RK854EhAKDePbA","24nvXgIV5JuJ2fJDR5td4q","2auVBiTmFKlZdp2YvwV7sa","34pjjKLi5NQJQL6tlj25Ld","34rdyVHudI1YqxKlxStVO8","39dC+9Q8JAjbeegGndfaZT","3baWiDKulAZaXpN699iDXG","3cXj3LGU1AN6ABxZakHUR7","40PplhNG1NYLmjh27AACYI","425ijEVZdPwZFAkDYZrXnN","47spqdJ1BE7J7r1lnNmJjM","49wQ5u5/tHJY9AVcxIleC2","4aKOvARetGJq7ZOUIV3R+N","4aQU1VMC5OMr35616re86b","4awJuqNgtBg5Q8U2247hhT","4fx8/MDehNPaNRaw4+C5t0","542PJYjsZJXJRTUvtVDohO","59icdmo6JJP5HYyKPYhmVY","5ccwYcd8NLMof4JPhFsg2d","5fqCHBhLNL/bH7ABZ1b8w7","60K+/y+JdA9Y88pjkXKIKW","64CPMkYu5HFIyxhEUVMHfJ","67tKVklD1FhYdi5igDP0xc","687IphRRZLarAW0eFzNHRh","6feMlPROdEp4kD1Qqz7JNb","72R56UJJBPxKB6z3VhZTMR","72qtB/35RMqZTh3qTcE0dM","732G3g+ZBE2I4lv9Oc24fD","748p9XCJJC44BzG3sFs4p/","755ZsSytNAhbTj/3rI7Tiy","7bOqi9DKNMwaPlCGVlczZ2","7biFDjY3VLY6b88V0TqT2o","82m+CzP35Er4QhcQ4GGkjd","842b4VEHxALYTUojGPsCv/","8cRQjmdPtLQ4Zn4NNQWzFa","92DrDMYE1AbZOze2KH/CqG","92HkYLTkRAGqPS3HtQiw/W","93UFT9W81MVJa+mHN6z8R8","96JhEh2gtMVoDX1dnNS1mk","97XD707Q5CMZ8zn27G67pw","98uutnXdRIyqxayLAsc2hi","9aX/0WQ8hNZKF9Zl3dlnsU","9asxiHb0RHeKV6g7qJG9JI","9bc6kyJxhOaLuPtOFXQOHW","9cR460SctMIa7edddMaxTI","9fA97ZwQVDtbyCFpZFRm10","a2rdZalNZL75ap5M6QQQse","a6CA1o83lPRZvW6+g5+w1d","a7lnO2ctRJmo+ogxqVvHIC","aa9j0IvC1CHY8eCOvyR670","aeSaPrlOdAmZP1eO6/cWA0","b7OsebfHJE56sbVd69Gwvn","b84vPjhd1Ofry9Sm1/07n+","c0iohyxLlO4pEt2Yl5T6Vu","c1HNjODv5HcrNDrF4pAKgp","c5rHFKIE9AHIqbNAeotbHY","ccYtX7gN1Csoy1ps6qCsEj","cdOC9ey1lEp7QtIoabMl3Z","cd49VwJXlNUZ5vahN69o3o","d1rJQR3pNOj7sErvhCu9uX","d1yUP47C5G1awKuScwbO0h","dbFseISLdOrLXwO+lwswfe","dcKUUIq9lDCp51KVPv+QD0","dd0qV4dBlGgYigc6huLiLi","de3VjAizRIGLejrnfNzc0B","e1zUXXQQJL+oYAzDBCg3zg","e3+2On4qhOY6whUYaJl8dj","eaUoB8FShLv4EgeAVWKCPl","ecCpG1TwNGi7AYnhydmMcE","ecMgBH3+RFJZVv2oO4K1lZ","eek27h/whDY6C+5t1mrS3p","efl4I9q8hADIaGgg/QECqb","f1oRUZiXZNlYzC8+VSFrA4","f56NF/lEtOLJ5mvlXq5DQI","f6l98hryhHc6tqavjACgv/","f6m9Kt3BBO04wHH1Jdj5Kp","f66NayFBVJ/JrKQJoS06Wz","f8Ob+HZKVGwY5OtxE4nM0G","f9v0vdnCFMgZo1hGWVvBKz","fbUEfMBKtO0JtnvZLTtxme","fbYUYVuuhGQZg/2YWqKW5m","feFiDklWFI37KEvDbwf0Da","ffacqn9Z5F3ZhPS5poes3Y","00x6i23v1FULY9C6BsKq7q","02gb3T0mhHpZ6Pp4fRrKan","02kxxjy0dP363IPDhKW4sr","03o6vWNNlCqZJRlO+fkS3J","03sOOy/udMaq9TJynuXoMT","04+OCd+exHxK/P5a9Q1cyg","055Kb5TB5PQITF3jvixwf+","0575cumXtIbJh/OLJDNfAp","06JaQPLM5NdZoANnac1+/q","06ZovhYtNGVJjmVnDhQFcm","07O/rxAtFIrZ0hzdrvHlh3","07SKnnWfxMPqJmf2+BMUCs","07uArPg9VBuo+d2iDsl5y6","08ZYwxvn5Gi6Cjc1JEVpoO","0aagvhFWBD7ZHyW+ACcNbL","0cdu/3v0BESq8WDdeTiFUF","13Yke209xEQa4fnP2jgx75","13q5nlsWxGp5FgeyhAFZqr","15oXMU9NVHVpd+9J9u8D1o","15p1Zeon9NL6C+s1evfHK3","17q8USOINGfqEmk6lyt7Rb","18ppnacMNG0676kMc93Klp","1a159edee","1aTbwg0AROFKoEu5Udw24p","1bGOgdcBxCTbjtIVVvfFe7","1bvDGd17VDoqTPdVFf8yyc","1d5v0Gb1ZFIrYWawhLYFgh","1eelviIkFPUbgyJojEmKiI","1eo9ciOqhMzb3/12rU+ePv","1fipUdJQpIN6LlnHjHF4yF","1fe837248","20Q2ykkOFG4Y2ZkK88OzYh","21sto/yRVHw7i8bO83O3F2","22wxLp1gVHtYmZfM0tNc7Y","262jEiBU1BBb5rj3Yhm0Z3","27A+flFyxLfpKn3ruXXMIW","27oMrY6pVJ/Ian6T1p6XS/","28gfj+ZwpHvZzeeNJGHkO/","2a/jyF4b1GzJzQ850uZ0Eu","2f14fHxsBNiIrgi3OjIRVN","30ifunASRErbiFgk9qYb9i","31MEwEERtFO7ghfwhCdgaP","31RRIYks9K8ZVkFJyLO4uL","31kGLK3b1H8oQaTx9PTUgj","32yQtFc/5IqJ0mqqQqGim5","34auDbmP5J+7+0ZTekb8pc","38aR3FmWxAUbt9BYq/UqAt","3ckGvrDoROBZ4O8M21IkPk","3c4Vk82BND/7Ww/pHsz9gk","3dNdE0sWZPkq3axGegaky7","44emnzibVCt7GxFGTpHl0V","45/ybxKh9CraSwepxWxIkK","47FZyS4whGe64m8ftSoveE","48yZp+gHJLxLXFIvtXmfs8","4bPYIZ7D9GF5XRun6DoaNR","4bTjFFglZAO6z/xLLyeeR8","4deqrcE+FKNbGjzrLi5FZ6","4dv6RG2yRHl52A6ScaELxL","4fcz7kToFFDrW71Bu3ftCU","51F7hckOVC7bGO56tDoLCW","52q17/it9BkZwBshAfsyo4","53UDAU/JJE5J2Ka3w17HBM","55gT+TjZNA3plXD0ll0j2/","5aywKXwKBNrpc6NR67uh2r","5beVPShvhG8LyGINzDwFek","5d2US18ltLurHAwhKrvXQ+","5eeqTWC5dC+4vpESyTKRal","5e9EGDuThHs65/f91xnU+X","60HWrpyzFFEpWrJ7LkmEqW","64LtP8UC1EGIb9kSPsLKpn","650VStuc9Bw6Oql2jEByrW","66bikoPrtBbZJNxyxkLYjS","68BdMq/eFJvqKyqx3ioW+M","68IYx5d7RF2ruy9skYKNzX","69GwcZ59hCwIpz9dev4S4n","694E6OU/pELJ7a7JZeY/hE","6aHDozHjBJaLbbVs2NNP3g","6aWtZU97ZMQZcpfq77tz5j","6eGDgOUvpB/pWF8plV7zjB","6ekf4NH4pMCIQDZYaTF3qm","71eHGdHiBNYZyR1JHiMFxh","7163udgjBFJoHpsHO3l31A","73GUEPVxNKdZBhy0HRPda8","75iKoyHXpFrYDTuQavX/mx","76e857wlJArLgmN0K491qh","78yyytpaNAA7OiLryQo0eO","7aFUCYsnhNc7SF6ryiNjqB","7ankO6nb1A669+hQA/YJFd","7dVuuIfZtEg7RpRthc2l/b","7dhE9G1UhGarTEQZd1mp4u","7d1O7/Rd5JSLO7KwL85Ln8","84PJQT6QdNjLzXOuW4r0To","89PUSj+qxDtov48SfljDp6","8aRAx5dGNFOoDfVMS+IqI8","8b07W4wV9BQZKviZ6Pc0bp","8dXfGycbZNR6u8V4DEpyot","91EVVY+aRCzLQHTSO/g63P","913W0xuHZGGrt8Xv0fkEvs","92jhthtbtCiKLZLNzvO6OW","95GRr49JlK4LnmTac+gF1f","98obLh5EBPkYqn2SR4nRyu","984F/IskpAXKnJKhPoxZ/r","99ztrkkLJODoSQRg1eMeMG","9a4gDLroBBu7IWMsDIIKsW","9ftvR8CdJOd5W8SHwBTl6y","a2i/jjD6hGzrJSr4fgxpCM","a26eUU0w5AvrZ8Vu2DUXUX","a3iFrcV1BND6z8/jo6SfT1","a4c5MDHY5FKoisacQSbxTG","a57Qbd06NOcLVovvfnl2yG","a6Ctb5oCFKc4Nhd4BwtlbI","a6EhJT5PBGNLwfsBdcEWyw","a8kYipSxpCOpmzxjHE8VvD","a86i9edG1AqY+JFoKLic06","a9FnxYjPVLTKPnYlpV3BVS","acfUIjIVZMUKLFNPS5BnIz","adBUjBemFJMo6TjQEj20j7","ad1xbBQ6VEoL9JecZei/1H","afk4zeoDxBaLgPb/VQ/yRm","b06kngdg5IW7lXwanS8QXE","b1CPTOwRpL7oviWXX0ZpT7","b1MweOPXtNyZTKuOIK9S2l","b2CZ+tepRKPZZ8gDiOHJGD","b2cSsW7y1NaKOXXg2DvjpV","b35DXSX8FKMJNu+MBC2hbF","b5mNzgfGNLuIafjKPf0Qqi","b7DQczUo5EpIueRqpGrJev","b8wzKuprNFxZIFYhpp9k/6","baUMptsyZBfar3AIq4qI5J","bac24KqsZA2KI0ieGVMQOd","bfO2ruIjpEO7UnPtUOMDVJ","c2fwdZoo9FuJmMdqC6xy1H","c5Hw4V1sxDcqJCRFFw6oxO","c5d91raDdIGYf0w8bXdovf","c9sCgu2l9N578sKzL50uWe","cakrAAi0NGJpeRM+/+yosi","cbjjcuV7VMZ6I3+84uW+ik","cboC3NeghI8oj5t0suuaEF","cdwzt2ibJEZrb1keqk+f/7","ceW67okbJGbJxYwd4aEcCz","d1MoDRlmhN868nyE1m5h45","d1cD5caLZPcYEXScKQyPBy","d1k7u1LL5EZ6SmnWkCCpty","d3qpylESVPNLMm2pJGsjnA","d96A2I1wBPsIMobdW0UN8k","dbdF+zytVOeJNKoFoqq/7Y","dbxpuA0chETbh83OhUwEaB","dcbzl1zOVAXIvO1DhxjrK9","dc4jVx2DVKprBmFsevKHAa","ddbc8gb6BOQa82UYq8ECNs","dfYcjagJVAiqWqODykhYiz","df5zmutlNCgpPfZoIiDqcx","e0nKRXM5tChIUcLAm5XEi6","e1atS9oV9NWoEFHDdn+uOb","e5267pILFClJzqmAhxA+2c","e6bdz0M6RHYZk5QTrT3HIS","eb959kF4VJSa1ertgK99Xi","edMvLrGEVNOafZmB1VY6Zt","efnDZPSYBL3ZBMjYLvIf+3","f0tgvn2yBI643byeCXnuRJ","f06MSjPfxDKbnzETg62tDV","f3bNZkuMBNgYU3LF57puF0","f35DTBFftCvb/GPcH5uncO","f4Qm4l/CBIurm+jQrCkxLB","f4T2OMAApKvbaAi3YnAdKg","f4gU0MBF9MVYcUcUSf+mZP","f6Zco3CldFipkDYsE8Sgxc","f7oGiAsDpMqoi8JbBdpXX0","f8OIXUc49EKYiU5DiinJJj","faCAAsePRADYoHTRt2mIfG","fejy+eI4hBqazftrYT9R7+","ffm1sxjINHKKZrKN+Ov6x1","ffq0A3ySpEGJ7JrxF4e/ob","00gWPSCnpMd4H8ZhlFRp7G","0193vZ5RpG+aPyYJZwFBLR","03Y5Hcw89Hf5u2i1rekqRu","06DfnuAXVEb4rw6j1AV0XV","065qQC0DVGhpaAWQ4Ycamt","0cUL3xBA1JOJgEyKjtAWXC","0csQ6/ivBPiou1Iv2fOq5I","0cu30O1TNBh5cpodfNFQZR","0eZMtPfzpOh6Row4fdC9Oc","11DTBqSTVMBoSfxesGtH9s","11j6BmB/5MFJRH5rNAAw/w","13B8bZFYVGhrm2HQMliG+n","14TBG8ehJJYr1L/xdhr65y","18hEK0islDkbJJ9mZRJUhs","1bwvPT4G9IGqxngT8PQ1eC","1b19nF5jBKFKNvUYgqgqz6","1f9digCeBBPYVoY7TmUph5","20ASIuL5FCk6XBkkiyACtL","208+YXMrRFoKzF8SZLOd07","21RjDZK8BOroekGXLBlT+/","24rpj7MVtPo7EvuZkCYM/S","27lvDyzExEBLqwdnfxzI5a","28oreHLB9MmJFVf9JexlTd","286njS2pVHv71BraCUTZZv","29FYIk+N1GYaeWH/q1NxQO","2bCOm2FClL8JgHy+RDMb5n","2bDOQIl+VNoa72OlE5CBeh","2bSVkGln5IqoC7tsKVe9kT","2bjxyOL5tFGac+M4CPB2yY","2b+d2X4oRKxLDpk0/BAtjj","33CM+fPxtNmbVnFV2ad9J6","35BYiUu2BJQLQR3XoLHEj4","35g/sBN/JIm5v84wVS77kb","36tlaeL4BBeZF7YPn7opNv","38ovy23JxN2LtyIDYMU1X2","39ip8LCr5O2b7ZZSkSpUG8","3ae7efMv1CLq2ilvUY/tQi","3cd0JVdf9KQpw3XHV/VW+T","3e0rZ+M45IOa8xySY33a6m","42+8hgE2VM17GWrF37UL0w","46fqZL64VCrLFtyJA5L1aQ","49g7pnhRxIor7U+trvYYxo","493EGoznpDDrW7/piIhmBd","4ak3SImjhOfYTH2Is8RUAb","4cDV1/s/FKBZhzxpW+UU32","4cWc1h7ihMgqeWCYG1aodS","51BuENZi9KPY6oTojlmufn","51lukPAlVIlKePTw5hioAa","52IdEk6lxO9JduOny6gtJt","53GZ7KODFJI6Ijy9IEt2J/","53G82zGJVKR6ZUrcF4I6FF","56A5xFvcVIrZibzp1n8rsr","59YGqeiOpIS61FW/6yMKGb","5aFLd7UgJEJICGqpGHQNCm","5bQVe9UktCtoZzhs6Z+TDk","5bgyULDCJHjo5SSBYy5cPD","5cS9WryvdJT4EPiedvHsKq","5cqXC1KYNBi6a7hpL+b5Mw","5eGwr+RxtEHJywXAq/o/mw","60F5ngXfxA+KNeHETP/nvO","604KFKpo5BdZiUhRa+Dy+y","61Fv0nIkZApIFOLUCHNC4K","61WcB81xdL/aNDhxmJoTf0","62vkaEK8NKhYG9oiEAmSW2","65TaNl1WdBzYmQyE02vH0C","66vJF07eVJYbhALD0xZiqV","68nS1dF0RIj5KjgP6UYRC1","69/bs9PCJHga1H7iVjgpoK","6bJfl3++NFR7jfCCuCG1e6","6eyQ16OWhPpa5aur4fgF/N","70TFjQvbpHcraHKW0G5Q6a","70h4MKMo5G+ovJCRZqpbF2","70vxKBAl9BZZBRes0YTA1G","72QuhCZnZA8o6kVo9VicGZ","73RkewLPRJlI0I+T2EvjHz","74OjNYNGhKaITVyX9gDksN","75dKX3QWxAlLUu9SrSqEoP","76BUUHkv1J07LoYU+1TRkM","76UZq7yMpIpJn/98l1V0CM","78Yirk6JpOqJ33OgLtZvBP","78lSQH995MXYQyNu2gd2NZ","7c9bTlx6xJRJ9RepSKkLgz","7f8oBf0o9FBrD9LV5y5Kpa","81kdaM/utLOZBhW/xYkdJQ","820rx0tbtBwKP29upjwHpH","83qR30WVFE8bf/VLSL57UM","89dFbZ+tlPwJZ0DxgOX0Mu","8aYBjX8HpASrvT9JpUaFtP","8ci6avsilPy4IT4ZJ+KBz0","918V0cWxNAxI7w4FMWt68d","91+ETRGShMmpwQhwgxGhpc","93hSEjARtKfZxk1aFqOVpl","99KBq4qr1Moa2MRg+yW47Y","99WpkAAVVBRIK0AH6ojFHq","99wcp3epRIYo1hQjJp3sGF","9aIxKUp2xPs5jEnjhWmF9I","9aQYv6k7xAF4Spq9bsQtyn","9acpRRH9RJgL5pZ9854WLP","9d+1nL1DBAr6mTxDTYDbJF","9eTo9XyfJJ0rsVXH2X42JP","9e/aYPYF1E1IZ0XDkvAC6y","9ft7loBXJKLb3u31hpyVUv","a2MjXRFdtLlYQ5ouAFv/+R","a2TElXOLpIl7gRQzQ3iNPv","a3vKSXtUxPPrTqkUbCTnkj","a4Mb62ITlPLZmJw+avtaqr","a5QcTsqNRPQ4uBhHWgKatS","a7ENIjYBVEq7G0VSPWAe5u","a8d60JVQNJGpr/Ul8TLi0X","a9cNWqur9KXJor3fP63NMi","a9gfXsQK5Fy6N1emiWT47R","aaKo1qHnVBY6MwMyI03z+X","aaNoxvJQNBx6CrHorRorTq","adZzeCmQtEZ7MuXZMB9BcC","b4XU7vxqdD2Ji1dB4BE78p","b5FIajalRMiJeUlamfSE1E","b5goaBUk5N+Zpxyyz2ht6/","b9hMN0fh5E1rbCkffsOSWx","badN1P2PtEA4fJd9KadG6a","banIU/CghHepLm+F/BZkay","bcOui8uxZARb1ugR8MO3Qx","bcULCLgvdAqotbGK6qa8at","c07cFtp8pI1bfsWFalYkZa","c2L4nY7y9FNJAioRF1EOgu","c43xjt/EBGoLp0wOiBSV/Z","caQKP4jJ1MZp42e3R7sjRN","ca6LXg4f9KeI9CFoUrm4z9","ccCrWZfSJGx7l7T3GQLa5l","ccz0WXfjNM7IgJN2/q64Ef","cdy8DFw1BHF7wSFKiHsnwm","ceN730aPlLqbm0sCAwfrNe","cf+gb5MnhDyLeRfRFhyq9X","d0OPbvogVHTqMI02ONO37u","d0aT22ZXtLPIDQ1JipAwFW","d1HJA9llpEsKRnvQTUfg15","d1Y/FGGitIiKgl9AkJPfEB","d1uRz14CdPr7OjTaJ0q4hy","d3H8p2Vn5HSIzcDvldtgPe","d4UsmfPKlBNJp6Clg4Xr95","d5vmk4UhxGhplWMdcp7rZq","d6VrN44WlG2JgdJXyrCAD7","d6l51Gw6xLKZg6Mch8daOh","d8U93RSndDQpWUg+o+i8p2","d9HYNZwZVArIrvaBzMiKdF","d9kOB/mxxAb4lPk6b2p5pD","dbRtZiT1hO9qnHrYxPf1z9","ddCI4lQhBOGbrEWOKB6S2x","ddUL/zB5ZI9YyFaES7s7tz","ddpqqSFk1DeKejtGeo8OXT","dd87lr1vhMd4TqBhIZ/AgK","deTkFMhdJEErj/JGGn2GK2","dfVUhBQj9O16uBYYEE46B3","df/0Fy5dJIC5P+pBGt7KQu","e0I1zZ/H1HBazwO6jEGo7q","e3DlJHgklFwK7O4tXmXgFk","e8OqL8Gn1GtJp/IKXMk7jo","e8fXjubGNBMb9h/QB4aHF2","e97GVMl6JHh5Ml5qEDdSGa","eaXdnWWupGsZy72/ujAcZj","ebxua5PbJMXq6AFW+Nv8B4","ecpdLyjvZBwrvm+cedCcQy","eeZZT1RIdCVbUolvk52zMj","efDMZ6KzdGhbZtaMKJZNiL","f0BIwQ8D5Ml7nTNQbh1YlS","f2WAhI+EVAIqoQF049KkYm","f5BHM8iupP/rZkvTfcq45r","f7qmgByRdIbJqU7sySUvIp","f8G7G4GgxJCIeG6GI7RYiU","f8MM5nvDBNHqKrV+JChP0k","f8dManpE1J7IJufbwgixZi","faf1V3AzpEwqIY4w+fA18z","fa5PIGYgFLmY3bSIgeKH0P","fbczMLG/FHcJR6ARNCxMFr","fdRcH+8pNOXKRe8eiWQ/zL","fewA+K3wlFab5RewUbSMaK","ffDdntJ4NEc6teA7E9r42+","ffn0AzE6tLq4TFKg64mycw"],"scenes":{"db://assets/FruitSuperSlots/FruitSuperSlotsScene.fire":116},"redirect":[294,0,306,1,372,2,427,0,428,2,430,1,433,0],"deps":["main","internal","resources"],"packs":{"013c2e42d":[142,206],"0153d67ff":[280,287,305,307,309,315,322,326,345,358,384,391,393,234,398,435,442],"01785881e":[317,333,342,353,404],"01cc72275":[115,117,132,141,150,28,154,319,158,159,164,169,179,181,194,202,204,211,212,221,235,237,247,253,268],"01de0ce70":[100,131],"01f913c4b":[149,187],"01fd691db":[318,431],"02155b970":[101,111,135,163,196,232,245,258,267],"02bd01422":[271,300,304,311,321,337,340,347,349,354,356,366,376,387,392,396,402,403,410,414,438],"03239752f":[273,323,167,367,409,411,440],"03e77b85a":[275,276,279,282,285,293,298,308,332,360,364,380,381,394,406,412,418,421,429,254,441],"03edf545c":[99,256],"04eb3a17a":[14,195,257,90],"055e04960":[272,281,316,324,352,422],"05f5a2bef":[102,162],"06554ead0":[274,3,278,7,9,116,11,284,286,292,295,18,301,20,21,22,23,24,312,31,327,35,334,36,175,350,49,50,362,60,62,379,225,74,241,77,78,80,81,82,87,437,265,95,445],"06b0457d4":[140,370],"072cfa870":[297,399],"0817a15d2":[114,144,236],"084e9c701":[110,128],"095a04388":[251,261],"0978b423b":[103,104],"0ac3e1da1":[108,186],"0b4569332":[288,290,299,302,145,310,320,329,330,331,351,361,365,385,408,425,432,443],"0b524589f":[0,1,2,4,5,6,8,10,12,119,120,122,123,127,13,129,15,133,16,137,17,19,148,25,26,27,153,29,30,32,33,34,37,38,39,40,41,42,43,44,45,185,46,47,48,192,51,52,53,54,55,57,58,59,201,61,63,64,217,220,65,66,67,68,69,70,71,72,73,75,76,249,79,84,85,86,88,89,264,91,93,94,96],"0c42f9567":[121,130],"0c5247ef0":[160,230],"0c7f89412":[134,161,165,166,171,173,176,182,189,190,209,214,216,223,239,244,260],"0c8187336":[416,444],"0cb54c582":[107,155],"0cbd2c6ef":[203,229],"0cc0b300b":[219,250],"0d24956c5":[105,191],"0dd28ce90":[138,436],"0df491fc6":[152,184],"0e892c79e":[98,388],"0e9fdf9cf":[112,198],"0ec715e9b":[156,246],"0f0d16894":[270,277,291,313,328,335,338,341,344,346,348,355,357,369,373,375,377,378,382,383,386,389,390,401,405,413,415,417,420,423,424,426,434,439],"0f7ce7e48":[339,368],"0f896c461":[106,146],"0ffcebde0":[374,210,400]},"name":"FruitSuperSlots","importBase":"import","nativeBase":"native","debug":false,"isZip":false,"encrypted":false,"versions":{"import":[97,"30d20","013c2e42d","76627","0153d67ff","2ad6e","01785881e","07766","01cc72275","539e0","01de0ce70","1d3ad","01f913c4b","70434","01fd691db","9391f","02155b970","9a2f4","02bd01422","06c84","03239752f","12f1e","03e77b85a","7d3f5","03edf545c","6c847","04eb3a17a","2396e","055e04960","1229c","05f5a2bef","04f59","06554ead0","e91e3","06b0457d4","910bd","072cfa870","92d22",109,"57fea","0817a15d2","d486e","084e9c701","94a9d","095a04388","b17ee","0978b423b","64082","0ac3e1da1","bbe95","0b4569332","db1e2","0b524589f","8a5a5","0c42f9567","9e378","0c5247ef0","a697b","0c7f89412","0f0fa","0c8187336","35d4a","0cb54c582","f549d","0cbd2c6ef","5b7c0","0cc0b300b","ce4ff","0d24956c5","03ae3","0dd28ce90","c85d5","0df491fc6","9b877","0e892c79e","39b1c","0e9fdf9cf","00ee0","0ec715e9b","4ff89","0f0d16894","68841","0f7ce7e48","0e30d","0f896c461","b4a47","0ffcebde0","383ca",113,"a825c",283,"3f57a",118,"3aad7",124,"efe86",125,"0f622",126,"6225f",289,"9bc97",296,"473ba",136,"4e7ae",139,"276f0",303,"2c174",143,"21824",147,"7793b",151,"554e1",314,"2405d",157,"212ae",325,"7b7ca",168,"691f5",170,"eddc5",336,"452a4",172,"1bca4",174,"477e7",177,"136b6",178,"7e343",343,"c6650",180,"7adfc",183,"82bd5",188,"fc06a",193,"1f801",359,"b4a73",197,"5da12",363,"9841c",199,"c4882",56,"8258d",200,"42262",371,"fee3f",205,"ad063",207,"d4556",208,"a1f8f",213,"db235",215,"3e2e2",218,"1ea1c",222,"61913",224,"70e19",226,"b2da9",227,"b7289",228,"daab3",231,"bd977",395,"cab8f",233,"0b65e",397,"68ac4",238,"460e5",407,"3495e",240,"955fb",242,"389a4",243,"61d5a",419,"03104",248,"785ab",252,"a3a2d",83,"ffe65",255,"8b153",259,"52f80",262,"b9ea8",263,"e3f8e",92,"2eb22",266,"876f1",446,"d4c1b",269,"b9044"],"native":[0,"8795a",98,"44664",1,"48e9c",2,"7759d",3,"7fca1",4,"6958a",5,"45de2",6,"540bb",7,"8ed47",8,"25b63",9,"e1464",10,"4e9cc",11,"dd85d",12,"00e3e",119,"7ffa5",120,"9d9b5",122,"32f14",123,"cb1b7",127,"18b8c",13,"28cd3",129,"4d2cf",14,"19d84",15,"b3006",133,"efa53",16,"f562d",137,"96ca6",17,"c9f99",18,"25ee9",19,"49d9d",20,"a1e21",21,"3fe66",22,"c6c80",23,"1d3dc",148,"3f42b",24,"6e4b0",25,"5f189",26,"4a7da",27,"3361e",28,"30499",153,"540bb",29,"22396",30,"efa53",31,"b362f",32,"4ff74",33,"5d69d",34,"36f05",35,"3d53d",36,"77c3a",37,"f0660",38,"898f7",39,"28cd3",40,"cba84",41,"64e3d",42,"a49e7",43,"53484",44,"30da6",45,"76ffa",185,"6c00c",46,"a6f5a",47,"006cf",48,"cc2cc",192,"3f7ac",49,"a82a2",50,"d2fc1",51,"d0de4",52,"bfbe0",53,"a382c",54,"62a74",55,"f85e0",56,"1ea9a",57,"6de6e",58,"36d61",59,"3f42b",201,"e54be",60,"feaaf",61,"49123",62,"9ca5d",63,"e54be",64,"81b28",217,"a382c",220,"bf45a",65,"9ba70",66,"6c00c",67,"aa8e1",68,"9bd9e",69,"9d9b5",70,"a5e20",71,"2f233",72,"a945f",236,"2cf8f",73,"71a34",74,"e48fe",75,"5909b",76,"51066",77,"83a80",78,"8d36d",249,"3361e",79,"3dd75",80,"60cde",81,"fcf6e",82,"01c2f",83,"59bb4",84,"380a4",85,"767ed",86,"2d1ff",87,"c1aba",88,"77fb3",89,"18ea5",90,"bf309",264,"838a8",265,"59bb4",91,"33034",92,"5575b",93,"4bb9e",94,"0660a",95,"54781",96,"9c290"]}}