[1,["98WZ4h9fdIOYdZ2Lebab4e"],0,[["sp.SkeletonData",["_name","_atlasText","textureNames","_skeletonJson","textures"],-1,3]],[[0,0,1,2,3,4,5]],[[0,"WITHDRAW","\nWITHDRAW.png\nsize: 256,128\nformat: RGBA8888\nfilter: Linear,Linear\nrepeat: none\n01a\n  rotate: false\n  xy: 146, 72\n  size: 67, 45\n  orig: 67, 45\n  offset: 0, 0\n  index: -1\n02\n  rotate: false\n  xy: 2, 2\n  size: 72, 65\n  orig: 72, 65\n  offset: 0, 0\n  index: -1\n03\n  rotate: false\n  xy: 2, 94\n  size: 142, 23\n  orig: 142, 23\n  offset: 0, 0\n  index: -1\n03a\n  rotate: false\n  xy: 2, 69\n  size: 142, 23\n  orig: 142, 23\n  offset: 0, 0\n  index: -1\nss\n  rotate: false\n  xy: 76, 23\n  size: 49, 44\n  orig: 49, 44\n  offset: 0, 0\n  index: -1\n",["WITHDRAW.png"],{"skeleton":{"hash":"q3Zz7AxNksxQCL5X7/xeXyTk0do","spine":"3.6.53","width":233,"height":80.24},"bones":[{"name":"root"},{"name":"aa","parent":"root"},{"name":"02","parent":"aa","x":-70.7,"y":-2.39,"scaleX":-1.185,"scaleY":1.185},{"name":"ss","parent":"root","x":-66.37,"y":7.93},{"name":"ss2","parent":"root","x":-92.6,"y":19.98},{"name":"ss3","parent":"root","x":-82.9,"y":-15.8}],"slots":[{"name":"03","bone":"aa","attachment":"03"},{"name":"3","bone":"aa","attachment":"03a"},{"name":"02","bone":"02","attachment":"02"},{"name":"01","bone":"02","attachment":"01a"},{"name":"ss","bone":"ss","attachment":"ss"},{"name":"ss3","bone":"ss3","attachment":"ss"},{"name":"ss2","bone":"ss2","attachment":"ss"}],"skins":{"default":{"3":{"03a":{"x":44.69,"y":-4.78,"width":142,"height":23}},"01":{"01a":{"x":2.5,"y":-9,"width":67,"height":45}},"02":{"02":{"width":72,"height":65}},"03":{"03":{"x":44.69,"y":-4.78,"width":142,"height":23}},"ss":{"ss":{"x":-0.2,"y":-2.65,"width":49,"height":44}},"ss2":{"ss":{"x":-0.2,"y":-2.65,"width":49,"height":44}},"ss3":{"ss":{"x":-0.2,"y":-2.65,"width":49,"height":44}}}},"animations":{"animation":{"slots":{"3":{"color":[{"time":0,"color":"ffffff00"},{"time":1.3333,"color":"ffffff00"},{"time":1.9667,"color":"ffffffff"},{"time":2.9,"color":"ffffff00"}]},"01":{"color":[{"time":0,"color":"ffffff00","curve":"stepped"},{"time":1.6333,"color":"ffffff00"},{"time":2.0333,"color":"ffffffff"},{"time":3.0667,"color":"ffffff00"}]},"ss":{"color":[{"time":0,"color":"ffffff00","curve":"stepped"},{"time":2.4333,"color":"ffffff00"},{"time":2.9333,"color":"ffffffff"},{"time":3.7667,"color":"ffffff00"}]},"ss2":{"color":[{"time":0,"color":"ffffff00"},{"time":0.5,"color":"ffffffff"},{"time":1.3333,"color":"ffffff00"}]},"ss3":{"color":[{"time":0,"color":"ffffff00","curve":"stepped"},{"time":0.7667,"color":"ffffff00"},{"time":1.2667,"color":"ffffffff"},{"time":2.1,"color":"ffffff00"}]}},"bones":{"02":{"rotate":[{"time":0,"angle":0,"curve":"stepped"},{"time":1.6333,"angle":0,"curve":"stepped"},{"time":2.0333,"angle":0,"curve":"stepped"},{"time":2.4333,"angle":0,"curve":"stepped"},{"time":2.6667,"angle":0,"curve":"stepped"},{"time":4.4667,"angle":0}],"translate":[{"time":0,"x":0,"y":0,"curve":"stepped"},{"time":1.6333,"x":0,"y":0,"curve":"stepped"},{"time":2.0333,"x":0,"y":0,"curve":"stepped"},{"time":2.4333,"x":0,"y":0,"curve":"stepped"},{"time":2.6667,"x":0,"y":0,"curve":"stepped"},{"time":4.4667,"x":0,"y":0}],"scale":[{"time":0,"x":1,"y":1,"curve":"stepped"},{"time":1.6333,"x":1,"y":1},{"time":2.0333,"x":1.035,"y":1.035},{"time":2.4333,"x":0.986,"y":0.986},{"time":2.6667,"x":1,"y":1,"curve":"stepped"},{"time":4.4667,"x":1,"y":1}]}}}}},[0]]],0,0,[0],[-1],[0]]