[1,["ecpdLyjvZBwrvm+cedCcQy","27u6RMZ9ZOFqsjo7DIZZtf","a1rkupkHhHSLUFIurDc5pp","684ESkCgVF6I5GRMZmwfX4","1eb080b5f","03Mr9ElBFPEYAq+X4MMFr0","99w1XOahtE/4f7tL7hDWVK","ffUKyFr6pGa4M8Bcx6ik9P","60BBJOtadOH7bvIYMSY7tQ","e3AZH2LiVOnobEj3RMg2xN","43czRj9JFBop/mvy3O1XUV","feny+kf4hOWJj/UuckZpuO","9bvaMerUlDyary99mJa6xp","3bM/hjGuZMUrA50IHNiP6s","26W0Ms4sNFmq/yrVgMUd3B","71+21Hy0tI377fO8fX9f4J"],["node","_spriteFrame","_textureSetter","_parent","checkMark","_N$target","root","messageNode","messageitem","contentScrollView","content","_N$content","data"],[["cc.Node",["_name","_active","_components","_prefab","_contentSize","_trs","_parent","_children","_anchorPoint","_color"],1,9,4,5,7,1,2,5,5],["6dbaacb0j9CkpNlQEFpLMCG",["_string","_fontSize","_N$verticalAlign","_N$textKey","_N$overflow","_enableWrapText","_N$cacheMode","_lineHeight","_N$horizontalAlign","_styleFlags","node","_materials"],-7,1,3],"cc.SpriteFrame",["cc.Sprite",["_sizeMode","_type","_isTrimmedMode","_enabled","node","_materials","_spriteFrame"],-1,1,3,6],["cc.Layout",["_N$layoutType","_resize","_N$spacingY","_N$spacingX","_N$affectedByScale","_enabled","_N$paddingTop","node","_layoutSize"],-4,1,5],["cc.Node",["_name","_children","_prefab","_trs","_contentSize","_parent","_components","_anchorPoint"],2,2,4,7,5,1,12,5],["cc.PrefabInfo",["fileId","root","asset"],2,1,1],["cc.Widget",["_alignFlags","_originalWidth","node"],1,1],["cc.Button",["_N$transition","zoomScale","node","clickEvents"],1,1,9],["cc.Node",["_name","_active","_parent","_children","_components","_prefab","_contentSize","_trs"],1,1,2,2,4,5,7],["cc.ClickEvent",["_componentId","handler","customEventData","target"],0,1],["cc.Toggle",["_N$transition","_N$isChecked","node","_N$normalColor","_N$target","checkMark"],1,1,5,1,1],["cc.Mask",["_N$alphaThreshold","node","_materials"],2,1,3],["cc.LabelOutline",["_width","node","_color"],2,1,5],["cc.Label",["_string","_fontSize","_N$horizontalAlign","_N$verticalAlign","_N$cacheMode","node","_materials"],-2,1,3],["cc.Prefab",["_name"],2],["2f29d2Qdt1H3qL19Vf5rQAr",["node","contentList","content","contentScrollView","messageitem","messageNode"],3,1,2,1,1,1,1],["cc.ToggleContainer",["node","checkEvents"],3,1,9],["cc.ScrollView",["horizontal","brake","bounceDuration","_N$horizontalScrollBar","_N$verticalScrollBar","node","_N$content"],-2,1,1]],[[6,0,1,2],[0,0,6,2,3,4,5,2],[0,0,6,7,2,3,4,5,2],[3,1,0,4,5,6,3],[3,4,5,6,1],[0,0,6,7,2,3,4,8,5,2],[0,0,6,2,3,4,2],[5,0,5,1,2,4,3,2],[0,0,1,6,7,2,3,4,8,5,3],[0,0,6,2,3,4,8,5,2],[0,0,6,2,3,9,4,8,5,2],[3,4,5,1],[10,0,1,2,3,4],[8,2,3,1],[3,0,4,5,6,2],[1,0,1,5,2,4,3,10,11,7],[7,0,1,2,3],[14,0,1,2,3,5,6,5],[1,0,1,7,2,4,3,10,11,7],[6,0,1,2,2],[0,0,6,2,3,9,4,5,2],[1,0,1,7,5,8,2,4,6,3,10,11,10],[10,0,1,3,3],[3,0,2,4,5,6,3],[3,0,2,4,5,3],[4,1,0,7,8,3],[13,1,2,1],[0,0,1,6,7,2,3,4,5,3],[9,0,1,2,3,4,5,6,7,3],[11,0,1,2,3,4,5,3],[8,0,2,3,2],[14,0,1,2,3,4,5,6,6],[1,0,1,7,2,4,6,3,10,11,8],[7,0,2,2],[7,2,1],[0,0,7,2,3,4,5,2],[0,0,1,7,2,3,4,8,5,3],[18,0,1,2,3,4,5,6,6],[1,0,1,2,3,10,11,5],[1,0,1,7,8,2,4,6,3,10,11,9],[8,1,0,2,3,3],[13,0,1,2,2],[15,0,2],[5,0,1,6,2,4,3,2],[5,0,1,2,4,7,3,2],[5,0,5,1,2,3,2],[0,0,7,2,3,4,2],[0,0,7,2,3,4,8,5,2],[0,0,1,6,2,3,4,5,3],[9,0,2,3,4,5,6,7,2],[3,3,1,0,4,5,6,4],[6,1,2,1],[16,0,1,2,3,4,5,1],[17,0,1,1],[4,1,0,2,7,8,4],[4,0,3,4,7,8,4],[4,5,1,0,6,2,7,8,6],[4,1,0,3,7,8,4],[11,0,2,3,4,5,2],[1,0,1,5,9,2,6,3,10,11,8],[1,0,1,5,2,6,3,10,11,7],[1,0,1,5,9,2,3,10,11,7],[1,0,1,5,2,3,10,11,6],[1,0,1,5,9,8,2,4,3,10,11,9],[1,0,1,2,4,6,3,10,11,7],[1,0,1,2,4,3,10,11,6],[12,0,1,2,2],[12,1,2,1]],[[[{"name":"03","rect":[695,3,213,95],"offset":[0,2],"originalSize":[217,99],"rotated":1,"capInsets":[0,0,0,0]}],[2],0,[0],[2],[4]],[[{"name":"Di_whatsapp","rect":[0,0,20,20],"offset":[0,0],"originalSize":[20,20],"capInsets":[0,0,0,0]}],[2],0,[0],[2],[8]],[[{"name":"05","rect":[3,3,686,517],"offset":[0,0],"originalSize":[686,517],"capInsets":[0,0,0,0]}],[2],0,[0],[2],[4]],[[[42,"SupportPopup"],[43,"scrollview",[-4],[[[50,false,1,0,-2,[234],235],-3],4,1],[0,"00TB+8SZRKpZLH6ylEDvz/",-1],[5,736,410],[-13.531,0,0,0,0,0,1,1,1,1]],[35,"SupportPopup",[-17,-18,-19,-20,-21,-22,-23,-24,-25],[[52,-16,[-10,-11,-12,-13,-14,-15],-9,-8,-7,-6]],[51,-5,0],[5,1004,634],[0,14,0,0,0,0,1,1,1,1]],[35,"toggleContainer",[-29,-30,-31,-32,-33,-34],[[53,-27,[[22,"2f29d2Qdt1H3qL19Vf5rQAr","toggleClick",2]]],[54,1,2,-20,-28,[5,190,696.2]]],[0,"ffTwOFhMxD4Z81ZNVuIaUi",-26],[5,190,696.2],[0,-353.1,0,0,0,0,1,1,1,1]],[36,"content2",false,[-36,-37,-38,-39,-40,-41,-42,-43,-44,-45,-46,-47,-48,-49,-50,-51,-52,-53,-54,-55,-56,-57,-58,-59],[[25,1,2,-35,[5,700,803.1999999999999]]],[0,"cbgYjifx5PyIIw7Tcv/v7x",1],[5,700,803.1999999999999],[0,0.5,1],[-4.953,-2.484,0,0,0,0,1,1,1,1]],[36,"content0",false,[-61,-62,-63,-64,-65,-66,-67,-68,-69,-70,-71,-72,-73,-74,-75],[[25,1,2,-60,[5,700,362]]],[0,"97H+U4codPW4q9QBzUll20",1],[5,700,362],[0,0.5,1],[-6.908,-2.303,0,0,0,0,1,1,1,1]],[44,"content",[5,-76,4,-77,-78,-79],[0,"036a4WKD5hBcbQJmMrbqoW8",1],[5,739,410],[0,0.5,1],[1.427,0.794,0,0,0,0,1,1,1,1]],[8,"content1",false,6,[-81,-82,-83,-84,-85,-86],[[25,1,2,-80,[5,700,220.8]]],[0,"d7C+eQ1tdPi5DbJdRAv2qO",1],[5,700,220.8],[0,0.5,1],[-3.495,-2.097,0,0,0,0,1,1,1,1]],[8,"content3",false,6,[-88,-89,-90,-91,-92,-93],[[25,1,2,-87,[5,700,180.8]]],[0,"e6GBrI+GhLHbhYXi/msiaH",1],[5,700,180.8],[0,0.5,1],[-3.302,-1.651,0,0,0,0,1,1,1,1]],[2,"scrollview",2,[-97],[[37,false,0.75,0.23,null,null,-96,-95]],[0,"95Y4gEsqFAXpv3wW4VrZxj",-94],[5,190,430],[-376.531,0,0,0,0,0,1,1,1,1]],[27,"ans0",false,5,[-100,-101,-102],[[33,40,-98],[3,1,0,-99,[46],47]],[0,"83+Wdkx3xEarBANSSwLVM7",1],[5,700,340.8],[0,-220.8,0,0,0,0,1,1,1,1]],[27,"ans1",false,5,[-105,-106,-107],[[16,40,20,-103],[14,0,-104,[57],58]],[0,"d6S3qKNftMC4/MIbBMP00e",1],[5,700,311],[0,-278.3,0,0,0,0,1,1,1,1]],[27,"ans0",false,7,[-110,-111,-112],[[33,40,-108],[3,1,0,-109,[98],99]],[0,"74aWvfMD9Dmqbv23bgXgAA",1],[5,700,270],[0,-185.4,0,0,0,0,1,1,1,1]],[27,"ans0",false,4,[-115,-116,-117],[[33,40,-113],[3,1,0,-114,[119],120]],[0,"0dwkREiwVLFJk94uAyqEbo",1],[5,700,350.8],[0,-225.8,0,0,0,0,1,1,1,1]],[8,"content4",false,6,[-119,-120,-121],[[25,1,2,-118,[5,700,90.4]]],[0,"a4ct0RZ6RIe53ZosF6iKic",1],[5,700,90.4],[0,0.5,1],[-4.127,-1.651,0,0,0,0,1,1,1,1]],[8,"content5",false,6,[-123,-124,-125],[[25,1,2,-122,[5,700,90.4]]],[0,"1cjPKdyERJOoY60la6RDUJ",1],[5,700,90.4],[0,0.5,1],[-4.143,-2.367,0,0,0,0,1,1,1,1]],[2,"0",3,[-129,-130],[[58,3,-128,[4,4292269782],-127,-126]],[0,"f8ae482OYFF86r5AHHZHzkB",3],[5,190,132.7],[0,281.75,0,0,0,0,1,1,1,0]],[2,"1",3,[-134,-135],[[29,3,false,-133,[4,4292269782],-132,-131]],[0,"4b82d4NuWJDnZcPM+lR6By/",3],[5,190,132.7],[0,169.05,0,0,0,0,1,1,1,0]],[2,"2",3,[-139,-140],[[29,3,false,-138,[4,4292269782],-137,-136]],[0,"2b5ebCn5ohKwJt/iEtuj16b",3],[5,190,132.7],[0,56.35000000000002,0,0,0,0,1,1,1,0]],[2,"3",3,[-144,-145],[[29,3,false,-143,[4,4292269782],-142,-141]],[0,"284HsTiQlO45keTHPqg5lZ",3],[5,190,132.7],[0,-56.349999999999966,0,0,0,0,1,1,1,0]],[2,"4",3,[-149,-150],[[29,3,false,-148,[4,4292269782],-147,-146]],[0,"11wFBczDlG7Z3DkHaRTgAv",3],[5,190,132.7],[0,-169.04999999999995,0,0,0,0,1,1,1,0]],[2,"5",3,[-154,-155],[[29,3,false,-153,[4,4292269782],-152,-151]],[0,"76Ct6M57BFaKDOZas8Es7X",3],[5,190,132.7],[0,-281.74999999999994,0,0,0,0,1,1,1,0]],[8,"ans2",false,5,[-158,-159],[[16,40,638,-156],[3,1,0,-157,[67],68]],[0,"88afeaxtZA57LaxIbPeDgb",1],[5,700,107.7],[0,0,1],[-350,-195.20000000000002,0,0,0,0,1,1,1,1]],[8,"ans3",false,5,[-162,-163],[[16,40,638,-160],[3,1,0,-161,[77],78]],[0,"d4+k/ISblCXqD1XPZ+KiYK",1],[5,700,129.7],[0,0,1],[-350,-267.6,0,0,0,0,1,1,1,1]],[8,"ans4",false,5,[-166,-167],[[16,40,638,-164],[3,1,0,-165,[87],88]],[0,"f9bV+IUipIAbxa+GMcJijx",1],[5,700,97.8],[0,0,1],[-350,-340,0,0,0,0,1,1,1,1]],[8,"ans1",false,7,[-170,-171],[[16,40,638,-168],[3,1,0,-169,[108],109]],[0,"0b/OCxGhRKJJ7ppNh3lL7o",1],[5,700,316],[0,0,1],[-350,-180.8,0,0,0,0,1,1,1,1]],[8,"ans1",false,4,[-174,-175],[[16,40,638,-172],[3,1,0,-173,[129],130]],[0,"f2tweRVNtPrZgWy/JK933D",1],[5,700,125.1],[0,0,1],[-350,-140.8,0,0,0,0,1,1,1,1]],[8,"ans2",false,4,[-178,-179],[[16,40,638,-176],[3,1,0,-177,[139],140]],[0,"58sp11qMpPlpa8UiJzPTV3",1],[5,700,189.35999999999999],[0,0,1],[-350,-231.20000000000002,0,0,0,0,1,1,1,1]],[8,"ans3",false,4,[-182,-183],[[16,40,638,-180],[3,1,0,-181,[149],150]],[0,"2bARcOy3VNUZ66lfvIu/Hc",1],[5,700,153.35999999999999],[0,0,1],[-350,-321.6,0,0,0,0,1,1,1,1]],[8,"ans4",false,4,[-186,-187],[[16,40,638,-184],[3,1,0,-185,[159],160]],[0,"15seEfOWBMm5n0NlgpF8Sv",1],[5,700,117.35999999999999],[0,0,1],[-350,-412,0,0,0,0,1,1,1,1]],[8,"ans5",false,4,[-190,-191],[[16,40,638,-188],[3,1,0,-189,[169],170]],[0,"3drWD0m99LDY1JhwHQZXfr",1],[5,700,225.35999999999999],[0,0,1],[-350,-542.4,0,0,0,0,1,1,1,1]],[8,"ans6",false,4,[-194,-195],[[16,40,638,-192],[3,1,0,-193,[179],180]],[0,"f2GUBb4ZVI+7SRZcYu6yxf",1],[5,700,297.36],[0,0,1],[-350,-672.8,0,0,0,0,1,1,1,1]],[8,"ans7",false,4,[-198,-199],[[16,40,638,-196],[3,1,0,-197,[189],190]],[0,"3cJiNLGVFC56sOX+ET7lT1",1],[5,700,117.35999999999999],[0,0,1],[-350,-763.1999999999999,0,0,0,0,1,1,1,1]],[8,"ans0",false,8,[-202,-203],[[16,40,638,-200],[3,1,0,-201,[199],200]],[0,"78Ou600JpP+qkEHXZMzcPI",1],[5,700,117.35999999999999],[0,0,1],[-350,-50.4,0,0,0,0,1,1,1,1]],[8,"ans1",false,8,[-206,-207],[[16,40,638,-204],[3,1,0,-205,[209],210]],[0,"1dzuMc0mpPlbrsEU80V48x",1],[5,700,117.35999999999999],[0,0,1],[-350,-140.8,0,0,0,0,1,1,1,1]],[8,"ans0",false,14,[-210,-211],[[16,40,638,-208],[3,1,0,-209,[219],220]],[0,"92gEkPyldM25fYnVkzdqDD",1],[5,700,153.35999999999999],[0,0,1],[-350,-50.4,0,0,0,0,1,1,1,1]],[8,"ans0",false,15,[-214,-215],[[16,40,638,-212],[3,1,0,-213,[229],230]],[0,"79rNKnZZRGV6jqOLyncGNC",1],[5,700,117.35999999999999],[0,0,1],[-350,-50.4,0,0,0,0,1,1,1,1]],[46,"messageitem",[-218],[[55,1,5,true,-216,[5,424,55]],[14,0,-217,[244],245]],[19,"d0Oo/nc5JMHIpI97ORkZX9",2,0],[5,424,55]],[47,"content",[3],[[56,false,1,2,5,5,-219,[5,190,701.2]]],[0,"036a4WKD5hBcbQJmMrbqoW8",9],[5,190,701.2],[0,0.5,1],[2.367,304.165,0,0,0,0,1,1,1,1]],[5,"text0",5,[-221,-222],[[15,"Q:How to take out ?",29,false,1,2,"content0/text0",-220,[42]]],[0,"d1Gxt/5gJIN7S9Q0Ah1HDy",1],[5,256.3,50.4],[0,0,1],[-338,0,0,0,0,0,1,1,1,1]],[5,"text1",5,[-224,-225],[[38,"Q:How to add cash to my account ?",29,1,"content0/text1",-223,[53]]],[0,"73FrER5HRAXLFw6V1dftj4",1],[5,459.4,50.4],[0,0,1],[-338,-72.4,0,0,0,0,1,1,1,1]],[5,"text2",5,[-227,-228],[[15,"Q:How to collect bonus?",29,false,1,2,"content0/text2",-226,[64]]],[0,"2aFiaq7YVL6JG+lnUYaFi2",1],[5,314.33,50.4],[0,0,1],[-338,-144.8,0,0,0,0,1,1,1,1]],[5,"text3",5,[-230,-231],[[15,"Q:How to get gift by inviting friends?",29,false,1,2,"content0/text3",-229,[74]]],[0,"b2Y0mQMjNNULyZV5C09n7T",1],[5,464.23,50.4],[0,0,1],[-338,-217.20000000000002,0,0,0,0,1,1,1,1]],[5,"text4",5,[-233,-234],[[15,"Q:How to follow up on withdrawal progress?",29,false,1,2,"content0/text4",-232,[84]]],[0,"a2OF9Sov5PTbeSIWxW6Xyk",1],[5,565.77,50.4],[0,0,1],[-338,-289.6,0,0,0,0,1,1,1,1]],[5,"text0",7,[-236,-237],[[15,"Q:How to add cash to my account ?",29,false,1,2,"content1/text0",-235,[94]]],[0,"4510VO8nRKZYxnPf5GhrSj",1],[5,459.4,50.4],[0,0,1],[-338,0,0,0,0,0,1,1,1,1]],[5,"text1",7,[-239,-240],[[15,"Q:No receive money?Money debited from my\nbank account/UPI ?",29,false,1,2,"content1/text1",-238,[105]]],[0,"74yLY91cdFxL23IgpORpwr",1],[5,583.47,90.4],[0,0,1],[-338,-90.4,0,0,0,0,1,1,1,1]],[5,"text0",4,[-242,-243],[[15,"Q:How to take out ?",29,false,1,2,"content2/text0",-241,[115]]],[0,"99f567pzxK9q+itw0PKf/e",1],[5,256.3,50.4],[0,0,1],[-338,0,0,0,0,0,1,1,1,1]],[5,"text1",4,[-245,-246],[[15,"Q:About Minimum amount of taking out",29,false,1,2,"content2/text1",-244,[126]]],[0,"4fcYFaWqZMc45czHIemQhy",1],[5,502.91,50.4],[0,0,1],[-338,-90.4,0,0,0,0,1,1,1,1]],[5,"text2",4,[-248,-249],[[15,"Q:Reason for taking out failure",29,false,1,2,"content2/text2",-247,[136]]],[0,"0faEkdsAdKhpuUb3dJ0AwN",1],[5,393.33,50.4],[0,0,1],[-338,-180.8,0,0,0,0,1,1,1,1]],[5,"text3",4,[-251,-252],[[15,"Q:Taking out processing?",29,false,1,2,"content2/text3",-250,[146]]],[0,"67K4mgAGVBpreFZ0mUBei3",1],[5,327.24,50.4],[0,0,1],[-338,-271.20000000000005,0,0,0,0,1,1,1,1]],[5,"text4",4,[-254,-255],[[15,"Q:How to follow up on Taking out progress ?",29,false,1,2,"content2/text4",-253,[156]]],[0,"2fWxUs00VF/4JOiBa8+nlx",1],[5,569.03,50.4],[0,0,1],[-338,-361.6,0,0,0,0,1,1,1,1]],[5,"text5",4,[-257,-258],[[15,"Q:The Take out shows success,\n but I did not receive the money ?",29,false,1,2,"content2/text5",-256,[166]]],[0,"4d3RuEQzVIe79BilJQmOGu",1],[5,428.81,90.4],[0,0,1],[-338,-452,0,0,0,0,1,1,1,1]],[5,"text6",4,[-260,-261],[[15,"Q:Sometimes succeeds and sometimes\nfails when Taking out ?",29,false,1,2,"content2/text6",-259,[176]]],[0,"98aztMQu5Pha1bfAexurlL",1],[5,510.93,90.4],[0,0,1],[-338,-582.4,0,0,0,0,1,1,1,1]],[5,"text7",4,[-263,-264],[[15,"Q:Taking out on the day exceeds the upper limit ?",29,false,1,2,"content2/text7",-262,[186]]],[0,"fegJNe5NBCqb3Cht6luHHL",1],[5,636.77,50.4],[0,0,1],[-338,-712.8,0,0,0,0,1,1,1,1]],[5,"text0",8,[-266,-267],[[15,"Q:How to collect bonus ?",29,false,1,2,"content3/text0",-265,[196]]],[0,"f5bCV+DNZPWpunk68ESaj7",1],[5,322.38,50.4],[0,0,1],[-338,0,0,0,0,0,1,1,1,1]],[5,"text1",8,[-269,-270],[[15,"Q:How to use bonus?",29,false,1,2,"content3/text1",-268,[206]]],[0,"f9ZB6WUMVNiYH9gZuMqzSF",1],[5,278.88,50.4],[0,0,1],[-338,-90.4,0,0,0,0,1,1,1,1]],[5,"text0",14,[-272,-273],[[15,"Q:How to get gift by inviting friends?",29,false,1,2,"content4/text0",-271,[216]]],[0,"dd8XKA37FFDbO6osJAn4uK",1],[5,464.23,50.4],[0,0,1],[-338,0,0,0,0,0,1,1,1,1]],[5,"text0",15,[-275,-276],[[38,"Q:I need more help ?",29,1,"content5/text0",-274,[226]]],[0,"cdyfbkcYhDiaYEMIBV6DHd",1],[5,272.44,50.4],[0,0,1],[-338,0,0,0,0,0,1,1,1,1]],[27,"btn_green_shop",false,2,[-279],[[14,2,-277,[239],240],[40,0.9,3,-278,[[22,"2f29d2Qdt1H3qL19Vf5rQAr","messageBtnClick",2]]]],[19,"6dUTpg589EebfShVBPqarw",2,0],[5,250,89],[0,-261.929,0,0,0,0,1,1,1,0]],[2,"messageNode",2,[37],[[57,1,1,80,-280,[5,424,55]]],[19,"c4HVzcU6hA751ohZ6qGFad",2,0],[5,424,55],[136.933,-250.222,0,0,0,0,1,1,1,1]],[2,"btn_green1",37,[-283],[[4,-281,[242],243],[30,3,-282,[[22,"2f29d2Qdt1H3qL19Vf5rQAr","onClickmessageBtn",2]]]],[19,"49SSSOCRxFEJw1q8GE4L8V",2,0],[5,250,89],[-112,0,0,0,0,0,1,0.8,0.8,0]],[2,"view",9,[38],[[66,0,-284,[38]]],[0,"c1dc9Kk/CRJqaNnBOP4YGDS",9],[5,250,578.8],[0,-36.7,0,0,0,0,1,1,1,1]],[2,"Background",16,[-286],[[14,0,-285,[9],10]],[0,"12e439SyJxPm6pHTRj/H92b",3],[5,286.9,129.6],[0,0,0,0,0,0,1,0.8,0.8,1]],[49,"checkmark",16,[-288],[-287],[0,"d5f81EvT59O3IYhi0b8awdA",3],[5,292.2,132.7],[0,0,0,0,0,0,1,0.8,0.8,1]],[20,"Withdraw",63,[[21,"Hot issue",33.8,42.7,false,1,1,3,1,"toggleContainer1",-289,[11]],[41,2,-290,[4,4279784106]]],[0,"bd1cn2dfdO/52wXy59RR4J",3],[4,4284934399],[5,253.3,56.92],[0.39,0.246,0,0,0,0,1,1,1,1]],[2,"Background",17,[-292],[[23,0,false,-291,[14],15]],[0,"23182iNXjhGfbiM+k2MoPhG",3],[5,286.9,129.6],[0,0,0,0,0,0,1,0.8,0.8,1]],[28,"checkmark",false,17,[-294],[-293],[0,"67160qO3xZPvYfuiiHVaiyt",3],[5,292.2,132.7],[0,0,0,0,0,0,1,0.8,0.8,1]],[20,"Withdraw",66,[[21,"About Recharge",33.8,42.7,false,1,1,3,1,"toggleContainer2",-295,[16]],[26,-296,[4,4279784106]]],[0,"3bNcfPFiFOeJBHhszCY5nK",3],[4,4284934399],[5,253.3,31.5],[0,3,0,0,0,0,1,1,1,1]],[2,"Background",18,[-298],[[23,0,false,-297,[19],20]],[0,"7042dNy6Q1OmYWrdrd+O8Q7",3],[5,286.9,129.6],[0,0,0,0,0,0,1,0.8,0.8,1]],[28,"checkmark",false,18,[-300],[-299],[0,"faafbv5RyVCB5deTlAulXVo",3],[5,292.2,132.7],[0,0,0,0,0,0,1,0.8,0.8,1]],[20,"Withdraw",69,[[39,"About Amount\r\nTaking Out",33.8,42.7,1,1,3,1,"toggleContainer3",-301,[21]],[26,-302,[4,4279784106]]],[0,"00SxJ8sedB2aH1N6LacZMc",3],[4,4284934399],[5,253.3,49.72],[0,3,0,0,0,0,1,1,1,1]],[2,"Background",19,[-304],[[23,0,false,-303,[24],25]],[0,"e2IZ3qEoNAkZEzqTFQW0o4",3],[5,286.9,129.6],[0,0,0,0,0,0,1,0.8,0.8,1]],[28,"checkmark",false,19,[-306],[-305],[0,"05GlcWnEJKWIQbYLrZBPR0",3],[5,292.2,132.7],[0,0,0,0,0,0,1,0.8,0.8,1]],[20,"Withdraw",72,[[21,"About Bonus",33.8,42.7,false,1,1,3,1,"toggleContainer4",-307,[26]],[26,-308,[4,4279784106]]],[0,"aeSb/de2NPFaK9BKrFm9Pt",3],[4,4284934399],[5,253.3,28.98],[0,3,0,0,0,0,1,1,1,1]],[2,"Background",20,[-310],[[23,0,false,-309,[29],30]],[0,"de09bndchAJKDkh2eiG0Hi",3],[5,286.9,129.6],[0,0,0,0,0,0,1,0.8,0.8,1]],[28,"checkmark",false,20,[-312],[-311],[0,"17FpOKxi5CG5XbUy8cjLI4",3],[5,292.2,132.7],[0,0,0,0,0,0,1,0.8,0.8,1]],[20,"Withdraw",75,[[21,"Invite Friends",33.8,42.7,false,1,1,3,1,"toggleContainer5",-313,[31]],[26,-314,[4,4279784106]]],[0,"27toMwNDdBHZeDiFGFJgz/",3],[4,4284934399],[5,253.3,31.5],[0,3,0,0,0,0,1,1,1,1]],[2,"Background",21,[-316],[[23,0,false,-315,[34],35]],[0,"15zi8kPiVLoaYp/nANMno9",3],[5,286.9,129.6],[0,0,0,0,0,0,1,0.8,0.8,1]],[28,"checkmark",false,21,[-318],[-317],[0,"fbEOK1E7xJMrjJ75K8bM8n",3],[5,292.2,132.7],[0,0,0,0,0,0,1,0.8,0.8,1]],[20,"Withdraw",78,[[21,"More Help",33.8,42.7,false,1,1,3,1,"toggleContainer6",-319,[36]],[26,-320,[4,4279784106]]],[0,"d5AkVC741O14vTtI9lYQy8",3],[4,4284934399],[5,253.3,28.98],[0,3,0,0,0,0,1,1,1,1]],[5,"view",1,[6],[[67,-321,[233]]],[0,"c1dc9Kk/CRJqaNnBOP4YGDS",1],[5,740,554],[0,0.5,1],[20,252,0,0,0,0,1,1,1,1]],[2,"icon_round",39,[-323],[[11,-322,[41]]],[0,"58RFQulXFIW4UYW9j9iVHP",1],[5,55,55],[678.734,-28.059,0,0,0,0,1,1,1,1]],[20,"btn0",10,[[59,">>>Taking out Now?<<<",32,false,4,1,1,"content0/ans0/btn0",-324,[45]],[30,3,-325,[[22,"2f29d2Qdt1H3qL19Vf5rQAr","withdrawBtnClick",2]]]],[0,"e7UN+JOr9CybWLeTIabBG2",1],[4,4286635828],[5,348.7,50.4],[0,-142,0,0,0,0,1,1,1,0]],[2,"icon_round",40,[-327],[[11,-326,[52]]],[0,"17JhghSs5FtaEoDhzCo5EP",1],[5,55,55],[652,-34,0,0,0,0,1,1,1,1]],[20,"btn1",11,[[60,">>>Add Cash Now?<<<",26,false,1,1,"content0/ans1/btn1",-328,[56]],[30,3,-329,[[22,"2f29d2Qdt1H3qL19Vf5rQAr","addcashBtnClick",2]]]],[0,"a3xrYVGhhLuIW84cZT+OPY",1],[4,4286635828],[5,278.98,50.4],[0,-118.138,0,0,0,0,1,1,1,0]],[2,"icon_round",41,[-331],[[11,-330,[63]]],[0,"f6PwY3FUNGybbx0UZ0wzjR",1],[5,55,55],[652,-34,0,0,0,0,1,1,1,1]],[9,"ans2",22,[[32,"After verifying your mobile, you can get 10 bonus for free. \nAnother way to earned bonus is completing daily dash from \nyour recharged gift.",22,30,1,3,1,"content0/ans2/A",-332,[66]],[34,-333]],[0,"edtIH3kR5MdIGZlOaJFXJ8",1],[5,638,97.8],[0,0,1],[46.699,-6.021,0,0,0,0,1,1,1,1]],[2,"icon_round",42,[-335],[[11,-334,[73]]],[0,"ecF1y3+KRGnrBKI8CGGqmz",1],[5,55,55],[652,-23.517,0,0,0,0,1,1,1,1]],[9,"ans3",23,[[32,"Sir, if your friends sign up and download the game through\nyour share link, as long as they registered and recharged \nsuccessfully, you will be awarded certain percentage of \nrewardas according the rules .",22,30,1,3,1,"content0/ans3/A",-336,[76]],[34,-337]],[0,"9cv5nry81Gh6PO4nB7k1tl",1],[5,638,127.8],[0,0,1],[43.075,-3.372,0,0,0,0,1,1,1,1]],[2,"icon_round",43,[-339],[[11,-338,[83]]],[0,"cc5I0VFkJMD6XWddH8tcK1",1],[5,55,55],[652,-29.238,0,0,0,0,1,1,1,1]],[9,"ans4",24,[[32,"You can find out by following steps:\n1. Click to the certain page.\n2. Click the “'Record” button next to the Customer Service",22,30,1,3,1,"content0/ans4/A",-340,[86]],[34,-341]],[0,"0cudLYQxFFLYDxLSM0NmJF",1],[5,638,97.8],[0,0,1],[50.695,0,0,0,0,0,1,1,1,1]],[2,"icon_round",44,[-343],[[11,-342,[93]]],[0,"4173YErFRPFJ0HNO8zIcuG",1],[5,55,55],[652,-35.485,0,0,0,0,1,1,1,1]],[20,"btn0",12,[[30,3,-344,[[22,"2f29d2Qdt1H3qL19Vf5rQAr","addcashBtnClick",2]]],[61,">>>Add Cash<<<",28,false,4,1,"content1/ans0/btn0",-345,[96]]],[0,"69SFg+EtZD3rmf3sS2amX8",1],[4,4286635828],[5,221.07,50.4],[0,-105.734,0,0,0,0,1,1,1,0]],[2,"icon_round",45,[-347],[[11,-346,[104]]],[0,"03ojwczrhDj4gkIc7DcCuW",1],[5,55,55],[652,-41.424,0,0,0,0,1,1,1,1]],[2,"icon_round",46,[-349],[[11,-348,[114]]],[0,"1eq5aZgoJBrJeMbrveTEQa",1],[5,55,55],[652,-28,0,0,0,0,1,1,1,1]],[20,"btn0",13,[[62,">>>Taking out Now?<<<",28,false,1,"content2/ans0/btn0",-350,[118]],[30,3,-351,[[22,"2f29d2Qdt1H3qL19Vf5rQAr","withdrawBtnClick",2]]]],[0,"05p2yuQ89KwqlWSIVdIccR",1],[4,4286635828],[5,305.12,50.4],[0,-138.133,0,0,0,0,1,1,1,0]],[2,"icon_round",47,[-353],[[11,-352,[125]]],[0,"bdgg/8L4FAzrBHehYn90Rb",1],[5,55,55],[652,-28,0,0,0,0,1,1,1,1]],[2,"icon_round",48,[-355],[[11,-354,[135]]],[0,"20wW2XQBpIabXCDFyqrlGi",1],[5,55,55],[652,-28,0,0,0,0,1,1,1,1]],[2,"icon_round",49,[-357],[[11,-356,[145]]],[0,"88WmeTntBGO4UJmMEC7jmf",1],[5,55,55],[652,-28,0,0,0,0,1,1,1,1]],[2,"icon_round",50,[-359],[[11,-358,[155]]],[0,"4eovfBntNB8Zd3Qz+MLUA9",1],[5,55,55],[652,-28,0,0,0,0,1,1,1,1]],[2,"icon_round",51,[-361],[[11,-360,[165]]],[0,"2fwq32idhAHLLWLx0+TQGN",1],[5,55,55],[652,-51,0,0,0,0,1,1,1,1]],[2,"icon_round",52,[-363],[[11,-362,[175]]],[0,"52Lyp2wQVEGqKaT9STbqLQ",1],[5,55,55],[652,-51,0,0,0,0,1,1,1,1]],[2,"icon_round",53,[-365],[[11,-364,[185]]],[0,"14auNQEfRBl56dndp4Yh7U",1],[5,55,55],[652,-30.931,0,0,0,0,1,1,1,1]],[2,"icon_round",54,[-367],[[11,-366,[195]]],[0,"9dLJRVpOhJn7Czlks77iTC",1],[5,55,55],[652,-34,0,0,0,0,1,1,1,1]],[2,"icon_round",55,[-369],[[11,-368,[205]]],[0,"b71XAI6hhK/qCtCbyb/0cg",1],[5,55,55],[652,-34,0,0,0,0,1,1,1,1]],[2,"icon_round",56,[-371],[[11,-370,[215]]],[0,"e3EsKxaqVOtIHyc28hZyFX",1],[5,55,55],[652,-34,0,0,0,0,1,1,1,1]],[2,"icon_round",57,[-373],[[11,-372,[225]]],[0,"583WOTgLRBYYqiEQmXzoeK",1],[5,55,55],[652,-34,0,0,0,0,1,1,1,1]],[1,"btnClose",2,[[4,-374,[236],237],[40,0.9,3,-375,[[22,"2f29d2Qdt1H3qL19Vf5rQAr","onHide",2]]]],[19,"14MpDeoXBNipvYGm5A4mq0",2,0],[5,51,51],[462.514,294.444,0,0,0,0,1,1,1,0]],[1,"Message",58,[[17,"Message",28,1,1,-376,[238]],[26,-377,[4,4278190080]]],[19,"cbQvK8VO5IrrpIs3rduQil",2,0],[5,115.61,52.4],[0,13.736,0,0,0,0,1,1,1,1]],[1,"New Label",60,[[63,"Contact",35,false,1,1,1,2,"SupportPopup/SupportPopup/messageNode/btn_green1",-378,[241]],[41,2,-379,[4,4279064589]]],[19,"efd2ira3lDOL3fcl2YTWML",2,0],[5,124.62,54.4],[0,10.464,0,0,0,0,1,1,1,1]],[1,"bg",2,[[14,0,-380,[0],1]],[19,"d4kmJN1xBLLID+vMMXjcsE",2,0],[5,1036,689],[0,-3,0,0,0,0,1,1,1,1]],[1,"faq",2,[[4,-381,[2],3]],[19,"3eF5YCMl9EVo42v51xLsIE",2,0],[5,97,38],[0.935,292.829,0,0,0,0,1,1,1,1]],[48,"title_service",false,2,[[4,-382,[4],5]],[19,"42l9IkHDxIJZ0gwfljID7l",2,0],[5,89,35],[0,265.597,0,0,0,0,1,1,1,1]],[1,"box_frame_1",2,[[3,1,0,-383,[6],7]],[19,"5dudXlIdFNvKsOEaC/5Jbd",2,0],[5,737.9,556.3],[121,-29.9,0,0,0,0,1,1,1,1]],[6,"Withdraw",62,[[21,"Hot issue",33.8,42.7,false,1,1,3,1,"toggleContainer1",-384,[8]]],[0,"90yMRPJz1D8KS8IHoiu1kB",3],[5,253.3,52.92]],[24,0,false,63,[12]],[1,"Withdraw",65,[[21,"About Recharge",33.8,42.7,false,1,1,3,1,"toggleContainer2",-385,[13]]],[0,"a15mQNkp9K3qSGY6K+g/GF",3],[5,253.3,52.92],[0,3,0,0,0,0,1,1,1,1]],[24,0,false,66,[17]],[1,"Withdraw",68,[[39,"About Amount\r\nTaking Out",33.8,42.7,1,1,3,1,"toggleContainer3",-386,[18]]],[0,"a5d3DgesxMAI3fZnQEz5vk",3],[5,253.3,94.91999999999999],[0,3,0,0,0,0,1,1,1,1]],[24,0,false,69,[22]],[1,"Withdraw",71,[[21,"About Bonus",33.8,42.7,false,1,1,3,1,"toggleContainer4",-387,[23]]],[0,"a73SQM7ZtBW6V6YH22wITJ",3],[5,253.3,52.92],[0,3,0,0,0,0,1,1,1,1]],[24,0,false,72,[27]],[1,"Withdraw",74,[[21,"Invite Friends",33.8,42.7,false,1,1,3,1,"toggleContainer5",-388,[28]]],[0,"51qibI4oJOdp6BCA8ClPAI",3],[5,253.3,52.92],[0,3,0,0,0,0,1,1,1,1]],[24,0,false,75,[32]],[1,"Withdraw",77,[[21,"More Help",33.8,42.7,false,1,1,3,1,"toggleContainer6",-389,[33]]],[0,"6cyIk/JYxAFJ4aD87CGT5y",3],[5,253.3,52.92],[0,3,0,0,0,0,1,1,1,1]],[24,0,false,78,[37]],[45,"content",2,[1],[19,"43Clj7MopPoqyMF9ovwQV3",2,0],[113.694,-3,0,0,0,0,1,1,1,1]],[1,"icon_round_arrow",81,[[23,2,false,-390,[39],40]],[0,"12izkjsFJCQ4aidOzZpQ1S",1],[5,29,21],[0,1.433,0,0,0,0,1,1,1,1]],[1,"btn",39,[[13,-391,[[12,"2f29d2Qdt1H3qL19Vf5rQAr","onTitBtnClick","00",2]]]],[0,"1dtcHWBSxLeItNggD/V5cv",1],[5,725.9,55],[344.7,-32,0,0,0,0,1,1,1,1]],[10,"A",10,[[31,"A:",29,1,1,1,-392,[43]]],[0,"c6i+URwoJLR458BK/3xCJm",1],[4,4284927318],[5,27.4,50.4],[0,0,1],[-338,172.4,0,0,0,0,1,1,1,1]],[9,"ct0",10,[[32,"To take out your amount follow these steps:\n\n1. Click to the certain page.\n\n2.Enter Amount.\n\n3. Bind and verify your account.\n\n4. Complete the steps to finish your application.\n\nNote: You can take out only after verifying your related \n\naccount information \"",23,23,1,3,1,"content0/ans0/ct0",-393,[44]]],[0,"c2T4vDIqhBOq/LTQrns0ju",1],[5,663.18,304.98],[0,0,1],[-306,160.366,0,0,0,0,1,1,1,1]],[7,"xian",5,[-394],[0,"49wr/kn4VD4YE46lvZF74r",1],[5,100,22],[0,-61.4,0,0,0,0,1,1,1,1]],[6,"xian",131,[[14,0,-395,[48],49]],[0,"aduJZvZJRMMJwYGVnWawC9",1],[5,708,2]],[1,"icon_round_arrow",83,[[4,-396,[50],51]],[0,"84KPoY/ZBMtrKv2KGr1bwZ",1],[5,29,21],[26.949,4.931,0,0,0,0,1,1,1,1]],[1,"btn",40,[[13,-397,[[12,"2f29d2Qdt1H3qL19Vf5rQAr","onTitBtnClick","01",2]]]],[0,"09dyv8PWNNSqQPCn0qeZEF",1],[5,725.9,55],[338,-32,0,0,0,0,1,1,1,1]],[10,"A",11,[[31,"A:",29,1,1,1,-398,[54]]],[0,"42Ied0dA5Groo6gpVcmK/i",1],[4,4284927318],[5,27.4,50.4],[0,0,1],[-333.893,143.288,0,0,0,0,1,1,1,1]],[9,"ct1",11,[[64,"You can add cash via E-wallet account or Bank Card.\nClick on “ADD CASH” button and follow the steps to add cash.\nIf you encounter any problems when recharging, please contact \nour customer service, we will help you to fix it as soon as possible.  ",22,1,3,1,"content0/ans1/ct1",-399,[55]]],[0,"0884Mt9WZEy7fZ4jasMT9J",1],[5,638,210.39999999999998],[0,0,1],[-297.894,141.984,0,0,0,0,1,1,1,1]],[7,"xian",5,[-400],[0,"03mLbNG5tNTbdu5GOCUrel",1],[5,100,22],[0,-133.8,0,0,0,0,1,1,1,1]],[6,"xian",137,[[3,1,0,-401,[59],60]],[0,"535v+v389I27TpuRXpfpr9",1],[5,708,2]],[1,"icon_round_arrow",85,[[4,-402,[61],62]],[0,"caN2gqhTpJypfc1Szu3EjJ",1],[5,29,21],[26.949,3.945,0,0,0,0,1,1,1,1]],[1,"btn",41,[[13,-403,[[12,"2f29d2Qdt1H3qL19Vf5rQAr","onTitBtnClick","02",2]]]],[0,"c3UxuccolAaqc8h7+7Enxv",1],[5,725.9,55],[338,-32,0,0,0,0,1,1,1,1]],[10,"A",22,[[31,"A:",29,1,1,1,-404,[65]]],[0,"67RtrtTTRKZabT+JlNsjxL",1],[4,4284927318],[5,27.4,50.4],[0,0,1],[12.577,2.4,0,0,0,0,1,1,1,1]],[7,"xian",5,[-405],[0,"116vE5pVlMM4yA8LI3pkuv",1],[5,100,22],[0,-206.20000000000002,0,0,0,0,1,1,1,1]],[6,"xian",142,[[3,1,0,-406,[69],70]],[0,"acPYgTxTNEKrvMYj3VxOoK",1],[5,708,2]],[1,"btn",42,[[13,-407,[[12,"2f29d2Qdt1H3qL19Vf5rQAr","onTitBtnClick","03",2]]]],[0,"36/RXZr5pAKrJnNv/Lu/UE",1],[5,725.9,55],[338,-32,0,0,0,0,1,1,1,1]],[1,"icon_round_arrow",87,[[4,-408,[71],72]],[0,"d4iKu8rKJBNJHvzkYx/dbf",1],[5,29,21],[26.949,-5.657,0,0,0,0,1,1,1,1]],[10,"A",23,[[31,"A:",29,1,1,1,-409,[75]]],[0,"3dW4SJJP9MKLVkAmgKPzKF",1],[4,4284927318],[5,27.4,50.4],[0,0,1],[12.577,6.451,0,0,0,0,1,1,1,1]],[7,"xian",5,[-410],[0,"a6OVoCf0hOqZXIfmt844eV",1],[5,100,22],[0,-278.6,0,0,0,0,1,1,1,1]],[6,"xian",147,[[3,1,0,-411,[79],80]],[0,"2dRaEzA1hGcIqAE9HhjX9O",1],[5,708,2]],[1,"btn",43,[[13,-412,[[12,"2f29d2Qdt1H3qL19Vf5rQAr","onTitBtnClick","04",2]]]],[0,"04oGRqhj5CwYvvN8xOtY+a",1],[5,725.9,55],[338,-32,0,0,0,0,1,1,1,1]],[1,"icon_round_arrow",89,[[4,-413,[81],82]],[0,"53eCchGKRJpbcMmf+3QGwO",1],[5,29,21],[26.949,0,0,0,0,0,1,1,1,1]],[10,"A",24,[[31,"A:",29,1,1,1,-414,[85]]],[0,"ecK/MAzqdFR5yL21eFj2Yd",1],[4,4284927318],[5,27.4,50.4],[0,0,1],[13.821,5.852,0,0,0,0,1,1,1,1]],[7,"xian",5,[-415],[0,"f4Y056ffNDd4/oliGWYWFM",1],[5,100,22],[0,-351,0,0,0,0,1,1,1,1]],[6,"xian",152,[[3,1,0,-416,[89],90]],[0,"89IkHWEONGF6d0XbJK4wec",1],[5,708,2]],[1,"icon_round_arrow",91,[[4,-417,[91],92]],[0,"44k8Sgdj9MbKqUvOQ1wX0n",1],[5,29,21],[23.618,8.519,0,0,0,0,1,1,1,1]],[1,"btn",44,[[13,-418,[[12,"2f29d2Qdt1H3qL19Vf5rQAr","onTitBtnClick","10",2]]]],[0,"e92dGR/6VB3qZU9yuIKpFE",1],[5,680,100],[338,-56,0,0,0,0,1,1,1,1]],[9,"ct0",12,[[65,"You can add cash via E-wallet account or Bank Card.\nClick on “ADD CASH” button and follow the steps to add cash.\nIf you encounter any problems when recharging, please \ncontact our customer service, we will help you to fix it as \nsoon as possible.",22,1,3,"content1/ans0/ct0",-419,[95]]],[0,"54bvE7635Er6c2dk9rLLdk",1],[5,638,210.39999999999998],[0,0,1],[-305.216,143.396,0,0,0,0,1,1,1,1]],[10,"A",12,[[17,"A:",29,1,1,-420,[97]]],[0,"e5SxYMWYJI9ruxvqZpGT/t",1],[4,4284927318],[5,27.4,50.4],[0,0,1],[-337.216,145.996,0,0,0,0,1,1,1,1]],[7,"xian",7,[-421],[0,"6eD4FoqQpCj76DVbIqpri7",1],[5,100,40],[0,-70.4,0,0,0,0,1,1,1,1]],[6,"xian",158,[[3,1,0,-422,[100],101]],[0,"afvTuYPMNKq5raeTXTSY/M",1],[5,708,2]],[1,"icon_round_arrow",93,[[4,-423,[102],103]],[0,"20cwrfgE1NbIgxWu3dTFbC",1],[5,29,21],[23.618,8.519,0,0,0,0,1,1,1,1]],[1,"btn",45,[[13,-424,[[12,"2f29d2Qdt1H3qL19Vf5rQAr","onTitBtnClick","11",2]]]],[0,"8bHlyqX1RCQKQEGZkBjg89",1],[5,680,100],[338,-54,0,0,0,0,1,1,1,1]],[10,"A",25,[[17,"A:",29,1,1,-425,[106]]],[0,"44juwzeH9O5LyBt4YoMwf0",1],[4,4284927318],[5,27.4,50.4],[0,0,1],[12.846,0,0,0,0,0,1,1,1,1]],[9,"ans1",25,[[18,"Sir, we very sorry, recharge may be delayed due to network \n problems of the bank. If you don't receive the money within \n 24 hours: Click the “Support” button below to contact \n customer service\n 1. Screenshot of successful payment\n 2. Your Transaction Order ID\n Don't worry, you will get your recharge amount back in \n the game. If you have any questions, please do not hesitate to \n contact us in “Support” page.",24,30,1,3,"content1/ans1/A",-426,[107]]],[0,"f8yhT5JX1Mh6AuTYxpR9Ix",1],[5,638,307.8],[0,0,1],[44.846,-6.248,0,0,0,0,1,1,1,1]],[7,"xian",7,[-427],[0,"d9dCJ70epGfYOIQPZXFhK+",1],[5,100,40],[0,-200.8,0,0,0,0,1,1,1,1]],[6,"xian",164,[[3,1,0,-428,[110],111]],[0,"1a0uRj5+tN2qwAnXHCF22V",1],[5,708,2]],[1,"icon_round_arrow",94,[[4,-429,[112],113]],[0,"4epfC1wIFKfo9+z1cFxh9o",1],[5,29,21],[24.6,2.061,0,0,0,0,1,1,1,1]],[1,"btn",46,[[13,-430,[[12,"2f29d2Qdt1H3qL19Vf5rQAr","onTitBtnClick","20",2]]]],[0,"6bHNqoxKtLM6Nty9xfUSEt",1],[5,680,55],[338,-32,0,0,0,0,1,1,1,1]],[9,"ct0",13,[[18,"To take out your amount follow these steps:\n1. Click to the certain page.\n2. Enter Amount.\n3. Choose/Add account.\n4. complete the guidng steps to finish your application.\nNote: You can take out only after verifying your related account information",22,36,1,3,"content2/ans0/ct0",-431,[116]]],[0,"ca2qoQg7hKwKBVtnB8QEZ+",1],[5,638,261.36],[0,0,1],[-303.856,163.078,0,0,0,0,1,1,1,1]],[10,"A",13,[[17,"A:",29,1,1,-432,[117]]],[0,"3eJi0AimFCXrfpkIR2h1Uc",1],[4,4284927318],[5,27.4,50.4],[0,0,1],[-335.856,165.678,0,0,0,0,1,1,1,1]],[7,"xian",4,[-433],[0,"e1cqE6QLlA7rN7RzY8Sfiy",1],[5,7,40],[0,-70.4,0,0,0,0,1,1,1,1]],[6,"xian",170,[[14,0,-434,[121],122]],[0,"8d7CHuuvlOEaPmI3RJ7+Qx",1],[5,708,2]],[1,"btn",47,[[13,-435,[[12,"2f29d2Qdt1H3qL19Vf5rQAr","onTitBtnClick","21",2]]]],[0,"137TZN2tBJLYIB2lrMETZv",1],[5,680,55],[338,-32,0,0,0,0,1,1,1,1]],[1,"icon_round_arrow",96,[[4,-436,[123],124]],[0,"f1/4PqOFVMl7E5e+yKM8mG",1],[5,29,21],[24.6,2.061,0,0,0,0,1,1,1,1]],[10,"A",26,[[17,"A:",29,1,1,-437,[127]]],[0,"6ajLq0GyRKWqmSpDmWuV5P",1],[4,4284927318],[5,27.4,50.4],[0,0,1],[12.39,2.6,0,0,0,0,1,1,1,1]],[9,"ans1",26,[[18,"If your taking out balance exceeds 100 local currency, you can \napply. It will be credited to the account in time. Sometimes it \nmay take 24 hours to reach your personal account.",22,36,1,3,"content2/ans1",-438,[128]]],[0,"0aVsUJ6OVEgYphD7L5izTy",1],[5,638,117.35999999999999],[0,0,1],[43.206,-1.506,0,0,0,0,1,1,1,1]],[7,"xian",4,[-439],[0,"1f4/cEbTtARaZ9bSllDFJB",1],[5,7,40],[0,-160.8,0,0,0,0,1,1,1,1]],[6,"xian",176,[[14,0,-440,[131],132]],[0,"66jbW6X6VNnatNZWd8NMkK",1],[5,708,2]],[1,"btn",48,[[13,-441,[[12,"2f29d2Qdt1H3qL19Vf5rQAr","onTitBtnClick","22",2]]]],[0,"36X73GqTtFMpbfGExKugGC",1],[5,680,55],[338,-32,0,0,0,0,1,1,1,1]],[1,"icon_round_arrow",97,[[4,-442,[133],134]],[0,"d826NlCdtNJZLA7TpYoh/0",1],[5,29,21],[24.6,2.061,0,0,0,0,1,1,1,1]],[10,"A",27,[[17,"A:",29,1,1,-443,[137]]],[0,"b5bqr8imZE7rgLUSbLdQmg",1],[4,4284927318],[5,27.4,50.4],[0,0,1],[12.846,2.6,0,0,0,0,1,1,1,1]],[9,"ans2",27,[[18,"1. Your account information is incorrectly filled\n2. Your account was rejected, please use another account or Cards.\n3. Please confirm that your information is correct. If your take \nout request failed, it will be refunded to you via in-app Message.",22,36,1,3,"content2/ans2",-444,[138]]],[0,"09ZDTqUDJIxI6Rok2il9lM",1],[5,638,189.35999999999999],[0,0,1],[44.846,0.07,0,0,0,0,1,1,1,1]],[7,"xian",4,[-445],[0,"6ewhYcfsVDTp0Nhq09xH45",1],[5,7,40],[0,-251.20000000000002,0,0,0,0,1,1,1,1]],[6,"xian",182,[[14,0,-446,[141],142]],[0,"68brymYDtAxaiUZLzpv0qc",1],[5,708,2]],[1,"btn",49,[[13,-447,[[12,"2f29d2Qdt1H3qL19Vf5rQAr","onTitBtnClick","23",2]]]],[0,"efxzzscpBMs5gAjAdffrK2",1],[5,680,55],[338,-32,0,0,0,0,1,1,1,1]],[1,"icon_round_arrow",98,[[4,-448,[143],144]],[0,"1bT0qQDbREzIsosw/dSU2Y",1],[5,29,21],[24.6,2.061,0,0,0,0,1,1,1,1]],[10,"A",28,[[17,"A:",29,1,1,-449,[147]]],[0,"3f5P8+zvFEUIuVMaf2PXCz",1],[4,4284927318],[5,27.4,50.4],[0,0,1],[12.577,2.6,0,0,0,0,1,1,1,1]],[9,"ans3",28,[[18,"Dear Sir, your taking out application is on processing it.\n Usually it will be processed in time, and will be completed\nwithin 24 hours. But sometimes it takes 1-7 days to \nprocess.",22,36,1,3,"content2/ans3",-450,[148]]],[0,"157PE0L1FDgqIZl+I3XylI",1],[5,638,153.35999999999999],[0,0,1],[44.577,-2.171,0,0,0,0,1,1,1,1]],[7,"xian",4,[-451],[0,"065b4b6TVAVbGS4tnJdZxc",1],[5,7,40],[0,-341.6,0,0,0,0,1,1,1,1]],[6,"xian",188,[[14,0,-452,[151],152]],[0,"d2e/qkJEtFy6Th9Gnu4h9W",1],[5,708,2]],[1,"btn",50,[[13,-453,[[12,"2f29d2Qdt1H3qL19Vf5rQAr","onTitBtnClick","24",2]]]],[0,"1ckq0zgVtJYYMXCraLKany",1],[5,680,55],[338,-32,0,0,0,0,1,1,1,1]],[1,"icon_round_arrow",99,[[4,-454,[153],154]],[0,"013NJYujxAWLZhZqdKX/1p",1],[5,29,21],[24.6,2.061,0,0,0,0,1,1,1,1]],[10,"A",29,[[17,"A:",29,1,1,-455,[157]]],[0,"9fmoEo3JFP2rHLbGTqXQC3",1],[4,4284927318],[5,27.4,50.4],[0,0,1],[12.577,2.6,0,0,0,0,1,1,1,1]],[9,"ans4",29,[[18,"You can find out by following steps:\n1. Click to the certain page.\n2. Click the “record” button next to the Customer Service",22,36,1,3,"content2/ans4",-456,[158]]],[0,"89lAdwIptH9YTpXzucRG3W",1],[5,638,117.35999999999999],[0,0,1],[44.577,-2.433,0,0,0,0,1,1,1,1]],[7,"xian",4,[-457],[0,"35TeCA4XdJpJc1LVPu282x",1],[5,7,40],[0,-432,0,0,0,0,1,1,1,1]],[6,"xian",194,[[14,0,-458,[161],162]],[0,"09TWslHk5NrbjCWfe7iqxA",1],[5,708,2]],[1,"btn",51,[[13,-459,[[12,"2f29d2Qdt1H3qL19Vf5rQAr","onTitBtnClick","25",2]]]],[0,"25elHxm5FHuZ3DJ+VoIu4A",1],[5,680,100],[338,-53,0,0,0,0,1,1,1,1]],[1,"icon_round_arrow",100,[[4,-460,[163],164]],[0,"d8HFyitN5J1ZHgi6711IrY",1],[5,29,21],[24.6,2.061,0,0,0,0,1,1,1,1]],[10,"A",30,[[17,"A:",29,1,1,-461,[167]]],[0,"adS2S1UwtFG7Iq8zzsqK4K",1],[4,4284927318],[5,27.4,50.4],[0,0,1],[11.358,1.6,0,0,0,0,1,1,1,1]],[9,"ans5",30,[[18,"Sir, usually when you successfully take out, it will be added\nto your account in time. However, sometimes due to network delays,\nit may be added to your account within 1-7 working days. If it\nhasn't been added to your account after 3 working days, please\nclick the “Support” button below to contact our customer service.",22,36,1,3,"content2/ans5",-462,[168]]],[0,"e8kTS40cpIJbJg1HvyP86q",1],[5,638,225.35999999999999],[0,0,1],[43.358,0.944,0,0,0,0,1,1,1,1]],[7,"xian",4,[-463],[0,"daVmOAuDRIdIoHcgO/bKEf",1],[5,7,40],[0,-562.4,0,0,0,0,1,1,1,1]],[6,"xian",200,[[14,0,-464,[171],172]],[0,"a7ACZIqc1NC7rqUlFd88PE",1],[5,708,2]],[1,"btn",52,[[13,-465,[[12,"2f29d2Qdt1H3qL19Vf5rQAr","onTitBtnClick","26",2]]]],[0,"21KWNbJmlLSrAvjr3FcXxx",1],[5,680,100],[338,-53,0,0,0,0,1,1,1,1]],[1,"icon_round_arrow",101,[[4,-466,[173],174]],[0,"d9bdvxsWtDGpDIpxS9Bw5F",1],[5,29,21],[24.6,3.437,0,0,0,0,1,1,1,1]],[10,"A",31,[[17,"A:",29,1,1,-467,[177]]],[0,"d6OjY/M4BItIUWqdSyLJ7f",1],[4,4284927318],[5,27.4,50.4],[0,0,1],[12.577,1.6,0,0,0,0,1,1,1,1]],[9,"ans6",31,[[18,"Sir, In the normal situation, your take out will be approved and\narrive to account in time. But sometimes due to the busy network system,\nyour application of certain account is rejected, Or your account was\npending in their risk control systems.\nOnce failed, Please try\nyour other cards or account, and take out again later.",22,36,1,3,"content2/ans6",-468,[178]]],[0,"8eQekH5+hF7KQiJu+RZMvh",1],[5,638,297.36],[0,0,1],[44.577,0.054,0,0,0,0,1,1,1,1]],[7,"xian",4,[-469],[0,"38DBAdd8xHY7j00FVmDvEQ",1],[5,7,40],[0,-692.8,0,0,0,0,1,1,1,1]],[6,"xian",206,[[14,0,-470,[181],182]],[0,"00SyOUBeVE8p0FOIHOh1hv",1],[5,708,2]],[1,"btn",53,[[13,-471,[[12,"2f29d2Qdt1H3qL19Vf5rQAr","onTitBtnClick","27",2]]]],[0,"f7lrECqlFECKGVviz9BDhe",1],[5,680,100],[338,-53,0,0,0,0,1,1,1,1]],[1,"icon_round_arrow",102,[[4,-472,[183],184]],[0,"ffG36b22VD8p8/CZlAgJYF",1],[5,29,21],[24.6,2.061,0,0,0,0,1,1,1,1]],[10,"A",32,[[17,"A:",29,1,1,-473,[187]]],[0,"752NylydVIioBDspyDF8nl",1],[4,4284927318],[5,27.4,50.4],[0,0,1],[12.735,1.6,0,0,0,0,1,1,1,1]],[9,"ans7",32,[[18,"For the safety of players’ money, each account can only take out\n5 times a day. If you have been restricted on the day, please\ncontinue to apply for taking out tomorrow.",22,36,1,3,"content2/ans7",-474,[188]]],[0,"7cvqcIKaJJx5fwGk3OvBB5",1],[5,638,117.35999999999999],[0,0,1],[44.735,-1.036,0,0,0,0,1,1,1,1]],[7,"xian",4,[-475],[0,"61qHx0NuhNYJT757gHh2/k",1],[5,7,40],[0,-783.1999999999999,0,0,0,0,1,1,1,1]],[6,"xian",212,[[14,0,-476,[191],192]],[0,"11vQgQBTBOOb9U6YZSRZDJ",1],[5,708,2]],[1,"icon_round_arrow",103,[[4,-477,[193],194]],[0,"5820+1525GiL0oAgUCKwhC",1],[5,29,21],[23.114,7.214,0,0,0,0,1,1,1,1]],[1,"btn",54,[[13,-478,[[12,"2f29d2Qdt1H3qL19Vf5rQAr","onTitBtnClick","30",2]]]],[0,"cckK2gPbdGd5qhXhQnE0d+",1],[5,680,55],[338,-32,0,0,0,0,1,1,1,1]],[10,"A",33,[[17,"A:",29,1,1,-479,[197]]],[0,"f5AapYQ1RIypH6qSly3CYw",1],[4,4284927318],[5,27.4,50.4],[0,0,1],[12.846,2,0,0,0,0,1,1,1,1]],[9,"ans0",33,[[18,"After verifying your mobile, you can get 10 bonus for free.\nAnother way to earned bonus is completing daily dash\nfrom your recharged gift",22,36,1,3,"content3/ans0",-480,[198]]],[0,"0btDWR0tpDxqJ6AFOF2Zwo",1],[5,638,117.35999999999999],[0,0,1],[44.846,-3.503,0,0,0,0,1,1,1,1]],[7,"xian",8,[-481],[0,"e8U8y5a5tJzLoEb/WnZFlG",1],[5,100,40],[0,-70.4,0,0,0,0,1,1,1,1]],[6,"xian",218,[[14,0,-482,[201],202]],[0,"14ka8DtvdE5IFL0IIQZ8Js",1],[5,708,2]],[1,"icon_round_arrow",104,[[4,-483,[203],204]],[0,"4aTh8bNgVBprI/4U9qVSXw",1],[5,29,21],[23.114,7.214,0,0,0,0,1,1,1,1]],[1,"btn",55,[[13,-484,[[12,"2f29d2Qdt1H3qL19Vf5rQAr","onTitBtnClick","31",2]]]],[0,"13GK1PQKFJuItdNwxWN4mw",1],[5,680,55],[338,-32,0,0,0,0,1,1,1,1]],[10,"A",34,[[17,"A:",29,1,1,-485,[207]]],[0,"bbB+ZCQPBFEKdFVs8EluYS",1],[4,4284927318],[5,27.4,50.4],[0,0,1],[12.735,2.8,0,0,0,0,1,1,1,1]],[9,"ans1",34,[[18,"When you play a game, 80% of the money you lost in the gamewill be returned to your bonus balance, and you couldconvert it into cash balance according the rules.",22,36,1,3,"When you play a game, 80% of the money you lost in the gamewill be returned to your bonus balance, and you couldconvert it into cash balance according the rules.",-486,[208]]],[0,"37Mnc+WjZGRZaRHmYtteAN",1],[5,638,117.35999999999999],[0,0,1],[44.735,0.468,0,0,0,0,1,1,1,1]],[7,"xian",8,[-487],[0,"edq5TAtfhEnJL6enBkymlQ",1],[5,100,40],[0,-160.8,0,0,0,0,1,1,1,1]],[6,"xian",224,[[14,0,-488,[211],212]],[0,"bf+lDnCDRHNLuCFdJQb7i4",1],[5,708,2]],[1,"icon_round_arrow",105,[[4,-489,[213],214]],[0,"86iYqOMypIh5S1Q4OmFTQJ",1],[5,29,21],[23.963,6.79,0,0,0,0,1,1,1,1]],[1,"btn",56,[[13,-490,[[12,"2f29d2Qdt1H3qL19Vf5rQAr","onTitBtnClick","40",2]]]],[0,"c0itWhyN5PMJWiIzgDmV/V",1],[5,680,55],[338,-32,0,0,0,0,1,1,1,1]],[10,"A",35,[[17,"A:",29,1,1,-491,[217]]],[0,"edLNPrmwtFy5DK2A1Ksgy+",1],[4,4284927318],[5,27.4,50.4],[0,0,1],[13.434,2,0,0,0,0,1,1,1,1]],[9,"ans0",35,[[18,"Sir, if your friends sign up and download the game through\nyour share link, as long as they registered and recharged\nsuccessfully, you will be awarded certain percentage of\nrewardas according the rules .",22,36,1,3,"content4/ans0",-492,[218]]],[0,"e3pI3b3TlF76VyTxm7qxqR",1],[5,638,153.35999999999999],[0,0,1],[45.434,-0.502,0,0,0,0,1,1,1,1]],[7,"xian",14,[-493],[0,"65Vm+2qRlFA4IZnjYIuSnL",1],[5,100,40],[0,-70.4,0,0,0,0,1,1,1,1]],[6,"xian",230,[[14,0,-494,[221],222]],[0,"222N628OVIYrxPdVfhXQNs",1],[5,708,2]],[1,"icon_round_arrow",106,[[4,-495,[223],224]],[0,"e4tCMeAqRG/bc7/61Qgte6",1],[5,29,21],[24.056,7.517,0,0,0,0,1,1,1,1]],[1,"btn",57,[[13,-496,[[12,"2f29d2Qdt1H3qL19Vf5rQAr","onTitBtnClick","50",2]]]],[0,"49TIfibN1E267CYSETzzGi",1],[5,680,55],[338,-32,0,0,0,0,1,1,1,1]],[10,"A",36,[[17,"A:",29,1,1,-497,[227]]],[0,"96WZLwlaJAv7ssJf/fkA8P",1],[4,4284927318],[5,27.4,50.4],[0,0,1],[12.39,1.6,0,0,0,0,1,1,1,1]],[9,"ans0",36,[[18,"If you have any questions, please press “Support” button to\ncontact us in time, we will deal with your questions after receiving\n the message, and reply you as soon as possible",22,36,1,3,"content5/ans0",-498,[228]]],[0,"79OWaVmDNPi6WS+MpvS0qK",1],[5,638,117.35999999999999],[0,0,1],[44.39,-1.152,0,0,0,0,1,1,1,1]],[7,"xian",15,[-499],[0,"53DcRXQ2ZPIp4heWLCDtk5",1],[5,100,40],[0,-70.4,0,0,0,0,1,1,1,1]],[6,"xian",236,[[3,1,0,-500,[231],232]],[0,"b5UEiMoNJF6af8bLzvTrwK",1],[5,708,2]],[37,false,0.75,0.23,null,null,1,6]],0,[0,6,1,0,0,1,0,-2,238,0,-1,80,0,6,2,0,7,59,0,8,37,0,9,238,0,10,6,0,-1,5,0,-2,7,0,-3,4,0,-4,8,0,-5,14,0,-6,15,0,0,2,0,-1,110,0,-2,111,0,-3,112,0,-4,113,0,-5,9,0,-6,126,0,-7,107,0,-8,58,0,-9,59,0,6,3,0,0,3,0,0,3,0,-1,16,0,-2,17,0,-3,18,0,-4,19,0,-5,20,0,-6,21,0,0,4,0,-1,46,0,-2,13,0,-3,170,0,-4,47,0,-5,26,0,-6,176,0,-7,48,0,-8,27,0,-9,182,0,-10,49,0,-11,28,0,-12,188,0,-13,50,0,-14,29,0,-15,194,0,-16,51,0,-17,30,0,-18,200,0,-19,52,0,-20,31,0,-21,206,0,-22,53,0,-23,32,0,-24,212,0,0,5,0,-1,39,0,-2,10,0,-3,131,0,-4,40,0,-5,11,0,-6,137,0,-7,41,0,-8,22,0,-9,142,0,-10,42,0,-11,23,0,-12,147,0,-13,43,0,-14,24,0,-15,152,0,-2,7,0,-4,8,0,-5,14,0,-6,15,0,0,7,0,-1,44,0,-2,12,0,-3,158,0,-4,45,0,-5,25,0,-6,164,0,0,8,0,-1,54,0,-2,33,0,-3,218,0,-4,55,0,-5,34,0,-6,224,0,6,9,0,11,38,0,0,9,0,-1,61,0,0,10,0,0,10,0,-1,129,0,-2,130,0,-3,82,0,0,11,0,0,11,0,-1,135,0,-2,136,0,-3,84,0,0,12,0,0,12,0,-1,156,0,-2,92,0,-3,157,0,0,13,0,0,13,0,-1,168,0,-2,169,0,-3,95,0,0,14,0,-1,56,0,-2,35,0,-3,230,0,0,15,0,-1,57,0,-2,36,0,-3,236,0,4,115,0,5,16,0,0,16,0,-1,62,0,-2,63,0,4,117,0,5,17,0,0,17,0,-1,65,0,-2,66,0,4,119,0,5,18,0,0,18,0,-1,68,0,-2,69,0,4,121,0,5,19,0,0,19,0,-1,71,0,-2,72,0,4,123,0,5,20,0,0,20,0,-1,74,0,-2,75,0,4,125,0,5,21,0,0,21,0,-1,77,0,-2,78,0,0,22,0,0,22,0,-1,141,0,-2,86,0,0,23,0,0,23,0,-1,146,0,-2,88,0,0,24,0,0,24,0,-1,151,0,-2,90,0,0,25,0,0,25,0,-1,162,0,-2,163,0,0,26,0,0,26,0,-1,174,0,-2,175,0,0,27,0,0,27,0,-1,180,0,-2,181,0,0,28,0,0,28,0,-1,186,0,-2,187,0,0,29,0,0,29,0,-1,192,0,-2,193,0,0,30,0,0,30,0,-1,198,0,-2,199,0,0,31,0,0,31,0,-1,204,0,-2,205,0,0,32,0,0,32,0,-1,210,0,-2,211,0,0,33,0,0,33,0,-1,216,0,-2,217,0,0,34,0,0,34,0,-1,222,0,-2,223,0,0,35,0,0,35,0,-1,228,0,-2,229,0,0,36,0,0,36,0,-1,234,0,-2,235,0,0,37,0,0,37,0,-1,60,0,0,38,0,0,39,0,-1,81,0,-2,128,0,0,40,0,-1,83,0,-2,134,0,0,41,0,-1,85,0,-2,140,0,0,42,0,-1,144,0,-2,87,0,0,43,0,-1,149,0,-2,89,0,0,44,0,-1,91,0,-2,155,0,0,45,0,-1,93,0,-2,161,0,0,46,0,-1,94,0,-2,167,0,0,47,0,-1,172,0,-2,96,0,0,48,0,-1,178,0,-2,97,0,0,49,0,-1,184,0,-2,98,0,0,50,0,-1,190,0,-2,99,0,0,51,0,-1,196,0,-2,100,0,0,52,0,-1,202,0,-2,101,0,0,53,0,-1,208,0,-2,102,0,0,54,0,-1,103,0,-2,215,0,0,55,0,-1,104,0,-2,221,0,0,56,0,-1,105,0,-2,227,0,0,57,0,-1,106,0,-2,233,0,0,58,0,0,58,0,-1,108,0,0,59,0,0,60,0,0,60,0,-1,109,0,0,61,0,0,62,0,-1,114,0,-1,115,0,-1,64,0,0,64,0,0,64,0,0,65,0,-1,116,0,-1,117,0,-1,67,0,0,67,0,0,67,0,0,68,0,-1,118,0,-1,119,0,-1,70,0,0,70,0,0,70,0,0,71,0,-1,120,0,-1,121,0,-1,73,0,0,73,0,0,73,0,0,74,0,-1,122,0,-1,123,0,-1,76,0,0,76,0,0,76,0,0,77,0,-1,124,0,-1,125,0,-1,79,0,0,79,0,0,79,0,0,80,0,0,81,0,-1,127,0,0,82,0,0,82,0,0,83,0,-1,133,0,0,84,0,0,84,0,0,85,0,-1,139,0,0,86,0,0,86,0,0,87,0,-1,145,0,0,88,0,0,88,0,0,89,0,-1,150,0,0,90,0,0,90,0,0,91,0,-1,154,0,0,92,0,0,92,0,0,93,0,-1,160,0,0,94,0,-1,166,0,0,95,0,0,95,0,0,96,0,-1,173,0,0,97,0,-1,179,0,0,98,0,-1,185,0,0,99,0,-1,191,0,0,100,0,-1,197,0,0,101,0,-1,203,0,0,102,0,-1,209,0,0,103,0,-1,214,0,0,104,0,-1,220,0,0,105,0,-1,226,0,0,106,0,-1,232,0,0,107,0,0,107,0,0,108,0,0,108,0,0,109,0,0,109,0,0,110,0,0,111,0,0,112,0,0,113,0,0,114,0,0,116,0,0,118,0,0,120,0,0,122,0,0,124,0,0,127,0,0,128,0,0,129,0,0,130,0,-1,132,0,0,132,0,0,133,0,0,134,0,0,135,0,0,136,0,-1,138,0,0,138,0,0,139,0,0,140,0,0,141,0,-1,143,0,0,143,0,0,144,0,0,145,0,0,146,0,-1,148,0,0,148,0,0,149,0,0,150,0,0,151,0,-1,153,0,0,153,0,0,154,0,0,155,0,0,156,0,0,157,0,-1,159,0,0,159,0,0,160,0,0,161,0,0,162,0,0,163,0,-1,165,0,0,165,0,0,166,0,0,167,0,0,168,0,0,169,0,-1,171,0,0,171,0,0,172,0,0,173,0,0,174,0,0,175,0,-1,177,0,0,177,0,0,178,0,0,179,0,0,180,0,0,181,0,-1,183,0,0,183,0,0,184,0,0,185,0,0,186,0,0,187,0,-1,189,0,0,189,0,0,190,0,0,191,0,0,192,0,0,193,0,-1,195,0,0,195,0,0,196,0,0,197,0,0,198,0,0,199,0,-1,201,0,0,201,0,0,202,0,0,203,0,0,204,0,0,205,0,-1,207,0,0,207,0,0,208,0,0,209,0,0,210,0,0,211,0,-1,213,0,0,213,0,0,214,0,0,215,0,0,216,0,0,217,0,-1,219,0,0,219,0,0,220,0,0,221,0,0,222,0,0,223,0,-1,225,0,0,225,0,0,226,0,0,227,0,0,228,0,0,229,0,-1,231,0,0,231,0,0,232,0,0,233,0,0,234,0,0,235,0,-1,237,0,0,237,0,12,2,1,3,126,3,3,38,4,3,6,5,3,6,6,3,80,37,3,59,38,3,61,500],[0,0,0,0,0,0,0,0,0,0,0,0,0,0,0,0,0,0,0,0,0,0,0,0,0,0,0,0,0,0,0,0,0,0,0,0,0,0,0,0,0,0,0,0,0,0,0,0,0,0,0,0,0,0,0,0,0,0,0,0,0,0,0,0,0,0,0,0,0,0,0,0,0,0,0,0,0,0,0,0,0,0,0,0,0,0,0,0,0,0,0,0,0,0,0,0,0,0,0,0,0,0,0,0,0,0,0,0,0,0,0,0,0,0,0,0,0,0,0,0,0,0,0,0,0,0,0,0,0,0,0,0,0,0,0,0,0,0,0,0,0,0,0,0,0,0,0,0,0,0,0,0,0,0,0,0,0,0,0,0,0,0,0,0,0,0,0,0,0,0,0,0,0,0,0,0,0,0,0,0,0,0,0,0,0,0,0,0,0,0,0,0,0,0,0,0,0,0,0,0,0,0,0,0,0,0,0,0,0,0,0,0,0,0,0,0,0,0,0,0,0,0,0,0,0,0,0,0,0,0,0,0,0,0,0,0,0,0,0,0,0,0,0,0,0,0,115,117,119,121,123,125],[-1,1,-1,1,-1,1,-1,1,-1,-1,1,-1,-1,-1,-1,1,-1,-1,-1,-1,1,-1,-1,-1,-1,1,-1,-1,-1,-1,1,-1,-1,-1,-1,1,-1,-1,-1,-1,1,-1,-1,-1,-1,-1,-1,1,-1,1,-1,1,-1,-1,-1,-1,-1,-1,1,-1,1,-1,1,-1,-1,-1,-1,-1,1,-1,1,-1,1,-1,-1,-1,-1,-1,1,-1,1,-1,1,-1,-1,-1,-1,-1,1,-1,1,-1,1,-1,-1,-1,-1,-1,-1,1,-1,1,-1,1,-1,-1,-1,-1,-1,1,-1,1,-1,1,-1,-1,-1,-1,-1,-1,1,-1,1,-1,1,-1,-1,-1,-1,-1,1,-1,1,-1,1,-1,-1,-1,-1,-1,1,-1,1,-1,1,-1,-1,-1,-1,-1,1,-1,1,-1,1,-1,-1,-1,-1,-1,1,-1,1,-1,1,-1,-1,-1,-1,-1,1,-1,1,-1,1,-1,-1,-1,-1,-1,1,-1,1,-1,1,-1,-1,-1,-1,-1,1,-1,1,-1,1,-1,-1,-1,-1,-1,1,-1,1,-1,1,-1,-1,-1,-1,-1,1,-1,1,-1,1,-1,-1,-1,-1,-1,1,-1,1,-1,1,-1,-1,-1,-1,-1,1,-1,1,-1,-1,1,-1,1,-1,-1,1,-1,-1,1,-1,1,1,1,1,1,1,1],[0,9,0,10,0,11,0,1,0,0,5,0,0,0,0,5,0,0,0,0,5,0,0,0,0,5,0,0,0,0,5,0,0,0,0,5,0,0,0,0,2,0,0,0,0,0,0,1,0,3,0,2,0,0,0,0,0,0,1,0,3,0,2,0,0,0,0,0,1,0,3,0,2,0,0,0,0,0,1,0,3,0,2,0,0,0,0,0,1,0,3,0,2,0,0,0,0,0,0,1,0,3,0,2,0,0,0,0,0,1,0,3,0,2,0,0,0,0,0,0,1,0,3,0,2,0,0,0,0,0,1,0,3,0,2,0,0,0,0,0,1,0,3,0,2,0,0,0,0,0,1,0,3,0,2,0,0,0,0,0,1,0,3,0,2,0,0,0,0,0,1,0,3,0,2,0,0,0,0,0,1,0,3,0,2,0,0,0,0,0,1,0,3,0,2,0,0,0,0,0,1,0,3,0,2,0,0,0,0,0,1,0,3,0,2,0,0,0,0,0,1,0,3,0,2,0,0,0,0,0,1,0,3,0,0,12,0,13,0,0,7,0,0,7,0,14,6,6,6,6,6,6]],[[{"name":"01","rect":[695,222,97,38],"offset":[0,0],"originalSize":[97,38],"capInsets":[0,0,0,0]}],[2],0,[0],[2],[4]],[[{"name":"07","rect":[3,749,669,1],"offset":[0,0],"originalSize":[669,1],"capInsets":[0,0,0,0]}],[2],0,[0],[2],[4]],[[{"name":"02","rect":[666,526,217,99],"offset":[0,0],"originalSize":[217,99],"rotated":1,"capInsets":[92,39,104,46]}],[2],0,[0],[2],[4]],[[{"name":"04","rect":[695,266,29,21],"offset":[0,0],"originalSize":[29,21],"capInsets":[0,0,0,0]}],[2],0,[0],[2],[4]],[[{"name":"FAQ","rect":[0,0,89,35],"offset":[0,0],"originalSize":[89,35],"capInsets":[0,0,0,0]}],[2],0,[0],[2],[15]]]]