[1,["9bGRZmx5dAsK7OOf9Vv3Ss"],["_textureSetter"],["cc.SpriteFrame"],0,[[[{"name":"bouns_img_main","rect":[2,2,672,637],"offset":[0,-5],"originalSize":[672,647],"capInsets":[0,0,0,0]}],[0],0,[0],[0],[0]],[[{"name":"bouns_img_bottle_2","rect":[676,2,365,332],"offset":[0,0],"originalSize":[367,334],"rotated":1,"capInsets":[0,0,0,0]}],[0],0,[0],[0],[0]],[[{"name":"di_bonusshuezidi","rect":[531,641,176,106],"offset":[0,0],"originalSize":[178,106],"rotated":1,"capInsets":[0,0,0,0]}],[0],0,[0],[0],[0]],[[{"name":"bouns_btn_help","rect":[2,964,42,42],"offset":[0,0],"originalSize":[42,42],"capInsets":[0,0,0,0]}],[0],0,[0],[0],[0]],[[{"name":"di_xiedaidi","rect":[118,641,411,108],"offset":[-1,-1],"originalSize":[415,110],"capInsets":[0,0,0,0]}],[0],0,[0],[0],[0]],[[{"name":"biaoti_bonus","rect":[2,665,297,114],"offset":[0,0],"originalSize":[299,114],"rotated":1,"capInsets":[0,0,0,0]}],[0],0,[0],[0],[0]],[[{"name":"bouns_img_bottle","rect":[676,369,323,294],"offset":[0,0],"originalSize":[325,294],"capInsets":[0,0,0,0]}],[0],0,[0],[0],[0]]]]