[1,["ecpdLyjvZBwrvm+cedCcQy","2bI89CgUFIWb//wDedQXoL","f0BIwQ8D5Ml7nTNQbh1YlS","68hO9j6kRCe6QIIC65ZqyZ","75zqU+YYtIQarGdGkoh7fd","09sS8YD4BOMYApJQxHgFzV","b2tRkk86ZAIIC0X12Y2EM6","18LwGdq+xKeapNp79QxA9P","c6ilyVNPhJ1728bb4ckcoD","59rAE7EWBOY6nleOGEPnnf","b1jyjwgf5M+K+FgeHiLId4","feTm9cekxJmIgJ5W4i5Woy","6fe0kI2xVG1Y+PeUS7vr2t","abOxHk6axJCb3yVupODQhE","25QJLjCutL2auBH6Zylb6T"],["node","_spriteFrame","_textureSetter","root","priceNode","payment","nameLabel","data","_parent","_N$file"],[["cc.Node",["_name","_opacity","_prefab","_components","_contentSize","_parent","_children","_trs","_color"],1,4,9,5,1,2,7,5],"cc.SpriteFrame",["cc.Widget",["_alignFlags","_originalWidth","_originalHeight","_left","_right","_top","_bottom","_horizontalCenter","node"],-5,1],["cc.PrefabInfo",["fileId","root","asset"],2,1,1],["cc.Label",["_string","_fontSize","_N$horizontalAlign","_N$verticalAlign","_styleFlags","_isSystemFontUsed","node","_materials","_N$file"],-3,1,3,6],["cc.Sprite",["_type","_sizeMode","node","_materials","_spriteFrame"],1,1,3,6],["cc.Prefab",["_name"],2],["cc.Node",["_name","_parent","_components","_prefab","_contentSize","_trs"],2,1,12,4,5,7],["0c56cb8a1RMt68dUxDrqYnK",["node","payment","priceNode"],3,1,1,1],["6a3bawhzNpG4Y2KWFS3pkxV",["node","nameLabel","bk"],3,1,1,3],["cc.BlockInputEvents",["node"],3,1],["cc.Layout",["_resize","_N$layoutType","_N$spacingX","node","_layoutSize"],0,1,5],["cc.LabelShadow",["node","_color","_offset"],3,1,5,5],["cc.Button",["node","clickEvents"],3,1,9],["cc.ClickEvent",["_componentId","handler","target"],1,1]],[[3,0,1,2,2],[0,0,5,3,2,4,7,2],[5,0,1,2,3,4,3],[0,0,5,6,3,2,4,7,2],[5,2,3,4,1],[0,0,6,3,2,4,7,2],[2,0,8,2],[13,0,1,1],[14,0,1,2,3],[6,0,2],[0,0,5,6,2,2],[0,0,1,5,3,2,8,4,3],[0,0,5,3,2,4,2],[7,0,1,2,3,4,5,2],[2,0,3,4,5,6,7,1,2,8,9],[2,0,1,2,8,4],[8,0,1,2,1],[3,1,2,1],[3,0,1,2],[9,0,1,2,1],[10,0,1],[11,0,1,2,3,4,4],[12,0,1,2,1],[4,0,1,5,4,2,3,6,7,8,7],[4,0,1,4,2,3,6,7,6],[4,0,1,2,3,6,7,5]],[[[{"name":"04_2","rect":[0,0,405,44],"offset":[0,0],"originalSize":[405,44],"capInsets":[0,0,0,0]}],[1],0,[0],[2],[1]],[[[9,"PayChannelPopup"],[5,"PayChannelPopup",[-6,-7],[[6,45,-2],[16,-5,-4,-3]],[17,-1,0],[5,1520,720],[760,360,0,0,0,0,1,1,1,1]],[10,"pop",1,[-8,-9,-10,-11,-12,-13,-14],[0,"49cbcVHdBIfIUFROK/d0iI",1,0]],[5,"payment",[-19],[[2,1,0,-15,[15],16],[14,5,10.5,110.5,67.14999999999999,68.95,-60.5,179,108,-16],[19,-18,-17,[17,18]]],[0,"48kzBBeoJNlpuUl7fB+lw2",1,0],[5,185.2,63.900000000000006],[0,0.9000000000000057,0,0,0,0,1,1,1,1]],[11,"first_launch",180,1,[[2,1,0,-20,[0],1],[15,45,360,640,-21],[20,-22]],[0,"e5J8puwGVJXbiZM0wjGPFY",1,0],[4,4278190080],[5,1520,720]],[3,"payments",2,[3],[[6,16,-23],[21,1,1,20,-24,[5,185.2,200]]],[0,"61JRDlb1tDH7qxCusw103W",1,0],[5,185.2,200],[0,84.988,0,0,0,0,1,1,1,1]],[13,"payment_name",3,[[-26,[22,-27,[4,4278190080],[0,0,-1]]],1,4],[18,"2cvGeMlZtKYqiKKTxwqK9/",-25],[5,126.03,50.4],[-2.918,2.78,0,0,0,0,1,1,1,1]],[3,"popup_bk",2,[-29],[[2,1,0,-28,[4],5]],[0,"5eVhqm3iFCkJqGZz1gU4gX",1,0],[5,779,472],[2,-2,0,0,0,0,1,1,1,1]],[1,"label",2,[[23,"$",52.9,false,1,1,1,-30,[6],7]],[0,"48N0xAZ2VOTJUhhDBi9mw+",1,0],[5,32.33,40],[0.927,-55.236,0,0,0,0,1,1,1,1]],[1,"13",2,[[4,-31,[8],9],[7,-32,[[8,"0c56cb8a1RMt68dUxDrqYnK","makePayment",1]]]],[0,"2csDhUDHhIzb2ILag55Gbl",1,0],[5,174,67],[0.783,-131.181,0,0,0,0,1,1,1,1]],[3,"close",2,[-34],[[7,-33,[[8,"0c56cb8a1RMt68dUxDrqYnK","closePopup",1]]]],[0,"23QSCK9qVJ5qTrH4r6On/2",1,0],[5,100,100],[333.803,184.623,0,0,0,0,1,1,1,1]],[1,"01a",7,[[2,1,0,-35,[2],3]],[0,"80LSFrUn5Nu4wmGfHQOq2x",1,0],[5,701.3,317.2],[-1.7,-15.1,0,0,0,0,1,1,1,1]],[1,"15",2,[[4,-36,[10],11]],[0,"256ERHB9lPCbPV/WuiiFso",1,0],[5,405,44],[1.48,180.547,0,0,0,0,1,1,1,1]],[12,"New Sprite",10,[[4,-37,[12],13]],[0,"14op043nxMGa9gCJPGBQbB",1,0],[5,41,41]],[24,"ChinPay",31.5,1,1,1,6,[14]],[1,"New Label",2,[[25,"Please select a payment method",32,1,1,-38,[19]]],[0,"7ctwao/fpDELpx9bQWMz1/",1,0],[5,464.27,50.4],[1.428,15.211,0,0,0,0,1,1,1,1]]],0,[0,3,1,0,0,1,0,4,8,0,5,3,0,0,1,0,-1,4,0,-2,2,0,-1,7,0,-2,8,0,-3,9,0,-4,12,0,-5,10,0,-6,5,0,-7,15,0,0,3,0,0,3,0,6,14,0,0,3,0,-1,6,0,0,4,0,0,4,0,0,4,0,0,5,0,0,5,0,3,6,0,-1,14,0,0,6,0,0,7,0,-1,11,0,0,8,0,0,9,0,0,9,0,0,10,0,-1,13,0,0,11,0,0,12,0,0,13,0,0,15,0,7,1,3,8,5,38],[0,0,0,0,0,0,0,0,0,0,0,0,0,0,0,0,0,0,0,0],[-1,1,-1,1,-1,1,-1,9,-1,1,-1,1,-1,1,-1,-1,1,-1,-2,-1],[0,2,0,3,0,4,0,5,0,6,0,7,0,8,0,0,9,10,11,0]],[[{"name":"01_2","rect":[0,0,185,65],"offset":[0,0],"originalSize":[185,65],"capInsets":[0,0,0,0]}],[1],0,[0],[2],[12]],[[{"name":"03_2","rect":[0,0,174,67],"offset":[0,0],"originalSize":[174,67],"capInsets":[0,0,0,0]}],[1],0,[0],[2],[13]],[[{"name":"02_2","rect":[2,0,181,61],"offset":[0,2],"originalSize":[185,65],"capInsets":[0,0,0,0]}],[1],0,[0],[2],[14]]]]