[1,["03tl7qINVHrKzH2kdmZwjS","83QmtHjDRDMprOan7OcpFr"],["_textureSetter","spriteFrame"],["cc.SpriteFrame",["cc.BitmapFont",["_name","fontSize","_fntConfig"],0]],[[1,0,1,2,4]],[[[{"name":"recv_font-export","rect":[0,0,174,204],"offset":[-41,26],"originalSize":[256,256],"capInsets":[0,0,0,0]}],[0],0,[0],[0],[0]],[[[0,"recv_font-export",32,{"commonHeight":37,"fontSize":32,"atlasName":"recv_font-export.png","fontDefDictionary":{"9":{"xOffset":0,"yOffset":0,"xAdvance":128,"rect":{"x":0,"y":0,"width":0,"height":0}},"32":{"xOffset":0,"yOffset":0,"xAdvance":16,"rect":{"x":0,"y":0,"width":0,"height":0}},"48":{"xOffset":0,"yOffset":-29,"xAdvance":48,"rect":{"x":0,"y":0,"width":48,"height":66}},"49":{"xOffset":0,"yOffset":-30,"xAdvance":35,"rect":{"x":133,"y":138,"width":35,"height":66}},"50":{"xOffset":0,"yOffset":-31,"xAdvance":41,"rect":{"x":133,"y":70,"width":41,"height":67}},"51":{"xOffset":0,"yOffset":-32,"xAdvance":42,"rect":{"x":91,"y":0,"width":42,"height":69}},"52":{"xOffset":0,"yOffset":-30,"xAdvance":43,"rect":{"x":47,"y":67,"width":43,"height":67}},"53":{"xOffset":0,"yOffset":-30,"xAdvance":43,"rect":{"x":45,"y":136,"width":43,"height":67}},"54":{"xOffset":0,"yOffset":-30,"xAdvance":46,"rect":{"x":0,"y":67,"width":46,"height":68}},"55":{"xOffset":0,"yOffset":-30,"xAdvance":41,"rect":{"x":49,"y":0,"width":41,"height":66}},"56":{"xOffset":0,"yOffset":-30,"xAdvance":44,"rect":{"x":0,"y":136,"width":44,"height":67}},"57":{"xOffset":0,"yOffset":-30,"xAdvance":43,"rect":{"x":89,"y":135,"width":43,"height":67}}},"kerningDict":{}}]],0,0,[0],[1],[1]]]]