[1,["ecpdLyjvZBwrvm+cedCcQy","f0BIwQ8D5Ml7nTNQbh1YlS","d87X8cbk5CU6WYIjRKfyfY","e97GVMl6JHh5Ml5qEDdSGa","29FYIk+N1GYaeWH/q1NxQO","4bf60XFJZBjbHQkTX24YF9","c3uKfU5wJLRo5wThABuqlT","01v7M+YKhOe6OzX0r7ZyoO","b18OPhQn1F+J2P07CQy+EA","39Bnts8lZIe6Ry9WGfe6Ve","9bvaMerUlDyary99mJa6xp","edkhwTjw5LVbObZS+zNG5M","29/Ua/GlJB77BNX/zfdYcw","d9+okfgWJFurq1ppF/uyTw","013tSCFwtHvbMFMYAcI2uJ","1f/sSuP4xNQLLfdBEHUST9","0aEcIdKfRJ3K/RzgFDJAF7"],["node","_spriteFrame","_textureSetter","root","data","_parent","_N$normalSprite","_N$pressedSprite","_N$hoverSprite","_N$disabledSprite","centerContent","togglecontent","_N$target","_N$content","_pageView","page","leftItem","spriteFrame"],[["cc.Node",["_name","_objFlags","_active","_components","_prefab","_contentSize","_parent","_trs","_children","_anchorPoint","_color"],0,9,4,5,1,7,2,5,5],["cc.Sprite",["_sizeMode","_type","_enabled","_isTrimmedMode","node","_materials","_spriteFrame"],-1,1,3,6],"cc.SpriteFrame",["cc.Node",["_name","_parent","_components","_prefab","_contentSize","_trs","_children"],2,1,2,4,5,7,2],["cc.PrefabInfo",["fileId","root"],2,1],["cc.Button",["zoomScale","_N$transition","node","clickEvents","_N$normalColor","_N$pressedColor","_N$disabledColor","_N$target","_N$normalSprite","_N$pressedSprite","_N$hoverSprite","_N$disabledSprite"],1,1,9,5,5,5,1,6,6,6,6],["cc.ClickEvent",["_componentId","handler","customEventData","target"],0,1],["cc.Layout",["_resize","_N$layoutType","_N$spacingY","_N$paddingTop","node","_layoutSize"],-1,1,5],["cc.Prefab",["_name"],2],["827ddbKDSpMR7162koTjjD4",["node","togglecontent","centerContent","page","leftItem"],3,1,1,1,6,6],["cc.ScrollView",["horizontal","brake","bounceDuration","_N$horizontalScrollBar","_N$verticalScrollBar","node","_N$content"],-2,1,1],["cc.Widget",["alignMode","_alignFlags","_originalWidth","_originalHeight","node"],-1,1],["cc.Label",["_fontSize","_lineHeight","_styleFlags","_N$horizontalAlign","_N$verticalAlign","node","_materials"],-2,1,3],["cc.LabelOutline",["_width","node","_color"],2,1,5],["cc.Mask",["_N$alphaThreshold","node","_materials"],2,1,3],["cc.PageViewIndicator",["spacing","node","cellSize"],2,1,5],["cc.PageView",["bounceDuration","node","_N$content","_N$indicator"],2,1,1,1]],[[4,0,1,2],[0,0,2,6,8,3,4,5,7,3],[8,0,2],[0,0,6,8,3,4,5,7,2],[0,0,6,3,4,10,5,7,2],[4,1,1],[1,0,3,4,5,6,3],[1,4,5,6,1],[12,0,1,2,3,4,5,6,6],[13,0,1,2,2],[14,0,1,2,2],[0,0,8,3,4,2],[0,0,1,3,4,5,3],[0,0,3,4,5,9,7,2],[0,0,6,8,3,4,5,2],[0,0,1,6,8,3,4,5,3],[0,0,6,3,4,5,9,7,2],[0,0,6,3,4,5,2],[0,0,6,3,4,5,7,2],[0,0,3,4,5,7,2],[3,0,1,6,2,3,4,5,2],[3,0,1,2,3,4,5,2],[9,0,1,2,3,4,1],[5,0,1,2,3,4,5,6,7,8,9,10,11,3],[5,2,3,4,5,6,7,8,9,10,11,1],[6,0,1,3,3],[6,0,1,2,3,4],[1,2,1,0,4,5,6,4],[1,1,0,4,5,6,3],[1,1,0,4,5,3],[10,0,1,2,3,4,5,6,6],[11,0,1,2,3,4,5],[7,0,1,3,2,4,5,5],[7,0,1,2,4,5,4],[15,0,1,2,2],[16,0,1,2,3,2]],[[[{"name":"hd_biaoti","rect":[0,0,552,84],"offset":[0,0],"originalSize":[552,84],"capInsets":[0,0,0,0]}],[2],0,[0],[2],[5]],[[[2,"ActivityNoticePopup"],[11,"ActivityNoticePopup",[-5,-6,-7,-8,-9,-10],[[22,-4,-3,-2,24,25]],[5,-1]],[1,"LeftItem",false,1,[-14,-15],[[23,1.05,3,-13,[[25,"827ddbKDSpMR7162koTjjD4","ItemClick",1]],[4,4293322470],[4,4291348680],[4,3363338360],-12,16,17,18,19]],[0,"5c4z7sKaBAYZh4tUsUk122",-11],[5,239,79],[-446.813,193.393,0,0,0,0,1,0.92,0.95,0]],[3,"scrollview",1,[-20],[[27,false,1,0,-17,[21],22],[30,false,0.75,0.23,null,null,-19,-18]],[0,"batgL5zQxJ3pjfUb1iHZKz",-16],[5,190,530],[-446.813,-22.009,0,0,0,0,1,1,1,1]],[20,"Content",1,[-22,-23],[-21],[0,"c7K23RpMRDXreQ/Sl4wSXC",1],[5,884,560],[96.745,-35.993,0,0,0,0,1,1,1,1]],[12,"Background",512,[[28,1,0,-24,[4],5],[31,0,45,100,40,-25]],[0,"7b+f31jt5DDL2sm2Iu0LGA",1],[5,63,66]],[13,"content",[[32,1,2,10,15,-26,[5,239,89]]],[0,"036a4WKD5hBcbQJmMrbqoW8",3],[5,239,89],[0,0.5,1],[0,264.902,0,0,0,0,1,1,1,1]],[3,"CloseBtn",1,[5],[[24,-27,[[26,"827ddbKDSpMR7162koTjjD4","onClickItem","Close",1]],[4,4293322470],[4,4291348680],[4,3363338360],5,6,7,8,9]],[0,"4aqVqvcdZLFLfvUq9n+5aG",1],[5,63,66],[454.584,304.553,0,0,0,0,1,1,1,1]],[1,"Background",false,2,[-29],[[6,2,false,-28,[11],12]],[0,"c8rNE5tLFCkqpxdqzEBCZq",2],[5,239,79],[0,0,0,0,0,0,1,0.92,0.95,1]],[4,"Label",8,[[8,30,30,1,1,1,-30,[10]],[9,2,-31,[4,2147483648]]],[0,"540sXwd95EiaH33UDudlx1",2],[4,4290379261],[5,4,41.8],[3.059,0,0,0,0,0,1,1,1,1]],[1,"checkmark",false,2,[-33],[[6,2,false,-32,[14],15]],[0,"b43eJASEBL6aHh1h/YIPWS",2],[5,239,79],[0,0,0,0,0,0,1,0.92,0.95,1]],[4,"Label",10,[[8,30,30,1,1,1,-34,[13]],[9,2,-35,[4,2147483648]]],[0,"17fN4YpO1NM6twJKqk0L5h",2],[4,4290379261],[5,4,41.8],[3.059,0,0,0,0,0,1,1,1,1]],[14,"view",3,[6],[[10,0,-36,[20]]],[0,"c1dc9Kk/CRJqaNnBOP4YGDS",3],[5,250,530]],[15,"view",512,4,[-38],[[10,0,-37,[23]]],[0,"14CgxU03RPl50M0p5wNXj0",1],[5,884,560]],[16,"content",13,[[33,1,1,15,-39,[5,884,560]]],[0,"1c/pEgYw5LX5svmFf5ZPv/",1],[5,884,560],[0,0,0.5],[-441.3,0,0,0,0,0,1,1,1,1]],[17,"bg",1,[[7,-40,[0],1]],[0,"e8gBdzAkVDpo/exbvWl3hI",1],[5,1186,728]],[18,"TitleSprite",1,[[7,-41,[2],3]],[0,"a0F2Llxw5OX4Vra6jfCX+J",1],[5,552,84],[-236.746,304.553,0,0,0,0,1,1,1,1]],[21,"indicator",4,[-42],[0,"c99IF/q+dJ/JfvKtapZNd/",1],[5,100,27],[0,-249.169,0,0,0,0,1,1,1,1]],[34,32,17,[5,32,32]],[35,0.5,4,14,18]],0,[0,3,1,0,10,4,0,11,6,0,0,1,0,-1,15,0,-2,16,0,-3,7,0,-4,2,0,-5,3,0,-6,4,0,3,2,0,12,2,0,0,2,0,-1,8,0,-2,10,0,3,3,0,0,3,0,13,6,0,0,3,0,-1,12,0,-1,19,0,-1,13,0,-2,17,0,0,5,0,0,5,0,0,6,0,0,7,0,0,8,0,-1,9,0,0,9,0,0,9,0,0,10,0,-1,11,0,0,11,0,0,11,0,0,12,0,0,13,0,-1,14,0,0,14,0,0,15,0,0,16,0,-1,18,0,4,1,5,5,7,6,5,12,18,14,19,42],[0,0,0,0,0,0,0,0,0,0,0,0,0,0,0,0,0,0,0,0,0,0,0,0,0,0,18],[-1,1,-1,1,-1,1,6,7,8,9,-1,-1,1,-1,-1,1,6,7,8,9,-1,-1,1,-1,15,16,17],[0,6,0,7,0,2,2,3,1,4,0,0,8,0,0,9,1,3,1,4,0,0,10,0,11,12,13]],[[{"name":"hd_img_bg","rect":[0,0,1186,728],"offset":[0,0],"originalSize":[1186,728],"capInsets":[0,0,0,0]}],[2],0,[0],[2],[14]],[[{"name":"hd_btn_guanbi","rect":[0,0,63,66],"offset":[0,0],"originalSize":[63,66],"capInsets":[0,0,0,0]}],[2],0,[0],[2],[15]],[[{"name":"1","rect":[0,0,32,32],"offset":[0,0],"originalSize":[32,32],"capInsets":[0,0,0,0]}],[2],0,[0],[2],[16]],[[[2,"page"],[19,"page",[[29,1,0,-2,[0]]],[5,-1],[5,884,560],[442,0,0,0,0,0,1,1,1,1]]],0,[0,3,1,0,0,1,0,4,1,2],[0],[-1],[0]]]]