[1,["b9/bGUXt1C7YypJISloWUv","03gynPT1NHi4s2arMx5bGy","adGSnlI+5CjpOHPqcIubWp","d4n0VW+QNMxoc9dGGy2cfV","8bFGp6ViNIC7I7sjPVZke4","5dn/dGQHdM+YMMbyEBtSOV","ecpdLyjvZBwrvm+cedCcQy","03kaDsNt5I86TZqX1TvxYY","3aUMDSA2xGZ7D37MKys4+F","7eBwdHfWRBoIyswPlGb56c","bahzMfKw9ECLIAgyaEnkLL","84UIXai15FQ6xm01qGLapy","92q3N10KtHh7QLl3q5+Psm","f5sipMRdBPKoSyd1EF6mxX","a8o/rye2VCfYNw+vFh2urs","4aJIde86NMJpKOzTZsc7Zg","14BmA1SFFL2Zx90p6sYaG6"],["_textureSetter","node","root","data","_spriteFrame"],["cc.SpriteFrame",["cc.Prefab",["_name"],2],["cc.Node",["_name","_components","_prefab","_contentSize","_trs"],2,9,4,5,7],["cc.Sprite",["node","_materials","_spriteFrame"],3,1,3,6],["e31caYZL3JA34W8J7aZgbRV",["intervalTiem","node","spriteFrameList"],2,1,3],["cc.PrefabInfo",["root","asset"],3,1,1]],[[1,0,2],[2,0,1,2,3,4,2],[3,0,1,2,1],[4,0,1,2,2],[5,0,1,1]],[[[{"name":"01","rect":[0,0,81,82],"offset":[0,0],"originalSize":[81,82],"capInsets":[0,0,0,0]}],[0],0,[0],[0],[1]],[[{"name":"02","rect":[3,0,76,82],"offset":[0.5,0],"originalSize":[81,82],"capInsets":[0,0,0,0]}],[0],0,[0],[0],[2]],[[{"name":"03","rect":[14,1,53,81],"offset":[0,-0.5],"originalSize":[81,82],"capInsets":[0,0,0,0]}],[0],0,[0],[0],[3]],[[{"name":"05","rect":[28,0,26,82],"offset":[0.5,0],"originalSize":[81,82],"capInsets":[0,0,0,0]}],[0],0,[0],[0],[4]],[[{"name":"06","rect":[25,0,31,82],"offset":[0,0],"originalSize":[81,82],"capInsets":[0,0,0,0]}],[0],0,[0],[0],[5]],[[[0,"coin_collect_cell"],[1,"coin_collect_cell",[[2,-2,[0],1],[3,0.03,-3,[2,3,4,5,6,7,8,9]]],[4,-1,0],[5,53,81],[34.783,-81.431,0,0,0,0,1,1,1,1]]],0,[0,2,1,0,1,1,0,1,1,0,3,1,3],[0,0,0,0,0,0,0,0,0,0],[-1,4,-1,-2,-3,-4,-5,-6,-7,-8],[6,0,7,8,9,10,11,12,0,13]],[[{"name":"07","rect":[14,1,53,81],"offset":[0,-0.5],"originalSize":[81,82],"capInsets":[0,0,0,0]}],[0],0,[0],[0],[14]],[[{"name":"04","rect":[25,0,31,82],"offset":[0,0],"originalSize":[81,82],"capInsets":[0,0,0,0]}],[0],0,[0],[0],[15]],[[{"name":"08","rect":[3,0,76,82],"offset":[0.5,0],"originalSize":[81,82],"capInsets":[0,0,0,0]}],[0],0,[0],[0],[16]]]]