[1,["c8LN39UH9P9K8BR7BHiHsk","1fA6IMUX9EoJf/56Ko0fM+","bcbyUS/fxBEqYbwJCfO6WG","3fre3dMtFHeqzcuKQRlY+2","27xysCH5dOjbXvit0E8lPT","79pyyaCYdFbIctMnjitSXe","16sbT8uTdKILOw6Y9pNYHG","46p5CTkJROW7ybdAWKEqhr","8ex7aOBQ1OZ7QHRZEVwTmb","1dXAaYT4hCAoL8HCKrVUpj","8663na20FL+p0QDYkwngS6","8a8h15vR1KjoP4tCEfsfOL","daweijBcpCJJ/TTsd0dXE2","3fNAZ0gIdMtaVglRLz4hI4","2cM/IVqC1JKaDtQmvkMDvO","4fZPVydMJJMKoXSPjOF4Ff","bcWm3MM8NNrKXwIvUbz9A1","1evH/at8FLD4YPHna/YYRr","e6a8X01odGdYMqEuXCVEr2","52umLsItBBYaWhE3xcluDM","45zcw8fYBNkpQ33B89aYKv","215sdMS9JFA6pFz/Rb3dRO","1cEVrsDSNIEpZyh8ZyfJjM","4dneBsHfxNYaiJiDV8pS1C","97IkcVfltCTIE6X4vZsQ3q","davRaCT8xGQKgWXKxEdOEQ","56ecvjfPFEgLjlBK8LLf/B","75QdABU+NLxbPzw5URqqWg"],["_textureSetter","LUCKY","add","auto1_img","auto2_img","auto_img","autostop_img","bet","dating","free","freespin_img","freespins_baxi_fast","freespins_baxi_fast1","goodluck_img","guize_img","help","j","jb","jia","max_img2","shangbg","spin_img","stop_img","stopauto_img","xiabg","zhizhen","zhizhen2","zhuanpan"],["cc.SpriteFrame",["cc.SpriteAtlas",["_name","_spriteFrames"],2,11]],[[1,0,1,2]],[[[{"name":"autostop_img","rect":[620,800,212,78],"offset":[0,0],"originalSize":[212,78],"capInsets":[0,0,0,0]}],[0],0,[0],[0],[0]],[[{"name":"stop_img","rect":[540,1564,212,78],"offset":[0,0],"originalSize":[212,78],"rotated":1,"capInsets":[0,0,0,0]}],[0],0,[0],[0],[0]],[[{"name":"jb","rect":[949,719,264,52],"offset":[0,0],"originalSize":[264,52],"rotated":1,"capInsets":[0,0,0,0]}],[0],0,[0],[0],[0]],[[{"name":"stopauto_img","rect":[162,1948,212,78],"offset":[0,0],"originalSize":[212,78],"capInsets":[0,0,0,0]}],[0],0,[0],[0],[0]],[[[0,"superspin.plist",[{},"LUCKY",6,0,"add",6,1,"auto1_img",6,2,"auto2_img",6,3,"auto_img",6,4,"autostop_img",6,5,"bet",6,6,"dating",6,7,"free",6,8,"freespin_img",6,9,"freespins_baxi_fast",6,10,"freespins_baxi_fast1",6,11,"goodluck_img",6,12,"guize_img",6,13,"help",6,14,"j",6,15,"jb",6,16,"jia",6,17,"max_img2",6,18,"shangbg",6,19,"spin_img",6,20,"stop_img",6,21,"stopauto_img",6,22,"xiabg",6,23,"zhizhen",6,24,"zhizhen2",6,25,"zhuanpan",6,26]]],0,0,[0,0,0,0,0,0,0,0,0,0,0,0,0,0,0,0,0,0,0,0,0,0,0,0,0,0,0],[1,2,3,4,5,6,7,8,9,10,11,12,13,14,15,16,17,18,19,20,21,22,23,24,25,26,27],[1,2,3,4,5,6,7,8,9,10,11,12,13,14,15,16,17,18,19,20,21,22,23,24,25,26,27]],[[{"name":"freespin_img","rect":[620,720,212,78],"offset":[0,0],"originalSize":[212,78],"capInsets":[0,0,0,0]}],[0],0,[0],[0],[0]],[[{"name":"add","rect":[949,1035,43,43],"offset":[-1,1],"originalSize":[49,49],"capInsets":[0,0,0,0]}],[0],0,[0],[0],[0]]]]