[1,["ecpdLyjvZBwrvm+cedCcQy","798h5I30dPu5v6IxFwv1vp","e97GVMl6JHh5Ml5qEDdSGa","d2LNn+0U9Cm7IKrmVV5XVi","d8PbjFxJVIhbul8UlQrRep","42w6PfQA9PCbin5y11T7Yi","b6Rop63CtCZppjLgOftz//","e3xxIMgJxF9YIRcD4YL/Zp"],["node","_spriteFrame","_textureSetter","root","data","_parent"],[["cc.Node",["_name","_opacity","_components","_prefab","_contentSize","_children","_trs","_parent","_anchorPoint","_color"],1,9,4,5,2,7,1,5,5],["cc.Widget",["_alignFlags","_originalWidth","_originalHeight","_right","_top","_left","_bottom","node"],-4,1],"cc.SpriteFrame",["cc.Sprite",["_sizeMode","_type","node","_materials","_spriteFrame"],1,1,3,6],["cc.PrefabInfo",["fileId","root"],2,1],["cc.Button",["_N$transition","node","clickEvents"],2,1,9],["cc.Prefab",["_name"],2],["8d302wJzINCh5kn+TrnKHIM",["node"],3,1],["cc.Layout",["_resize","_N$layoutType","node","_layoutSize"],1,1,5],["cc.ClickEvent",["_componentId","handler","target"],1,1],["cc.ScrollView",["horizontal","brake","bounceDuration","_N$horizontalScrollBar","_N$verticalScrollBar","node","_N$content"],-2,1,1],["cc.Mask",["_N$alphaThreshold","node","_materials"],2,1,3],["6dbaacb0j9CkpNlQEFpLMCG",["_string","_N$horizontalAlign","_N$verticalAlign","_N$textKey","node","_materials"],-1,1,3]],[[4,0,1,2],[0,0,7,2,3,4,6,2],[1,0,1,2,7,4],[0,0,7,5,2,3,4,2],[3,1,0,2,3,4,3],[9,0,1,2,3],[6,0,2],[0,0,5,2,3,4,6,2],[0,0,5,2,3,4,8,6,2],[0,0,1,7,2,3,9,4,3],[0,0,7,5,2,3,4,6,2],[1,0,7,2],[1,0,3,4,7,4],[1,0,5,3,4,6,1,2,7,8],[7,0,1],[4,1,1],[3,2,3,4,1],[3,0,2,3,4,2],[8,0,1,2,3,3],[5,1,2,1],[5,0,1,2,2],[10,0,1,2,3,4,5,6,6],[11,0,1,2,2],[12,0,1,2,3,4,5,5]],[[[{"name":"rule_bg","rect":[0,0,105,100],"offset":[0,0],"originalSize":[105,100],"capInsets":[24,22,24,25]}],[2],0,[0],[2],[1]],[[[6,"help"],[7,"help",[-4,-5],[[2,45,980,716,-2],[14,-3]],[15,-1],[5,1520,720],[760,360,0,0,0,0,1,1,1,1]],[3,"rule_bg",1,[-7,-8,-9],[[4,1,0,-6,[8],9]],[0,"0a3P7OgnpBdKDH62pXEEGG",1],[5,980,716]],[8,"content",[-12],[[11,1,-10],[18,1,2,-11,[5,220,1854]]],[0,"83G9i6n9FG/aEvvVN1wfKw",1],[5,220,1854],[0,0.5,1],[0,305.5,0,0,0,0,1,1,1,1]],[9,"default_btn_pressed",160,1,[[4,1,0,-13,[0],1],[2,45,40,40,-14],[19,-15,[[5,"8d302wJzINCh5kn+TrnKHIM","onClickCloseBtn",1]]]],[0,"dadMBcuwhN+r0nk0+BKq4C",1],[4,4278190080],[5,1520,720]],[1,"gb",2,[[16,-16,[2],3],[20,3,-17,[[5,"8d302wJzINCh5kn+TrnKHIM","onClickCloseBtn",1]]],[12,33,20,15,-18]],[0,"13U7L+JqtKA7YuaZMHdZH3",1],[5,60,60],[440,313,0,0,0,0,1,1,1,0]],[10,"New ScrollView",2,[-21],[[21,false,0.75,0.23,null,null,-19,3],[13,45,20,20,80,25,240,250,-20]],[0,"0e67736llOFJUkeSWyrHt0",1],[5,940,611],[0,-27.5,0,0,0,0,1,1,1,1]],[3,"view",6,[3],[[22,0,-22,[7]],[2,45,240,250,-23]],[0,"97XhmmB7dNrLagzcU2BfkH",1],[5,940,611]],[1,"New Node",2,[[23,"RULE",1,1,"RULE",-24,[4]]],[0,"72WW5RQGxFurnQmeTXGD7r",1],[5,106.7,50.4],[0,317.906,0,0,0,0,1,1,1,1]],[1,"wz",3,[[17,0,-25,[5],6]],[0,"3cthp3O7BD1JuZ17HtzMg6",1],[5,940,1854],[0,-927,0,0,0,0,1,1,1,1]]],0,[0,3,1,0,0,1,0,0,1,0,-1,4,0,-2,2,0,0,2,0,-1,5,0,-2,8,0,-3,6,0,0,3,0,0,3,0,-1,9,0,0,4,0,0,4,0,0,4,0,0,5,0,0,5,0,0,5,0,0,6,0,0,6,0,-1,7,0,0,7,0,0,7,0,0,8,0,0,9,0,4,1,3,5,7,25],[0,0,0,0,0,0,0,0,0,0],[-1,1,-1,1,-1,-1,1,-1,-1,1],[0,2,0,3,0,0,4,0,0,5]],[[{"name":"gb","rect":[0,0,60,60],"offset":[0,0],"originalSize":[60,60],"capInsets":[0,0,0,0]}],[2],0,[0],[2],[6]],[[{"name":"wz","rect":[0,0,940,1854],"offset":[0,0],"originalSize":[940,1854],"capInsets":[0,0,0,0]}],[2],0,[0],[2],[7]]]]