[1,["a4qyd54XBElYx91sOcwGjj"],["_texture"],[["dragonBones.DragonBonesAtlasAsset",["_name","_atlasJson"],1]],[[0,0,1,3]],[[0,"candy7_tex","{\"width\":1024,\"imagePath\":\"candy7_tex.png\",\"height\":2048,\"name\":\"candy7\",\"SubTexture\":[{\"y\":1,\"frameX\":-54,\"frameY\":-71,\"width\":972,\"frameWidth\":1080,\"height\":925,\"name\":\"83905e17d195f6b95ceaf108537f71805f6e2ac41176eb-TJdiG9\",\"frameHeight\":1080,\"x\":1},{\"width\":105,\"y\":928,\"height\":116,\"name\":\"1\",\"x\":1}]}"]],0,0,[0],[0],[0]]