[1,["8b07W4wV9BQZKviZ6Pc0bp","755ZsSytNAhbTj/3rI7Tiy"],["spriteFrame","_textureSetter"],["cc.SpriteFrame",["cc.BitmapFont",["_name","fontSize","_fntConfig"],0]],[[1,0,1,2,4]],[[[[0,"freeNum",32,{"commonHeight":70,"fontSize":32,"atlasName":"freeNum.png","fontDefDictionary":{"9":{"xOffset":0,"yOffset":0,"xAdvance":8,"rect":{"x":0,"y":0,"width":0,"height":0}},"32":{"xOffset":0,"yOffset":0,"xAdvance":1,"rect":{"x":0,"y":0,"width":0,"height":0}},"48":{"xOffset":0,"yOffset":13,"xAdvance":37,"rect":{"x":69,"y":113,"width":33,"height":57}},"49":{"xOffset":0,"yOffset":14,"xAdvance":28,"rect":{"x":64,"y":0,"width":24,"height":55}},"50":{"xOffset":0,"yOffset":13,"xAdvance":37,"rect":{"x":35,"y":113,"width":33,"height":56}},"51":{"xOffset":0,"yOffset":13,"xAdvance":37,"rect":{"x":35,"y":170,"width":33,"height":57}},"52":{"xOffset":0,"yOffset":14,"xAdvance":39,"rect":{"x":0,"y":0,"width":35,"height":55}},"53":{"xOffset":0,"yOffset":14,"xAdvance":38,"rect":{"x":35,"y":56,"width":34,"height":56}},"54":{"xOffset":0,"yOffset":13,"xAdvance":38,"rect":{"x":0,"y":172,"width":34,"height":57}},"55":{"xOffset":0,"yOffset":14,"xAdvance":31,"rect":{"x":36,"y":0,"width":27,"height":55}},"56":{"xOffset":0,"yOffset":13,"xAdvance":38,"rect":{"x":0,"y":114,"width":34,"height":57}},"57":{"xOffset":0,"yOffset":13,"xAdvance":38,"rect":{"x":0,"y":56,"width":34,"height":57}}},"kerningDict":{}}]],0,0,[0],[0],[0]],[[{"name":"freeNum","rect":[0,0,128,256],"offset":[0,0],"originalSize":[128,256],"capInsets":[0,0,0,0]}],[0],0,[0],[1],[1]]]]