[1,["7f8oBf0o9FBrD9LV5y5Kpa","51BuENZi9KPY6oTojlmufn","5bQVe9UktCtoZzhs6Z+TDk","13B8bZFYVGhrm2HQMliG+n","df/0Fy5dJIC5P+pBGt7KQu","03Y5Hcw89Hf5u2i1rekqRu","f7qmgByRdIbJqU7sySUvIp","fbUEfMBKtO0JtnvZLTtxme"],["FREESPIN","Moedas de ouro","btn_spin","img_zhizhen","img_zhuanpan","img_zpbg_1","img_zpbg_2","_textureSetter"],["cc.SpriteFrame",["cc.SpriteAtlas",["_name","_spriteFrames"],2,11]],[[1,0,1,2]],[[[[0,"MiniGame1.plist",[{},"FREESPIN",6,0,"Moedas de ouro",6,1,"btn_spin",6,2,"img_zhizhen",6,3,"img_zhuanpan",6,4,"img_zpbg_1",6,5,"img_zpbg_2",6,6]]],0,0,[0,0,0,0,0,0,0],[0,1,2,3,4,5,6],[0,1,2,3,4,5,6]],[[{"name":"img_zpbg_2","rect":[715,2,758,24],"offset":[0,0],"originalSize":[760,24],"rotated":1,"capInsets":[0,0,0,0]}],[0],0,[0],[7],[7]]]]