[1,["8aWqxbJIRKlatc443e1f3N","8dNBaod7NCv7umQXj0FVYH","9bK4QldqNFt4HX0TNrEwbW","0fPnjOkeBJ3rteXvvjmMKc","08nrz2iNdEJLf+AmojJdq4","7eKLpJuI5PCLUFEql9gmmV","a7wYZQppZFf7uHjp9Kg1jF","6f1tV9N6dMy6CBvX4Awu75","1b5NbZyjxPxoaHHtdY2QgT"],["value"],[["cc.AnimationClip",["_name","_duration","speed","wrapMode","curveData"],-1,11]],[[0,0,1,2,3,4,5]],[[0,"jinduLight",0.15,0.15,2,[{},"comps",11,[{},"cc.Sprite",11,[{},"spriteFrame",12,[[[{"frame":0},"value",6,0],[{"frame":0.016666666666666666},"value",6,1],[{"frame":0.03333333333333333},"value",6,2],[{"frame":0.05},"value",6,3],[{"frame":0.06666666666666667},"value",6,4],[{"frame":0.08333333333333333},"value",6,5],[{"frame":0.1},"value",6,6],[{"frame":0.11666666666666667},"value",6,7],[{"frame":0.13333333333333333},"value",6,8]],11,11,11,11,11,11,11,11,11]]]]]],0,0,[0,0,0,0,0,0,0,0,0],[0,0,0,0,0,0,0,0,0],[0,1,2,3,4,5,6,7,8]]