[1,["48dPYBxPJLwb1jCFdy9cMO","4d0G6y8oRDnLnUBLpDrM4G"],["_textureSetter","spriteFrame"],["cc.SpriteFrame",["cc.BitmapFont",["_name","fontSize","_fntConfig"],0]],[[1,0,1,2,4]],[[[{"name":"numfont","rect":[0,0,97,251],"offset":[-15.5,2.5],"originalSize":[128,256],"capInsets":[0,0,0,0]}],[0],0,[0],[0],[0]],[[[0,"numfont",32,{"commonHeight":55,"fontSize":32,"atlasName":"C:\\Users\\Administrator\\Desktop\\numfont.png","fontDefDictionary":{"9":{"xOffset":0,"yOffset":0,"xAdvance":8,"rect":{"x":0,"y":0,"width":0,"height":0}},"32":{"xOffset":0,"yOffset":0,"xAdvance":1,"rect":{"x":0,"y":0,"width":0,"height":0}},"43":{"xOffset":0,"yOffset":28,"xAdvance":29,"rect":{"x":31,"y":158,"width":28,"height":27}},"44":{"xOffset":0,"yOffset":43,"xAdvance":14,"rect":{"x":37,"y":79,"width":13,"height":22}},"45":{"xOffset":0,"yOffset":37,"xAdvance":29,"rect":{"x":0,"y":239,"width":28,"height":9}},"46":{"xOffset":0,"yOffset":43,"xAdvance":14,"rect":{"x":29,"y":239,"width":13,"height":12}},"48":{"xOffset":0,"yOffset":16,"xAdvance":31,"rect":{"x":0,"y":157,"width":30,"height":40}},"49":{"xOffset":0,"yOffset":16,"xAdvance":27,"rect":{"x":71,"y":0,"width":26,"height":39}},"50":{"xOffset":0,"yOffset":16,"xAdvance":29,"rect":{"x":61,"y":79,"width":28,"height":39}},"51":{"xOffset":0,"yOffset":16,"xAdvance":29,"rect":{"x":60,"y":198,"width":28,"height":40}},"52":{"xOffset":0,"yOffset":16,"xAdvance":31,"rect":{"x":0,"y":117,"width":30,"height":39}},"53":{"xOffset":0,"yOffset":17,"xAdvance":29,"rect":{"x":60,"y":158,"width":28,"height":39}},"54":{"xOffset":0,"yOffset":16,"xAdvance":30,"rect":{"x":30,"y":198,"width":29,"height":40}},"55":{"xOffset":0,"yOffset":17,"xAdvance":29,"rect":{"x":42,"y":39,"width":28,"height":39}},"56":{"xOffset":0,"yOffset":16,"xAdvance":30,"rect":{"x":0,"y":198,"width":29,"height":40}},"57":{"xOffset":0,"yOffset":16,"xAdvance":30,"rect":{"x":31,"y":117,"width":29,"height":40}},"66":{"xOffset":0,"yOffset":17,"xAdvance":37,"rect":{"x":0,"y":78,"width":36,"height":38}},"75":{"xOffset":0,"yOffset":17,"xAdvance":42,"rect":{"x":0,"y":39,"width":41,"height":38}},"77":{"xOffset":0,"yOffset":17,"xAdvance":49,"rect":{"x":0,"y":0,"width":48,"height":38}}},"kerningDict":{}}]],0,0,[0],[1],[1]]]]