[1,["b1YowYy8NPKq+kEr33V9ji"],["_texture"],[["dragonBones.DragonBonesAtlasAsset",["_name","_atlasJson"],1]],[[0,0,1,3]],[[0,"Amazon_juzuiniao_tex","{\"width\":256,\"imagePath\":\"Amazon_juzuiniao_tex.png\",\"name\":\"Amazon_juzuiniao\",\"SubTexture\":[{\"width\":151,\"y\":130,\"height\":122,\"name\":\"巨嘴鸟/图层15\",\"x\":1},{\"width\":159,\"y\":1,\"height\":127,\"name\":\"巨嘴鸟/图层_1\",\"x\":1},{\"width\":142,\"y\":374,\"height\":22,\"name\":\"巨嘴鸟/图层_3\",\"x\":1},{\"width\":54,\"y\":193,\"height\":39,\"name\":\"巨嘴鸟/图层_5\",\"x\":154},{\"width\":100,\"y\":254,\"height\":89,\"name\":\"巨嘴鸟/图层_2\",\"x\":144},{\"width\":74,\"y\":130,\"height\":61,\"name\":\"巨嘴鸟/图层_4\",\"x\":154},{\"width\":45,\"y\":234,\"height\":18,\"name\":\"巨嘴鸟/图层2\",\"x\":154},{\"frameY\":0,\"y\":254,\"frameWidth\":159,\"frameX\":-16,\"frameHeight\":127,\"width\":141,\"height\":118,\"name\":\"图层122\",\"x\":1}],\"height\":512}"]],0,0,[0],[0],[0]]