[1,["ecpdLyjvZBwrvm+cedCcQy","443dTTbxNLy52hiqDLoYel","150a726da","cc+fVRQLZK2oAeFeEM+A2H","c95LH3t75KorTJwwglpFIz","44y0Nsuz1EJpj4H1dTLu3a","beZoIcy/lFirb4sBJfLupS","efJbunKRJEeZhlDHvgiDJK","99/Q7v+fRAMphHvtwxLwLz","447vztjXRFoZ2MVQlw3Uuw","a2MjXRFdtLlYQ5ouAFv/+R","36HGZAdwxIBINmDVrxCDnR","ebIZDabgVFYaMN/zDO59Gf"],["node","_spriteFrame","_textureSetter","root","data","_parent","_pageView","indicator","indicator1","spriteFrame"],[["cc.Node",["_name","_opacity","_components","_prefab","_contentSize","_parent","_children","_trs","_anchorPoint","_color"],1,9,4,5,1,2,7,5,5],"cc.SpriteFrame",["cc.Sprite",["_sizeMode","_enabled","_type","node","_materials","_spriteFrame"],0,1,3,6],["cc.Node",["_name","_parent","_components","_prefab","_contentSize","_trs","_children","_anchorPoint"],2,1,2,4,5,7,2,5],["cc.Widget",["_alignFlags","_originalWidth","_originalHeight","node"],0,1],["cc.PrefabInfo",["fileId","root"],2,1],["cc.Prefab",["_name"],2],["c512aoqRxNAuKzHQfqNVpxo",["node","indicator","indicator1"],3,1,6,6],["cc.Layout",["_resize","_N$layoutType","_N$spacingY","node","_layoutSize"],0,1,5],["cc.BlockInputEvents",["node"],3,1],["cc.Button",["zoomScale","_N$transition","node","clickEvents"],1,1,9],["cc.ClickEvent",["_componentId","handler","target"],1,1],["cc.Mask",["_N$alphaThreshold","node","_materials"],2,1,3],["cc.PageViewIndicator",["spacing","node","cellSize"],2,1,5],["cc.PageView",["bounceDuration","node","_N$content","_N$indicator"],2,1,1,1]],[[5,0,1,2],[0,0,5,6,2,3,4,7,2],[0,0,5,2,3,4,2],[2,0,3,4,5,2],[2,1,0,3,4,5,3],[2,3,4,5,1],[0,0,5,2,3,4,7,2],[6,0,2],[0,0,6,2,3,4,7,2],[0,0,6,2,3,4,8,2],[0,0,1,5,2,3,9,4,3],[0,0,5,6,2,3,4,8,7,2],[3,0,1,6,2,3,4,7,5,2],[3,0,1,2,3,4,5,2],[4,0,3,2],[4,0,1,2,3,4],[7,0,1,2,1],[5,1,1],[8,0,1,2,3,4,4],[2,3,4,1],[2,2,0,3,4,3],[9,0,1],[10,0,1,2,3,3],[11,0,1,2,3],[12,0,1,2,2],[13,0,1,2,2],[14,0,1,2,3,2]],[[[{"name":"btn_close","rect":[954,511,54,56],"offset":[0,0],"originalSize":[54,56],"capInsets":[0,0,0,0]}],[1],0,[0],[2],[2]],[[{"name":"rule3","rect":[0,0,869,437],"offset":[0,0],"originalSize":[869,437],"capInsets":[0,0,0,0]}],[1],0,[0],[2],[6]],[[{"name":"PayTable_4","rect":[872,987,108,10],"offset":[0,0],"originalSize":[108,10],"capInsets":[0,0,0,0]}],[1],0,[0],[2],[2]],[[{"name":"rule2","rect":[0,0,800,401],"offset":[0,0],"originalSize":[800,401],"capInsets":[0,0,0,0]}],[1],0,[0],[2],[7]],[[{"name":"rule1","rect":[0,0,792,385],"offset":[0,0],"originalSize":[792,385],"capInsets":[0,0,0,0]}],[1],0,[0],[2],[8]],[[{"name":"rule_bg","rect":[0,0,900,541],"offset":[0,0],"originalSize":[900,541],"capInsets":[0,0,0,0]}],[1],0,[0],[2],[9]],[[[7,"ruleNode"],[8,"ruleNode",[-4,-5],[[14,45,-2],[16,-3,21,22]],[17,-1],[5,1520,720],[760,360,0,0,0,0,1,1,1,1]],[9,"content",[-7,-8,-9],[[18,1,1,15,-6,[5,2670,350]]],[0,"10Rew7MDBGOpsmjPUpnl55",1],[5,2670,350],[0,0,0.5]],[1,"content",1,[-11,-12,-13],[[3,0,-10,[19],20]],[0,"46apkN1IFD+5Dr+hQ13n92",1],[5,950,541],[0,-6,0,0,0,0,1,1,1,1]],[12,"New PageView",3,[-15,-16,-17],[-14],[0,"4fZr76l/ZFO7D10LtrX2u2",1],[5,890,500],[0,0,0.5],[-445.715,-16.658,0,0,0,0,1,1,1,1]],[10,"bg",96,1,[[3,0,-18,[0],1],[15,45,100,100,-19],[21,-20]],[0,"ab9XmE+39Heq3MMvOZ9i61",1],[4,4278190080],[5,1520,720]],[1,"box_close",3,[-22],[[22,1.1,3,-21,[[23,"c512aoqRxNAuKzHQfqNVpxo","onHide",1]]]],[0,"13nlsnO/pMS4F3ZvlPVwgU",1],[5,83,86],[452.44,241.196,0,0,0,0,1,1,1,0]],[11,"view",4,[2],[[24,0,-23,[18]]],[0,"94GRZABelHAZZ7tV9vNpMS",1],[5,890,500],[0,0,0.5],[0,-5,0,0,0,0,1,1,1,1]],[1,"page_1",2,[-25],[[4,false,0,-24,[8],9]],[0,"4cgvjDI7BPSJfpPV1pXX4B",1],[5,890,460],[445,0,0,0,0,0,1,1,1,1]],[1,"page_2",2,[-27],[[4,false,0,-26,[12],13]],[0,"47GPsWzKRP26/kGbQ4eHXz",1],[5,890,398],[1335,0,0,0,0,0,1,1,1,1]],[1,"page_3",2,[-29],[[4,false,0,-28,[16],17]],[0,"abntUwlsVEV4TVhlApu0v0",1],[5,890,409],[2225,0,0,0,0,0,1,1,1,1]],[6,"title_paytable",3,[[19,-30,[2]]],[0,"d4ND7ahc5ElZS5YBrEb7Hw",1],[5,282,23],[0,281.112,0,0,0,0,1,1,1,1]],[2,"box_close",6,[[3,2,-31,[3],4]],[0,"c2kNNRvDxAQIaafB3twsya",1],[5,54,56]],[2,"background",4,[[20,1,0,-32,[5]]],[0,"3dOZH6/ntJ/avr4EpAqP/D",1],[5,400,350]],[2,"New Sprite",8,[[5,-33,[6],7]],[0,"7ewwWvi35McZhPbt8OuGnP",1],[5,792,385]],[2,"New Sprite",9,[[5,-34,[10],11]],[0,"8fnGMEgUVOB7LweR5LLB7z",1],[5,800,401]],[6,"New Sprite",10,[[5,-35,[14],15]],[0,"f5Rfzv2upMrLFEbDQlMfRn",1],[5,869,437],[0,20,0,0,0,0,1,1,1,1]],[13,"indicator",4,[-36],[0,"e0NSikWYVBzqdeiBge58sl",1],[5,108,10],[446.801,-220.847,0,0,0,0,1,1,1,1]],[25,30,17,[5,108,10]],[26,0.5,4,2,18]],0,[0,3,1,0,0,1,0,0,1,0,-1,5,0,-2,3,0,0,2,0,-1,8,0,-2,9,0,-3,10,0,0,3,0,-1,11,0,-2,6,0,-3,4,0,-1,19,0,-1,13,0,-2,7,0,-3,17,0,0,5,0,0,5,0,0,5,0,0,6,0,-1,12,0,0,7,0,0,8,0,-1,14,0,0,9,0,-1,15,0,0,10,0,-1,16,0,0,11,0,0,12,0,0,13,0,0,14,0,0,15,0,0,16,0,-1,18,0,4,1,2,5,7,18,6,19,36],[0,0,0,0,0,0,0,0,0,0,0,0,0,0,0,0,0,0,0,0,0,0,0,18],[-1,1,-1,-1,1,-1,-1,1,-1,1,-1,1,-1,1,-1,1,-1,1,-1,-1,1,7,8,9],[0,10,0,0,11,0,0,3,0,3,0,4,0,4,0,5,0,5,0,0,12,1,1,1]]]]