[1,["d9lastAdNNZ4L0J8qiTWr1","3cVgMYlEZGx7JE+yrsjKnS","c020xoK0BMhqFWwi/OUVZG","e63JKZGdVB3pQoGMqeFC0e","bcbrGqQM5Epr2azAQ3Ihro","dbRW/catJM5JCCjdgSVAYy","4bokFDXQ5GoZTrTmP4lv+X","1cv/gdZN5BXYVpiW97+KrB","2bWJt7ZK5Dtqzs/bfKbVU7","1dhbN8tLlP4Ll7bGW3Z8V7","f5vr0gN1lCBZy3pge7d8/P","79F7WlHddDzoPfk3UU57nA","32shbfy/5Lkaq7tHW3a4tN","a8Q32/DjtGIZDZMAroaJDc","709HTPmVtL+rp7rePqF1YH","6aZn698ApMjLAMAJdFr7u4","3fRUM22AxHEJPILXc8cOkW","97w9etUOJEx6coXItc0ldF","f2G1+zruVMrrJHZwAUFzxq","adwKcpoyNPPpVzgYWbnBnW","548myTEkNKWLmYgOmoxJ+1","72m1k2H+5Obq7Lz/HPuJIO","befMH03kRCZa8qvmjScETW","dcqUcJ385BMZZhmyYKmPyi","eesiWuIvVMzb/g9K0ApPgW","04OfOIl41Ez5w2kWxahffK","93HR1tb1RO9YIGLujwshlA","4fb8zDbghOTJREV6rd8YOQ","58VIkaRl9JeJ5+eD88SqnH","65MTrfJMFCGqpb/h3afR9n","f8NsohgHVG2K2E6z1XjHAx"],["value"],[["cc.AnimationClip",["_name","_duration","sample","wrapMode","curveData"],-1,11]],[[0,0,1,2,3,4,5]],[[0,"row_right",1.5,20,2,[{},"comps",11,[{},"cc.Sprite",11,[{},"spriteFrame",12,[[[{"frame":-0.05},"value",6,0],[{"frame":0},"value",6,1],[{"frame":0.05},"value",6,2],[{"frame":0.1},"value",6,3],[{"frame":0.15},"value",6,4],[{"frame":0.2},"value",6,5],[{"frame":0.25},"value",6,6],[{"frame":0.3},"value",6,7],[{"frame":0.35},"value",6,8],[{"frame":0.4},"value",6,9],[{"frame":0.45},"value",6,10],[{"frame":0.5},"value",6,11],[{"frame":0.55},"value",6,12],[{"frame":0.6},"value",6,13],[{"frame":0.65},"value",6,14],[{"frame":0.7},"value",6,15],[{"frame":0.75},"value",6,16],[{"frame":0.8},"value",6,17],[{"frame":0.85},"value",6,18],[{"frame":0.9},"value",6,19],[{"frame":0.95},"value",6,20],[{"frame":1},"value",6,21],[{"frame":1.05},"value",6,22],[{"frame":1.1},"value",6,23],[{"frame":1.15},"value",6,24],[{"frame":1.2},"value",6,25],[{"frame":1.25},"value",6,26],[{"frame":1.3},"value",6,27],[{"frame":1.35},"value",6,28],[{"frame":1.4},"value",6,29],[{"frame":1.45},"value",6,30]],11,11,11,11,11,11,11,11,11,11,11,11,11,11,11,11,11,11,11,11,11,11,11,11,11,11,11,11,11,11,11]]]]]],0,0,[0,0,0,0,0,0,0,0,0,0,0,0,0,0,0,0,0,0,0,0,0,0,0,0,0,0,0,0,0,0,0],[0,0,0,0,0,0,0,0,0,0,0,0,0,0,0,0,0,0,0,0,0,0,0,0,0,0,0,0,0,0,0],[0,1,2,3,4,5,6,7,8,9,10,11,12,13,14,15,16,17,18,19,20,21,22,23,24,25,26,27,28,29,30]]