[1,0,0,[["dragonBones.DragonBonesAsset",["_name","_dragonBonesJson"],1]],[[0,0,1,3]],[[0,"CartaSorte_ske","{\"frameRate\":24,\"isGlobal\":0,\"armature\":[{\"defaultActions\":[{\"gotoAndPlay\":\"newAnimation\"}],\"ik\":[],\"type\":\"Armature\",\"frameRate\":24,\"skin\":[{\"name\":\"\",\"slot\":[{\"display\":[{\"path\":\"zhouka/zhouka\",\"type\":\"image\",\"name\":\"zhouka/zhouka\",\"transform\":{\"y\":-13.5,\"x\":3}}],\"name\":\"zhouka\"},{\"display\":[{\"path\":\"zhouka/rs\",\"type\":\"image\",\"name\":\"zhouka/rs\",\"transform\":{\"skX\":67.4428,\"y\":-1.2219,\"skY\":67.4428,\"x\":-0.2634}}],\"name\":\"rs\"},{\"display\":[{\"path\":\"zhouka/jinbi1\",\"type\":\"image\",\"name\":\"zhouka/jinbi1\",\"transform\":{\"y\":31.5,\"x\":23}}],\"name\":\"jinbi1\"},{\"display\":[{\"path\":\"zhouka/g2\",\"type\":\"image\",\"name\":\"zhouka/g2\",\"transform\":{\"y\":-0.3131,\"x\":0.2098}}],\"name\":\"g2\"},{\"display\":[{\"path\":\"zhouka/g1\",\"type\":\"image\",\"name\":\"zhouka/g1\",\"transform\":{\"skX\":19.7327,\"y\":-0.8144,\"skY\":19.7327,\"x\":1.4177}}],\"name\":\"g1\"},{\"display\":[{\"path\":\"zhouka/cs\",\"type\":\"image\",\"name\":\"zhouka/cs\",\"transform\":{\"y\":41.5,\"x\":1.5}}],\"name\":\"cs\"},{\"display\":[{\"path\":\"zhouka/hezi\",\"type\":\"image\",\"name\":\"zhouka/hezi\",\"transform\":{\"y\":2.5}}],\"name\":\"hezi\"},{\"display\":[{\"path\":\"zhouka/jinbi\",\"type\":\"image\",\"name\":\"zhouka/jinbi\",\"transform\":{\"y\":1.1405,\"x\":-2.6284}}],\"name\":\"jinbi\"}]}],\"animation\":[{\"frame\":[],\"playTimes\":0,\"ik\":[],\"ffd\":[],\"duration\":68,\"slot\":[{\"frame\":[{\"tweenEasing\":null,\"color\":{\"aM\":0},\"duration\":32},{\"tweenEasing\":0,\"color\":{\"aM\":0},\"duration\":4},{\"tweenEasing\":0,\"duration\":14},{\"tweenEasing\":0,\"duration\":6},{\"tweenEasing\":0,\"color\":{\"aM\":0},\"duration\":12},{\"tweenEasing\":null,\"color\":{\"aM\":0},\"duration\":0}],\"name\":\"g2\"},{\"frame\":[{\"tweenEasing\":0,\"color\":{\"aM\":44},\"duration\":2},{\"tweenEasing\":0,\"color\":{\"gM\":97,\"aM\":85,\"bM\":88},\"duration\":12},{\"tweenEasing\":0,\"color\":{\"gM\":99,\"aM\":35,\"bM\":98},\"duration\":4},{\"tweenEasing\":null,\"color\":{\"aM\":0},\"duration\":50}],\"name\":\"g1\"}],\"bone\":[{\"frame\":[{\"transform\":{},\"duration\":68}],\"name\":\"root\"},{\"frame\":[{\"transform\":{},\"duration\":68}],\"name\":\"jinbi\"},{\"frame\":[{\"tweenEasing\":0,\"transform\":{\"x\":-4.1345},\"duration\":8},{\"tweenEasing\":0,\"transform\":{\"y\":-5.1153,\"x\":26.7664},\"duration\":8},{\"transform\":{\"y\":-14.2353,\"x\":57.6673},\"duration\":52}],\"name\":\"g1\"},{\"frame\":[{\"transform\":{},\"duration\":22},{\"tweenEasing\":0,\"transform\":{},\"duration\":10},{\"tweenEasing\":0,\"transform\":{\"scX\":1.1,\"scY\":1.1},\"duration\":10},{\"transform\":{},\"duration\":26}],\"name\":\"rs\"},{\"frame\":[{\"transform\":{},\"duration\":32},{\"tweenEasing\":0,\"transform\":{},\"duration\":24},{\"tweenEasing\":0,\"transform\":{\"skX\":97,\"skY\":97,\"scX\":0.7,\"scY\":0.7},\"duration\":12},{\"transform\":{\"skX\":71,\"skY\":71,\"scX\":0.7,\"scY\":0.7},\"duration\":0}],\"name\":\"bone\"}],\"name\":\"newAnimation\"}],\"bone\":[{\"name\":\"root\",\"transform\":{}},{\"transform\":{\"y\":19.3595,\"x\":46.6284},\"name\":\"jinbi\",\"parent\":\"root\"},{\"length\":4,\"transform\":{\"skX\":-19.7327,\"y\":-11.2547,\"skY\":-19.7327,\"x\":-25.5595},\"parent\":\"root\",\"name\":\"g1\"},{\"length\":3,\"transform\":{\"skX\":-67.4428,\"y\":-19.7745,\"skY\":-67.4428,\"x\":4.2294},\"parent\":\"root\",\"name\":\"rs\"},{\"transform\":{\"y\":11.3131,\"x\":34.7902},\"name\":\"bone\",\"parent\":\"root\"}],\"aabb\":{\"width\":132,\"y\":-51.5,\"height\":103,\"x\":-66},\"name\":\"Armature\",\"slot\":[{\"name\":\"hezi\",\"parent\":\"root\",\"color\":{}},{\"z\":1,\"name\":\"zhouka\",\"parent\":\"root\",\"color\":{}},{\"z\":2,\"name\":\"rs\",\"parent\":\"rs\",\"color\":{}},{\"z\":3,\"name\":\"jinbi1\",\"parent\":\"root\",\"color\":{}},{\"z\":4,\"name\":\"jinbi\",\"parent\":\"jinbi\",\"color\":{}},{\"z\":5,\"name\":\"cs\",\"parent\":\"root\",\"color\":{}},{\"z\":6,\"name\":\"g2\",\"parent\":\"bone\",\"color\":{}},{\"z\":7,\"name\":\"g1\",\"parent\":\"g1\",\"color\":{}}]}],\"name\":\"CartaSorte\",\"version\":\"5.0\"}"]],0,0,[],[],[]]