[1,["e5I3rRs8BEV6pFxwaBZb+M"],["_texture"],[["dragonBones.DragonBonesAtlasAsset",["_name","_atlasJson"],1]],[[0,0,1,3]],[[0,"Amazon_snake_tex","{\"width\":256,\"imagePath\":\"Amazon_snake_tex.png\",\"name\":\"Amazon_snake\",\"SubTexture\":[{\"width\":159,\"y\":1,\"height\":127,\"name\":\"shanhushe/图层_1\",\"x\":1},{\"width\":120,\"y\":271,\"height\":80,\"name\":\"shanhushe/图层_15\",\"x\":1},{\"width\":5,\"y\":257,\"height\":8,\"name\":\"shanhushe/图层_12\",\"x\":139},{\"width\":9,\"y\":212,\"height\":4,\"name\":\"shanhushe/图层_11\",\"x\":167},{\"width\":8,\"y\":244,\"height\":11,\"name\":\"shanhushe/图层_13\",\"x\":139},{\"width\":5,\"y\":257,\"height\":7,\"name\":\"shanhushe/图层_10\",\"x\":146},{\"width\":26,\"y\":192,\"height\":25,\"name\":\"shanhushe/图层_17\",\"x\":139},{\"width\":20,\"y\":1,\"height\":29,\"name\":\"shanhushe/图层_8\",\"x\":162},{\"width\":39,\"y\":172,\"height\":18,\"name\":\"shanhushe/图层_16\",\"x\":139},{\"width\":30,\"y\":192,\"height\":18,\"name\":\"shanhushe/图层_6\",\"x\":167},{\"width\":28,\"y\":219,\"height\":23,\"name\":\"shanhushe/图层_5\",\"x\":139},{\"width\":28,\"y\":130,\"height\":40,\"name\":\"shanhushe/图层_2\",\"x\":139},{\"width\":28,\"y\":271,\"height\":40,\"name\":\"shanhushe/图层_2_拷贝\",\"x\":123},{\"width\":136,\"y\":130,\"height\":139,\"name\":\"组1拷贝2\",\"x\":1}],\"height\":512}"]],0,0,[0],[0],[0]]