[1,["729v3HeKtKcK5FYY9lXKiG"],["_texture"],[["dragonBones.DragonBonesAtlasAsset",["_name","_atlasJson"],1]],[[0,0,1,3]],[[0,"row_right_tex","{\"width\":1024,\"imagePath\":\"row_right_tex.png\",\"height\":1024,\"name\":\"row_right\",\"SubTexture\":[{\"width\":132,\"y\":540,\"height\":267,\"name\":\"row_right/1_00001\",\"x\":414},{\"width\":133,\"y\":1,\"height\":267,\"name\":\"row_right/1_00013\",\"x\":280},{\"width\":132,\"y\":544,\"height\":268,\"name\":\"row_right/1_00010\",\"x\":280},{\"width\":131,\"y\":1,\"height\":267,\"name\":\"row_right/1_00003\",\"x\":415},{\"width\":131,\"y\":270,\"height\":267,\"name\":\"row_right/1_00005\",\"x\":415},{\"width\":132,\"y\":270,\"height\":268,\"name\":\"row_right/1_00009\",\"x\":281},{\"width\":139,\"y\":274,\"height\":271,\"name\":\"row_right/1_00008\",\"x\":1},{\"width\":137,\"y\":274,\"height\":268,\"name\":\"row_right/1_00000\",\"x\":142},{\"width\":138,\"y\":547,\"height\":269,\"name\":\"row_right/1_00012\",\"x\":1},{\"width\":132,\"y\":540,\"height\":267,\"name\":\"row_right/1_00002\",\"x\":548},{\"width\":137,\"y\":547,\"height\":269,\"name\":\"row_right/1_00007\",\"x\":141},{\"width\":130,\"y\":1,\"height\":267,\"name\":\"row_right/1_00006\",\"x\":148},{\"width\":145,\"y\":1,\"height\":271,\"name\":\"row_right/1_00011\",\"x\":1},{\"width\":130,\"y\":1,\"height\":266,\"name\":\"row_right/1_00004\",\"x\":548}]}"]],0,0,[0],[0],[0]]