[1,0,0,[["dragonBones.DragonBonesAsset",["_name","_dragonBonesJson"],1]],[[0,0,1,3]],[[0,"freespin-sg1_ske","{\"frameRate\":24,\"isGlobal\":0,\"armature\":[{\"bone\":[{\"name\":\"root\",\"transform\":{}},{\"transform\":{\"y\":-220.8,\"x\":-4.55},\"name\":\"bone\",\"parent\":\"root\"},{\"transform\":{\"y\":-95.3,\"x\":3},\"name\":\"bone1\",\"parent\":\"bone\"},{\"transform\":{\"y\":-75.65,\"x\":1.5},\"name\":\"bone2\",\"parent\":\"bone\"},{\"transform\":{\"y\":-142.2,\"x\":-1.5},\"name\":\"bone3\",\"parent\":\"bone\"},{\"transform\":{\"y\":-219.3,\"x\":7.55},\"name\":\"bone4\",\"parent\":\"bone\"},{\"transform\":{\"y\":-207.2,\"x\":-74.1},\"name\":\"bone5\",\"parent\":\"bone\"},{\"transform\":{\"y\":-204.2,\"x\":98.3},\"name\":\"bone6\",\"parent\":\"bone\"},{\"transform\":{\"y\":59,\"x\":-1.5},\"name\":\"bone7\",\"parent\":\"bone\"},{\"transform\":{\"y\":-31.75},\"name\":\"bone8\",\"parent\":\"bone\"},{\"transform\":{\"y\":-116.45,\"x\":6.7529},\"name\":\"bone9\",\"parent\":\"bone\"},{\"transform\":{\"y\":-185.15,\"x\":0.45},\"name\":\"bone10\",\"parent\":\"bone\"}],\"animation\":[{\"playTimes\":0,\"bone\":[{\"frame\":[{\"transform\":{},\"duration\":120}],\"name\":\"root\"},{\"frame\":[{\"transform\":{},\"duration\":120}],\"name\":\"bone\"},{\"frame\":[{\"tweenEasing\":0,\"transform\":{\"scY\":3,\"y\":-171.5209,\"scX\":3},\"duration\":5},{\"tweenEasing\":0,\"transform\":{},\"duration\":2},{\"tweenEasing\":0,\"transform\":{\"scY\":1.1,\"y\":-11.6979,\"scX\":1.1},\"duration\":2},{\"transform\":{},\"duration\":111}],\"name\":\"bone1\"},{\"frame\":[{\"tweenEasing\":0,\"transform\":{\"scX\":0.138},\"duration\":3},{\"tweenEasing\":0,\"transform\":{\"scX\":0.138},\"duration\":6},{\"transform\":{},\"duration\":111}],\"name\":\"bone2\"},{\"frame\":[{\"transform\":{},\"duration\":3},{\"tweenEasing\":0,\"transform\":{\"y\":90.2934},\"duration\":6},{\"tweenEasing\":0,\"transform\":{},\"duration\":2},{\"tweenEasing\":0,\"transform\":{\"y\":-11.6979},\"duration\":2},{\"transform\":{},\"duration\":107}],\"name\":\"bone3\"},{\"frame\":[{\"tweenEasing\":0,\"transform\":{\"y\":86.2722},\"duration\":7},{\"tweenEasing\":0,\"transform\":{\"y\":86.2722},\"duration\":6},{\"tweenEasing\":0,\"transform\":{},\"duration\":2},{\"tweenEasing\":0,\"transform\":{\"y\":-16.0847},\"duration\":2},{\"transform\":{},\"duration\":103}],\"name\":\"bone4\"},{\"frame\":[{\"tweenEasing\":0,\"transform\":{\"y\":86.2722},\"duration\":9},{\"tweenEasing\":0,\"transform\":{\"y\":86.2722},\"duration\":6},{\"tweenEasing\":0,\"transform\":{},\"duration\":2},{\"tweenEasing\":0,\"transform\":{\"y\":-16.0847,\"x\":-4.3867},\"duration\":2},{\"transform\":{},\"duration\":101}],\"name\":\"bone5\"},{\"frame\":[{\"tweenEasing\":0,\"transform\":{\"y\":86.2722},\"duration\":11},{\"tweenEasing\":0,\"transform\":{\"y\":86.2722},\"duration\":6},{\"tweenEasing\":0,\"transform\":{},\"duration\":2},{\"tweenEasing\":0,\"transform\":{\"y\":-16.0847},\"duration\":2},{\"transform\":{},\"duration\":99}],\"name\":\"bone6\"},{\"frame\":[{\"tweenEasing\":0,\"transform\":{\"scX\":0.0656},\"duration\":10},{\"tweenEasing\":0,\"transform\":{\"scX\":0.0656},\"duration\":6},{\"transform\":{},\"duration\":104}],\"name\":\"bone7\"},{\"frame\":[{\"transform\":{},\"duration\":10},{\"tweenEasing\":0,\"transform\":{\"scY\":0.2433},\"duration\":6},{\"transform\":{},\"duration\":104}],\"name\":\"bone8\"},{\"frame\":[{\"tweenEasing\":0,\"transform\":{\"y\":20.3996},\"duration\":60},{\"tweenEasing\":0,\"transform\":{\"y\":20.3996,\"skX\":90,\"skY\":90},\"duration\":60},{\"transform\":{\"y\":20.3996,\"skX\":180,\"skY\":180},\"duration\":0}],\"name\":\"bone9\"},{\"frame\":[{\"tweenEasing\":0,\"transform\":{\"y\":-284.574},\"duration\":30},{\"transform\":{\"y\":215.2155},\"duration\":90}],\"name\":\"bone10\"}],\"slot\":[{\"frame\":[{\"tweenEasing\":0,\"color\":{\"aM\":0},\"duration\":10},{\"tweenEasing\":0,\"color\":{\"aM\":0},\"duration\":6},{\"tweenEasing\":null,\"duration\":104}],\"name\":\"圆角矩形_34_拷贝\"},{\"frame\":[{\"tweenEasing\":0,\"color\":{\"aM\":0},\"duration\":30},{\"tweenEasing\":0,\"color\":{\"aM\":90},\"duration\":60},{\"tweenEasing\":0,\"color\":{\"aM\":90},\"duration\":30},{\"tweenEasing\":null,\"color\":{\"aM\":0},\"duration\":0}],\"name\":\"4393e55c63e6a18a88f122cbfd72b8a\"},{\"frame\":[{\"tweenEasing\":0,\"color\":{\"aM\":0},\"duration\":9},{\"tweenEasing\":0,\"color\":{\"aM\":0},\"duration\":6},{\"tweenEasing\":null,\"duration\":105}],\"name\":\"组_1_拷贝_7\"},{\"frame\":[{\"tweenEasing\":0,\"color\":{\"aM\":0},\"duration\":11},{\"tweenEasing\":0,\"color\":{\"aM\":0},\"duration\":6},{\"tweenEasing\":null,\"duration\":103}],\"name\":\"组_1_拷贝_8\"},{\"frame\":[{\"tweenEasing\":0,\"color\":{\"aM\":0},\"duration\":7},{\"tweenEasing\":0,\"color\":{\"aM\":0},\"duration\":6},{\"tweenEasing\":null,\"duration\":107}],\"name\":\"组_1_拷贝_6\"},{\"frame\":[{\"tweenEasing\":0,\"color\":{\"aM\":0},\"duration\":3},{\"tweenEasing\":0,\"color\":{\"aM\":0},\"duration\":6},{\"tweenEasing\":null,\"duration\":111}],\"name\":\"组_76\"},{\"frame\":[{\"tweenEasing\":0,\"color\":{\"aM\":0},\"duration\":3},{\"tweenEasing\":0,\"color\":{\"aM\":0},\"duration\":6},{\"tweenEasing\":null,\"duration\":111}],\"name\":\"图层_541\"},{\"frame\":[{\"tweenEasing\":0,\"color\":{\"aM\":0},\"duration\":10},{\"tweenEasing\":0,\"color\":{\"aM\":0},\"duration\":6},{\"tweenEasing\":0,\"duration\":104},{\"tweenEasing\":null,\"duration\":0}],\"name\":\"You_Ge\"},{\"frame\":[{\"tweenEasing\":0,\"color\":{\"aM\":0},\"duration\":16},{\"tweenEasing\":0,\"duration\":14},{\"tweenEasing\":null,\"color\":{\"aM\":0},\"duration\":90}],\"name\":\"bigwin_12\"},{\"frame\":[{\"tweenEasing\":0,\"color\":{\"aM\":0},\"duration\":5},{\"tweenEasing\":null,\"duration\":115}],\"name\":\"组_65_拷贝_2\"}],\"ffd\":[],\"ik\":[],\"frame\":[],\"name\":\"freespin\",\"duration\":120},{\"playTimes\":0,\"bone\":[{\"frame\":[{\"transform\":{},\"duration\":120}],\"name\":\"root\"},{\"frame\":[{\"transform\":{},\"duration\":120}],\"name\":\"bone\"},{\"frame\":[{\"tweenEasing\":0,\"transform\":{\"scY\":3,\"y\":-171.5209,\"scX\":3},\"duration\":5},{\"tweenEasing\":0,\"transform\":{},\"duration\":2},{\"tweenEasing\":0,\"transform\":{\"scY\":1.1,\"y\":-11.6979,\"scX\":1.1},\"duration\":2},{\"transform\":{},\"duration\":111}],\"name\":\"bone1\"},{\"frame\":[{\"tweenEasing\":0,\"transform\":{\"scX\":0.138},\"duration\":3},{\"tweenEasing\":0,\"transform\":{\"scX\":0.138},\"duration\":6},{\"transform\":{},\"duration\":111}],\"name\":\"bone2\"},{\"frame\":[{\"transform\":{},\"duration\":3},{\"tweenEasing\":0,\"transform\":{\"y\":90.2934},\"duration\":6},{\"tweenEasing\":0,\"transform\":{},\"duration\":2},{\"tweenEasing\":0,\"transform\":{\"y\":-11.6979},\"duration\":2},{\"transform\":{},\"duration\":107}],\"name\":\"bone3\"},{\"frame\":[{\"tweenEasing\":0,\"transform\":{\"y\":86.2722},\"duration\":7},{\"tweenEasing\":0,\"transform\":{\"y\":86.2722},\"duration\":6},{\"tweenEasing\":0,\"transform\":{},\"duration\":2},{\"tweenEasing\":0,\"transform\":{\"y\":-16.0847},\"duration\":2},{\"transform\":{},\"duration\":103}],\"name\":\"bone4\"},{\"frame\":[{\"tweenEasing\":0,\"transform\":{\"y\":86.2722},\"duration\":9},{\"tweenEasing\":0,\"transform\":{\"y\":86.2722},\"duration\":6},{\"tweenEasing\":0,\"transform\":{},\"duration\":2},{\"tweenEasing\":0,\"transform\":{\"y\":-16.0847,\"x\":-4.3867},\"duration\":2},{\"transform\":{},\"duration\":101}],\"name\":\"bone5\"},{\"frame\":[{\"tweenEasing\":0,\"transform\":{\"y\":86.2722},\"duration\":11},{\"tweenEasing\":0,\"transform\":{\"y\":86.2722},\"duration\":6},{\"tweenEasing\":0,\"transform\":{},\"duration\":2},{\"tweenEasing\":0,\"transform\":{\"y\":-16.0847},\"duration\":2},{\"transform\":{},\"duration\":99}],\"name\":\"bone6\"},{\"frame\":[{\"tweenEasing\":0,\"transform\":{\"scX\":0.0656},\"duration\":10},{\"tweenEasing\":0,\"transform\":{\"scX\":0.0656},\"duration\":6},{\"transform\":{},\"duration\":104}],\"name\":\"bone7\"},{\"frame\":[{\"transform\":{},\"duration\":10},{\"tweenEasing\":0,\"transform\":{\"scY\":0.2433},\"duration\":6},{\"transform\":{},\"duration\":104}],\"name\":\"bone8\"},{\"frame\":[{\"tweenEasing\":0,\"transform\":{\"y\":20.3996},\"duration\":60},{\"tweenEasing\":0,\"transform\":{\"y\":20.3996,\"skX\":90,\"skY\":90},\"duration\":60},{\"transform\":{\"y\":20.3996,\"skX\":180,\"skY\":180},\"duration\":0}],\"name\":\"bone9\"},{\"frame\":[{\"tweenEasing\":0,\"transform\":{\"y\":-284.574},\"duration\":30},{\"transform\":{\"y\":215.2155},\"duration\":90}],\"name\":\"bone10\"}],\"slot\":[{\"frame\":[{\"tweenEasing\":0,\"color\":{\"aM\":0},\"duration\":10},{\"tweenEasing\":0,\"color\":{\"aM\":0},\"duration\":6},{\"tweenEasing\":null,\"duration\":104}],\"name\":\"圆角矩形_34_拷贝\"},{\"frame\":[{\"tweenEasing\":0,\"color\":{\"aM\":0},\"duration\":30},{\"tweenEasing\":0,\"color\":{\"aM\":90},\"duration\":60},{\"tweenEasing\":0,\"color\":{\"aM\":90},\"duration\":30},{\"tweenEasing\":null,\"color\":{\"aM\":0},\"duration\":0}],\"name\":\"4393e55c63e6a18a88f122cbfd72b8a\"},{\"frame\":[{\"tweenEasing\":0,\"color\":{\"aM\":0},\"duration\":9},{\"tweenEasing\":0,\"color\":{\"aM\":0},\"duration\":6},{\"tweenEasing\":null,\"duration\":105}],\"name\":\"组_1_拷贝_7\"},{\"frame\":[{\"tweenEasing\":0,\"color\":{\"aM\":0},\"duration\":11},{\"tweenEasing\":0,\"color\":{\"aM\":0},\"duration\":6},{\"tweenEasing\":null,\"duration\":103}],\"name\":\"组_1_拷贝_8\"},{\"frame\":[{\"tweenEasing\":0,\"color\":{\"aM\":0},\"duration\":7},{\"tweenEasing\":0,\"color\":{\"aM\":0},\"duration\":6},{\"tweenEasing\":null,\"duration\":107}],\"name\":\"组_1_拷贝_6\"},{\"frame\":[{\"tweenEasing\":0,\"color\":{\"aM\":0},\"duration\":3},{\"tweenEasing\":0,\"color\":{\"aM\":0},\"duration\":6},{\"tweenEasing\":null,\"duration\":111}],\"name\":\"组_76\"},{\"frame\":[{\"tweenEasing\":0,\"color\":{\"aM\":0},\"duration\":3},{\"tweenEasing\":0,\"color\":{\"aM\":0},\"duration\":6},{\"tweenEasing\":null,\"duration\":111}],\"name\":\"图层_541\"},{\"frame\":[{\"tweenEasing\":0,\"color\":{\"aM\":0},\"duration\":10},{\"tweenEasing\":0,\"color\":{\"aM\":0},\"duration\":6},{\"tweenEasing\":0,\"duration\":104},{\"tweenEasing\":null,\"duration\":0}],\"name\":\"You_Ge\"},{\"frame\":[{\"tweenEasing\":0,\"color\":{\"aM\":0},\"duration\":16},{\"tweenEasing\":0,\"duration\":14},{\"tweenEasing\":null,\"color\":{\"aM\":0},\"duration\":90}],\"name\":\"bigwin_12\"},{\"frame\":[{\"tweenEasing\":0,\"color\":{\"aM\":0},\"duration\":5},{\"tweenEasing\":null,\"color\":{\"aM\":0},\"duration\":115}],\"name\":\"组_65_拷贝_2\"},{\"frame\":[{\"tweenEasing\":null,\"duration\":5},{\"tweenEasing\":null,\"duration\":115}],\"name\":\"total1\"}],\"ffd\":[],\"ik\":[],\"frame\":[],\"name\":\"totalwin\",\"duration\":120}],\"type\":\"Armature\",\"name\":\"Armature\",\"aabb\":{\"width\":921,\"y\":-639.0842875885701,\"height\":682.0842875885701,\"x\":-500},\"ik\":[],\"skin\":[{\"slot\":[{\"display\":[{\"path\":\"freespin-sg1/4393e55c63e6a18a88f122cbfd72b8a\",\"type\":\"image\",\"name\":\"freespin-sg1/4393e55c63e6a18a88f122cbfd72b8a\",\"transform\":{\"y\":6.6657,\"x\":1.1392}}],\"name\":\"4393e55c63e6a18a88f122cbfd72b8a\"},{\"display\":[{\"path\":\"freespin-sg1/total1\",\"type\":\"image\",\"name\":\"freespin-sg1/total1\",\"transform\":{}}],\"name\":\"total1\"},{\"display\":[{\"path\":\"freespin-sg1/组_1_拷贝_7\",\"type\":\"image\",\"name\":\"freespin-sg1/组_1_拷贝_7\",\"transform\":{\"y\":10,\"x\":-15.85}}],\"name\":\"组_1_拷贝_7\"},{\"display\":[{\"path\":\"freespin-sg1/组_1_拷贝_8\",\"type\":\"image\",\"name\":\"freespin-sg1/组_1_拷贝_8\",\"transform\":{\"y\":6,\"x\":-7.75}}],\"name\":\"组_1_拷贝_8\"},{\"display\":[{\"path\":\"freespin-sg1/圆角矩形_34_拷贝\",\"type\":\"image\",\"name\":\"freespin-sg1/圆角矩形_34_拷贝\",\"transform\":{\"y\":88.55,\"x\":5.05}}],\"name\":\"圆角矩形_34_拷贝\"},{\"display\":[{\"path\":\"freespin-sg1/组_1_拷贝_6\",\"type\":\"image\",\"name\":\"freespin-sg1/组_1_拷贝_6\",\"transform\":{\"y\":-3.4,\"x\":-6.5}}],\"name\":\"组_1_拷贝_6\"},{\"display\":[{\"path\":\"freespin-sg1/bigwin_12\",\"type\":\"image\",\"name\":\"freespin-sg1/bigwin_12\",\"transform\":{\"y\":167.45,\"x\":-51.9}}],\"name\":\"bigwin_12\"},{\"display\":[{\"path\":\"freespin-sg1/组_76\",\"type\":\"image\",\"name\":\"freespin-sg1/组_76\",\"transform\":{\"y\":8.5,\"x\":37.55}}],\"name\":\"组_76\"},{\"display\":[{\"path\":\"freespin-sg1/图层_541\",\"type\":\"image\",\"name\":\"freespin-sg1/图层_541\",\"transform\":{\"y\":-5.05,\"x\":4.05}}],\"name\":\"图层_541\"},{\"display\":[{\"path\":\"freespin-sg1/You_Ge\",\"type\":\"image\",\"name\":\"freespin-sg1/You_Ge\",\"transform\":{\"y\":10.3,\"x\":6.55}}],\"name\":\"You_Ge\"},{\"display\":[{\"path\":\"freespin-sg1/组_65_拷贝_2\",\"type\":\"image\",\"name\":\"freespin-sg1/组_65_拷贝_2\",\"transform\":{\"y\":7.6,\"x\":-1.45}}],\"name\":\"组_65_拷贝_2\"}],\"name\":\"\"}],\"slot\":[{\"name\":\"圆角矩形_34_拷贝\",\"parent\":\"bone8\",\"color\":{}},{\"z\":1,\"name\":\"4393e55c63e6a18a88f122cbfd72b8a\",\"parent\":\"bone9\",\"color\":{}},{\"z\":2,\"name\":\"组_1_拷贝_7\",\"parent\":\"bone5\",\"color\":{}},{\"z\":3,\"name\":\"组_1_拷贝_8\",\"parent\":\"bone6\",\"color\":{}},{\"z\":4,\"name\":\"组_1_拷贝_6\",\"parent\":\"bone4\",\"color\":{}},{\"z\":5,\"name\":\"组_76\",\"parent\":\"bone3\",\"color\":{}},{\"z\":6,\"name\":\"图层_541\",\"parent\":\"bone2\",\"color\":{}},{\"z\":7,\"name\":\"You_Ge\",\"parent\":\"bone7\",\"color\":{}},{\"z\":8,\"name\":\"组_65_拷贝_2\",\"parent\":\"bone1\",\"color\":{}},{\"z\":9,\"name\":\"bigwin_12\",\"parent\":\"bone10\",\"color\":{}},{\"z\":10,\"name\":\"total1\",\"parent\":\"bone1\",\"color\":{\"aM\":0}}],\"frameRate\":24,\"defaultActions\":[{\"gotoAndPlay\":\"freespin\"}]}],\"name\":\"freespin-sg1\",\"version\":\"4.0\"}"]],0,0,[],[],[]]