[1,0,0,[["cc.AnimationClip",["_name","_duration","wrapMode","curveData"],0,11]],[[0,0,1,2,3,4]],[[0,"zuanshi",1.0833333333333333,2,[{},"paths",11,[{},"zuanshi_111",11,[{},"props",11,[{"opacity":[{"frame":0,"value":0},{"frame":0.3333333333333333,"value":200},{"frame":0.8666666666666667,"value":0}]},"scale",12,[[[{"frame":0},"value",8,[0,1,1]],[{"frame":0.3333333333333333},"value",8,[0,1.2,1.2]],[{"frame":0.65},"value",8,[0,1,1]]],11,11,11]]],"zuanshi_1",11,[{},"props",11,[{},"scale",12,[[[{"frame":0},"value",8,[0,1,1]],[{"frame":0.3333333333333333},"value",8,[0,1.2,1.2]],[{"frame":0.65},"value",8,[0,1,1]]],11,11,11]]],"zuanshi_22",11,[{},"props",11,[{"opacity":[{"frame":0.26666666666666666,"value":0},{"frame":0.6,"value":200},{"frame":1.0833333333333333,"value":0}]},"scale",12,[[[{"frame":0.26666666666666666},"value",8,[0,1,1]],[{"frame":0.6},"value",8,[0,1.2,1.2]],[{"frame":0.9166666666666666},"value",8,[0,1.5,1.5]]],11,11,11]]],"zuanshi_2",11,[{},"props",11,[{},"scale",12,[[[{"frame":0.26666666666666666},"value",8,[0,1,1]],[{"frame":0.6},"value",8,[0,1.2,1.2]],[{"frame":0.9166666666666666},"value",8,[0,1,1]]],11,11,11]]],"zuanshi_3",11,[{},"props",11,[{},"scale",12,[[[{"frame":0.43333333333333335},"value",8,[0,1,1]],[{"frame":0.7666666666666667},"value",8,[0,1.2,1.2]],[{"frame":1.0833333333333333},"value",8,[0,1,1]]],11,11,11]]]]]]],0,0,[],[],[]]