[1,["b7OsebfHJE56sbVd69Gwvn"],["_texture"],[["dragonBones.DragonBonesAtlasAsset",["_name","_atlasJson"],1]],[[0,0,1,3]],[[0,"s_slot_total_tex","{\"width\":1024,\"imagePath\":\"s_slot_total_tex.png\",\"height\":2048,\"name\":\"s_slot_total\",\"SubTexture\":[{\"width\":610,\"y\":558,\"height\":364,\"name\":\"s_slot_total/bg\",\"x\":1},{\"width\":518,\"y\":1,\"height\":555,\"name\":\"s_slot_total/gm\",\"x\":1},{\"width\":91,\"y\":472,\"height\":228,\"name\":\"s_slot_total/maizi2\",\"x\":613},{\"width\":91,\"y\":242,\"height\":228,\"name\":\"s_slot_total/maizi1\",\"x\":521},{\"width\":239,\"y\":1,\"height\":239,\"name\":\"s_slot_total/yuan\",\"x\":521},{\"width\":670,\"y\":924,\"height\":172,\"name\":\"s_slot_total/shuzi\",\"x\":1},{\"width\":99,\"y\":849,\"height\":105,\"name\":\"s_slot_total/7_拷贝_7\",\"x\":673},{\"width\":99,\"y\":956,\"height\":105,\"name\":\"s_slot_total/7_拷贝_6\",\"x\":673},{\"width\":136,\"y\":702,\"height\":145,\"name\":\"s_slot_total/7_拷贝_5\",\"x\":613},{\"width\":646,\"y\":1247,\"height\":146,\"name\":\"s_slot_total/free\",\"x\":1},{\"width\":705,\"y\":1098,\"height\":147,\"name\":\"s_slot_total/win\",\"x\":1}]}"]],0,0,[0],[0],[0]]