[1,0,0,[["cc.AnimationClip",["_name","_duration","speed","wrapMode","curveData"],-1,11]],[[0,0,1,2,3,4,5]],[[0,"downloadAniClip",1.3333333333333333,0.9,22,[{},"paths",11,[{"广告03":{"props":{"position":[{"frame":0,"value":[66.389,94.868,0]},{"frame":0.6666666666666666,"value":[66.389,108.539,0]},{"frame":1.3333333333333333,"value":[66.389,94.868,0]}]}}},"广告02",11,[{},"props",11,[{},"scale",12,[[[{"frame":0},"value",8,[1,1,1,1]],[{"frame":0.3333333333333333},"value",8,[1,1.05,1.05,1]],[{"frame":0.6666666666666666},"value",8,[1,1,1,1]],[{"frame":1},"value",8,[1,1.05,1.05,1]],[{"frame":1.3333333333333333},"value",8,[1,1,1,1]]],11,11,11,11,11]]]]]]],0,0,[],[],[]]