[1,0,0,[["dragonBones.DragonBonesAsset",["_name","_dragonBonesJson"],1]],[[0,0,1,3]],[[0,"tongxingzheng_ske","{\"frameRate\":24,\"isGlobal\":0,\"armature\":[{\"ik\":[],\"bone\":[{\"name\":\"root\",\"transform\":{}},{\"length\":26,\"transform\":{\"y\":-8.7,\"skX\":83.047,\"skY\":83.047,\"x\":-9.8},\"parent\":\"root\",\"name\":\"3\"},{\"length\":17,\"transform\":{\"y\":23.95,\"skX\":90,\"skY\":90,\"x\":16.85},\"parent\":\"root\",\"name\":\"2\"},{\"length\":26,\"transform\":{\"y\":41.9,\"skX\":86.4571,\"skY\":86.4571,\"x\":-9.8},\"parent\":\"root\",\"name\":\"1\"},{\"length\":9,\"transform\":{\"y\":47.5787,\"skX\":96.7817,\"skY\":96.7817,\"x\":48.5471},\"parent\":\"root\",\"name\":\"4\"},{\"length\":26,\"transform\":{\"y\":-8.7,\"skX\":83.047,\"skY\":83.047,\"x\":-9.8},\"parent\":\"root\",\"name\":\"31\"},{\"length\":9,\"transform\":{\"y\":-37.5502,\"skX\":96.7817,\"skY\":96.7817,\"x\":23.9011},\"parent\":\"root\",\"name\":\"41\"},{\"length\":9,\"transform\":{\"scY\":0.65,\"y\":-20.0375,\"skX\":96.7817,\"skY\":96.7817,\"scX\":0.65,\"x\":-39.0166},\"parent\":\"root\",\"name\":\"411\"},{\"length\":9,\"transform\":{\"scY\":0.65,\"y\":-59.3344,\"skX\":96.7817,\"skY\":96.7817,\"scX\":0.65,\"x\":-14.2425},\"parent\":\"root\",\"name\":\"4111\"},{\"length\":9,\"transform\":{\"scY\":0.65,\"y\":50.0134,\"skX\":96.7817,\"skY\":96.7817,\"scX\":0.65,\"x\":-44.1422},\"parent\":\"root\",\"name\":\"41111\"}],\"aabb\":{\"width\":156.3393681586611,\"y\":-89.24688183622975,\"height\":175.34782603049413,\"x\":-76.79224967681003},\"type\":\"Armature\",\"frameRate\":24,\"defaultActions\":[{\"gotoAndPlay\":\"newAnimation\"}],\"animation\":[{\"ik\":[],\"playTimes\":0,\"bone\":[{\"frame\":[{\"transform\":{},\"duration\":26}],\"name\":\"root\"},{\"frame\":[{\"transform\":{},\"duration\":26}],\"name\":\"3\"},{\"frame\":[{\"transform\":{},\"duration\":26}],\"name\":\"2\"},{\"frame\":[{\"transform\":{},\"duration\":26}],\"name\":\"1\"},{\"frame\":[{\"tweenEasing\":0,\"transform\":{\"scY\":0.25,\"scX\":0.25},\"duration\":7},{\"tweenEasing\":0,\"transform\":{},\"duration\":5},{\"tweenEasing\":0,\"transform\":{\"scY\":0.25,\"scX\":0.25},\"duration\":7},{\"tweenEasing\":0,\"transform\":{},\"duration\":5},{\"transform\":{\"scY\":0.4501,\"scX\":0.4501},\"duration\":2}],\"name\":\"4\"},{\"frame\":[{\"transform\":{},\"duration\":26}],\"name\":\"31\"},{\"frame\":[{\"tweenEasing\":0,\"transform\":{\"scY\":0.25,\"scX\":0.25},\"duration\":12},{\"tweenEasing\":0,\"transform\":{},\"duration\":4},{\"tweenEasing\":0,\"transform\":{\"scY\":0.25,\"scX\":0.25},\"duration\":6},{\"tweenEasing\":0,\"transform\":{},\"duration\":4},{\"transform\":{\"scY\":0.4501,\"scX\":0.4501},\"duration\":0}],\"name\":\"41\"},{\"frame\":[{\"tweenEasing\":0,\"transform\":{\"scY\":0.25,\"scX\":0.25},\"duration\":4},{\"tweenEasing\":0,\"transform\":{},\"duration\":4},{\"tweenEasing\":0,\"transform\":{\"scY\":0.25,\"scX\":0.25},\"duration\":6},{\"tweenEasing\":0,\"transform\":{},\"duration\":4},{\"transform\":{\"scY\":0.4501,\"scX\":0.4501},\"duration\":8}],\"name\":\"411\"},{\"frame\":[{\"tweenEasing\":0,\"transform\":{\"scY\":0.25,\"scX\":0.25},\"duration\":4},{\"tweenEasing\":0,\"transform\":{},\"duration\":4},{\"tweenEasing\":0,\"transform\":{\"scY\":0.25,\"scX\":0.25},\"duration\":6},{\"tweenEasing\":0,\"transform\":{},\"duration\":4},{\"transform\":{\"scY\":0.4501,\"scX\":0.4501},\"duration\":8}],\"name\":\"4111\"},{\"frame\":[{\"tweenEasing\":0,\"transform\":{\"scY\":0.25,\"scX\":0.25},\"duration\":9},{\"tweenEasing\":0,\"transform\":{},\"duration\":5},{\"tweenEasing\":0,\"transform\":{\"scY\":0.25,\"scX\":0.25},\"duration\":4},{\"transform\":{\"scY\":0.75,\"scX\":0.75},\"duration\":2},{\"tweenEasing\":0,\"transform\":{},\"duration\":6},{\"transform\":{\"scY\":0.4501,\"scX\":0.4501},\"duration\":0}],\"name\":\"41111\"}],\"slot\":[{\"frame\":[{\"tweenEasing\":0,\"color\":{\"aM\":35},\"duration\":7},{\"tweenEasing\":0,\"duration\":17},{\"tweenEasing\":null,\"color\":{\"aM\":0},\"duration\":2}],\"name\":\"4\"},{\"frame\":[{\"tweenEasing\":0,\"color\":{\"aM\":0},\"duration\":16},{\"tweenEasing\":0,\"color\":{\"aM\":25},\"duration\":8},{\"tweenEasing\":null,\"color\":{\"aM\":0},\"duration\":2}],\"name\":\"31\"},{\"frame\":[{\"tweenEasing\":0,\"color\":{\"aM\":35},\"duration\":12},{\"tweenEasing\":0,\"duration\":14},{\"tweenEasing\":null,\"color\":{\"aM\":0},\"duration\":0}],\"name\":\"41\"},{\"frame\":[{\"tweenEasing\":0,\"color\":{\"aM\":35},\"duration\":4},{\"tweenEasing\":0,\"duration\":14},{\"tweenEasing\":null,\"color\":{\"aM\":0},\"duration\":8}],\"name\":\"411\"},{\"frame\":[{\"tweenEasing\":0,\"color\":{\"aM\":35},\"duration\":4},{\"tweenEasing\":0,\"duration\":14},{\"tweenEasing\":null,\"color\":{\"aM\":0},\"duration\":8}],\"name\":\"4111\"},{\"frame\":[{\"tweenEasing\":0,\"color\":{\"aM\":35},\"duration\":12},{\"tweenEasing\":0,\"duration\":14},{\"tweenEasing\":null,\"color\":{\"aM\":0},\"duration\":0}],\"name\":\"41111\"}],\"ffd\":[],\"frame\":[],\"name\":\"newAnimation\",\"duration\":26}],\"slot\":[{\"name\":\"1\",\"parent\":\"1\",\"color\":{}},{\"z\":1,\"name\":\"2\",\"parent\":\"2\",\"color\":{}},{\"z\":2,\"name\":\"3\",\"parent\":\"3\",\"color\":{}},{\"z\":3,\"name\":\"4\",\"parent\":\"4\",\"color\":{}},{\"blendMode\":\"add\",\"z\":4,\"parent\":\"31\",\"name\":\"31\",\"color\":{}},{\"z\":5,\"name\":\"PASSES\",\"parent\":\"root\",\"color\":{}},{\"z\":6,\"name\":\"41\",\"parent\":\"41\",\"color\":{}},{\"z\":7,\"name\":\"411\",\"parent\":\"411\",\"color\":{}},{\"z\":8,\"name\":\"4111\",\"parent\":\"4111\",\"color\":{}},{\"z\":9,\"name\":\"41111\",\"parent\":\"41111\",\"color\":{}}],\"name\":\"Armature\",\"skin\":[{\"slot\":[{\"display\":[{\"path\":\"tongxingzheng/图层_535\",\"type\":\"image\",\"name\":\"3\",\"transform\":{\"y\":2.2322,\"skX\":-83.047,\"skY\":-83.047,\"x\":12.5219}}],\"name\":\"3\"},{\"display\":[{\"path\":\"tongxingzheng/图层_534_拷贝\",\"type\":\"image\",\"name\":\"4\",\"transform\":{\"y\":0.4321,\"skX\":-96.7817,\"skY\":-96.7817,\"x\":4.8349}}],\"name\":\"4\"},{\"display\":[{\"path\":\"tongxingzheng/图层_535\",\"type\":\"image\",\"name\":\"31\",\"transform\":{\"y\":2.2322,\"skX\":-83.047,\"skY\":-83.047,\"x\":12.5219}}],\"blendMode\":\"add\",\"name\":\"31\"},{\"display\":[{\"path\":\"PASSES\",\"type\":\"image\",\"name\":\"PASSES\",\"transform\":{\"y\":72.7199}}],\"name\":\"PASSES\"},{\"display\":[{\"path\":\"tongxingzheng/图层_534_拷贝\",\"type\":\"image\",\"name\":\"4\",\"transform\":{\"y\":0.4321,\"skX\":-96.7817,\"skY\":-96.7817,\"x\":4.8349}}],\"name\":\"41\"},{\"display\":[{\"path\":\"tongxingzheng/图层_534_拷贝\",\"type\":\"image\",\"name\":\"4\",\"transform\":{\"y\":0.4321,\"skX\":-96.7817,\"skY\":-96.7817,\"x\":4.8349}}],\"name\":\"411\"},{\"display\":[{\"path\":\"tongxingzheng/图层_534_拷贝\",\"type\":\"image\",\"name\":\"4\",\"transform\":{\"y\":0.4321,\"skX\":-96.7817,\"skY\":-96.7817,\"x\":4.8349}}],\"name\":\"4111\"},{\"display\":[{\"path\":\"tongxingzheng/图层_536\",\"type\":\"image\",\"name\":\"1\",\"transform\":{\"y\":-5.69,\"skX\":-86.4571,\"skY\":-86.4571,\"x\":1.9554}}],\"name\":\"1\"},{\"display\":[{\"path\":\"tongxingzheng/图层_525\",\"type\":\"image\",\"name\":\"2\",\"transform\":{\"y\":16.85,\"skX\":-90,\"skY\":-90,\"x\":-0.95}}],\"name\":\"2\"},{\"display\":[{\"path\":\"tongxingzheng/图层_534_拷贝\",\"type\":\"image\",\"name\":\"4\",\"transform\":{\"y\":0.4321,\"skX\":-96.7817,\"skY\":-96.7817,\"x\":4.8349}}],\"name\":\"41111\"}],\"name\":\"\"}]}],\"name\":\"tongxingzheng\",\"version\":\"5.0\"}"]],0,0,[],[],[]]