[1,["baLlKUE49ONL4SQQI3bl7/","be2ea+HCtM9LD30ntS7xNf"],["spriteFrame","_textureSetter"],["cc.SpriteFrame",["cc.BitmapFont",["_name","fontSize","_fntConfig"],0]],[[1,0,1,2,4]],[[[[0,"shuzi-export",32,{"commonHeight":120,"fontSize":32,"atlasName":"C:\\Users\\Administrator\\Desktop\\shuzi-export.png","fontDefDictionary":{"9":{"xOffset":0,"yOffset":0,"xAdvance":0,"rect":{"x":0,"y":0,"width":0,"height":0}},"32":{"xOffset":0,"yOffset":0,"xAdvance":22,"rect":{"x":0,"y":0,"width":0,"height":0}},"44":{"xOffset":0,"yOffset":96,"xAdvance":33,"rect":{"x":30,"y":440,"width":23,"height":39}},"46":{"xOffset":0,"yOffset":96,"xAdvance":34,"rect":{"x":0,"y":440,"width":24,"height":24}},"48":{"xOffset":0,"yOffset":16,"xAdvance":68,"rect":{"x":81,"y":0,"width":58,"height":103}},"49":{"xOffset":0,"yOffset":16,"xAdvance":45,"rect":{"x":198,"y":219,"width":35,"height":104}},"50":{"xOffset":0,"yOffset":16,"xAdvance":68,"rect":{"x":0,"y":330,"width":58,"height":104}},"51":{"xOffset":0,"yOffset":16,"xAdvance":68,"rect":{"x":64,"y":330,"width":58,"height":104}},"52":{"xOffset":0,"yOffset":16,"xAdvance":77,"rect":{"x":0,"y":110,"width":67,"height":104}},"53":{"xOffset":0,"yOffset":16,"xAdvance":68,"rect":{"x":134,"y":220,"width":58,"height":104}},"54":{"xOffset":0,"yOffset":16,"xAdvance":68,"rect":{"x":128,"y":330,"width":58,"height":104}},"55":{"xOffset":0,"yOffset":16,"xAdvance":64,"rect":{"x":192,"y":330,"width":54,"height":104}},"56":{"xOffset":0,"yOffset":16,"xAdvance":67,"rect":{"x":137,"y":109,"width":57,"height":104}},"57":{"xOffset":0,"yOffset":16,"xAdvance":68,"rect":{"x":73,"y":110,"width":58,"height":104}},"98":{"xOffset":0,"yOffset":16,"xAdvance":68,"rect":{"x":70,"y":220,"width":58,"height":104}},"107":{"xOffset":0,"yOffset":16,"xAdvance":74,"rect":{"x":0,"y":220,"width":64,"height":104}},"109":{"xOffset":0,"yOffset":16,"xAdvance":85,"rect":{"x":0,"y":0,"width":75,"height":104}}},"kerningDict":{}}]],0,0,[0],[0],[0]],[[{"name":"shuzi-export","rect":[0,0,256,512],"offset":[0,0],"originalSize":[256,512],"capInsets":[0,0,0,0]}],[0],0,[0],[1],[1]]]]