[1,["1e8IneTLBO1YYyhHYBL5It","04mQpZ1HxM16Ydy7MVgnvh"],["_textureSetter","spriteFrame"],["cc.SpriteFrame",["cc.BitmapFont",["_name","fontSize","_fntConfig"],0]],[[1,0,1,2,4]],[[[{"name":"freefont","rect":[0,0,128,64],"offset":[0,0],"originalSize":[128,64],"capInsets":[0,0,0,0]}],[0],0,[0],[0],[0]],[[[0,"freefont",32,{"commonHeight":26,"fontSize":32,"atlasName":"C:\\Users\\Administrator\\Desktop\\按钮切图\\freefont.png","fontDefDictionary":{"9":{"xOffset":0,"yOffset":0,"xAdvance":0,"rect":{"x":0,"y":0,"width":0,"height":0}},"32":{"xOffset":0,"yOffset":0,"xAdvance":22,"rect":{"x":0,"y":0,"width":0,"height":0}},"48":{"xOffset":0,"yOffset":0,"xAdvance":18,"rect":{"x":52,"y":0,"width":20,"height":26}},"49":{"xOffset":0,"yOffset":0,"xAdvance":15,"rect":{"x":104,"y":0,"width":17,"height":25}},"50":{"xOffset":0,"yOffset":0,"xAdvance":18,"rect":{"x":78,"y":0,"width":20,"height":25}},"51":{"xOffset":0,"yOffset":0,"xAdvance":18,"rect":{"x":26,"y":31,"width":20,"height":26}},"52":{"xOffset":0,"yOffset":0,"xAdvance":18,"rect":{"x":52,"y":32,"width":20,"height":25}},"53":{"xOffset":0,"yOffset":1,"xAdvance":17,"rect":{"x":103,"y":31,"width":19,"height":25}},"54":{"xOffset":0,"yOffset":0,"xAdvance":17,"rect":{"x":78,"y":31,"width":19,"height":26}},"55":{"xOffset":0,"yOffset":1,"xAdvance":18,"rect":{"x":26,"y":0,"width":20,"height":25}},"56":{"xOffset":0,"yOffset":0,"xAdvance":18,"rect":{"x":0,"y":32,"width":20,"height":26}},"57":{"xOffset":0,"yOffset":0,"xAdvance":18,"rect":{"x":0,"y":0,"width":20,"height":26}}},"kerningDict":{}}]],0,0,[0],[1],[1]]]]