[1,["c7Wo1sOcNJlYr6bUF/ZGgF","33s1MZMc1LQ4rHAyr7d4px"],["spriteFrame","_textureSetter"],["cc.SpriteFrame",["cc.BitmapFont",["_name","fontSize","_fntConfig"],0]],[[1,0,1,2,4]],[[[[0,"pubg",32,{"commonHeight":26,"fontSize":32,"atlasName":"C:\\Users\\Administrator\\Desktop\\PUBG切图\\pubg.png","fontDefDictionary":{"9":{"xOffset":0,"yOffset":0,"xAdvance":0,"rect":{"x":0,"y":0,"width":0,"height":0}},"32":{"xOffset":0,"yOffset":0,"xAdvance":22,"rect":{"x":0,"y":0,"width":0,"height":0}},"48":{"xOffset":0,"yOffset":1,"xAdvance":19,"rect":{"x":51,"y":31,"width":19,"height":25}},"49":{"xOffset":0,"yOffset":1,"xAdvance":14,"rect":{"x":102,"y":0,"width":14,"height":25}},"50":{"xOffset":0,"yOffset":1,"xAdvance":19,"rect":{"x":77,"y":0,"width":19,"height":25}},"51":{"xOffset":0,"yOffset":1,"xAdvance":20,"rect":{"x":0,"y":31,"width":20,"height":25}},"52":{"xOffset":0,"yOffset":1,"xAdvance":21,"rect":{"x":0,"y":0,"width":21,"height":25}},"53":{"xOffset":0,"yOffset":1,"xAdvance":19,"rect":{"x":101,"y":31,"width":19,"height":25}},"54":{"xOffset":0,"yOffset":1,"xAdvance":19,"rect":{"x":76,"y":31,"width":19,"height":25}},"55":{"xOffset":0,"yOffset":1,"xAdvance":19,"rect":{"x":52,"y":0,"width":19,"height":25}},"56":{"xOffset":0,"yOffset":1,"xAdvance":19,"rect":{"x":27,"y":0,"width":19,"height":25}},"57":{"xOffset":0,"yOffset":1,"xAdvance":19,"rect":{"x":26,"y":31,"width":19,"height":25}}},"kerningDict":{}}]],0,0,[0],[0],[0]],[[{"name":"0123456789-export","rect":[0,0,128,128],"offset":[0,0],"originalSize":[128,128],"capInsets":[0,0,0,0]}],[0],0,[0],[1],[1]]]]