[1,["46Fa1/NvhE/5qArMtlSmXd","72PH9CYIxMI5A8mHVzsyoN"],["spriteFrame","_textureSetter"],["cc.SpriteFrame",["cc.BitmapFont",["_name","fontSize","_fntConfig"],0]],[[1,0,1,2,4]],[[[[0,"freecontents",32,{"commonHeight":26,"fontSize":32,"atlasName":"C:\\Users\\Administrator\\Desktop\\freeqietu\\freecontents.png","fontDefDictionary":{"9":{"xOffset":0,"yOffset":0,"xAdvance":0,"rect":{"x":0,"y":0,"width":0,"height":0}},"32":{"xOffset":0,"yOffset":0,"xAdvance":22,"rect":{"x":0,"y":0,"width":0,"height":0}},"48":{"xOffset":0,"yOffset":-37,"xAdvance":43,"rect":{"x":44,"y":69,"width":37,"height":63}},"49":{"xOffset":0,"yOffset":-36,"xAdvance":33,"rect":{"x":123,"y":137,"width":27,"height":61}},"50":{"xOffset":0,"yOffset":-37,"xAdvance":41,"rect":{"x":87,"y":69,"width":35,"height":62}},"51":{"xOffset":0,"yOffset":-37,"xAdvance":42,"rect":{"x":87,"y":0,"width":36,"height":63}},"52":{"xOffset":0,"yOffset":-36,"xAdvance":44,"rect":{"x":0,"y":138,"width":38,"height":61}},"53":{"xOffset":0,"yOffset":-36,"xAdvance":43,"rect":{"x":44,"y":138,"width":37,"height":62}},"54":{"xOffset":0,"yOffset":-37,"xAdvance":44,"rect":{"x":0,"y":69,"width":38,"height":63}},"55":{"xOffset":0,"yOffset":-36,"xAdvance":36,"rect":{"x":87,"y":137,"width":30,"height":61}},"56":{"xOffset":0,"yOffset":-37,"xAdvance":43,"rect":{"x":44,"y":0,"width":37,"height":63}},"57":{"xOffset":0,"yOffset":-37,"xAdvance":44,"rect":{"x":0,"y":0,"width":38,"height":63}}},"kerningDict":{}}]],0,0,[0],[0],[0]],[[{"name":"freecontents","rect":[0,0,256,256],"offset":[0,0],"originalSize":[256,256],"capInsets":[0,0,0,0]}],[0],0,[0],[1],[1]]]]