[1,["ecpdLyjvZBwrvm+cedCcQy","880GIgWrJJo6G9Q0J4yDmb","184ae207e","a2MjXRFdtLlYQ5ouAFv/+R","83X+DMfjBDLrgdU9ChWkku","1dKi2tvX9NhIo4N/tgELko","22aksUkZVFqI9a5HFZ6A57","57kpdQS/ND0J0w4ayRXByK","0fVyNPEoJICrbaM+yw3zPX","150a726da"],["node","_spriteFrame","_N$file","_textureSetter","root","data","_parent","_N$dragonAsset","_N$dragonAtlasAsset"],[["cc.Node",["_name","_active","_opacity","_prefab","_trs","_children","_components","_contentSize","_parent","_color"],0,4,7,2,9,5,1,5],"cc.SpriteFrame",["cc.Widget",["_alignFlags","_originalWidth","_originalHeight","node"],0,1],["cc.PrefabInfo",["fileId","root"],2,1],["cc.Sprite",["_sizeMode","node","_materials","_spriteFrame"],2,1,3,6],["cc.Label",["_fontSize","_isSystemFontUsed","_N$horizontalAlign","_N$verticalAlign","_string","_spacingX","node","_materials","_N$file"],-3,1,3,6],["dragonBones.DragonBonesAsset",["_name","_dragonBonesJson"],1],["cc.Prefab",["_name"],2],["cc.BlockInputEvents",["node"],3,1],["cc.Button",["zoomScale","_N$transition","node"],1,1],["dragonBones.ArmatureDisplay",["_armatureName","_animationName","_preCacheMode","playTimes","_armatureKey","node","_materials","_N$dragonAsset","_N$dragonAtlasAsset"],-2,1,3,6,6]],[[3,0,1,2],[0,0,8,6,3,7,4,2],[0,0,8,5,6,3,7,4,2],[4,1,2,3,1],[5,0,1,5,2,3,6,7,8,6],[6,0,1,3],[7,0,2],[0,0,1,5,6,3,7,4,3],[0,0,2,8,6,3,9,7,3],[0,0,5,3,4,2],[0,0,8,5,3,4,2],[2,0,3,2],[2,0,1,2,3,4],[3,1,1],[4,0,1,2,3,2],[8,0,1],[9,0,1,2,3],[10,0,1,2,3,4,5,6,7,8,6],[5,4,0,1,2,3,6,7,8,6]],[[[{"name":"Star_img","rect":[173,349,226,74],"offset":[0,0],"originalSize":[226,74],"rotated":1,"capInsets":[0,0,0,0]}],[1],0,[0],[3],[2]],[[[5,"congratlaions_ske","{\"armature\":[{\"aabb\":{\"width\":2000,\"y\":-1124.732438829066,\"height\":2315,\"x\":-1000},\"ik\":[],\"skin\":[{\"name\":\"\",\"slot\":[{\"display\":[{\"path\":\"totalwin_shandian/21\",\"type\":\"image\",\"name\":\"totalwin_shandian/21\",\"transform\":{\"skY\":-120.1638,\"y\":11.4937,\"skX\":-120.1638,\"x\":16.7424}},{\"path\":\"totalwin_shandian/19\",\"type\":\"image\",\"name\":\"totalwin_shandian/19\",\"transform\":{\"skY\":-120.1638,\"y\":32.0882,\"skX\":-120.1638,\"x\":-0.7825}},{\"path\":\"totalwin_shandian/17\",\"type\":\"image\",\"name\":\"totalwin_shandian/17\",\"transform\":{\"skY\":-120.1638,\"y\":45.9146,\"skX\":-120.1638,\"x\":25.1805}},{\"path\":\"totalwin_shandian/15\",\"type\":\"image\",\"name\":\"totalwin_shandian/15\",\"transform\":{\"skY\":-120.1638,\"y\":66.2508,\"skX\":-120.1638,\"x\":26.0115}},{\"path\":\"totalwin_shandian/13\",\"type\":\"image\",\"name\":\"totalwin_shandian/13\",\"transform\":{\"skY\":-120.1638,\"y\":97.487,\"skX\":-120.1638,\"x\":45.8999}},{\"path\":\"totalwin_shandian/11\",\"type\":\"image\",\"name\":\"totalwin_shandian/11\",\"transform\":{\"skY\":-120.1638,\"y\":113.7332,\"skX\":-120.1638,\"x\":54.7634}},{\"path\":\"totalwin_shandian/9\",\"type\":\"image\",\"name\":\"totalwin_shandian/9\",\"transform\":{\"skY\":-120.1638,\"y\":144.0234,\"skX\":-120.1638,\"x\":68.3189}},{\"path\":\"totalwin_shandian/7\",\"type\":\"image\",\"name\":\"totalwin_shandian/7\",\"transform\":{\"skY\":-120.1638,\"y\":154.6315,\"skX\":-120.1638,\"x\":84.8936}},{\"path\":\"totalwin_shandian/5\",\"type\":\"image\",\"name\":\"totalwin_shandian/5\",\"transform\":{\"skY\":-120.1638,\"y\":170.9072,\"skX\":-120.1638,\"x\":89.726}},{\"path\":\"totalwin_shandian/3\",\"type\":\"image\",\"name\":\"totalwin_shandian/3\",\"transform\":{\"skY\":-120.1638,\"y\":172.8286,\"skX\":-120.1638,\"x\":98.3607}},{\"path\":\"totalwin_shandian/1\",\"type\":\"image\",\"name\":\"totalwin_shandian/1\",\"transform\":{\"skY\":-120.1638,\"y\":190.3198,\"skX\":-120.1638,\"x\":98.1165}},{\"path\":\"totalwin_shandian/2\",\"type\":\"image\",\"name\":\"totalwin_shandian/2\",\"transform\":{\"skY\":-120.1638,\"y\":170.3457,\"skX\":-120.1638,\"x\":98.6526}},{\"path\":\"totalwin_shandian/4\",\"type\":\"image\",\"name\":\"totalwin_shandian/4\",\"transform\":{\"skY\":-120.1638,\"y\":150.3422,\"skX\":-120.1638,\"x\":103.2198}},{\"path\":\"totalwin_shandian/6\",\"type\":\"image\",\"name\":\"totalwin_shandian/6\",\"transform\":{\"skY\":-120.1638,\"y\":149.2516,\"skX\":-120.1638,\"x\":74.249}},{\"path\":\"totalwin_shandian/8\",\"type\":\"image\",\"name\":\"totalwin_shandian/8\",\"transform\":{\"skY\":-120.1638,\"y\":156.3607,\"skX\":-120.1638,\"x\":85.8985}},{\"path\":\"totalwin_shandian/22\",\"type\":\"image\",\"name\":\"totalwin_shandian/22\",\"transform\":{\"skY\":-120.1638,\"y\":-5.7167,\"skX\":-120.1638,\"x\":12.5233}},{\"path\":\"totalwin_shandian/10\",\"type\":\"image\",\"name\":\"totalwin_shandian/10\",\"transform\":{\"skY\":-120.1638,\"y\":130.1492,\"skX\":-120.1638,\"x\":57.3642}},{\"path\":\"totalwin_shandian/12\",\"type\":\"image\",\"name\":\"totalwin_shandian/12\",\"transform\":{\"skY\":-120.1638,\"y\":97.1768,\"skX\":-120.1638,\"x\":54.3942}},{\"path\":\"totalwin_shandian/14\",\"type\":\"image\",\"name\":\"totalwin_shandian/14\",\"transform\":{\"skY\":-120.1638,\"y\":96.4484,\"skX\":-120.1638,\"x\":26.7904}},{\"path\":\"totalwin_shandian/16\",\"type\":\"image\",\"name\":\"totalwin_shandian/16\",\"transform\":{\"skY\":-120.1638,\"y\":65.2234,\"skX\":-120.1638,\"x\":13.8482}},{\"path\":\"totalwin_shandian/18\",\"type\":\"image\",\"name\":\"totalwin_shandian/18\",\"transform\":{\"skY\":-120.1638,\"y\":42.9475,\"skX\":-120.1638,\"x\":15.3598}},{\"path\":\"totalwin_shandian/20\",\"type\":\"image\",\"name\":\"totalwin_shandian/20\",\"transform\":{\"skY\":-120.1638,\"y\":31.3681,\"skX\":-120.1638,\"x\":21.353}}],\"name\":\"root\"},{\"display\":[{\"path\":\"shandian09/图层_5\",\"type\":\"image\",\"name\":\"shandian09/图层_5\",\"transform\":{\"skY\":-90,\"y\":-9.5,\"skX\":-90,\"x\":141.65}},{\"path\":\"shandian09/图层_3\",\"type\":\"image\",\"name\":\"shandian09/图层_3\",\"transform\":{\"skY\":-90,\"y\":7,\"skX\":-90,\"x\":143.65}},{\"path\":\"shandian09/图层_1\",\"type\":\"image\",\"name\":\"shandian09/图层_1\",\"transform\":{\"skY\":-90,\"y\":13.5,\"skX\":-90,\"x\":180.15}},{\"path\":\"shandian09/图层_2\",\"type\":\"image\",\"name\":\"shandian09/图层_2\",\"transform\":{\"skY\":-90,\"y\":-6,\"skX\":-90,\"x\":131.15}},{\"path\":\"shandian09/图层_4\",\"type\":\"image\",\"name\":\"shandian09/图层_4\",\"transform\":{\"skY\":-90,\"y\":-9,\"skX\":-90,\"x\":153.15}},{\"path\":\"shandian09/图层_6\",\"type\":\"image\",\"name\":\"shandian09/图层_6\",\"transform\":{\"skY\":-90,\"y\":8.5,\"skX\":-90,\"x\":135.65}}],\"name\":\"root1\"},{\"display\":[{\"path\":\"组198拷贝\",\"type\":\"image\",\"name\":\"组198拷贝\",\"transform\":{\"y\":163.1,\"x\":234.7}}],\"name\":\"组198拷贝\"},{\"display\":[{\"path\":\"zhousi01\",\"type\":\"image\",\"name\":\"zhousi01\",\"transform\":{\"skY\":-88.4263,\"y\":6.1076,\"skX\":-88.4263,\"x\":222.3161}}],\"name\":\"zhousi01\"},{\"display\":[{\"path\":\"组198拷贝\",\"type\":\"image\",\"name\":\"组198\",\"transform\":{\"skY\":-160.3334,\"y\":-38.3371,\"skX\":-160.3334,\"x\":38.9226}}],\"name\":\"组198\"},{\"display\":[{\"path\":\"yun/图层_4\",\"type\":\"image\",\"name\":\"yun/图层_4\",\"transform\":{\"skY\":-88.3518,\"y\":-11.0758,\"skX\":-88.3518,\"x\":61.8441}}],\"name\":\"图层_4\"},{\"display\":[{\"path\":\"shandian09/图层_5\",\"type\":\"image\",\"name\":\"shandian09/图层_5\",\"transform\":{\"skY\":-90,\"y\":-9.5,\"scX\":-1.2444,\"scY\":-1.2444,\"skX\":-90,\"x\":141.65}},{\"path\":\"shandian09/图层_3\",\"type\":\"image\",\"name\":\"shandian09/图层_3\",\"transform\":{\"skY\":-90,\"y\":7,\"skX\":-90,\"x\":143.65}},{\"path\":\"shandian09/图层_1\",\"type\":\"image\",\"name\":\"shandian09/图层_1\",\"transform\":{\"skY\":-90,\"y\":13.5,\"skX\":-90,\"x\":180.15}},{\"path\":\"shandian09/图层_2\",\"type\":\"image\",\"name\":\"shandian09/图层_2\",\"transform\":{\"skY\":-90,\"y\":-6,\"skX\":-90,\"x\":131.15}},{\"path\":\"shandian09/图层_4\",\"type\":\"image\",\"name\":\"shandian09/图层_4\",\"transform\":{\"skY\":-90,\"y\":-9,\"skX\":-90,\"x\":153.15}},{\"path\":\"shandian09/图层_6\",\"type\":\"image\",\"name\":\"shandian09/图层_6\",\"transform\":{\"skY\":-90,\"y\":8.5,\"skX\":-90,\"x\":135.65}}],\"name\":\"root11\"},{\"display\":[{\"path\":\"yun/图层_2\",\"type\":\"image\",\"name\":\"yun/图层_2\",\"transform\":{\"skY\":-89.1856,\"y\":-83.5838,\"skX\":-89.1856,\"x\":12.2892}}],\"name\":\"图层_2\"},{\"display\":[{\"path\":\"yun/图层_3\",\"type\":\"image\",\"name\":\"yun/图层_3\",\"transform\":{\"skY\":-88.5836,\"y\":119.3684,\"skX\":-88.5836,\"x\":47.814}}],\"name\":\"图层_3\"}]}],\"type\":\"Armature\",\"frameRate\":24,\"animation\":[{\"bone\":[{\"frame\":[{\"duration\":43,\"transform\":{}}],\"name\":\"root\"},{\"frame\":[{\"tweenEasing\":0,\"duration\":10,\"transform\":{}},{\"tweenEasing\":0,\"duration\":10,\"transform\":{\"y\":-5.1721}},{\"tweenEasing\":0,\"duration\":9,\"transform\":{\"y\":-1.1752}},{\"duration\":14,\"transform\":{\"y\":0.389}}],\"name\":\"zhousi01\"},{\"frame\":[{\"duration\":43,\"transform\":{}}],\"name\":\"组198\"},{\"frame\":[{\"tweenEasing\":0,\"duration\":2,\"transform\":{}},{\"tweenEasing\":0,\"duration\":2,\"transform\":{}},{\"tweenEasing\":0,\"duration\":2,\"transform\":{}},{\"tweenEasing\":0,\"duration\":2,\"transform\":{}},{\"tweenEasing\":0,\"duration\":2,\"transform\":{}},{\"tweenEasing\":0,\"duration\":2,\"transform\":{}},{\"tweenEasing\":0,\"duration\":2,\"transform\":{}},{\"tweenEasing\":0,\"duration\":2,\"transform\":{}},{\"tweenEasing\":0,\"duration\":2,\"transform\":{}},{\"tweenEasing\":0,\"duration\":2,\"transform\":{}},{\"tweenEasing\":0,\"duration\":2,\"transform\":{}},{\"tweenEasing\":0,\"duration\":2,\"transform\":{}},{\"tweenEasing\":0,\"duration\":2,\"transform\":{}},{\"tweenEasing\":0,\"duration\":2,\"transform\":{}},{\"tweenEasing\":0,\"duration\":2,\"transform\":{}},{\"tweenEasing\":0,\"duration\":2,\"transform\":{}},{\"tweenEasing\":0,\"duration\":2,\"transform\":{}},{\"tweenEasing\":0,\"duration\":2,\"transform\":{}},{\"tweenEasing\":0,\"duration\":2,\"transform\":{}},{\"tweenEasing\":0,\"duration\":2,\"transform\":{}},{\"tweenEasing\":0,\"duration\":2,\"transform\":{}},{\"duration\":1,\"transform\":{}}],\"name\":\"root1\"},{\"frame\":[{\"duration\":43,\"transform\":{}}],\"name\":\"root11\"},{\"frame\":[{\"duration\":43,\"transform\":{}}],\"name\":\"root111\"},{\"frame\":[{\"tweenEasing\":0,\"duration\":12,\"transform\":{\"x\":324.6741}},{\"tweenEasing\":0,\"duration\":12,\"transform\":{\"x\":362.3914}},{\"tweenEasing\":0,\"duration\":11,\"transform\":{\"x\":406.5817}},{\"tweenEasing\":0,\"duration\":8,\"transform\":{\"x\":455.2064}},{\"duration\":0,\"transform\":{\"x\":507.195}}],\"name\":\"图层_2\"},{\"frame\":[{\"tweenEasing\":0,\"duration\":16,\"transform\":{\"y\":-96.2429,\"x\":-472.0217}},{\"tweenEasing\":0,\"duration\":12,\"transform\":{\"y\":-109.3337,\"x\":-396.7355}},{\"tweenEasing\":0,\"duration\":15,\"transform\":{\"y\":-118.5568,\"x\":-324.0625}},{\"duration\":0,\"transform\":{\"y\":-123.8097,\"x\":-224.1628}}],\"name\":\"图层_3\"},{\"frame\":[{\"tweenEasing\":0,\"duration\":10,\"transform\":{\"y\":126.4547}},{\"tweenEasing\":0,\"duration\":25,\"transform\":{\"y\":126.4547,\"x\":156.4756}},{\"tweenEasing\":0,\"duration\":8,\"transform\":{\"y\":126.4547,\"x\":460.0994}},{\"duration\":0,\"transform\":{\"y\":126.4547,\"x\":582.6295}}],\"name\":\"图层_4\"},{\"frame\":[{\"duration\":43,\"transform\":{}}],\"name\":\"组198拷贝\"}],\"ffd\":[],\"duration\":43,\"playTimes\":0,\"frame\":[],\"slot\":[{\"frame\":[{\"tweenEasing\":null,\"displayIndex\":10,\"duration\":2},{\"displayIndex\":11,\"tweenEasing\":null,\"duration\":2},{\"displayIndex\":9,\"tweenEasing\":null,\"duration\":2},{\"displayIndex\":12,\"tweenEasing\":null,\"duration\":2},{\"displayIndex\":8,\"tweenEasing\":null,\"duration\":2},{\"displayIndex\":13,\"tweenEasing\":null,\"duration\":2},{\"displayIndex\":7,\"tweenEasing\":null,\"duration\":2},{\"displayIndex\":14,\"tweenEasing\":null,\"duration\":2},{\"displayIndex\":6,\"tweenEasing\":null,\"duration\":2},{\"displayIndex\":16,\"tweenEasing\":null,\"duration\":2},{\"displayIndex\":5,\"tweenEasing\":null,\"duration\":2},{\"displayIndex\":17,\"tweenEasing\":null,\"duration\":2},{\"displayIndex\":4,\"tweenEasing\":null,\"duration\":2},{\"displayIndex\":18,\"tweenEasing\":null,\"duration\":2},{\"displayIndex\":3,\"tweenEasing\":null,\"duration\":2},{\"displayIndex\":19,\"tweenEasing\":null,\"duration\":2},{\"displayIndex\":2,\"tweenEasing\":null,\"duration\":2},{\"displayIndex\":20,\"tweenEasing\":null,\"duration\":2},{\"displayIndex\":1,\"tweenEasing\":null,\"duration\":2},{\"displayIndex\":21,\"tweenEasing\":null,\"duration\":2},{\"tweenEasing\":null,\"duration\":2},{\"displayIndex\":15,\"tweenEasing\":null,\"duration\":1}],\"name\":\"root\"},{\"frame\":[{\"displayIndex\":2,\"tweenEasing\":null,\"duration\":3},{\"displayIndex\":3,\"tweenEasing\":null,\"duration\":2},{\"displayIndex\":1,\"tweenEasing\":null,\"duration\":3},{\"displayIndex\":4,\"tweenEasing\":null,\"duration\":4},{\"tweenEasing\":null,\"duration\":2},{\"displayIndex\":5,\"tweenEasing\":null,\"duration\":3},{\"displayIndex\":2,\"tweenEasing\":null,\"duration\":2},{\"displayIndex\":3,\"tweenEasing\":null,\"duration\":3},{\"displayIndex\":1,\"tweenEasing\":null,\"duration\":3},{\"displayIndex\":4,\"tweenEasing\":null,\"duration\":3},{\"tweenEasing\":null,\"duration\":2},{\"displayIndex\":5,\"tweenEasing\":null,\"duration\":2},{\"displayIndex\":3,\"tweenEasing\":null,\"duration\":3},{\"displayIndex\":1,\"tweenEasing\":null,\"duration\":3},{\"displayIndex\":4,\"tweenEasing\":null,\"duration\":3},{\"tweenEasing\":null,\"duration\":2},{\"displayIndex\":5,\"tweenEasing\":null,\"duration\":0}],\"name\":\"root1\"},{\"frame\":[{\"displayIndex\":2,\"tweenEasing\":null,\"duration\":4},{\"displayIndex\":3,\"tweenEasing\":null,\"duration\":2},{\"displayIndex\":1,\"tweenEasing\":null,\"duration\":5},{\"displayIndex\":4,\"tweenEasing\":null,\"duration\":5},{\"tweenEasing\":null,\"duration\":3},{\"displayIndex\":5,\"tweenEasing\":null,\"duration\":5},{\"displayIndex\":2,\"tweenEasing\":null,\"duration\":2},{\"displayIndex\":3,\"tweenEasing\":null,\"duration\":4},{\"displayIndex\":1,\"tweenEasing\":null,\"duration\":4},{\"displayIndex\":4,\"tweenEasing\":null,\"duration\":3},{\"tweenEasing\":null,\"duration\":4},{\"displayIndex\":5,\"tweenEasing\":null,\"duration\":2},{\"displayIndex\":3,\"tweenEasing\":null,\"duration\":0}],\"name\":\"root11\"},{\"frame\":[{\"tweenEasing\":0,\"duration\":12,\"color\":{\"aM\":0}},{\"tweenEasing\":0,\"duration\":31},{\"tweenEasing\":null,\"duration\":0,\"color\":{\"aM\":0}}],\"name\":\"图层_2\"},{\"frame\":[{\"tweenEasing\":0,\"duration\":6,\"color\":{\"aM\":0}},{\"tweenEasing\":0,\"duration\":10},{\"tweenEasing\":0,\"duration\":27},{\"tweenEasing\":null,\"duration\":0,\"color\":{\"aM\":0}}],\"name\":\"图层_3\"},{\"frame\":[{\"tweenEasing\":0,\"duration\":10,\"color\":{\"aM\":0}},{\"tweenEasing\":0,\"duration\":25,\"color\":{\"aM\":33}},{\"tweenEasing\":0,\"duration\":8,\"color\":{\"aM\":33}},{\"tweenEasing\":null,\"duration\":0,\"color\":{\"aM\":0}}],\"name\":\"图层_4\"}],\"ik\":[],\"name\":\"newAnimation\"}],\"bone\":[{\"name\":\"root\",\"transform\":{}},{\"length\":72,\"transform\":{\"skY\":88.4263,\"y\":-22.8324,\"scX\":0.25,\"scY\":0.25,\"skX\":88.4263},\"parent\":\"root\",\"name\":\"zhousi01\"},{\"length\":136,\"transform\":{\"skY\":160.3334,\"y\":0.1825,\"scX\":0.4248,\"scY\":0.4248,\"skX\":160.3334,\"x\":19.7334},\"parent\":\"root\",\"name\":\"组198\"},{\"length\":17,\"transform\":{\"skY\":120.1638,\"y\":-38.8918,\"scX\":1.15,\"scY\":1.15,\"skX\":120.1638,\"x\":136.5778},\"parent\":\"root\",\"name\":\"root1\"},{\"length\":35,\"transform\":{\"skY\":90,\"y\":-138.9566,\"scX\":0.6,\"scY\":0.6,\"skX\":90,\"x\":52.1792},\"parent\":\"root\",\"name\":\"root11\"},{\"length\":35,\"transform\":{\"skY\":90,\"y\":-144.5538,\"scX\":0.6,\"scY\":0.6,\"skX\":90,\"x\":-92.0599},\"parent\":\"root\",\"name\":\"root111\"},{\"length\":70,\"transform\":{\"skY\":89.1856,\"y\":98.9,\"skX\":89.1856,\"x\":-380.25},\"parent\":\"root\",\"name\":\"图层_2\"},{\"length\":123,\"transform\":{\"skY\":88.5836,\"y\":64.25,\"skX\":88.5836,\"x\":349.65},\"parent\":\"root\",\"name\":\"图层_3\"},{\"length\":106,\"transform\":{\"skY\":88.3518,\"y\":-80.5,\"skX\":88.3518,\"x\":-253.85},\"parent\":\"root\",\"name\":\"图层_4\"},{\"length\":422,\"transform\":{\"y\":-163.1,\"x\":-234.7},\"parent\":\"root\",\"name\":\"组198拷贝\"}],\"defaultActions\":[{\"gotoAndPlay\":\"newAnimation\"}],\"slot\":[{\"name\":\"图层_3\",\"parent\":\"图层_3\",\"color\":{\"aM\":25}},{\"z\":1,\"name\":\"root11\",\"parent\":\"root111\",\"color\":{}},{\"z\":2,\"name\":\"zhousi01\",\"parent\":\"zhousi01\",\"color\":{}},{\"z\":3,\"name\":\"root1\",\"parent\":\"root11\",\"color\":{}},{\"z\":4,\"name\":\"图层_2\",\"parent\":\"图层_2\",\"color\":{\"aM\":27}},{\"z\":5,\"name\":\"图层_4\",\"parent\":\"图层_4\",\"color\":{\"aM\":31}},{\"z\":6,\"name\":\"组198\",\"parent\":\"组198\",\"color\":{}},{\"z\":7,\"displayIndex\":-1,\"name\":\"组198拷贝\",\"parent\":\"组198拷贝\",\"color\":{}},{\"z\":8,\"displayIndex\":10,\"name\":\"root\",\"parent\":\"root1\",\"color\":{}}],\"name\":\"Armature\"}],\"frameRate\":24,\"name\":\"congratlaions\",\"version\":\"5.0\",\"isGlobal\":0}"]],0,0,[],[],[]],[[[6,"freespinNode"],[7,"freespinNode",false,[-3,-4],[[11,45,-2]],[13,-1],[5,1520,720],[760,360,0,0,0,0,1,1,1,1]],[8,"bg",160,1,[[14,0,-5,[0],1],[12,45,100,100,-6],[15,-7]],[0,"b97DKNeNZDYKzSN3v5KGrU",1],[4,4278190080],[5,1520,720]],[9,"freeConten",[-8,-9,-10],[0,"c71FSc8DRNi5WWfZcc+kOX",1],[37.193,-7.213,0,0,0,0,1,1,1,1]],[2,"freeStartBtn",3,[-13],[[3,-11,[9],10],[16,1.1,3,-12]],[0,"e9O8Eq0Q5PXYi2euoYEL75",1],[5,226,74],[-34.936,-292.141,0,0,0,0,1,1,1,0]],[10,"node",1,[-14,3],[0,"fcWemAL/FJPZ0+WjpYvxX/",1],[0,16.88,0,0,0,0,1,1,1,1]],[2,"freeSpinAni",5,[-16],[[17,"Armature","newAnimation",0,0,"1d2a2dad-bd7f-4d84-8a38-37fb6010b928#226a4b14-9195-45a8-8f5a-e47159e80e7b",-15,[4],5,6]],[0,"47xq1Y+zBNja2a9tfr8HtK",1],[5,2000,2315],[0,-66.015,0,0,0,0,1,2.4,2.4,1]],[1,"freein_6",6,[[3,-17,[2],3]],[0,"83rnYs3XBEGrNwcYtOZw/A",1],[5,269,148],[3.279,-42.232,0,0,0,0,1,0.4,0.4,0.5]],[1,"freeSpinTimeLabel",4,[[18,"5",28,false,1,1,-18,[7],8]],[0,"34Dwllg0dOYqYpaNCn95VP",1],[5,16.63,40],[38.197,25.608,0,0,0,0,1,1,1,1]],[1,"getFreeCountLabel",3,[[4,24,false,-40,1,1,-19,[11],12]],[0,"65HyhxvEpLDa9T3lZbJRlA",1],[5,43.5,40],[-19.246,-107.404,0,0,0,0,1,1,1,1]],[1,"machLabel",3,[[4,24,false,-40,1,1,-20,[13],14]],[0,"8cF2fKXGZHQ6MlQfl5DV8N",1],[5,40.5,40],[55.157,-167.182,0,0,0,0,1,1,1,1]]],0,[0,4,1,0,0,1,0,-1,2,0,-2,5,0,0,2,0,0,2,0,0,2,0,-1,4,0,-2,9,0,-3,10,0,0,4,0,0,4,0,-1,8,0,-1,6,0,0,6,0,-1,7,0,0,7,0,0,8,0,0,9,0,0,10,0,5,1,3,6,5,20],[0,0,0,0,0,0,0,0,0,0,0,0,0,0,0],[-1,1,-1,1,-1,7,8,-1,2,-1,1,-1,2,-1,2],[0,3,0,4,0,5,6,0,7,0,8,0,1,0,1]],[[{"name":"youget","rect":[872,712,269,147],"offset":[0,0.5],"originalSize":[269,148],"rotated":1,"capInsets":[0,0,0,0]}],[1],0,[0],[3],[9]]]]