[1,["51nH0gF3xJsogeGZ+nk/CV"],["_textureSetter"],["cc.SpriteFrame"],0,[[[{"name":"xiangshen_00037","rect":[204,406,200,500],"offset":[0,0],"originalSize":[200,500],"rotated":1,"capInsets":[0,0,0,0]}],[0],0,[0],[0],[0]],[[{"name":"xiangshen_00038","rect":[1208,204,200,500],"offset":[0,0],"originalSize":[200,500],"rotated":1,"capInsets":[0,0,0,0]}],[0],0,[0],[0],[0]],[[{"name":"xiangshen_00032","rect":[1710,504,200,500],"offset":[0,0],"originalSize":[200,500],"capInsets":[0,0,0,0]}],[0],0,[0],[0],[0]],[[{"name":"xiangshen_00031","rect":[204,1006,200,500],"offset":[0,0],"originalSize":[200,500],"capInsets":[0,0,0,0]}],[0],0,[0],[0],[0]],[[{"name":"xiangshen_00042","rect":[1208,608,192,500],"offset":[4,0],"originalSize":[200,500],"rotated":1,"capInsets":[0,0,0,0]}],[0],0,[0],[0],[0]],[[{"name":"xiangshen_00045","rect":[1710,2,200,500],"offset":[0,0],"originalSize":[200,500],"capInsets":[0,0,0,0]}],[0],0,[0],[0],[0]],[[{"name":"xiangshen_00050","rect":[2,1006,200,500],"offset":[0,0],"originalSize":[200,500],"capInsets":[0,0,0,0]}],[0],0,[0],[0],[0]],[[{"name":"xiangshen_00052","rect":[2,2,200,500],"offset":[0,0],"originalSize":[200,500],"capInsets":[0,0,0,0]}],[0],0,[0],[0],[0]],[[{"name":"xiangshen_00030","rect":[204,1508,200,500],"offset":[0,0],"originalSize":[200,500],"capInsets":[0,0,0,0]}],[0],0,[0],[0],[0]],[[{"name":"xiangshen_00034","rect":[706,406,200,500],"offset":[0,0],"originalSize":[200,500],"rotated":1,"capInsets":[0,0,0,0]}],[0],0,[0],[0],[0]],[[{"name":"xiangshen_00048","rect":[204,2,200,500],"offset":[0,0],"originalSize":[200,500],"rotated":1,"capInsets":[0,0,0,0]}],[0],0,[0],[0],[0]],[[{"name":"xiangshen_00033","rect":[1208,406,200,500],"offset":[0,0],"originalSize":[200,500],"rotated":1,"capInsets":[0,0,0,0]}],[0],0,[0],[0],[0]],[[{"name":"xiangshen_00047","rect":[706,2,200,500],"offset":[0,0],"originalSize":[200,500],"rotated":1,"capInsets":[0,0,0,0]}],[0],0,[0],[0],[0]],[[{"name":"xiangshen_00036","rect":[204,806,194,500],"offset":[-3,0],"originalSize":[200,500],"rotated":1,"capInsets":[0,0,0,0]}],[0],0,[0],[0],[0]],[[{"name":"xiangshen_00035","rect":[706,802,188,500],"offset":[1,0],"originalSize":[200,500],"rotated":1,"capInsets":[0,0,0,0]}],[0],0,[0],[0],[0]],[[{"name":"xiangshen_00051","rect":[2,504,200,500],"offset":[0,0],"originalSize":[200,500],"capInsets":[0,0,0,0]}],[0],0,[0],[0],[0]],[[{"name":"xiangshen_00049","rect":[2,1508,200,500],"offset":[0,0],"originalSize":[200,500],"capInsets":[0,0,0,0]}],[0],0,[0],[0],[0]],[[{"name":"xiangshen_00040","rect":[204,608,196,500],"offset":[-2,0],"originalSize":[200,500],"rotated":1,"capInsets":[0,0,0,0]}],[0],0,[0],[0],[0]],[[{"name":"xiangshen_00044","rect":[204,204,200,500],"offset":[0,0],"originalSize":[200,500],"rotated":1,"capInsets":[0,0,0,0]}],[0],0,[0],[0],[0]],[[{"name":"xiangshen_00039","rect":[706,204,200,500],"offset":[0,0],"originalSize":[200,500],"rotated":1,"capInsets":[0,0,0,0]}],[0],0,[0],[0],[0]],[[{"name":"xiangshen_00041","rect":[1208,802,184,500],"offset":[8,0],"originalSize":[200,500],"rotated":1,"capInsets":[0,0,0,0]}],[0],0,[0],[0],[0]],[[{"name":"xiangshen_00046","rect":[1208,2,200,500],"offset":[0,0],"originalSize":[200,500],"rotated":1,"capInsets":[0,0,0,0]}],[0],0,[0],[0],[0]],[[{"name":"xiangshen_00043","rect":[706,608,192,500],"offset":[4,0],"originalSize":[200,500],"rotated":1,"capInsets":[0,0,0,0]}],[0],0,[0],[0],[0]]]]