[1,["dd54nCvkRDK4vFcyXMh2wI"],["_texture"],[["dragonBones.DragonBonesAtlasAsset",["_name","_atlasJson"],1]],[[0,0,1,3]],[[0,"bigwin-fb_tex","{\"width\":1024,\"SubTexture\":[{\"width\":289,\"y\":1,\"height\":344,\"name\":\"bigwin-fb/cb1\",\"x\":661},{\"width\":289,\"y\":1,\"height\":344,\"name\":\"bigwin-fb/cb2\",\"x\":370},{\"width\":237,\"y\":347,\"height\":236,\"name\":\"bigwin-fb/qiu2\",\"x\":780},{\"width\":367,\"y\":1,\"height\":350,\"name\":\"bigwin-fb/ggggg\",\"x\":1},{\"width\":323,\"y\":511,\"height\":209,\"name\":\"bigwin-fb/win\",\"x\":1},{\"width\":308,\"y\":722,\"height\":215,\"name\":\"bigwin-fb/big\",\"x\":1},{\"width\":777,\"y\":353,\"height\":156,\"name\":\"bigwin-fb/jtou\",\"x\":1},{\"width\":218,\"y\":585,\"height\":248,\"name\":\"ggg\",\"x\":780},{\"frameX\":-5,\"y\":835,\"frameY\":0,\"frameWidth\":94,\"width\":89,\"frameHeight\":122,\"height\":122,\"name\":\"JACKPOT-fb/shua\",\"x\":311}],\"height\":1024,\"name\":\"bigwin-fb\",\"imagePath\":\"bigwin-fb_tex.png\"}"]],0,0,[0],[0],[0]]