[1,["2f+js0ew5JBK+HsYnWpoxI"],["_texture"],[["dragonBones.DragonBonesAtlasAsset",["_name","_atlasJson"],1]],[[0,0,1,3]],[[0,"xiaohuojianrukou_tex","{\"width\":512,\"SubTexture\":[{\"width\":162,\"y\":1,\"height\":162,\"name\":\"xiaohuojian/guang\",\"x\":1},{\"width\":126,\"y\":1,\"height\":123,\"name\":\"xiaohuojian/guangdian\",\"x\":165},{\"width\":38,\"y\":327,\"height\":29,\"name\":\"xiaohuojian/jinbi3\",\"x\":472},{\"width\":103,\"y\":1,\"height\":104,\"name\":\"xiaohuojian/4\",\"x\":408},{\"width\":107,\"y\":114,\"height\":107,\"name\":\"xiaohuojian/5\",\"x\":404},{\"width\":103,\"y\":223,\"height\":102,\"name\":\"xiaohuojian/6\",\"x\":404},{\"width\":99,\"y\":327,\"height\":93,\"name\":\"xiaohuojian/1\",\"x\":371},{\"width\":109,\"y\":114,\"height\":108,\"name\":\"xiaohuojian/7\",\"x\":293},{\"width\":102,\"y\":224,\"height\":98,\"name\":\"xiaohuojian/2\",\"x\":269},{\"width\":113,\"y\":1,\"height\":111,\"name\":\"xiaohuojian/8\",\"x\":293},{\"width\":102,\"y\":126,\"height\":102,\"name\":\"xiaohuojian/3\",\"x\":165},{\"width\":100,\"y\":324,\"height\":95,\"name\":\"xiaohuojian/feiji\",\"x\":269},{\"width\":46,\"y\":461,\"height\":46,\"name\":\"xiaohuojian/g3\",\"x\":1},{\"width\":20,\"y\":488,\"height\":20,\"name\":\"xiaohuojian/g4\",\"x\":444},{\"width\":65,\"y\":422,\"height\":64,\"name\":\"xiaohuojian/g2\",\"x\":444},{\"width\":71,\"y\":422,\"height\":73,\"name\":\"xiaohuojian/g1\",\"x\":371},{\"width\":27,\"y\":385,\"height\":25,\"name\":\"xiaohuojian/jinbi\",\"x\":472},{\"width\":27,\"y\":358,\"height\":25,\"name\":\"xiaohuojian/jinbi2\",\"x\":472},{\"width\":102,\"y\":421,\"height\":38,\"name\":\"xiaohuojian/Crash\",\"x\":1}],\"height\":512,\"name\":\"xiaohuojianrukou\",\"imagePath\":\"xiaohuojianrukou_tex.png\"}"]],0,0,[0],[0],[0]]