[1,["07xXO+RJ5LaY+P+mAfhLqj","3a+h5JouBIyoeiwDUHjmzX"],["_textureSetter","spriteFrame"],["cc.SpriteFrame",["cc.BitmapFont",["_name","fontSize","_fntConfig"],0]],[[1,0,1,2,4]],[[[{"name":"img_top_value-export","rect":[0,0,226,252],"offset":[-15,2],"originalSize":[256,256],"capInsets":[0,0,0,0]}],[0],0,[0],[0],[0]],[[[0,"img_top_value-export",32,{"commonHeight":45,"fontSize":32,"atlasName":"C:\\Users\\40315\\Desktop\\ziti\\新建文件夹\\新建文件夹\\img_top_value-export.png","fontDefDictionary":{"9":{"xOffset":0,"yOffset":0,"xAdvance":104,"rect":{"x":0,"y":0,"width":0,"height":0}},"32":{"xOffset":0,"yOffset":0,"xAdvance":13,"rect":{"x":0,"y":0,"width":0,"height":0}},"44":{"xOffset":0,"yOffset":23,"xAdvance":28,"rect":{"x":0,"y":220,"width":27,"height":32}},"46":{"xOffset":0,"yOffset":23,"xAdvance":26,"rect":{"x":28,"y":220,"width":25,"height":23}},"48":{"xOffset":0,"yOffset":-9,"xAdvance":52,"rect":{"x":52,"y":108,"width":51,"height":55}},"49":{"xOffset":0,"yOffset":-8,"xAdvance":33,"rect":{"x":194,"y":111,"width":32,"height":53}},"50":{"xOffset":0,"yOffset":-9,"xAdvance":45,"rect":{"x":152,"y":56,"width":44,"height":54}},"51":{"xOffset":0,"yOffset":-9,"xAdvance":46,"rect":{"x":107,"y":0,"width":45,"height":55}},"52":{"xOffset":0,"yOffset":-8,"xAdvance":49,"rect":{"x":58,"y":54,"width":48,"height":53}},"53":{"xOffset":0,"yOffset":-8,"xAdvance":48,"rect":{"x":104,"y":108,"width":47,"height":54}},"54":{"xOffset":0,"yOffset":-9,"xAdvance":48,"rect":{"x":100,"y":164,"width":47,"height":55}},"55":{"xOffset":0,"yOffset":-8,"xAdvance":45,"rect":{"x":153,"y":0,"width":44,"height":53}},"56":{"xOffset":0,"yOffset":-9,"xAdvance":52,"rect":{"x":0,"y":162,"width":51,"height":55}},"57":{"xOffset":0,"yOffset":-9,"xAdvance":48,"rect":{"x":52,"y":164,"width":47,"height":55}},"66":{"xOffset":0,"yOffset":-8,"xAdvance":52,"rect":{"x":0,"y":108,"width":51,"height":53}},"75":{"xOffset":0,"yOffset":-8,"xAdvance":58,"rect":{"x":0,"y":54,"width":57,"height":53}},"77":{"xOffset":0,"yOffset":-8,"xAdvance":66,"rect":{"x":0,"y":0,"width":65,"height":53}},"82":{"xOffset":0,"yOffset":3,"xAdvance":43,"rect":{"x":107,"y":56,"width":42,"height":42}},"83":{"xOffset":0,"yOffset":-1,"xAdvance":38,"rect":{"x":66,"y":0,"width":37,"height":48}},"84":{"xOffset":0,"yOffset":-8,"xAdvance":46,"rect":{"x":148,"y":163,"width":45,"height":53}}},"kerningDict":{}}]],0,0,[0],[1],[1]]]]