[1,["9czKVaiklFCaz68Cu6IzTq"],["_texture"],[["dragonBones.DragonBonesAtlasAsset",["_name","_atlasJson"],1]],[[0,0,1,3]],[[0,"LuckyRoulette_tex","{\"width\":512,\"SubTexture\":[{\"width\":275,\"y\":1,\"height\":190,\"name\":\"Luckyroulette/bgbg\",\"x\":1},{\"width\":263,\"y\":193,\"height\":141,\"name\":\"Luckyroulette/lunpang\",\"x\":1},{\"width\":232,\"y\":1,\"height\":41,\"name\":\"Luckyroulette/LuckyRoulette\",\"x\":278},{\"width\":126,\"y\":44,\"height\":29,\"name\":\"Luckyroulette/renshu\",\"x\":278},{\"width\":176,\"y\":193,\"height\":169,\"name\":\"Luckyroulette/xxx\",\"x\":266}],\"height\":512,\"name\":\"LuckyRoulette\",\"imagePath\":\"LuckyRoulette_tex.png\"}"]],0,0,[0],[0],[0]]