[1,["ecpdLyjvZBwrvm+cedCcQy","a6TFtIS9RE/4CvpQqXrjsX","b6+GhGX5pJP7jie6nf+8wR","b1TuLaPMlGoKXbYYR+x5b9","34i+94P01NFrTU3Od90kF1","986XDjxUNLb6YmqdM/P5GN","559/x1tU1LfKWRxDCRKJTI","be09C90MhAjYVgOQEhrPRN","55SIww+rdM+LwKpn9u7cv2"],["node","_spriteFrame","_textureSetter","root","collectBtnNode","awardLabelNode","data","_N$file","_normalMaterial"],[["cc.Node",["_name","_opacity","_components","_prefab","_contentSize","_parent","_trs","_children","_color"],1,9,4,5,1,7,2,5],"cc.SpriteFrame",["cc.Sprite",["_sizeMode","_dstBlendFactor","_isTrimmedMode","node","_materials","_spriteFrame"],0,1,3,6],["cc.Widget",["_alignFlags","_originalWidth","_originalHeight","_left","_right","_top","_bottom","node"],-4,1],["cc.PrefabInfo",["fileId","root","asset"],2,1,1],["cc.Button",["_N$enableAutoGrayEffect","_N$transition","node","clickEvents","_normalMaterial"],1,1,9,6],["cc.Prefab",["_name"],2],["f23339k6ZVPN54FHOH5A3YX",["node","awardLabelNode","collectBtnNode"],3,1,1,1],["cc.Layout",["_resize","_N$layoutType","_N$affectedByScale","node","_layoutSize"],0,1,5],["cc.ClickEvent",["_componentId","handler","target"],1,1],["cc.Label",["_string","_fontSize","_isSystemFontUsed","_N$horizontalAlign","_N$verticalAlign","node","_materials","_N$file"],-2,1,3,6]],[[4,0,1,2,2],[0,0,5,2,3,4,6,2],[0,0,5,7,2,3,4,6,2],[0,0,5,2,3,4,2],[3,0,1,2,7,4],[2,3,4,5,1],[9,0,1,2,3],[6,0,2],[0,0,7,2,3,8,4,6,2],[0,0,1,5,2,3,4,3],[3,0,3,4,5,6,7,6],[7,0,1,2,1],[4,1,2,1],[8,0,1,2,3,4,4],[2,0,3,4,5,2],[2,1,0,2,3,4,5,4],[5,0,2,3,4,2],[5,1,2,3,2],[10,0,1,2,3,4,5,6,7,6]],[[[{"name":"01","rect":[0,0,978,559],"offset":[0,0],"originalSize":[978,559],"capInsets":[0,0,0,0]}],[1],0,[0],[2],[1]],[[{"name":"03","rect":[0,0,345,86],"offset":[0,0],"originalSize":[345,86],"capInsets":[0,0,0,0]}],[1],0,[0],[2],[2]],[[{"name":"coin1","rect":[0,0,92,92],"offset":[0,0],"originalSize":[92,92],"capInsets":[0,0,0,0]}],[1],0,[0],[2],[3]],[[[7,"FisrtLaunch"],[8,"FisrtLaunch",[-6,-7,-8,-9,-10,-11],[[4,45,1000,600,-2],[11,-5,-4,-3]],[12,-1,0],[4,4283914205],[5,1520,720],[760,360,0,0,0,0,1,1,1,1]],[2,"New Layout",1,[-13,-14],[[13,1,1,true,-12,[5,310.08,150]]],[0,"8dClV7fqhDTLPQH59upNs9",1,0],[5,310.08,150],[-0.367,-135.767,0,0,0,0,1,1,1,1]],[1,"collectBtn",1,[[14,2,-15,[8],9],[16,true,-16,[[6,"f23339k6ZVPN54FHOH5A3YX","collectAward",1]],10]],[0,"a1zIsJaLNKlodXGxxl6BI3",1,0],[5,345,86],[0,-225.279,0,0,0,0,1,1,1,1]],[2,"dismiss",1,[-18],[[17,3,-17,[[6,"f23339k6ZVPN54FHOH5A3YX","closeLayer",1]]]],[0,"b3vtwrGFNOwZ1b0Hw1gal+",1,0],[5,62,62],[456.129,249.418,0,0,0,0,1,1,1,0]],[1,"awardNum",2,[[18,"01234",65,false,1,1,-19,[6],7]],[0,"26kJT5iB5NXrmqctp4QAW7",1,0],[5,236.48,40],[36.800000000000026,0,0,0,0,0,1,1,1,1]],[9,"first_launch",80,1,[[4,45,360,640,-20]],[0,"c6FpeEd9JBwq2FeRw+UnMF",1,0],[5,1520,720]],[3,"first",1,[[5,-21,[0],1]],[0,"cdCf4TQf9BRrHdJG4UAv6h",1,0],[5,978,559]],[3,"New Sprite",4,[[15,1,2,false,-22,[2],3]],[0,"42tplt+otGvaKRG9yCaW5s",1,0],[5,35,35]],[1,"New Sprite",2,[[5,-23,[4],5]],[0,"11gOGyOslGh4NxaT2DDBOq",1,0],[5,92,92],[-118.23999999999998,0,0,0,0,0,1,0.8,0.8,1]],[1,"collectMask",1,[[10,45,576.05,558.25,531.95,92.95000000000009,-24]],[0,"54WjxpajRJZIfbmgH/Usk6",1,0],[5,385.70000000000005,95.09999999999985],[8.899999999999977,-219.49999999999997,0,0,0,0,1,1,1,1]]],0,[0,3,1,0,0,1,0,4,3,0,5,5,0,0,1,0,-1,6,0,-2,7,0,-3,4,0,-4,2,0,-5,3,0,-6,10,0,0,2,0,-1,9,0,-2,5,0,0,3,0,0,3,0,0,4,0,-1,8,0,0,5,0,0,6,0,0,7,0,0,8,0,0,9,0,0,10,0,6,1,24],[0,0,0,0,0,0,0,0,0,0,0],[-1,1,-1,1,-1,1,-1,7,-1,1,8],[0,4,0,5,0,6,0,7,0,8,0]]]]