[1,["bdnWHxQmJDIZK3O/SBNjkV","06i4C3L05KXJm+4doO/t/Z"],["spriteFrame","_textureSetter"],["cc.SpriteFrame",["cc.BitmapFont",["_name","fontSize","_fntConfig"],0]],[[1,0,1,2,4]],[[[[0,"hall_y_fnt",32,{"commonHeight":45,"fontSize":32,"atlasName":"C:\\Users\\40315\\Desktop\\ziti\\hall_y_fnt.png","fontDefDictionary":{"9":{"xOffset":0,"yOffset":0,"xAdvance":104,"rect":{"x":0,"y":0,"width":0,"height":0}},"32":{"xOffset":0,"yOffset":0,"xAdvance":13,"rect":{"x":0,"y":0,"width":0,"height":0}},"43":{"xOffset":0,"yOffset":29,"xAdvance":17,"rect":{"x":23,"y":0,"width":16,"height":16}},"44":{"xOffset":0,"yOffset":36,"xAdvance":10,"rect":{"x":36,"y":115,"width":9,"height":12}},"45":{"xOffset":0,"yOffset":32,"xAdvance":13,"rect":{"x":36,"y":105,"width":12,"height":9}},"46":{"xOffset":0,"yOffset":36,"xAdvance":10,"rect":{"x":38,"y":17,"width":9,"height":9}},"48":{"xOffset":0,"yOffset":25,"xAdvance":18,"rect":{"x":0,"y":84,"width":17,"height":20}},"49":{"xOffset":0,"yOffset":25,"xAdvance":14,"rect":{"x":36,"y":84,"width":13,"height":20}},"50":{"xOffset":0,"yOffset":25,"xAdvance":18,"rect":{"x":18,"y":63,"width":17,"height":20}},"51":{"xOffset":0,"yOffset":25,"xAdvance":18,"rect":{"x":20,"y":21,"width":17,"height":20}},"52":{"xOffset":0,"yOffset":25,"xAdvance":18,"rect":{"x":18,"y":105,"width":17,"height":20}},"53":{"xOffset":0,"yOffset":25,"xAdvance":18,"rect":{"x":19,"y":42,"width":17,"height":20}},"54":{"xOffset":0,"yOffset":25,"xAdvance":17,"rect":{"x":37,"y":42,"width":16,"height":20}},"55":{"xOffset":0,"yOffset":25,"xAdvance":17,"rect":{"x":36,"y":63,"width":16,"height":20}},"56":{"xOffset":0,"yOffset":25,"xAdvance":18,"rect":{"x":18,"y":84,"width":17,"height":20}},"57":{"xOffset":0,"yOffset":25,"xAdvance":18,"rect":{"x":0,"y":105,"width":17,"height":20}},"66":{"xOffset":0,"yOffset":25,"xAdvance":19,"rect":{"x":0,"y":42,"width":18,"height":20}},"75":{"xOffset":0,"yOffset":25,"xAdvance":20,"rect":{"x":0,"y":21,"width":19,"height":20}},"77":{"xOffset":0,"yOffset":25,"xAdvance":23,"rect":{"x":0,"y":0,"width":22,"height":20}},"84":{"xOffset":0,"yOffset":25,"xAdvance":18,"rect":{"x":0,"y":63,"width":17,"height":20}}},"kerningDict":{}}]],0,0,[0],[0],[0]],[[{"name":"hall_y_fnt","rect":[0,0,53,127],"offset":[-5.5,0.5],"originalSize":[64,128],"capInsets":[0,0,0,0]}],[0],0,[0],[1],[1]]]]